date,Close,High,Low,Open,Volume
2018-06-01,904.2952880859375,904.2952880859376,904.2952880859376,904.2952880859376,0
2018-06-04,878.974853515625,907.9122972527649,875.3576730484824,904.2951167856223,9699900
2018-06-05,904.2952880859375,911.5296503906251,875.3578388671875,875.3578388671875,7132800
2018-06-06,951.3184814453125,969.4043841343869,904.2951344537191,904.2951344537191,11059300
2018-06-07,962.170166015625,965.7873470908717,951.3186227898848,951.3186227898848,6780000
2018-06-08,983.873046875,983.8730468749999,962.1699649586396,962.1699649586396,8806300
2018-06-11,983.873046875,983.8730468749999,983.8730468749999,983.8730468749999,0
2018-06-12,983.873046875,983.8730468749999,983.8730468749999,983.8730468749999,0
2018-06-13,983.873046875,983.8730468749999,983.8730468749999,983.8730468749999,0
2018-06-14,983.873046875,983.8730468749999,983.8730468749999,983.8730468749999,0
2018-06-15,983.873046875,983.8730468749999,983.8730468749999,983.8730468749999,0
2018-06-18,983.873046875,983.8730468749999,983.8730468749999,983.8730468749999,0
2018-06-19,983.873046875,983.8730468749999,983.8730468749999,983.8730468749999,0
2018-06-20,933.2327270507812,976.6389004019804,925.9983648255815,976.6389004019804,11296100
2018-06-21,925.9982299804688,962.1700358390808,925.9982299804688,933.2325911521912,1624800
2018-06-22,925.9982299804688,962.1700358390808,925.9982299804688,962.1700358390808,4510800
2018-06-25,929.6154174804688,962.170042995349,922.3810562549398,940.4669593187622,2397900
2018-06-26,925.9982299804688,954.9356746673584,915.1466882228851,933.2325911521912,6748800
2018-06-27,933.2327270507812,936.8499081633812,922.3811837129815,925.9983648255815,2844400
2018-06-28,904.2952880859375,933.2327373046876,904.2952880859376,933.2327373046876,3564300
2018-06-29,918.7638549804688,929.6153965747263,900.677952323373,904.2951328547921,9388800
2018-07-02,907.912353515625,929.6154376634089,904.2951728243278,915.1467148982197,2488400
2018-07-03,904.2952880859375,907.9124692382813,886.2093823242188,907.9124692382813,2393300
2018-07-04,900.6781005859375,907.9124628396397,886.2093760785328,904.2952817127887,4883800
2018-07-05,893.443603515625,904.2951452587297,889.82642293459,900.6779646776948,4740000
2018-07-06,893.443603515625,900.6779646776948,889.82642293459,893.443603515625,5925200
2018-07-09,940.4669799804688,940.4669799804688,897.0608116736779,897.0608116736779,10895800
2018-07-10,965.787353515625,973.021715714244,940.4670858204589,940.4670858204589,12137200
2018-07-11,940.4669799804688,969.4044255183294,922.3810765193059,965.7872448260968,7544400
2018-07-12,962.170166015625,962.170166015625,933.2327174136512,940.4670795641447,2498100
2018-07-13,958.552978515625,973.0217027196344,940.4670732606131,962.1701595666273,2630100
2018-07-16,944.084228515625,965.7873142286279,940.4670475634579,958.5529523242935,1093300
2018-07-17,940.4669799804688,947.7013413649339,936.8497992882362,944.0841606727014,6424100
2018-07-18,944.084228515625,947.7014094677921,936.8498666112907,940.4670475634579,4207100
2018-07-19,958.552978515625,962.1701595666273,947.7014353626179,951.3186164136202,4680100
2018-07-20,965.787353515625,965.7873535156251,936.8499047211494,958.5529913170061,3578200
2018-07-23,962.170166015625,965.7873470908717,951.3186227898848,965.7873470908717,364500
2018-07-24,962.170166015625,969.4045281661184,954.9358038651316,965.7873470908717,2316500
2018-07-25,947.701416015625,969.4045018785783,944.0842350384662,969.4045018785783,280300
2018-07-26,962.170166015625,969.4045281661184,944.0842606393915,947.7014417146381,4180700
2018-07-27,962.170166015625,994.7247956928453,951.3186227898848,962.170166015625,5782500
2018-07-30,969.404541015625,994.7248088779734,962.1701787692397,969.404541015625,4767000
2018-07-31,947.701416015625,991.1075877415316,933.2326921069896,976.638863832896,9948800
2018-08-01,965.787353515625,976.6388968135534,947.7014480190778,947.7014480190778,4141600
2018-08-02,965.787353515625,976.6388968135534,962.1701724163156,973.021715714244,3040200
2018-08-03,991.1074829101562,1001.9590246938441,965.7872187482179,965.7872187482179,11221500
2018-08-06,1001.9590454101562,1020.04494875691,998.3418647408055,1001.9590454101562,15514400
2018-08-07,998.3418579101562,1012.8105804885644,987.4903159763502,1001.9590385547583,3992500
2018-08-08,1009.1935424804688,1034.5138105713766,994.724817857093,998.3419990129369,14366900
2018-08-09,1048.9825439453125,1074.3028122474407,1009.193550899111,1009.193550899111,17767000
2018-08-10,1063.451171875,1077.9198953018708,1056.2168101615646,1056.2168101615646,13217600
2018-08-13,1027.2794189453125,1085.154315787302,1027.2794189453125,1085.154315787302,12156800
2018-08-14,991.1074829101562,1041.748011234033,954.9356769645301,1041.748011234033,19971900
2018-08-15,922.3811645507812,1001.9591473747703,878.9749921013328,994.7247852998621,102404000
2018-08-16,940.4669799804688,951.3185220571665,886.2092695969802,922.3810765193059,32140400
2018-08-17,940.4669799804688,940.4669799804688,940.4669799804688,940.4669799804688,0
2018-08-20,965.787353515625,1012.810707806648,944.0842669197683,944.0842669197683,18485600
2018-08-21,994.7245483398438,1005.5760888671875,954.93556640625,969.404287109375,17610800
2018-08-22,994.7245483398438,994.7245483398438,994.7245483398438,994.7245483398438,0
2018-08-23,1001.9590454101562,1030.8964907649622,983.8731420634025,994.7246840714548,13136500
2018-08-24,994.7245483398438,1005.5760888671875,973.0214672851563,1005.5760888671875,2916800
2018-08-27,976.6387939453125,1005.5762396918402,973.0216132269965,994.7246975368923,8800500
2018-08-28,994.7245483398438,1001.9589086914062,976.6386474609375,976.6386474609375,7886500
2018-08-29,998.3418579101562,1001.9590385547583,991.1074966209522,994.7246772655543,5979100
2018-08-30,994.7245483398438,1009.1932690429687,987.4901879882813,998.3417285156249,8536200
2018-08-31,983.873046875,1009.1933091107536,973.0215059168198,994.7245878331801,14022200
2018-09-03,987.4904174804688,998.3419605297046,940.4670642671131,983.8732364640567,10158300
2018-09-04,976.6387939453125,987.4903361002604,973.0216132269965,987.4903361002604,2379600
2018-09-05,936.849853515625,965.7873007284628,911.5295872043919,965.7873007284628,11921700
2018-09-06,904.2952880859375,958.5530053710938,868.1234765625001,940.467099609375,34931600
2018-09-07,911.5294799804688,918.7638409326946,886.209216647678,904.2951190282428,18174100
2018-09-10,907.912353515625,936.8497990460036,893.4436307504358,918.763895589517,17767100
2018-09-11,907.912353515625,907.912353515625,907.912353515625,907.912353515625,0
2018-09-12,936.849853515625,940.4670344172297,904.2952254011824,907.9124063027871,26534400
2018-09-13,965.787353515625,969.4045346149345,940.4670858204589,940.4670858204589,16801300
2018-09-14,983.873046875,994.7245878331801,969.4043255974265,969.4043255974265,9203700
2018-09-17,976.6387939453125,998.3418782552083,958.5528903537326,983.8731553819445,2952300
2018-09-18,980.2559204101562,991.1074619645123,965.7871983376816,976.6387398920376,2491500
2018-09-19,1012.8106079101562,1012.8106079101562,980.2559812273298,980.2559812273298,21424400
2018-09-20,1027.2794189453125,1052.599686313683,1012.8106947348151,1012.8106947348151,24928300
2018-09-21,1128.560546875,1128.560546875,1027.2794721554487,1027.2794721554487,16568400
2018-09-24,1063.451171875,1106.8573421556123,1045.3652675914116,1106.8573421556123,17410300
2018-09-25,1048.9825439453125,1063.4512686893859,1041.7481815732758,1063.4512686893859,2587300
2018-09-26,1038.130859375,1063.4511242378048,1016.4277752068815,1041.7480400696863,6212300
2018-09-27,1038.130859375,1048.9824014590592,1034.5136786803137,1038.130859375,4935400
2018-09-28,1041.748046875,1059.8339504665798,1034.513685438368,1045.365227593316,3613000
2018-10-01,1045.3651123046875,1045.3651123046875,1034.5135713465072,1041.7479319852941,7130500
2018-10-02,1012.8106079101562,1045.3652345929827,991.1075234549386,1045.3652345929827,12306300
2018-10-03,1009.1935424804688,1016.4279047921568,1005.5763613246248,1012.8107236363128,9960700
2018-10-04,976.6387939453125,1009.1934204101562,936.8498060438368,1009.1934204101562,39726000
2018-10-05,962.170166015625,980.2560713918585,947.7014417146381,973.0217092413651,11224900
2018-10-08,958.552978515625,976.6388837706368,947.7014353626179,962.1701595666273,10240700
2018-10-09,991.1074829101562,994.7246635047188,954.9356769645301,958.5528575590927,15627000
2018-10-10,1012.8106079101562,1023.662150137765,998.3418849400111,998.3418849400111,22571400
2018-10-11,1005.5763549804688,1012.8107172465153,969.4045436502361,976.6389059162826,13062700
2018-10-12,1005.5763549804688,1012.8107172465153,976.6389059162826,1009.1935361134921,22090600
2018-10-15,994.7245483398438,1027.2791699218749,983.8730078125,1005.5760888671875,26909900
2018-10-16,991.1074829101562,998.3418440992815,969.4043993427805,969.4043993427805,4422100
2018-10-17,994.7245483398438,1012.81044921875,991.1073681640624,991.1073681640624,5447100
2018-10-18,1005.5763549804688,1005.5763549804688,983.8732681823292,994.724811581399,4317000
2018-10-19,983.873046875,1005.5761287913602,983.8730468749999,1005.5761287913602,19490100
2018-10-22,983.873046875,994.7245878331801,969.4043255974265,991.1074075137867,7615000
2018-10-23,994.7245483398438,1005.5760888671875,991.1073681640624,991.1073681640624,20792300
2018-10-24,994.7245483398438,998.3417285156249,991.1073681640624,994.7245483398438,7228200
2018-10-25,998.3418579101562,1001.9590385547583,980.2559546871462,991.1074966209522,12347900
2018-10-26,994.7245483398438,1020.0448095703125,987.4901879882813,998.3417285156249,11900000
2018-10-29,998.3418579101562,998.3418579101562,983.8731353317482,994.7246772655543,8606400
2018-10-30,991.1074829101562,1001.9590246938441,987.4903023155936,998.3418440992815,2425700
2018-10-31,991.1074829101562,1012.8105664775319,987.4903023155936,994.7246635047188,28189300
2018-11-01,1001.9590454101562,1045.3652134423653,991.107503402104,994.7246840714548,11176200
2018-11-02,1009.1935424804688,1020.0450859480007,1001.9591801687809,1009.1935424804689,16949300
2018-11-05,1009.1935424804688,1023.6622671038447,1005.5763613246248,1005.5763613246248,21610800
2018-11-06,998.3418579101562,1020.0449417777684,994.7246772655543,1012.8105804885644,6395900
2018-11-07,1027.2794189453125,1077.9199536820533,998.3419705243177,998.3419705243177,33749600
2018-11-08,1034.5137939453125,1056.2168805315778,1027.2794317498908,1034.5137939453125,28092800
2018-11-09,1030.8966064453125,1045.3653307462994,994.7247956928453,1034.5137875205592,2572100
2018-11-12,1023.6622314453125,1052.5996796840493,1020.0450504154704,1030.8965935049966,3786700
2018-11-13,1005.5763549804688,1023.6622606455851,998.3419927144222,1005.5763549804688,10375300
2018-11-14,1009.1935424804688,1027.2794482596887,1009.1935424804689,1012.8107236363128,1682800
2018-11-15,1027.2794189453125,1030.8965999979368,1012.8106947348151,1012.8106947348151,14446500
2018-11-16,1074.302734375,1077.9199152988217,1023.6622014414984,1030.8965632891416,28956200
2018-11-19,1070.6854248046875,1085.1541467615075,1045.3651613802522,1085.1541467615075,3729600
2018-11-20,1070.6854248046875,1070.6854248046875,1070.6854248046875,1070.6854248046875,0
2018-11-21,1048.9825439453125,1074.3028122474407,1045.3653627592942,1063.4512686893859,4475300
2018-11-22,1045.3651123046875,1056.2166532628676,1038.1307516659006,1048.9822926240809,1915600
2018-11-23,1041.748046875,1048.9824083116318,1027.279324001736,1048.9824083116318,5132300
2018-11-26,1052.5997314453125,1067.068456276176,1034.5138254067333,1034.5138254067333,7342300
2018-11-27,1074.302734375,1081.5370962226432,1041.7481060606062,1059.8340106797139,15823100
2018-11-28,1081.537109375,1085.1542903428094,1063.4512045359531,1074.3027474393814,7433300
2018-11-29,1088.7713623046875,1117.7088071499948,1074.3026398820339,1088.7713623046875,27239700
2018-11-30,1168.349365234375,1168.349365234375,1088.7713898933341,1088.7713898933341,12727800
2018-12-03,1168.349365234375,1168.349365234375,1124.9431968665344,1157.497823142415,15428300
2018-12-04,1157.497802734375,1168.3493446350099,1146.6462608337401,1168.3493446350099,5725800
2018-12-05,1077.919921875,1157.4979026845638,1063.4511980914428,1153.8807217386745,17691000
2018-12-06,1077.919921875,1092.3886456585572,1048.982474307886,1070.6855599832215,7429400
2018-12-07,1124.9432373046875,1128.5604181320336,1077.919886549186,1077.919886549186,8316700
2018-12-10,1070.6854248046875,1121.325951653558,1063.4510638262775,1121.325951653558,7476800
2018-12-11,1110.4744873046875,1114.0916680450937,1070.68549916022,1070.68549916022,11295700
2018-12-12,1103.240234375,1117.7089587602459,1085.1543288934427,1114.0917776639344,8364300
2018-12-13,1099.623046875,1114.0917711759869,1092.3886847245064,1103.2402279502467,6318300
2018-12-14,1081.537109375,1099.6230142140469,1070.685566471572,1085.1542903428094,11339000
2018-12-17,1085.1541748046875,1096.0057165527344,1048.9823689778646,1048.9823689778646,23468800
2018-12-18,1081.537109375,1088.7714713106188,1074.3027474393814,1077.9199284071906,5905600
2018-12-19,1081.537109375,1103.2401951818563,1067.0683855037626,1085.1542903428094,5185100
2018-12-20,1070.6854248046875,1085.1541467615075,1067.0682443154824,1081.5369662723026,5619400
2018-12-21,1067.0682373046875,1077.9197787010064,1063.451056839248,1077.9197787010064,9819700
2018-12-24,1067.0682373046875,1067.0682373046875,1067.0682373046875,1067.0682373046875,0
2018-12-25,1067.0682373046875,1067.0682373046875,1067.0682373046875,1067.0682373046875,0
2018-12-26,1052.5997314453125,1074.3028186916076,1052.5997314453125,1074.3028186916076,3579300
2018-12-27,1096.0057373046875,1099.622917955858,1063.4511114441523,1067.0682920953227,14742500
2018-12-28,1077.919921875,1110.4745503880033,1077.919921875,1099.6230075503356,4162100
2018-12-31,1077.919921875,1077.919921875,1077.919921875,1077.919921875,0
2019-01-01,1077.919921875,1077.919921875,1077.919921875,1077.919921875,0
2019-01-02,1092.388671875,1096.0058529076987,1077.9199477442053,1085.1543098096026,3574700
2019-01-03,1143.029052734375,1153.8805943742584,1092.3885250815863,1096.005705628214,15315200
2019-01-04,1157.497802734375,1168.3493446350099,1139.4118995666504,1143.0290802001953,6764900
2019-01-07,1193.669677734375,1204.521220259233,1161.115050159801,1164.7322310014204,24359400
2019-01-08,1193.669677734375,1204.521220259233,1179.2009543678976,1193.669677734375,14095100
2019-01-09,1229.8414306640625,1240.6929726993337,1193.6696238798254,1193.6696238798254,23780100
2019-01-10,1262.39599609375,1273.2475376074499,1226.2241910480839,1229.8413715526503,11595400
2019-01-11,1222.6070556640625,1266.0132233207746,1215.3726943879437,1262.3960426827155,10784100
2019-01-14,1211.75537109375,1233.4584523670708,1193.669470032649,1222.6069117304103,4577300
2019-01-15,1211.75537109375,1229.8412721548507,1208.1381908815297,1222.6069117304103,7352100
2019-01-16,1171.966552734375,1229.8414442274304,1171.966552734375,1211.7555406358506,13846800
2019-01-17,1247.92724609375,1255.1616069406703,1179.2008180480072,1179.2008180480072,20460500
2019-01-18,1273.24755859375,1313.0365447998047,1247.9272946444426,1258.778836337003,18397700
2019-01-21,1291.3333740234375,1294.9505543428309,1273.2474724264705,1273.2474724264705,18905600
2019-01-22,1291.3333740234375,1294.9505543428309,1280.4818330652572,1294.9505543428309,6325600
2019-01-23,1294.95068359375,1309.4194063154678,1287.7163222328911,1291.3335029133204,14262900
2019-01-24,1291.3333740234375,1294.9505543428309,1287.7161937040441,1294.9505543428309,18548100
2019-01-25,1284.0989990234375,1327.5051623707086,1284.0989990234375,1327.5051623707086,10579100
2019-01-28,1287.7161865234375,1291.3333668226605,1280.4818259249912,1287.7161865234375,10886200
2019-01-29,1276.8646240234375,1294.9505252135712,1273.247443785411,1287.7161647375178,6557000
2019-01-30,1229.8414306640625,1280.4819601619945,1200.9039852366727,1276.8647794835708,14322300
2019-01-31,1229.8414306640625,1251.5445147346047,1215.3727079503676,1240.6929726993337,18286900
2019-02-01,1284.0989990234375,1316.6536215338908,1237.0756553972271,1237.0756553972271,11301100
2019-02-04,1302.18505859375,1360.0599500868054,1284.0991550021702,1291.333516438802,11573600
2019-02-05,1302.18505859375,1302.18505859375,1302.18505859375,1302.18505859375,0
2019-02-06,1273.24755859375,1331.1224476207387,1255.1616557728162,1313.0365447998047,6992600
2019-02-07,1266.01318359375,1302.1849888392858,1251.5444614955356,1273.247544642857,3390400
2019-02-08,1269.6304931640625,1269.6304931640625,1251.544588703036,1266.013312271857,5628500
2019-02-11,1294.95068359375,1298.5678642741796,1269.6304188307438,1269.6304188307438,11414600
2019-02-12,1287.7161865234375,1309.4192683187762,1262.3959244288756,1294.9505471218838,12444400
2019-02-13,1273.24755859375,1291.333461414684,1273.24755859375,1287.7162808504972,14943000
2019-02-14,1244.31005859375,1280.4818626226381,1229.841336982195,1276.8646822197493,41058400
2019-02-15,1233.45849609375,1244.3100371151027,1211.7554140510447,1244.3100371151027,30050500
2019-02-18,1244.31005859375,1258.7787802053053,1226.224156579306,1233.4585173850837,15274200
2019-02-19,1273.24755859375,1276.8647391579368,1244.3101140802557,1244.3101140802557,6594500
2019-02-20,1305.8021240234375,1309.4193044223944,1276.8646808317824,1276.8646808317824,14025000
2019-02-21,1320.27099609375,1323.8881769049658,1305.802272848887,1316.6538152825342,3707100
2019-02-22,1309.4193115234375,1327.5052136163026,1294.9505898491452,1320.2708527791565,2588300
2019-02-25,1349.208251953125,1363.6769731536947,1302.1849080512734,1305.802088351416,15997500
2019-02-26,1305.8021240234375,1370.9113712046615,1302.1849436244806,1352.8254692098772,9400900
2019-02-27,1294.95068359375,1305.8022256350384,1258.7788767894554,1305.8022256350384,14812800
2019-02-28,1269.6304931640625,1302.1851211939102,1266.013312271857,1294.9507594094996,4385800
2019-03-01,1302.18505859375,1334.7396850585938,1266.0132514105903,1273.2476128472222,6333800
2019-03-04,1305.8021240234375,1309.4193044223944,1291.33340242761,1305.8021240234375,6104700
2019-03-05,1276.8646240234375,1305.8020659276515,1266.0130833093574,1305.8020659276515,3057500
2019-03-06,1273.24755859375,1291.333461414684,1266.0131974653764,1291.333461414684,12194800
2019-03-07,1273.24755859375,1273.24755859375,1273.24755859375,1273.24755859375,0
2019-03-08,1273.24755859375,1276.8647391579368,1266.0131974653764,1273.24755859375,6927100
2019-03-11,1273.24755859375,1284.0991002863104,1269.6303780295632,1276.8647391579368,4883700
2019-03-12,1305.8021240234375,1305.8021240234375,1273.2475004328255,1273.2475004328255,4360200
2019-03-13,1298.56787109375,1323.8881359897284,1287.7163289954735,1309.4194131920265,7596400
2019-03-14,1298.56787109375,1309.4194131920265,1276.864786897197,1309.4194131920265,10743000
2019-03-15,1302.18505859375,1309.4194200303818,1280.481974283854,1309.4194200303818,3344300
2019-03-18,1309.4193115234375,1313.0364919420106,1287.7162290119993,1309.4193115234375,6235700
2019-03-19,1294.95068359375,1305.8022256350384,1291.3335029133204,1302.1850449546089,7543400
2019-03-20,1305.8021240234375,1309.4193044223944,1294.950582826567,1298.5677632255238,12588200
2019-03-21,1316.6536865234375,1323.8880474384014,1302.1849646935095,1305.8021451509915,8415300
2019-03-22,1331.1224365234375,1356.442700261655,1327.5052559894066,1338.3567975914998,5375300
2019-03-25,1273.24755859375,1331.1224476207387,1269.6303780295632,1327.505267056552,5578300
2019-03-26,1287.7161865234375,1294.9505471218838,1273.247465326545,1276.864645625768,2021000
2019-03-27,1302.18505859375,1309.4194200303818,1273.2476128472222,1294.950697157118,4357800
2019-03-28,1334.7396240234375,1338.3568045763466,1302.184999047256,1302.184999047256,8268500
2019-03-29,1291.3333740234375,1338.3567181755514,1284.0990133846506,1331.1223575367646,9992500
2019-04-01,1276.8646240234375,1302.1848856896247,1269.6302635473842,1291.3333449755446,19762700
2019-04-02,1276.8646240234375,1302.1848856896247,1262.3959030713306,1298.567705451598,11907600
2019-04-03,1276.8646240234375,1276.8646240234375,1276.8646240234375,1276.8646240234375,0
2019-04-04,1182.818115234375,1276.8648155282397,1168.349392112242,1273.2476347477063,21683600
2019-04-05,1190.0523681640625,1204.5210899654494,1128.5603005081687,1200.9039095151027,37977900
2019-04-08,1211.75537109375,1229.8412721548507,1204.5210106693096,1208.1381908815297,16762700
2019-04-09,1244.31005859375,1255.1615998024165,1208.1382545648619,1215.3726153706396,19860400
2019-04-10,1309.4193115234375,1313.0364919420106,1262.395966081988,1266.013146500561,18456300
2019-04-11,1309.4193115234375,1345.5911157091678,1294.9505898491452,1338.3567548720216,9857300
2019-04-12,1276.8646240234375,1316.6536066417316,1266.0130833093574,1309.4192461656783,16755100
2019-04-15,1269.6304931640625,1284.0992167328836,1251.544588703036,1284.0992167328836,6269200
2019-04-16,1215.37255859375,1269.6302621023995,1215.37255859375,1269.6302621023995,15841200
2019-04-17,1215.37255859375,1215.37255859375,1215.37255859375,1215.37255859375,0
2019-04-18,1182.818115234375,1251.544550064507,1168.349392112242,1222.6071038202408,48623800
2019-04-19,1182.818115234375,1182.818115234375,1182.818115234375,1182.818115234375,0
2019-04-22,1200.904052734375,1208.138414497835,1182.8181483257247,1186.4353292074547,14528200
2019-04-23,1175.5838623046875,1208.1384923377404,1171.966681189904,1208.1384923377404,29966000
2019-04-24,1179.2010498046875,1193.6697743421682,1175.5838686703173,1179.2010498046875,16856700
2019-04-25,1157.497802734375,1193.6696090698242,1139.4118995666504,1193.6696090698242,33217400
2019-04-26,1124.9432373046875,1157.4978647508037,1110.4745139953025,1157.4978647508037,25268800
2019-04-29,1121.3260498046875,1139.4119538337955,1117.708868998866,1124.943230610509,28634900
2019-04-30,1193.669677734375,1193.669677734375,1128.5604225852271,1128.5604225852271,25538400
2019-05-01,1193.669677734375,1193.669677734375,1193.669677734375,1193.669677734375,0
2019-05-02,1215.37255859375,1215.37255859375,1186.4351167224702,1193.66947719029,14526700
2019-05-03,1168.349365234375,1222.6070756941758,1150.2634617477747,1215.3727142995356,16872200
2019-05-06,1157.497802734375,1168.3493446350099,1143.0290802001953,1168.3493446350099,14464100
2019-05-07,1171.966552734375,1175.583733452691,1153.8806491427952,1157.497829861111,8390200
2019-05-08,1168.349365234375,1175.583726629015,1157.497823142415,1161.115003839735,8079300
2019-05-09,1161.1148681640625,1171.9664089880257,1157.497687889408,1168.3492287133713,18007500
2019-05-10,1164.732177734375,1179.20090043915,1161.1149970581814,1161.1149970581814,12935100
2019-05-13,1175.5838623046875,1182.8182245342548,1161.115137845553,1164.7323189603367,13833100
2019-05-14,1171.966552734375,1179.2009141710068,1161.115010579427,1175.583733452691,15433700
2019-05-15,1193.669677734375,1197.2868585759943,1171.966592684659,1171.966592684659,10714900
2019-05-16,1186.4351806640625,1200.9039023794778,1182.8180002352085,1193.66954152177,10370600
2019-05-17,1186.4351806640625,1204.5210828083316,1186.4351806640625,1190.0523610929163,9422300
2019-05-20,1186.4351806640625,1193.66954152177,1157.4977372332316,1186.4351806640625,3229400
2019-05-21,1186.4351806640625,1190.0523610929163,1175.583639377501,1186.4351806640625,8138500
2019-05-22,1208.13818359375,1229.8412647361527,1182.817922260947,1186.4351024513473,8429700
2019-05-23,1218.9898681640625,1229.8414100171549,1208.13832631097,1218.9898681640625,8067200
2019-05-24,1210.3447265625,1247.133320075038,1199.3081485087387,1236.0967420212764,11037200
2019-05-27,1239.7755126953125,1265.527526312129,1210.3446399903794,1236.0966536071958,10551000
2019-05-28,1221.3812255859375,1250.8120984916227,1217.702366472727,1247.133239378412,16950000
2019-05-29,1287.6007080078125,1291.2795671735491,1221.3812430245537,1239.7755388532366,8637500
2019-05-30,1287.6007080078125,1287.6007080078125,1287.6007080078125,1287.6007080078125,0
2019-05-31,1276.56396484375,1302.3159756619236,1261.8485300905081,1287.6005409086818,5758400
2019-06-03,1276.56396484375,1276.56396484375,1276.56396484375,1276.56396484375,0
2019-06-04,1276.56396484375,1276.56396484375,1276.56396484375,1276.56396484375,0
2019-06-05,1276.56396484375,1276.56396484375,1276.56396484375,1276.56396484375,0
2019-06-06,1276.56396484375,1276.56396484375,1276.56396484375,1276.56396484375,0
2019-06-07,1276.56396484375,1276.56396484375,1276.56396484375,1276.56396484375,0
2019-06-10,1324.3892822265625,1368.5355916341146,1276.5641137017144,1287.6006910536023,29994100
2019-06-11,1317.031494140625,1324.389211984986,1313.3526352184444,1324.389211984986,15164200
2019-06-12,1302.316162109375,1324.3893173993645,1291.2795844643804,1317.031598969368,12947700
2019-06-13,1324.3892822265625,1335.4258595784504,1294.9584092881944,1305.9949866400823,13059500
2019-06-14,1324.3892822265625,1350.1412960476343,1317.0315639919704,1328.0681413438583,11464600
2019-06-17,1294.9583740234375,1339.104682228782,1283.9217969721014,1324.3892461603339,5196500
2019-06-18,1265.52734375,1309.6736464389535,1254.4907680777617,1294.9582122093022,4560000
2019-06-20,1287.6007080078125,1302.3161446707588,1280.2429896763392,1287.6007080078125,6445600
2019-06-21,1320.71044921875,1320.71044921875,1287.6007165085307,1287.6007165085307,17345200
2019-06-24,1324.3892822265625,1346.4624369303385,1320.7104231092665,1342.7835778130425,19480000
2019-06-25,1339.1046142578125,1346.4623319185696,1324.389178936298,1324.389178936298,12234600
2019-06-26,1353.8199462890625,1368.5353804878566,1324.3890778914742,1324.3890778914742,24460700
2019-06-27,1335.4259033203125,1372.2144956982825,1320.7104663691246,1372.2144956982825,15530400
2019-06-28,1331.7469482421875,1346.4623841343664,1302.3160764578297,1342.7835251613217,18249900
2019-07-01,1350.1412353515625,1364.8566711592089,1328.0680816400927,1331.7469405920044,11544600
2019-07-02,1350.1412353515625,1372.214389063032,1346.4623763996508,1353.820094303474,14368000
2019-07-03,1328.0682373046875,1357.4991123696113,1324.389377921572,1350.1413936033805,12785100
2019-07-04,1375.8931884765625,1375.8931884765625,1328.0680241712275,1328.0680241712275,5197300
2019-07-05,1342.783447265625,1368.535458583048,1342.783447265625,1368.535458583048,8636400
2019-07-08,1339.1046142578125,1368.5354849008413,1339.1046142578125,1368.5354849008413,3192400
2019-07-09,1390.608642578125,1412.6817956349207,1342.7834776217344,1346.4623364645338,11397000
2019-07-10,1357.4989013671875,1409.0029247252921,1357.4989013671875,1401.6452071027056,3743200
2019-07-11,1339.1046142578125,1361.1777672400842,1324.389178936298,1361.1777672400842,14015200
2019-07-12,1328.0682373046875,1350.1413936033805,1328.0682373046875,1339.104815454034,2705100
2019-07-15,1350.1412353515625,1364.8566711592089,1331.7469405920044,1331.7469405920044,4822000
2019-07-16,1309.6737060546875,1361.1777282029057,1309.6737060546875,1361.1777282029057,18379000
2019-07-17,1283.9217529296875,1335.4257774025118,1283.9217529296875,1309.6737651660997,15379000
2019-07-18,1302.316162109375,1305.9950213243733,1283.9218660343838,1283.9218660343838,4662400
2019-07-19,1269.206298828125,1317.0314637115036,1269.206298828125,1302.3160283627717,6859900
2019-07-22,1269.206298828125,1291.2794518512228,1269.206298828125,1276.564016502491,8571500
2019-07-23,1309.6737060546875,1339.1045758536693,1272.8851188059605,1272.8851188059605,10988200
2019-07-24,1353.8199462890625,1368.5353804878566,1313.3525022423785,1313.3525022423785,21186400
2019-07-25,1331.7469482421875,1368.5355379726348,1328.0680892691428,1361.1778200265453,6224000
2019-07-26,1324.3892822265625,1353.8201551649304,1317.0315639919704,1335.4258595784504,4788100
2019-07-29,1324.3892822265625,1342.7835778130425,1302.3161275227865,1324.3892822265625,3685600
2019-07-30,1328.0682373046875,1346.462534220265,1313.3527997722256,1339.104815454034,4619600
2019-07-31,1350.1412353515625,1353.820094303474,1320.7103637362695,1328.0680816400927,6431600
2019-08-01,1291.279541015625,1350.1412864750266,1291.279541015625,1350.1412864750266,12070500
2019-08-02,1261.848388671875,1313.3524045360332,1261.848388671875,1291.2792548799655,13368500
2019-08-05,1239.7755126953125,1291.2795399289457,1217.7023581666126,1291.2795399289457,5211200
2019-08-06,1250.81201171875,1250.81201171875,1214.0234231387867,1232.4177174287684,6663100
2019-08-07,1261.848388671875,1276.5638217759204,1254.4906721198524,1265.5272469478864,8206100
2019-08-08,1265.52734375,1276.5639194222383,1232.4176167332848,1272.8850608648256,10489100
2019-08-09,1269.206298828125,1276.564016502491,1258.169722316576,1269.206298828125,5346500
2019-08-12,1276.56396484375,1291.279399596992,1269.206247467129,1269.206247467129,4916000
2019-08-13,1280.2430419921875,1283.921901308257,1254.491026779701,1276.564182676118,5643100
2019-08-14,1276.56396484375,1294.9582582853027,1269.206247467129,1280.2428235320606,10829300
2019-08-15,1276.56396484375,1276.56396484375,1261.8485300905081,1272.8851061554396,12230300
2019-08-16,1283.9217529296875,1287.6006118206035,1269.2063173660235,1280.2428940387715,7843600
2019-08-19,1302.316162109375,1313.3527397543698,1283.9218660343838,1283.9218660343838,21333200
2019-08-20,1317.031494140625,1339.104647673708,1302.316058451903,1305.9949173740836,17395100
2019-08-21,1309.6737060546875,1331.7468584039239,1291.2794124303239,1324.3891409541784,11661500
2019-08-22,1309.6737060546875,1313.3525647795602,1294.9582711551966,1309.6737060546875,23179300
2019-08-23,1294.9583740234375,1324.3892461603339,1294.9583740234375,1317.0315281261098,9645200
2019-08-26,1331.7469482421875,1335.4258072152322,1250.8120508352038,1287.6006405656508,10900600
2019-08-27,1317.031494140625,1331.746929829347,1287.6006227631808,1331.746929829347,10291900
2019-08-28,1309.6737060546875,1324.3891409541784,1298.6371298800693,1317.031423504433,7485200
2019-08-29,1283.9217529296875,1324.3892007297636,1269.2063173660235,1309.6737651660997,13893200
2019-08-30,1269.206298828125,1309.6737460371378,1265.527439990942,1283.921734176857,19793200
2019-09-02,1305.994873046875,1305.994873046875,1269.2062850737236,1269.2062850737236,10054300
2019-09-03,1324.3892822265625,1328.0681413438583,1298.6372684054904,1305.9949866400823,14950900
2019-09-04,1324.3892822265625,1335.4258595784504,1320.7104231092665,1331.7470004611544,12469800
2019-09-05,1302.316162109375,1361.1779095493469,1302.316162109375,1361.1779095493469,7262700
2019-09-06,1283.9217529296875,1305.9949062751837,1283.9217529296875,1302.3160473842677,8753700
2019-09-09,1280.2430419921875,1298.637338572535,1250.8121674636316,1250.8121674636316,7004800
2019-09-10,1280.2430419921875,1291.279619940396,1272.8853233600485,1280.2430419921875,12484100
2019-09-11,1294.9583740234375,1309.6738100918856,1276.5640789378774,1283.9217969721014,10761200
2019-09-12,1269.206298828125,1313.3526048743206,1265.527439990942,1309.6737460371378,11351200
2019-09-13,1317.031494140625,1320.7103530628056,1272.8851870744588,1272.8851870744588,12650200
2019-09-16,1272.8851318359375,1328.0680132739117,1272.8851318359375,1324.38915451138,14052800
2019-09-17,1269.206298828125,1291.2794518512228,1265.527439990942,1272.885157665308,9688600
2019-09-18,1287.6007080078125,1287.6007080078125,1265.527553013393,1265.527553013393,8644100
2019-09-19,1280.2430419921875,1291.279619940396,1269.206464043979,1287.6007606243265,7120800
2019-09-20,1276.56396484375,1287.6005409086818,1269.206247467129,1280.2428235320606,21893900
2019-09-23,1283.9217529296875,1283.9217529296875,1272.8851762569395,1276.5640351478555,5727800
2019-09-24,1287.6007080078125,1287.6007080078125,1276.5641305106026,1283.9218488420759,8243100
2019-09-25,1287.6007080078125,1298.6372855050222,1272.885271344866,1291.2795671735491,7519500
2019-09-26,1302.316162109375,1317.031598969368,1276.5641476043875,1287.600725249382,25480000
2019-09-27,1302.316162109375,1324.3893173993645,1294.9584436793787,1302.316162109375,15310300
2019-09-30,1302.316162109375,1309.6738805393716,1291.2795844643804,1302.316162109375,17310800
2019-10-01,1258.1697998046875,1302.3161085697643,1258.1697998046875,1302.3161085697643,25758700
2019-10-02,1287.6007080078125,1291.2795671735491,1250.8121163504463,1258.1698346819196,6025700
2019-10-03,1298.63720703125,1302.3160659746814,1261.848617596937,1280.2429123140935,10653300
2019-10-04,1302.316162109375,1309.6738805393716,1287.600725249382,1298.637302894377,11930100
2019-10-07,1287.6007080078125,1302.3161446707588,1269.2064121791295,1302.3161446707588,5479500
2019-10-08,1324.3892822265625,1331.7470004611544,1283.9218319363063,1287.6006910536023,19602700
2019-10-09,1335.4259033203125,1353.8201995092975,1324.3893256069216,1324.3893256069216,22689000
2019-10-10,1305.994873046875,1342.7834610200264,1305.994873046875,1339.1046022227113,19880000
2019-10-11,1302.316162109375,1324.3893173993645,1291.2795844643804,1305.9950213243733,8544000
2019-10-14,1313.3526611328125,1331.7469561066614,1302.3160841485033,1302.3160841485033,9372600
2019-10-15,1328.0682373046875,1339.104815454034,1313.3527997722256,1320.7105185384567,26619300
2019-10-16,1335.4259033203125,1339.1047625581095,1317.0316071313275,1331.7470440825155,8276100
2019-10-17,1364.856689453125,1368.5355484543463,1335.4258174433542,1339.1046764445755,26025000
2019-10-18,1383.2510986328125,1390.6088172425614,1368.5356614133143,1368.5356614133143,12226600
2019-10-21,1383.2510986328125,1383.2510986328125,1368.5356614133143,1383.2510986328125,12034800
2019-10-22,1361.1778564453125,1383.2510108741553,1331.746983873522,1383.2510108741553,20670200
2019-10-23,1309.6737060546875,1357.498869478033,1302.315988604942,1357.498869478033,17723700
2019-10-24,1320.71044921875,1320.71044921875,1294.9584348885794,1309.6738716486768,8837800
2019-10-25,1331.7469482421875,1331.7469482421875,1313.3526533769639,1328.0680892691428,5396800
2019-10-28,1320.71044921875,1339.104745168872,1305.9950124586526,1331.7470267888232,9231500
2019-10-29,1309.6737060546875,1320.7102822293057,1302.315988604942,1320.7102822293057,16023800
2019-10-30,1287.6007080078125,1309.673863002232,1283.9218488420759,1309.673863002232,17309700
2019-10-31,1243.4542236328125,1302.3159620296321,1232.4176476834089,1294.9582447300295,49303700
2019-11-01,1250.81201171875,1254.4908705767461,1180.9136934168198,1232.4177174287684,66497400
2019-11-04,1265.52734375,1265.52734375,1232.4176167332848,1254.4907680777617,16381200
2019-11-05,1261.848388671875,1280.2426800519315,1250.8118138438413,1280.2426800519315,13446400
2019-11-06,1250.81201171875,1269.2063060087316,1236.0965762867647,1258.1697294347425,16948900
2019-11-07,1221.3812255859375,1250.8120984916227,1214.0235073595163,1250.8120984916227,14663200
2019-11-08,1261.848388671875,1280.2426800519315,1250.8118138438413,1258.1695303958638,96489100
2019-11-11,1287.6007080078125,1291.2795671735491,1265.527553013393,1272.885271344866,33589700
2019-11-12,1287.6007080078125,1291.2795671735491,1250.8121163504463,1287.6007080078125,28129000
2019-11-13,1261.848388671875,1309.673546260022,1254.4906721198524,1287.600396603954,31548300
2019-11-14,1250.81201171875,1269.2063060087316,1239.7754351447609,1261.848588292739,27529100
2019-11-15,1247.1331787109375,1258.169755513689,1239.7754608424364,1254.4908965794386,20709000
2019-11-18,1250.81201171875,1250.81201171875,1202.9868465647978,1247.1331528607536,37810900
2019-11-19,1206.6656494140625,1250.8119536609183,1199.3079320395864,1250.8119536609183,33278800
2019-11-20,1232.4178466796875,1232.4178466796875,1202.9869727291277,1210.3446912167676,21262500
2019-11-21,1202.98681640625,1232.4176865323968,1199.3079576404816,1232.4176865323968,26991300
2019-11-22,1243.4542236328125,1247.1330822826137,1202.9867784849991,1214.0233544344028,67173700
2019-11-25,1287.6007080078125,1287.6007080078125,1239.7755388532366,1247.13325718471,53392100
2019-11-26,1272.8851318359375,1317.0314369863167,1247.1331204982162,1287.600566886064,453761700
2019-11-27,1232.4178466796875,1269.206439117887,1221.3812689482274,1254.4910021426072,52459700
2019-11-28,1184.5926513671875,1250.8121163504463,1184.5926513671875,1232.4178205217634,25998800
2019-11-29,1162.5194091796875,1206.6657158573971,1140.4462558408327,1206.6657158573971,36778400
2019-12-02,1147.803955078125,1173.5559668907752,1133.0885197566106,1162.5193903996394,40078500
2019-12-03,1122.052001953125,1144.125156089908,1111.0154248847336,1140.4462970671107,56047900
2019-12-04,1122.052001953125,1144.125156089908,1111.0154248847336,1122.052001953125,19094200
2019-12-05,1140.4462890625,1155.1617250504032,1125.7308530745968,1140.4462890625,39560700
2019-12-06,1092.62109375,1155.1616950757575,1077.9056581439393,1151.4828361742423,62751300
2019-12-09,1092.62109375,1118.373106060606,1081.5845170454545,1092.62109375,31663400
2019-12-10,1136.7674560546875,1147.804033297937,1092.62114708169,1092.62114708169,47184000
2019-12-11,1199.3079833984375,1199.3079833984375,1140.4462418819498,1144.1251007267304,66188600
2019-12-12,1169.877197265625,1202.9869292637086,1158.8406199329304,1199.3080701528104,39317600
2019-12-13,1140.4462890625,1184.5925970262097,1114.6942760836694,1169.8771610383064,35826400
2019-12-16,1140.4462890625,1180.9137380292339,1140.4462890625,1140.4462890625,26671400
2019-12-17,1158.8404541015625,1173.5558884393602,1140.4461611793156,1147.8038783482143,17869600
2019-12-18,1173.5560302734375,1195.6291844478596,1155.1617351280859,1158.8405941571561,42443700
2019-12-19,1166.1982421875,1180.91367742015,1162.5193833793376,1180.91367742015,6925500
2019-12-20,1177.2349853515625,1177.2349853515625,1147.8041107177735,1169.8772666931152,15062800
2019-12-23,1140.4462890625,1184.5925970262097,1140.4462890625,1184.5925970262097,7008700
2019-12-26,1140.4462890625,1162.5194430443548,1125.7308530745968,1151.4828660534274,11224300
2019-12-27,1140.4462890625,1151.4828660534274,1125.7308530745968,1144.1251480594758,8107100
2019-12-30,1099.978759765625,1144.1250645053824,1099.978759765625,1140.4462057770693,15903000
2020-01-02,1111.015380859375,1129.409675244464,1103.6576631053395,1103.6576631053395,13727900
2020-01-03,1114.6943359375,1122.0520543265266,1103.6577583539604,1118.3731951320133,15248800
2020-01-06,1081.58447265625,1114.6942014110332,1081.58447265625,1114.6942014110332,18050000
2020-01-07,1059.5113525390625,1092.6210823059082,1041.1170582241482,1081.5845057169597,34751300
2020-01-08,1037.4384765625,1059.5116356382978,1026.401897024601,1059.5116356382978,32211300
2020-01-09,1074.226806640625,1074.226806640625,1037.4382173721103,1037.4382173721103,39305900
2020-01-10,1099.978759765625,1103.6576184939381,1070.5478899391198,1074.226748667433,31783100
2020-01-13,1096.2999267578125,1103.6576443870595,1070.5479150554477,1099.978785572436,14011100
2020-01-14,1169.877197265625,1169.877197265625,1096.3000150476612,1096.3000150476612,61989800
2020-01-15,1177.2349853515625,1180.913844680786,1140.4463920593262,1169.8772666931152,17743700
2020-01-16,1177.2349853515625,1177.2349853515625,1155.1618293762206,1177.2349853515625,11668600
2020-01-17,1191.9503173828125,1191.9503173828125,1151.482868335865,1180.9137403700086,16551400
2020-01-20,1191.9503173828125,1191.9503173828125,1162.519445348669,1191.9503173828125,15778800
2020-01-21,1210.3447265625,1214.0235859137538,1166.1984143474544,1191.9504298062309,30084000
2020-01-22,1206.6656494140625,1232.4176602247285,1195.6290733523485,1210.3445081013003,15311000
2020-01-23,1191.9503173828125,1214.0234714084202,1177.2348813657406,1206.6657533998844,4652900
2020-01-24,1199.3079833984375,1210.344559932779,1184.5925480193157,1191.9502657088765,2521300
2020-01-27,1195.6290283203125,1199.3078868689904,1155.1615842848557,1199.3078868689904,13462000
2020-01-28,1199.3079833984375,1210.344559932779,1166.1982537954132,1195.629124553657,31136300
2020-01-29,1173.5560302734375,1210.344620564141,1173.5560302734375,1210.344620564141,8183500
2020-01-30,1151.4827880859375,1173.5559405732079,1140.4462118423023,1173.5559405732079,7031200
2020-01-31,1265.52734375,1265.52734375,1125.730718568314,1151.4827284702035,45764800
2020-02-03,1177.2349853515625,1243.4544532775878,1169.8772666931152,1243.4544532775878,40106500
2020-02-04,1177.2349853515625,1199.3081413269042,1166.1984073638916,1177.2349853515625,21324800
2020-02-05,1177.2349853515625,1184.5927040100098,1169.8772666931152,1177.2349853515625,26744700
2020-02-06,1206.6656494140625,1210.3445081013003,1173.5559212289204,1177.2347799161585,12920200
2020-02-07,1236.0966796875,1236.0966796875,1184.5926513671875,1206.665806361607,26416900
2020-02-10,1184.5926513671875,1232.4178205217634,1180.9137922014509,1232.4178205217634,9060800
2020-02-11,1169.877197265625,1202.9869292637086,1162.5194790438286,1202.9869292637086,9534700
2020-02-12,1166.1982421875,1177.2348186119875,1133.088512914038,1169.8771009956624,28666300
2020-02-13,1184.5926513671875,1191.9503696986608,1166.1983555385045,1166.1983555385045,8092500
2020-02-14,1210.3447265625,1217.7024452650076,1169.8772736987082,1184.5927111037233,20446100
2020-02-17,1214.0234375,1225.0600142045453,1210.3445785984848,1214.0234375,11931500
2020-02-18,1169.877197265625,1214.0235065964032,1169.877197265625,1199.3080701528104,8778800
2020-02-19,1147.803955078125,1177.2348257211538,1140.4462374173677,1173.5559668907752,13881300
2020-02-20,1147.803955078125,1169.8771080603967,1133.0885197566106,1147.803955078125,11534900
2020-02-21,1144.125,1155.161575562701,1133.088424437299,1147.8038585209003,7062500
2020-02-24,1111.015380859375,1147.803969629553,1103.6576631053395,1136.7673929984996,9370900
2020-02-25,1140.4462890625,1144.1251480594758,1107.3365580897178,1111.0154170866936,9023000
2020-02-26,1122.052001953125,1144.125156089908,1107.3365658619366,1140.4462970671107,12253600
2020-02-27,1103.6575927734375,1122.0518859863282,1099.9787341308593,1122.0518859863282,19117200
2020-02-28,1114.6943359375,1118.3731951320133,1052.1537296307756,1066.8691664088285,20747200
2020-03-02,1066.869140625,1114.6943089978447,1055.8325633081895,1103.6577316810344,20061500
2020-03-03,1077.90576171875,1111.0154950138651,1066.8691839537116,1066.8691839537116,14059400
2020-03-04,1129.409912109375,1136.7676314065045,1077.9058770294687,1081.5847366780333,8613400
2020-03-05,1092.62109375,1140.446259469697,1081.5845170454545,1133.0885416666665,8597300
2020-03-06,1074.226806640625,1088.9422423480307,1063.1902298600705,1088.9422423480307,5306100
2020-03-09,1026.4017333984375,1044.7960296959004,1008.0074371009744,1030.08059265793,21716900
2020-03-10,1052.1534423828125,1066.8688751434113,1008.0071441010163,1026.4014350517646,15901500
2020-03-11,1037.4384765625,1070.5482151761967,1022.7230371786347,1070.5482151761967,16770800
2020-03-12,996.9708862304688,1022.7229017419568,971.2188707189806,1022.7229017419568,16413400
2020-03-13,996.9708862304688,996.9708862304688,996.9708862304688,996.9708862304688,0
2020-03-16,963.8609619140625,1015.3649827796994,963.8609619140625,1015.3649827796994,15934600
2020-03-17,912.3569946289062,956.5033008206276,897.6415592316658,952.8244419713175,19395000
2020-03-18,901.3204345703125,952.8244594029018,849.8164097377232,897.641575653699,16289100
2020-03-19,838.7799072265625,893.962795859889,838.7799072265625,893.962795859889,8746100
2020-03-20,820.385498046875,827.7432155181474,783.5969106905129,783.5969106905129,30277900
2020-03-23,765.2026977539062,820.3855846111592,765.2026977539062,820.3855846111592,21803500
2020-03-24,809.3489379882812,816.7066556063565,713.6986089533026,765.2026322798296,29094800
2020-03-26,938.1090698242188,985.9342380897672,805.6701423196232,809.349001416973,28193500
2020-03-27,963.8609619140625,1004.3284068799201,882.9260719823474,938.108951481244,27042000
2020-03-30,956.50341796875,974.897714468149,904.9993877704327,963.8611365685096,10121600
2020-03-31,956.50341796875,1000.6497295673076,934.4302621694711,956.50341796875,17014700
2020-04-01,949.1456298828125,982.2553611577944,919.7147576383842,956.5033479439196,7736700
2020-04-02,904.9993286132812,956.5033554449315,890.2838923756669,956.5033554449315,16347800
2020-04-03,941.7879028320312,941.7879028320312,890.2838768959045,904.999312877655,19467100
2020-04-06,960.1821899414062,971.2187668372845,930.7513182190644,938.1090361496498,10382300
2020-04-07,974.8975830078125,989.6130182230248,923.3935597545697,974.8975830078125,16577000
2020-04-08,908.67822265625,971.2188290738866,908.67822265625,971.2188290738866,13241500
2020-04-09,875.5684814453125,927.072509765625,846.1376081194196,901.3204956054688,13704200
2020-04-13,879.2472534179688,897.6415474225288,849.8163830106728,875.5683946170568,7073000
2020-04-14,897.6416625976562,908.6782404164799,871.8896476870677,882.9262255058914,16541600
2020-04-15,938.1090698242188,952.8245062136183,901.32047885072,912.3570561427696,31584900
2020-04-16,912.3569946289062,949.1455831220073,904.9992769302861,934.4301477247669,13389100
2020-04-17,985.9342651367188,1004.3285611280754,916.0359403695634,916.0359403695634,35307300
2020-04-20,963.8609619140625,1000.6495482466603,963.8609619140625,985.9341137136212,10711200
2020-04-21,941.7879028320312,963.861056804657,904.999312877655,963.861056804657,12482600
2020-04-22,978.5764770507812,1000.649630668468,934.4301698154077,941.7878876879699,10577600
2020-04-23,1015.364990234375,1103.6575980808423,978.5764036316803,978.5764036316803,15970200
2020-04-24,1022.7227783203125,1074.2268031278102,1011.6862015758487,1015.36506049067,14962300
2020-04-27,1096.2999267578125,1114.6942208309301,1011.6861740214713,1030.080468094589,18046000
2020-04-28,1037.4384765625,1114.6945333277924,1022.7230371786347,1114.6945333277924,14526100
2020-04-29,1048.474609375,1059.5111842105264,1030.080317982456,1037.4380345394736,14279000
2020-04-30,1118.3731689453125,1140.4463235955488,1048.4748458862305,1063.1902823197215,19788900
2020-05-04,1092.62109375,1122.0519649621212,1041.1170691287878,1122.0519649621212,12089600
2020-05-05,1074.226806640625,1118.3731137628424,1055.8325120063678,1111.0153959091394,6314600
2020-05-06,1041.1170654296875,1077.9056543141287,1030.080488764355,1074.2267954256845,13115600
2020-05-08,1000.649658203125,1059.5114028033088,989.6130810905905,1044.795966653263,22197500
2020-05-11,1019.0438842773438,1033.7593194293631,1000.6495903373195,1004.3284491253244,15539700
2020-05-12,993.2919311523438,1033.7593801992912,985.9342131438078,1033.7593801992912,10675800
2020-05-13,945.4668579101562,993.2920297110591,927.0725610636551,993.2920297110591,20579600
2020-05-14,960.1821899414062,974.8976258025773,927.0724592537716,949.1456130455281,18843900
2020-05-15,963.8609619140625,974.8975378138418,919.7146583149452,956.5032446475429,19285400
2020-05-18,952.8244018554688,996.9707061885407,934.4301083833554,996.9707061885407,13305300
2020-05-19,963.8609619140625,974.8975378138418,956.5032446475429,960.1821032808027,12327800
2020-05-20,960.1821899414062,971.2187668372845,945.4667540802353,956.5033309761136,8962500
2020-05-26,1000.649658203125,1008.007376278148,949.1456316779642,960.1822087904985,14855600
2020-05-27,1019.0438842773438,1026.4016018533534,982.2552963972953,1008.0073079133292,13720000
2020-05-28,1096.2999267578125,1103.6576443870595,1026.4016092799654,1030.080468094589,32267200
2020-05-29,1144.125,1144.125,1059.5112540192927,1096.299839228296,31227300
2020-06-02,1085.263427734375,1147.8040320444916,1085.263427734375,1147.8040320444916,28454300
2020-06-03,1103.6575927734375,1122.0518859863282,1088.942158203125,1088.942158203125,13768900
2020-06-04,1099.978759765625,1133.088488320443,1092.6210423089988,1103.6576184939381,13209900
2020-06-05,1107.336669921875,1125.730966764431,1099.9789511848526,1122.0521073959198,18515700
2020-06-08,1114.6943359375,1129.409772715553,1096.300039964934,1111.015476742987,8174500
2020-06-09,1092.62109375,1122.0519649621212,1092.62109375,1118.373106060606,10216300
2020-06-10,1099.978759765625,1107.3364772222512,1081.5844661240592,1088.9421835806857,8890000
2020-06-11,1081.58447265625,1107.3364839099702,1070.5478964046556,1099.9787664089072,8911000
2020-06-12,1081.58447265625,1096.2999076583758,1026.401591398278,1052.1536026519982,6952600
2020-06-15,1111.015380859375,1118.3730986134108,1096.299945351304,1103.6576631053395,23731200
2020-06-16,1155.16162109375,1162.5193384255574,1111.015317102906,1111.015317102906,26306900
2020-06-17,1136.7674560546875,1166.1983287033527,1122.052019730355,1155.1617514601032,18424000
2020-06-18,1096.2999267578125,1136.7673737186713,1096.2999267578125,1136.7673737186713,23932200
2020-06-19,1103.6575927734375,1114.694168701172,1096.2998754882813,1096.2998754882813,35238900
2020-06-22,1096.2999267578125,1114.6942208309301,1092.621067943189,1107.3365032016832,16556500
2020-06-23,1103.6575927734375,1111.0153100585937,1092.621016845703,1096.2998754882813,10336400
2020-06-24,1129.409912109375,1140.4464910550694,1103.6578945694218,1111.0156138665513,19738600
2020-06-25,1111.015380859375,1129.409675244464,1099.9788042283217,1125.7308163674463,11544800
2020-06-26,1107.336669921875,1122.0521073959198,1103.6578105533638,1111.0155292903862,7601000
2020-06-29,1092.62109375,1111.0153882575758,1070.547940340909,1107.3365293560605,16289700
2020-06-30,1111.015380859375,1118.3730986134108,1096.299945351304,1096.299945351304,16586500
2020-07-01,1077.90576171875,1125.7309320339164,1074.2269024637371,1111.0154950138651,16645900
2020-07-02,1103.6575927734375,1103.6575927734375,1077.9055822753905,1085.2632995605468,7339200
2020-07-03,1096.2999267578125,1107.3365032016832,1081.5844914993183,1103.6576443870595,5860300
2020-07-06,1092.62109375,1103.6576704545453,1066.8690814393938,1066.8690814393938,8565100
2020-07-07,1133.0885009765625,1140.4462185153714,1099.9787720519228,1099.9787720519228,17824700
2020-07-08,1136.7674560546875,1144.1251742168538,1125.730878811438,1133.0885969736044,12166800
2020-07-09,1147.803955078125,1155.161672738882,1133.0885197566106,1133.0885197566106,8125300
2020-07-10,1144.125,1151.4827170418007,1118.3729903536978,1147.8038585209003,5855600
2020-07-13,1199.3079833984375,1202.986842243218,1144.1251007267304,1144.1251007267304,16774700
2020-07-14,1214.0234375,1214.0234375,1184.5925662878788,1206.6657196969695,13052800
2020-07-15,1236.0966796875,1236.0966796875,1202.9869471958705,1214.0235246930804,11953300
2020-07-16,1214.0234375,1239.775449810606,1199.3080018939393,1236.0965909090908,10489400
2020-07-17,1202.98681640625,1214.023392703555,1191.9502401089449,1214.023392703555,9461200
2020-07-20,1144.125,1214.0233118971062,1140.4461414790997,1202.9867363344051,14598900
2020-07-21,1214.0234375,1225.0600142045453,1144.125118371212,1144.125118371212,17024300
2020-07-22,1195.6290283203125,1239.7753309044472,1177.2347355769232,1221.3810381610576,10969700
2020-07-23,1217.7025146484375,1221.381374209309,1195.6293572832092,1195.6293572832092,7500900
2020-07-24,1206.6656494140625,1221.3810841630145,1195.6290733523485,1221.3810841630145,10768800
2020-07-27,1214.0234375,1225.0600142045453,1199.3080018939393,1214.0234375,4744700
2020-07-28,1239.7755126953125,1243.4543717834292,1206.6657809022627,1217.7023581666126,12864500
2020-07-29,1280.2430419921875,1335.42593173323,1243.4544488314925,1247.133308147562,19265400
2020-07-30,1287.6007080078125,1320.710440499442,1280.2429896763392,1280.2429896763392,13366200
2020-08-03,1250.81201171875,1294.9583180147058,1199.3079877068014,1287.600600298713,20586400
2020-08-04,1236.0966796875,1250.8121163504463,1228.7389613560267,1250.8121163504463,11673400
2020-08-05,1239.7755126953125,1250.8120899596624,1214.023499078496,1250.8120899596624,5225400
2020-08-06,1214.0234375,1247.1331676136363,1195.6291429924242,1243.454308712121,20134100
2020-08-07,1221.3812255859375,1243.4543802652015,1210.3446482463055,1210.3446482463055,14610700
2020-08-10,1221.3812255859375,1239.7755211519907,1217.702366472727,1221.3812255859375,9431400
2020-08-11,1214.0234375,1236.0965909090908,1195.6291429924242,1228.7388731060605,17365600
2020-08-12,1206.6656494140625,1221.3810841630145,1199.3079320395864,1214.0233667885384,9931500
2020-08-13,1202.98681640625,1214.023392703555,1199.3079576404816,1210.3445339377868,8320800
2020-08-14,1190.4132080078125,1209.0134143829346,1171.8130016326904,1205.2933731079102,20932000
2020-08-18,1205.293212890625,1223.8934167932582,1171.8128458658855,1171.8128458658855,20415200
2020-08-19,1201.5732421875,1212.7333651799536,1194.133160192531,1205.2932831849844,8549200
2020-08-24,1205.293212890625,1209.0132536711517,1197.8531313295719,1201.5731721100985,14272400
2020-08-25,1227.613525390625,1242.4936893347538,1205.2932794744318,1209.013320460464,25988600
2020-08-26,1223.8935546875,1238.7737194861322,1216.4534722881838,1227.613595887158,11584700
2020-08-27,1197.853271484375,1223.8935599949048,1182.973106621215,1223.8935599949048,21248600
2020-08-28,1194.1331787109375,1201.573260821286,1190.4131376557632,1201.573260821286,13066500
2020-08-31,1149.49267578125,1205.293291110437,1116.0123065837379,1190.4131270226537,29206500
2020-09-01,1179.2530517578125,1190.4131752760252,1149.4927223759119,1149.4927223759119,20611500
2020-09-02,1209.01318359375,1209.01318359375,1168.0927373798077,1168.0927373798077,25093000
2020-09-03,1205.293212890625,1223.8934167932582,1190.4130497685185,1190.4130497685185,16756300
2020-09-04,1190.4132080078125,1197.8532905578613,1164.3729190826416,1197.8532905578613,7640700
2020-09-07,1168.0927734375,1194.1330581956609,1156.932651398288,1190.4130175159235,6004700
2020-09-08,1194.1331787109375,1197.8532197661118,1149.4926860488465,1168.0928913247178,20544900
2020-09-09,1175.532958984375,1197.8532050410404,1156.9327539371538,1194.1331640315962,16829100
2020-09-10,1093.6920166015625,1112.2922209655346,1093.6920166015625,1093.6920166015625,24540100
2020-09-11,1156.9327392578125,1160.6527802200562,1019.291223654793,1023.0112646170368,22527800
2020-09-14,1175.532958984375,1190.413123022152,1149.4926719182654,1190.413123022152,11971000
2020-09-15,1156.9327392578125,1197.853189842494,1149.492657333325,1197.853189842494,16578400
2020-09-16,1130.8924560546875,1164.3728248194645,1123.4523741069593,1164.3728248194645,6808200
2020-09-17,1134.6124267578125,1145.772548988217,1127.172345270876,1130.8923860143443,9637200
2020-09-18,1190.4132080078125,1190.4132080078125,1119.7324237823486,1134.6125888824463,14273100
2020-09-21,1119.732421875,1182.973123442691,1119.732421875,1182.973123442691,19670700
2020-09-22,1127.17236328125,1138.3324856899753,1093.6919960550742,1112.2922000696165,11456100
2020-09-23,1149.49267578125,1149.49267578125,1119.7323476056838,1119.7323476056838,10982400
2020-09-24,1071.371826171875,1142.052606370714,1071.371826171875,1134.6125242445205,11201800
2020-09-25,1168.0927734375,1171.8128141172372,1104.8520818819666,1104.8520818819666,13510800
2020-09-28,1186.693115234375,1197.853238575137,1138.332580757739,1175.532991893613,26529300
2020-09-29,1182.9730224609375,1194.1331453143425,1168.0928586563973,1190.4131043632076,6896900
2020-09-30,1186.693115234375,1197.853238575137,1168.0929096664381,1190.4131563479623,5859600
2020-10-01,1197.853271484375,1197.853271484375,1179.253065405425,1186.693147837005,6943400
2020-10-02,1171.8128662109375,1197.853152126736,1164.3727845207093,1197.853152126736,3102100
2020-10-05,1164.372802734375,1182.9730072508987,1164.372802734375,1182.9730072508987,3562000
2020-10-06,1149.49267578125,1179.2530039568164,1149.49267578125,1175.5329629348705,4514000
2020-10-07,1149.49267578125,1164.3728398690332,1116.0123065837379,1149.49267578125,17159600
2020-10-08,1160.65283203125,1164.3728731595554,1127.1724618765024,1149.4927086463342,11935600
2020-10-09,1153.2127685546875,1164.3728921213458,1138.332603799143,1160.6528509324596,2971500
2020-10-12,1182.9730224609375,1190.4131043632076,1145.7726129495873,1153.2126948518573,6982400
2020-10-13,1212.7333984375,1231.3336039350077,1168.0929052434815,1182.9730696414877,16807600
2020-10-14,1212.7333984375,1212.7333984375,1197.8532340394938,1212.7333984375,16418000
2020-10-15,1168.0927734375,1216.4533022740843,1164.3727327577626,1212.7332615943471,9857000
2020-10-16,1175.532958984375,1186.6930820127077,1168.0928769654865,1168.0928769654865,10298700
2020-10-19,1179.2530517578125,1186.6931341032875,1168.0929282395998,1186.6931341032875,3575000
2020-10-20,1186.693115234375,1186.693115234375,1153.2127452120885,1175.532991893613,5863100
2020-10-21,1164.372802734375,1194.1331299608128,1156.9327209277656,1186.6930481542033,18544200
2020-10-22,1175.532958984375,1175.532958984375,1156.9327539371538,1168.0928769654865,10650100
2020-10-23,1179.2530517578125,1182.9730929305501,1168.0929282395998,1182.9730929305501,12891400
2020-10-26,1171.8128662109375,1182.9729887462797,1168.0928253658233,1179.2529479011655,5503700
2020-10-27,1164.372802734375,1175.5329254442893,1142.052557314547,1160.6527618310704,9949000
2020-11-02,1134.6124267578125,1153.2126304751537,1104.8521008100665,1149.4925897316855,14878800
2020-11-03,1164.372802734375,1171.8128845409844,1138.332516411242,1149.4926391211561,5412100
2020-11-04,1171.8128662109375,1186.6930295913937,1153.212661985367,1164.3727845207093,7001700
2020-11-05,1197.853271484375,1197.853271484375,1182.973106621215,1186.693147837005,9511100
2020-11-06,1209.01318359375,1212.7332241586537,1197.8530618990385,1212.7332241586537,8896500
2020-11-09,1212.7333984375,1227.6135628355062,1209.0133573379985,1212.7333984375,13168900
2020-11-10,1264.81396484375,1287.1342112821692,1220.1734719669118,1235.053636259191,23966500
2020-11-11,1275.973876953125,1287.133998325893,1246.2135532924108,1283.4139578683037,14034200
2020-11-12,1279.6939697265625,1279.6939697265625,1257.3737260685411,1275.9739291168924,9312500
2020-11-13,1305.7344970703125,1324.3347035812858,1264.8140427461717,1272.254125350561,9359000
2020-11-16,1283.4141845703125,1313.174513487885,1279.6941434556159,1309.4544723731883,7643700
2020-11-17,1257.373779296875,1287.1341054340792,1246.2136569954234,1283.4140646669287,20525400
2020-11-18,1298.2943115234375,1298.2943115234375,1249.9337784294414,1261.0939014511328,19225000
2020-11-19,1257.373779296875,1298.2942277355307,1257.373779296875,1298.2942277355307,11616500
2020-11-20,1216.453369140625,1264.8139006355123,1209.013287372181,1257.3738188670682,20916900
2020-11-23,1249.933837890625,1249.933837890625,1223.893549601237,1223.893549601237,15954200
2020-11-24,1283.4141845703125,1287.134225685009,1257.3738967674365,1257.3738967674365,24219100
2020-11-25,1272.2540283203125,1298.2943154496757,1264.8139462833517,1290.8542334127148,12641400
2020-11-26,1261.0938720703125,1275.9740357525582,1249.9337493086284,1272.2539948319966,7321200
2020-11-27,1235.0535888671875,1264.8139163097703,1227.6135070065418,1261.0938753794474,27577400
2020-11-30,1179.2530517578125,1242.4937516943512,1175.5330105850749,1235.0536693488762,54091900
2020-12-01,1220.17333984375,1231.333461854516,1190.4130144817073,1190.4130144817073,20702400
2020-12-02,1227.613525390625,1235.0536073626895,1212.7333614464962,1227.613525390625,17316500
2020-12-03,1227.613525390625,1231.3335663766572,1212.7333614464962,1227.613525390625,13146800
2020-12-04,1209.01318359375,1227.613386418269,1205.293143028846,1227.613386418269,9583600
2020-12-07,1212.7333984375,1227.6135628355062,1209.0133573379985,1212.7333984375,14414500
2020-12-08,1216.453369140625,1223.8934509090693,1201.5732056037366,1216.453369140625,17687700
2020-12-10,1249.933837890625,1249.933837890625,1216.4534672328405,1231.3336319696336,30032000
2020-12-11,1268.5340576171875,1268.5340576171875,1242.4937690444008,1249.9338514937683,43287500
2020-12-14,1346.65478515625,1346.65478515625,1272.2539682967888,1272.2539682967888,45771700
2020-12-15,1346.65478515625,1361.5349485281422,1309.4543767265193,1350.374825999223,28531800
2020-12-16,1342.934814453125,1368.9751017139888,1339.2147734158586,1361.5350196394563,22594300
2020-12-17,1346.65478515625,1365.2549893711152,1316.8944584124654,1354.094866842196,30028800
2020-12-18,1376.415283203125,1376.415283203125,1320.6146636138092,1346.6549527554898,13756100
2020-12-21,1361.534912109375,1376.415075083248,1339.2146676485654,1376.415075083248,9240500
2020-12-22,1298.2943115234375,1350.3748856246643,1268.5339834655938,1339.2147626029728,21385100
2020-12-23,1324.3345947265625,1331.7746767194085,1235.0536108124122,1298.294307751602,20696500
2020-12-28,1328.0545654296875,1342.9347286277791,1305.7343206325497,1335.4946470287332,8104000
2020-12-29,1339.21484375,1339.21484375,1290.8543077256943,1339.21484375,6238700
2020-12-30,1275.973876953125,1320.6143624441966,1268.5337960379466,1294.5740792410716,15234600
2021-01-04,1264.81396484375,1298.2943345013787,1242.4937184053308,1275.9740880629595,12191600
2021-01-05,1309.454345703125,1309.454345703125,1246.2136528708718,1264.8138566450639,19742400
2021-01-06,1287.1341552734375,1324.3345643853866,1257.3738279838783,1309.454400740607,14464700
2021-01-07,1324.3345947265625,1339.2147587122543,1290.8542257587562,1309.454430740871,13680600
2021-01-08,1339.21484375,1346.6549262152778,1324.3346788194444,1339.21484375,13376700
2021-01-11,1309.454345703125,1346.6547532515092,1302.0142641934483,1339.2146717418325,19748100
2021-01-12,1305.7344970703125,1331.7747861856749,1302.0144557681178,1309.4545383725072,10593900
2021-01-13,1309.454345703125,1320.6144679676404,1290.854141928933,1309.454345703125,7137900
2021-01-14,1283.4141845703125,1339.2148012907608,1283.4141845703125,1316.8945546025814,25159900
2021-01-15,1294.5743408203125,1316.8945880758351,1283.4142171925512,1283.4142171925512,18854300
2021-01-18,1305.7344970703125,1320.6146622790911,1287.1342905593394,1305.7344970703125,16377200
2021-01-19,1294.5743408203125,1320.614629285089,1283.4142171925512,1320.614629285089,10440000
2021-01-20,1298.2943115234375,1309.454434545129,1272.2540244728243,1305.7343935378985,18208900
2021-01-21,1253.65380859375,1309.4544232195844,1249.9337676186944,1302.0143412694733,19507200
2021-01-22,1186.693115234375,1257.3738963925352,1182.9730741207875,1253.6538552789477,38144400
2021-01-25,1212.7333984375,1223.8935217360047,1142.0526175469709,1186.6931107409894,34318400
2021-01-26,1205.293212890625,1216.4533352322048,1175.5328866464122,1212.7332944516784,43544900
2021-01-27,1186.693115234375,1205.2933208023119,1175.532991893613,1205.2933208023119,25823300
2021-01-28,1212.7333984375,1223.8935217360047,1179.2530285419862,1182.9730696414877,28645200
2021-01-29,1160.65283203125,1231.3336134690505,1142.0526263897236,1223.89353121244,53677300
2021-02-01,1194.1331787109375,1197.8532197661118,1153.2127271040206,1160.6528092143692,31547000
2021-02-02,1201.5732421875,1220.1734471749226,1194.133160192531,1205.2932831849844,37090800
2021-02-03,1227.613525390625,1257.3738532788825,1209.013320460464,1216.4534024325285,33377000
2021-02-04,1242.49365234375,1257.3738158448728,1209.0132844662237,1238.7736114684692,9568200
2021-02-05,1216.453369140625,1242.4936553301798,1212.733328256403,1227.6134917932914,6336400
2021-02-08,1253.65380859375,1279.6940954191393,1227.6135217683604,1238.7736446935273,16629000
2021-02-09,1242.49365234375,1272.2539793459955,1216.453366216785,1264.8138975954341,10913200
2021-02-10,1197.853271484375,1223.8935599949048,1160.652859326475,1223.8935599949048,57303900
2021-02-11,1168.0927734375,1194.1330581956609,1164.3727327577626,1190.4130175159235,36443800
2021-02-15,1190.4132080078125,1190.4132080078125,1153.2127952575684,1171.8130016326904,38047400
2021-02-16,1179.2530517578125,1201.5732987942379,1175.5330105850749,1197.8532576215005,19289500
2021-02-17,1209.01318359375,1212.7332241586537,1179.2528590745192,1182.972899639423,29324400
2021-02-18,1190.4132080078125,1216.4534969329834,1190.4132080078125,1212.733455657959,24290600
2021-02-19,1190.4132080078125,1197.8532905578613,1179.2530841827393,1190.4132080078125,17151700
2021-02-22,1197.853271484375,1205.2933539159549,1186.693147837005,1194.1332302685848,11130100
2021-02-23,1223.8935546875,1223.8935546875,1194.1332250902356,1209.0133898888678,9434200
2021-02-24,1212.7333984375,1231.3336039350077,1205.293316238497,1227.6135628355062,21364800
2021-02-25,1164.372802734375,1212.7333344773363,1164.372802734375,1209.0132935740316,81287600
2021-02-26,1134.6124267578125,1179.2529156794312,1134.6124267578125,1156.9326712186219,508142300
2021-03-01,1134.6124267578125,1149.4925897316855,1116.0122230404713,1145.772548988217,123763800
2021-03-02,1153.2127685546875,1171.812974499118,1134.6125626102569,1138.332603799143,127733300
2021-03-03,1153.2127685546875,1171.812974499118,1142.0526449880292,1156.9328097435734,107829200
2021-03-04,1168.0927734375,1171.8128141172372,1138.3324479996018,1153.2126107185509,44768800
2021-03-05,1164.372802734375,1179.2529663475939,1156.9327209277656,1168.0928436376798,47689400
2021-03-08,1164.372802734375,1175.5329254442893,1160.6527618310704,1171.8128845409844,29676300
2021-03-09,1194.1331787109375,1205.2933018764604,1164.3728502695435,1175.5329734350662,52649200
2021-03-10,1194.1331787109375,1212.7333839868088,1186.6930966005891,1205.2933018764604,23717500
2021-03-12,1186.693115234375,1201.5732796887246,1175.532991893613,1197.853238575137,26011100
2021-03-15,1201.5732421875,1227.6135291698915,1194.133160192531,1194.133160192531,17443800
2021-03-16,1171.8128662109375,1209.0132746620784,1164.3727845207093,1205.2932338169642,14258600
2021-03-17,1127.17236328125,1175.5328937190595,1123.4523224783416,1164.3727713103342,46266300
2021-03-18,1138.33251953125,1138.33251953125,1116.0122740502452,1134.6124786177493,72322100
2021-03-19,1168.0927734375,1175.5328547969746,1119.7322446009155,1138.3324479996018,58570800
2021-03-22,1171.8128662109375,1182.9729887462797,1160.6527436755953,1171.8128662109375,27486100
2021-03-23,1160.65283203125,1179.2530376727766,1149.4927086463342,1175.5329965444712,12456900
2021-03-24,1149.49267578125,1160.6527988470875,1142.0525937373584,1145.7726347593043,13524100
2021-03-25,1130.8924560546875,1145.772619950144,1119.7323331330952,1134.6124970285516,8214200
2021-03-26,1138.33251953125,1142.052560444751,1127.1723967907476,1130.8924377042486,30175000
2021-03-29,1145.7724609375,1153.2125418526787,1138.3323800223216,1142.0524204799108,17957300
2021-03-30,1164.372802734375,1164.372802734375,1145.7725982178515,1153.212680024461,17152000
2021-03-31,1134.6124267578125,1168.0927934490267,1127.172345270876,1168.0927934490267,17086300
2021-04-01,1160.65283203125,1160.65283203125,1127.1724618765024,1130.8925030048078,9494900
2021-04-05,1164.372802734375,1171.8128845409844,1142.052557314547,1171.8128845409844,5709300
2021-04-06,1179.2530517578125,1179.2530517578125,1149.4927223759119,1164.3728870668622,8809900
2021-04-07,1164.372802734375,1182.9730072508987,1160.6527618310704,1182.9730072508987,6309900
2021-04-08,1127.17236328125,1164.3727713103342,1123.4523224783416,1156.9326897045173,34521000
2021-04-09,1119.732421875,1134.612586949751,1119.732421875,1127.1725044123755,25913700
2021-04-12,1078.8118896484375,1127.1724226326778,1060.2116846544989,1127.1724226326778,47686400
2021-04-13,1045.33154296875,1078.8119126723755,1011.8511732651245,1078.8119126723755,47450800
2021-04-14,1056.4915771484375,1071.3717402068662,1041.6114140900088,1045.331454854616,54858200
2021-04-15,1089.9720458984375,1101.1321692352815,1060.2117170001866,1060.2117170001866,37056900
2021-04-16,1127.17236328125,1134.6124448870669,1101.1320776608911,1108.572159266708,41022300
2021-04-19,1101.1322021484375,1130.8925319362331,1089.9720784780143,1130.8925319362331,22699900
2021-04-20,1134.6124267578125,1138.3324675012807,1101.1320600665983,1101.1320600665983,20391600
2021-04-21,1104.8521728515625,1134.61250073982,1097.412090879498,1134.61250073982,8010300
2021-04-22,1082.531982421875,1112.2923118355347,1078.8119412451676,1097.4121471287049,8831200
2021-04-23,1101.1322021484375,1108.5722845953865,1086.2520372545398,1093.6921197014888,11397600
2021-04-26,1108.5721435546875,1116.0122250550546,1101.1320620543206,1108.5721435546875,11618200
2021-04-27,1104.8521728515625,1127.1724187677557,1097.412090879498,1116.012295809659,18636700
2021-04-28,1097.412109375,1104.8521914724577,1078.811904131356,1104.8521914724577,22368900
2021-04-29,1104.8521728515625,1104.8521728515625,1093.692049893466,1104.8521728515625,14383400
2021-04-30,1101.1322021484375,1104.852243371912,1082.5319960310653,1104.852243371912,8166300
2021-05-03,1101.1322021484375,1112.292325818861,1086.2520372545398,1101.1322021484375,6528800
2021-05-04,1082.531982421875,1104.8522294821198,1075.09190006846,1101.1321883054125,19214300
2021-05-05,1082.531982421875,1093.6921059519975,1078.8119412451676,1082.531982421875,8635000
2021-05-06,1093.6920166015625,1097.412057474357,1082.531893983179,1086.2519348559736,7392900
2021-05-07,1101.1322021484375,1108.5722845953865,1089.9720784780143,1101.1322021484375,10492700
2021-05-10,1097.412109375,1101.132150423729,1082.531945180085,1101.132150423729,5610700
2021-05-11,1101.1322021484375,1101.1322021484375,1089.9720784780143,1097.412160924963,7220900
2021-05-17,1060.2115478515625,1101.131993558114,1052.7714668140077,1097.4119530393366,15053800
2021-05-18,1078.8118896484375,1078.8118896484375,1056.4916436557112,1067.6517666520742,7347200
2021-05-19,1089.9720458984375,1093.6920870107188,1075.091881449312,1078.8119225615933,8036500
2021-05-20,1086.251953125,1093.6920349957193,1075.0918303189212,1078.811871254281,9333600
2021-05-21,1071.371826171875,1093.6920725504558,1063.9317440456814,1093.6920725504558,4994400
2021-05-24,1056.4915771484375,1075.0917809714733,1052.7715363838304,1071.3717402068662,2431200
2021-05-25,1049.0517578125,1067.6519662843527,1041.6116744237588,1060.2118828956116,7555800
2021-05-27,1093.6920166015625,1093.6920166015625,1052.7715670008238,1060.2116487464125,13263700
2021-05-28,1108.5721435546875,1108.5721435546875,1075.0917768030358,1093.6919805539535,15669000
2021-05-31,1112.2921142578125,1119.7321952896373,1101.131992710075,1108.5720737419,11478300
2021-06-02,1138.33251953125,1153.2126831852534,1119.732314963746,1123.4523558772469,21066800
2021-06-03,1153.2127685546875,1160.6528509324596,1138.332603799143,1145.7726861769152,12186800
2021-06-04,1142.052734375,1171.813066215391,1134.6126514149023,1156.9329002951954,15443100
2021-06-07,1112.2921142578125,1149.4925194169366,1104.8520332259875,1142.0524383851118,10050300
2021-06-08,1075.0916748046875,1108.57203837992,1067.6515940101915,1104.851997982672,11478000
2021-06-09,1052.771728515625,1075.0919771767337,1049.051687072107,1075.0919771767337,28795600
2021-06-10,1052.771728515625,1075.0919771767337,1052.771728515625,1056.491769959143,17619800
2021-06-11,1052.771728515625,1063.9318528461793,1049.051687072107,1052.771728515625,10206800
2021-06-14,1037.8914794921875,1063.9317675081206,1026.7313560567877,1052.7716440727206,21241400
2021-06-15,1019.2911987304688,1041.6114439581431,1015.5711578591896,1037.891403086864,16966200
2021-06-16,1026.731201171875,1034.1712823397872,1015.5710794200069,1019.2911200039629,14166100
2021-06-17,1037.8914794921875,1041.6115206373208,1023.0113149116544,1026.7313560567877,16680300
2021-06-18,1031.9132080078125,1054.7599949009743,1001.4508254835965,1054.7599949009743,25611100
2021-06-21,1001.4508056640625,1031.9131875854027,970.9884237427221,1016.6819966247326,22596200
2021-06-22,1020.4898071289062,1035.720998280084,1012.8742115533174,1020.4898071289062,6466900
2021-06-23,1020.4898071289062,1035.720998280084,1016.6820093411118,1020.4898071289062,7662300
2021-06-24,1012.874267578125,1028.105459571781,1001.450873582883,1024.297661573367,15280700
2021-06-25,1016.6820068359375,1020.4898046143493,986.2196246086436,1012.8742090575258,15335300
2021-06-28,990.0274658203125,1016.6820514385516,974.7962740384615,1016.6820514385516,12189000
2021-06-29,967.1807250976562,990.0275138794907,955.7573307067391,990.0275138794907,16776000
2021-06-30,951.949462890625,970.9884521484374,940.5260693359374,967.180654296875,22473700
2021-07-01,951.949462890625,963.3728564453124,940.5260693359374,951.949462890625,6239200
2021-07-02,1009.0664672851562,1012.8742652749115,959.5650934183373,967.1806893978479,24455000
2021-07-05,1081.4146728515625,1081.4146728515625,1016.6821044062225,1020.4899025500661,20959300
2021-07-06,1130.9158935546875,1134.7236911760838,1085.2223220979324,1085.2223220979324,27145900
2021-07-07,1191.8406982421875,1218.4952825479234,1142.3393273886782,1142.3393273886782,42670900
2021-07-08,1195.6484375,1207.071830214968,1172.8016520700637,1195.6484375,28250200
2021-07-09,1176.6094970703125,1195.6484856960456,1146.1471152691392,1195.6484856960456,10635900
2021-07-12,1188.03271484375,1195.6483091696714,1172.801526191907,1184.2249176807893,16613800
2021-07-13,1172.8017578125,1191.840747387378,1161.3783640675729,1188.0329494724026,6458700
2021-07-14,1119.4925537109375,1168.99392513353,1100.453564702248,1168.99392513353,25243100
2021-07-15,1115.6846923828125,1146.1470730622066,1100.4535020431153,1115.6846923828125,12954500
2021-07-16,1081.4146728515625,1119.4926542899977,1069.991278420032,1115.6848561461543,17283800
2021-07-19,1058.5677490234375,1085.2223326319413,1047.1443560483644,1085.2223326319413,14136200
2021-07-21,1050.9522705078125,1066.1834628340125,1043.3366743447123,1058.5678666709125,11152600
2021-07-22,1028.10546875,1058.5678530092591,1024.2976707175926,1047.144458912037,20749300
2021-07-23,1012.874267578125,1031.913257570195,1012.874267578125,1028.105459571781,8447700
2021-07-26,1005.2586669921875,1028.1054548783736,1001.4508690111564,1016.6820609352804,10598000
2021-07-27,993.835205078125,1012.8741936811542,978.6040141957016,1005.2585982399424,13704700
2021-07-28,982.4119262695312,993.8353207610375,974.7963299418604,993.8353207610375,10673900
2021-07-29,1009.0664672851562,1020.4898612544222,974.7962853773585,978.6040833671138,29077100
2021-07-30,1005.2586669921875,1020.4898589163115,990.0274750680634,1020.4898589163115,14713000
2021-08-02,993.835205078125,1009.0663959605483,982.4118119163074,1005.2585982399424,9038000
2021-08-03,1009.0664672851562,1016.6820632646669,990.0274773363797,993.835275326135,57143900
2021-08-04,1039.5286865234375,1069.9910656156994,1016.681902204241,1016.681902204241,64604200
2021-08-05,1028.10546875,1054.7600549768517,1024.2976707175926,1039.5288628472222,20376200
2021-08-06,1016.6820068359375,1043.3365912848199,1001.4508157222906,1043.3365912848199,6970300
2021-08-09,1035.720947265625,1047.1443400663488,1016.6819592644187,1020.48975686466,7324500
2021-08-10,1108.0692138671875,1130.9160017819747,1039.5288501228254,1043.3366481086232,40536900
2021-08-12,1138.531494140625,1153.7626846976902,1119.4925059442935,1119.4925059442935,25647800
2021-08-13,1108.0692138671875,1146.1471937251663,1089.0302239381979,1146.1471937251663,14008700
2021-08-16,1142.3392333984375,1168.9938155110676,1111.8768538411457,1130.9158410644532,15861300
2021-08-18,1142.3392333984375,1168.9938155110676,1127.1080436197917,1146.147030843099,12563300
2021-08-19,1104.2613525390625,1142.3393302128234,1081.414565934806,1142.3393302128234,6932500
2021-08-20,1119.4925537109375,1138.531542719627,1073.798980090083,1100.453564702248,6461200
2021-08-23,1130.9158935546875,1142.3392864188763,1104.2613102049138,1111.8769054477063,5063400
2021-08-24,1089.030029296875,1142.3391915701486,1077.6066373811736,1142.3391915701486,3679800
2021-08-25,1073.799072265625,1104.2614572944372,1062.3756778798206,1089.030264780031,3673300
2021-08-26,1062.375732421875,1073.7991273941532,1043.3367408014112,1069.9913290700606,10677200
2021-08-27,1050.9522705078125,1062.3756647524626,1047.1444724262624,1050.9522705078125,7732700
2021-08-30,1085.222412109375,1096.6458059210527,1062.37562448602,1073.7990182976973,15522100
2021-08-31,1058.5677490234375,1092.8379279486567,1047.1443560483644,1089.030130290299,16439800
2021-09-01,1073.799072265625,1081.4146685228282,1050.952283494016,1062.3756778798206,11433000
2021-09-02,1050.9522705078125,1081.4146551602128,1050.9522705078125,1073.7990589971128,5538700
2021-09-03,1047.1444091796875,1058.567802734375,1043.336611328125,1050.95220703125,7830400
2021-09-06,1066.183349609375,1077.606742640904,1050.9521589006697,1050.9521589006697,11713700
2021-09-07,1066.183349609375,1077.606742640904,1054.759956577846,1073.7989449637278,6032800
2021-09-08,1073.799072265625,1073.799072265625,1058.567879751219,1073.799072265625,8264800
2021-09-09,1066.183349609375,1077.606742640904,1058.5677542550225,1073.7989449637278,7197800
2021-09-10,1050.9522705078125,1069.9912609155626,1050.9522705078125,1066.1834628340125,6538700
2021-09-13,1054.7598876953125,1058.5676851238154,1050.9520902668096,1050.9520902668096,3300800
2021-09-14,1062.375732421875,1073.7991273941532,1054.7601357736896,1054.7601357736896,9725900
2021-09-15,1050.9522705078125,1066.1834628340125,1047.1444724262624,1062.3756647524626,5958400
2021-09-16,1047.1444091796875,1054.7600048828124,1047.1444091796875,1050.95220703125,4368300
2021-09-17,1028.10546875,1054.7600549768517,1028.10546875,1047.144458912037,16531100
2021-09-20,997.6430053710938,1031.91318494491,997.6430053710938,1028.105387214486,11236300
2021-09-21,990.0274658203125,1005.2586576021635,986.2196678748497,997.6430617112379,8764600
2021-09-22,997.6430053710938,1016.6819940232139,986.2196121798216,990.0274099102456,18952600
2021-09-23,993.835205078125,1009.0663959605483,986.2196096369132,997.6430027987308,11065800
2021-09-24,982.4119262695312,997.6431189248729,978.6041281056958,993.8353207610375,18472100
2021-09-27,955.7572631835938,986.2196460739075,955.7572631835938,982.4118482126183,22574000
2021-09-28,963.3729248046875,970.9885210482028,951.9495304394145,959.5651266829298,25040800
2021-09-29,959.5650634765625,967.1806592184399,955.7572656056237,963.3728613475013,17073800
2021-09-30,967.1807250976562,974.7963213582677,959.5651288370449,963.3729269673505,19385400
2021-10-01,959.5650634765625,967.1806592184399,955.7572656056237,967.1806592184399,26130200
2021-10-04,993.835205078125,1012.8741936811542,959.5650255926723,959.5650255926723,84265700
2021-10-05,1047.1444091796875,1047.1444091796875,970.9884521484374,997.643037109375,67125600
2021-10-06,1073.799072265625,1100.4536591658357,1024.2976965938055,1050.952283494016,78232700
2021-10-07,1104.2613525390625,1115.6847458411908,1047.1443860284214,1077.60676816743,50569100
2021-10-08,1081.4146728515625,1104.2614617146237,1050.9522877008142,1104.2614617146237,40264100
2021-10-11,1069.9912109375,1085.2224025522687,1035.7210298042705,1081.4146046485766,34871900
2021-10-12,1069.9912109375,1081.4146046485766,1050.9522214190392,1058.5678172264236,32744500
2021-10-13,1073.799072265625,1085.2224666514296,1066.183476008422,1066.183476008422,12486600
2021-10-14,1081.4146728515625,1104.2614617146237,1073.7990765638754,1073.7990765638754,22294500
2021-10-15,1069.9912109375,1100.4535941670374,1066.183413033808,1100.4535941670374,16724600
2021-10-18,1123.3004150390625,1138.5316071073887,1073.7990408170022,1073.7990408170022,33117700
2021-10-19,1100.4534912109375,1134.7236691379217,1089.0300985686094,1123.3002764955936,13454600
2021-10-21,1108.0692138671875,1108.0692138671875,1066.1834360234106,1096.6458199097938,25126200
2021-10-22,1077.606689453125,1108.0690693669944,1069.9910944746578,1108.0690693669944,22040100
2021-10-25,1073.799072265625,1081.4146685228282,1069.9912741370235,1081.4146685228282,5435000
2021-10-26,1069.9912109375,1081.4146046485766,1066.183413033808,1077.6068067448844,5142300
2021-10-27,1073.799072265625,1081.4146685228282,1069.9912741370235,1069.9912741370235,8965300
2021-10-28,1073.799072265625,1089.030264780031,1050.952283494016,1081.4146685228282,21993100
2021-10-29,1073.799072265625,1089.030264780031,1069.9912741370235,1085.2224666514296,5849600
2021-11-01,1085.222412109375,1096.6458059210527,1069.9912203604715,1069.9912203604715,8648600
2021-11-02,1066.183349609375,1092.8379333496093,1054.759956577846,1085.2223379952568,5084800
2021-11-03,1085.222412109375,1085.222412109375,1058.5678265487938,1066.1834224232457,6140400
2021-11-04,1100.4534912109375,1100.4534912109375,1073.7989083788386,1085.2223010211667,11242200
2021-11-05,1134.7236328125,1134.7236328125,1085.222266280411,1100.4534559825922,17665300
2021-11-08,1119.4925537109375,1142.3393405213649,1108.069160305724,1134.723744917889,7199800
2021-11-09,1123.3004150390625,1138.5316071073887,1115.6848190048993,1138.5316071073887,10850000
2021-11-10,1100.4534912109375,1127.1080740430364,1089.0300985686094,1127.1080740430364,8230000
2021-11-11,1077.606689453125,1104.2612718777607,1069.9910944746578,1100.453474388527,15675200
2021-11-12,1062.375732421875,1077.606925718246,1062.375732421875,1077.606925718246,6307600
2021-11-15,1066.183349609375,1077.606742640904,1062.3755519321987,1062.3755519321987,7302300
2021-11-16,1043.3365478515625,1073.7989288107321,1035.72095261177,1066.1833335709398,16659800
2021-11-17,1012.874267578125,1047.144449563851,1009.066469579711,1035.721055568609,26323900
2021-11-18,1031.9132080078125,1043.3366014543933,1012.8742189301776,1012.8742189301776,25066500
2021-11-19,1031.9132080078125,1039.5288036388663,1024.2976123767585,1035.7210058233395,8655800
2021-11-22,1047.1444091796875,1050.95220703125,1031.9132177734375,1039.5288134765624,15320500
2021-11-23,1066.183349609375,1069.9911472865513,1043.336563546317,1047.1443612234934,14161000
2021-11-24,1073.799072265625,1077.6068703942265,1054.7600816226175,1066.183476008422,17800500
2021-11-25,1077.606689453125,1081.4144869423587,1073.7988919638915,1077.606689453125,9067900
2021-11-26,1054.7598876953125,1077.6066722663302,1050.9520902668096,1077.6066722663302,12972000
2021-11-29,1039.5286865234375,1062.3754708426338,1039.5286865234375,1039.5286865234375,17854000
2021-11-30,993.835205078125,1047.1443731666068,990.0274073575191,1039.528777725395,26470400
2021-12-01,967.1807250976562,1005.2587064007137,959.5651288370449,990.0275138794907,22510500
2021-12-02,932.910400390625,967.1805783641582,929.1026028380103,967.1805783641582,61418700
2021-12-03,929.1026611328125,940.5260545073962,906.2558743836449,940.5260545073962,40159700
2021-12-06,959.5650634765625,959.5650634765625,932.9104783799913,936.71827625093,44248200
2021-12-07,986.2196655273438,993.8352614001418,963.3728779089497,970.9884737817476,23302900
2021-12-08,970.9884643554688,993.835251752068,959.5650706571691,993.835251752068,14169000
2021-12-09,959.5650634765625,978.6040528312561,959.5650634765625,978.6040528312561,4439000
2021-12-10,948.1416625976562,959.5650561229293,948.1416625976562,959.5650561229293,12268900
2021-12-13,974.7963256835938,982.4119219779968,948.141738653183,951.9495368003845,18700600
2021-12-14,993.835205078125,1005.2585982399424,974.7962164750958,974.7962164750958,26519400
2021-12-15,1005.2586669921875,1020.4898589163115,982.4118791060014,997.6430710301254,23305400
2021-12-16,963.3729248046875,1016.6820985092946,959.5651266829298,1005.2587041440216,13602700
2021-12-17,955.7572631835938,993.835241796486,955.7572631835938,963.3728589061723,18490200
2021-12-20,982.4119262695312,990.027522597202,955.7573391226836,955.7573391226836,13891700
2021-12-21,990.0274658203125,997.6430617112379,970.9884760929988,982.411869929387,6453900
2021-12-22,993.835205078125,1005.2585982399424,986.2196096369132,997.6430027987308,2633900
2021-12-23,997.6430053710938,997.6430053710938,978.6040167189736,993.8352076406696,4465400
2021-12-24,1005.2586669921875,1005.2586669921875,990.0274750680634,1001.4508690111564,4420600
2021-12-27,978.6041259765625,1012.8743093765199,978.6041259765625,1005.2587130654182,4113200
2021-12-28,974.7963256835938,990.0275182723999,970.9885275363922,990.0275182723999,2798200
2021-12-29,963.3729248046875,986.2197135352334,963.3729248046874,974.7963191699604,5585600
2021-12-30,974.7963256835938,974.7963256835938,955.7573349475861,963.3729312419891,11381700
2022-01-03,1050.9522705078125,1054.7600685893624,978.6041069583616,978.6041069583616,27012200
2022-01-04,1039.5286865234375,1050.9520786830358,1024.2974969773065,1050.9520786830358,7787000
2022-01-05,1054.7598876953125,1062.3754825523183,1028.105305695792,1039.5286979813006,19845200
2022-01-06,1035.720947265625,1054.7599352668312,1016.6819592644187,1050.95213766659,10075900
2022-01-07,1050.9522705078125,1058.5678666709125,1028.1054820185122,1043.3366743447123,12395900
2022-01-10,1054.7598876953125,1058.5676851238154,1039.5286979813006,1050.9520902668096,6833000
2022-01-11,1001.4508056640625,1058.5677717665756,1001.4508056640624,1054.759974026408,11271400
2022-01-12,1009.0664672851562,1035.7210532134434,990.0274773363797,1012.8742652749115,17672800
2022-01-13,1031.9132080078125,1043.3366014543933,1009.0664211146506,1009.0664211146506,12094400
2022-01-14,1043.3365478515625,1043.3365478515625,1024.2975597520813,1031.9131549918739,6066100
2022-01-17,1028.10546875,1047.144458912037,1024.2976707175926,1043.3366608796296,4047100
2022-01-18,1024.2977294921875,1043.3367207466893,1016.6821329903869,1028.1055277430878,6830700
2022-01-19,1020.4898071289062,1028.1054027044952,997.6430204021397,1024.2976049167007,7090100
2022-01-20,990.0274658203125,1020.4898493840144,990.0274658203125,1020.4898493840144,9791200
2022-01-21,970.9884643554688,990.0274538526347,967.1806664560355,982.4118580537684,13380600
2022-01-24,967.1807250976562,986.219715749185,967.1807250976562,974.7963213582677,7732300
2022-01-25,951.949462890625,978.6040478515625,951.949462890625,967.180654296875,22408600
2022-01-26,913.8713989257812,955.7571713765462,906.2558039347331,951.9493738810221,34826700
2022-01-27,955.7572631835938,955.7572631835938,913.8714867094124,921.4870824319909,19416700
2022-01-28,959.5650634765625,967.1806592184399,948.1416698637463,959.5650634765625,9132800
2022-01-31,940.5260620117188,963.3728489431775,929.1026685459893,959.5650511212677,16381600
2022-02-02,967.1807250976562,982.4119176188792,940.5261381855162,944.3339363158219,17882300
2022-02-03,955.7572631835938,970.9884546287507,955.7572631835938,967.1806567674614,5468100
2022-02-04,978.6041259765625,990.0275204432149,959.5651351988083,959.5651351988083,7475200
2022-02-07,970.9884643554688,993.835251752068,967.1806664560355,993.835251752068,8843500
2022-02-08,948.1416625976562,978.6040453317175,948.1416625976562,959.5650561229293,15639200
2022-02-09,929.1026611328125,951.94944788198,925.2948633412846,951.94944788198,14224600
2022-02-10,936.71826171875,944.3338573424797,921.4870704712907,929.1026660950204,12234000
2022-02-11,929.1026611328125,944.3338522989242,929.1026611328125,936.7182567158683,6243700
2022-02-14,921.4869995117188,936.7181895862926,921.4869995117188,932.9103920676491,6388400
2022-02-15,948.1416625976562,955.7572582811716,925.2948755471103,925.2948755471103,10447300
2022-02-16,948.1416625976562,955.7572582811716,940.526066914141,948.1416625976562,12254700
2022-02-17,932.910400390625,955.7571857063139,925.2948052853955,948.1415906010842,17598400
2022-02-18,948.1416625976562,959.5650561229293,925.2948755471103,932.9104712306257,13044800
2022-02-21,917.6793212890625,948.141705398243,917.6793212890624,948.141705398243,33571000
2022-02-22,887.2168579101562,925.2948346444977,883.4090602367221,921.4870369710635,58768100
2022-02-23,852.9466552734375,891.0246309552874,849.1388577052526,887.2168333871025,54638000
2022-02-24,807.253173828125,852.9467497051887,807.253173828125,852.9467497051887,75401200
2022-02-25,814.8687133789062,830.0999042831849,803.4453202006973,807.253117926767,49409400
2022-03-01,845.3311157226562,845.3311157226562,814.8687331740921,814.8687331740921,42862500
2022-03-02,807.253173828125,845.3311537256781,807.253173828125,845.3311537256781,36883600
2022-03-04,780.5985107421875,814.8686892625763,772.9829155154345,807.2530940358232,30759300
2022-03-07,731.0971069335938,788.2140684127808,727.289309501648,780.5984735488892,64200600
2022-03-08,757.7518310546875,772.9830236387013,712.0582533026461,734.9050421786668,53773400
2022-03-09,795.8297729492188,799.6375709059135,757.7517933822705,757.7517933822705,39435900
2022-03-10,845.3311157226562,849.1389135412268,795.8297440812395,795.8297440812395,79470300
2022-03-11,833.9077758789062,845.3311700690282,807.2531894352883,845.3311700690282,33822500
2022-03-14,837.7154541015625,841.523251620206,818.6764665083451,833.907656582919,15476800
2022-03-15,807.253173828125,856.754547694944,788.2141838793484,852.9467497051887,47157500
2022-03-16,795.8297729492188,814.8687627326929,772.9829852090498,807.2531668193033,25575000
2022-03-17,807.253173828125,814.8687698076357,784.4063858895931,795.8297798588591,32347000
2022-03-18,761.5595703125,814.868740234375,761.5595703125,807.25314453125,51321700
2022-03-21,765.3673706054688,780.5985620603041,761.55957274176,761.55957274176,49666900
2022-03-22,757.7518310546875,776.7908217847048,757.7518310546875,765.3674273466944,38240600
2022-03-23,753.9439697265625,769.1751610341698,738.7127784189552,757.7517675534643,52144600
2022-03-24,757.7518310546875,769.1752254926979,750.1362347626806,753.9440329086841,64482000
2022-03-25,765.3673706054688,780.5985620603041,757.7517748780512,757.7517748780512,34041600
2022-03-28,772.98291015625,772.98291015625,761.5595173953202,772.98291015625,19443600
2022-03-29,780.5985107421875,788.2141059689405,772.9829155154345,772.9829155154345,23489900
2022-03-30,780.5985107421875,807.2530940358232,776.790713128811,780.5985107421875,56223800
2022-03-31,780.5985107421875,788.2141059689405,765.3673202886814,784.4063083555641,22636900
2022-04-01,818.676513671875,833.9077046239098,780.5985362917878,780.5985362917878,68685200
2022-04-04,845.3311157226562,852.9467113597973,818.6765309926626,826.2921266298036,43640900
2022-04-05,818.676513671875,845.331097837936,814.8687159338663,845.331097837936,23696400
2022-04-06,818.676513671875,830.0999068859011,811.0609181958575,818.676513671875,24478900
2022-04-07,833.9077758789062,845.3311700690282,814.8687855620362,818.6765836254102,35223900
2022-04-08,826.2920532226562,849.1388381043886,822.4842557423675,849.1388381043886,28082300
2022-04-11,811.0609130859375,837.7154970840669,799.637519943882,826.2921039420114,26486600
2022-04-12,883.4089965820312,894.8323887792127,807.2530486008217,811.0608459998822,102481400
2022-04-13,891.024658203125,894.8324558877537,860.5622767260951,879.6012651492388,58511500
2022-04-14,871.9856567382812,902.4480377597059,856.7544662275689,898.6402401320278,48269100
2022-04-18,871.9856567382812,879.6012519936373,856.7544662275689,875.7934543659593,32642300
2022-04-19,818.676513671875,875.7934797420057,814.8687159338663,871.9856820039971,98108800
2022-04-20,833.9077758789062,852.9467661957763,814.8687855620362,818.6765836254102,54624200
2022-04-21,818.676513671875,837.7155023619185,814.8687159338663,837.7155023619185,33917100
2022-04-22,811.0609130859375,818.6765085139745,788.2141268018266,818.6765085139745,34371700
2022-04-25,799.6375122070312,814.8687029157367,795.829714529855,811.0609052385603,31924400
2022-04-26,792.0219116210938,803.4453045771672,776.7907210129958,799.6375069251428,19890700
2022-04-27,784.4063720703125,795.8297658383267,776.7907762249696,792.0219679156553,12938600
2022-04-28,795.8297729492188,803.4453688626085,780.5985811224394,784.4063790791342,21339600
2022-05-09,753.9439697265625,795.8297458224827,750.1361718996607,795.8297458224827,46862900
2022-05-10,757.7518310546875,780.5986199307083,727.2894458866599,753.9440329086841,44133700
2022-05-11,780.5985107421875,788.2141059689405,761.559522675305,765.3673202886814,31372000
2022-05-12,738.7128295898438,788.2142047685446,738.7128295898438,784.4064066778753,26915200
2022-05-13,753.9439697265625,769.1751610341698,731.0971827651515,738.7127784189552,44009500
2022-05-17,772.98291015625,780.5985053302032,761.5595173953202,761.5595173953202,22636400
2022-05-18,772.98291015625,784.4063029171798,761.5595173953202,772.98291015625,12730600
2022-05-19,776.790771484375,776.790771484375,746.3283882889093,769.1751756855085,57325100
2022-05-20,769.1751098632812,780.5985025840231,753.9439195689588,776.7907050104425,28523200
2022-05-23,757.7518310546875,780.5986199307083,750.1362347626806,769.1752254926979,65782100
2022-05-24,742.5205688476562,757.7517600035056,731.0971754807692,753.9439622145433,54277700
2022-05-25,746.3284301757812,780.598613194057,742.5206320626395,780.598613194057,28218600
2022-05-27,750.1361694335938,761.559562876745,742.5205738048263,746.3283716192101,30728200
2022-05-30,761.5595703125,769.175166015625,746.32837890625,753.943974609375,36036800
2022-05-31,731.0971069335938,769.1750812530518,731.0971069335938,769.1750812530518,38253500
2022-06-02,750.1361694335938,761.559562876745,738.7127759904427,746.3283716192101,31804200
2022-06-03,761.5595703125,769.175166015625,750.1361767578124,750.1361767578124,18773800
2022-06-06,746.3284301757812,765.3674207414899,738.7128339494977,761.5596226283482,32436000
2022-06-07,753.9439697265625,753.9439697265625,746.3283740727588,753.9439697265625,8315200
2022-06-08,750.1361694335938,753.9439672479775,742.5205738048263,753.9439672479775,19075500
2022-06-09,719.6737060546875,753.9438825334821,708.2503138950892,750.1360851469494,130851800
2022-06-10,696.8269653320312,719.6737510806224,693.019167707266,719.6737510806224,57321200
2022-06-13,670.17236328125,696.8269459117543,666.3645657626065,666.3645657626065,33577200
2022-06-14,673.980224609375,689.211416125971,666.364628851077,685.403618246822,29233000
2022-06-15,654.9412231445312,677.7880099984103,654.9412231445312,673.9802121894304,29206200
2022-06-16,647.3256225585938,673.9802070168888,647.3256225585938,654.9412181181066,50615300
2022-06-17,628.2744750976562,655.5907566236413,624.3721491653727,651.6884306913577,82039200
2022-06-20,604.8605346679688,636.0791429088962,585.3489045173891,597.0558826077369,137431300
2022-06-21,597.0558471679688,624.3721277573529,593.1535213694852,604.8604987649356,102427400
2022-06-22,600.9581298828125,612.6651064389712,561.9348746956168,561.9348746956168,69248900
2022-06-23,600.9581298828125,608.7627809202517,593.1534788453733,600.9581298828125,32340200
2022-06-24,608.7627563476562,632.1767085148738,600.9581056252504,600.9581056252504,84189500
2022-06-27,624.3721923828125,628.2745185852051,608.7628875732422,612.6652137756348,39384900
2022-06-28,616.5675048828125,628.2744828236254,608.7628529222706,624.3721568433544,31646800
2022-06-29,612.6651000976562,620.4697510543143,604.8604491409982,616.5674255759852,28518300
2022-06-30,600.9581298828125,620.4697574764103,600.9581298828125,612.6651064389712,29336800
2022-07-01,604.8605346679688,612.6651867282006,600.9582086378529,600.9582086378529,24504500
2022-07-04,565.8372802734375,608.7628670528018,565.8372802734375,604.8605409819504,71914100
2022-07-05,585.3488159179688,593.153466796875,561.9348632812499,561.9348632812499,34335600
2022-07-06,589.2511596679688,593.1534852286837,577.5441829858237,585.3488341072538,25293600
2022-07-07,597.0558471679688,604.8604987649356,589.2511955710019,589.2511955710019,18985400
2022-07-08,620.4697875976562,624.3721133058176,597.0558333486881,597.0558333486881,27379800
2022-07-11,604.8605346679688,628.2744908486643,593.153556577621,628.2744908486643,37394900
2022-07-12,600.9581298828125,608.7627809202517,597.0558043640929,604.860455401532,11920100
2022-07-13,585.3488159179688,608.7627685546875,585.3488159179688,600.9581176757812,20800700
2022-07-14,581.446533203125,593.1535103817114,573.641881750734,577.5442074769295,22750400
2022-07-15,581.446533203125,597.0558361079069,577.5442074769295,581.446533203125,25594000
2022-07-18,569.7395629882812,589.2511918577429,569.7395629882812,585.3488660838506,24953900
2022-07-19,589.2511596679688,593.1534852286837,550.2279040608184,569.7395318643936,25275400
2022-07-20,577.544189453125,600.958143079603,577.544189453125,593.153491870777,37538600
2022-07-21,569.7395629882812,585.3488660838506,565.8372372143889,581.4465403099582,57041500
2022-07-22,561.9349365234375,573.6419143676758,558.032610575358,569.7395884195963,86521200
2022-07-25,558.0325927734375,569.7395702442088,554.1302669498469,565.8372444206184,53691900
2022-07-26,546.3256225585938,565.8372519356864,546.3256225585938,561.9349260602679,78749900
2022-07-27,554.1303100585938,554.1303100585938,534.6186794227277,550.2279839314206,52840200
2022-07-28,550.2279663085938,565.8372703173482,550.2279663085938,554.1302923107824,47140500
2022-07-29,554.1303100585938,561.9349623129401,546.3256578042473,554.1303100585938,40730700
2022-08-01,546.3256225585938,561.9349260602679,542.4232966831753,558.0326001848493,73228700
2022-08-02,538.52099609375,554.1303003283514,538.52099609375,554.1303003283514,61646200
2022-08-03,511.20465087890625,542.4232555127326,511.20465087890625,538.5209299335042,129572100
2022-08-04,507.3023376464844,519.0093146690956,507.3023376464844,519.0093146690956,94785200
2022-08-05,538.52099609375,550.2279742697011,507.30238762454707,515.1070397418478,186557500
2022-08-08,550.2279663085938,569.7395963195368,538.520988302028,538.520988302028,137297200
2022-08-09,558.0325927734375,569.7395702442088,554.1302669498469,554.1302669498469,80830800
2022-08-10,561.9349365234375,569.7395884195963,554.1302846272787,558.032610575358,71023900
2022-08-11,561.9349365234375,569.7395884195963,550.2279586791992,561.9349365234375,62200900
2022-08-12,577.544189453125,581.446515057538,561.9348870354729,565.8372126398859,67530200
2022-08-15,569.7395629882812,597.0558434055276,565.8372372143889,577.544214536066,75382200
2022-08-16,573.6419067382812,577.54423263446,558.0326031535661,565.8372549459236,69986100
2022-08-18,561.9349365234375,577.5442403157552,558.032610575358,573.6419143676758,71220500
2022-08-19,581.446533203125,581.446533203125,561.9349045721476,561.9349045721476,71106900
2022-08-22,585.3488159179688,593.153466796875,573.6418395996094,577.5441650390625,69147200
2022-08-23,593.1535034179688,593.1535034179688,577.5442006964432,589.2511777375873,49756000
2022-08-24,597.0558471679688,608.7628245634191,589.2511955710019,593.1535213694852,47232000
2022-08-25,581.446533203125,597.0558361079069,581.446533203125,597.0558361079069,42516800
2022-08-26,577.544189453125,585.348840661951,573.641863848712,585.348840661951,31797200
2022-08-29,561.9349365234375,577.5442403157552,561.9349365234375,577.5442403157552,28173900
2022-08-30,565.8372802734375,573.6419324151401,561.9349542025861,561.9349542025861,19598500
2022-08-31,561.9349365234375,569.7395884195963,546.3256327311198,569.7395884195963,55377200
2022-09-01,561.9349365234375,573.6419143676758,558.032610575358,565.837262471517,19814800
2022-09-02,550.2279663085938,561.9349443151596,546.3256403064051,561.9349443151596,33782300
2022-09-05,519.0093383789062,550.2279451986901,519.0093383789062,550.2279451986901,131838600
2022-09-06,515.1069946289062,542.4232746471058,511.2046689120206,519.0093203457919,76914700
2022-09-07,530.71630859375,534.6186343922335,515.1070053998162,515.1070053998162,57708200
2022-09-08,534.6185913085938,538.5209167925981,530.7162658245894,530.7162658245894,20182300
2022-09-09,526.81396484375,538.5209418402777,522.9116391782408,534.6186161747685,25168100
2022-09-12,530.71630859375,534.6186343922335,522.9116569967831,530.71630859375,19207700
2022-09-13,530.71630859375,534.6186343922335,526.8139827952665,530.71630859375,20678000
2022-09-14,522.9116821289062,530.7163341009795,519.0093561428696,530.7163341009795,28680700
2022-09-15,522.9116821289062,526.8140081149429,519.0093561428696,522.9116821289062,26638700
2022-09-16,515.1069946289062,526.8139717795632,515.1069946289062,522.9116460626775,38330100
2022-09-19,515.1069946289062,519.0093203457919,507.30234319513494,519.0093203457919,29271400
2022-09-20,515.1069946289062,519.0093203457919,511.2046689120206,515.1069946289062,20781400
2022-09-21,507.3023376464844,519.0093146690956,507.3023376464844,515.1069889948918,25882800
2022-09-22,491.69305419921875,511.2046833341084,479.98607671828495,507.30235750713047,123914100
2022-09-23,487.7907409667969,499.49771875000005,483.8884150390625,491.6930668945313,35018600
2022-09-26,507.3023376464844,507.3023376464844,479.9860579270583,487.79070927546576,32684800
2022-09-27,507.3023376464844,515.1069889948918,495.5953606238732,515.1069889948918,27116600
2022-09-28,495.59539794921875,507.302375853531,491.69307198111466,507.302375853531,10451600
2022-09-29,499.4977111816406,511.2046887874604,491.6930594444275,499.4977111816406,26306600
2022-09-30,476.0837707519531,499.49772669057376,472.181444762183,499.49772669057376,50657600
2022-10-03,472.181396484375,479.9860476659349,468.279070893595,476.083722075155,11772100
2022-10-04,479.9860534667969,483.8883791047383,472.18140219091396,472.18140219091396,15483800
2022-10-05,479.9860534667969,491.69303038062117,476.0837278288554,479.9860534667969,13681900
2022-10-06,479.9860534667969,483.8883791047383,476.0837278288554,479.9860534667969,11687800
2022-10-07,476.0837707519531,483.88842273149334,472.181444762183,479.9860967417232,9399800
2022-10-10,456.5721130371094,479.98606755183295,452.66978728465546,476.08374179937897,40971000
2022-10-11,456.5721130371094,468.27909029447113,448.76746153220154,460.4744387895633,17680700
2022-10-12,425.353515625,460.47444810779814,425.353515625,456.57212227637615,94976200
2022-10-13,398.0372314453125,425.3535120346967,398.0372314453125,425.3535120346967,132742500
2022-10-14,409.74420166015625,417.5488531203497,398.0372244698661,398.0372244698661,72509000
2022-10-17,409.74420166015625,413.64652739025297,394.13489873976937,409.74420166015625,45796200
2022-10-18,417.5488586425781,425.3535102059908,401.9395555157528,409.74420707916545,52157100
2022-10-19,413.64654541015625,421.4511972103479,409.7442195100605,417.5488713102521,51810200
2022-10-20,390.2325744628906,417.54885467529294,390.2325744628906,413.64652893066403,81137000
2022-10-21,417.5488586425781,417.5488586425781,380.8669962945386,380.8669962945386,210305100
2022-10-24,421.4512023925781,433.1581802368164,417.5488764444987,425.35352834065753,224639900
2022-10-25,405.8418884277344,429.25584352933447,398.03723672720105,421.4511918288011,106643400
2022-10-26,417.5488586425781,429.25583598769714,383.98885691990364,383.98885691990364,100282400
2022-10-27,444.86517333984375,460.47447766755755,413.6465646844161,421.451216848273,216814300
2022-10-28,437.06048583984375,464.376766204834,433.1581600734166,448.7674631391253,96019600
2022-10-31,440.9627990722656,448.76745038327914,429.25582210574527,437.06047341675884,51914300
2022-11-01,440.9627990722656,448.76745038327914,433.15814776125205,437.06047341675884,46310500
2022-11-02,460.47442626953125,464.3767519158832,440.96279803777145,444.8651236841234,86758100
2022-11-03,452.66973876953125,476.08369077485185,448.76741343531114,460.47438943797147,103368300
2022-11-04,460.47442626953125,464.3767519158832,440.96279803777145,452.6697749768273,85815000
2022-11-07,448.7674560546875,464.376758873981,429.2558275305706,464.376758873981,149326500
2022-11-08,444.86517333984375,452.6698255037006,440.9628472579153,452.6698255037006,34350100
2022-11-09,440.9627990722656,444.8651247277724,437.06047341675884,444.8651247277724,30344800
2022-11-10,433.1581726074219,444.8651502454603,433.1581726074219,437.060498486768,24644200
2022-11-11,437.06048583984375,444.86513737269814,429.2558343069894,440.962811606271,62875300
2022-11-14,433.1581726074219,444.8651502454603,433.1581726074219,437.060498486768,55701400
2022-11-15,417.5488586425781,440.96281333281615,417.5488586425781,433.1581617694035,85471400
2022-11-16,417.5488586425781,433.1581617694035,413.6465328608718,417.5488586425781,39172300
2022-11-17,433.1581726074219,437.060498486768,421.45119496938344,421.45119496938344,46586200
2022-11-18,444.86517333984375,448.7674994217722,433.1581950940584,433.1581950940584,48175700
2022-11-21,433.1581726074219,452.6698020041526,433.1581726074219,444.8651502454603,48713200
2022-11-22,421.4512023925781,440.9628321329753,417.5488764444987,433.1581802368164,55827200
2022-11-23,425.353515625,429.255841456422,417.54886396215596,421.45118979357795,34881100
2022-11-24,421.4512023925781,429.255854288737,421.4512023925781,425.35352834065753,30296100
2022-11-25,421.4512023925781,425.35352834065753,417.5488764444987,421.4512023925781,20417200
2022-11-28,421.4512023925781,429.255854288737,417.5488764444987,421.4512023925781,25727800
2022-11-29,405.8418884277344,425.3535176790678,401.9395625774677,421.4511918288011,97990800
2022-11-30,390.2325744628906,409.7442031860351,387.1107138671875,405.8418774414062,150580400
2022-12-01,390.2325744628906,398.03722595214845,388.671644165039,390.2325744628906,75419900
2022-12-02,383.9888610839844,394.13490822644735,382.4279307543747,394.13490822644735,81624100
2022-12-05,373.0623474121094,394.1349067847599,371.50141708820934,390.2325809750098,108452700
2022-12-06,359.0139465332031,373.0623183540676,359.0139465332031,371.5013881517493,84027800
2022-12-07,344.9656066894531,363.6967708535863,343.404676342442,363.6967708535863,79003800
2022-12-08,344.9656066894531,354.3311887715197,340.2828156484198,344.9656066894531,117502900
2022-12-09,340.2828063964844,349.64838822391056,337.1609457873423,346.5265276147685,66219000
2022-12-12,343.4046325683594,344.96556271639736,338.72184212424537,340.28277227228335,51066200
2022-12-13,338.721923828125,346.52657645089283,338.721923828125,343.4047154017857,75612900
2022-12-14,332.4781188964844,344.9655599817984,330.9171887608201,335.5999791678129,81405200
2022-12-15,323.1125793457031,340.2828130307405,319.9907186756963,332.4781613557235,250671100
2022-12-16,310.6251525878906,327.7953871530504,310.6251525878906,323.1125959080068,265203100
2022-12-19,327.7953796386719,329.35631001790364,305.9423543294271,310.62514546712237,237326500
2022-12-20,335.6000061035156,341.84372714730193,324.6734942768895,327.7953547987827,166809000
2022-12-21,335.6000061035156,343.40465740824857,329.35628505972926,337.1609363644622,110154600
2022-12-22,379.3060607910156,387.1107122476209,337.16094292534723,338.72187321666826,314388300
2022-12-23,374.623291015625,388.6716644287109,366.8186391194661,382.4279429117839,183460700
2022-12-26,390.2325744628906,405.8418774414062,374.623271484375,374.623271484375,235306500
2022-12-27,383.9888610839844,401.93955987449584,383.9888610839844,394.13490822644735,81943800
2022-12-28,385.5498046875,405.8418996710526,383.9888743041498,383.9888743041498,167950100
2022-12-29,387.1107177734375,394.13490418464903,379.30606620542466,385.54978745983493,63919200
2022-12-30,387.1107177734375,398.0372299686555,385.54978745983493,388.67164808704007,82327700
2023-01-02,398.0372314453125,398.0372314453125,387.1107192095588,387.1107192095588,43569200
2023-01-03,398.0372314453125,429.2558378331801,398.0372314453125,398.0372314453125,257788700
2023-01-04,390.2325744628906,409.7442031860351,390.2325744628906,409.7442031860351,74033400
2023-01-05,380.8669738769531,394.1348807538142,377.74511343533874,390.23255520179623,88532700
2023-01-06,382.42791748046875,390.2325688576212,374.6232661033163,387.1107083067602,73117700
2023-01-09,383.9888610839844,394.13490822644735,382.4279307543747,383.9888610839844,85781000
2023-01-10,376.1842346191406,388.6716780919752,366.8186520145147,385.5498172237665,88887200
2023-01-11,351.2093200683594,377.74513536241324,351.2093200683594,376.1842050509983,111007500
2023-01-12,363.6967468261719,366.81860731395017,344.96558389950206,351.2093048750587,74164200
2023-01-13,351.2093200683594,366.8186231825087,346.5265291341146,362.1358322482639,74178500
2023-01-16,343.4046325683594,355.89207375266335,343.4046325683594,352.7702134565873,48829500
2023-01-17,340.2828063964844,348.0874579193395,337.1609457873423,344.96559731019744,87149100
2023-01-18,343.4046325683594,348.0874230124734,340.28277227228335,340.28277227228335,70623100
2023-01-19,335.6000061035156,344.96558766919514,332.47814558162247,341.84372714730193,135357900
2023-01-20,357.45306396484375,357.45306396484375,335.6000382202682,337.160968630595,119188600
2023-01-24,351.2093200683594,373.06234442816844,346.5265291341146,373.06234442816844,112928900
2023-01-25,351.2093200683594,354.3311806911893,348.08745944552953,352.7702503797743,72010000
2023-01-26,379.3060607910156,380.86699108233665,352.77024583855774,352.77024583855774,403711900
2023-01-27,387.1107177734375,405.8418815366683,377.7451358918221,379.30606620542466,496639500
2023-01-30,388.671630859375,398.037212325866,385.5497703705447,388.671630859375,107732700
2023-01-31,382.42791748046875,401.93954592334984,382.42791748046875,388.6716385821907,177274700
2023-02-01,374.623291015625,394.13492075602215,371.5014302571615,382.4279429117839,179443500
2023-02-02,385.5498046875,394.1349217959261,376.1842223873988,376.1842223873988,227228100
2023-02-03,383.9888610839844,390.23258240242313,379.3060700951553,390.23258240242313,127539500
2023-02-06,388.671630859375,398.037212325866,382.42790988171436,385.5497703705447,120806600
2023-02-07,382.42791748046875,390.2325688576212,380.8669872050383,390.2325688576212,94617200
2023-02-08,387.1107177734375,394.13490418464903,383.98885714623236,383.98885714623236,76434900
2023-02-09,398.0372314453125,405.8418830422794,385.5497888901654,388.67164952895223,232867700
2023-02-10,394.1348876953125,401.93953893680384,383.9888410813738,401.93953893680384,182389700
2023-02-13,425.353515625,425.353515625,390.2325831422018,394.13490897362385,235061300
2023-02-14,421.4512023925781,440.9628321329753,413.64655049641925,429.255854288737,165719700
2023-02-15,425.353515625,429.255841456422,421.45118979357795,425.353515625,58942400
2023-02-16,433.1581726074219,437.060498486768,421.45119496938344,425.3535208487296,124185400
2023-02-17,421.4512023925781,440.9628321329753,413.64655049641925,437.0605061848958,140260100
2023-02-20,421.4512023925781,429.255854288737,413.64655049641925,421.4512023925781,80356700
2023-02-21,425.353515625,433.15816728784404,421.45118979357795,425.353515625,58313900
2023-02-22,409.74420166015625,425.35350458054313,405.84187593005953,421.4511788504464,77539200
2023-02-23,398.0372314453125,417.5488604377298,390.2325798483456,413.64653463924634,98051100
2023-02-24,401.9395446777344,417.5488473836658,398.0372190012515,401.9395446777344,66315800
2023-02-27,398.0372314453125,409.74420884076284,390.2325798483456,401.93955724379595,66197600
2023-02-28,394.1348876953125,401.93953893680384,390.2325620745669,398.03721331605817,52001900
2023-03-01,394.1348876953125,401.93953893680384,394.1348876953125,394.1348876953125,41437700
2023-03-02,385.5498046875,398.03724775430163,383.9888743041498,394.1349217959261,100698400
2023-03-03,387.1107177734375,398.0372299686555,379.30606620542466,385.54978745983493,109066300
2023-03-06,388.671630859375,398.037212325866,388.671630859375,394.1348867148281,76114600
2023-03-07,387.1107177734375,394.13490418464903,385.54978745983493,390.23257840064264,34317400
2023-03-08,379.3060607910156,387.1107122476209,374.6232699170524,385.5497819562998,59531400
2023-03-09,390.2325744628906,394.13490020751954,379.30606237792966,380.86699267578126,56735500
2023-03-10,390.2325744628906,394.13490020751954,383.98885327148434,390.2325744628906,65210200
2023-03-13,390.2325744628906,394.13490020751954,385.54978356933594,387.1107138671875,51720200
2023-03-14,365.2576904296875,388.67164494441107,363.69676012870593,388.67164494441107,167213100
2023-03-15,355.8921203613281,376.1842149433337,340.2828168367085,368.37956318102385,133400700
2023-03-16,343.4046325683594,357.45300390070133,340.28277227228335,352.7702134565873,65101100
2023-03-17,344.9656066894531,354.3311887715197,344.9656066894531,344.9656066894531,92625100
2023-03-20,351.2093200683594,357.4530413140191,341.8437381998698,344.9655988226997,84073800
2023-03-21,351.2093200683594,357.4530413140191,346.5265291341146,352.7702503797743,83070700
2023-03-24,365.2576904296875,366.81862073066907,351.20931772085333,354.3311783228165,70187200
2023-03-27,365.2576904296875,373.06234193459534,359.01396922576123,366.81862073066907,49023900
2023-03-28,363.6967468261719,369.94046780172846,360.5748863383936,368.37953755783934,54828200
2023-03-29,365.2576904296875,368.37955103165064,362.13582982772436,363.69676012870593,32833600
2023-03-30,376.1842346191406,379.3060954873493,366.8186520145147,366.8186520145147,107676100
2023-03-31,373.0623474121094,382.4279293555096,369.9404867643093,377.7451383838095,74253800
2023-04-03,374.623291015625,382.4279429117839,374.623291015625,374.623291015625,57377700
2023-04-04,369.9404602050781,379.30604147609273,368.37952999324233,374.62325084058546,38422600
2023-04-05,362.1358337402344,374.6232762830011,362.1358337402344,369.94048532946357,56058000
2023-04-06,352.7702331542969,366.8186052710609,351.2093029191009,365.2576750358649,91669200
2023-04-10,346.52655029296875,355.8921327333193,343.4046894795186,354.33120232659417,73068000
2023-04-11,346.52655029296875,352.77027191986906,344.96561988624364,346.52655029296875,74131700
2023-04-12,352.7702331542969,354.3311633894929,348.0874424487089,349.6483726839049,90913200
2023-04-13,348.08746337890625,354.3311846951198,346.5265330498529,352.77025436606647,57891100
2023-04-14,348.08746337890625,351.20932403701306,346.5265330498529,348.08746337890625,38832600
2023-04-17,343.4046325683594,352.7702134565873,337.1609119762074,348.0874230124734,73089300
2023-04-18,343.4046325683594,346.52649286443534,341.8437024203214,344.96556271639736,28649200
2023-04-26,344.9656066894531,346.5265370364642,341.8437459954309,343.404676342442,35500800
2023-04-27,348.08746337890625,349.64839370795966,343.4046723917461,346.5265330498529,38949900
2023-04-28,351.2093200683594,354.3311806911893,348.08745944552953,348.08745944552953,62644400
2023-05-02,346.52655029296875,352.77027191986906,344.96561988624364,351.209341513144,55180700
2023-05-03,351.2093200683594,355.89211100260417,346.5265291341146,346.5265291341146,77251500
2023-05-04,362.1358337402344,363.6967640580802,349.6483911974677,351.2093215153135,112211500
2023-05-05,368.3795471191406,373.06233797235006,362.1358259815281,362.1358259815281,173064300
2023-05-08,398.0372314453125,409.74420884076284,371.501416015625,371.501416015625,345608600
2023-05-09,433.1581726074219,437.060498486768,401.9395655726527,405.8418914519989,318344300
2023-05-10,429.2558288574219,437.0604802911932,417.54885170676494,437.0604802911932,156589400
2023-05-11,421.4512023925781,429.255854288737,409.74422454833984,429.255854288737,102214900
2023-05-12,417.5488586425781,429.25583598769714,413.6465328608718,421.45118442428446,84064100
2023-05-15,440.9627990722656,440.9627990722656,417.54884513922497,417.54884513922497,162703800
2023-05-16,444.86517333984375,448.7674994217722,425.35354293020146,444.86517333984375,180469700
2023-05-17,464.37677001953125,468.2790958180147,437.0604894301471,444.86514102711396,249166700
2023-05-19,456.5721130371094,479.98606755183295,448.76746153220154,464.3767645420172,211084200
2023-05-22,491.69305419921875,495.59538002619666,452.6697959294395,456.5721217564174,242856800
2023-05-23,472.181396484375,503.4000012106147,464.3767453028151,491.6930244382748,218579700
2023-05-24,479.9860534667969,487.79070474267974,468.2790765529725,472.18140219091396,110144700
2023-05-25,495.59539794921875,495.59539794921875,479.9860940768024,483.88842004490647,103170200
2023-05-26,511.20465087890625,511.20465087890625,495.59534856199303,499.49767414122135,127412100
2023-05-29,491.69305419921875,515.1070091610864,479.98607671828495,515.1070091610864,117896900
2023-05-30,483.88836669921875,495.5953433129095,479.9860411613218,495.5953433129095,61548000
2023-05-31,491.69305419921875,499.4977058531746,468.2790992373512,487.79072837224084,160231200
2023-06-05,491.69305419921875,495.59538002619666,476.08375089130703,491.69305419921875,79917600
2023-06-06,503.4000244140625,503.4000244140625,483.88839556080427,491.6930471021076,61999000
2023-06-07,546.3256225585938,550.2279484340123,499.49771205357143,503.40003792899,326398900
2023-06-08,530.71630859375,554.1302633846507,519.0093311982996,546.3256117876838,159416000
2023-06-09,534.6185913085938,542.4232422766024,522.9116148565807,530.7162658245894,74205000
2023-06-12,530.71630859375,550.2279375861673,526.8139827952665,534.6186343922335,108995000
2023-06-13,503.4000244140625,534.6186305792756,491.6930471021076,530.716304808624,165760000
2023-06-14,534.6185913085938,534.6185913085938,495.59533646855044,503.3999874365591,134394700
2023-06-15,515.1069946289062,546.3256003639915,515.1069946289062,538.5209489302201,113494400
2023-06-16,507.3023376464844,522.9116403432993,503.40001197228065,519.0093146690956,60694200
2023-06-19,495.59539794921875,515.1070277897392,491.69307198111466,507.302375853531,65909100
2023-06-20,472.181396484375,503.4000012106147,472.181396484375,495.59535002905477,141525800
2023-06-21,538.52099609375,546.3256482110507,476.0837791553442,476.0837791553442,260715400
2023-06-22,522.9116821289062,538.5209860730527,515.107030156833,538.5209860730527,124841200
2023-06-23,522.9116821289062,530.7163341009795,515.107030156833,522.9116821289062,44883900
2023-06-26,530.71630859375,538.5209601907169,522.9116569967831,522.9116569967831,43699500
2023-06-27,526.81396484375,534.6186161747685,522.9116391782408,530.7162905092592,40355900
2023-07-03,522.9116821289062,538.5209860730527,522.9116821289062,526.8140081149429,39246900
2023-07-04,511.20465087890625,534.6186043542759,499.49767414122135,522.9116276165911,203445100
2023-07-05,524.3629150390625,532.5560855865479,512.0731592178345,520.2663297653198,115440700
2023-07-06,536.6527099609375,544.8458811053794,520.2663676720539,528.4595388164958,72533600
2023-07-07,589.9082641601562,610.3911899990505,524.3629014756945,536.652656979031,391956300
2023-07-10,581.715087890625,602.1980135205766,577.6185027646346,594.0048432685959,120543400
2023-07-11,581.715087890625,594.0048432685959,577.6185027646346,581.715087890625,61117100
2023-07-12,594.0048217773438,602.1979917328932,585.8116518217942,585.8116518217942,81531800
2023-07-13,585.8117065429688,598.1014626242898,573.5219504616477,598.1014626242898,81930300
2023-07-14,589.9082641601562,598.101434495714,581.7150938245985,585.8116789923774,63508300
2023-07-17,618.5844116210938,626.7775826359426,589.9083130691225,589.9083130691225,172961100
2023-07-18,614.48779296875,639.0673046875,602.198037109375,622.6809635416666,122905500
2023-07-20,569.4253540039062,651.3570596159791,569.4253540039062,614.4877920905463,440614000
2023-07-21,577.6185302734375,585.8117009156139,565.3287743101729,569.425359631261,113786000
2023-07-24,602.197998046875,610.3911680883291,581.7150729432399,581.7150729432399,169022100
2023-07-25,614.48779296875,639.0673046875,598.1014518229167,610.3912076822917,155796800
2023-07-26,606.2946166992188,626.7775429390573,602.198031451251,618.5843724431219,65814100
2023-07-27,618.5844116210938,618.5844116210938,602.1980695913959,610.3912406062448,50466700
2023-07-28,602.197998046875,626.7775081712373,602.197998046875,622.6809231505102,47513400
2023-07-31,589.9082641601562,610.3911899990505,585.8116789923774,602.1980196634928,47600800
2023-08-01,553.0390625,598.1015046296296,553.0390625,585.8117476851852,141287700
2023-08-02,544.8458862304688,573.5219855057566,536.652715008958,553.0390574519796,104571800
2023-08-03,565.3287353515625,569.4253203903419,548.9423951964447,548.9423951964447,64866100
2023-08-04,557.1355590820312,573.5218990550321,557.1355590820312,569.4253140617819,37028700
2023-08-07,598.1014404296875,602.19802563811,565.3287587623074,565.3287587623074,142941400
2023-08-08,589.9082641601562,606.2946048312717,585.8116789923774,598.101434495714,43229300
2023-08-09,585.8117065429688,594.0048772638494,577.618535822088,589.908291903409,28945100
2023-08-10,573.5219116210938,589.908251953125,565.3287414550781,585.8116668701172,43730400
2023-08-11,573.5219116210938,573.5219116210938,561.2321563720703,573.5219116210938,28598300
2023-08-14,565.3287353515625,573.5219054291214,565.3287353515625,573.5219054291214,31750700
2023-08-15,589.9082641601562,598.101434495714,565.328753153483,569.425338321262,131581600
2023-08-16,585.8117065429688,598.1014626242898,581.7151211825284,589.908291903409,39728800
2023-08-18,581.715087890625,598.1014283945863,581.715087890625,585.8116730166153,37310100
2023-08-21,598.1014404296875,610.3911960549551,581.7150995959975,581.7150995959975,134380600
2023-08-22,614.48779296875,626.7775488281251,602.198037109375,614.48779296875,110012600
2023-08-23,618.5844116210938,622.6809971285181,598.1014840839714,614.4878261136693,85561000
2023-08-24,622.6809692382812,630.8741398861534,618.5843839143453,622.6809692382812,82880000
2023-08-25,614.48779296875,626.7775488281251,610.3912076822917,626.7775488281251,29642300
2023-08-28,622.6809692382812,634.9707252100894,614.4877985904092,618.5843839143453,55072900
2023-08-29,618.5844116210938,630.8741681433671,614.4878261136693,626.7775826359426,30717000
2023-08-30,618.5844116210938,626.7775826359426,614.4878261136693,622.6809971285181,30297400
2023-08-31,598.1014404296875,618.5843664718001,598.1014404296875,618.5843664718001,33063900
2023-09-01,606.2946166992188,606.2946166992188,581.7151052114126,598.1014462032834,39706700
2023-09-04,606.2946166992188,614.4877871951542,598.1014462032834,606.2946166992188,19539000
2023-09-05,598.1014404296875,606.2946108465326,598.1014404296875,606.2946108465326,15424900
2023-09-06,594.0048217773438,614.4877466662176,585.8116518217942,598.1014067551185,54394400
2023-09-07,589.9082641601562,602.1980196634928,589.9082641601562,594.0048493279351,32218400
2023-09-08,589.9082641601562,598.101434495714,585.8116789923774,594.0048493279351,24513100
2023-09-11,618.5844116210938,618.5844116210938,589.9083130691225,598.1014840839714,79187900
2023-09-12,614.48779296875,622.6809635416666,602.198037109375,622.6809635416666,48718600
2023-09-13,610.3911743164062,622.6809295039849,610.3911743164062,614.4877593789324,27425000
2023-09-14,602.197998046875,614.4877531090561,602.197998046875,610.3911680883291,19199900
2023-09-15,598.1014404296875,610.3911960549551,594.0048552212651,602.19802563811,32753000
2023-09-18,651.3570556640625,651.3570556640625,598.1014473393278,602.1980325950767,238486600
2023-09-19,634.970703125,667.7433845766129,634.970703125,655.453629032258,126299900
2023-09-20,647.2604370117188,663.6467771892306,630.8740968342069,634.9706818785849,70075600
2023-09-21,655.4536743164062,663.6468452453613,639.0673324584961,655.4536743164062,61876000
2023-09-22,647.2604370117188,655.4536071004746,643.1638519673407,651.3570220560968,32781100
2023-09-25,647.2604370117188,655.4536071004746,639.0672669229627,651.3570220560968,20716500
2023-09-26,622.6809692382812,651.3570665058337,598.1014572946649,647.2604811818976,85090100
2023-09-27,618.5844116210938,626.7775826359426,610.3912406062448,622.6809971285181,27341300
2023-09-29,614.48779296875,626.7775488281251,610.3912076822917,618.5843782552083,36860400
2023-10-02,643.1638793945312,647.2604646136047,618.5843680800906,618.5843680800906,49641000
2023-10-03,634.970703125,643.1638734879033,630.8741179435484,643.1638734879033,49471500
2023-10-04,614.48779296875,634.9707194010417,614.48779296875,634.9707194010417,64769400
2023-10-05,622.6809692382812,639.0673105340255,610.3912132664731,614.4877985904092,50096900
2023-10-06,626.7775268554688,630.8741119983149,618.5843565697763,622.6809417126225,29260900
2023-10-09,626.7775268554688,630.8741119983149,622.6809417126225,626.7775268554688,34394700
2023-10-10,639.0672607421875,647.2604307517028,630.8740907326724,630.8740907326724,56344600
2023-10-11,639.0672607421875,647.2604307517028,634.9706757374299,643.1638457469452,23020300
2023-10-12,659.5501708984375,663.6467558108501,639.0672463363742,639.0672463363742,111275300
2023-10-13,643.1638793945312,680.0331463661923,643.1638793945312,659.5502202708251,118986200
2023-10-16,659.5501708984375,663.6467558108501,634.9706614239616,643.1638312487869,60513700
2023-10-17,655.4536743164062,667.7434307098389,643.1639179229736,659.5502597808838,57248500
2023-10-18,655.4536743164062,659.5502597808838,643.1639179229736,655.4536743164062,40722700
2023-10-19,647.2604370117188,663.6467771892306,626.7775117898288,655.4536071004746,90301200
2023-10-20,651.3570556640625,659.5502261755602,639.067299896816,647.2604704083137,27787000
2023-10-23,675.9365844726562,692.3229259144176,659.5502430308949,663.6468283913352,135707400
2023-10-24,700.51611328125,708.7092841968202,667.7434296189693,675.9366005345395,128365100
2023-10-25,716.9024047851562,729.1921602957589,700.5160641043526,700.5160641043526,77078700
2023-10-26,712.8057861328125,720.998956088362,675.9365213328394,716.9023711105873,101238000
2023-10-27,692.3229370117188,716.9024495683478,688.2263515856139,712.805864142243,61776900
2023-10-30,680.0331420898438,704.6126532497176,651.3570457366575,692.3228976697807,88326300
2023-10-31,655.4536743164062,684.129772567749,643.1639179229736,680.0331871032715,87039000
2023-11-01,651.3570556640625,671.8399819428066,639.067299896816,663.646811431309,63614500
2023-11-02,651.3570556640625,671.8399819428066,651.3570556640625,659.5502261755602,47778400
2023-11-03,671.8399658203125,675.9365509777534,651.3570400331079,655.4536251905488,64340600
2023-11-06,704.6126098632812,712.8057797454125,671.8399303347566,680.0331002168876,84648200
2023-11-07,680.0331420898438,704.6126532497176,675.9365568965314,704.6126532497176,44033600
2023-11-08,680.0331420898438,692.3228976697807,671.8399717032191,688.2263124764684,17589300
2023-11-09,675.9365844726562,688.2263405539773,671.8399991122159,680.0331698330965,27253100
2023-11-10,659.5501708984375,680.0330954605008,655.4535859860248,671.8399256356754,34732100
2023-11-13,675.9365844726562,680.0331698330965,663.6468283913352,667.7434137517755,23029300
2023-11-14,663.6468505859375,688.2263635706018,663.6468505859375,680.0331925757138,31827700
2023-11-15,684.1296997070312,684.1296997070312,671.8399446224738,675.9365296506596,25278600
2023-11-16,680.0331420898438,688.2263124764684,671.8399717032191,688.2263124764684,19018000
2023-11-17,667.743408203125,680.0331641823236,667.743408203125,680.0331641823236,14795500
2023-11-20,680.0331420898438,684.1297272831561,667.7433865099068,671.8399717032191,14126500
2023-11-21,671.8399658203125,700.5160619223991,671.8399658203125,680.0331361351944,48999900
2023-11-22,667.743408203125,680.0331641823236,667.743408203125,675.9365788559242,19168500
2023-11-23,663.6468505859375,675.9366070782696,659.5502650884935,671.8400215808256,20169800
2023-11-24,667.743408203125,671.8399935295246,622.6809696127301,667.743408203125,87280100
2023-11-27,655.4536743164062,667.7434307098389,651.3570888519287,667.7434307098389,23316200
2023-11-28,634.970703125,663.6467993951613,630.8741179435484,659.5502142137096,76611500
2023-11-29,630.8741455078125,643.1639015891335,614.4878040660511,639.0673162286931,87411600
2023-11-30,618.5844116210938,634.9707536507916,606.2946550988204,630.8741681433671,88331200
2023-12-01,602.197998046875,622.6809231505102,598.101413026148,622.6809231505102,96439300
2023-12-04,589.9082641601562,614.4877751668295,589.9082641601562,598.101434495714,71936500
2023-12-05,581.715087890625,598.1014283945863,565.3287473866637,589.9082581426056,175242100
2023-12-06,598.1014404296875,598.1014404296875,577.6185143875749,585.81168480442,76802300
2023-12-07,569.4253540039062,598.1014509681318,548.9424276008881,598.1014509681318,203431800
2023-12-08,569.4253540039062,581.7151098457172,565.3287687233027,569.4253540039062,56855200
2023-12-11,565.3287353515625,573.5219054291214,561.232150312783,573.5219054291214,30369200
2023-12-12,561.232177734375,581.7151039290602,561.232177734375,565.328762973312,52039700
2023-12-13,557.1355590820312,565.3287290685317,544.8458041022806,565.3287290685317,84414000
2023-12-14,557.1355590820312,573.5218990550321,557.1355590820312,561.2321440752814,47184100
2023-12-15,561.232177734375,565.328762973312,553.0390072565009,561.232177734375,51837400
2023-12-18,585.8117065429688,606.2946333451704,565.328779740767,569.4253651012074,212922600
2023-12-19,606.2946166992188,614.4877871951542,577.6185199634449,589.908275707348,84905400
2023-12-20,589.9082641601562,614.4877751668295,589.9082641601562,606.2946048312717,46934400
2023-12-21,594.0048217773438,598.1014067551185,585.8116518217942,594.0048217773438,23779100
2023-12-22,589.9082641601562,602.1980196634928,585.8116789923774,598.101434495714,32986600
2023-12-27,594.0048217773438,606.294576710668,585.8116518217942,589.908236799569,23319700
2023-12-28,585.8117065429688,602.1980479847301,577.618535822088,598.1014626242898,44392500
2023-12-29,589.9082641601562,589.9082641601562,577.6185086568197,585.8116789923774,16090900
2024-01-02,585.8117065429688,598.1014626242898,581.7151211825284,594.0048772638494,23084400
2024-01-03,585.8117065429688,598.1014626242898,581.7151211825284,589.908291903409,37076300
2024-01-04,602.197998046875,610.3911680883291,585.8116579639668,585.8116579639668,62887800
2024-01-05,614.48779296875,622.6809635416666,602.198037109375,606.2946223958334,63182600
2024-01-08,602.197998046875,618.5843381297832,598.101413026148,614.4877531090561,26862000
2024-01-09,626.7775268554688,626.7775268554688,594.0048457126991,610.3911862840839,55930400
2024-01-10,630.8741455078125,639.0673162286931,618.5843894264915,626.7775601473721,49852900
2024-01-11,663.6468505859375,667.7434360833815,626.7775811089409,630.874166606385,108929200
2024-01-12,663.6468505859375,667.7434360833815,647.2605085961612,663.6468505859375,44117300
2024-01-15,663.6468505859375,667.7434360833815,651.3570940936053,663.6468505859375,49310000
2024-01-16,663.6468505859375,667.7434360833815,655.4536795910494,663.6468505859375,31744500
2024-01-17,655.4536743164062,663.6468452453613,647.2605033874512,663.6468452453613,38196300
2024-01-18,655.4536743164062,659.5502597808838,647.2605033874512,655.4536743164062,30527700
2024-01-19,655.4536743164062,663.6468452453613,639.0673324584961,655.4536743164062,57996900
2024-01-22,663.6468505859375,667.7434360833815,647.2605085961612,655.4536795910494,53875700
2024-01-23,675.9365844726562,675.9365844726562,659.5502430308949,667.7434137517755,71171300
2024-01-24,675.9365844726562,684.1297551935369,667.7434137517755,675.9365844726562,55847400
2024-01-25,675.9365844726562,684.1297551935369,675.9365844726562,680.0331698330965,42519300
2024-01-26,671.8399658203125,684.1297212926353,663.6467955054306,675.9365509777534,38181400
2024-01-29,684.1296997070312,684.1296997070312,667.743359594288,671.8399446224738,44594700
2024-01-30,680.0331420898438,684.1297272831561,671.8399717032191,684.1297272831561,28560800
2024-01-31,696.4194946289062,696.4194946289062,675.9365683162914,680.0331535788143,67867200
2024-02-01,700.51611328125,708.7092841968202,684.1297714501097,696.4195278234649,73475900
2024-02-02,671.8399658203125,700.5160619223991,663.6467955054306,700.5160619223991,54014600
2024-02-05,663.6468505859375,675.9366070782696,655.4536795910494,671.8400215808256,41870700
2024-02-06,680.0331420898438,692.3228976697807,667.7433865099068,671.8399717032191,33248900
2024-02-07,680.0331420898438,692.3228976697807,671.8399717032191,684.1297272831561,28030000
2024-02-12,667.743408203125,680.0331641823236,663.6468228767254,680.0331641823236,29948200
2024-02-13,671.8399658203125,675.9365509777534,663.6467955054306,667.7433806628716,19251200
2024-02-15,675.9365844726562,680.0331698330965,667.7434137517755,675.9365844726562,16310800
2024-02-16,634.970703125,675.9365549395161,626.7775327620968,675.9365549395161,82558800
2024-02-19,622.6809692382812,651.3570665058337,622.6809692382812,634.9707252100894,42176800
2024-02-20,643.1638793945312,651.3570498326782,622.680953299164,622.680953299164,75500900
2024-02-21,651.3570556640625,651.3570556640625,634.9707146410673,647.2604704083137,53547600
2024-02-22,684.1296997070312,696.4194547915887,655.4536045097306,655.4536045097306,93105700
2024-02-23,688.226318359375,692.3229035877047,680.0331479027158,684.1297331310454,28958700
2024-02-26,696.4194946289062,704.6126651539522,688.2263241038603,688.2263241038603,32684700
2024-02-27,684.1296997070312,700.5160398197745,684.1296997070312,700.5160398197745,28969400
2024-02-28,680.0331420898438,692.3228976697807,680.0331420898438,692.3228976697807,11992200
2024-02-29,684.1296997070312,692.3228697634029,671.8399446224738,680.0331146788454,31965300
2024-03-01,675.9365844726562,692.3229259144176,671.8399991122159,688.2263405539773,12745400
2024-03-04,671.8399658203125,680.0331361351944,663.6467955054306,680.0331361351944,17947900
2024-03-05,659.5501708984375,675.9365105480881,659.5501708984375,671.8399256356754,14610200
2024-03-06,655.4536743164062,671.8400161743164,655.4536743164062,663.6468452453613,34152300
2024-03-07,671.8399658203125,680.0331361351944,659.5502103479897,659.5502103479897,28727700
2024-03-08,675.9365844726562,684.1297551935369,671.8399991122159,671.8399991122159,34922300
2024-03-13,684.1296997070312,696.4194547915887,680.0331146788454,680.0331146788454,44352200
2024-03-14,688.226318359375,692.3229035877047,671.8399774460565,684.1297331310454,28656200
2024-03-15,684.1296997070312,692.3228697634029,680.0331146788454,688.2262847352171,14659200
2024-03-18,675.9365844726562,692.3229259144176,675.9365844726562,684.1297551935369,16675700
2024-03-19,692.3229370117188,700.5161078639284,675.9365953072994,675.9365953072994,32422900
2024-03-20,761.96484375,774.2545992943549,696.4194808467743,696.4194808467743,391272200
2024-03-21,753.771728515625,778.351241402004,749.6751430345618,761.9648994777513,188385300
2024-03-22,749.675048828125,766.0613886932207,745.5784638618511,757.8682187606729,34937300
2024-03-25,761.96484375,774.2545992943549,737.3853326612904,774.2545992943549,41328700
2024-03-26,757.8682250976562,761.9648100981841,745.5784700960726,761.9648100981841,31365700
2024-03-27,745.5785522460938,761.9648940537003,741.4819667941922,757.8683086017986,25498500
2024-03-28,720.9989624023438,749.6750574978915,720.9989624023438,745.5784724842418,41617400
2024-04-01,745.5785522460938,745.5785522460938,700.516112275176,720.9990395346841,60908600
2024-04-02,782.44775390625,790.6409241042212,745.5784880153797,745.5784880153797,102907500
2024-04-03,782.44775390625,790.6409241042212,774.2545837082788,782.44775390625,40424600
2024-04-04,790.6409301757812,807.0272706975591,761.96483426267,782.4477599148923,94434800
2024-04-05,778.3511962890625,786.5443667763158,774.2546110454358,786.5443667763158,45586000
2024-04-16,745.5785522460938,766.0614795056018,725.0956249865857,766.0614795056018,96657400
2024-04-17,753.771728515625,761.9648994777513,745.5785575534986,745.5785575534986,24320500
2024-04-18,770.1580200195312,778.351190445271,757.8682643809217,757.8682643809217,31864800
2024-04-19,753.771728515625,774.2546559209409,749.6751430345618,770.1580704398776,31253900
2024-04-22,774.254638671875,786.5443948412699,761.9648825024802,766.0614678922785,43251700
2024-04-23,794.7374877929688,802.9306577702158,778.3511478384745,778.3511478384745,53423400
2024-04-24,794.7374877929688,807.0272427588394,786.5443178157216,798.8340727815922,48720000
2024-04-25,798.8341064453125,815.2204470903446,790.6409361227965,794.7375212840545,35094400
2024-04-26,745.5785522460938,798.8341631208148,729.1922104384873,798.8341631208148,87109400
2024-04-29,766.0614013671875,770.1579864012366,745.5784761969419,745.5784761969419,31056800
2024-04-30,766.0614013671875,770.1579864012366,753.7716462650401,766.0614013671875,18745500
2024-05-02,745.5785522460938,766.0614795056018,712.8058686308809,766.0614795056018,65316200
2024-05-03,720.9989624023438,757.868227525191,712.8057923750445,749.6750574978915,65727300
2024-05-06,716.9024047851562,737.3853306361607,708.7092344447544,733.2887454659598,76123300
2024-05-07,729.192138671875,737.3853087693118,716.9023835257199,716.9023835257199,17241000
2024-05-08,716.9024047851562,749.6750861467633,716.9024047851562,733.2887454659598,42192900
2024-05-13,700.51611328125,725.0956260279605,659.5502587033992,720.9990405701755,86319600
2024-05-14,700.51611328125,716.9024551123904,692.3229423656799,700.51611328125,32574700
2024-05-15,716.9024047851562,720.998989955357,700.5160641043526,700.5160641043526,22250300
2024-05-16,696.4194946289062,725.0955914665672,696.4194946289062,716.9024209415212,45850000
2024-05-17,692.3229370117188,708.7092787161381,684.129766159509,708.7092787161381,46404600
2024-05-20,696.4194946289062,708.7092504164752,692.3229093663833,704.6126651539522,19560000
2024-05-21,655.4536743164062,700.5161144256592,655.4536743164062,700.5161144256592,85179800
2024-05-22,655.4536743164062,663.6468452453613,634.9707469940186,663.6468452453613,93985300
2024-05-27,667.743408203125,671.8399935295246,655.4536522239264,659.550237550326,37808400
2024-05-28,663.6468505859375,675.9366070782696,655.4536795910494,667.7434360833815,38172600
2024-05-29,675.9365844726562,684.1297551935369,659.5502430308949,663.6468283913352,41579700
2024-05-30,667.743408203125,684.1297495087232,663.6468228767254,680.0331641823236,30938900
2024-05-31,671.8399658203125,680.0331361351944,667.7433806628716,667.7433806628716,34499700
2024-06-03,655.4536743164062,675.936601638794,651.3570888519287,671.8400161743164,37219500
2024-06-04,680.0331420898438,704.6126532497176,663.6468013165945,667.7433865099068,56387400
2024-06-05,696.4194946289062,696.4194946289062,671.8399830537684,680.0331535788143,37501400
2024-06-06,692.3229370117188,708.7092787161381,688.2263515856139,696.4195224378236,39725400
2024-06-07,684.1296997070312,696.4194547915887,684.1296997070312,696.4194547915887,43334000
2024-06-10,700.51611328125,708.7092841968202,688.2263569078948,688.2263569078948,38393100
2024-06-11,708.7092895507812,712.805875039514,696.4195330845828,700.5161185733156,36356400
2024-06-12,696.4194946289062,712.8058356789982,692.3229093663833,712.8058356789982,38670000
2024-06-13,684.1296997070312,708.7092098761461,680.0331146788454,700.5160398197745,39606600
2024-06-14,688.226318359375,696.4194888160342,680.0331479027158,688.226318359375,40528300
2024-06-19,704.6126098632812,712.8057797454125,688.2262700990188,688.2262700990188,56616400
2024-06-20,733.1722412109375,733.1722412109375,711.8590946641079,720.3843532828397,33941800
2024-06-21,720.3843994140625,750.2228064903846,716.1217698317307,737.4349177433894,65611700
2024-06-24,720.3843994140625,728.909658578726,716.1217698317307,720.3843994140625,24485400
2024-06-25,720.3843994140625,733.1722881610576,716.1217698317307,720.3843994140625,37848900
2024-06-26,720.3843994140625,733.1722881610576,720.3843994140625,724.6470289963942,16164000
2024-06-27,728.90966796875,733.1722976059941,716.1217790570175,720.3844086942617,16457100
2024-06-28,728.90966796875,737.4349272432382,724.6470383315058,728.90966796875,10639600
2024-07-01,728.90966796875,737.4349272432382,724.6470383315058,733.1722976059941,26980700
2024-07-02,716.1217651367188,737.4349129086448,711.8591355823335,728.9096537998744,34701700
2024-07-03,703.3338623046875,720.3843801787406,694.808603367661,716.1217507102273,47850800
2024-07-04,711.8590698242188,720.384328145467,703.3338115029707,707.5964406635948,27046700
2024-07-05,711.8590698242188,720.384328145467,711.8590698242188,711.8590698242188,15152400
2024-07-08,724.6470336914062,724.6470336914062,711.859144861558,711.859144861558,31365300
2024-07-09,716.1217651367188,733.1722833542597,716.1217651367188,724.6470242454892,22429500
2024-07-10,703.3338623046875,720.3843801787406,703.3338623046875,720.3843801787406,23487500
2024-07-11,699.0712280273438,711.8591163449172,690.5459691489616,703.3338574665349,22165200
2024-07-12,682.020751953125,707.5965301513672,673.495492553711,703.3339004516602,45796000
2024-07-15,660.7075805664062,690.5459874306955,656.4449510143648,682.0207283266129,58333000
2024-07-16,682.020751953125,682.020751953125,660.7076034545898,664.9702331542969,82271900
2024-07-17,690.5460205078125,699.0712800202546,673.4955014829283,686.2833907515914,35283700
2024-07-18,690.5460205078125,703.3339097764757,673.4955014829283,690.5460205078125,38375900
2024-07-19,682.020751953125,694.8086410522461,682.020751953125,694.8086410522461,25996100
2024-07-22,694.80859375,694.80859375,682.0207055214725,686.2833349309816,27233700
2024-07-23,703.3338623046875,703.3338623046875,686.2833444306344,699.0712328361742,26942900
2024-07-24,694.80859375,707.5964819785277,690.5459643404909,707.5964819785277,18100500
2024-07-25,694.80859375,699.0712231595093,686.2833349309816,694.80859375,18888700
2024-07-26,699.0712280273438,699.0712280273438,690.5459691489616,694.8085985881527,8846000
2024-07-29,682.020751953125,699.0712707519531,682.020751953125,699.0712707519531,31553900
2024-07-30,669.2328491210938,686.2833675700389,664.9702195088576,682.0207379578026,40028300
2024-07-31,682.020751953125,686.2833816528321,673.495492553711,673.495492553711,12481400
2024-08-01,677.7581176757812,686.283377017615,673.4954880048643,682.0207473466982,31656500
2024-08-02,647.919677734375,677.7580839458265,639.3944188168174,673.4954544870477,137731100
2024-08-05,618.0812377929688,652.182271602236,605.2933501144936,639.3943839237608,68111100
2024-08-06,626.6065063476562,635.1317649374203,613.8186184630102,618.0812477578922,73461900
2024-08-07,626.6065063476562,635.1317649374203,622.3438770527742,626.6065063476562,43056400
2024-08-08,613.8186645507812,630.8691830105251,609.5560349358453,626.6065533955892,52492200
2024-08-09,613.8186645507812,626.6065533955892,613.8186645507812,618.0812941657173,55467000
2024-08-12,613.8186645507812,622.3439237806532,605.2934053209093,618.0812941657173,56250200
2024-08-13,630.869140625,639.3943992820946,618.0812526393581,618.0812526393581,46926300
2024-08-14,643.6571044921875,647.9197343232617,626.6065851678911,639.3944746611135,63816500
2024-08-15,626.6065063476562,647.9196528220664,622.3438770527742,643.6570235271844,38186100
2024-08-16,626.6065063476562,639.3943942323024,622.3438770527742,630.8691356425383,50154900
2024-08-19,613.8186645507812,626.6065533955892,609.5560349358453,626.6065533955892,78320900
2024-08-20,626.6065063476562,630.8691356425383,613.8186184630102,618.0812477578922,63371600
2024-08-21,622.3439331054688,626.6065627842733,613.8186737478595,626.6065627842733,43671400
2024-08-22,613.8186645507812,622.3439237806532,605.2934053209093,622.3439237806532,71948700
2024-08-23,618.0812377929688,622.3438670191272,613.8186085668103,613.8186085668103,20374800
2024-08-26,613.8186645507812,622.3439237806532,605.2934053209093,618.0812941657173,58179800
2024-08-27,626.6065063476562,626.6065063476562,609.5559891681282,618.0812477578922,48999200
2024-08-28,622.3439331054688,635.1318221418825,613.8186737478595,630.8691924630779,68954500
2024-08-29,622.3439331054688,630.8691924630779,613.8186737478595,622.3439331054688,53163000
2024-08-30,609.5560302734375,622.3439190204326,609.5560302734375,622.3439190204326,30841000
2024-09-02,609.5560302734375,622.3439190204326,609.5560302734375,609.5560302734375,21566100
2024-09-03,613.8186645507812,618.0812941657173,609.5560349358453,613.8186645507812,39903200
2024-09-04,622.3439331054688,626.6065627842733,609.556044069055,609.556044069055,47837000
2024-09-05,677.7581176757812,682.0207473466982,622.343931953862,622.343931953862,226760900
2024-09-06,656.4449462890625,682.0207234172078,652.182316767705,677.7580938958503,115375900
2024-09-09,639.3944091796875,656.4449267578125,639.3944091796875,656.4449267578125,63687200
2024-09-10,664.9701538085938,682.0206705729166,639.3943786621094,639.3943786621094,116051500
2024-09-11,656.4449462890625,677.7580938958503,652.182316767705,669.2328348531352,43499800
2024-09-12,656.4449462890625,656.4449462890625,643.6570577249898,656.4449462890625,46888900
2024-09-13,647.919677734375,664.9701955694901,647.919677734375,656.4449366519325,39075400
2024-09-17,669.2328491210938,669.2328491210938,652.1823306721487,656.4449602843849,37773400
2024-09-18,686.2833251953125,703.3338425914693,664.9701784501165,673.4954371481949,107847800
2024-09-19,699.0712280273438,703.3338574665349,673.4954513921971,690.5459691489616,62878100
2024-09-20,750.2227783203125,763.0106665871359,699.0712252530184,707.5964840975674,158554000
2024-09-23,767.2733154296875,780.0612040201822,733.1722791883681,750.2227973090278,72492700
2024-09-24,750.2227783203125,780.061184276234,750.2227783203125,767.2732960094105,57089800
2024-09-25,741.697509765625,767.2732859644397,737.4348803991559,754.4853978650323,44707100
2024-09-26,771.5359497070312,792.8490974889934,745.9601723686766,745.9601723686766,84053000
2024-09-27,780.0611572265625,780.0611572265625,763.0106401287142,771.5358986776383,19041300
2024-09-30,784.3238525390625,784.3238525390625,763.0107043722402,775.7985932723336,41170400
2024-10-01,763.0106811523438,788.5864581742101,758.7480516486994,784.3238286705656,25468300
2024-10-02,745.9601440429688,763.0106616210937,720.3843676757813,763.0106616210937,63377800
2024-10-03,745.9601440429688,763.0106616210937,737.4348852539063,745.9601440429688,36537600
2024-10-04,733.1722412109375,741.6974998296694,728.9096119015716,741.6974998296694,16880600
2024-10-07,750.2227783203125,750.2227783203125,733.1722606312145,737.434890053489,15259600
2024-10-08,733.1722412109375,745.9601291390352,728.9096119015716,745.9601291390352,22093000
2024-10-09,745.9601440429688,763.0106616210937,737.4348852539063,745.9601440429688,40184500
2024-10-10,771.5359497070312,784.3238383762085,741.6975428122842,754.4854314814614,63609600
2024-10-11,758.748046875,775.7985647823034,758.748046875,771.5359353054776,16205500
2024-10-14,741.697509765625,767.2732859644397,741.697509765625,767.2732859644397,27832700
2024-10-15,745.9601440429688,750.2227734375,741.6975146484375,741.6975146484375,22928900
2024-10-16,767.2733154296875,767.2733154296875,733.1722791883681,745.9601677788628,43654600
2024-10-17,758.748046875,775.7985647823034,758.748046875,767.2733058286517,22069300
2024-10-18,801.3743286132812,809.8995874283162,763.0106639456242,767.2732933531416,72616500
2024-10-21,792.8490600585938,809.8995774792087,784.3238013482862,805.6369481240549,45167400
2024-10-22,797.1116943359375,801.3743237174131,784.3238061915107,792.8490649544619,31956700
2024-10-23,788.58642578125,801.3743137668919,784.3237964527027,801.3743137668919,24386600
2024-10-24,775.798583984375,792.8491023137019,771.5359544020432,792.8491023137019,20295800
2024-10-25,780.0611572265625,797.1116743244108,780.0611572265625,780.0611572265625,17931700
2024-10-28,784.3238525390625,788.586482172427,771.5359636389692,780.0612229056981,23290500
2024-10-29,767.2733154296875,797.111722140842,767.2733154296875,784.3238335503472,39335400
2024-10-30,763.0106811523438,771.5359401596324,750.2227926414106,767.2733106559881,26172600
2024-10-31,767.2733154296875,780.0612040201822,758.7480563693576,763.0106858995225,22055200
2024-11-01,767.2733154296875,780.0612040201822,763.0106858995225,780.0612040201822,15241600
2024-11-04,780.0611572265625,784.3237865010246,750.2227523053278,775.7985279521005,27456900
2024-11-05,780.0611572265625,784.3237865010246,750.2227523053278,780.0611572265625,76488100
2024-11-06,728.90966796875,780.0612236156798,716.1217790570175,780.0612236156798,47495200
2024-11-07,707.5964965820312,733.172273566924,699.071237587067,728.9096440694418,36999100
2024-11-08,707.5964965820312,716.1217555769955,707.5964965820312,716.1217555769955,12715700
2024-11-11,716.1217651367188,716.1217651367188,694.8086173647926,703.333876473563,21219500
2024-11-12,707.5964965820312,716.1217555769955,703.3338670845492,716.1217555769955,26436800
2024-11-13,711.8590698242188,733.1722156273391,686.2832948604744,707.5964406635948,47306500
2024-11-14,703.3338623046875,716.1217507102273,699.0712328361742,711.859121241714,14650300
2024-11-15,682.020751953125,707.5965301513672,682.020751953125,707.5965301513672,23561100
2024-11-18,703.3338623046875,711.859121241714,677.758085493608,682.0207149621212,25369800
2024-11-19,694.80859375,707.5964819785277,682.0207055214725,703.3338525690184,31689900
2024-11-20,707.5964965820312,707.5964965820312,690.5459785921028,694.8086080895849,28601300
2024-11-21,682.020751953125,711.8591598510742,682.020751953125,707.5965301513672,28255600
2024-11-22,673.4954223632812,686.2833101296726,664.9701638523536,686.2833101296726,30741500
2024-11-25,669.2328491210938,682.0207379578026,664.9702195088576,673.4954787333301,18462400
2024-11-26,664.9701538085938,677.7580413818359,664.9701538085938,673.4954121907551,18547700
2024-11-28,660.7075805664062,673.4954692225302,656.4449510143648,673.4954692225302,22466900
2024-11-29,656.4449462890625,664.9702053317776,643.6570577249898,660.70757581042,16325700
2024-12-02,643.6571044921875,664.970253647558,643.6571044921875,656.4449939854098,19416400
2024-12-03,647.919677734375,652.1823071931537,626.606530440481,643.6570482755961,19858400
2024-12-04,656.4449462890625,664.9702053317776,635.1317986822747,652.182316767705,49136900
2024-12-05,652.1823120117188,664.9702004825367,647.919682521446,656.4449415019914,23355600
2024-12-06,656.4449462890625,660.70757581042,647.9196872463474,652.182316767705,9974700
2024-12-09,656.4449462890625,664.9702053317776,652.182316767705,656.4449462890625,18256500
2024-12-10,682.020751953125,690.546011352539,656.4449737548828,660.7076034545898,47664000
2024-12-11,699.0712280273438,703.3338574665349,686.2833397097704,686.2833397097704,49079700
2024-12-12,703.3338623046875,707.5964917732008,694.808603367661,699.0712328361742,29886200
2024-12-13,699.0712280273438,707.596486905726,686.2833397097704,703.3338574665349,25526300
2024-12-16,690.5460205078125,703.3339097764757,673.4955014829283,699.0712800202546,28494600
2024-12-17,682.020751953125,707.5965301513672,682.020751953125,694.8086410522461,25322100
2024-12-18,707.5964965820312,707.5964965820312,673.4954606021744,682.0207195971386,45616600
2024-12-19,682.020751953125,703.3339004516602,669.2328628540039,703.3339004516602,23279300
2024-12-20,677.7581176757812,690.5460066885319,673.4954880048643,682.0207473466982,18334300
2024-12-23,690.5460205078125,690.5460205078125,677.7581312391493,682.0207609953703,5301100
2024-12-24,677.7581176757812,690.5460066885319,677.7581176757812,690.5460066885319,5105900
2024-12-27,677.7581176757812,686.283377017615,660.7075989921138,682.0207473466982,9351000
2024-12-30,673.4954223632812,682.0206808742088,656.444905341426,677.758051618745,31228400
2025-01-02,643.6571044921875,677.7581431407802,639.3944746611135,673.4955133097061,34395200
2025-01-03,643.6571044921875,652.1823641543357,639.3944746611135,647.9197343232617,23893100
2025-01-06,643.6571044921875,652.1823641543357,639.3944746611135,647.9197343232617,12541600
2025-01-07,626.6065063476562,652.1822821169484,618.0812477578922,643.6570235271844,29019700
2025-01-08,601.03076171875,635.1317978446366,596.7681322030141,626.6065388131649,62539900
2025-01-09,613.8186645507812,626.6065533955892,601.0307757059733,601.0307757059733,42894100
2025-01-10,630.869140625,643.6570286106419,609.5559939822635,618.0812526393581,28854600
2025-01-13,635.1317749023438,647.9196629876259,630.8691455405831,630.8691455405831,26636600
2025-01-14,626.6065063476562,643.6570235271844,622.3438770527742,639.3943942323024,13634000
2025-01-15,639.3944091796875,643.6570385742187,626.6065209960938,626.6065209960938,20014800
2025-01-16,635.1317749023438,647.9196629876259,635.1317749023438,639.3944042641044,32340100
2025-01-17,643.6571044921875,643.6571044921875,630.8692149989653,639.3944746611135,16040300
2025-01-20,635.1317749023438,647.9196629876259,626.6065161788224,647.9196629876259,33462500
2025-01-21,626.6065063476562,643.6570235271844,626.6065063476562,630.8691356425383,19831900
2025-01-22,660.7075805664062,669.2328396704888,630.8691737021169,635.1318032541583,42931900
2025-01-23,656.4449462890625,673.4954643744927,652.182316767705,664.9702053317776,20898800
2025-01-24,643.6571044921875,660.7076238164839,643.6571044921875,656.4449939854098,15506400
2025-01-30,652.1823120117188,660.7075709922641,639.3944235409007,647.919682521446,23046500
2025-01-31,652.1823120117188,656.4449415019914,635.1317940506281,656.4449415019914,44343600
2025-02-03,622.3439331054688,647.9197111782962,622.3439331054688,639.3944518206871,64310400
2025-02-04,626.6065063476562,639.3943942323024,622.3438770527742,626.6065063476562,20278400
2025-02-05,626.6065063476562,643.6570235271844,626.6065063476562,639.3943942323024,9482600
2025-02-06,626.6065063476562,635.1317649374203,622.3438770527742,630.8691356425383,16333900
2025-02-07,635.1317749023438,635.1317749023438,618.0812574553009,626.6065161788224,13568100
2025-02-10,630.869140625,656.4449165962837,630.869140625,635.1317699535473,16588700
2025-02-11,643.6571044921875,647.9197343232617,630.8692149989653,630.8692149989653,11020700
2025-02-12,656.4449462890625,669.2328348531352,639.3944282036323,643.6570577249898,22556300
2025-02-13,682.020751953125,682.020751953125,652.1823440551758,656.4449737548828,43321900
2025-02-14,686.2833251953125,694.808583893391,673.4954371481949,682.0206958462733,40610000
2025-02-17,682.020751953125,690.546011352539,669.2328628540039,686.2833816528321,23405200
2025-02-18,673.4954223632812,682.0206808742088,652.1822760859621,682.0206808742088,57723800
2025-02-19,673.4954223632812,694.8085686406002,669.2327931078174,677.758051618745,20924100
2025-02-20,664.9701538085938,673.4954121907551,652.1822662353516,669.2327829996744,13392500
2025-02-21,652.1823120117188,669.2328299728094,652.1823120117188,664.9702004825367,13613600
2025-02-24,630.869140625,656.4449165962837,622.3438819679054,652.1822872677365,27400200
2025-02-25,596.7681274414062,639.3944222586496,588.2428684779576,635.1317927769252,40993800
2025-02-26,592.5054931640625,609.5560109529564,575.4549753751686,596.7681226112859,32354000
2025-02-27,596.7681274414062,609.5560158865793,592.505497959682,592.505497959682,31872200
2025-02-28,549.879150390625,601.0306992641715,541.3538922450339,601.0306992641715,25289700
2025-03-03,571.1923217773438,601.0307266463095,549.8791754423683,554.1418047093633,29951200
2025-03-04,566.9297485351562,575.4550079116248,558.4044891586877,575.4550079116248,17391400
2025-03-05,579.7175903320312,583.9802196727079,562.6670729693244,571.1923316506778,24932900
2025-03-06,575.4550170898438,596.768165870949,566.9297575774016,583.9802766022858,20476400
2025-03-07,571.1923217773438,579.717580311334,566.9296925103487,575.4549510443388,9156300
2025-03-10,575.4550170898438,579.7176468460648,566.9297575774016,575.4550170898438,16060500
2025-03-11,566.9297485351562,575.4550079116248,558.4044891586877,575.4550079116248,9558800
2025-03-12,558.4044799804688,566.9297392168118,554.1418503622973,566.9297392168118,11805100
2025-03-13,549.879150390625,562.6670376090116,549.879150390625,558.404408536216,6231700
2025-03-14,511.5155334472656,549.8791984558105,502.99027455647786,549.8791984558105,36045900
2025-03-17,524.3034057617188,532.8286643919906,511.51551781631093,515.7781471314469,16776700
2025-03-18,494.46502685546875,528.5660631903287,481.6771382298963,524.3034336484712,41634200
2025-03-19,507.2529296875,520.0408186712185,498.727670365021,511.5155593487395,34967900
2025-03-20,430.52557373046875,532.828680359491,422.85284073329206,507.25290370223547,204673200
2025-03-21,426.2629699707031,460.3640075683594,419.44276245117186,443.31348876953126,140539700
2025-03-24,426.2629699707031,443.31348876953126,414.3276068115234,426.2629699707031,79540900
2025-03-25,430.52557373046875,439.0508326162206,426.2629442875928,426.2629442875928,39572100
2025-03-26,443.3134765625,447.5761061448317,430.52558781550476,430.52558781550476,43324300
2025-03-27,426.2629699707031,451.8387481689453,424.5579180908203,447.5761184692383,62788500
2025-04-08,383.63665771484375,393.86696858723957,363.17603597005206,363.17603597005206,124425200
2025-04-09,393.8669738769531,405.8023367217093,380.22655919723184,383.63666286716216,87885500
2025-04-10,426.2629699707031,434.78822937011716,407.50739929199216,412.6225549316406,106348300
2025-04-11,419.4427490234375,434.78821545112424,417.737697198139,422.8528526740346,20240600
2025-04-14,451.8387145996094,451.8387145996094,424.55788654831224,426.2629383015183,79171400
2025-04-15,422.85284423828125,460.3639836465159,417.7376888644311,456.1013541683074,215799900
2025-04-16,416.0326232910156,426.26293369981113,412.62251982141714,422.85283023021265,72835100
2025-04-17,402.3922119140625,414.3275741318525,397.27705667786677,410.91747064105533,203826400
2025-04-21,407.50738525390625,416.0326443596365,404.09728161161416,405.8023334327602,100190700
2025-04-22,412.6225280761719,419.44273515181106,409.21242453835225,409.21242453835225,99988300
2025-04-23,430.52557373046875,434.7882031733447,417.73768540184096,419.4427371789913,152461400
2025-04-24,426.2629699707031,443.31348876953126,422.8528662109375,434.78822937011716,74170200
2025-04-25,447.5760803222656,451.83870965866817,426.262933640253,430.5255629766555,96296100
2025-04-28,439.05084228515625,456.1013604321526,439.05084228515625,451.8387308954035,63146800
2025-04-29,464.6266174316406,481.6771355025265,443.31346984303326,443.31346984303326,166951000
2025-04-30,456.1013488769531,468.88923716322284,456.1013488769531,464.6266077344663,47390400
2025-05-02,443.3134765625,451.83873572716345,426.26295823317304,447.5761061448317,136874500
2025-05-05,447.5760803222656,456.1013389950707,439.05082164946054,443.3134509858631,48624400
2025-05-06,447.5760803222656,451.83870965866817,443.3134509858631,447.5760803222656,41326900
2025-05-07,464.6266174316406,473.1518764670836,447.5760993607547,451.83872887847616,106574000
2025-05-08,447.5760803222656,468.88922700427827,443.3134509858631,468.88922700427827,73158800
2025-05-09,447.5760803222656,456.1013389950707,443.3134509858631,447.5760803222656,31316100
2025-05-14,464.6266174316406,468.8892469493621,451.83872887847616,451.83872887847616,53664600
2025-05-15,456.1013488769531,473.1518665919794,456.1013488769531,468.88923716322284,69706000
2025-05-16,434.7882080078125,464.62661443972115,426.26294902726715,451.8387259689032,281375600
2025-05-19,451.8387145996094,456.1013439826246,430.5255676845335,434.78819706754865,108092100
2025-05-20,447.5760803222656,464.6265976678757,439.05082164946054,456.1013389950707,72039500
2025-05-21,447.5760803222656,456.1013389950707,439.05082164946054,447.5760803222656,85494500
2025-05-22,507.2529296875,520.0408186712185,447.5761144301471,447.5761144301471,267903200
2025-05-23,490.2023620605469,502.99024976647416,485.9397328252378,498.7276205311651,49415900
2025-05-26,494.46502685546875,502.99028593918376,481.6771382298963,494.46502685546875,67616600
2025-05-27,502.9902648925781,511.51552361957096,498.7276355290817,507.2528942560745,99603900
2025-05-28,490.2023620605469,507.2528790017833,485.9397328252378,502.99024976647416,67376000
2025-06-02,468.88922119140625,490.20236760919744,460.36396262428974,490.20236760919744,96321200
2025-06-03,468.88922119140625,477.4144797585227,460.36396262428974,468.88922119140625,49135700
2025-06-04,464.6266174316406,473.1518764670836,456.10135839619767,468.8892469493621,30320100
2025-06-05,456.1013488769531,468.88923716322284,456.1013488769531,464.6266077344663,32217800
2025-06-10,464.6266174316406,468.8892469493621,456.10135839619767,456.10135839619767,27078800
2025-06-11,473.1518859863281,473.1518859863281,456.1013675724064,464.62662677936726,35062400
2025-06-12,464.6266174316406,477.41450598480503,460.3639879139191,473.1518764670836,53028600
2025-06-13,451.8387145996094,464.62660274865493,451.8387145996094,464.62660274865493,39529700
2025-06-16,447.5760803222656,456.1013389950707,439.05082164946054,451.83870965866817,44322300
2025-06-17,460.364013671875,468.8892731843171,451.8387541594329,451.8387541594329,49388500
2025-06-18,460.364013671875,468.8892731843171,456.1013839156539,464.62664342809603,31011900
2025-06-19,443.3134765625,464.62662447415863,439.0508469801683,464.62662447415863,71535000
2025-06-20,439.05084228515625,451.8387308954035,434.78821274840715,447.5761013586544,58689300
2025-06-23,422.85284423828125,443.313465733682,422.85284423828125,439.0508362554735,64554900
2025-06-24,434.7882080078125,443.31346698835785,424.55789723115805,424.55789723115805,46595500
2025-06-25,439.05084228515625,447.5761013586544,434.78821274840715,439.05084228515625,51928000
2025-06-26,450.79522705078125,454.445390832569,438.0196538145243,441.66981759631204,88890600
2025-06-30,452.6203308105469,460.83319971638343,450.7952488314721,456.2704947686965,34638300
2025-07-01,450.79522705078125,456.27047272346283,448.9701451598874,452.62030894167515,18411800
2025-07-02,445.32000732421875,454.4454173103708,443.4949253269883,454.4454173103708,23939200
2025-07-03,445.32000732421875,450.79525331591,438.0196793352971,447.1450893214491,39850600
2025-07-04,443.4949035644531,448.97014928747103,439.8447397491078,445.3199854721258,13151700
2025-07-07,441.6698303222656,445.3199942092265,439.8447483787852,445.3199942092265,7008400
2025-07-08,443.4949035644531,445.3199854721258,438.01965784143516,443.4949035644531,18022600
2025-07-09,465.3959045410156,469.9586094874962,441.6698388193168,445.3200027765012,75215700
2025-07-10,460.83319091796875,469.95860063911664,456.2704860573948,469.95860063911664,43334200
2025-07-11,460.83319091796875,465.3958957785427,456.2704860573948,460.83319091796875,21191500
2025-07-14,443.4949035644531,460.83318168734326,443.4949035644531,460.83318168734326,46284500
2025-07-15,447.14508056640625,452.6203264508929,443.4949166434152,445.3199986049107,25118500
2025-07-16,448.97015380859375,452.6203176606961,447.14507188254254,448.97015380859375,20312600
2025-07-17,448.97015380859375,460.8331863279265,447.14507188254254,450.79523573464496,56526300
2025-07-18,447.14508056640625,452.6203264508929,447.14508056640625,448.97016252790183,21937900
2025-07-21,439.8447570800781,450.79524895759045,439.8447570800781,447.14508499841963,47191500
2025-07-22,430.7193298339844,441.66982127044156,428.89424792790817,441.66982127044156,80287000
2025-07-23,432.54443359375,436.19459759032173,428.89426959717827,430.71935159546416,37289000
2025-07-24,434.3695068359375,441.66983468191967,432.544424874442,432.544424874442,50065000
2025-07-25,432.54443359375,439.84476158689347,430.71935159546416,434.3695155920359,30280700
2025-07-28,430.7193298339844,436.194575552213,428.89424792790817,434.3694936461368,43282800
2025-07-29,436.194580078125,439.84474392815116,428.89425237807274,430.7193343030858,44490300
2025-07-30,432.54443359375,439.84476158689347,430.71935159546416,439.84476158689347,25482300
2025-07-31,428.8942565917969,436.1945843635722,428.8942565917969,432.5444204776845,29673200
2025-08-01,430.7193298339844,434.3694936461368,428.89424792790817,428.89424792790817,38481500
2025-08-04,434.3695068359375,436.1945887974331,428.8942609514509,430.71934291294644,33112300
2025-08-05,441.6698303222656,443.49491226574605,430.719338661383,434.36950254834386,52434000
2025-08-06,441.6698303222656,447.1450761527069,438.0196664353047,445.3199942092265,41450500
2025-08-07,439.8447570800781,445.32000301883426,439.8447570800781,443.4949210392489,28350800
2025-08-08,432.54443359375,439.84476158689347,430.71935159546416,439.84476158689347,29119200
2025-08-11,434.3695068359375,438.0196707589286,428.8942609514509,430.71934291294644,54847900
2025-08-12,436.194580078125,441.66982585316424,434.369498153112,434.369498153112,50760000
2025-08-13,438.0196533203125,450.7952265421549,438.0196533203125,438.0196533203125,98837600
2025-08-14,439.8447570800781,441.6698390596635,434.36951114132194,439.8447570800781,91985300
2025-08-15,430.7193298339844,441.66982127044156,430.7193298339844,439.8447393643654,61036600
2025-08-19,417.9437561035156,432.5444113385729,417.9437561035156,430.71932943419074,107059900
2025-08-20,416.1186828613281,423.4190106308251,414.29360091895387,417.9437648037024,67306800
2025-08-21,419.76885986328125,425.244105861498,416.1186958644701,416.1186958644701,44021800
2025-08-22,416.1186828613281,423.4190106308251,414.29360091895387,423.4190106308251,47923300
2025-08-25,419.76885986328125,423.4190238620924,416.1186958644701,416.1186958644701,54222400
2025-08-26,419.76885986328125,423.4190238620924,417.9437778638757,419.76885986328125,27424800
2025-08-27,417.9437561035156,421.59391991227994,416.11867419913347,421.59391991227994,22523300
2025-08-28,425.24407958984375,425.24407958984375,417.943752043237,417.943752043237,35585800
2025-08-29,416.1186828613281,425.24409257319934,410.64343703420536,425.24409257319934,65847000
2025-09-01,405.1681823730469,414.29359188595333,394.21769095755917,406.9932642756282,64992700
2025-09-02,403.3431091308594,414.2936007814709,399.6929452473222,405.16819107262796,73219700
2025-09-03,397.86785888671875,406.9932684942123,396.04277696522007,405.16818657271364,75954900
2025-09-04,401.5180358886719,403.343117869984,397.8678719260476,399.6929539073597,50209300
2025-09-08,394.21771240234375,403.34312241165725,392.39263040048104,401.51804040979454,68998800
2025-09-09,386.9173583984375,394.21768591538915,383.26719463996164,392.3926040361512,78211300
2025-09-10,392.3926086425781,399.6929362452307,386.91736294058865,386.91736294058865,57297200
2025-09-11,396.04278564453125,405.16819545200894,394.2177036830357,394.2177036830357,63364400
2025-09-12,396.04278564453125,399.69294956752236,394.2177036830357,399.69294956752236,22693400
2025-09-15,401.5180358886719,403.343117869984,396.04278994473543,396.04278994473543,32943600
2025-09-16,397.86785888671875,405.16818657271364,396.04277696522007,401.51802272971617,57449000
2025-09-17,406.9932861328125,410.6434501340036,397.8678761298346,401.51804013102577,85559900
2025-09-18,397.86785888671875,408.81835041571105,396.04277696522007,408.81835041571105,38849900
2025-09-19,394.21771240234375,399.6929584079318,394.21771240234375,397.8678764060692,17802300
2025-09-22,388.7424621582031,396.0427900860567,385.09229819427634,394.21770810409333,51187700
2025-09-23,390.5675354003906,392.392617341514,385.09228957702067,388.7424534592673,43041300
2025-09-24,386.9173583984375,390.5675221569133,386.9173583984375,390.5675221569133,22971700
2025-09-25,385.09228515625,388.7424489965936,385.09228515625,388.7424489965936,32008800
2025-09-26,392.3926086425781,396.0427724439044,385.0922810399255,385.0922810399255,37341600
2025-09-29,396.04278564453125,397.86786760602683,390.56753976004467,394.2177036830357,34463100
2025-09-30,392.3926086425781,396.0427724439044,390.56752674191495,396.0427724439044,34009700
2025-10-01,385.09228515625,397.8678585974526,383.2672032360782,394.21769475710903,70170200
2025-10-02,385.09228515625,390.5675309167654,383.2672032360782,386.9173670764218,34412500
2025-10-03,392.3926086425781,396.0427724439044,386.91736294058865,386.91736294058865,32246100
2025-10-06,390.5675354003906,401.51802704713054,390.5675354003906,396.0427812237606,46823100
2025-10-07,386.9173583984375,396.042767794627,385.0922765191996,392.3926040361512,36588700
2025-10-08,385.09228515625,388.7424489965936,379.6170393957346,386.9173670764218,39361700
2025-10-09,390.5675354003906,392.392617341514,385.09228957702067,388.7424534592673,30031300
2025-10-10,388.7424621582031,396.0427900860567,386.91738017623976,390.56754414016655,18599300
2025-10-13,385.09228515625,388.7424489965936,383.2672032360782,388.7424489965936,26761200
2025-10-14,381.442138671875,386.91738468151914,379.61705666866027,385.0923026783044,42559300
2025-10-15,401.5180358886719,401.5180358886719,375.9668881503018,381.44213409423827,147185700
2025-10-16,383.2672119140625,399.69294956752236,383.2672119140625,399.69294956752236,88095800
2025-10-17,379.6170349121094,386.91736250657306,379.6170349121094,381.4421168107253,30971800
2025-10-20,386.9173583984375,392.3926040361512,381.4421127607237,381.4421127607237,30190200
2025-10-21,390.5675354003906,392.392617341514,386.917371518144,388.7424534592673,25930300
2025-10-22,405.1681823730469,417.94375569111594,388.74244524981526,392.39260905497787,193759400
2025-10-23,414.2936096191406,423.41901952264595,405.16819971563535,408.81836367703744,125388100
2025-10-24,405.1681823730469,417.94375569111594,405.1681823730469,416.11867378853464,53095300
2025-10-27,410.6434326171875,419.76884223090275,397.8678591579861,406.99326877170137,95923300
2025-10-28,410.6434326171875,419.76884223090275,408.8183506944444,414.2935964626736,43436400
2025-10-29,419.76885986328125,423.4190238620924,412.468531865659,414.2936138650646,100680100
2025-10-30,416.1186828613281,423.4190106308251,414.29360091895387,419.76884674607663,45370800
2025-10-31,405.1681823730469,417.94375569111594,403.34310047046563,416.11867378853464,60801400
2025-11-03,406.9932861328125,410.6434501340036,401.51804013102577,405.16820413221694,45275800
2025-11-04,401.5180358886719,408.8183638139204,401.5180358886719,405.16819985129615,41163400
2025-11-05,401.5180358886719,406.9932818326083,397.8678719260476,401.5180358886719,41866000
2025-11-06,406.9932861328125,406.9932861328125,397.8678761298346,401.51804013102577,44090000
2025-11-07,417.9437561035156,423.4190018166621,406.9932646772226,406.9932646772226,93749800
2025-11-10,410.6434326171875,419.76884223090275,406.99326877170137,417.9437603081597,53140100
2025-11-11,399.69293212890625,412.46850530197634,399.69293212890625,412.46850530197634,76955500
2025-11-12,401.5180358886719,403.343117869984,399.6929539073597,401.5180358886719,34622100
2025-11-13,397.86785888671875,403.3431046512149,397.86785888671875,403.3431046512149,33220400
2025-11-14,385.09228515625,399.6929405176244,385.09228515625,397.8678585974526,90182700
2025-11-17,392.3926086425781,394.21769054324125,385.0922810399255,385.0922810399255,38926200
2025-11-18,390.5675354003906,394.2176992826373,388.7424534592673,392.392617341514,25657300
2025-11-19,392.3926086425781,394.21769054324125,390.56752674191495,390.56752674191495,18483100
2025-11-20,388.7424621582031,392.3926261221299,388.7424621582031,392.3926261221299,17467100
2025-11-21,386.9173583984375,390.5675221569133,385.0922765191996,388.74244027767537,39806000
2025-11-24,390.5675354003906,392.392617341514,386.917371518144,388.7424534592673,29206500
2025-11-25,383.2672119140625,390.56753976004467,381.442129952567,390.56753976004467,60633200
2025-11-26,381.442138671875,386.91738468151914,379.61705666866027,383.2672206750897,59849800
2025-11-27,383.2672119140625,383.2672119140625,379.61704799107144,381.442129952567,37600400
2025-11-28,381.442138671875,385.0923026783044,379.61705666866027,383.2672206750897,30341300
2025-12-01,379.6170349121094,385.0922806079571,379.6170349121094,381.4421168107253,69207600
2025-12-02,383.2672119140625,385.092293875558,379.61704799107144,381.442129952567,57481500
2025-12-03,383.2672119140625,385.092293875558,379.61704799107144,383.2672119140625,26521800
2025-12-04,383.2672119140625,383.2672119140625,379.61704799107144,383.2672119140625,23636000
2025-12-05,383.2672119140625,383.2672119140625,381.442129952567,383.2672119140625,16975600
2025-12-08,385.09228515625,388.7424489965936,383.2672032360782,383.2672032360782,31871900
2025-12-09,383.2672119140625,386.9173758370536,381.442129952567,385.092293875558,23389400
2025-12-10,381.442138671875,385.0923026783044,379.61705666866027,385.0923026783044,31660600
2025-12-11,379.6170349121094,385.0922806079571,377.79195301349347,381.4421168107253,50689000
2025-12-12,375.9668884277344,381.4421343757111,374.1418064450755,379.6170523930522,43712100
2025-12-15,375.9668884277344,377.7919704103933,366.8414785144398,375.9668884277344,39864000
2025-12-16,372.31671142578125,377.7919571820427,370.4916295070274,375.9668752632889,27751700
2025-12-17,375.9668884277344,379.6170523930522,372.3167244624166,372.3167244624166,28044800
2025-12-18,383.2672119140625,386.9173758370536,377.7919660295759,377.7919660295759,44864600
2025-12-19,379.6170349121094,385.0922806079571,379.6170349121094,385.0922806079571,22350500
2025-12-22,377.7919616699219,383.26720749122507,375.96687972948746,381.4421255507907,19759900
2025-12-23,375.9668884277344,381.4421343757111,374.1418064450755,377.7919704103933,22333200
2025-12-24,375.9668884277344,381.4421343757111,374.1418064450755,375.9668884277344,24983300
2025-12-29,375.9668884277344,379.6170523930522,374.1418064450755,377.7919704103933,15373100
2025-12-30,374.14178466796875,377.791948420827,372.3167027915396,375.9668665443979,19075000
2026-01-02,374.14178466796875,377.791948420827,372.3167027915396,372.3167027915396,20154300
2026-01-05,375.9668884277344,379.6170523930522,374.1418064450755,374.1418064450755,28337100
2026-01-06,379.6170349121094,379.6170349121094,375.96687111487756,375.96687111487756,23831500
2026-01-07,375.9668884277344,383.26721635837,375.9668884277344,379.6170523930522,29016200
2026-01-08,375.9668884277344,381.4421343757111,375.9668884277344,375.9668884277344,27569000
2026-01-09,377.7919616699219,379.6170436103563,375.96687972948746,377.7919616699219,14794900
2026-01-12,375.9668884277344,379.6170523930522,374.1418064450755,377.7919704103933,28961100
2026-01-13,374.14178466796875,377.791948420827,372.3167027915396,375.9668665443979,23184200
2026-01-14,374.14178466796875,375.9668665443979,372.3167027915396,374.14178466796875,33489800
2026-01-15,375.9668884277344,377.7919704103933,374.1418064450755,374.1418064450755,23327100
2026-01-19,379.6170349121094,379.6170349121094,375.96687111487756,377.79195301349347,27739200
2026-01-20,381.442138671875,385.0923026783044,379.61705666866027,379.61705666866027,42980800
2026-01-21,375.9668884277344,383.26721635837,372.3167244624166,381.4421343757111,45310800
2026-01-22,379.6170349121094,379.6170349121094,372.31670731764575,375.96687111487756,24618800
2026-01-23,377.7919616699219,381.4421255507907,374.14179778905304,379.6170436103563,19755600
2026-01-26,375.9668884277344,377.7919704103933,374.1418064450755,377.7919704103933,23140800
2026-01-27,374.14178466796875,375.9668665443979,372.3167027915396,374.14178466796875,30452700
2026-01-28,359.5411376953125,374.1417930331932,355.8909738608423,372.3167111159581,112023100
2026-01-29,359.5411376953125,365.01638344701774,321.2144174333756,357.71605577807736,97320300
2026-01-30,365.0163879394531,368.66655181884767,359.54114212036137,359.54114212036137,24885200
2026-02-02,361.3662109375,370.4916203046086,361.3662109375,365.0163746843434,27047900
2026-02-03,365.0163879394531,366.8414698791504,355.89097824096683,361.36622406005864,30343000
2026-02-04,363.1913146972656,366.8414786640723,361.3662327138623,365.016396680669,20833000
2026-02-05,370.49163818359375,372.3167201450893,363.19131033761164,365.01639229910717,30171200
2026-02-06,368.66656494140625,374.14181095538754,363.19131892742496,368.66656494140625,33247600
2026-02-09,368.66656494140625,370.4916469460667,365.0164009320854,370.4916469460667,21683100
2026-02-10,370.49163818359375,372.3167201450893,366.8414742606027,368.6665562220982,19079700
2026-02-11,372.31671142578125,374.1417933445351,365.01638375076595,368.6665475882736,36558600
2026-02-12,366.8414611816406,370.49162497449277,365.01637928521455,370.49162497449277,17403900
2026-02-13,363.1913146972656,366.8414786640723,363.1913146972656,366.8414786640723,26305900
2026-02-18,365.0163879394531,366.8414698791504,361.36622406005864,365.0163879394531,24551300
2026-02-19,365.0163879394531,372.3167156982422,363.19130599975585,365.0163879394531,70792900
2026-02-20,363.1913146972656,366.8414786640723,359.5411507304589,365.016396680669,60053600
2026-02-23,365.0163879394531,366.8414698791504,363.19130599975585,365.0163879394531,88324300
2026-02-24,363.1913146972656,366.8414786640723,361.3662327138623,365.016396680669,45262300
2026-02-25,363.1913146972656,366.8414786640723,361.3662327138623,363.1913146972656,50148800
2026-02-26,361.3662109375,366.8414565577651,357.7160471906566,365.0163746843434,96840500
2026-02-27,365.0163879394531,365.0163879394531,355.89097824096683,361.36622406005864,268898800
2026-03-02,355.8909912109375,363.19131923577726,354.0659092047276,357.7160732171475,62812500
2026-03-03,365.0163879394531,368.66655181884767,354.06589630126956,355.89097824096683,107375700
2026-03-04,357.716064453125,363.19131033761164,354.06590053013394,363.19131033761164,80847100
2026-03-05,368.66656494140625,374.14181095538754,357.7160729134437,357.7160729134437,76500100
2026-03-06,365.0163879394531,368.66655181884767,359.54114212036137,365.0163879394531,34823600
2026-03-09,343.11541748046875,359.54115555134223,343.11541748046875,359.54115555134223,81762200
2026-03-10,359.5411376953125,359.5411376953125,344.9404823574318,348.59064619190195,42790100
2026-03-11,352.2408142089844,359.541141964611,350.41573227007774,359.541141964611,11390000
2026-03-12,357.716064453125,357.716064453125,350.4157366071429,352.2408185686384,15925900
2026-03-13,348.59063720703125,357.71604655800064,346.7655553368374,354.0658828176129,29314000
2026-03-16,346.76556396484375,350.41572779605264,343.11540013363486,348.5906458804482,21616300
2026-03-17,348.59063720703125,352.240800947419,343.1153915964496,346.7655553368374,25871300
2026-03-25,344.94049072265625,348.59065464564736,343.1154087611607,348.59065464564736,58877400
2026-03-26,350.4157409667969,354.06590493520105,346.76557699839276,346.76557699839276,38084300
2026-03-27,346.76556396484375,350.41572779605264,344.94048204923934,350.41572779605264,23821900
2026-03-30,343.11541748046875,346.76558149621843,341.29033547259394,344.94049948834356,36575200
2026-03-31,344.94049072265625,350.4157366071429,341.2903267996652,343.1154087611607,53745700
2026-04-01,343.11541748046875,350.4157455119681,341.29033547259394,346.76558149621843,33735000
2026-04-02,332.1649169921875,344.94049072265625,330.339835030692,343.1154087611607,40416300
2026-04-06,324.8645935058594,333.9900034357993,324.8645935058594,332.1649214498113,34176600
2026-04-07,324.8645935058594,328.51475747783536,324.8645935058594,324.8645935058594,13751300
2026-04-08,326.6896667480469,332.16491255946664,323.03950287376705,328.5147486851868,81492400
2026-04-09,319.38934326171875,328.51475306919644,317.5642613002232,326.6896711077009,55581200
2026-04-10,324.8645935058594,326.68967549184737,317.5642655619075,319.38934754789545,38940400
2026-04-13,323.03948974609375,326.68965347203834,321.21440788312145,324.86457160906605,28461300
2026-04-14,326.6896667480469,332.16491255946664,324.86458481090693,326.6896667480469,57700400
2026-04-15,326.6896667480469,332.16491255946664,324.86458481090693,328.5147486851868,49644100
2026-04-16,333.989990234375,335.81507214822403,326.6896625789788,330.33982640667693,38249400
2026-04-17,343.11541748046875,352.2408275198429,337.64017145684426,337.64017145684426,76103600
2026-04-20,339.4652404785156,350.4157321068548,337.6401585404591,346.76556823074174,37832600
2026-04-21,352.2408142089844,352.2408142089844,339.4652406366378,339.4652406366378,41834800
2026-04-22,359.5411376953125,363.19130152978266,350.41572810913704,354.0658919436072,45921300
2026-04-23,361.3662109375,370.4916203046086,357.7160471906566,361.3662109375,57352800
2026-04-24,355.8909912109375,363.19131923577726,346.7655811798878,361.36623722956733,31195800
2026-04-27,352.2408142089844,355.8909780867977,344.9404864533578,352.2408142089844,25689700
2026-04-28,335.8150634765625,354.065882143767,333.98998160984206,352.24080027704656,48127900
2026-04-29,335.8150634765625,344.94047281016475,332.1648997431216,335.8150634765625,32182000
2026-04-30,326.6896667480469,339.46524030802635,321.2144209366271,335.8150764337465,51954800
2026-05-04,339.4652404785156,346.76556823074174,326.68966691211983,333.989994664346,49515300
2026-05-05,352.2408142089844,352.2408142089844,339.4652406366378,339.4652406366378,45064100
2026-05-06,352.2408142089844,357.71606002570434,348.59065033117105,352.2408142089844,34175300
2026-05-07,361.3662109375,361.3662109375,348.590637823548,354.0658834438131,39781100
2026-05-08,346.76556396484375,363.19130120528376,346.76556396484375,363.19130120528376,43370600
2026-05-11,346.76556396484375,355.890973542866,344.94048204923934,348.5906458804482,31936700
2026-05-12,341.2903137207031,352.2408050700305,339.46523182914854,348.59064128692137,21677100
2026-05-13,337.6401672363281,341.2903312064506,335.8150852512669,341.2903312064506,17708500
2026-05-14,337.6401672363281,337.6401672363281,337.6401672363281,337.6401672363281,0
2026-05-15,337.6401672363281,337.6401672363281,337.6401672363281,337.6401672363281,0
2026-05-18,323.03948974609375,337.640144649872,317.5642441571769,337.640144649872,80858000
2026-05-19,315.7391662597656,326.6896575751332,313.91408437387105,324.8645756892386,38818500
2026-05-20,321.21441650390625,324.8645803278143,312.08900694413614,313.9140888560902,35103900
2026-05-21,313.9140930175781,326.6896665706191,312.0890110814294,326.6896665706191,30901700
2026-05-22,317.56427001953125,321.21443404274424,310.26394197310526,313.91410599631826,25381800
2026-05-25,319.38934326171875,323.03950718470986,313.91409737723217,319.38934326171875,23592100
2026-05-26,315.7391662597656,321.2144119174494,313.91408437387105,321.2144119174494,32454100
2026-05-27,315.7391662597656,315.7391662597656,315.7391662597656,315.7391662597656,0
2026-05-28,315.7391662597656,315.7391662597656,315.7391662597656,315.7391662597656,0
2026-05-29,317.56427001953125,319.3893520311377,313.91410599631826,315.7391880079247,14988600
2026-06-02,317.56427001953125,321.21443404274424,313.91410599631826,317.56427001953125,27688800
2026-06-03,317.56427001953125,321.21443404274424,310.26394197310526,321.21443404274424,40116300
2026-06-04,308.4388427734375,317.5642523229475,302.9635970437315,317.5642523229475,39268200
2026-06-05,301.1385192871094,317.5642567027699,301.1385192871094,308.43884702740297,28922200
2026-06-08,286.5378723144531,299.31344623930136,286.5378723144531,297.4883642500373,38559900
2026-06-09,301.1385192871094,302.9636012221828,282.8876999363755,286.53786380652224,44925000
2026-06-10,317.56427001953125,317.56427001953125,302.9636139266792,302.9636139266792,51905800
2026-06-11,321.21441650390625,324.8645803278143,317.5642526799982,321.21441650390625,40272300
2026-06-12,324.8645935058594,328.51475747783536,321.21442953388345,324.8645935058594,33615200
2026-06-15,333.989990234375,346.7655636313183,326.6896625789788,326.6896625789788,53656100
2026-06-17,341.2903137207031,344.94047750381225,337.640149937594,339.46523182914854,48106300
2026-06-18,339.4652404785156,344.9404862926852,337.6401585404591,343.11540435462865,20705100
2026-06-19,333.989990234375,343.1153998036202,332.16490832052597,341.2903178897712,42647000
2026-06-22,336.0,340.0,330.0,336.0,39794000
2026-06-23,330.0,336.0,330.0,334.0,20424800
2026-06-24,332.0,338.0,328.0,332.0,19344100
2026-06-25,338.0,342.0,330.0,332.0,26549900
2026-06-26,336.0,342.0,332.0,342.0,12877300
2026-06-29,332.0,338.0,332.0,336.0,9996900
2026-06-30,326.0,332.0,318.0,332.0,41999500
2026-07-01,324.0,328.0,318.0,326.0,20658500
2026-07-02,328.0,332.0,318.0,324.0,9357400
2026-07-03,338.0,338.0,328.0,330.0,20230300
2026-07-06,334.0,342.0,330.0,338.0,13622800
2026-07-07,348.0,348.0,334.0,338.0,15341700
2026-07-08,342.0,356.0,340.0,348.0,23827400
2026-07-09,334.0,344.0,330.0,342.0,17619700
2026-07-10,342.0,342.0,334.0,334.0,9427000
2026-07-13,350.0,350.0,338.0,340.0,10993900
2026-07-14,346.0,350.0,340.0,350.0,12629400
2026-07-15,346.0,348.0,340.0,346.0,6359000
2026-07-16,346.0,348.0,342.0,346.0,10386600
2026-07-17,352.0,352.0,344.0,348.0,11084700
2026-07-20,354.0,356.0,348.0,352.0,14006100
2026-07-21,358.0,358.0,352.0,356.0,8567100
2026-07-22,358.0,360.0,352.0,358.0,9788900
2026-07-23,360.0,368.0,358.0,360.0,30335900
2026-07-24,356.0,362.0,354.0,358.0,17084700
2026-07-27,350.0,356.0,344.0,356.0,14790500
2026-07-28,350.0,352.0,346.0,350.0,6144500
2026-07-29,348.0,350.0,344.0,350.0,11339800
2026-07-30,352.0,354.0,344.0,344.0,8214000
2026-07-31,360.0,364.0,350.0,356.0,24090900
2026-08-03,350.0,362.0,350.0,360.0,21914300
2026-08-04,354.0,354.0,348.0,350.0,19897100
2026-08-05,362.0,366.0,350.0,356.0,29792500
2026-08-06,362.0,364.0,358.0,364.0,14008200
2026-08-07,358.0,362.0,356.0,362.0,15857000
2026-08-10,352.0,360.0,350.0,358.0,32202500
2026-08-11,360.0,364.0,352.0,354.0,32666900
2026-08-12,360.0,362.0,356.0,360.0,8694400
2026-08-13,354.0,358.0,352.0,356.0,11461300
2026-08-14,354.0,356.0,350.0,356.0,6913700
2026-08-18,354.0,356.0,350.0,354.0,67396600
2026-08-19,362.0,364.0,352.0,356.0,41883100
2026-08-20,362.0,366.0,360.0,364.0,18881500
2026-08-21,360.0,364.0,358.0,362.0,11030000
2026-08-24,362.0,368.0,356.0,360.0,23666600
2026-08-26,354.0,364.0,354.0,362.0,24866200
2026-08-27,358.0,360.0,350.0,352.0,10704400
2026-08-28,360.0,360.0,358.0,360.0,6010000
2026-08-31,356.0,360.0,350.0,360.0,28927000
2026-09-01,354.0,356.0,350.0,352.0,43324800
2026-09-02,350.0,354.0,348.0,354.0,25676700
2026-09-03,356.0,358.0,350.0,352.0,32366800
2026-09-04,358.0,360.0,356.0,358.0,15197800
2026-09-07,358.0,360.0,350.0,358.0,16646900
