date,Close,High,Low,Open,Volume
2022-01-03,125.22469329833984,125.22469329833984,125.22469329833984,125.22469329833984,34289600
2022-01-04,168.82142639160156,168.82142639160156,168.82142639160156,168.82142639160156,22170900
2022-01-05,226.33203125,226.33203125,204.0698642418033,204.0698642418033,43203600
2022-01-06,281.9874267578125,281.9874267578125,281.9874267578125,281.9874267578125,52097500
2022-01-07,352.48431396484375,352.48431396484375,352.48431396484375,352.48431396484375,19248600
2022-01-10,439.67779541015625,439.67779541015625,439.67779541015625,439.67779541015625,17843500
2022-01-11,547.2782592773438,547.2782592773438,458.2295933610302,458.2295933610302,685732700
2022-01-12,681.7788696289062,681.7788696289062,575.1059852651998,589.0198397474225,457330400
2022-01-13,681.7788696289062,681.7788696289062,681.7788696289062,681.7788696289062,0
2022-01-14,732.7962646484375,825.5552854900119,649.3131458910206,723.52036256428,378668200
2022-01-17,714.2445068359375,765.2619716099331,686.4167987773945,695.6927014635755,110445900
2022-01-18,695.6926879882812,732.7962980143229,686.4167854817708,718.8824442545573,73784300
2022-01-19,825.5553588867188,853.3830676132374,691.0547667085455,695.6927181629652,299321900
2022-01-20,881.2107543945312,941.5041218004728,820.9173869885897,825.5553383275083,379101400
2022-01-21,913.6764526367188,927.5903072453997,881.2107918831297,895.1246464918107,115085500
2022-01-24,973.9697875976562,992.5215930757068,913.6764197939918,918.3143711635045,175909100
2022-01-25,973.9697875976562,973.9697875976562,973.9697875976562,973.9697875976562,0
2022-01-26,973.9697875976562,973.9697875976562,973.9697875976562,973.9697875976562,0
2022-01-27,973.9697875976562,973.9697875976562,973.9697875976562,973.9697875976562,0
2022-01-28,1071.36669921875,1071.36669921875,918.3143136160714,927.5902157738095,189101800
2022-01-31,1178.03955078125,1178.03955078125,1071.3666780727117,1076.0046290600394,112708200
2022-02-02,1099.1944580078125,1270.7986560934205,1099.1944580078125,1196.591435299644,142984100
2022-02-03,1136.298095703125,1182.6776098134567,1029.6252132493623,1103.8324358258928,164421400
2022-02-04,1145.573974609375,1178.039633808831,1122.384218038335,1159.487828551999,46328200
2022-02-07,1150.2120361328125,1168.7638431672126,1113.108422064012,1150.2120361328125,45876900
2022-02-08,1140.93603515625,1159.4878406059452,1117.746278344131,1150.2119378810976,35635700
2022-02-09,1080.6427001953125,1154.8499242430594,1062.090894183376,1150.2119727400752,68504800
2022-02-10,1006.4354858398438,1085.2806621498776,1006.4354858398438,1080.6427106022286,116545100
2022-02-11,1080.6427001953125,1103.8324577102335,946.1421066087714,992.5216216386132,71709100
2022-02-14,1117.746337890625,1145.574047547653,1052.8150153575596,1094.5565798431016,60785700
2022-02-15,1122.38427734375,1145.5740351401084,1113.1083742252065,1127.0222289030216,16237700
2022-02-16,1089.9185791015625,1136.2980931058844,1085.2806277011302,1122.3842389045878,20171800
2022-02-17,1066.728759765625,1099.1944176715353,1057.4528575067934,1094.5564665421196,10238700
2022-02-18,1113.1082763671875,1136.2980321248374,1066.7287648518882,1066.7287648518882,45137900
2022-02-21,1062.0908203125,1127.0221368381551,1048.1769667712883,1113.1082832969432,62594200
2022-02-22,1062.0908203125,1071.366722673308,1024.9872108692687,1062.0908203125,54940500
2022-02-23,1080.6427001953125,1127.0222152251542,1048.1770396744232,1066.72884568636,80456300
2022-02-24,1057.452880859375,1108.470344409608,1011.0733685409814,1099.1944419459292,87541300
2022-02-25,1159.4879150390625,1159.4879150390625,1057.4529785156249,1066.7288818359375,198137900
2022-03-01,1191.9534912109375,1289.350469091987,1168.7637345725925,1205.8673451939446,220549800
2022-03-02,1479.5064697265625,1484.14442104232,1168.7637315708268,1205.8673420968848,352063400
2022-03-04,1632.558837890625,1665.0244965986772,1488.7823493263938,1511.972105546431,371840300
2022-03-07,1567.6275634765625,1702.128153242303,1549.0757579916328,1660.386590901211,228355100
2022-03-08,1460.95458984375,1590.8172200520833,1460.95458984375,1558.3515625,170998900
2022-03-09,1558.3516845703125,1558.3516845703125,1372.8336268833705,1465.5926557268415,210554100
2022-03-10,1558.3516845703125,1576.9034903390066,1488.7824129377093,1549.0757816859655,149498100
2022-03-11,1553.7137451171875,1600.093259896805,1516.6101332934934,1558.3516965951492,112970800
2022-03-14,1553.7137451171875,1553.7137451171875,1553.7137451171875,1553.7137451171875,0
2022-03-15,1507.334228515625,1604.7312094350962,1484.144471153846,1525.8860344050481,187774200
2022-03-16,1572.2655029296875,1600.0932109461423,1511.9721355607026,1511.9721355607026,147494000
2022-03-17,1576.903564453125,1590.8174194335936,1535.1619995117187,1586.1794677734374,94165000
2022-03-18,1697.490234375,1739.231797515369,1576.9034964139346,1586.1793993340164,245340600
2022-03-21,1706.76611328125,1748.5076758343241,1651.110696543818,1711.4040646760361,114309500
2022-03-22,1716.0421142578125,1743.86982421875,1683.5764526367186,1706.7662109374999,90945000
2022-03-23,1822.7149658203125,1850.5426752221495,1706.7661766459923,1725.3179829138837,193781400
2022-03-24,1813.43896484375,1873.7323319613172,1776.3353543098626,1831.9907701106938,185183100
2022-03-25,1804.1630859375,1836.6287455816196,1785.6112804265745,1818.076940070694,95912100
2022-03-28,1957.2154541015625,1966.4913567276362,1790.2492068322347,1827.3528173365298,185412600
2022-03-29,1883.0081787109375,1975.767202292757,1883.0081787109375,1966.491299934575,97555700
2022-03-30,1920.11181640625,1994.3190363639796,1883.0082064273854,1883.0082064273854,126791200
2022-03-31,2124.181640625,2161.2852500682316,1920.111788687227,1920.111788687227,236285900
2022-04-01,2087.078125,2207.6648611111113,2059.2504166666668,2124.181736111111,185999700
2022-04-04,2198.388916015625,2254.044331610957,2068.5262796265165,2087.0780848249606,180917700
2022-04-05,2226.216552734375,2291.1478688557945,2087.0780181884766,2207.6647481282553,181699500
2022-04-06,2254.04443359375,2328.2516577449846,2198.389015480324,2272.5962396315585,230167500
2022-04-07,2244.7685546875,2291.148070280217,2198.389039094783,2254.0444578060433,112640400
2022-04-08,2587.97705078125,2662.1842780437946,2244.76862469198,2254.0445280997983,293854900
2022-04-11,2411.734619140625,2634.3562762920674,2411.734619140625,2615.8044715294473,217783300
2022-04-12,2328.251708984375,2485.9420637761455,2263.3203864230577,2411.734837991783,182395300
2022-04-13,2550.873291015625,2550.873291015625,2337.5275248579546,2356.0793306107953,176206100
2022-04-14,2652.908203125,2690.0118143575173,2550.8732722355767,2569.425077851836,148643200
2022-04-18,2745.667236328125,2810.598556106155,2652.9082080737962,2652.9082080737962,196465400
2022-04-19,2773.494873046875,2810.598483388639,2717.8394575342286,2754.943067875993,117541600
2022-04-20,2587.97705078125,2912.6336700548836,2587.97705078125,2782.77102234543,292171400
2022-04-21,2411.734619140625,2634.3562762920674,2411.734619140625,2597.2526667668267,188847300
2022-04-22,2244.7685546875,2411.734810821281,2244.7685546875,2411.734810821281,207682500
2022-04-25,2170.561279296875,2309.6998228415464,2096.3540560730503,2170.561279296875,264916300
2022-04-26,2300.424072265625,2346.8035898516255,2049.974677301222,2189.1132300592235,267288300
2022-04-27,2476.666015625,2541.597334386704,2272.5961566596443,2272.5961566596443,244074000
2022-04-28,2532.321533203125,2587.9769515152816,2485.9420179429944,2485.9420179429944,195127100
2022-05-09,2439.5625,2578.7010456273765,2356.0793726235743,2550.873336501901,196132700
2022-05-10,2281.8720703125,2411.7347084603657,2272.5961675876524,2411.7347084603657,210110200
2022-05-11,2272.59619140625,2346.8034139827805,2189.113066007653,2291.147997050383,131781400
2022-05-12,2114.90576171875,2226.2165912828946,2114.90576171875,2226.2165912828946,158215500
2022-05-13,2170.561279296875,2356.079337356437,1975.767318334335,2179.837182199853,372060000
2022-05-17,2291.14794921875,2309.699754475582,2179.837117677758,2189.113020306174,185105100
2022-05-18,2254.04443359375,2365.3552698206017,2235.4926275559415,2300.4239486882716,103750100
2022-05-19,2133.45751953125,2226.2165421195655,2096.353910495924,2226.2165421195655,180523800
2022-05-20,2254.04443359375,2291.1480456693675,2087.078179253472,2133.4576943479938,206089400
2022-05-23,2152.00927734375,2300.4237102640086,2133.4574732287174,2300.4237102640086,126256100
2022-05-24,2226.216552734375,2291.1478688557945,2096.3539204915364,2161.285236612956,174667200
2022-05-25,2133.45751953125,2318.9755647078805,2114.905715013587,2281.8719556725546,181604300
2022-05-27,2198.388916015625,2216.940721214069,2142.733500420293,2142.733500420293,169263000
2022-05-30,2198.388916015625,2291.1479420078454,2152.009403019515,2216.940721214069,183336600
2022-05-31,2068.526123046875,2318.975474267797,2068.526123046875,2226.2164552970853,1295230800
2022-06-02,1975.767333984375,2254.044423277949,1929.3878191021126,2254.044423277949,363552500
2022-06-03,1994.319091796875,2068.5263138172236,1901.560064271439,1975.7672862917877,283069500
2022-06-06,1975.767333984375,2040.6986548195423,1910.8360131492077,2003.5950429137324,202803100
2022-06-07,2114.90576171875,2124.181664182429,1975.767224763569,1994.3190296909265,226541600
2022-06-08,2077.802001953125,2152.0092163085938,2049.974296569824,2096.353805541992,120363900
2022-06-09,2272.59619140625,2318.9757055165815,2049.974523676658,2077.802232142857,267215700
2022-06-10,2114.90576171875,2272.596103601288,2114.90576171875,2263.3202011376097,181438500
2022-06-13,1975.767333984375,2133.457684584067,1975.767333984375,2133.457684584067,56945900
2022-06-14,1841.2667236328125,1938.66370397611,1841.2667236328125,1845.9046750777313,293421500
2022-06-15,1716.0421142578125,1845.9047607421874,1716.0421142578125,1836.628857421875,261881600
2022-06-16,1794.88720703125,1883.0082843790374,1688.2143239260336,1688.2143239260336,205181200
2022-06-17,1683.576416015625,1780.9733987603306,1669.6625613378098,1780.9733987603306,181825400
2022-06-20,1637.19677734375,1711.4039967134386,1586.1793140270893,1683.5762894498052,252614300
2022-06-21,1632.558837890625,1683.576301574707,1604.7311304265802,1641.83474037864,165844100
2022-06-22,1618.64501953125,1776.3353652735493,1609.3691168405264,1632.5588735673352,341920400
2022-06-23,1558.3516845703125,1641.8348105294363,1521.2480730329241,1637.1968590872627,174472300
2022-06-24,1655.7486572265625,1665.0245600681678,1567.6275802313114,1576.9034830729167,170250900
2022-06-27,1586.1793212890625,1669.662443462171,1549.0757114343476,1660.3865409984924,157733900
2022-06-28,1530.52392578125,1623.2829515861742,1521.2480232007576,1595.455243844697,111641300
2022-06-29,1479.5064697265625,1553.7136907786785,1470.230567095048,1521.2480315683779,86990600
2022-06-30,1465.592529296875,1590.8172074330005,1419.2130188760877,1484.14433346519,150484800
2022-07-01,1507.334228515625,1600.0932579627404,1437.7649564302885,1465.592665264423,169408800
2022-07-04,1558.3516845703125,1576.9034903390066,1451.678801400321,1516.6101215907506,105956400
2022-07-05,1600.0931396484375,1655.7485532014266,1567.6274817425272,1567.6274817425272,164133300
2022-07-06,1590.8172607421875,1614.0070167296828,1530.5238951746994,1595.4552119396865,83930800
2022-07-07,1576.903564453125,1627.9210327148437,1558.3517578125,1595.45537109375,83560200
2022-07-08,1632.558837890625,1646.4726916226473,1590.817276694558,1590.817276694558,84365300
2022-07-11,1553.7137451171875,1641.8348231984608,1539.7998906833022,1641.8348231984608,93675000
2022-07-12,1544.4378662109375,1581.5414786124015,1530.5240115603885,1553.7137693113034,93771200
2022-07-13,1484.1444091796875,1558.351629638672,1460.9546527862549,1553.7136783599854,132225600
2022-07-14,1539.7999267578125,1539.7999267578125,1456.316798198654,1456.316798198654,92232200
2022-07-15,1433.1270751953125,1530.5240608881977,1433.1270751953125,1530.5240608881977,124427800
2022-07-18,1405.29931640625,1442.4029287206065,1349.6438979347154,1433.1270256420173,140486200
2022-07-19,1558.3516845703125,1567.6275874546595,1405.2992869785853,1405.2992869785853,164864500
2022-07-20,1632.558837890625,1646.4726916226473,1576.9034229625354,1576.9034229625354,113640100
2022-07-21,1586.1793212890625,1665.0244922303316,1572.2654675935444,1641.8347360711348,85039400
2022-07-22,1641.834716796875,1655.7485703290517,1586.1793026681673,1609.3690585551287,95974500
2022-07-25,1614.007080078125,1674.300448012078,1614.007080078125,1651.1106911144038,88295700
2022-07-26,1562.9896240234375,1618.6450409026104,1539.799866990449,1614.0070894960127,88004500
2022-07-27,1549.0758056640625,1604.7312238316335,1516.6101450663127,1576.903514747848,111318000
2022-07-28,1688.21435546875,1706.7661615728023,1544.4378581623455,1576.9035188444368,172726300
2022-07-29,1711.404052734375,1757.783566358613,1678.9383931974087,1716.0420040967988,115048200
2022-08-01,1669.6624755859375,1743.8696967230903,1609.3691084120007,1688.2142808702256,145744000
2022-08-02,1553.7137451171875,1669.6625320662313,1553.7137451171875,1660.386629110308,162043100
2022-08-03,1576.903564453125,1586.1794677734374,1521.2481445312499,1553.7138061523438,115753300
2022-08-04,1525.885986328125,1590.8173048952792,1521.2480350018998,1586.179353569054,75850800
2022-08-05,1516.610107421875,1549.0757672137806,1488.782399028813,1530.523961618406,107439800
2022-08-08,1502.6962890625,1530.523998119213,1456.3167739679784,1507.3342405719523,92528200
2022-08-09,1549.0758056640625,1586.1794177757765,1502.69629052442,1511.9721935523485,97749300
2022-08-10,1521.248046875,1576.9034632240855,1502.6962414253048,1558.3516577743903,79849100
2022-08-11,1641.834716796875,1646.4726679742673,1549.075693249029,1549.075693249029,146153900
2022-08-12,1674.3004150390625,1702.1281227682434,1623.2829508688972,1641.8347560216844,107787000
2022-08-15,1655.7486572265625,1716.0420256969976,1646.4727543849572,1716.0420256969976,73268200
2022-08-16,1632.558837890625,1697.4901553067293,1595.4552279385653,1655.7485941106622,81921200
2022-08-18,1623.282958984375,1692.852228655134,1604.7311537388393,1632.558861607143,95593000
2022-08-19,1632.558837890625,1678.9383503306994,1623.28293540261,1632.558837890625,85755900
2022-08-22,1525.885986328125,1651.1106721362082,1521.2480350018998,1632.5588668313071,100895400
2022-08-23,1562.9896240234375,1572.265526836633,1516.61010995746,1516.61010995746,93780300
2022-08-24,1521.248046875,1567.627560499238,1511.9721441501524,1567.627560499238,96274400
2022-08-25,1507.334228515625,1535.1619373497597,1488.7824226262019,1525.8860344050481,84460200
2022-08-26,1539.7999267578125,1553.7137815176723,1511.972217238093,1516.610168824713,75731100
2022-08-29,1525.885986328125,1544.4377916330263,1488.7823757183226,1539.799840306801,92630800
2022-08-30,1535.161865234375,1600.093182797158,1535.161865234375,1558.3516215067975,146866200
2022-08-31,1590.8172607421875,1595.4552119396865,1493.4202855947067,1535.1618463721984,157331000
2022-09-01,1553.7137451171875,1618.6450658086521,1549.0757936392258,1590.8173569408816,89898000
2022-09-02,1521.248046875,1567.627560499238,1516.6100955125762,1553.7137064119665,78179800
2022-09-05,1544.4378662109375,1553.7137693113034,1507.3342538094735,1539.7999146607544,70664000
2022-09-06,1535.161865234375,1618.6449878150963,1525.885962725406,1549.0757189978285,128021800
2022-09-07,1516.610107421875,1562.9896214103114,1511.9721560230314,1535.1619130172496,132208700
2022-09-08,1600.0931396484375,1623.2828952955163,1511.972068189538,1525.8859215777854,305678500
2022-09-09,1558.3516845703125,1614.0071018763952,1539.7998788016182,1604.731198992048,149139800
2022-09-12,1581.54150390625,1600.093310403684,1530.5240360383066,1576.9035522818915,138129100
2022-09-13,1651.1107177734375,1674.3004750455364,1581.541445957141,1590.8173488659804,193235300
2022-09-14,1818.076904296875,1841.266660729233,1600.093193832709,1651.1106579838968,305234100
2022-09-15,1780.9732666015625,1864.4563884735107,1771.6973641713462,1818.0768763224285,225364000
2022-09-16,1725.31787109375,1780.9732862903227,1702.1281147618447,1780.9732862903227,148362900
2022-09-19,1646.4727783203125,1748.5077110612897,1627.9209723674076,1725.3179536201585,154522900
2022-09-20,1646.4727783203125,1688.2143417143486,1632.5589238556338,1651.1107298085387,134627000
2022-09-21,1623.282958984375,1660.3865694754465,1595.4552511160714,1651.1106668526786,87701400
2022-09-22,1757.7835693359375,1776.3353748170555,1609.3691254869927,1614.0070768572723,183158400
2022-09-23,1720.6800537109375,1836.6288443922674,1706.766198829178,1757.783666728963,224865400
2022-09-26,1623.282958984375,1692.852228655134,1609.3691050502232,1674.3004234095984,131488500
2022-09-27,1692.852294921875,1702.1281979077482,1623.2830225278253,1623.2830225278253,116019300
2022-09-28,1623.282958984375,1692.852228655134,1623.282958984375,1688.2142773437502,71592500
2022-09-29,1669.6624755859375,1688.2142808702256,1632.558865017361,1632.558865017361,104626100
2022-09-30,1669.6624755859375,1688.2142808702256,1614.007059733073,1669.6624755859375,94829300
2022-10-03,1692.852294921875,1734.5938583583047,1641.834828499572,1665.0245859642553,121771500
2022-10-04,1739.231689453125,1748.507591796875,1702.1280800781249,1716.04193359375,99087700
2022-10-05,1729.955810546875,1776.3353228939761,1729.955810546875,1743.8696642510054,69578600
2022-10-06,1748.507568359375,1808.8009327855605,1725.3178128108423,1729.9557639205489,116662000
2022-10-07,1743.86962890625,1790.249140313331,1720.6798732027094,1753.1455311876662,80860700
2022-10-10,1697.490234375,1748.507700435451,1678.9384285348362,1734.593846055328,92593800
2022-10-11,1646.4727783203125,1729.9559051083847,1646.4727783203125,1697.490244690801,74171400
2022-10-12,1618.64501953125,1678.9383870209526,1604.7311654951648,1646.4727276034205,91148100
2022-10-13,1614.007080078125,1669.662496632543,1614.007080078125,1637.1968369757992,19635600
2022-10-14,1586.1793212890625,1651.1106385348137,1558.3516138980262,1632.558833607456,45111100
2022-10-17,1609.369140625,1609.369140625,1511.9721609329972,1549.0757722442363,44641200
2022-10-18,1614.007080078125,1641.834788355334,1600.0932259395206,1614.007080078125,34427000
2022-10-19,1632.558837890625,1665.0244965986772,1581.541374206543,1627.9208866466174,48928300
2022-10-20,1674.3004150390625,1692.8522201918497,1623.2829508688972,1641.8347560216844,63456700
2022-10-21,1678.9383544921875,1688.214257003194,1651.1106469591678,1674.3004032366841,24462400
2022-10-24,1623.282958984375,1688.2142773437502,1604.7311537388393,1683.576326032366,53749600
2022-10-25,1627.9208984375,1627.9208984375,1581.5413856615028,1614.007044604701,36280000
2022-10-26,1618.64501953125,1627.9209222219733,1586.1793601137176,1627.9209222219733,39345000
2022-10-27,1623.282958984375,1632.558861607143,1600.0932024274555,1618.6450076729911,39471900
2022-10-28,1600.0931396484375,1627.920846424932,1586.1792862601903,1618.6449441661007,28087800
2022-10-31,1604.7310791015625,1614.0069812929012,1581.5413236232164,1600.0931280058933,28997300
2022-11-01,1562.9896240234375,1604.731186682817,1562.9896240234375,1595.4552838696216,27783400
2022-11-02,1623.282958984375,1627.920910295759,1562.989591936384,1567.627543247768,43630200
2022-11-03,1618.64501953125,1655.7486302941438,1604.7311654951648,1623.2829708766117,28675500
2022-11-04,1637.19677734375,1646.4726797649612,1600.093167658906,1618.644972501328,21295200
2022-11-07,1748.507568359375,1753.1455194690816,1632.558790616711,1637.1967417264175,123947700
2022-11-08,1762.4215087890625,1785.6112654836554,1725.3178980777138,1748.5076547723068,46621800
2022-11-09,1734.59375,1771.6973596256685,1706.7660427807486,1767.05940842246,20477100
2022-11-10,1678.9383544921875,1729.9558183027236,1655.7485982146711,1729.9558183027236,39116000
2022-11-11,1669.6624755859375,1702.128134833442,1562.9895952012803,1678.9383782280815,161717700
2022-11-14,1720.6800537109375,1780.973424865229,1669.6625858111522,1669.6625858111522,70492400
2022-11-15,1864.4564208984375,1892.284128673041,1720.6799307296526,1729.9558333211871,191647600
2022-11-16,1780.9732666015625,1901.5599981943767,1780.9732666015625,1892.2840957641602,63597300
2022-11-17,1688.21435546875,1790.2492890410372,1683.576403942737,1780.973385989011,90112100
2022-11-18,1678.9383544921875,1729.9558183027236,1678.9383544921875,1702.1281107697039,52586100
2022-11-21,1660.3865966796875,1706.7661105534219,1646.4727425175672,1688.214305003928,41509100
2022-11-22,1651.1107177734375,1683.5763779543759,1651.1107177734375,1665.0245721366966,35350100
2022-11-23,1669.6624755859375,1692.8522321912976,1660.3865729437935,1660.3865729437935,47678200
2022-11-24,1720.6800537109375,1762.4216183562162,1669.6625858111522,1678.9384890656586,55510200
2022-11-25,1609.369140625,1729.9558773865274,1604.7311892110952,1725.3179259726226,316066400
2022-11-28,1535.161865234375,1623.2829390695808,1535.161865234375,1604.7311340516426,141571100
2022-11-29,1521.248046875,1576.9034632240855,1516.6100955125762,1576.9034632240855,136449100
2022-11-30,1511.97216796875,1572.2655366300805,1502.6962650977762,1521.248070839724,920630300
2022-12-01,1576.903564453125,1604.7312744140625,1530.5240478515625,1549.0758544921875,210495500
2022-12-02,1567.6275634765625,1586.1793689614922,1553.713709362865,1581.5414175902597,82899000
2022-12-05,1562.9896240234375,1595.4552838696216,1553.713721210242,1576.9034782432307,85842900
2022-12-06,1525.885986328125,1567.627548264153,1525.885986328125,1558.3516456117022,67066800
2022-12-07,1530.52392578125,1549.075730942235,1470.2305590080493,1549.075730942235,72375900
2022-12-08,1558.3516845703125,1558.3516845703125,1484.1444614955358,1530.5239759172712,85373500
2022-12-09,1549.0758056640625,1572.2655632338838,1530.5239996082055,1558.351708691991,63535100
2022-12-12,1553.7137451171875,1562.989648073111,1521.2480847714553,1549.0757936392258,52675800
2022-12-13,1553.7137451171875,1562.989648073111,1535.1619392053406,1549.0757936392258,48280000
2022-12-14,1572.2655029296875,1595.4552596100664,1544.437794913233,1558.3516489214603,91875500
2022-12-15,1576.903564453125,1590.8174194335936,1562.9897094726562,1576.903564453125,47851400
2022-12-16,1600.0931396484375,1609.369041907269,1562.9895306131116,1576.9033840013587,63558100
2022-12-19,1576.903564453125,1604.7312744140625,1562.9897094726562,1600.0933227539062,50660400
2022-12-20,1525.885986328125,1586.179353569054,1525.885986328125,1576.9034509166033,88180000
2022-12-21,1549.0758056640625,1567.6276117199195,1511.9721935523485,1525.8860480942412,75846100
2022-12-22,1595.4552001953125,1600.0931513586709,1549.0756885617277,1558.3515908884447,113076400
2022-12-23,1576.903564453125,1600.0933227539062,1572.2656127929688,1595.45537109375,48028700
2022-12-26,1539.7999267578125,1586.1794426240117,1539.7999267578125,1576.9035394507719,45345100
2022-12-27,1539.7999267578125,1567.627636277532,1535.1619751711926,1553.7137815176723,39918800
2022-12-28,1562.9896240234375,1567.6275754300352,1525.8860127706555,1544.4378183970466,46450800
2022-12-29,1572.2655029296875,1576.9034542657635,1544.437794913233,1558.3516489214603,55966100
2022-12-30,1572.2655029296875,1595.4552596100664,1558.3516489214603,1572.2655029296875,53286700
2023-01-02,1558.3516845703125,1576.9034903390066,1553.713733128139,1572.265538896833,34382800
2023-01-03,1595.4552001953125,1604.7311025220295,1553.7136397250863,1558.3515908884447,62783100
2023-01-04,1521.248046875,1604.731171398628,1516.6100955125762,1595.4552686737804,83456900
2023-01-05,1451.6787109375,1567.6274897663739,1419.2130528654154,1567.6274897663739,116437700
2023-01-06,1447.040771484375,1493.4202833909255,1423.8510155310998,1451.67872267503,63606200
2023-01-09,1368.1956787109375,1470.2306106826006,1363.55772725768,1456.3167563228283,64075500
2023-01-10,1405.29931640625,1414.5752194848392,1317.1782371596535,1372.833655631188,65298600
2023-01-11,1377.4715576171875,1414.575168596775,1354.2818007549454,1405.299265851878,73430700
2023-01-12,1460.95458984375,1460.95458984375,1368.195568266369,1372.833519345238,129608600
2023-01-13,1544.4378662109375,1549.0758177611206,1465.5926898578266,1465.5926898578266,112871900
2023-01-16,1562.9896240234375,1567.6275754300352,1544.4378183970466,1544.4378183970466,18577400
2023-01-17,1553.7137451171875,1576.9035025069963,1549.0757936392258,1567.6275995510728,23567100
2023-01-18,1576.903564453125,1586.1794677734374,1553.7138061523438,1576.903564453125,21170400
2023-01-19,1600.0931396484375,1623.2828952955163,1572.265432871943,1576.9033840013587,37492600
2023-01-20,1641.834716796875,1655.7485703290517,1581.541351490775,1600.0931562003443,47890100
2023-01-24,1623.282958984375,1660.3865694754465,1600.0932024274555,1646.4727155412947,22581900
2023-01-25,1627.9208984375,1646.4727035478988,1614.007044604701,1623.2829471599002,12454700
2023-01-26,1567.6275634765625,1623.2829799313517,1562.98961210533,1618.6450285601193,24851100
2023-01-27,1539.7999267578125,1576.9035394507719,1539.7999267578125,1558.3517331042922,14259200
2023-01-30,1498.0582275390625,1558.3515927341332,1493.420276370211,1539.7997880587268,25406100
2023-01-31,1521.248046875,1535.1619009622714,1502.6962414253048,1502.6962414253048,14336100
2023-02-01,1498.0582275390625,1521.2479833833204,1488.7823252013593,1521.2479833833204,52135800
2023-02-02,1465.592529296875,1507.3340886755834,1460.9545782547964,1502.6961376335048,65859900
2023-02-03,1382.1094970703125,1470.230572386876,1377.4715457378618,1465.5926210544253,79858600
2023-02-06,1396.0233154296875,1419.213071499948,1354.2817545032185,1372.8335593594268,53286700
2023-02-07,1414.5751953125,1433.127001152664,1386.7474865522543,1405.299292392418,57977200
2023-02-08,1386.7474365234375,1428.4889981579222,1382.109485230717,1423.8510468652019,33591000
2023-02-09,1349.643798828125,1382.1094572191796,1349.643798828125,1377.4715060204574,56414500
2023-02-10,1349.643798828125,1358.919701225569,1303.264286840904,1335.7299452319587,44718600
2023-02-13,1391.3853759765625,1400.661278483073,1358.919717203776,1363.5576684570312,55044700
2023-02-14,1391.3853759765625,1405.299229736328,1382.109473470052,1396.0233272298176,23797300
2023-02-15,1386.7474365234375,1423.8510468652019,1372.833582645276,1400.6612904015992,57929600
2023-02-16,1391.3853759765625,1409.9371809895833,1377.4715222167968,1400.661278483073,50239400
2023-02-17,1345.005859375,1400.6612742456896,1345.005859375,1391.3853717672414,49139000
2023-02-20,1335.72998046875,1358.9197370741101,1317.1781751844617,1354.281785753038,20546300
2023-02-21,1317.1781005859375,1345.0058069363447,1307.902198469135,1335.7299048195423,22127100
2023-02-22,1293.988525390625,1340.3680424297154,1289.350573686716,1326.4541873179883,50783800
2023-02-23,1293.988525390625,1307.9023805023521,1270.7987668710798,1289.350573686716,47997300
2023-02-24,1293.988525390625,1303.264428798443,1270.7987668710798,1298.626477094534,24107900
2023-02-27,1229.05712890625,1293.9884489239387,1229.05712890625,1293.9884489239387,59391200
2023-02-28,1205.8673095703125,1261.522723858173,1196.5914071890024,1229.0570655235877,61672000
2023-03-01,1247.60888671875,1270.7986429774628,1205.867325453067,1215.1432279565522,66717900
2023-03-02,1219.78125,1261.5228136882129,1196.5914923954374,1256.8848621673005,69086400
2023-03-03,1187.3155517578125,1247.608919620514,1178.0396490097046,1233.695065498352,92720400
2023-03-06,1182.677490234375,1210.5051958869485,1150.211833639706,1187.3154411764706,42853800
2023-03-07,1131.66015625,1182.677622310451,1122.384253329918,1182.677622310451,62806400
2023-03-08,1103.8323974609375,1131.6601049599526,1085.2805924615939,1131.6601049599526,82458400
2023-03-09,1085.2806396484375,1145.5740085177952,1085.2806396484375,1108.4703969058828,48299500
2023-03-10,1066.728759765625,1094.5564665421196,1057.4528575067934,1089.9185154127038,84006300
2023-03-13,1057.452880859375,1080.6426370185718,1038.9010759320174,1066.7287833230537,58728400
2023-03-14,992.5216064453125,1071.366780789099,992.5216064453125,1062.090877925124,49274800
2023-03-15,969.3318481445312,1015.7113624098198,960.0559452914734,1001.7975081302332,65509800
2023-03-16,1001.7975463867188,1062.0909172340675,936.8662239357277,969.3318851612232,111472000
2023-03-17,1071.36669921875,1076.004650297619,1011.0733351934524,1011.0733351934524,99475100
2023-03-20,1015.7113647460938,1071.3667819924551,1011.073413308897,1057.4529276808646,65824600
2023-03-21,1057.452880859375,1080.6426370185718,1011.0733685409814,1020.3492710046601,59343700
2023-03-24,1020.349365234375,1066.7288818359375,1020.349365234375,1048.1770751953125,55009500
2023-03-27,1071.36669921875,1085.280552455357,1029.6251395089287,1038.9010416666667,62755200
2023-03-28,1136.298095703125,1145.5739985251914,1071.3667759486607,1071.3667759486607,73013000
2023-03-29,1145.573974609375,1150.211925923583,1108.470364095711,1140.936023295167,56373900
2023-03-30,1108.4703369140625,1150.2118977183577,1099.194434513108,1145.5739465178804,58950600
2023-03-31,1196.5914306640625,1210.5052845089933,1080.6426486229711,1108.470356312833,313228300
2023-04-03,1145.573974609375,1210.505293008287,1140.936023295167,1201.229390379871,60512000
2023-04-04,1131.66015625,1159.487865010246,1094.5565445696723,1154.849913550205,91378500
2023-04-05,1094.5565185546875,1136.2980807029594,1085.2806158550716,1131.6601293531514,48579300
2023-04-06,1089.9185791015625,1131.6601417054521,1080.6426763006982,1094.5565305019948,45698200
2023-04-10,1052.81494140625,1113.1083080947137,1038.9010875550662,1089.9185516760738,45435100
2023-04-11,1071.36669921875,1089.9185035342261,1043.5389927455358,1052.8148949032739,34191800
2023-04-12,1066.728759765625,1085.2805642832882,1043.5390041185462,1085.2805642832882,34655400
2023-04-13,1043.5390625,1076.0047222222222,1034.2631597222223,1066.7288194444445,31411500
2023-04-14,992.5216064453125,1048.1770236291618,978.6077521493502,1043.5390721971744,72075100
2023-04-17,992.5216064453125,1015.7113636052497,978.6077521493502,1001.7975093092874,31083400
2023-04-18,1020.349365234375,1034.2632202148436,983.2457519531249,1006.4355102539062,36365500
2023-04-26,1020.349365234375,1048.1770751953125,1011.0734619140625,1020.349365234375,65694900
2023-04-27,1011.0734252929688,1029.625231261647,1006.4354738007992,1020.3493282773079,30020900
2023-04-28,1020.349365234375,1034.2632202148436,1001.79755859375,1011.0734619140625,18135800
2023-05-02,964.6939086914062,1020.3493265005259,955.4180057232197,1020.3493265005259,47264700
2023-05-03,936.8661499023438,978.6077110366066,932.2281986652034,960.0559060880453,38184800
2023-05-04,950.780029296875,950.780029296875,932.22822384718,936.8661752096036,24181400
2023-05-05,890.4866333007812,950.7799990971884,885.8486820856731,950.7799990971884,93095700
2023-05-08,885.8486938476562,899.7625476777242,853.3830349108312,890.4866451243456,82255100
2023-05-09,881.2107543945312,904.4005110891242,848.7450950221012,885.8487057334498,64709500
2023-05-10,876.5728149414062,909.0384747540509,867.2969121377935,881.2107663432126,37865900
2023-05-11,862.658935546875,881.2107406123993,839.4691792149698,871.9348380796371,35611600
2023-05-12,839.4691772460938,862.6589335236101,807.0035184575707,853.3830310126036,72044600
2023-05-15,825.5553588867188,858.0210190676571,807.0035530690396,830.1933103411385,62792400
2023-05-16,779.1758422851562,844.1071624755859,774.5378908429827,825.5553567068918,58491600
2023-05-17,816.2794189453125,825.5553214333273,769.8999065052379,779.1758089932528,46934600
2023-05-19,774.5379028320312,816.2794664577096,769.899951318067,816.2794664577096,24906800
2023-05-22,765.261962890625,783.8137680516098,746.7101577296402,779.1758167613636,37210400
2023-05-23,746.7101440429688,779.1758024796195,746.7101440429688,765.261948863912,22707200
2023-05-24,746.7101440429688,760.6239976586762,723.5203880167896,751.3480952482046,43133700
2023-05-25,718.8825073242188,742.072265625,714.2445556640624,732.7963623046875,23470500
2023-05-26,709.6065673828125,732.796324486826,700.3306645412072,723.5204216452206,23617000
2023-05-29,714.2445068359375,723.5204095221185,686.4167987773945,709.6065554928471,33840800
2023-05-30,742.0722045898438,742.0722045898438,709.6065456390381,723.5203994750976,20280200
2023-05-31,723.5203857421875,737.4342393141526,718.8824345515325,732.7962881234976,19650600
2023-06-05,755.986083984375,769.899938290836,728.1583753714532,728.1583753714532,22922800
2023-06-06,760.6240234375,783.813780249619,742.072217987805,765.2619747999238,36131500
2023-06-07,769.8999633789062,779.1758665521461,728.158399099327,760.6240602056664,43174900
2023-06-08,779.1758422851562,797.7276480538504,760.6240365164621,769.8999394008091,19599800
2023-06-09,769.8999633789062,797.7276728986258,769.8999633789062,779.1758665521461,15719300
2023-06-12,783.8137817382812,793.0896844807461,769.8999276245839,769.8999276245839,14281800
2023-06-13,755.986083984375,783.8137925972968,751.3481325488881,783.8137925972968,17415700
2023-06-14,769.8999633789062,774.5379149655262,737.4343022725668,755.9861086190465,31906700
2023-06-15,760.6240234375,793.0896829744664,755.9860720750762,769.8999261623476,37938700
2023-06-16,751.34814453125,774.5379020785108,746.7101930217979,769.8999505690587,23497700
2023-06-19,755.986083984375,755.986083984375,746.7101811134011,751.3481325488881,3930400
2023-06-20,746.7101440429688,765.261948863912,737.4342416324971,755.9860464534404,7593300
2023-06-21,779.1758422851562,783.8137937273298,737.4342793055943,746.7101821899414,22632800
2023-06-22,867.296875,871.9348262032086,779.1758021390375,779.1758021390375,84194800
2023-06-23,885.8486938476562,895.1245964010349,844.1071323574525,867.2968887408991,57152800
2023-06-26,862.658935546875,899.7625456779234,858.020984280494,885.8486918787803,19897700
2023-06-27,858.0210571289062,871.934912109375,839.4692504882812,867.2969604492188,15282700
2023-07-03,867.296875,885.8486798128342,853.3830213903743,858.0209725935829,27339100
2023-07-04,927.5902709960938,936.8661737060546,862.6589520263672,871.9348547363281,69660200
2023-07-05,978.6077270507812,997.1595323029287,918.3143599813018,946.1420678595231,111514900
2023-07-06,964.6939086914062,983.2457146277795,950.7800542391263,978.6077631436862,41156400
2023-07-07,960.055908203125,973.9697619451993,950.7800057084088,964.6938594504832,26349600
2023-07-10,987.8836669921875,992.5216184804137,950.7800550863776,964.6939095510563,32248800
2023-07-11,978.6077270507812,997.1595323029287,964.6938731116705,992.5215809898918,30207000
2023-07-12,973.9697875976562,992.5215930757068,969.3318362281436,983.2456903366816,12946400
2023-07-13,927.5902709960938,973.9697845458984,922.9523196411133,964.6938818359374,38734100
2023-07-14,936.8661499023438,950.7800036137646,932.2281986652034,932.2281986652034,16161500
2023-07-17,941.5040893554688,950.7799917136507,922.9522846391048,946.1420405345597,22695600
2023-07-18,899.7625732421875,946.1420873268364,885.8487190167929,941.5041359183715,35579700
2023-07-20,918.3143920898438,936.8661979906487,904.4005376642401,904.4005376642401,30629500
2023-07-21,913.6764526367188,936.8662103178538,913.6764526367188,936.8662103178538,19080500
2023-07-24,918.3143920898438,932.2282465154475,909.0384891394414,922.952343565045,21180100
2023-07-25,895.1246337890625,932.2282455523397,890.4866823186528,918.3143911411107,34455300
2023-07-26,918.3143920898438,922.952343565045,890.4866832386364,899.7625861890389,55460100
2023-07-27,890.4866333007812,922.9522918065389,885.8486820856731,918.3143405914307,38142300
2023-07-28,890.4866333007812,904.400486946106,867.2968772252401,895.1245845158895,14626100
2023-07-31,858.0210571289062,899.7626220703124,858.0210571289062,885.8487670898437,20168300
2023-08-01,871.934814453125,876.5727655938331,858.0209610310006,862.6589121717087,8759300
2023-08-02,858.0210571289062,876.5728637695312,853.3831054687499,871.934912109375,8338400
2023-08-03,922.9523315429688,927.5902829577576,853.383060321137,853.383060321137,52392600
2023-08-04,946.14208984375,960.0559441061581,922.9523327397366,922.9523327397366,51389400
2023-08-07,936.8661499023438,1001.7974672223081,918.3143449537824,955.417954850905,25064800
2023-08-08,922.9523315429688,950.7800400317016,904.4005258838137,950.7800400317016,32516500
2023-08-09,909.0384521484375,932.2282085807956,909.0384521484375,927.590257294324,8446800
2023-08-10,936.8661499023438,936.8661499023438,904.4004912423615,909.0384424795018,23156500
2023-08-11,918.3143920898438,936.8661979906487,918.3143920898438,936.8661979906487,11024600
2023-08-14,973.9697875976562,983.2456903366816,913.6764197939918,922.9523225330172,63254800
2023-08-15,1071.36669921875,1080.642601376488,973.9697265625,978.607677641369,138945100
2023-08-16,1029.625244140625,1071.3668080922719,1024.987292590442,1071.3668080922719,55048400
2023-08-18,1094.5565185546875,1122.3842266535355,1020.3492969577595,1029.6251996573756,179623800
2023-08-21,1136.298095703125,1150.2119499362245,1048.177018893495,1089.9185815927933,79109700
2023-08-22,1122.38427734375,1168.7637929364669,1099.1945195473916,1136.2981320215652,78195600
2023-08-23,1094.5565185546875,1145.5739834025755,1071.3667618056475,1127.0221780033435,84562300
2023-08-24,1136.298095703125,1145.5739985251914,1089.9185815927933,1094.5565330038264,49505300
2023-08-25,1094.5565185546875,1136.2980807029594,1094.5565185546875,1136.2980807029594,36945700
2023-08-28,1150.2120361328125,1164.1258914086127,1099.194566788212,1103.832518546812,64436400
2023-08-29,1127.022216796875,1178.0396834008488,1122.384265287423,1150.2119743441358,51373600
2023-08-30,1182.677490234375,1205.867244944853,1103.83232421875,1131.6600298713236,128455600
2023-08-31,1261.5228271484375,1275.4366818596336,1178.0396988812615,1187.3156020220588,145142800
2023-09-01,1261.5228271484375,1293.9884881412281,1238.3330692964441,1266.1607787188361,58714200
2023-09-04,1256.8848876953125,1284.7125973859836,1242.971032849977,1266.1607909255363,35115000
2023-09-05,1229.05712890625,1270.7986917747642,1173.401711748231,1266.1607403449293,73566000
2023-09-06,1266.1607666015625,1275.4366696535885,1233.6951059194712,1233.6951059194712,51182500
2023-09-07,1293.988525390625,1321.8162356140792,1242.9710566476253,1270.7987668710798,100587900
2023-09-08,1293.988525390625,1321.8162356140792,1289.350573686716,1293.988525390625,40311500
2023-09-11,1298.62646484375,1312.5403198242186,1261.5228515625,1293.9885131835938,34195900
2023-09-12,1335.72998046875,1335.72998046875,1275.4366132948132,1303.2643212212456,35844300
2023-09-13,1293.988525390625,1354.2818975414427,1284.712621982807,1354.2818975414427,40787800
2023-09-14,1326.4541015625,1335.7300043706293,1293.9884417340472,1303.2643445421766,27334200
2023-09-15,1335.72998046875,1349.643834431966,1303.2643212212456,1340.367931789822,21032400
2023-09-18,1400.661376953125,1400.661376953125,1331.0921032634003,1335.7300548427152,62606500
2023-09-19,1405.29931640625,1414.5752194848392,1386.7475102490719,1405.29931640625,36529000
2023-09-20,1428.489013671875,1456.316721730418,1405.2992569564226,1409.937208299513,57174100
2023-09-21,1382.1094970703125,1442.4028643921718,1382.1094970703125,1428.4890103948196,57593800
2023-09-22,1372.8336181640625,1396.0233752276447,1354.2818125131969,1391.3854238149281,26620500
2023-09-25,1331.092041015625,1391.385408727134,1326.4540896532012,1377.471554639863,34639900
2023-09-26,1219.78125,1358.9197956273765,1182.6776378326997,1335.7300380228137,110683700
2023-09-27,1256.8848876953125,1270.7987425406482,1219.7812747744176,1224.4192263895295,68251900
2023-09-29,1210.5052490234375,1303.2642719371108,1201.22934673207,1261.5227116259578,51014700
2023-10-02,1219.78125,1224.4192015209126,1131.6601711026617,1210.5053469581749,69607000
2023-10-03,1150.2120361328125,1219.7813125118132,1145.5740843742124,1219.7813125118132,58107700
2023-10-04,1066.728759765625,1150.2118800951087,1038.9010529891304,1145.573928965693,147917700
2023-10-05,1103.8323974609375,1145.5739587094604,1043.5390312130712,1043.5390312130712,111570600
2023-10-06,1127.022216796875,1150.2119743441358,1089.9186047212577,1103.8324592496142,67007300
2023-10-09,1159.4879150390625,1173.401770019531,1117.7463500976562,1127.0222534179686,60634300
2023-10-10,1238.3330078125,1261.5227645131085,1140.9360296699438,1168.7637377106741,105312800
2023-10-11,1159.4879150390625,1256.8848999023437,1150.2120117187499,1238.3330932617187,90218100
2023-10-12,1113.1082763671875,1182.6775436401367,1057.452862548828,1168.763690185547,103858000
2023-10-13,1071.36669921875,1127.0221121651787,1066.728748139881,1113.1082589285713,49650400
2023-10-16,1094.5565185546875,1127.0221780033435,1071.3667618056475,1085.2806158550716,61986000
2023-10-17,1145.573974609375,1154.849877237791,1099.194461467295,1113.108315409919,61807200
2023-10-18,1205.8673095703125,1252.246821476863,1127.0221393291768,1187.3155048076924,116212200
2023-10-19,1154.8499755859375,1252.2469614787274,1131.6602170400351,1252.2469614787274,79929500
2023-10-20,1131.66015625,1154.849913550205,1094.5565445696723,1154.849913550205,81105200
2023-10-23,1080.6427001953125,1131.6601667281384,1080.6427001953125,1131.6601667281384,40280300
2023-10-24,1113.1082763671875,1117.7462275187174,1080.642618306478,1080.642618306478,31212700
2023-10-25,1099.1944580078125,1131.6601171050897,1099.1944580078125,1113.1083119066457,23483300
2023-10-26,1029.625244140625,1113.108372043919,1015.711389490076,1103.8324689435528,53373000
2023-10-27,1015.7113647460938,1048.177024806471,1006.4354618717002,1029.625219057684,26487600
2023-10-30,1034.2630615234375,1034.2630615234375,987.8835520380816,1020.3492086778307,25508600
2023-10-31,1020.349365234375,1052.8150268554687,983.2457519531249,1034.2632202148436,22797200
2023-11-01,1015.7113647460938,1048.177024806471,983.2457046857163,1020.3493161832905,25167900
2023-11-02,1076.004638671875,1094.5564427869072,1015.7112752980199,1015.7112752980199,39401300
2023-11-03,1103.8323974609375,1136.2980562097885,1085.2805924615939,1089.9185437114297,51027200
2023-11-06,1178.03955078125,1182.6775017685777,1108.4702859713336,1108.4702859713336,61745600
2023-11-07,1150.2120361328125,1187.315650201613,1131.6602290984122,1178.0397466844126,23635100
2023-11-08,1089.9185791015625,1150.211947307181,1076.004724900266,1150.211947307181,46649700
2023-11-09,1099.1944580078125,1127.0221658054786,1099.1944580078125,1099.1944580078125,15904900
2023-11-10,1089.9185791015625,1127.0221903050199,1080.6426763006982,1099.1944819024268,13381600
2023-11-13,1043.5390625,1103.8324305555557,1043.5390625,1103.8324305555557,23200700
2023-11-14,1099.1944580078125,1122.3842145058677,1038.9010911128692,1043.5390424124803,24202100
2023-11-15,1145.573974609375,1159.487828551999,1108.470364095711,1113.108315409919,32139800
2023-11-16,1122.38427734375,1145.5740351401084,1099.1945195473916,1131.6601804622933,16077400
2023-11-17,1099.1944580078125,1154.8498736031447,1099.1944580078125,1113.1083119066457,13506200
2023-11-20,1080.6427001953125,1122.38426372217,1080.6427001953125,1103.8324577102335,13413100
2023-11-21,1122.38427734375,1136.2981320215652,1085.2806648695764,1089.918616428848,16072000
2023-11-22,1117.746337890625,1131.660192719139,1103.832483062111,1122.3842895001296,14674600
2023-11-23,1103.8323974609375,1127.0221537101168,1094.5564949612658,1117.746251210445,9172900
2023-11-24,1094.5565185546875,1113.1083239539194,1085.2806158550716,1113.1083239539194,12216900
2023-11-27,1164.1258544921875,1242.9710318880727,1094.5565803193476,1094.5565803193476,107033800
2023-11-28,1164.1258544921875,1182.6776609382782,1145.5740480460968,1173.4017577152329,23489700
2023-11-29,1173.401611328125,1205.8672685585475,1150.2118561635375,1168.7636602952075,19359800
2023-11-30,1229.05712890625,1242.9709831957548,1173.401711748231,1173.401711748231,60080500
2023-12-01,1182.677490234375,1252.2467543658088,1164.1256864659927,1229.0569996553309,34732800
2023-12-04,1205.8673095703125,1224.4191143329326,1164.125748854417,1187.3155048076924,30761200
2023-12-05,1205.8673095703125,1261.522723858173,1196.5914071890024,1210.5052607609675,29321600
2023-12-06,1205.8673095703125,1238.3329679048977,1205.8673095703125,1215.1432119516226,15688200
2023-12-07,1210.5052490234375,1229.057053606172,1187.3154932950192,1201.22934673207,28377900
2023-12-08,1270.7987060546875,1298.6264149463962,1215.1432882712706,1215.1432882712706,50683400
2023-12-11,1289.3504638671875,1335.7299769559354,1266.1607073228138,1270.7986586316883,46007100
2023-12-12,1293.988525390625,1331.0921390218973,1270.7987668710798,1303.264428798443,25499200
2023-12-13,1210.5052490234375,1317.178125374162,1205.8672978777538,1293.9883696457434,33125800
2023-12-14,1280.0745849609375,1280.0745849609375,1210.5053140391474,1210.5053140391474,27536900
2023-12-15,1312.5401611328125,1326.4540144310402,1270.7986012381295,1289.3504056357663,24369500
2023-12-18,1284.7125244140625,1377.4715514475688,1280.0745730623871,1303.2643298207638,53575000
2023-12-19,1335.72998046875,1354.281785753038,1284.7125159369575,1289.3504672580295,16471700
2023-12-20,1307.9022216796875,1363.5576353681847,1303.2642705389794,1345.0058308053524,19455700
2023-12-21,1270.7987060546875,1307.902317910299,1256.8848516088333,1307.902317910299,15891200
2023-12-22,1247.60888671875,1293.9883992361756,1229.0570817117798,1270.7986429774628,14740000
2023-12-27,1233.695068359375,1261.522776668233,1233.695068359375,1261.522776668233,16676800
2023-12-28,1266.1607666015625,1284.7125727056148,1224.419202867445,1238.3330574454842,15519200
2023-12-29,1261.5228271484375,1275.4366818596336,1238.3330692964441,1266.1607787188361,9658600
2024-01-02,1307.9022216796875,1312.5401728203956,1256.8847591318981,1256.8847591318981,16832300
2024-01-03,1289.3504638671875,1312.5402204115614,1275.4366099405631,1312.5402204115614,19641000
2024-01-04,1303.264404296875,1317.1782591470196,1284.7125978300155,1289.3505494467304,11072700
2024-01-05,1270.7987060546875,1317.1782208742018,1261.5228030907847,1307.902317910299,18888500
2024-01-08,1233.695068359375,1270.7986794378523,1210.5053114353266,1270.7986794378523,28606200
2024-01-09,1191.9534912109375,1252.2468584706348,1168.7637345725925,1247.6089071429658,34696100
2024-01-10,1252.246826171875,1256.8847773799191,1187.3155092592592,1196.5914116753472,31769900
2024-01-11,1266.1607666015625,1280.0746211796015,1233.6951059194712,1252.2469120235232,25320100
2024-01-12,1256.8848876953125,1280.0746457708717,1242.971032849977,1270.7987425406482,14620000
2024-01-15,1256.8848876953125,1256.8848876953125,1256.8848876953125,1256.8848876953125,0
2024-01-16,1219.78125,1242.9710076045628,1210.5053469581749,1242.9710076045628,11688000
2024-01-17,1191.9534912109375,1219.7811991769515,1178.0396372279304,1219.7811991769515,30140200
2024-01-18,1191.9534912109375,1219.7811991769515,1182.6775885555994,1182.6775885555994,14175300
2024-01-19,1201.2293701171875,1219.7811750610822,1187.3155164092664,1191.9534676452402,12234700
2024-01-22,1201.2293701171875,1210.5052725891348,1191.9534676452402,1201.2293701171875,6919500
2024-01-23,1256.8848876953125,1298.6264522313193,1187.3156134686346,1201.2294683139703,26589900
2024-01-24,1266.1607666015625,1280.0746211796015,1238.3330574454842,1261.5228150755495,30370800
2024-01-25,1275.4366455078125,1307.9023055752841,1270.7986940696023,1270.7986940696023,32924400
2024-01-26,1210.5052490234375,1275.4365650630089,1205.8672978777538,1275.4365650630089,33459900
2024-01-29,1280.0745849609375,1289.3504877505095,1215.1432654339335,1215.1432654339335,25974000
2024-01-30,1377.4715576171875,1377.4715576171875,1252.2468705610795,1280.0745787957703,67587100
2024-01-31,1368.1956787109375,1391.3854359772245,1354.2818243511651,1386.7474845239672,22227400
2024-02-01,1326.4541015625,1368.195664199082,1326.4541015625,1363.5577127950176,13504000
2024-02-02,1307.9022216796875,1349.6437819460605,1284.7124659761469,1326.4540262425198,27833500
2024-02-05,1382.1094970703125,1382.1094970703125,1312.5402270835518,1317.1781784160025,29681500
2024-02-06,1349.643798828125,1409.937164411512,1331.0919940332367,1386.7474084179016,31230200
2024-02-07,1354.28173828125,1358.9196894397473,1321.816080171768,1349.6437871227527,11862000
2024-02-12,1372.8336181640625,1391.3854238149281,1335.730006862331,1358.9197639259132,23205000
2024-02-13,1372.8336181640625,1386.7474724022118,1345.005909687764,1372.8336181640625,17103300
2024-02-15,1419.213134765625,1479.50650323606,1386.7474748200061,1396.0233776616114,91698800
2024-02-16,1317.1781005859375,1433.1268770459671,1293.9883452939316,1419.2130238707637,92386900
2024-02-19,1307.9022216796875,1326.4540262425198,1280.0745148354388,1317.1781239611037,36991600
2024-02-20,1340.367919921875,1358.919725041901,1298.6263584018168,1317.1781635218426,48402300
2024-02-21,1349.643798828125,1377.4715060204574,1331.0919940332367,1345.005847629403,34217500
2024-02-22,1349.643798828125,1368.1956036230133,1335.7299452319587,1349.643798828125,14721700
2024-02-23,1363.5577392578125,1377.4715937400351,1335.7300302933675,1354.2818362696642,22860800
2024-02-26,1405.29931640625,1405.29931640625,1354.28184947401,1363.5577525525991,28285000
2024-02-27,1414.5751953125,1423.851098232582,1382.1095350922133,1405.299292392418,26991500
2024-02-28,1442.4029541015625,1460.954760585184,1396.023437892509,1414.5752443761305,43323400
2024-02-29,1437.7650146484375,1442.4029663085937,1423.8511596679687,1442.4029663085937,15482700
2024-03-01,1382.1094970703125,1484.1444263842282,1372.833594405411,1484.1444263842282,43102000
2024-03-04,1372.8336181640625,1414.5751808785103,1372.8336181640625,1382.1095209894954,14832600
2024-03-05,1331.092041015625,1377.471554639863,1317.1781869283536,1372.8336032774391,33800500
2024-03-06,1391.3853759765625,1391.3853759765625,1340.367912190755,1340.367912190755,21261100
2024-03-07,1363.5577392578125,1409.9372541985545,1354.2818362696642,1396.0233997163318,21925800
2024-03-08,1349.643798828125,1382.1094572191796,1345.005847629403,1363.5576524242913,14959800
2024-03-13,1233.695068359375,1358.9197557492364,1229.0571169745654,1345.0059015948073,73203600
2024-03-14,1247.60888671875,1270.7986429774628,1233.6950329635224,1233.6950329635224,29543300
2024-03-15,1266.1607666015625,1266.1607666015625,1238.3330574454842,1247.6089604975102,20446200
2024-03-18,1219.78125,1275.4366682509506,1215.1432984790874,1266.1607652091254,33262800
2024-03-19,1229.05712890625,1242.9709831957548,1215.1432746167452,1219.7812260465803,9544000
2024-03-20,1252.246826171875,1270.798631004051,1215.1432165075232,1229.057070131655,26770800
2024-03-21,1224.419189453125,1266.1607527299361,1219.7812379779239,1252.2468983043325,23929400
2024-03-22,1205.8673095703125,1233.6950167142427,1196.5914071890024,1233.6950167142427,21290100
2024-03-25,1205.8673095703125,1205.8673095703125,1205.8673095703125,1205.8673095703125,0
2024-03-26,1205.8673095703125,1205.8673095703125,1205.8673095703125,1205.8673095703125,0
2024-03-27,1233.695068359375,1256.8848252834234,1233.695068359375,1247.608922513804,13441200
2024-03-28,1215.1431884765625,1247.6088461839515,1205.8672862744513,1238.3329439818403,13488600
2024-04-01,1210.5052490234375,1252.2468093345906,1205.8672978777538,1215.1432001691212,25678200
2024-04-02,1196.5914306640625,1224.4191383539244,1168.7637229742006,1210.5052845089933,26818100
2024-04-03,1215.1431884765625,1224.4190906786737,1191.9534329712844,1196.5913840723401,24912700
2024-04-04,1252.246826171875,1252.246826171875,1210.505265299479,1215.1432165075232,23446100
2024-04-05,1242.970947265625,1261.522752448694,1229.0570933783233,1261.522752448694,11497100
2024-04-16,1335.72998046875,1340.367931789822,1229.0571000840928,1252.2468566894531,45559500
2024-04-17,1280.0745849609375,1345.0059044879417,1270.7986821713655,1335.7300016983697,34808500
2024-04-18,1298.62646484375,1298.62646484375,1256.8848999023437,1284.7126098632812,17258100
2024-04-19,1298.62646484375,1307.9023681640624,1266.160803222656,1298.62646484375,11341700
2024-04-22,1335.72998046875,1354.281785753038,1293.9884185791016,1298.6263699001736,41961700
2024-04-23,1307.9022216796875,1345.0058308053524,1307.9022216796875,1335.729928523936,10227700
2024-04-24,1252.246826171875,1317.1781430844908,1252.246826171875,1312.540191876447,22315200
2024-04-25,1205.8673095703125,1256.884772667518,1196.5914071890024,1256.884772667518,31287800
2024-04-26,1224.419189453125,1229.0571409283264,1191.9535291267164,1205.8673835523202,6401600
2024-04-29,1242.970947265625,1242.970947265625,1215.1432394910214,1229.0570933783233,6343100
2024-04-30,1247.60888671875,1252.2468379704926,1215.1432279565522,1242.9709354670074,10715400
2024-05-02,1256.8848876953125,1284.7125973859836,1233.6951296197533,1252.2469360802006,21442300
2024-05-03,1233.695068359375,1275.4366308226622,1224.4191655897557,1252.2468738986138,7314200
2024-05-06,1247.60888671875,1256.8847892222352,1205.867325453067,1233.6950329635224,10872700
2024-05-07,1252.246826171875,1261.522728587963,1224.4191189236112,1252.246826171875,9219500
2024-05-08,1219.78125,1256.8848621673005,1215.1432984790874,1247.6089591254754,6606000
2024-05-13,1224.419189453125,1229.0571409283264,1219.7812379779239,1219.7812379779239,6904900
2024-05-14,1233.695068359375,1242.9709711289943,1215.1432628201362,1224.4191655897557,11226300
2024-05-15,1229.05712890625,1252.2468860554245,1201.2294203272406,1233.6950803360849,13683800
2024-05-16,1210.5052490234375,1238.3329558975395,1205.8672978777538,1229.057053606172,7397500
2024-05-17,1205.8673095703125,1219.7811631422776,1196.5914071890024,1215.1432119516226,7055300
2024-05-20,1224.419189453125,1261.522801254735,1205.8673835523202,1205.8673835523202,33830000
2024-05-21,1242.970947265625,1256.8848011529267,1229.0570933783233,1233.6950446740905,13173500
2024-05-22,1270.7987060546875,1275.436657536639,1242.970997162979,1242.970997162979,25619400
2024-05-27,1298.62646484375,1321.8162231445312,1270.7987548828125,1270.7987548828125,47880400
2024-05-28,1377.4715576171875,1400.6613144794296,1289.350481540667,1303.2643356580124,88515300
2024-05-29,1345.005859375,1386.7474205280173,1326.4540544181034,1372.8335668103448,26418800
2024-05-30,1377.4715576171875,1386.7474603620844,1331.092043892703,1340.3679466376,23876300
2024-05-31,1345.005859375,1400.6612742456896,1340.367908135776,1377.4715180495689,19192000
2024-06-03,1307.9022216796875,1372.8335376496009,1280.0745148354388,1345.0058308053524,23437600
2024-06-04,1242.970947265625,1326.4540705894356,1238.3329959698578,1307.9022654063667,42011800
2024-06-05,1242.970947265625,1266.1607037444612,1224.419142082556,1242.970947265625,26387700
2024-06-06,1247.60888671875,1270.7986429774628,1242.9709354670074,1242.9709354670074,6921500
2024-06-07,1233.695068359375,1275.4366308226622,1219.7812142049459,1252.2468738986138,16721500
2024-06-10,1210.5052490234375,1238.3329558975395,1196.5913955863864,1238.3329558975395,15348500
2024-06-11,1224.419189453125,1233.6950924035275,1210.5053350275214,1215.1432865027225,12307400
2024-06-12,1284.7125244140625,1284.7125244140625,1215.1432541389327,1229.0571081939586,20759800
2024-06-13,1219.78125,1298.6264258555134,1219.78125,1284.7125712927757,33546300
2024-06-14,1210.5052490234375,1233.6950047518558,1205.8672978777538,1229.057053606172,10150600
2024-06-19,1247.60888671875,1256.8847892222352,1205.867325453067,1215.1432279565522,17284900
2024-06-20,1256.8848876953125,1261.5228393104244,1238.3330812348652,1247.6089844650887,11529700
2024-06-21,1252.246826171875,1293.988387044271,1252.246826171875,1256.8847773799191,21583000
2024-06-24,1224.419189453125,1298.6264130563447,1224.419189453125,1298.6264130563447,15945300
2024-06-25,1215.1431884765625,1238.3329439818403,1210.5052373755068,1233.6949928807849,18709000
2024-06-26,1229.05712890625,1252.2468860554245,1215.1432746167452,1219.7812260465803,15234600
2024-06-27,1233.695068359375,1252.2468738986138,1224.4191655897557,1224.4191655897557,13567900
2024-06-28,1224.419189453125,1242.97099535393,1215.1432865027225,1233.6950924035275,21181700
2024-07-01,1242.970947265625,1261.522752448694,1224.419142082556,1229.0570933783233,26737500
2024-07-02,1293.988525390625,1317.1782839101702,1242.9710566476253,1242.9710566476253,76428300
2024-07-03,1261.5228271484375,1303.2643912820256,1242.9710208668428,1289.3505365708295,45290800
2024-07-04,1284.7125244140625,1284.7125244140625,1247.60891360066,1261.5227676556858,17641100
2024-07-05,1270.7987060546875,1289.3505119824931,1266.160754572736,1284.7125605005417,15363000
2024-07-08,1270.7987060546875,1303.2643664283476,1252.2469001268819,1270.7987060546875,17606600
2024-07-09,1242.970947265625,1280.0745576317631,1238.3329959698578,1270.7986550402286,20463900
2024-07-10,1256.8848876953125,1256.8848876953125,1224.4192263895295,1242.971032849977,16230000
2024-07-11,1261.5228271484375,1266.1607787188361,1242.9710208668428,1256.8848755780389,13973300
2024-07-12,1252.246826171875,1270.798631004051,1238.332972547743,1261.522728587963,8674400
2024-07-15,1256.8848876953125,1275.43669415576,1238.3330812348652,1256.8848876953125,23483500
2024-07-16,1247.60888671875,1275.4365942292054,1242.9709354670074,1256.8847892222352,16513900
2024-07-17,1229.05712890625,1261.5227889150942,1215.1432746167452,1252.2468860554245,33460800
2024-07-18,1247.60888671875,1252.2468379704926,1219.7811792082946,1229.0570817117798,43575900
2024-07-19,1247.60888671875,1284.7124967326906,1242.9709354670074,1247.60888671875,62779600
2024-07-22,1284.7125244140625,1289.3504757657377,1247.60891360066,1252.2468649523353,55041100
2024-07-23,1247.60888671875,1303.2643017396608,1238.332984215265,1266.1606917257204,49047000
2024-07-24,1224.419189453125,1252.2468983043325,1224.419189453125,1247.6089468291311,29241600
2024-07-25,1219.78125,1242.9710076045628,1215.1432984790874,1224.4192015209126,17753500
2024-07-26,1229.05712890625,1238.3330317659197,1219.7812260465803,1219.7812260465803,13257700
2024-07-29,1261.5228271484375,1266.1607787188361,1229.0571661556469,1233.6951177260455,34512200
2024-07-30,1238.3330078125,1266.1607158532304,1238.3330078125,1252.246861832865,16697300
2024-07-31,1242.970947265625,1252.2468498571595,1238.3329959698578,1242.970947265625,15925300
2024-08-01,1238.3330078125,1256.884813172987,1233.6950564723782,1247.6089104927435,20045200
2024-08-02,1252.246826171875,1261.522728587963,1224.4191189236112,1238.332972547743,24537300
2024-08-05,1154.8499755859375,1252.2469614787274,1150.212023876757,1205.8674443869227,57410500
2024-08-06,1164.1258544921875,1191.9535641613234,1140.9360964345742,1159.487902880665,42198600
2024-08-07,1219.78125,1219.78125,1168.763783269962,1168.763783269962,25402600
2024-08-08,1210.5052490234375,1229.057053606172,1196.5913955863864,1219.781151314805,20820300
2024-08-09,1224.419189453125,1242.97099535393,1210.5053350275214,1210.5053350275214,13468000
2024-08-12,1215.1431884765625,1242.9708950828958,1205.8672862744513,1224.4190906786737,17901000
2024-08-13,1210.5052490234375,1233.6950047518558,1201.22934673207,1215.1432001691212,17618100
2024-08-14,1201.2293701171875,1224.419126297056,1191.9534676452402,1215.1432238251086,23577300
2024-08-15,1178.03955078125,1205.8672567052165,1173.4015997939223,1205.8672567052165,48121400
2024-08-16,1205.8673095703125,1210.5052607609675,1182.6775536170373,1187.3155048076924,23976800
2024-08-19,1196.5914306640625,1210.5052845089933,1187.3155281007753,1205.8673332273497,19721300
2024-08-20,1196.5914306640625,1205.8673332273497,1178.0396255374878,1196.5914306640625,33029800
2024-08-21,1187.3155517578125,1205.8673572540283,1182.6776003837585,1196.5914545059204,16121600
2024-08-22,1178.03955078125,1196.591354730561,1168.7636488065943,1187.3154527559054,40271300
2024-08-23,1182.677490234375,1205.867244944853,1173.4015883501838,1178.0395392922794,41597600
2024-08-26,1182.677490234375,1205.867244944853,1178.0395392922794,1191.9533921185662,34357800
2024-08-27,1187.3155517578125,1219.7812113761902,1182.6776003837585,1201.2294058799744,66007100
2024-08-28,1210.5052490234375,1210.5052490234375,1187.3154932950192,1191.953444440703,60163200
2024-08-29,1210.5052490234375,1229.057053606172,1201.22934673207,1210.5052490234375,43692700
2024-08-30,1191.9534912109375,1219.7811991769515,1187.3155398832685,1210.5052965216137,29245800
2024-09-02,1191.9534912109375,1210.5052965216137,1187.3155398832685,1196.5914425386065,24570200
2024-09-03,1187.3155517578125,1205.8673572540283,1187.3155517578125,1196.5914545059204,18494900
2024-09-04,1178.03955078125,1196.591354730561,1168.7636488065943,1187.3154527559054,16452700
2024-09-05,1196.5914306640625,1196.5914306640625,1178.0396255374878,1182.6775768191314,18552500
2024-09-06,1182.677490234375,1224.4190487132353,1182.677490234375,1205.867244944853,17719700
2024-09-09,1191.9534912109375,1196.5914425386065,1178.0396372279304,1187.3155398832685,15547200
2024-09-10,1182.677490234375,1196.5913430606618,1182.677490234375,1191.9533921185662,16308700
2024-09-11,1178.03955078125,1187.3154527559054,1173.4015997939223,1182.6775017685777,18105900
2024-09-12,1196.5914306640625,1219.7811870722808,1187.3155281007753,1205.8673332273497,56459000
2024-09-13,1205.8673095703125,1215.1432119516226,1191.9534559983474,1201.2293583796575,40575000
2024-09-17,1238.3330078125,1242.9709591526216,1201.2293970915262,1210.5052997717696,41647000
2024-09-18,1229.05712890625,1242.9709831957548,1224.4191774764151,1242.9709831957548,21700100
2024-09-19,1261.5228271484375,1266.1607787188361,1210.5053598740521,1229.0571661556469,65705200
2024-09-20,1252.246826171875,1284.712484628183,1242.970923755787,1266.160679796007,218874300
2024-09-23,1233.695068359375,1256.8848252834234,1219.7812142049459,1242.9709711289943,31774300
2024-09-24,1224.419189453125,1238.3330438787289,1219.7812379779239,1233.6950924035275,19942300
2024-09-25,1252.246826171875,1270.798631004051,1224.4191189236112,1224.4191189236112,53509900
2024-09-26,1321.8160400390625,1326.4539910567435,1252.2467747738488,1252.2467747738488,89962400
2024-09-27,1400.661376953125,1447.0408927462747,1321.8162001047704,1326.4541516840852,135329200
2024-09-30,1345.005859375,1433.1269329202587,1340.367908135776,1409.937176724138,79095600
2024-10-01,1396.0233154296875,1414.575120285896,1326.4540472189058,1349.6438032891663,57263400
2024-10-02,1433.1270751953125,1470.230688792602,1368.1957514000555,1400.661413297684,105867200
2024-10-03,1419.213134765625,1456.3167461320465,1400.6613290824143,1433.1269890280332,37623800
2024-10-04,1396.0233154296875,1423.8510227140002,1377.471510573479,1419.213071499948,24590800
2024-10-07,1414.5751953125,1442.402904072746,1396.023389472336,1396.023389472336,30970400
2024-10-08,1335.72998046875,1433.126958211263,1331.092029147678,1419.2131042480469,65590100
2024-10-09,1368.1956787109375,1372.8336301641948,1298.6264069120762,1335.7300185381355,35491600
2024-10-10,1345.005859375,1368.1956155711207,1340.367908135776,1368.1956155711207,12668200
2024-10-11,1326.4541015625,1363.5577127950176,1312.540247350306,1358.9197613909528,26124200
2024-10-14,1317.1781005859375,1340.3678558779434,1307.902198469135,1321.8160516443388,18952500
2024-10-15,1335.72998046875,1349.643834431966,1317.1781751844617,1321.816126505534,15443700
2024-10-16,1340.367919921875,1354.2817737618946,1321.8161148018492,1335.7299686418685,20985700
2024-10-17,1312.5401611328125,1349.6437699280864,1307.9022100334032,1349.6437699280864,33483100
2024-10-18,1326.4541015625,1326.4541015625,1298.6263931381118,1326.4541015625,23253000
2024-10-21,1354.28173828125,1372.8335429152396,1326.4540313302655,1326.4540313302655,34991400
2024-10-22,1345.005859375,1363.5576643318966,1335.7299568965518,1354.2817618534482,24960700
2024-10-23,1335.72998046875,1349.643834431966,1317.1781751844617,1345.005883110894,16500900
2024-10-24,1312.5401611328125,1335.7299166298587,1289.3504056357663,1317.1781122322218,8656600
2024-10-25,1298.62646484375,1321.8162231445312,1298.62646484375,1312.5403198242186,11772700
2024-10-28,1354.28173828125,1368.1955917567423,1312.540177854773,1312.540177854773,51999100
2024-10-29,1349.643798828125,1363.5576524242913,1331.0919940332367,1354.281750026847,18373000
2024-10-30,1307.9022216796875,1345.0058308053524,1270.7986125540226,1331.091977383228,32251600
2024-10-31,1298.62646484375,1326.4541748046875,1298.62646484375,1321.8162231445312,26705000
2024-11-01,1289.3504638671875,1307.9022691026867,1284.7125125583127,1298.626366484937,14431600
2024-11-04,1266.1607666015625,1293.9884757576408,1261.5228150755495,1289.3505242316278,13195000
2024-11-05,1293.988525390625,1317.1782839101702,1261.5228634632617,1261.5228634632617,22893300
2024-11-06,1252.246826171875,1307.9022406684028,1252.246826171875,1303.264289460359,15194800
2024-11-07,1261.5228271484375,1289.3505365708295,1219.7812630148494,1252.2469240076402,14272800
2024-11-08,1293.988525390625,1293.988525390625,1252.2469600554434,1270.7987668710798,14225100
2024-11-11,1247.60888671875,1303.2643017396608,1247.60888671875,1303.2643017396608,8812700
2024-11-12,1275.4366455078125,1284.7125483842328,1252.2468883167614,1284.7125483842328,13092000
2024-11-13,1266.1607666015625,1289.3505242316278,1261.5228150755495,1275.4366696535885,10445800
2024-11-14,1233.695068359375,1266.1607280530427,1224.4191655897557,1266.1607280530427,15339000
2024-11-15,1215.1431884765625,1252.246797285007,1201.2293351733956,1229.0570417797292,16033200
2024-11-18,1164.1258544921875,1238.33308027655,1159.487902880665,1219.7812738304594,19328400
2024-11-19,1201.2293701171875,1224.419126297056,1168.7637114653717,1173.4016627013452,16765700
2024-11-20,1215.1431884765625,1247.6088461839515,1191.9534329712844,1196.5913840723401,12128000
2024-11-21,1219.78125,1256.8848621673005,1196.5914923954374,1219.78125,17014900
2024-11-22,1196.5914306640625,1238.3329921988554,1187.3155281007753,1229.057089635568,11428000
2024-11-25,1173.401611328125,1210.505219591465,1168.7636602952075,1196.5913664927125,24469200
2024-11-26,1178.03955078125,1201.2293057178888,1173.4015997939223,1173.4015997939223,21262900
2024-11-28,1173.401611328125,1187.3154644268775,1168.7636602952075,1178.0395623610425,4431200
2024-11-29,1136.298095703125,1173.4017069913903,1136.298095703125,1173.4017069913903,15698400
2024-12-02,1159.4879150390625,1215.1433349609374,1140.9361083984375,1140.9361083984375,19947600
2024-12-03,1159.4879150390625,1182.6776733398438,1145.5740600585937,1168.763818359375,24793000
2024-12-04,1182.677490234375,1187.3154411764706,1164.1256864659927,1178.0395392922794,15208500
2024-12-05,1224.419189453125,1242.97099535393,1182.6776261763139,1191.9535291267164,20048800
2024-12-06,1219.78125,1238.3330560836503,1210.5053469581749,1233.6951045627377,10515900
2024-12-09,1247.60888671875,1280.074545480948,1201.2293742013244,1229.0570817117798,29862000
2024-12-10,1224.419189453125,1280.0746071555398,1224.419189453125,1256.8848497795336,28362800
2024-12-11,1205.8673095703125,1238.3329679048977,1196.5914071890024,1224.4191143329326,12875800
2024-12-12,1178.03955078125,1215.143158679872,1178.03955078125,1205.8672567052165,11243900
2024-12-13,1150.2120361328125,1191.9536019602128,1145.5740843742124,1178.0397466844126,23085600
2024-12-16,1113.1082763671875,1150.2118855794272,1103.8323740641276,1150.2118855794272,25410200
2024-12-17,1080.6427001953125,1127.0222152251542,1076.0047486923283,1113.1083607162018,18082400
2024-12-18,1057.452880859375,1094.55649071409,1038.9010759320174,1080.6426370185718,21387600
2024-12-19,1048.177001953125,1066.7288072974281,978.6077319119885,1020.3492939366704,44493400
2024-12-20,1066.728759765625,1080.6426131538724,1020.3492484714674,1048.176955247962,18173400
2024-12-23,1038.9010009765625,1085.2805099487305,1001.7973937988281,1076.0046081542969,24277800
2024-12-24,1066.728759765625,1076.0046620244566,1020.3492484714674,1038.9010529891304,10891800
2024-12-27,1052.81494140625,1089.9185516760738,1048.176990122522,1066.7287952574338,12767900
2024-12-30,1113.1082763671875,1113.1082763671875,1052.8149113972981,1076.004667154948,14081300
2025-01-02,1080.6427001953125,1117.746312219186,1071.3667971893442,1113.1083607162018,11952000
2025-01-03,1048.177001953125,1099.1944666499585,1043.5390506170493,1080.6426613056556,12036100
2025-01-06,1024.9873046875,1062.0909175268666,1024.9873046875,1057.4529659219459,11273600
2025-01-07,1001.7975463867188,1043.5391108194988,992.5216431794342,1038.9011592158565,22043500
2025-01-08,973.9697875976562,1020.3493012927828,960.0559334891184,1001.7974958147322,32939300
2025-01-09,955.41796875,978.6077252730582,941.5041148361651,973.9697739684466,21203700
2025-01-10,973.9697875976562,983.2456903366816,955.4179821196057,955.4179821196057,23371600
2025-01-13,955.41796875,978.6077252730582,950.7800174453884,973.9697739684466,16480200
2025-01-14,960.055908203125,978.6077131925574,955.417956955767,973.9697619451993,18204700
2025-01-15,964.6939086914062,978.6077631436862,955.4180057232197,964.6939086914062,14259200
2025-01-16,973.9697875976562,1001.7974958147322,964.693884858631,964.693884858631,28111200
2025-01-17,969.3318481445312,987.8836538506466,964.6938967180023,978.6077509975889,15274700
2025-01-20,950.780029296875,987.8836401962652,950.780029296875,978.6077374714177,22774000
2025-01-21,927.5902709960938,964.6938818359374,918.3143682861328,955.4179791259766,31979100
2025-01-22,946.14208984375,955.4179926853554,927.5902841605392,927.5902841605392,16332800
2025-01-23,955.41796875,969.3318226638349,941.5041148361651,955.41796875,10346000
2025-01-24,946.14208984375,978.6077497893689,946.14208984375,960.0559441061581,14752100
2025-01-30,936.8661499023438,955.417954850905,927.5902474280631,955.417954850905,10817200
2025-01-31,932.2282104492188,946.1420643365205,932.2282104492188,936.866161744986,8233200
2025-02-03,876.5728149414062,936.8661831648892,853.3830579323743,932.2282317630828,71464200
2025-02-04,844.107177734375,890.4866929945055,839.469226208362,876.5728384164663,54274700
2025-02-05,844.107177734375,862.6589838384272,834.8312746823489,848.745129260388,28599800
2025-02-06,820.9173583984375,848.7450654627913,816.2794072210452,844.107114285399,27269700
2025-02-07,807.0035400390625,830.1932969367367,797.7276372799928,820.917394177667,16499400
2025-02-10,788.4517822265625,816.2794921875,774.5379272460938,807.0035888671874,21580100
2025-02-11,746.7101440429688,797.7276073005629,742.0721928377329,788.4517048900913,33995400
2025-02-12,765.261962890625,783.8137680516098,737.4342551491477,746.7101577296402,25287800
2025-02-13,746.7101440429688,774.5378512743837,737.4342416324971,769.8999000691479,29590100
2025-02-14,769.8999633789062,779.1758665521461,751.3481570324266,751.3481570324266,12847600
2025-02-17,788.4517822265625,793.0897338867187,765.2620239257812,774.5379272460938,17483100
2025-02-18,797.7276000976562,816.27940475109,788.4516977709393,793.0896489342978,20810300
2025-02-19,783.8137817382812,802.3655872232109,774.5378789958164,797.7276358519786,11285800
2025-02-20,760.6240234375,788.4517316120427,755.9860720750762,788.4517316120427,22106500
2025-02-21,769.8999633789062,774.5379149655262,746.7102054458067,760.6240602056664,8961100
2025-02-24,755.986083984375,769.899938290836,751.3481325488881,769.899938290836,15761700
2025-02-25,737.4342651367188,765.2619732550855,728.1583624305965,760.6240219020244,21141200
2025-02-26,737.4342651367188,760.6240219020244,737.4342651367188,737.4342651367188,19861400
2025-02-27,760.6240234375,783.813780249619,742.072217987805,755.9860720750762,23698900
2025-02-28,718.8825073242188,765.2620239257812,718.8825073242188,760.6240722656249,24949600
2025-03-03,732.7962646484375,746.7101177746737,723.52036256428,728.1583136063588,19130500
2025-03-04,653.9511108398438,755.9860359354221,649.3131596991356,751.348084794714,69464700
2025-03-05,681.7788696289062,695.6927241111289,653.9511606644611,653.9511606644611,39789600
2025-03-06,793.0896606445312,848.7450754266036,704.9685872395834,704.9685872395834,175158200
2025-03-07,825.5553588867188,876.5728248853362,769.8999414336815,802.3656016146199,145447500
2025-03-10,797.7276000976562,858.0209652213163,797.7276000976562,848.7450628945993,56816100
2025-03-11,802.3655395507812,825.5552950291276,774.5378329767658,788.4516862637735,43044300
2025-03-12,802.3655395507812,816.279392837789,769.8998818810965,807.0034906464506,31679800
2025-03-13,830.1932983398438,844.107152501964,793.0896872408564,802.3655900156032,48045200
2025-03-14,820.9173583984375,834.8312119306144,797.727602511476,834.8312119306144,23792200
2025-03-17,820.9173583984375,848.7450654627913,811.6414560436529,830.193260753222,23906700
2025-03-18,820.9173583984375,830.193260753222,765.2619442697298,825.5553095758298,36789700
2025-03-19,830.1932983398438,853.3830552767109,797.7276386282298,816.2794441777235,37333100
2025-03-20,839.4691772460938,867.2968847791134,830.1932747350871,830.1932747350871,48967800
2025-03-21,834.8312377929688,844.1071404351128,802.3655785454644,844.1071404351128,33142300
2025-03-24,820.9173583984375,830.193260753222,779.1757978019068,830.193260753222,25521800
2025-03-25,825.5553588867188,834.8312617955582,807.0035530690396,830.1933103411385,9036900
2025-03-26,834.8312377929688,862.658945719401,825.5553351508246,834.8312377929688,19699400
2025-03-27,834.8312377929688,844.1071404351128,825.5553351508246,834.8312377929688,13323700
2025-04-08,732.7962646484375,751.3480688167524,709.6065094380439,751.3480688167524,48162000
2025-04-09,732.7962646484375,755.9860198588311,714.2444604801226,732.7962646484375,32592200
2025-04-10,769.8999633789062,788.4517697253859,755.9861086190465,774.5379149655262,40395300
2025-04-11,765.261962890625,783.8137680516098,751.3481090198864,765.261962890625,24246400
2025-04-14,816.2794189453125,844.1071264093572,760.624004017223,765.2619552612305,51968100
2025-04-15,820.9173583984375,839.4691631080067,802.3655536888683,816.2794072210452,23940300
2025-04-16,839.4691772460938,867.2968847791134,825.5553234795839,825.5553234795839,39277600
2025-04-17,834.8312377929688,848.7450917561849,820.9173838297526,844.1071404351128,13095700
2025-04-21,834.8312377929688,853.383043077257,834.8312377929688,834.8312377929688,6967100
2025-04-22,909.0384521484375,932.2282085807956,834.8312315648916,839.4691828513633,84434900
2025-04-23,885.8486938476562,922.9523040611707,881.210742570967,918.3143527844813,34855100
2025-04-24,871.934814453125,899.7625212973736,867.2968633124168,890.4866190159574,25939100
2025-04-25,890.4866333007812,913.6763893763225,876.5727796554565,876.5727796554565,28150700
2025-04-28,885.8486938476562,904.4004989544135,885.8486938476562,895.1245964010349,15115300
2025-04-29,881.2107543945312,895.124608411287,881.2107543945312,890.4866570723684,10200000
2025-04-30,834.8312377929688,862.658945719401,834.8312377929688,858.020994398329,43977000
2025-05-02,839.4691772460938,844.107128501597,816.2794209685774,834.8312259905905,19146400
2025-05-05,839.4691772460938,858.0209822681069,825.5553234795839,839.4691772460938,27313400
2025-05-06,844.107177734375,853.3830807864011,839.469226208362,844.107177734375,13401800
2025-05-07,848.7451171875,862.658971567623,839.4692142674181,848.7451171875,26557600
2025-05-08,834.8312377929688,853.383043077257,830.1932864718967,848.7450917561849,30689500
2025-05-09,834.8312377929688,844.1071404351128,830.1932864718967,830.1932864718967,15486500
2025-05-14,839.4691772460938,853.3830310126036,834.8312259905905,839.4691772460938,21583200
2025-05-15,834.8312377929688,848.7450917561849,830.1932864718967,844.1071404351128,47060900
2025-05-16,881.2107543945312,895.124608411287,830.1932896664268,839.469192344264,129203900
2025-05-19,927.5902709960938,950.7800277709961,885.8487088012695,885.8487088012695,180392700
2025-05-20,918.3143920898438,950.7800524162524,913.6764406146426,936.8661979906487,84529200
2025-05-21,1011.0734252929688,1020.3493282773079,918.3143954495771,927.5902984339162,152274900
2025-05-22,1015.7113647460938,1038.9011219320776,987.8836561229131,1011.073413308897,82813500
2025-05-23,1001.7975463867188,1024.9873044049298,987.8836915757921,1001.7975463867188,37803700
2025-05-26,987.8836669921875,1011.0734244333187,969.3318610392826,1006.4354729450924,44392200
2025-05-27,997.1595458984375,1020.3493027797965,978.6077403933502,1011.0734000272529,51561200
2025-05-28,955.41796875,1020.3492870145631,955.41796875,1001.7974817961165,65594200
2025-06-02,960.055908203125,987.8836156872736,941.5041032136927,960.055908203125,49577000
2025-06-03,941.5040893554688,969.3317964300146,932.2281869972868,964.6938452509236,26878900
2025-06-04,983.2457275390625,992.5216306290537,927.5903089991156,955.418018269089,99163700
2025-06-05,955.41796875,992.5215791868932,950.7800174453884,992.5215791868932,45093800
2025-06-10,936.8661499023438,960.0559060880453,932.2281986652034,955.417954850905,40139100
2025-06-11,950.780029296875,955.4179806592988,936.8661752096036,941.5041265720274,28139200
2025-06-12,946.14208984375,964.6938955269608,936.8661870021447,955.4179926853554,32437900
2025-06-13,958.6187133789062,978.0830527368536,948.8865436999326,958.6187133789062,56140500
2025-06-16,992.6812744140625,1017.011697806564,958.6186816645604,958.6186816645604,59659600
2025-06-17,982.9490966796875,1007.2795198648282,982.9490966796875,997.5473505907719,12174700
2025-06-18,1007.279541015625,1007.279541015625,963.4847783627717,992.6812867980072,35829500
2025-06-19,978.0830078125,1007.2795155083955,963.4847539645523,1007.2795155083955,23590400
2025-06-20,992.6812744140625,992.6812744140625,939.1543429505591,978.0830203785616,39813900
2025-06-23,968.3508911132812,992.6813155131125,963.484806233315,992.6813155131125,32703000
2025-06-24,992.6812744140625,1017.011697806564,978.0830203785616,982.949105057062,29230000
2025-06-25,963.4848022460938,1007.2795659845526,963.4848022460938,1002.4134811247238,28154500
2025-06-26,968.3508911132812,978.0830608732138,958.6187213533489,968.3508911132812,10294000
2025-06-30,973.2169799804688,982.9491497802734,968.3508950805664,978.0830648803711,10442400
2025-07-01,958.6187133789062,982.9491375763405,953.7526285394194,973.2169678973668,22607100
2025-07-02,900.2257080078125,963.4848118137669,895.3596230996621,958.6187269056165,54955100
2025-07-03,939.1543579101562,944.0204426661675,895.3595951060557,900.225679862067,24268400
2025-07-04,934.2882690429688,944.0204385121664,924.5560995737711,944.0204385121664,7592200
2025-07-07,909.9578247070312,939.1543324516418,905.0917400829295,934.2882478275401,10789400
2025-07-08,924.5560913085938,934.2882606907895,909.9578372353002,909.9578372353002,7144100
2025-07-09,929.4221801757812,939.1543496017056,914.8239260368946,929.4221801757812,4793700
2025-07-10,992.6812744140625,1002.4134437710632,934.2882582720588,934.2882582720588,36263700
2025-07-11,978.0830078125,1007.2795155083955,973.2169231965174,992.6812616604477,27175700
2025-07-14,958.6187133789062,982.9491375763405,944.0204588604457,978.0830527368536,21168300
2025-07-15,963.4848022460938,968.3508871059225,944.0204628067787,958.6187173862651,18147000
2025-07-16,963.4848022460938,978.08305682558,963.4848022460938,963.4848022460938,10676900
2025-07-17,968.3508911132812,973.2169759932475,953.7526364733826,963.484806233315,13101800
2025-07-18,948.8865356445312,978.0830444335937,948.8865356445312,968.3508748372395,18515700
2025-07-21,973.2169799804688,982.9491497802734,948.886555480957,948.886555480957,33783200
2025-07-22,1055.9404296875,1055.9404296875,982.9491557459678,982.9491557459678,151731500
2025-07-23,1192.1907958984375,1235.9855598294005,1070.5386738679847,1075.4047587492028,352087400
2025-07-24,1158.128173828125,1216.5211909959296,1143.5299195361738,1201.9229367039784,98257500
2025-07-25,1148.39599609375,1197.056843385858,1148.39599609375,1177.5925044690148,34101400
2025-07-28,1124.0655517578125,1182.458567433543,1119.1994671181683,1138.6638056767451,41380500
2025-07-29,1099.735107421875,1128.931614698562,1080.270769237417,1114.3333610602185,86805900
2025-07-30,1075.40478515625,1114.3334651619061,1070.538700155543,1109.4673801611991,45565800
2025-07-31,1080.2708740234375,1109.467384132179,1060.806533950943,1080.2708740234375,52678200
2025-08-01,1080.2708740234375,1090.0030440596847,1075.404789005314,1090.0030440596847,20237900
2025-08-04,1094.8690185546875,1138.663779296875,1060.8064268663195,1080.2707649739584,68684200
2025-08-05,1085.1368408203125,1109.4672632602299,1080.270756332329,1104.6011787722464,20917000
2025-08-06,1080.2708740234375,1104.6012991140553,1070.5387039871903,1085.136959041561,23817200
2025-08-07,1114.3333740234375,1124.0655432288825,1085.1368664071028,1090.0029510098254,43568000
2025-08-08,1090.0029296875,1128.931605747768,1080.270760672433,1124.0655212402344,27262200
2025-08-11,1080.2708740234375,1104.6012991140553,1080.2708740234375,1090.0030440596847,17914700
2025-08-12,1080.2708740234375,1090.0030440596847,1070.5387039871903,1080.2708740234375,23208500
2025-08-13,1026.743896484375,1094.8690839288358,1021.8778116669135,1090.0029991113745,70380700
2025-08-14,1021.8778076171875,1036.4760620117188,1002.4134684244791,1021.8778076171875,26414800
2025-08-15,982.9490966796875,1026.7438584129409,982.9490966796875,1021.8777737759127,30028600
2025-08-19,987.815185546875,1002.4134395204741,982.9491008890086,982.9491008890086,17481700
2025-08-20,1021.8778076171875,1031.6099772135417,982.9491292317708,992.681298828125,29662400
2025-08-21,992.6812744140625,1031.609951842065,987.8151897355622,1031.609951842065,16708400
2025-08-22,997.54736328125,1007.2795326791158,987.8151938833842,997.54736328125,10343600
2025-08-25,982.9490966796875,997.5473505907719,978.0830120426593,997.5473505907719,24354100
2025-08-26,987.815185546875,1002.4134395204741,973.2169315732758,982.9491008890086,21438100
2025-08-27,1002.4134521484375,1017.011706305939,992.6812827101032,992.6812827101032,62709200
2025-08-28,992.6812744140625,1002.4134437710632,987.8151897355622,1002.4134437710632,12110400
2025-08-29,978.0830078125,992.6812616604477,953.752584732587,982.9490924284826,29525600
2025-09-01,963.4848022460938,968.3508871059225,919.690038507635,944.0204628067787,28460000
2025-09-02,968.3508911132812,987.8152306331463,968.3508911132812,968.3508911132812,16514200
2025-09-03,997.54736328125,1007.2795326791158,968.3508550876525,973.2169397865854,33131700
2025-09-04,997.54736328125,1036.4760408727134,987.8151938833842,1002.4134479801829,60574500
2025-09-08,973.2169799804688,1012.1456591796875,973.2169799804688,1002.4134893798828,26064500
2025-09-09,963.4848022460938,987.8152265452376,953.7526325264363,968.3508871059225,18539200
2025-09-10,973.2169799804688,987.8152346801758,963.4848101806641,963.4848101806641,7338700
2025-09-11,963.4848022460938,982.9491416854088,963.4848022460938,973.2169719657513,18876400
2025-09-12,963.4848022460938,982.9491416854088,963.4848022460938,963.4848022460938,14120600
2025-09-15,1002.4134521484375,1002.4134521484375,973.2169438334345,973.2169438334345,32763900
2025-09-16,992.6812744140625,1021.8777824850644,973.2169357000613,1017.011697806564,32801100
2025-09-17,997.54736328125,1002.4134479801829,973.2169397865854,1002.4134479801829,19186000
2025-09-18,987.815185546875,1002.4134395204741,982.9491008890086,997.5473548626077,11459200
2025-09-19,963.4848022460938,997.547396264895,963.4848022460938,987.8152265452376,40560600
2025-09-22,968.3508911132812,973.2169759932475,958.6187213533489,968.3508911132812,25741800
2025-09-23,1012.1456298828125,1012.1456298828125,968.3508670513446,973.2169518103966,53562300
2025-09-24,992.6812744140625,1031.609951842065,987.8151897355622,1017.011697806564,54407800
2025-09-25,987.815185546875,1012.1456088362069,978.0830162311422,992.6812702047414,23176300
2025-09-26,987.815185546875,997.5473548626077,978.0830162311422,987.815185546875,20706500
2025-09-29,1041.3421630859375,1055.9404177086376,982.9491445951373,992.681314343604,70789500
2025-09-30,1021.8778076171875,1070.5386555989583,1007.2795532226562,1051.07431640625,68068900
2025-10-01,1036.47607421875,1051.0743287852113,1002.4134802303404,1026.7439045077758,38817500
2025-10-02,1060.8065185546875,1109.467368029673,1031.610008869696,1041.3421787646932,117844000
2025-10-03,1055.9404296875,1075.404769405242,1036.476089969758,1070.5386844758066,33268400
2025-10-06,1075.40478515625,1075.40478515625,1036.4761051505939,1065.672615154836,38546100
2025-10-07,1075.40478515625,1104.601295160492,1060.806530154129,1075.40478515625,42727500
2025-10-08,1343.0394287109375,1343.0394287109375,1051.0743355129075,1085.1369297193444,270278600
2025-10-09,1265.1820068359375,1489.021900353065,1211.655075777494,1420.8967153695914,487097400
2025-10-10,1333.3072509765625,1401.4324389826643,1274.9142326856181,1294.378572115933,189162500
2025-10-13,1333.3072509765625,1396.5663541250856,1279.7803175431968,1299.2446569735116,157128800
2025-10-14,1313.8428955078125,1440.3611002604166,1255.4498779296875,1343.039404296875,197123600
2025-10-15,1240.8515625,1352.7715073529412,1226.2533088235296,1338.1732536764707,116469800
2025-10-16,1284.6463623046875,1284.6463623046875,1235.9855152476916,1245.717684659091,55351200
2025-10-17,1162.9942626953125,1289.5124670052628,1148.3960083518568,1284.646382224111,111415100
2025-10-20,1226.25341796875,1289.512522863963,1187.324738033234,1192.1908230251736,73914800
2025-10-21,1333.3072509765625,1362.5037601220347,1235.9855538249885,1240.8516386825672,125689300
2025-10-22,1270.048095703125,1323.5750269396551,1265.1820110452586,1313.8428576239223,56090900
2025-10-23,1299.24462890625,1308.9767984111659,1274.9142051439608,1284.6463746488764,23435600
2025-10-24,1279.7802734375,1352.7715437856464,1260.3159346779944,1304.1106968868821,68760200
2025-10-27,1381.968017578125,1420.8966941296214,1284.6463261993838,1289.5124107683207,177413600
2025-10-28,1396.5662841796875,1430.628876476753,1347.9054380410225,1411.164538021287,118414900
2025-10-29,1454.9593505859375,1479.2897745087794,1352.7715701100021,1391.700248386549,170320200
2025-10-30,1425.7628173828125,1498.754087897291,1416.030647980882,1469.5575796914995,113004100
2025-10-31,1357.6376953125,1430.6289692540324,1333.3072706653227,1425.7628843245968,98030000
2025-11-03,1343.0394287109375,1391.7002775772758,1304.1107496178668,1357.6376833708389,54301600
2025-11-04,1352.7716064453125,1357.6376913605834,1304.1107572926035,1343.0394366147707,47752300
2025-11-05,1333.3072509765625,1357.637675264456,1284.6464024007755,1328.4411661189838,43898600
2025-11-06,1362.5037841796875,1391.7002938406808,1338.173359462193,1343.039444405692,46437100
2025-11-07,1362.5037841796875,1401.4324637276786,1352.7716142926897,1377.1020390101842,43921500
2025-11-10,1343.0394287109375,1386.8341926906419,1343.0394287109375,1367.3698531441066,29978100
2025-11-11,1391.7001953125,1440.3610413024476,1343.0393493225524,1347.9054339215472,102910000
2025-11-12,1381.968017578125,1406.2984404228102,1372.2358484402507,1396.5662712849362,27817300
2025-11-13,1347.905517578125,1386.8341967861575,1347.905517578125,1381.9681118851533,34481700
2025-11-14,1304.1107177734375,1338.173311148117,1294.3785482378148,1338.173311148117,44934500
2025-11-17,1294.3785400390625,1347.9054721459408,1265.1820316171286,1304.1107095130403,47540600
2025-11-18,1260.31591796875,1294.3785103462837,1226.2533255912163,1294.3785103462837,41803700
2025-11-19,1284.6463623046875,1308.9767858331854,1250.5837693647904,1260.3159387761896,35225000
2025-11-20,1294.3785400390625,1313.8428789870184,1289.5124553020735,1289.5124553020735,28005500
2025-11-21,1265.1820068359375,1299.2445993276742,1265.1820068359375,1294.3785146859977,18837500
2025-11-24,1284.6463623046875,1294.3785317160866,1260.3159387761896,1265.1820234818892,14566700
2025-11-25,1274.9141845703125,1294.3785232660425,1265.1820152224475,1294.3785232660425,16161000
2025-11-26,1270.048095703125,1279.7802650188578,1260.3159263873922,1274.9141803609914,22265200
2025-11-27,1235.9854736328125,1289.5124035932886,1226.2533045490895,1274.9141499677044,31937100
2025-11-28,1235.9854736328125,1250.583727258397,1221.387220007228,1235.9854736328125,17153200
2025-12-01,1226.25341796875,1255.449927920387,1221.3873329768105,1235.985587952629,24955400
2025-12-02,1270.048095703125,1284.6463496767242,1235.9855030980602,1235.9855030980602,38131300
2025-12-03,1255.4498291015625,1289.5124213640079,1250.5837444926417,1279.7802521461665,21871000
2025-12-04,1240.8515625,1274.9141544117647,1235.9854779411764,1265.1819852941178,21230400
2025-12-05,1255.4498291015625,1265.181998319404,1231.1194060569585,1240.8515752748,17584300
2025-12-08,1406.2984619140625,1425.7628004872677,1265.1820072583262,1265.1820072583262,205535200
2025-12-09,1343.0394287109375,1474.4237206500509,1338.1733438243036,1411.164617123811,170296800
2025-12-10,1367.369873046875,1386.8342128767238,1328.4411933871775,1347.9055332170262,51764500
2025-12-11,1323.5750732421875,1450.0932787726908,1279.780309789321,1386.834176007439,134782700
2025-12-12,1362.5037841796875,1391.7002938406808,1313.8429347446986,1323.5751046316964,54294600
2025-12-15,1352.7716064453125,1386.8342008522088,1343.0394366147707,1367.3698611911252,55116200
2025-12-16,1352.7716064453125,1367.3698611911252,1313.8429271231453,1357.6376913605834,34934000
2025-12-17,1386.8341064453125,1420.896698533443,1343.0393451891446,1352.771514357182,70497500
2025-12-18,1352.7716064453125,1454.9593896660017,1343.0394366147707,1416.0307103438345,85264200
2025-12-19,1323.5750732421875,1352.7715822107652,1318.7089884140912,1352.7715822107652,27215200
2025-12-22,1377.1019287109375,1391.7001823721841,1313.842829512202,1333.3071677271973,49434100
2025-12-23,1352.7716064453125,1406.2985405132924,1352.7716064453125,1381.968115936938,40766900
2025-12-24,1347.905517578125,1386.8341967861575,1347.905517578125,1362.5037722811371,29651200
2025-12-29,1557.1470947265625,1600.9418567657472,1367.3697925567628,1367.3697925567628,245495500
2025-12-30,1518.2183837890625,1547.4148911696213,1489.0218764085034,1523.0844683524888,73870300
2026-01-02,1600.94189453125,1615.5401488886778,1542.5488771015387,1542.5488771015387,83708700
2026-01-05,1600.94189453125,1639.8705728177242,1576.6114706022036,1615.5401488886778,51541500
2026-01-06,1756.6566162109375,1907.5052453038436,1552.2810542140971,1610.67407192748,246575700
2026-01-07,1805.3175048828125,1839.3800993145637,1766.3888255322397,1795.5853350451694,81287400
2026-01-08,1664.200927734375,1839.379972759046,1639.8705048142817,1800.4512960868967,139761600
2026-01-09,1703.129638671875,1717.727892717634,1635.004453125,1669.0670458984375,67802500
2026-01-12,1888.0408935546875,1922.103486995107,1703.129672020981,1751.790519793009,233409700
2026-01-13,1956.166015625,2043.7555387126865,1897.773000233209,1926.9695079291046,246331900
2026-01-14,1922.103515625,2014.5591277689873,1907.5052610759492,1975.630448971519,83825700
2026-01-15,1926.9696044921875,1985.3626228101327,1907.5052650528726,1975.6304530904752,48021300
2026-01-19,1883.1748046875,1936.7017371204781,1839.3800417877908,1926.9695675872094,50684300
2026-01-20,2004.826904296875,2014.5590737352095,1853.9782780026926,1878.3087015985286,90478900
2026-01-21,1946.4339599609375,2004.8269787597656,1902.6391958618165,1995.094808959961,94603900
2026-01-22,2111.880859375,2131.345199092742,1956.1661416330646,1995.0948210685485,129775400
2026-01-23,2218.9345703125,2238.3989086485744,2024.2911869517543,2121.612878632127,147369200
2026-01-26,2218.9345703125,2257.863246984649,2180.0058936403507,2238.3989086485744,69107600
2026-01-27,2160.541748046875,2228.666938300605,2121.613067901886,2218.934768264358,77736500
2026-01-28,2024.291259765625,2209.2024806096,1844.2461236807014,2034.0234292837288,155198800
2026-01-29,2043.755615234375,2063.2199544270834,1722.5940185546874,2004.8269368489582,207378200
2026-01-30,1931.835693359375,2092.4164940668293,1922.1035236195291,2043.7556453676007,95310700
2026-02-02,1800.451416015625,1917.237453811233,1688.5314631281672,1839.3800952808276,158423000
2026-02-03,1844.24609375,1883.1747711906332,1712.8618073878629,1829.6478397097626,73839100
2026-02-04,1868.5765380859375,1956.1660633087158,1819.9156907399495,1858.84436861674,61250000
2026-02-05,1751.79052734375,1873.442647298177,1746.924442545573,1868.5765625,88357500
2026-02-06,1693.3974609375,1780.9869847790947,1644.736614358836,1659.3348683324352,75251200
2026-02-09,1746.9244384765625,1751.7905232634052,1683.6653362476063,1727.4600993291913,33961400
2026-02-10,1839.3800048828125,1892.906936241836,1732.326142164765,1751.7904808407736,94151000
2026-02-11,1883.1748046875,1892.9069742207687,1810.1835331879845,1849.1122113210595,48376200
2026-02-12,1873.442626953125,1936.7017286424514,1868.5765422077923,1888.0408811891234,37169700
2026-02-13,1815.049560546875,1902.6390835759466,1800.4513067086964,1863.710406674137,47466300
2026-02-18,1912.371337890625,1917.2374227198632,1819.9157261350986,1819.9157261350986,45677700
2026-02-19,1975.63037109375,2024.2912176724137,1888.0408472521551,1917.2373551993533,131628600
2026-02-20,2014.55908203125,2014.55908203125,1931.8356414647494,1975.6304041176027,85280700
2026-02-23,2034.0234375,2043.7556070574162,1975.6304201555024,2024.2912679425838,51440400
2026-02-24,1965.898193359375,2034.023378277769,1956.1660240853187,2024.2912090037128,56621500
2026-02-25,2092.41650390625,2102.1486736918605,1965.898296693314,1965.898296693314,103688300
2026-02-26,2024.291259765625,2102.1486159104566,1931.8356493436372,2102.1486159104566,118703400
2026-02-27,2043.755615234375,2053.487784830729,1941.5678344726562,1975.6304280598958,48542600
2026-03-02,2063.219970703125,2082.684310049381,1965.8982739718456,1995.0947829912295,81056200
2026-03-03,2072.9521484375,2160.5416758362676,2034.0234695936033,2082.684318148474,126545900
2026-03-04,1956.166015625,2063.219877176617,1873.442577153296,2053.487707944652,125243700
2026-03-05,1965.898193359375,2014.5590397296564,1936.701685537206,2004.8268704556,34233600
2026-03-06,1926.9696044921875,1975.6304530904752,1902.6391801930438,1946.4339439315027,26064100
2026-03-09,1892.906982421875,1897.7730672095918,1712.8618452763496,1815.0496258184046,68683900
2026-03-10,1907.5052490234375,1931.8356731181243,1853.978316015127,1907.5052490234375,46967300
2026-03-11,1810.1834716796875,1956.166009718372,1805.317387078398,1922.1034175093457,43084500
2026-03-12,1829.6478271484375,1888.0408429084941,1790.7191499750666,1810.183488561752,53847900
2026-03-13,1888.0408935546875,1931.8356565495126,1810.1835371194427,1829.6478762282538,60204600
2026-03-16,1824.78173828125,1897.7730078124998,1790.7191458333332,1892.9069231770832,30043400
2026-03-17,1912.371337890625,1926.9695923783397,1839.3800654520514,1849.112235110528,68185100
2026-03-25,1956.166015625,1975.6303540889303,1849.1121540733832,1858.8443233053483,70312500
2026-03-26,1892.906982421875,1975.6304238130624,1892.906982421875,1965.8982542376284,22152100
2026-03-27,1917.2374267578125,1946.4339357947335,1892.9070025603785,1902.639172239352,11335700
2026-03-30,1965.898193359375,1995.0947011815438,1907.505177715037,1907.505177715037,87376200
2026-03-31,1931.835693359375,1985.3626269285264,1917.2374387496063,1975.6304571886806,53688200
2026-04-01,1956.166015625,1995.0946925528608,1917.2373386971394,1946.4338463930349,91237500
2026-04-02,1829.6478271484375,1946.4338586685506,1824.781742501766,1946.4338586685506,99539800
2026-04-06,1761.522705078125,1849.1122318499654,1722.5940265128627,1815.0496381053608,70864100
2026-04-07,1669.0670166015625,1780.9869623212007,1664.2009320050563,1771.2547931281888,93855600
2026-04-08,1727.4600830078125,1756.656591453015,1669.0670661174076,1693.397489821743,94952700
2026-04-09,1712.86181640625,1780.987002286044,1703.1296469948509,1732.3261552290483,62915000
2026-04-10,1732.326171875,1746.9244261323736,1717.7279176176264,1717.7279176176264,51148400
2026-04-13,1790.71923828125,1800.4514080545175,1732.326219641644,1742.0583894149115,41071200
2026-04-14,1863.71044921875,1897.7730422854113,1824.78177142828,1834.5139408758976,79387200
2026-04-15,1902.63916015625,1965.8982626678387,1873.4426513047474,1902.63916015625,101871900
2026-04-16,1888.0408935546875,1902.6391478862959,1849.112215337065,1902.6391478862959,47789400
2026-04-17,1883.1748046875,1897.7730589874031,1863.7104656209626,1888.0408894541345,30706900
2026-04-20,1853.978271484375,1888.0408643987862,1849.1121867823163,1883.1747796967275,19839200
2026-04-21,1815.049560546875,1849.1121528359583,1805.3173913214225,1849.1121528359583,36164700
2026-04-22,1805.3175048828125,1834.5140143957422,1795.5853350451694,1819.9157596392772,25625300
2026-04-23,1795.5853271484375,1829.6479214303863,1766.38881776391,1824.781836532965,25486300
2026-04-24,1829.6478271484375,1873.4425889684799,1780.9869806817237,1795.585234621738,48337900
2026-04-27,1839.3800048828125,1868.5765128968253,1834.5139202138103,1849.1121742208168,92119100
2026-04-28,1845.0,1885.0,1840.0,1875.0,22469000
2026-04-29,1860.0,1905.0,1850.0,1850.0,29078600
2026-04-30,1850.0,1875.0,1780.0,1870.0,44570600
2026-05-04,1910.0,1990.0,1830.0,1870.0,74095100
2026-05-05,1880.0,1925.0,1855.0,1920.0,31328700
2026-05-06,1880.0,1900.0,1865.0,1880.0,20755900
2026-05-07,1870.0,1895.0,1845.0,1885.0,18433400
2026-05-08,1825.0,1880.0,1800.0,1880.0,29909500
2026-05-11,1785.0,1830.0,1715.0,1805.0,69303200
2026-05-12,1825.0,1865.0,1765.0,1785.0,30827200
2026-05-13,1775.0,1825.0,1770.0,1825.0,10882900
2026-05-14,1775.0,1775.0,1775.0,1775.0,0
2026-05-15,1775.0,1775.0,1775.0,1775.0,0
2026-05-18,1665.0,1770.0,1605.0,1770.0,56180800
2026-05-19,1530.0,1700.0,1450.0,1685.0,118628500
2026-05-20,1435.0,1520.0,1380.0,1520.0,108619700
2026-05-21,1355.0,1460.0,1320.0,1455.0,63249400
2026-05-22,1480.0,1490.0,1275.0,1340.0,46833800
2026-05-25,1550.0,1620.0,1485.0,1535.0,38980100
2026-05-26,1510.0,1560.0,1495.0,1560.0,15445900
2026-05-27,1510.0,1510.0,1510.0,1510.0,0
2026-05-28,1510.0,1510.0,1510.0,1510.0,0
2026-05-29,1530.0,1670.0,1525.0,1550.0,53493300
2026-06-02,1450.0,1545.0,1440.0,1530.0,42953000
2026-06-03,1305.0,1475.0,1290.0,1450.0,56728300
2026-06-04,1380.0,1425.0,1265.0,1305.0,48988500
2026-06-05,1400.0,1495.0,1365.0,1385.0,66963000
2026-06-08,1450.0,1480.0,1320.0,1360.0,56208800
2026-06-09,1585.0,1615.0,1375.0,1445.0,73525900
2026-06-10,1540.0,1645.0,1535.0,1645.0,45828500
2026-06-11,1465.0,1570.0,1435.0,1515.0,30318000
2026-06-12,1575.0,1640.0,1485.0,1495.0,43266800
2026-06-15,1660.0,1695.0,1580.0,1620.0,63998000
2026-06-17,1600.0,1685.0,1590.0,1660.0,23919800
2026-06-18,1600.0,1630.0,1575.0,1605.0,12155500
2026-06-19,1515.0,1605.0,1515.0,1605.0,77093200
2026-06-22,1530.0,1580.0,1515.0,1535.0,20502000
2026-06-23,1525.0,1540.0,1480.0,1535.0,9763900
2026-06-24,1440.0,1530.0,1425.0,1525.0,25313900
2026-06-25,1395.0,1450.0,1375.0,1440.0,41079800
2026-06-26,1365.0,1410.0,1330.0,1400.0,29328500
2026-06-29,1365.0,1390.0,1355.0,1355.0,9282400
2026-06-30,1345.0,1405.0,1330.0,1365.0,25923200
2026-07-01,1380.0,1410.0,1340.0,1345.0,9913900
2026-07-02,1380.0,1420.0,1370.0,1390.0,12560700
2026-07-03,1445.0,1460.0,1390.0,1390.0,17341000
2026-07-06,1420.0,1455.0,1405.0,1450.0,10453100
2026-07-07,1415.0,1430.0,1400.0,1430.0,6843700
2026-07-08,1385.0,1415.0,1385.0,1415.0,12072700
2026-07-09,1415.0,1435.0,1385.0,1385.0,15137700
2026-07-10,1450.0,1465.0,1415.0,1425.0,17377700
2026-07-13,1500.0,1500.0,1425.0,1460.0,18827800
2026-07-14,1500.0,1535.0,1490.0,1510.0,24204600
2026-07-15,1515.0,1535.0,1500.0,1515.0,16718100
2026-07-16,1530.0,1555.0,1500.0,1515.0,29685600
2026-07-17,1530.0,1540.0,1515.0,1530.0,9707300
2026-07-20,1560.0,1595.0,1520.0,1535.0,27589500
2026-07-21,1545.0,1570.0,1535.0,1560.0,24892400
2026-07-22,1550.0,1595.0,1540.0,1550.0,31722900
2026-07-23,1570.0,1625.0,1545.0,1560.0,49398300
2026-07-24,1480.0,1550.0,1450.0,1550.0,46336700
2026-07-27,1475.0,1515.0,1460.0,1480.0,19664000
2026-07-28,1470.0,1520.0,1460.0,1475.0,26240500
2026-07-29,1440.0,1495.0,1420.0,1490.0,30649700
2026-07-30,1490.0,1510.0,1440.0,1445.0,38175300
2026-07-31,1515.0,1525.0,1490.0,1505.0,29821500
2026-08-03,1500.0,1540.0,1485.0,1540.0,17199900
2026-08-04,1605.0,1610.0,1505.0,1510.0,50766400
2026-08-05,1615.0,1655.0,1595.0,1610.0,76912000
2026-08-06,1595.0,1650.0,1590.0,1620.0,21220700
2026-08-07,1620.0,1630.0,1590.0,1600.0,21433500
2026-08-10,1595.0,1630.0,1575.0,1620.0,19879500
2026-08-11,1570.0,1605.0,1545.0,1595.0,24035100
2026-08-12,1615.0,1615.0,1560.0,1570.0,22234200
2026-08-13,1570.0,1620.0,1565.0,1610.0,11889200
2026-08-14,1680.0,1700.0,1565.0,1575.0,46612300
2026-08-18,1675.0,1740.0,1675.0,1685.0,44064800
2026-08-19,1635.0,1670.0,1630.0,1670.0,30403700
2026-08-20,1690.0,1705.0,1645.0,1655.0,31002000
2026-08-21,1675.0,1700.0,1665.0,1690.0,15683700
2026-08-24,1680.0,1725.0,1675.0,1680.0,39371200
2026-08-26,1685.0,1725.0,1680.0,1710.0,46383900
2026-08-27,1720.0,1740.0,1650.0,1680.0,28323400
2026-08-28,1710.0,1780.0,1685.0,1735.0,35603700
2026-08-31,1750.0,1785.0,1665.0,1695.0,56111600
2026-09-01,1685.0,1765.0,1670.0,1755.0,52603300
2026-09-02,1595.0,1670.0,1575.0,1670.0,112879900
2026-09-03,1660.0,1670.0,1600.0,1600.0,56468500
2026-09-04,1655.0,1670.0,1625.0,1665.0,25229600
2026-09-07,1645.0,1670.0,1630.0,1655.0,17833800
2026-09-08,1635.0,1660.0,1625.0,1640.0,27448600
2026-09-09,1675.0,1685.0,1635.0,1640.0,36754200
2026-09-10,1645.0,1700.0,1640.0,1690.0,35971600
2026-09-11,1600.0,1645.0,1585.0,1645.0,37918600
2026-09-14,1595.0,1610.0,1560.0,1600.0,26575400
2026-09-15,1580.0,1605.0,1575.0,1600.0,16604600
2026-09-16,1510.0,1615.0,1510.0,1580.0,66181500
2026-09-17,1570.0,1590.0,1505.0,1510.0,40031500
2026-09-18,1590.0,1600.0,1570.0,1590.0,24515300
2026-09-21,1535.0,1595.0,1535.0,1590.0,25188800
2026-09-22,1520.0,1570.0,1510.0,1530.0,23520200
2026-09-23,1560.0,1570.0,1530.0,1530.0,21588000
2026-09-24,1535.0,1560.0,1530.0,1560.0,11022400
2026-09-25,1525.0,1545.0,1520.0,1535.0,10202200
2026-09-28,1525.0,1560.0,1510.0,1520.0,11012600
2026-09-29,1475.0,1535.0,1475.0,1530.0,3960100
