date,Close,High,Low,Open,Volume
2018-06-01,20.963167190551758,20.963167190551758,20.963167190551758,20.963167190551758,0
2018-06-04,20.963167190551758,20.963167190551758,20.963167190551758,20.963167190551758,0
2018-06-05,20.963167190551758,20.963167190551758,20.963167190551758,20.963167190551758,0
2018-06-06,20.46404457092285,21.58707046508789,18.717113494873047,21.58707046508789,187528
2018-06-07,20.2144832611084,20.2144832611084,18.717113494873047,20.2144832611084,38467
2018-06-08,20.089702606201172,21.21272850036621,18.717113494873047,21.21272850036621,84948
2018-06-11,20.089702606201172,20.089702606201172,20.089702606201172,20.089702606201172,0
2018-06-12,20.089702606201172,20.089702606201172,20.089702606201172,20.089702606201172,0
2018-06-13,20.089702606201172,20.089702606201172,20.089702606201172,20.089702606201172,0
2018-06-14,20.089702606201172,20.089702606201172,20.089702606201172,20.089702606201172,0
2018-06-15,20.089702606201172,20.089702606201172,20.089702606201172,20.089702606201172,0
2018-06-18,20.089702606201172,20.089702606201172,20.089702606201172,20.089702606201172,0
2018-06-19,20.089702606201172,20.089702606201172,20.089702606201172,20.089702606201172,0
2018-06-20,19.715360641479492,21.21272850036621,19.715360641479492,21.21272850036621,48084
2018-06-21,19.216236114501953,20.963167190551758,19.216236114501953,20.963167190551758,48885
2018-06-22,18.717113494873047,19.964921951293945,18.717113494873047,19.964921951293945,24843
2018-06-25,19.465797424316406,21.21272850036621,18.9666748046875,19.964921951293945,770150
2018-06-26,20.2144832611084,20.339263916015625,18.21799087524414,20.339263916015625,82544
2018-06-27,20.2144832611084,20.2144832611084,20.2144832611084,20.2144832611084,0
2018-06-28,20.46404457092285,21.21272850036621,19.715360641479492,21.21272850036621,11219
2018-06-29,20.339263916015625,21.58707046508789,18.21799087524414,21.58707046508789,69722
2018-07-02,20.2144832611084,20.963167190551758,19.216236114501953,20.963167190551758,164288
2018-07-03,19.840139389038086,20.963167190551758,17.46930694580078,20.963167190551758,44077
2018-07-04,19.34101676940918,19.840139389038086,19.091455459594727,19.091455459594727,75332
2018-07-05,20.588825225830078,20.588825225830078,17.968429565429688,20.588825225830078,13623
2018-07-06,21.21272850036621,21.21272850036621,18.093210220336914,21.21272850036621,828653
2018-07-09,20.83838653564453,20.83838653564453,20.713605880737305,20.83838653564453,12021
2018-07-10,19.465797424316406,20.2144832611084,18.717113494873047,19.465797424316406,207564
2018-07-11,18.717113494873047,20.588825225830078,18.21799087524414,20.588825225830078,61708
2018-07-12,19.715360641479492,20.339263916015625,18.717113494873047,18.717113494873047,345405
2018-07-13,19.715360641479492,19.715360641479492,19.715360641479492,19.715360641479492,0
2018-07-16,18.342771530151367,18.717113494873047,18.093210220336914,18.717113494873047,16028
2018-07-17,19.216236114501953,19.465797424316406,18.467552185058594,19.465797424316406,38467
2018-07-18,20.089702606201172,20.339263916015625,18.717113494873047,20.339263916015625,52892
2018-07-19,20.089702606201172,20.089702606201172,20.089702606201172,20.089702606201172,0
2018-07-20,20.089702606201172,20.089702606201172,20.089702606201172,20.089702606201172,0
2018-07-23,20.089702606201172,20.089702606201172,20.089702606201172,20.089702606201172,0
2018-07-24,20.339263916015625,21.58707046508789,18.717113494873047,21.58707046508789,133834
2018-07-25,20.339263916015625,20.339263916015625,20.339263916015625,20.339263916015625,0
2018-07-26,20.339263916015625,20.339263916015625,20.339263916015625,20.339263916015625,0
2018-07-27,20.713605880737305,21.58707046508789,20.713605880737305,21.58707046508789,21637
2018-07-30,20.46404457092285,21.087947845458984,20.46404457092285,21.087947845458984,108991
2018-07-31,19.465797424316406,20.963167190551758,19.465797424316406,20.963167190551758,1602
2018-08-01,19.964921951293945,20.46404457092285,18.717113494873047,20.339263916015625,95367
2018-08-02,19.964921951293945,19.964921951293945,19.964921951293945,19.964921951293945,1602
2018-08-03,19.964921951293945,19.964921951293945,19.964921951293945,19.964921951293945,0
2018-08-06,20.588825225830078,21.836631774902344,19.964921951293945,21.836631774902344,16829
2018-08-07,20.2144832611084,21.087947845458984,20.2144832611084,21.087947845458984,131430
2018-08-08,20.2144832611084,21.21272850036621,18.841894149780273,21.21272850036621,2890670
2018-08-09,20.2144832611084,20.963167190551758,20.2144832611084,20.963167190551758,2404
2018-08-10,20.588825225830078,21.087947845458984,20.588825225830078,21.087947845458984,10418
2018-08-13,20.46404457092285,21.58707046508789,19.465797424316406,21.58707046508789,2404
2018-08-14,20.46404457092285,20.46404457092285,20.46404457092285,20.46404457092285,0
2018-08-15,19.840139389038086,21.21272850036621,17.7188663482666,21.21272850036621,1333538
2018-08-16,20.2144832611084,20.83838653564453,17.594087600708008,20.83838653564453,143451
2018-08-17,20.2144832611084,20.2144832611084,20.2144832611084,20.2144832611084,0
2018-08-20,20.2144832611084,20.2144832611084,20.2144832611084,20.2144832611084,0
2018-08-21,20.2144832611084,20.2144832611084,20.2144832611084,20.2144832611084,0
2018-08-22,20.2144832611084,20.2144832611084,20.2144832611084,20.2144832611084,0
2018-08-23,19.964921951293945,20.588825225830078,17.46930694580078,20.588825225830078,2404
2018-08-24,21.21272850036621,21.21272850036621,19.964921951293945,19.964921951293945,82544
2018-08-27,21.21272850036621,21.21272850036621,21.21272850036621,21.21272850036621,0
2018-08-28,21.21272850036621,21.21272850036621,21.21272850036621,21.21272850036621,0
2018-08-29,21.21272850036621,21.21272850036621,21.21272850036621,21.21272850036621,0
2018-08-30,21.21272850036621,21.21272850036621,21.21272850036621,21.21272850036621,0
2018-08-31,21.21272850036621,21.21272850036621,21.21272850036621,21.21272850036621,0
2018-09-03,21.21272850036621,21.21272850036621,21.21272850036621,21.21272850036621,0
2018-09-04,21.21272850036621,21.21272850036621,21.21272850036621,21.21272850036621,0
2018-09-05,21.21272850036621,21.21272850036621,21.21272850036621,21.21272850036621,0
2018-09-06,21.21272850036621,21.21272850036621,21.21272850036621,21.21272850036621,0
2018-09-07,21.21272850036621,21.21272850036621,21.21272850036621,21.21272850036621,0
2018-09-10,21.21272850036621,21.21272850036621,21.21272850036621,21.21272850036621,0
2018-09-11,21.21272850036621,21.21272850036621,21.21272850036621,21.21272850036621,0
2018-09-12,21.21272850036621,21.21272850036621,21.21272850036621,21.21272850036621,0
2018-09-13,21.21272850036621,21.21272850036621,21.21272850036621,21.21272850036621,0
2018-09-14,21.21272850036621,21.21272850036621,21.21272850036621,21.21272850036621,0
2018-09-17,21.711851119995117,22.710098266601562,21.711851119995117,22.710098266601562,108189
2018-09-18,22.335756301879883,22.959659576416016,19.840139389038086,22.959659576416016,88154
2018-09-19,17.09496307373047,22.086193084716797,17.09496307373047,22.086193084716797,1602
2018-09-20,19.216236114501953,20.089702606201172,17.09496307373047,17.594087600708008,360632
2018-09-21,19.34101676940918,25.45527458190918,19.216236114501953,20.46404457092285,68119
2018-09-24,19.840139389038086,20.83838653564453,17.09496307373047,17.09496307373047,24843
2018-09-25,19.715360641479492,19.964921951293945,17.46930694580078,19.964921951293945,41673
2018-09-26,19.964921951293945,19.964921951293945,18.093210220336914,19.964921951293945,162685
2018-09-27,19.964921951293945,19.964921951293945,18.841894149780273,18.841894149780273,167493
2018-09-28,19.840139389038086,19.964921951293945,18.841894149780273,19.964921951293945,3205
2018-10-01,19.840139389038086,19.840139389038086,18.093210220336914,18.093210220336914,8815
2018-10-02,19.840139389038086,19.840139389038086,19.840139389038086,19.840139389038086,0
2018-10-03,18.841894149780273,21.21272850036621,15.223252296447754,21.21272850036621,96168
2018-10-04,20.83838653564453,21.711851119995117,19.964921951293945,21.711851119995117,32857
2018-10-05,20.588825225830078,20.588825225830078,20.588825225830078,20.588825225830078,801
2018-10-08,19.840139389038086,20.588825225830078,19.840139389038086,20.588825225830078,8014
2018-10-09,21.711851119995117,21.711851119995117,18.9666748046875,21.711851119995117,131430
2018-10-10,20.2144832611084,22.959659576416016,18.342771530151367,21.711851119995117,581820
2018-10-11,20.46404457092285,22.959659576416016,18.717113494873047,20.2144832611084,2041180
2018-10-12,20.46404457092285,20.46404457092285,20.46404457092285,20.46404457092285,0
2018-10-15,19.590578079223633,21.711851119995117,19.465797424316406,21.711851119995117,114601
2018-10-16,19.840139389038086,21.58707046508789,18.9666748046875,21.58707046508789,185124
2018-10-17,19.964921951293945,20.2144832611084,18.9666748046875,20.2144832611084,23240
2018-10-18,20.46404457092285,21.462289810180664,19.964921951293945,20.2144832611084,68119
2018-10-19,19.590578079223633,21.087947845458984,19.465797424316406,20.46404457092285,19233
2018-10-22,19.216236114501953,19.964921951293945,18.717113494873047,18.717113494873047,417532
2018-10-23,19.216236114501953,19.840139389038086,19.216236114501953,19.216236114501953,32857
2018-10-24,18.9666748046875,18.9666748046875,18.093210220336914,18.9666748046875,135437
2018-10-25,18.9666748046875,18.9666748046875,18.9666748046875,18.9666748046875,0
2018-10-26,18.9666748046875,19.34101676940918,18.467552185058594,19.34101676940918,17630
2018-10-29,19.590578079223633,19.964921951293945,18.467552185058594,19.964921951293945,21637
2018-10-30,21.087947845458984,24.20746612548828,18.717113494873047,20.46404457092285,1145208
2018-10-31,20.83838653564453,21.711851119995117,19.216236114501953,21.711851119995117,84147
2018-11-01,20.713605880737305,20.713605880737305,20.2144832611084,20.46404457092285,24843
2018-11-02,20.588825225830078,20.588825225830078,17.46930694580078,19.465797424316406,14425
2018-11-05,19.465797424316406,20.588825225830078,19.465797424316406,20.46404457092285,108189
2018-11-06,20.46404457092285,20.46404457092285,19.465797424316406,20.46404457092285,7212
2018-11-07,19.715360641479492,20.2144832611084,18.9666748046875,18.9666748046875,2404
2018-11-08,19.34101676940918,20.46404457092285,18.9666748046875,18.9666748046875,14425
2018-11-09,19.465797424316406,20.2144832611084,18.9666748046875,18.9666748046875,45680
2018-11-12,19.964921951293945,19.964921951293945,18.9666748046875,18.9666748046875,39268
2018-11-13,19.964921951293945,26.95264434814453,18.9666748046875,19.964921951293945,211571
2018-11-14,20.339263916015625,22.460535049438477,19.715360641479492,19.715360641479492,185926
2018-11-15,19.715360641479492,24.20746612548828,18.9666748046875,18.9666748046875,11219
2018-11-16,23.708343505859375,24.831371307373047,19.465797424316406,20.713605880737305,117005
2018-11-19,22.210975646972656,23.8331241607666,20.089702606201172,23.8331241607666,119409
2018-11-20,22.210975646972656,22.210975646972656,22.210975646972656,22.210975646972656,0
2018-11-21,22.83487892150879,23.58356285095215,19.964921951293945,19.964921951293945,68920
2018-11-22,21.58707046508789,26.453521728515625,20.2144832611084,26.453521728515625,360632
2018-11-23,21.58707046508789,21.58707046508789,21.58707046508789,21.58707046508789,0
2018-11-26,22.210975646972656,22.959659576416016,21.711851119995117,22.959659576416016,10418
2018-11-27,21.337509155273438,25.205713272094727,21.337509155273438,25.205713272094727,12021
2018-11-28,21.337509155273438,21.337509155273438,21.337509155273438,21.337509155273438,0
2018-11-29,21.337509155273438,21.337509155273438,21.337509155273438,21.337509155273438,0
2018-11-30,21.21272850036621,24.082685470581055,19.34101676940918,24.082685470581055,258854
2018-12-03,22.710098266601562,26.453521728515625,18.9666748046875,22.460535049438477,26446
2018-12-04,22.959659576416016,23.708343505859375,22.335756301879883,22.710098266601562,106586
2018-12-05,22.959659576416016,22.959659576416016,22.959659576416016,22.959659576416016,0
2018-12-06,21.462289810180664,21.462289810180664,20.089702606201172,21.337509155273438,30453
2018-12-07,23.708343505859375,23.708343505859375,20.713605880737305,20.713605880737305,32857
2018-12-10,23.708343505859375,23.708343505859375,23.708343505859375,23.708343505859375,0
2018-12-11,23.708343505859375,23.708343505859375,23.708343505859375,23.708343505859375,0
2018-12-12,23.708343505859375,23.708343505859375,23.708343505859375,23.708343505859375,0
2018-12-13,23.708343505859375,23.708343505859375,23.708343505859375,23.708343505859375,0
2018-12-14,21.836631774902344,21.836631774902344,21.836631774902344,21.836631774902344,80140
2018-12-17,22.959659576416016,23.708343505859375,21.836631774902344,21.836631774902344,6411
2018-12-18,24.20746612548828,26.20395851135254,19.964921951293945,24.20746612548828,198748
2018-12-19,21.711851119995117,23.20922088623047,20.713605880737305,23.20922088623047,201954
2018-12-20,29.19869613647461,29.19869613647461,21.711851119995117,21.711851119995117,12465062
2018-12-21,22.460535049438477,32.442996978759766,22.086193084716797,29.19869613647461,19564714
2018-12-24,22.460535049438477,22.460535049438477,22.460535049438477,22.460535049438477,0
2018-12-25,22.460535049438477,22.460535049438477,22.460535049438477,22.460535049438477,0
2018-12-26,22.210975646972656,23.58356285095215,22.210975646972656,22.585317611694336,5361403
2018-12-27,22.83487892150879,23.084440231323242,21.836631774902344,21.836631774902344,3346669
2018-12-28,22.959659576416016,24.95615005493164,21.836631774902344,22.959659576416016,1634867
2018-12-31,22.959659576416016,22.959659576416016,22.959659576416016,22.959659576416016,0
2019-01-01,22.959659576416016,22.959659576416016,22.959659576416016,22.959659576416016,0
2019-01-02,23.458782196044922,24.831371307373047,21.96141242980957,23.58356285095215,5322936
2019-01-03,22.710098266601562,23.458782196044922,22.210975646972656,23.458782196044922,2376167
2019-01-04,22.83487892150879,23.334001541137695,22.460535049438477,22.710098266601562,3278550
2019-01-07,22.210975646972656,24.33224868774414,21.21272850036621,23.458782196044922,2818543
2019-01-08,22.460535049438477,23.58356285095215,21.836631774902344,22.710098266601562,4704250
2019-01-09,21.836631774902344,23.20922088623047,21.836631774902344,23.20922088623047,997749
2019-01-10,22.335756301879883,22.83487892150879,21.836631774902344,22.83487892150879,1271830
2019-01-11,22.460535049438477,22.710098266601562,22.086193084716797,22.460535049438477,2459513
2019-01-14,22.585317611694336,24.20746612548828,21.337509155273438,22.460535049438477,4855716
2019-01-15,22.210975646972656,23.20922088623047,21.836631774902344,23.20922088623047,4713867
2019-01-16,21.96141242980957,22.959659576416016,21.836631774902344,22.959659576416016,5387048
2019-01-17,22.460535049438477,22.83487892150879,21.836631774902344,22.210975646972656,972104
2019-01-18,21.836631774902344,23.708343505859375,21.711851119995117,23.708343505859375,644330
2019-01-21,21.836631774902344,22.210975646972656,21.087947845458984,22.086193084716797,1332737
2019-01-22,21.836631774902344,22.086193084716797,21.21272850036621,22.086193084716797,537743
2019-01-23,20.83838653564453,21.462289810180664,19.840139389038086,21.21272850036621,3137502
2019-01-24,20.713605880737305,20.83838653564453,20.588825225830078,20.83838653564453,252442
2019-01-25,20.713605880737305,20.713605880737305,20.713605880737305,20.713605880737305,0
2019-01-28,21.087947845458984,21.836631774902344,20.83838653564453,21.711851119995117,106586
2019-01-29,21.337509155273438,21.58707046508789,20.588825225830078,21.087947845458984,749314
2019-01-30,20.83838653564453,21.337509155273438,20.713605880737305,21.337509155273438,201152
2019-01-31,20.83838653564453,20.83838653564453,20.83838653564453,20.83838653564453,0
2019-02-01,21.337509155273438,21.337509155273438,20.963167190551758,20.963167190551758,482446
2019-02-04,21.087947845458984,21.087947845458984,20.963167190551758,20.963167190551758,36864
2019-02-05,21.087947845458984,21.087947845458984,21.087947845458984,21.087947845458984,0
2019-02-06,20.713605880737305,20.963167190551758,20.588825225830078,20.963167190551758,700428
2019-02-07,21.087947845458984,21.21272850036621,20.713605880737305,20.83838653564453,36063
2019-02-08,21.087947845458984,21.087947845458984,21.087947845458984,21.087947845458984,0
2019-02-11,20.46404457092285,20.83838653564453,20.46404457092285,20.588825225830078,258854
2019-02-12,20.588825225830078,20.588825225830078,20.588825225830078,20.588825225830078,153869
2019-02-13,20.963167190551758,20.963167190551758,20.588825225830078,20.588825225830078,14425
2019-02-14,20.713605880737305,20.713605880737305,20.46404457092285,20.713605880737305,2404
2019-02-15,20.588825225830078,20.713605880737305,20.588825225830078,20.713605880737305,16829
2019-02-18,20.339263916015625,20.713605880737305,20.339263916015625,20.713605880737305,2404
2019-02-19,20.963167190551758,21.087947845458984,20.46404457092285,20.46404457092285,24843
2019-02-20,20.83838653564453,20.83838653564453,20.339263916015625,20.46404457092285,71325
2019-02-21,20.83838653564453,20.83838653564453,20.588825225830078,20.83838653564453,861511
2019-02-22,20.83838653564453,20.83838653564453,20.83838653564453,20.83838653564453,0
2019-02-25,20.588825225830078,20.83838653564453,20.588825225830078,20.83838653564453,13623
2019-02-26,20.588825225830078,20.588825225830078,20.588825225830078,20.588825225830078,0
2019-02-27,20.46404457092285,20.46404457092285,20.46404457092285,20.46404457092285,20035
2019-02-28,20.46404457092285,20.46404457092285,20.46404457092285,20.46404457092285,0
2019-03-01,20.46404457092285,20.46404457092285,20.46404457092285,20.46404457092285,0
2019-03-04,20.588825225830078,20.588825225830078,20.588825225830078,20.588825225830078,1602
2019-03-05,20.46404457092285,20.46404457092285,20.46404457092285,20.46404457092285,8014
2019-03-06,20.83838653564453,21.21272850036621,19.216236114501953,20.339263916015625,103381
2019-03-07,20.83838653564453,20.83838653564453,20.83838653564453,20.83838653564453,0
2019-03-08,20.83838653564453,20.83838653564453,20.83838653564453,20.83838653564453,0
2019-03-11,20.83838653564453,20.83838653564453,20.83838653564453,20.83838653564453,0
2019-03-12,20.83838653564453,20.83838653564453,20.83838653564453,20.83838653564453,0
2019-03-13,20.339263916015625,20.339263916015625,20.339263916015625,20.339263916015625,1602
2019-03-14,19.590578079223633,21.087947845458984,19.590578079223633,20.339263916015625,112998
2019-03-15,20.588825225830078,20.713605880737305,19.590578079223633,19.590578079223633,5609
2019-03-18,20.588825225830078,20.588825225830078,20.588825225830078,20.588825225830078,0
2019-03-19,20.588825225830078,20.588825225830078,20.588825225830078,20.588825225830078,0
2019-03-20,20.339263916015625,20.339263916015625,19.964921951293945,19.964921951293945,4007
2019-03-21,20.339263916015625,20.339263916015625,20.339263916015625,20.339263916015625,0
2019-03-22,20.339263916015625,20.339263916015625,20.339263916015625,20.339263916015625,0
2019-03-25,20.588825225830078,20.713605880737305,17.46930694580078,20.588825225830078,6411
2019-03-26,18.093210220336914,20.713605880737305,16.221498489379883,20.46404457092285,455999
2019-03-27,19.34101676940918,19.964921951293945,17.46930694580078,19.964921951293945,296520
2019-03-28,18.467552185058594,19.964921951293945,16.221498489379883,19.964921951293945,76934
2019-03-29,18.717113494873047,19.964921951293945,18.467552185058594,18.467552185058594,173905
2019-04-01,19.34101676940918,19.34101676940918,17.7188663482666,17.7188663482666,149061
2019-04-02,19.34101676940918,19.34101676940918,16.471059799194336,16.471059799194336,100175
2019-04-03,19.34101676940918,19.34101676940918,19.34101676940918,19.34101676940918,0
2019-04-04,19.34101676940918,19.34101676940918,19.34101676940918,19.34101676940918,0
2019-04-05,19.34101676940918,19.34101676940918,19.34101676940918,19.34101676940918,801
2019-04-08,19.34101676940918,19.34101676940918,19.34101676940918,19.34101676940918,6411
2019-04-09,18.21799087524414,20.83838653564453,18.21799087524414,20.83838653564453,5609
2019-04-10,19.964921951293945,21.21272850036621,19.964921951293945,21.21272850036621,4007
2019-04-11,19.216236114501953,19.216236114501953,18.717113494873047,18.841894149780273,50488
2019-04-12,18.093210220336914,19.465797424316406,18.093210220336914,19.216236114501953,75332
2019-04-15,20.588825225830078,20.963167190551758,18.093210220336914,18.093210220336914,8014
2019-04-16,20.089702606201172,20.588825225830078,19.590578079223633,20.588825225830078,85750
2019-04-17,20.089702606201172,20.089702606201172,20.089702606201172,20.089702606201172,0
2019-04-18,20.46404457092285,20.46404457092285,20.46404457092285,20.46404457092285,801
2019-04-19,20.46404457092285,20.46404457092285,20.46404457092285,20.46404457092285,0
2019-04-22,19.216236114501953,19.216236114501953,19.216236114501953,19.216236114501953,801
2019-04-23,20.339263916015625,20.339263916015625,19.216236114501953,19.216236114501953,2404
2019-04-24,20.339263916015625,20.339263916015625,20.339263916015625,20.339263916015625,0
2019-04-25,20.339263916015625,20.339263916015625,20.339263916015625,20.339263916015625,0
2019-04-26,20.2144832611084,20.2144832611084,20.2144832611084,20.2144832611084,3205
2019-04-29,18.717113494873047,18.841894149780273,18.59233283996582,18.59233283996582,6411
2019-04-30,20.089702606201172,20.089702606201172,17.7188663482666,17.7188663482666,12021
2019-05-01,20.089702606201172,20.089702606201172,20.089702606201172,20.089702606201172,0
2019-05-02,19.964921951293945,19.964921951293945,18.841894149780273,18.841894149780273,2404
2019-05-03,19.964921951293945,19.964921951293945,19.964921951293945,19.964921951293945,8815
2019-05-06,19.964921951293945,19.964921951293945,19.964921951293945,19.964921951293945,0
2019-05-07,19.840139389038086,19.840139389038086,18.841894149780273,18.841894149780273,1602
2019-05-08,19.964921951293945,19.964921951293945,18.841894149780273,19.091455459594727,181919
2019-05-09,19.590578079223633,19.840139389038086,17.7188663482666,19.840139389038086,95367
2019-05-10,19.590578079223633,19.590578079223633,19.590578079223633,19.590578079223633,16028
2019-05-13,18.9666748046875,19.590578079223633,18.9666748046875,19.590578079223633,10418
2019-05-14,19.590578079223633,19.590578079223633,18.9666748046875,18.9666748046875,28049
2019-05-15,19.465797424316406,19.465797424316406,19.091455459594727,19.091455459594727,4808
2019-05-16,19.590578079223633,19.590578079223633,19.34101676940918,19.465797424316406,67318
2019-05-17,19.715360641479492,19.715360641479492,19.590578079223633,19.590578079223633,8014
2019-05-20,20.339263916015625,20.339263916015625,19.715360641479492,19.715360641479492,1602
2019-05-21,20.2144832611084,20.2144832611084,20.2144832611084,20.2144832611084,4007
2019-05-22,19.964921951293945,19.964921951293945,18.467552185058594,19.964921951293945,5609
2019-05-23,19.840139389038086,19.840139389038086,17.84364891052246,17.84364891052246,8014
2019-05-24,19.840139389038086,19.840139389038086,19.840139389038086,19.840139389038086,1602
2019-05-27,19.590578079223633,19.715360641479492,19.34101676940918,19.34101676940918,58502
2019-05-28,19.590578079223633,19.590578079223633,18.841894149780273,19.590578079223633,64112
2019-05-29,18.342771530151367,19.964921951293945,18.342771530151367,19.715360641479492,88956
2019-05-30,18.342771530151367,18.342771530151367,18.342771530151367,18.342771530151367,0
2019-05-31,19.091455459594727,19.34101676940918,17.84364891052246,18.21799087524414,172302
2019-06-03,19.091455459594727,19.091455459594727,19.091455459594727,19.091455459594727,0
2019-06-04,19.091455459594727,19.091455459594727,19.091455459594727,19.091455459594727,0
2019-06-05,19.091455459594727,19.091455459594727,19.091455459594727,19.091455459594727,0
2019-06-06,19.091455459594727,19.091455459594727,19.091455459594727,19.091455459594727,0
2019-06-07,19.091455459594727,19.091455459594727,19.091455459594727,19.091455459594727,0
2019-06-10,21.58707046508789,22.460535049438477,17.46930694580078,19.091455459594727,371050
2019-06-11,18.467552185058594,20.83838653564453,18.467552185058594,20.46404457092285,2404
2019-06-12,19.34101676940918,19.590578079223633,18.59233283996582,19.590578079223633,228400
2019-06-13,19.964921951293945,19.964921951293945,18.342771530151367,19.590578079223633,196344
2019-06-14,20.339263916015625,20.963167190551758,18.841894149780273,20.963167190551758,280491
2019-06-17,21.58707046508789,21.58707046508789,21.58707046508789,21.58707046508789,801
2019-06-18,21.21272850036621,21.21272850036621,21.21272850036621,21.21272850036621,801
2019-06-19,20.963167190551758,20.963167190551758,19.964921951293945,20.963167190551758,19233
2019-06-20,20.963167190551758,20.963167190551758,20.963167190551758,20.963167190551758,0
2019-06-21,20.963167190551758,20.963167190551758,20.83838653564453,20.83838653564453,53694
2019-06-24,20.588825225830078,20.588825225830078,18.717113494873047,19.590578079223633,108189
2019-06-25,20.588825225830078,20.588825225830078,19.34101676940918,20.46404457092285,51289
2019-06-26,20.83838653564453,21.836631774902344,19.964921951293945,21.836631774902344,6411
2019-06-27,20.588825225830078,20.588825225830078,20.588825225830078,20.588825225830078,801
2019-06-28,20.83838653564453,21.21272850036621,17.46930694580078,21.21272850036621,119409
2019-07-01,20.83838653564453,20.83838653564453,19.590578079223633,19.590578079223633,32056
2019-07-02,18.59233283996582,21.836631774902344,18.467552185058594,21.836631774902344,101778
2019-07-03,20.2144832611084,20.83838653564453,19.34101676940918,19.34101676940918,48885
2019-07-04,19.840139389038086,19.840139389038086,19.840139389038086,19.840139389038086,4007
2019-07-05,19.840139389038086,19.840139389038086,19.465797424316406,19.465797424316406,9616
2019-07-08,20.588825225830078,20.713605880737305,19.34101676940918,19.34101676940918,534537
2019-07-09,21.462289810180664,21.462289810180664,19.465797424316406,19.465797424316406,520913
2019-07-10,19.964921951293945,21.337509155273438,19.34101676940918,21.337509155273438,125019
2019-07-11,22.460535049438477,22.460535049438477,22.460535049438477,22.460535049438477,801
2019-07-12,21.337509155273438,22.460535049438477,21.337509155273438,22.460535049438477,322165
2019-07-15,21.337509155273438,21.337509155273438,21.337509155273438,21.337509155273438,801
2019-07-16,20.963167190551758,21.087947845458984,20.963167190551758,21.087947845458984,103381
2019-07-17,21.087947845458984,21.836631774902344,20.963167190551758,20.963167190551758,413525
2019-07-18,21.21272850036621,22.460535049438477,21.087947845458984,22.460535049438477,185124
2019-07-19,21.21272850036621,21.21272850036621,21.21272850036621,21.21272850036621,801
2019-07-22,21.337509155273438,21.337509155273438,21.337509155273438,21.337509155273438,442375
2019-07-23,21.337509155273438,21.337509155273438,21.21272850036621,21.21272850036621,1186881
2019-07-24,21.337509155273438,21.337509155273438,20.963167190551758,20.963167190551758,2421847
2019-07-25,21.337509155273438,21.337509155273438,21.337509155273438,21.337509155273438,0
2019-07-26,20.588825225830078,20.713605880737305,20.588825225830078,20.713605880737305,180316
2019-07-29,20.588825225830078,20.588825225830078,20.588825225830078,20.588825225830078,0
2019-07-30,21.337509155273438,21.337509155273438,21.337509155273438,21.337509155273438,37666
2019-07-31,21.337509155273438,21.337509155273438,21.21272850036621,21.21272850036621,9616
2019-08-01,23.708343505859375,23.708343505859375,22.460535049438477,23.084440231323242,587430
2019-08-02,23.957904815673828,25.205713272094727,23.708343505859375,23.708343505859375,1724624
2019-08-05,23.708343505859375,24.33224868774414,23.708343505859375,23.708343505859375,1142002
2019-08-06,23.708343505859375,23.708343505859375,23.084440231323242,23.708343505859375,710846
2019-08-07,23.58356285095215,23.58356285095215,23.334001541137695,23.334001541137695,346207
2019-08-08,23.8331241607666,23.8331241607666,23.084440231323242,23.084440231323242,448787
2019-08-09,24.33224868774414,24.33224868774414,23.8331241607666,24.082685470581055,1112350
2019-08-12,27.70132827758789,28.699573516845703,24.95615005493164,26.95264434814453,452794
2019-08-13,34.43948745727539,34.43948745727539,28.699573516845703,28.699573516845703,4851709
2019-08-14,42.92457962036133,42.92457962036133,34.93861389160156,34.93861389160156,137040
2019-08-15,53.65572738647461,53.65572738647461,45.66975784301758,45.66975784301758,652344
2019-08-16,66.75770568847656,66.75770568847656,66.13380432128906,66.13380432128906,88154
2019-08-19,82.97920227050781,82.97920227050781,67.38160705566406,67.38160705566406,343001
2019-08-20,82.97920227050781,82.97920227050781,82.97920227050781,82.97920227050781,0
2019-08-21,103.56803131103516,103.56803131103516,88.5943374633789,88.5943374633789,2134143
2019-08-22,103.56803131103516,103.56803131103516,103.56803131103516,103.56803131103516,0
2019-08-23,103.56803131103516,103.56803131103516,103.56803131103516,103.56803131103516,0
2019-08-26,103.56803131103516,103.56803131103516,103.56803131103516,103.56803131103516,0
2019-08-27,103.56803131103516,103.56803131103516,103.56803131103516,103.56803131103516,0
2019-08-28,103.56803131103516,103.56803131103516,103.56803131103516,103.56803131103516,0
2019-08-29,103.56803131103516,103.56803131103516,103.56803131103516,103.56803131103516,0
2019-08-30,103.56803131103516,103.56803131103516,103.56803131103516,103.56803131103516,0
2019-09-02,103.56803131103516,103.56803131103516,103.56803131103516,103.56803131103516,0
2019-09-03,103.56803131103516,103.56803131103516,103.56803131103516,103.56803131103516,0
2019-09-04,103.56803131103516,103.56803131103516,103.56803131103516,103.56803131103516,0
2019-09-05,103.56803131103516,103.56803131103516,103.56803131103516,103.56803131103516,0
2019-09-06,103.56803131103516,103.56803131103516,103.56803131103516,103.56803131103516,0
2019-09-09,103.56803131103516,103.56803131103516,103.56803131103516,103.56803131103516,0
2019-09-10,103.56803131103516,103.56803131103516,103.56803131103516,103.56803131103516,0
2019-09-11,103.56803131103516,103.56803131103516,103.56803131103516,103.56803131103516,0
2019-09-12,103.56803131103516,103.56803131103516,103.56803131103516,103.56803131103516,0
2019-09-13,103.56803131103516,103.56803131103516,103.56803131103516,103.56803131103516,0
2019-09-16,103.56803131103516,127.90027618408203,103.56803131103516,103.56803131103516,9983910
2019-09-17,102.94412231445312,105.43974304199219,99.8246078491211,103.56803131103516,2066825
2019-09-18,99.2007064819336,100.4485092163086,96.08118438720703,99.8246078491211,806214
2019-09-19,98.57679748535156,101.07241821289062,97.32899475097656,101.07241821289062,820639
2019-09-20,98.57679748535156,100.4485092163086,97.95289611816406,100.4485092163086,1091514
2019-09-23,96.70508575439453,99.2007064819336,95.45728302001953,98.57679748535156,4628918
2019-09-24,96.70508575439453,96.70508575439453,93.5855712890625,93.5855712890625,439971
2019-09-25,97.95289611816406,106.06364440917969,97.32899475097656,97.32899475097656,1263816
2019-09-26,102.32022094726562,103.56803131103516,98.57679748535156,98.57679748535156,261258
2019-09-27,108.55925750732422,109.80706787109375,102.32022094726562,102.32022094726562,916006
2019-09-30,135.3871307373047,135.3871307373047,112.30268096923828,112.30268096923828,2142157
2019-10-01,169.0779266357422,169.0779266357422,139.13055419921875,139.13055419921875,1755078
2019-10-02,210.87948608398438,210.87948608398438,174.6930694580078,174.6930694580078,2714360
2019-10-03,263.28741455078125,263.28741455078125,223.35755920410156,223.35755920410156,375057
2019-10-04,263.28741455078125,263.28741455078125,263.28741455078125,263.28741455078125,0
2019-10-07,328.17340087890625,328.17340087890625,286.9957580566406,286.9957580566406,1325524
2019-10-08,328.17340087890625,328.17340087890625,328.17340087890625,328.17340087890625,0
2019-10-09,328.17340087890625,328.17340087890625,328.17340087890625,328.17340087890625,0
2019-10-10,328.17340087890625,328.17340087890625,328.17340087890625,328.17340087890625,0
2019-10-11,328.17340087890625,328.17340087890625,328.17340087890625,328.17340087890625,0
2019-10-14,328.17340087890625,328.17340087890625,328.17340087890625,328.17340087890625,0
2019-10-15,328.17340087890625,328.17340087890625,328.17340087890625,328.17340087890625,0
2019-10-16,328.17340087890625,328.17340087890625,328.17340087890625,328.17340087890625,0
2019-10-17,328.17340087890625,328.17340087890625,328.17340087890625,328.17340087890625,0
2019-10-18,328.17340087890625,328.17340087890625,328.17340087890625,328.17340087890625,0
2019-10-21,328.17340087890625,328.17340087890625,328.17340087890625,328.17340087890625,0
2019-10-22,328.17340087890625,328.17340087890625,328.17340087890625,328.17340087890625,0
2019-10-23,328.17340087890625,328.17340087890625,328.17340087890625,328.17340087890625,0
2019-10-24,328.17340087890625,328.17340087890625,328.17340087890625,328.17340087890625,0
2019-10-25,328.17340087890625,328.17340087890625,328.17340087890625,328.17340087890625,0
2019-10-28,328.17340087890625,328.17340087890625,328.17340087890625,328.17340087890625,0
2019-10-29,328.17340087890625,328.17340087890625,328.17340087890625,328.17340087890625,0
2019-10-30,328.17340087890625,328.17340087890625,328.17340087890625,328.17340087890625,0
2019-10-31,328.17340087890625,328.17340087890625,328.17340087890625,328.17340087890625,0
2019-11-01,328.17340087890625,328.17340087890625,328.17340087890625,328.17340087890625,0
2019-11-04,328.17340087890625,328.17340087890625,328.17340087890625,328.17340087890625,0
2019-11-05,328.17340087890625,328.17340087890625,328.17340087890625,328.17340087890625,0
2019-11-06,409.2808837890625,409.2808837890625,333.1646423339844,364.3598327636719,2271984
2019-11-07,511.6011047363281,511.6011047363281,434.2370300292969,434.2370300292969,571402
2019-11-08,384.3247375488281,639.5014038085938,384.3247375488281,586.4695434570312,4277101
2019-11-11,288.2435607910156,370.5988464355469,288.2435607910156,360.61639404296875,465616
2019-11-12,216.49461364746094,288.2435607910156,216.49461364746094,288.2435607910156,1443331
2019-11-13,269.52642822265625,269.52642822265625,163.46279907226562,205.8882598876953,6254169
2019-11-14,336.9080505371094,336.9080505371094,282.0045166015625,296.97821044921875,4187344
2019-11-15,368.1032409667969,420.51116943359375,368.1032409667969,368.1032409667969,6198872
2019-11-18,380.5813293457031,436.732666015625,358.12078857421875,374.34228515625,3166353
2019-11-19,355.6251525878906,418.0155334472656,355.6251525878906,386.8203430175781,1647689
2019-11-20,278.2611083984375,336.9080505371094,267.03082275390625,336.9080505371094,1588385
2019-11-21,268.27862548828125,286.9957580566406,240.2029571533203,286.9957580566406,986530
2019-11-22,248.31370544433594,268.27862548828125,246.44200134277344,268.27862548828125,511296
2019-11-25,250.809326171875,274.5176696777344,241.45077514648438,250.809326171875,250839
2019-11-26,245.19419860839844,263.28741455078125,237.0834503173828,262.0395812988281,364639
2019-11-27,244.57028198242188,245.19419860839844,243.32247924804688,245.19419860839844,221187
2019-11-28,237.0834503173828,242.07467651367188,237.0834503173828,237.7073516845703,168295
2019-11-29,237.0834503173828,237.7073516845703,237.0834503173828,237.0834503173828,24042
2019-12-02,225.22927856445312,237.0834503173828,224.60536193847656,237.0834503173828,217180
2019-12-03,217.11851501464844,224.60536193847656,205.8882598876953,224.60536193847656,179514
2019-12-04,238.3312530517578,238.3312530517578,215.24681091308594,215.87071228027344,212372
2019-12-05,268.27862548828125,293.2347717285156,243.94638061523438,243.94638061523438,1047437
2019-12-06,275.7654724121094,298.22601318359375,268.27862548828125,273.2698669433594,757328
2019-12-09,274.5176696777344,282.0045166015625,269.52642822265625,282.0045166015625,506488
2019-12-10,269.52642822265625,272.0220642089844,267.03082275390625,272.0220642089844,338994
2019-12-11,272.0220642089844,280.7567138671875,267.03082275390625,267.03082275390625,460808
2019-12-12,274.5176696777344,284.5001220703125,272.0220642089844,272.0220642089844,147458
2019-12-13,274.5176696777344,274.5176696777344,274.5176696777344,274.5176696777344,70523
2019-12-16,274.5176696777344,278.2611083984375,274.5176696777344,274.5176696777344,141848
2019-12-17,282.0045166015625,282.0045166015625,274.5176696777344,274.5176696777344,228400
2019-12-18,280.7567138671875,282.0045166015625,274.5176696777344,282.0045166015625,814228
2019-12-19,274.5176696777344,280.7567138671875,274.5176696777344,280.7567138671875,165089
2019-12-20,270.7742614746094,270.7742614746094,269.52642822265625,269.52642822265625,46481
2019-12-23,274.5176696777344,293.2347717285156,270.7742614746094,270.7742614746094,209166
2019-12-26,277.0132751464844,277.0132751464844,274.5176696777344,274.5176696777344,29652
2019-12-27,345.6427001953125,345.6427001953125,293.2347717285156,293.2347717285156,1767099
2019-12-30,386.8203430175781,430.4936218261719,361.86419677734375,361.86419677734375,2039577
2020-01-02,386.8203430175781,411.7765197753906,378.085693359375,399.2984313964844,774959
2020-01-03,386.8203430175781,399.2984313964844,386.8203430175781,386.8203430175781,274882
2020-01-06,355.6251525878906,386.8203430175781,349.3861389160156,386.8203430175781,1323922
2020-01-07,355.6251525878906,355.6251525878906,355.6251525878906,355.6251525878906,149061
2020-01-08,355.6251525878906,379.33349609375,355.6251525878906,355.6251525878906,70523
2020-01-09,358.12078857421875,359.36859130859375,356.87298583984375,358.12078857421875,63311
2020-01-10,355.6251525878906,358.12078857421875,355.6251525878906,358.12078857421875,49687
2020-01-13,358.12078857421875,368.1032409667969,355.6251525878906,368.1032409667969,64913
2020-01-14,359.36859130859375,375.590087890625,358.12078857421875,358.12078857421875,72927
2020-01-15,360.61639404296875,360.61639404296875,354.3773498535156,355.6251525878906,81743
2020-01-16,361.86419677734375,361.86419677734375,361.86419677734375,361.86419677734375,77736
2020-01-17,361.86419677734375,361.86419677734375,361.86419677734375,361.86419677734375,18432
2020-01-20,361.86419677734375,361.86419677734375,361.86419677734375,361.86419677734375,50488
2020-01-21,368.1032409667969,384.3247375488281,361.86419677734375,361.86419677734375,248435
2020-01-22,398.0506286621094,399.2984313964844,368.1032409667969,368.1032409667969,460006
2020-01-23,405.5374755859375,411.7765197753906,393.05938720703125,399.2984313964844,236414
2020-01-24,410.5286865234375,418.0155334472656,405.5374755859375,405.5374755859375,100977
2020-01-27,499.123046875,511.6011047363281,410.5286865234375,410.5286865234375,788583
2020-01-28,413.0243225097656,512.8489379882812,413.0243225097656,512.8489379882812,359029
2020-01-29,431.7414245605469,431.7414245605469,411.7765197753906,411.7765197753906,52091
2020-01-30,461.6888122558594,461.6888122558594,431.7414245605469,431.7414245605469,57701
2020-01-31,447.9629211425781,461.6888122558594,436.732666015625,461.6888122558594,117806
2020-02-03,436.732666015625,436.732666015625,424.25457763671875,436.732666015625,40871
2020-02-04,436.732666015625,436.732666015625,424.25457763671875,436.732666015625,40070
2020-02-05,430.4936218261719,449.2107238769531,416.7677307128906,436.732666015625,149862
2020-02-06,430.4936218261719,430.4936218261719,424.25457763671875,430.4936218261719,43275
2020-02-07,424.25457763671875,430.4936218261719,418.0155334472656,424.25457763671875,75332
2020-02-10,436.732666015625,474.1669006347656,424.25457763671875,424.25457763671875,206762
2020-02-11,436.732666015625,436.732666015625,434.2370300292969,436.732666015625,58502
2020-02-12,424.25457763671875,436.732666015625,424.25457763671875,436.732666015625,14425
2020-02-13,430.4936218261719,436.732666015625,424.25457763671875,424.25457763671875,52091
2020-02-14,425.50238037109375,425.50238037109375,424.25457763671875,425.50238037109375,383873
2020-02-17,425.50238037109375,436.732666015625,425.50238037109375,425.50238037109375,12822
2020-02-18,446.7151184082031,446.7151184082031,424.25457763671875,424.25457763671875,45680
2020-02-19,455.44976806640625,467.9278564453125,436.732666015625,446.7151184082031,77736
2020-02-20,467.9278564453125,467.9278564453125,455.44976806640625,455.44976806640625,43275
2020-02-21,436.732666015625,467.9278564453125,436.732666015625,467.9278564453125,12021
2020-02-24,436.732666015625,436.732666015625,436.732666015625,436.732666015625,2404
2020-02-25,436.732666015625,436.732666015625,436.732666015625,436.732666015625,8815
2020-02-26,424.25457763671875,426.7502136230469,424.25457763671875,426.7502136230469,82544
2020-02-27,424.25457763671875,424.25457763671875,411.7765197753906,424.25457763671875,200351
2020-02-28,399.2984313964844,424.25457763671875,399.2984313964844,424.25457763671875,230804
2020-03-02,388.06817626953125,399.2984313964844,380.5813293457031,380.5813293457031,177110
2020-03-03,399.2984313964844,461.6888122558594,399.2984313964844,405.5374755859375,101778
2020-03-04,424.25457763671875,424.25457763671875,399.2984313964844,399.2984313964844,22439
2020-03-05,405.5374755859375,405.5374755859375,393.05938720703125,393.05938720703125,50488
2020-03-06,389.31597900390625,418.0155334472656,389.31597900390625,418.0155334472656,1602
2020-03-09,389.31597900390625,390.56378173828125,389.31597900390625,390.56378173828125,32857
2020-03-10,418.0155334472656,418.0155334472656,399.2984313964844,399.2984313964844,8815
2020-03-11,393.05938720703125,400.5462341308594,389.31597900390625,400.5462341308594,100175
2020-03-12,386.8203430175781,391.81158447265625,386.8203430175781,386.8203430175781,204358
2020-03-13,361.86419677734375,386.8203430175781,360.61639404296875,386.8203430175781,347008
2020-03-16,336.9080505371094,336.9080505371094,336.9080505371094,336.9080505371094,76934
2020-03-17,314.447509765625,318.1909484863281,314.447509765625,314.447509765625,231606
2020-03-18,294.48260498046875,324.4299621582031,293.2347717285156,311.951904296875,12822
2020-03-19,274.5176696777344,277.0132751464844,274.5176696777344,275.7654724121094,227599
2020-03-20,286.9957580566406,286.9957580566406,257.0483703613281,257.0483703613281,6411
2020-03-23,358.12078857421875,358.12078857421875,311.951904296875,311.951904296875,238818
2020-03-24,446.7151184082031,446.7151184082031,442.9717102050781,442.9717102050781,149862
2020-03-26,420.51116943359375,424.25457763671875,420.51116943359375,423.00677490234375,189933
2020-03-27,391.81158447265625,420.51116943359375,391.81158447265625,391.81158447265625,585827
2020-03-30,489.3037414550781,489.3037414550781,408.0295715332031,408.0295715332031,7475
2020-03-31,609.5563354492188,609.5563354492188,543.2100830078125,543.2100830078125,482
2020-04-01,758.83544921875,758.83544921875,758.83544921875,758.83544921875,39308
2020-04-02,945.434326171875,945.434326171875,945.434326171875,945.434326171875,347630
2020-04-03,995.1940307617188,1181.79296875,912.26123046875,1020.0739135742188,1074242
2020-04-06,928.8477783203125,986.9007568359375,928.8477783203125,986.9007568359375,304101
2020-04-07,866.6481323242188,866.6481323242188,866.6481323242188,866.6481323242188,148192
2020-04-08,808.5951538085938,808.5951538085938,808.5951538085938,808.5951538085938,179301
2020-04-09,754.6888427734375,754.6888427734375,754.6888427734375,754.6888427734375,48834
2020-04-13,704.9291381835938,704.9291381835938,704.9291381835938,704.9291381835938,39550
2020-04-14,845.9149169921875,879.0880737304688,659.3160400390625,659.3160400390625,2158011
2020-04-15,796.1552124023438,903.9678955078125,787.8619384765625,870.7947998046875,804385
2020-04-16,779.5686645507812,816.888427734375,746.3955078125,771.275390625,169534
2020-04-17,792.0086059570312,812.7418212890625,792.0086059570312,812.7418212890625,93449
2020-04-20,779.5686645507812,792.0086059570312,750.5421752929688,787.8619384765625,163264
2020-04-21,746.3955078125,767.1287231445312,738.1022338867188,767.1287231445312,104904
2020-04-22,733.9556274414062,746.3955078125,725.6622924804688,746.3955078125,36415
2020-04-23,750.5421752929688,787.8619384765625,738.1022338867188,771.275390625,63907
2020-04-24,750.5421752929688,750.5421752929688,750.5421752929688,750.5421752929688,6390
2020-04-27,725.6622924804688,771.275390625,725.6622924804688,729.8089599609375,93207
2020-04-28,713.222412109375,725.6622924804688,704.9291381835938,725.6622924804688,52693
2020-04-29,704.9291381835938,725.6622924804688,704.9291381835938,713.222412109375,67645
2020-04-30,721.5156860351562,725.6622924804688,704.9291381835938,704.9291381835938,89831
2020-05-04,721.5156860351562,725.6622924804688,704.9291381835938,704.9291381835938,178457
2020-05-05,704.9291381835938,721.5156860351562,704.9291381835938,721.5156860351562,60289
2020-05-06,721.5156860351562,721.5156860351562,704.9291381835938,709.0757446289062,55948
2020-05-08,721.5156860351562,746.3955078125,721.5156860351562,746.3955078125,23513
2020-05-11,721.5156860351562,725.6622924804688,721.5156860351562,721.5156860351562,245620
2020-05-12,725.6622924804688,729.8089599609375,721.5156860351562,721.5156860351562,372831
2020-05-13,729.8089599609375,729.8089599609375,725.6622924804688,725.6622924804688,90193
2020-05-14,729.8089599609375,733.9556274414062,729.8089599609375,729.8089599609375,186898
2020-05-15,733.9556274414062,746.3955078125,729.8089599609375,729.8089599609375,244173
2020-05-18,746.3955078125,746.3955078125,746.3955078125,746.3955078125,29662
2020-05-19,742.2489013671875,746.3955078125,704.9291381835938,704.9291381835938,44132
2020-05-20,742.2489013671875,746.3955078125,725.6622924804688,742.2489013671875,11816
2020-05-26,746.3955078125,746.3955078125,717.3690185546875,746.3955078125,28215
2020-05-27,746.3955078125,754.6888427734375,746.3955078125,746.3955078125,92002
2020-05-28,746.3955078125,750.5421752929688,713.222412109375,746.3955078125,34365
2020-05-29,725.6622924804688,746.3955078125,721.5156860351562,746.3955078125,108159
2020-06-02,729.8089599609375,746.3955078125,725.6622924804688,746.3955078125,271062
2020-06-03,729.8089599609375,746.3955078125,725.6622924804688,729.8089599609375,165917
2020-06-04,729.8089599609375,746.3955078125,729.8089599609375,746.3955078125,56310
2020-06-05,829.328369140625,829.328369140625,725.6622924804688,729.8089599609375,243450
2020-06-08,812.7418212890625,829.328369140625,787.8619384765625,829.328369140625,328096
2020-06-09,825.1817016601562,825.1817016601562,812.7418212890625,812.7418212890625,88384
2020-06-10,841.768310546875,841.768310546875,808.5951538085938,825.1817016601562,129864
2020-06-11,982.7540893554688,1011.7805786132812,841.768310546875,841.768310546875,760133
2020-06-12,1078.1268310546875,1161.0596923828125,978.6074829101562,986.9007568359375,1822800
2020-06-15,1044.9537353515625,1094.7135009765625,1003.4873046875,1090.5667724609375,334246
2020-06-16,1044.9537353515625,1078.1268310546875,999.3406982421875,1044.9537353515625,197268
2020-06-17,1040.80712890625,1053.2470703125,1036.660400390625,1044.9537353515625,160008
2020-06-18,1082.2735595703125,1082.2735595703125,1049.100341796875,1049.100341796875,440838
2020-06-19,1119.59326171875,1119.59326171875,1082.2735595703125,1086.420166015625,687785
2020-06-22,1115.4466552734375,1127.8865966796875,1078.1268310546875,1127.8865966796875,418169
2020-06-23,1123.739990234375,1136.1798095703125,1115.4466552734375,1119.59326171875,395621
2020-06-24,1123.739990234375,1132.033203125,1119.59326171875,1123.739990234375,188224
2020-06-25,1132.033203125,1161.0596923828125,1115.4466552734375,1123.739990234375,172911
2020-06-26,1115.4466552734375,1144.47314453125,1115.4466552734375,1144.47314453125,433362
2020-06-29,1181.79296875,1181.79296875,1115.4466552734375,1115.4466552734375,490517
2020-06-30,1467.9112548828125,1476.2044677734375,1202.526123046875,1243.9925537109375,2468985
2020-07-01,1832.815673828125,1832.815673828125,1484.497802734375,1492.791015625,5434638
2020-07-02,2288.9462890625,2288.9462890625,1832.815673828125,1874.2821044921875,6766680
2020-07-03,2405.05224609375,2819.716552734375,2156.253662109375,2322.119384765625,9333697
2020-07-06,2405.05224609375,2405.05224609375,2405.05224609375,2405.05224609375,0
2020-07-07,2405.05224609375,2728.490234375,2239.1865234375,2421.638916015625,2000172
2020-07-08,2264.06640625,2405.05224609375,2264.06640625,2405.05224609375,726853
2020-07-09,2446.518798828125,2554.331298828125,2280.653076171875,2280.653076171875,1372556
2020-07-10,2454.81201171875,2529.451416015625,2446.518798828125,2463.105224609375,442888
2020-07-13,2421.638916015625,2496.2783203125,2363.5859375,2471.3984375,341722
2020-07-14,2313.826171875,2405.05224609375,2264.06640625,2405.05224609375,565156
2020-07-15,2371.879150390625,2487.985107421875,2305.532958984375,2322.119384765625,265395
2020-07-16,2355.29248046875,2413.345458984375,2338.7060546875,2363.5859375,43167
2020-07-17,2313.826171875,2371.879150390625,2305.532958984375,2355.29248046875,96343
2020-07-20,2322.119384765625,2330.41259765625,2280.653076171875,2313.826171875,218851
2020-07-21,2322.119384765625,2346.999267578125,2297.239501953125,2322.119384765625,129381
2020-07-22,2322.119384765625,2355.29248046875,2297.239501953125,2305.532958984375,221625
2020-07-23,2305.532958984375,2346.999267578125,2239.1865234375,2239.1865234375,156391
2020-07-24,2305.532958984375,2322.119384765625,2297.239501953125,2313.826171875,98634
2020-07-27,2322.119384765625,2446.518798828125,2264.06640625,2313.826171875,225965
2020-07-28,2305.532958984375,2355.29248046875,2305.532958984375,2330.41259765625,322309
2020-07-29,2297.239501953125,2322.119384765625,2280.653076171875,2305.532958984375,131552
2020-07-30,2322.119384765625,2322.119384765625,2280.653076171875,2297.239501953125,341481
2020-08-03,2272.359619140625,2322.119384765625,2272.359619140625,2322.119384765625,233683
2020-08-04,2280.653076171875,2288.9462890625,2272.359619140625,2272.359619140625,121182
2020-08-05,2280.653076171875,2288.9462890625,2264.06640625,2280.653076171875,99839
2020-08-06,2280.653076171875,2280.653076171875,2264.06640625,2272.359619140625,49196
2020-08-07,2272.359619140625,2280.653076171875,2264.06640625,2280.653076171875,27492
2020-08-10,2272.359619140625,2280.653076171875,2264.06640625,2272.359619140625,69574
2020-08-11,2255.773193359375,2280.653076171875,2247.47998046875,2280.653076171875,108159
2020-08-12,2255.773193359375,2272.359619140625,2247.47998046875,2255.773193359375,36656
2020-08-13,2197.72021484375,2255.773193359375,2156.253662109375,2255.773193359375,355830
2020-08-14,2172.84033203125,2214.306640625,2156.253662109375,2197.72021484375,70900
2020-08-18,2214.306640625,2214.306640625,2172.84033203125,2189.427001953125,41720
2020-08-19,2197.72021484375,2214.306640625,2172.84033203125,2214.306640625,90675
2020-08-24,2197.72021484375,2239.1865234375,2181.133544921875,2206.013427734375,162058
2020-08-25,2189.427001953125,2197.72021484375,2172.84033203125,2197.72021484375,123232
2020-08-26,2164.547119140625,2197.72021484375,2164.547119140625,2197.72021484375,312662
2020-08-27,2114.787353515625,2189.427001953125,2040.1478271484375,2189.427001953125,239591
2020-08-28,2114.787353515625,2114.787353515625,1990.3880615234375,2114.787353515625,262622
2020-08-31,2181.133544921875,2487.985107421875,2123.08056640625,2123.08056640625,954627
2020-09-01,2313.826171875,2322.119384765625,2197.72021484375,2197.72021484375,379343
2020-09-02,2288.9462890625,2322.119384765625,2247.47998046875,2313.826171875,175563
2020-09-03,2338.7060546875,2371.879150390625,2288.9462890625,2288.9462890625,171343
2020-09-04,2305.532958984375,2338.7060546875,2230.893310546875,2280.653076171875,85490
2020-09-07,2305.532958984375,2305.532958984375,2239.1865234375,2305.532958984375,29662
2020-09-08,2288.9462890625,2322.119384765625,2272.359619140625,2305.532958984375,73794
2020-09-09,2272.359619140625,2305.532958984375,2239.1865234375,2280.653076171875,53054
2020-09-10,2239.1865234375,2272.359619140625,2114.787353515625,2239.1865234375,838509
2020-09-11,2222.60009765625,2255.773193359375,2222.60009765625,2230.893310546875,183401
2020-09-14,2330.41259765625,2380.17236328125,2222.60009765625,2222.60009765625,203417
2020-09-15,2363.5859375,2380.17236328125,2330.41259765625,2330.41259765625,148674
2020-09-16,2380.17236328125,2405.05224609375,2363.5859375,2363.5859375,259487
2020-09-17,2388.4658203125,2388.4658203125,2280.653076171875,2380.17236328125,149759
2020-09-18,2371.879150390625,2388.4658203125,2346.999267578125,2388.4658203125,22427
2020-09-21,2371.879150390625,2438.225341796875,2363.5859375,2380.17236328125,579866
2020-09-22,2371.879150390625,2388.4658203125,2371.879150390625,2388.4658203125,43529
2020-09-23,2371.879150390625,2388.4658203125,2363.5859375,2371.879150390625,203658
2020-09-24,2338.7060546875,2388.4658203125,2338.7060546875,2355.29248046875,112138
2020-09-25,2380.17236328125,2380.17236328125,2338.7060546875,2338.7060546875,149156
2020-09-28,2371.879150390625,2388.4658203125,2363.5859375,2380.17236328125,142163
2020-09-29,2363.5859375,2371.879150390625,2355.29248046875,2371.879150390625,146383
2020-09-30,2355.29248046875,2363.5859375,2346.999267578125,2363.5859375,148553
2020-10-01,2363.5859375,2380.17236328125,2355.29248046875,2363.5859375,171946
2020-10-02,2346.999267578125,2363.5859375,2288.9462890625,2363.5859375,90193
2020-10-05,2322.119384765625,2346.999267578125,2222.60009765625,2346.999267578125,630510
2020-10-06,2355.29248046875,2355.29248046875,2322.119384765625,2346.999267578125,106109
2020-10-07,2330.41259765625,2355.29248046875,2313.826171875,2355.29248046875,67886
2020-10-08,2322.119384765625,2338.7060546875,2322.119384765625,2330.41259765625,92122
2020-10-09,2322.119384765625,2330.41259765625,2313.826171875,2322.119384765625,165193
2020-10-12,2305.532958984375,2322.119384765625,2305.532958984375,2322.119384765625,21704
2020-10-13,2305.532958984375,2305.532958984375,2247.47998046875,2305.532958984375,171222
2020-10-14,2272.359619140625,2305.532958984375,2230.893310546875,2305.532958984375,383804
2020-10-15,2264.06640625,2288.9462890625,2189.427001953125,2288.9462890625,217043
2020-10-16,2247.47998046875,2264.06640625,2181.133544921875,2264.06640625,208240
2020-10-19,2156.253662109375,2247.47998046875,2147.96044921875,2247.47998046875,219334
2020-10-20,2239.1865234375,2272.359619140625,2156.253662109375,2156.253662109375,563950
2020-10-21,2239.1865234375,2239.1865234375,2239.1865234375,2239.1865234375,22668
2020-10-22,2214.306640625,2239.1865234375,2206.013427734375,2239.1865234375,203297
2020-10-23,2239.1865234375,2255.773193359375,2230.893310546875,2239.1865234375,282276
2020-10-26,2322.119384765625,2322.119384765625,2230.893310546875,2239.1865234375,392245
2020-10-27,2363.5859375,2380.17236328125,2322.119384765625,2322.119384765625,417084
2020-11-02,2371.879150390625,2405.05224609375,2363.5859375,2363.5859375,165796
2020-11-03,2421.638916015625,2438.225341796875,2371.879150390625,2405.05224609375,434327
2020-11-04,2446.518798828125,2454.81201171875,2405.05224609375,2405.05224609375,306633
2020-11-05,2405.05224609375,2562.624755859375,2405.05224609375,2446.518798828125,477615
2020-11-06,2421.638916015625,2421.638916015625,2363.5859375,2413.345458984375,139992
2020-11-09,2405.05224609375,2479.69189453125,2396.759033203125,2479.69189453125,163023
2020-11-10,2429.93212890625,2429.93212890625,2380.17236328125,2405.05224609375,245138
2020-11-11,2405.05224609375,2429.93212890625,2405.05224609375,2429.93212890625,109968
2020-11-12,2413.345458984375,2446.518798828125,2413.345458984375,2421.638916015625,227051
2020-11-13,2405.05224609375,2421.638916015625,2371.879150390625,2421.638916015625,31350
2020-11-16,2396.759033203125,2405.05224609375,2396.759033203125,2405.05224609375,103577
2020-11-17,2413.345458984375,2429.93212890625,2405.05224609375,2405.05224609375,160250
2020-11-18,2405.05224609375,2438.225341796875,2405.05224609375,2413.345458984375,191480
2020-11-19,2421.638916015625,2429.93212890625,2405.05224609375,2421.638916015625,249961
2020-11-20,2405.05224609375,2429.93212890625,2405.05224609375,2413.345458984375,221625
2020-11-23,2429.93212890625,2429.93212890625,2405.05224609375,2429.93212890625,90555
2020-11-24,2421.638916015625,2438.225341796875,2421.638916015625,2421.638916015625,111777
2020-11-25,2421.638916015625,2446.518798828125,2405.05224609375,2405.05224609375,204864
2020-11-26,2429.93212890625,2454.81201171875,2405.05224609375,2446.518798828125,137822
2020-11-27,2446.518798828125,2446.518798828125,2405.05224609375,2413.345458984375,122870
2020-11-30,2396.759033203125,2487.985107421875,2396.759033203125,2454.81201171875,1338673
2020-12-01,2405.05224609375,2421.638916015625,2363.5859375,2405.05224609375,345580
2020-12-02,2413.345458984375,2429.93212890625,2363.5859375,2405.05224609375,698034
2020-12-03,2736.78369140625,2902.649169921875,2405.05224609375,2421.638916015625,2247963
2020-12-04,3358.77978515625,3358.77978515625,2736.78369140625,2745.076904296875,2183212
2020-12-07,3126.56787109375,3358.77978515625,3126.56787109375,3333.900146484375,2279917
2020-12-08,2910.942626953125,3126.56787109375,2910.942626953125,3126.56787109375,1612268
2020-12-10,2778.25,2910.942626953125,2711.90380859375,2910.942626953125,3059101
2020-12-11,2745.076904296875,2819.716552734375,2662.14404296875,2778.25,1307684
2020-12-14,3068.514892578125,3143.154541015625,2778.25,2778.25,1884657
2020-12-15,3109.9814453125,3242.673828125,3068.514892578125,3068.514892578125,2073364
2020-12-16,3184.620849609375,3217.794189453125,3101.68798828125,3109.9814453125,1494341
2020-12-17,3184.620849609375,3242.673828125,3085.1015625,3184.620849609375,1744544
2020-12-18,3234.380615234375,3773.444091796875,3151.44775390625,3151.44775390625,4894563
2020-12-21,3358.77978515625,4038.8291015625,3309.020263671875,3400.246337890625,28566007
2020-12-22,3400.246337890625,3524.6455078125,3342.193359375,3383.65966796875,8952786
2020-12-23,3375.366455078125,3450.006103515625,3234.380615234375,3425.126220703125,3659105
2020-12-28,3541.232177734375,3649.044921875,3383.65966796875,3383.65966796875,5483232
2020-12-29,3574.4052734375,3673.924560546875,3549.525390625,3566.112060546875,4373539
2020-12-30,3566.112060546875,3649.044921875,3532.93896484375,3574.4052734375,3192101
2021-01-04,3516.352294921875,3640.75146484375,3466.592529296875,3566.112060546875,2032849
2021-01-05,3690.51123046875,3980.776123046875,3549.525390625,3566.112060546875,12598749
2021-01-06,3491.472412109375,3814.910400390625,3433.41943359375,3731.9775390625,16386151
2021-01-07,3574.4052734375,3607.578369140625,3508.05908203125,3508.05908203125,6066475
2021-01-08,3549.525390625,3607.578369140625,3541.232177734375,3574.4052734375,2570996
2021-01-11,3566.112060546875,3582.698486328125,3458.29931640625,3549.525390625,4609754
2021-01-12,3566.112060546875,3599.28515625,3524.6455078125,3566.112060546875,3458220
2021-01-13,3607.578369140625,3806.6171875,3549.525390625,3566.112060546875,5122217
2021-01-14,3765.15087890625,3814.910400390625,3632.458251953125,3632.458251953125,4986565
2021-01-15,4706.4384765625,4706.4384765625,3765.15087890625,3781.7373046875,31613653
2021-01-18,4727.171875,5100.36962890625,4395.4404296875,4893.03759765625,10064529
2021-01-19,4644.23876953125,5017.4365234375,4436.90673828125,4768.63818359375,4887931
2021-01-20,4851.57080078125,4934.50390625,4664.97216796875,4664.97216796875,2459580
2021-01-21,5141.8359375,5805.29833984375,4830.837890625,4851.57080078125,24305089
2021-01-22,5307.70166015625,5390.63427734375,5038.169921875,5183.30224609375,7871670
2021-01-25,5660.166015625,5722.36572265625,4975.97021484375,5349.16796875,18064617
2021-01-26,5432.1005859375,5950.43115234375,5266.2353515625,5722.36572265625,10996488
2021-01-27,5473.5673828125,5535.76708984375,5183.30224609375,5473.5673828125,4163007
2021-01-28,5307.70166015625,5535.76708984375,5141.8359375,5452.833984375,3286756
2021-01-29,5556.5,5680.8994140625,5286.96826171875,5390.63427734375,4761202
2021-02-01,5805.29833984375,5971.1640625,5390.63427734375,5597.96630859375,8334937
2021-02-02,5888.2314453125,6054.09716796875,5805.29833984375,5805.29833984375,4189896
2021-02-03,5784.5654296875,5991.8974609375,5784.5654296875,5971.1640625,2763079
2021-02-04,5805.29833984375,5867.498046875,5722.36572265625,5805.29833984375,4250909
2021-02-05,5846.76513671875,5950.43115234375,5826.03173828125,5826.03173828125,4051230
2021-02-08,5846.76513671875,5929.69775390625,5680.8994140625,5867.498046875,8403305
2021-02-09,5805.29833984375,5908.96484375,5763.83203125,5888.2314453125,2683979
2021-02-10,5929.69775390625,6178.49658203125,5722.36572265625,5805.29833984375,4592029
2021-02-11,5971.1640625,6116.296875,5950.43115234375,5991.8974609375,3643068
2021-02-15,6344.36181640625,6593.16064453125,5971.1640625,6033.36376953125,9010785
2021-02-16,6551.6943359375,6634.626953125,6427.294921875,6489.49462890625,2964085
2021-02-17,7007.82470703125,7443.22216796875,6593.16064453125,6634.626953125,11043152
2021-02-18,7132.22412109375,7318.82275390625,6987.09130859375,7173.6904296875,7247672
2021-02-19,7774.95361328125,7857.88623046875,7090.75732421875,7132.22412109375,12191672
2021-02-22,9039.6796875,9309.2109375,7816.419921875,7837.1533203125,29714647
2021-02-23,8417.6826171875,9122.6123046875,8417.6826171875,9060.412109375,17611359
2021-02-24,8728.6806640625,8749.4140625,7837.1533203125,8293.283203125,30563044
2021-02-25,8583.548828125,8790.880859375,8210.3505859375,8790.880859375,8179028
2021-02-26,8293.283203125,8562.8154296875,8127.41796875,8500.6162109375,9325497
2021-03-01,8293.283203125,8583.548828125,8148.1513671875,8272.55078125,5472741
2021-03-02,8500.6162109375,8542.08203125,8251.8173828125,8459.1494140625,7640158
2021-03-03,9081.1455078125,9578.7421875,8500.6162109375,8500.6162109375,14021828
2021-03-04,9205.544921875,9516.54296875,8687.21484375,9039.6796875,10404443
2021-03-05,9500.0,10500.0,9275.0,9300.0,13454000
2021-03-08,9700.0,10000.0,9550.0,9700.0,3638900
2021-03-09,10225.0,10275.0,9525.0,9700.0,5039300
2021-03-10,10975.0,11900.0,10000.0,10225.0,16577100
2021-03-12,11375.0,11750.0,10975.0,10975.0,6368800
2021-03-15,10850.0,11450.0,10675.0,11450.0,7194300
2021-03-16,10100.0,10850.0,10100.0,10850.0,9543100
2021-03-17,9875.0,10050.0,9400.0,10000.0,10959200
2021-03-18,10600.0,10750.0,9875.0,9875.0,16407500
2021-03-19,10450.0,10625.0,10250.0,10600.0,8325200
2021-03-22,10000.0,10475.0,9975.0,10475.0,5940200
2021-03-23,9375.0,10050.0,9325.0,10000.0,10615200
2021-03-24,9575.0,9750.0,8800.0,9400.0,12054900
2021-03-25,9425.0,9675.0,9225.0,9575.0,4532800
2021-03-26,9900.0,9925.0,9300.0,9450.0,10001900
2021-03-29,10050.0,10375.0,9850.0,10000.0,7381800
2021-03-30,9975.0,10200.0,9575.0,10100.0,4565600
2021-03-31,9725.0,10100.0,9500.0,9975.0,3748900
2021-04-01,9975.0,10025.0,9725.0,9725.0,8461000
2021-04-05,10075.0,10125.0,9825.0,10000.0,4132900
2021-04-06,10075.0,10075.0,9925.0,10075.0,2927200
2021-04-07,10050.0,10075.0,9900.0,10075.0,3602300
2021-04-08,9900.0,10050.0,9875.0,10050.0,3671900
2021-04-09,10025.0,10075.0,9850.0,10000.0,6896900
2021-04-12,10725.0,11000.0,10025.0,10025.0,20493500
2021-04-13,10550.0,10850.0,10350.0,10750.0,5841800
2021-04-14,10925.0,11225.0,10600.0,10650.0,11955800
2021-04-15,11050.0,11650.0,10975.0,11200.0,14407700
2021-04-16,11200.0,11475.0,11000.0,11100.0,6576200
2021-04-19,11075.0,11350.0,10800.0,11200.0,7028800
2021-04-20,10800.0,11075.0,10575.0,11075.0,5454400
2021-04-21,10775.0,10900.0,10650.0,10800.0,2216700
2021-04-22,10600.0,10875.0,10500.0,10800.0,3055800
2021-04-23,10350.0,10650.0,10350.0,10600.0,2787700
2021-04-26,9950.0,10400.0,9900.0,10375.0,6374600
2021-04-27,10025.0,10200.0,9725.0,9950.0,8089200
2021-04-28,10475.0,10500.0,10025.0,10025.0,5351600
2021-04-29,10375.0,10600.0,10350.0,10475.0,1779300
2021-04-30,10150.0,10400.0,10050.0,10400.0,3777900
2021-05-03,10025.0,10150.0,9925.0,10150.0,2346800
2021-05-04,9975.0,10125.0,9975.0,10050.0,3301400
2021-05-05,9925.0,10025.0,9875.0,9975.0,2150100
2021-05-06,10125.0,10125.0,9875.0,9950.0,2430700
2021-05-07,10100.0,10200.0,10050.0,10125.0,1750700
2021-05-10,10500.0,10575.0,10075.0,10100.0,25279100
2021-05-11,10500.0,10575.0,10275.0,10500.0,35822600
2021-05-17,10700.0,11025.0,10425.0,10600.0,35533000
2021-05-18,10575.0,10925.0,10250.0,10750.0,20797700
2021-05-19,10200.0,10675.0,10150.0,10575.0,14848700
2021-05-20,10200.0,10300.0,10000.0,10150.0,21508500
2021-05-21,10075.0,10325.0,10025.0,10200.0,8668600
2021-05-24,10650.0,10650.0,10075.0,10075.0,38553900
2021-05-25,11675.0,11825.0,10600.0,10675.0,74784000
2021-05-27,12475.0,12550.0,11675.0,11675.0,81425100
2021-05-28,12150.0,12550.0,11675.0,12475.0,22374400
2021-05-31,12150.0,12150.0,11500.0,12100.0,36531500
2021-06-02,12175.0,12650.0,12000.0,12100.0,35190200
2021-06-03,11850.0,12250.0,11800.0,12175.0,19626000
2021-06-04,11875.0,12100.0,11800.0,11850.0,20934000
2021-06-07,12300.0,12475.0,11900.0,11900.0,36920500
2021-06-08,12050.0,12475.0,11925.0,12350.0,14945900
2021-06-09,12600.0,13300.0,12025.0,12050.0,56485700
2021-06-10,12900.0,12950.0,12275.0,12725.0,30836700
2021-06-11,13000.0,13275.0,12550.0,12925.0,26274300
2021-06-14,12950.0,13475.0,12650.0,13025.0,18558700
2021-06-15,12925.0,13050.0,12725.0,12950.0,23267100
2021-06-16,14000.0,14275.0,12925.0,12925.0,65863000
2021-06-17,14075.0,14200.0,13500.0,14075.0,35352000
2021-06-18,14075.0,14400.0,13300.0,14075.0,25748300
2021-06-21,14150.0,14150.0,13525.0,14075.0,18496300
2021-06-22,14850.0,14950.0,13950.0,14150.0,25456000
2021-06-23,13825.0,15000.0,13825.0,14850.0,23232000
2021-06-24,13875.0,13925.0,13150.0,13825.0,19260400
2021-06-25,13575.0,14100.0,13550.0,13875.0,15267600
2021-06-28,13450.0,13775.0,13350.0,13600.0,14158900
2021-06-29,13725.0,13750.0,12575.0,13400.0,20638600
2021-06-30,13625.0,13875.0,13400.0,13725.0,15439400
2021-07-01,13525.0,14225.0,13525.0,13625.0,15941500
2021-07-02,13225.0,13900.0,13200.0,13525.0,10032000
2021-07-05,14400.0,14500.0,13225.0,13225.0,25420300
2021-07-06,14225.0,14650.0,13950.0,14550.0,13381500
2021-07-07,13925.0,14400.0,13850.0,14225.0,10979800
2021-07-08,14000.0,14275.0,13925.0,13925.0,12300800
2021-07-09,13900.0,14225.0,13850.0,14000.0,8519000
2021-07-12,14575.0,14900.0,13850.0,13925.0,23530900
2021-07-13,14175.0,14825.0,14000.0,14650.0,8744800
2021-07-14,14550.0,14550.0,13500.0,14175.0,11162900
2021-07-15,15100.0,15300.0,14375.0,14550.0,25168100
2021-07-16,15900.0,15950.0,15075.0,15100.0,19150900
2021-07-19,15300.0,15900.0,15150.0,15900.0,12285200
2021-07-21,15075.0,15500.0,14850.0,15300.0,10908300
2021-07-22,15875.0,15900.0,15075.0,15150.0,13295900
2021-07-23,16350.0,16875.0,15875.0,15900.0,24362200
2021-07-26,16825.0,17050.0,16350.0,16350.0,13571700
2021-07-27,17400.0,17725.0,16575.0,16825.0,26598000
2021-07-28,18200.0,18225.0,17375.0,17400.0,28685900
2021-07-29,18375.0,18500.0,17625.0,18200.0,23800800
2021-07-30,17950.0,19050.0,17400.0,18400.0,19249400
2021-08-02,17425.0,18000.0,17100.0,18000.0,17925000
2021-08-03,16975.0,17850.0,16700.0,17425.0,18776700
2021-08-04,17000.0,17100.0,16275.0,16975.0,19484300
2021-08-05,16325.0,17100.0,16300.0,17000.0,25209100
2021-08-06,16800.0,17175.0,16300.0,16325.0,21239000
2021-08-09,16175.0,17100.0,16000.0,16900.0,18920800
2021-08-10,16000.0,16450.0,15500.0,16175.0,20058000
2021-08-12,16700.0,16775.0,15400.0,16000.0,25169500
2021-08-13,16225.0,16875.0,16125.0,16750.0,17193600
2021-08-16,15750.0,16400.0,15500.0,16225.0,17580800
2021-08-18,16800.0,16900.0,15550.0,15750.0,53015700
2021-08-19,16000.0,16900.0,15850.0,16800.0,16060800
2021-08-20,16000.0,16125.0,15650.0,16000.0,20012400
2021-08-23,16475.0,16550.0,15900.0,16100.0,18048800
2021-08-24,16200.0,16500.0,16175.0,16475.0,11844400
2021-08-25,16500.0,16675.0,16175.0,16200.0,20048900
2021-08-26,15825.0,16550.0,15700.0,16500.0,12954100
2021-08-27,15525.0,15925.0,15500.0,15825.0,13860500
2021-08-30,15725.0,16025.0,15500.0,15825.0,19513400
2021-08-31,15175.0,15800.0,15050.0,15725.0,17250700
2021-09-01,14500.0,15425.0,14450.0,15150.0,18838700
2021-09-02,14050.0,14600.0,13750.0,14500.0,24246500
2021-09-03,14650.0,14775.0,13500.0,14100.0,38612600
2021-09-06,14425.0,14875.0,14050.0,14750.0,20351900
2021-09-07,14200.0,14500.0,14125.0,14425.0,15093500
2021-09-08,13975.0,14275.0,13650.0,14200.0,30468400
2021-09-09,14000.0,14325.0,13675.0,13975.0,25857100
2021-09-10,14825.0,14875.0,14000.0,14000.0,31327700
2021-09-13,14925.0,15025.0,14350.0,14825.0,24247600
2021-09-14,14950.0,15175.0,14600.0,15000.0,23266700
2021-09-15,14700.0,14950.0,14600.0,14950.0,13392100
2021-09-16,14800.0,14975.0,14375.0,14700.0,24316100
2021-09-17,15850.0,16100.0,14625.0,14800.0,53906100
2021-09-20,16175.0,16600.0,15750.0,15750.0,29115500
2021-09-21,15700.0,16000.0,15375.0,16000.0,17829300
2021-09-22,16300.0,16550.0,15850.0,15850.0,41239300
2021-09-23,16675.0,16800.0,16200.0,16300.0,39647900
2021-09-24,15950.0,16700.0,15850.0,16675.0,30631800
2021-09-27,15900.0,16400.0,15800.0,15950.0,19340200
2021-09-28,15100.0,16000.0,14925.0,15900.0,13745400
2021-09-29,14950.0,15425.0,14800.0,15000.0,8557400
2021-09-30,15100.0,15200.0,14900.0,14975.0,6544800
2021-10-01,15075.0,15175.0,14350.0,15100.0,10009700
2021-10-04,14500.0,15475.0,14400.0,15075.0,13945100
2021-10-05,13825.0,14750.0,13650.0,14500.0,20418000
2021-10-06,13600.0,14250.0,13425.0,13825.0,23720200
2021-10-07,13125.0,14000.0,13000.0,13600.0,16374300
2021-10-08,12925.0,13450.0,12550.0,13200.0,24512100
2021-10-11,12350.0,12925.0,12100.0,12925.0,30761000
2021-10-12,12700.0,13000.0,12300.0,12350.0,43069800
2021-10-13,12250.0,12725.0,12100.0,12700.0,24931700
2021-10-14,12375.0,12750.0,11800.0,12250.0,37990300
2021-10-15,13125.0,13200.0,12100.0,12375.0,42019800
2021-10-18,13425.0,13575.0,12750.0,13125.0,23565800
2021-10-19,13825.0,13900.0,13100.0,13300.0,29051000
2021-10-21,14750.0,14750.0,13625.0,13850.0,31045000
2021-10-22,14900.0,15150.0,14500.0,14850.0,49227200
2021-10-25,14925.0,15200.0,14850.0,14900.0,19603900
2021-10-26,15175.0,15450.0,14900.0,14900.0,38421200
2021-10-27,14825.0,15375.0,14825.0,15200.0,12337100
2021-10-28,14850.0,15000.0,14500.0,14825.0,26393900
2021-10-29,15500.0,15625.0,14850.0,14850.0,40556400
2021-11-01,15000.0,15600.0,15000.0,15500.0,13222100
2021-11-02,15300.0,15350.0,14950.0,15000.0,30852000
2021-11-03,15400.0,15475.0,15250.0,15300.0,20798300
2021-11-04,15200.0,15475.0,15000.0,15450.0,17243400
2021-11-05,15175.0,15475.0,15150.0,15200.0,16423000
2021-11-08,16025.0,16200.0,15150.0,15200.0,47249200
2021-11-09,16725.0,16825.0,15825.0,16025.0,52503700
2021-11-10,16425.0,16975.0,16225.0,16700.0,20583500
2021-11-11,16275.0,16450.0,15600.0,16400.0,26032900
2021-11-12,15500.0,16275.0,15250.0,16275.0,33601500
2021-11-15,15625.0,15800.0,15050.0,15700.0,30984600
2021-11-16,15825.0,15875.0,15200.0,15625.0,38489300
2021-11-17,15800.0,15875.0,15700.0,15825.0,19203700
2021-11-18,15450.0,15800.0,15300.0,15800.0,28210500
2021-11-19,15500.0,15775.0,15200.0,15450.0,25591600
2021-11-22,15500.0,15675.0,15275.0,15500.0,21151400
2021-11-23,14700.0,15500.0,14700.0,15500.0,18673500
2021-11-24,15200.0,15500.0,14325.0,14700.0,38573200
2021-11-25,15200.0,15725.0,15200.0,15450.0,33567500
2021-11-26,14750.0,15475.0,14550.0,15225.0,21172600
2021-11-29,15375.0,15450.0,14500.0,14550.0,30523700
2021-11-30,15825.0,16125.0,15325.0,15375.0,28392600
2021-12-01,15550.0,15850.0,15025.0,15825.0,20305900
2021-12-02,15450.0,15575.0,15000.0,15525.0,17967900
2021-12-03,15250.0,16000.0,15200.0,15425.0,19171000
2021-12-06,15400.0,15875.0,15100.0,15200.0,22034400
2021-12-07,15100.0,15600.0,15075.0,15450.0,22444500
2021-12-08,15575.0,15600.0,15100.0,15100.0,25051200
2021-12-09,15725.0,15975.0,15500.0,15700.0,25714400
2021-12-10,15950.0,16000.0,15625.0,15725.0,21840100
2021-12-13,15775.0,16000.0,15550.0,16000.0,21613800
2021-12-14,15350.0,15800.0,15300.0,15800.0,15279000
2021-12-15,15625.0,16200.0,15350.0,15400.0,32746400
2021-12-16,16175.0,16175.0,15350.0,15725.0,28939300
2021-12-17,15900.0,16500.0,15800.0,16175.0,30740700
2021-12-20,15775.0,16125.0,15525.0,16000.0,25065300
2021-12-21,15775.0,15800.0,15550.0,15700.0,17748000
2021-12-22,16475.0,16625.0,15775.0,15800.0,45325200
2021-12-23,17650.0,17775.0,16500.0,16500.0,56203700
2021-12-24,17250.0,17875.0,17125.0,17500.0,21820200
2021-12-27,16825.0,17500.0,16800.0,17250.0,17444900
2021-12-28,17125.0,17275.0,16725.0,16825.0,28623200
2021-12-29,17125.0,17325.0,16850.0,17200.0,19443100
2021-12-30,16000.0,17250.0,16000.0,17125.0,30775900
2022-01-03,17325.0,17550.0,15975.0,16000.0,42672000
2022-01-04,17400.0,17875.0,17325.0,17375.0,28631200
2022-01-05,17775.0,18000.0,17200.0,17400.0,37666600
2022-01-06,18550.0,18675.0,17125.0,17700.0,49061300
2022-01-07,18800.0,18850.0,18200.0,18550.0,45626700
2022-01-10,18950.0,19150.0,18650.0,18800.0,43034600
2022-01-11,18325.0,19000.0,18100.0,18950.0,26293400
2022-01-12,17850.0,18500.0,17825.0,18325.0,38275700
2022-01-13,17375.0,18075.0,16850.0,17925.0,29782200
2022-01-14,18575.0,18900.0,17000.0,17400.0,61999700
2022-01-17,18650.0,19000.0,18375.0,18575.0,46151900
2022-01-18,18875.0,19400.0,18275.0,18650.0,47642500
2022-01-19,18975.0,19050.0,18700.0,18875.0,54171900
2022-01-20,18650.0,19500.0,18600.0,19100.0,60229900
2022-01-21,19000.0,19175.0,18200.0,18600.0,56571300
2022-01-24,18350.0,19475.0,18250.0,19050.0,49965000
2022-01-25,17075.0,18400.0,17075.0,18400.0,51032300
2022-01-26,15900.0,17000.0,15900.0,17000.0,66048000
2022-01-27,15900.0,16150.0,15000.0,15600.0,58755900
2022-01-28,16075.0,16475.0,15725.0,16000.0,45018600
2022-01-31,16400.0,16400.0,16050.0,16200.0,31025800
2022-02-02,17300.0,17300.0,16425.0,16500.0,52685300
2022-02-03,16600.0,17350.0,16425.0,17300.0,28600000
2022-02-04,16700.0,16875.0,16300.0,16550.0,21052900
2022-02-07,16500.0,17400.0,16175.0,16700.0,36466500
2022-02-08,16475.0,16700.0,15800.0,16500.0,22018300
2022-02-09,16150.0,16875.0,16025.0,16400.0,22895900
2022-02-10,15100.0,16500.0,15025.0,16300.0,59655200
2022-02-11,14950.0,15400.0,14225.0,15100.0,47930500
2022-02-14,14150.0,14950.0,13975.0,14900.0,47478700
2022-02-15,14425.0,14750.0,13750.0,14150.0,62535100
2022-02-16,15075.0,15250.0,14550.0,14600.0,45359900
2022-02-17,15200.0,15350.0,14800.0,15075.0,41933500
2022-02-18,15450.0,15675.0,15100.0,15275.0,44299200
2022-02-21,16000.0,16125.0,15450.0,15675.0,44154900
2022-02-22,16175.0,16525.0,15975.0,16025.0,49866500
2022-02-23,15950.0,16425.0,15800.0,16175.0,37748800
2022-02-24,15275.0,16150.0,15050.0,15900.0,51464800
2022-02-25,16175.0,16300.0,15200.0,15275.0,314138700
2022-03-01,16500.0,16900.0,15925.0,16125.0,53067400
2022-03-02,15750.0,16500.0,15450.0,16400.0,32623200
2022-03-04,15775.0,16100.0,15600.0,15750.0,21031700
2022-03-07,15775.0,15925.0,15175.0,15925.0,21625400
2022-03-08,15000.0,15775.0,15000.0,15575.0,21642700
2022-03-09,14950.0,15450.0,14800.0,14950.0,17230000
2022-03-10,15775.0,15850.0,15200.0,15200.0,31054900
2022-03-11,15600.0,15775.0,15250.0,15700.0,17719200
2022-03-14,15400.0,15600.0,15275.0,15600.0,19393400
2022-03-15,15000.0,15500.0,14400.0,15400.0,37775700
2022-03-16,15650.0,15700.0,15000.0,15000.0,29433600
2022-03-17,15550.0,15825.0,15450.0,15700.0,15102000
2022-03-18,15525.0,15650.0,15125.0,15375.0,20148300
2022-03-21,15525.0,15600.0,15125.0,15525.0,17585300
2022-03-22,15075.0,15650.0,14950.0,15525.0,18724900
2022-03-23,14500.0,15225.0,14500.0,15075.0,27813000
2022-03-24,14825.0,14875.0,14425.0,14500.0,20189500
2022-03-25,14350.0,14900.0,14300.0,14825.0,15068500
2022-03-28,14275.0,14550.0,14200.0,14350.0,14084800
2022-03-29,13975.0,14350.0,13950.0,14275.0,15641400
2022-03-30,14450.0,14600.0,13975.0,14100.0,18736300
2022-03-31,14650.0,14725.0,14200.0,14700.0,16795700
2022-04-01,14025.0,14650.0,13950.0,14625.0,18553700
2022-04-04,13800.0,14200.0,13700.0,14200.0,13284700
2022-04-05,13300.0,14000.0,13275.0,13875.0,15144600
2022-04-06,12950.0,13600.0,12800.0,13250.0,20777600
2022-04-07,13550.0,13975.0,12825.0,12950.0,29664700
2022-04-08,13750.0,13950.0,13225.0,13700.0,21525900
2022-04-11,13050.0,13850.0,13050.0,13850.0,8726400
2022-04-12,13300.0,13325.0,13000.0,13050.0,18586400
2022-04-13,13000.0,13300.0,12900.0,13300.0,13946700
2022-04-14,13000.0,13050.0,12800.0,13050.0,13170700
2022-04-18,12825.0,13100.0,12800.0,13000.0,7223700
2022-04-19,12575.0,12950.0,12550.0,12825.0,9511400
2022-04-20,12400.0,12700.0,12100.0,12625.0,14003800
2022-04-21,12425.0,12900.0,12250.0,12400.0,13165400
2022-04-22,12400.0,13200.0,12200.0,12375.0,18745700
2022-04-25,12275.0,12550.0,12100.0,12400.0,5458600
2022-04-26,12400.0,12500.0,12000.0,12275.0,12514900
2022-04-27,11850.0,12400.0,11750.0,12225.0,13700400
2022-04-28,11650.0,11975.0,11350.0,11900.0,23937600
2022-05-09,10850.0,11550.0,10850.0,11425.0,8127000
2022-05-10,10100.0,10600.0,10100.0,10600.0,9336000
2022-05-11,9400.0,9900.0,9400.0,9900.0,6245200
2022-05-12,8750.0,9000.0,8750.0,9000.0,2596600
2022-05-13,8150.0,8500.0,8150.0,8500.0,2806800
2022-05-17,7600.0,8000.0,7600.0,8000.0,6051800
2022-05-18,7075.0,7800.0,7075.0,7125.0,92767500
2022-05-19,8475.0,8475.0,6600.0,7050.0,128794800
2022-05-20,8375.0,8900.0,7925.0,8550.0,54270700
2022-05-23,7800.0,8650.0,7800.0,8375.0,24696500
2022-05-24,7900.0,8250.0,7525.0,7850.0,28559700
2022-05-25,7675.0,7950.0,7425.0,7850.0,21427300
2022-05-27,8775.0,8775.0,7700.0,7700.0,37967500
2022-05-30,9125.0,9175.0,8500.0,9000.0,39814200
2022-05-31,9375.0,9375.0,8725.0,9150.0,46326700
2022-06-02,8950.0,9300.0,8900.0,9300.0,16810300
2022-06-03,9000.0,9275.0,9000.0,9050.0,11779300
2022-06-06,8500.0,9075.0,8375.0,8900.0,19772300
2022-06-07,8200.0,8775.0,8200.0,8500.0,18914600
2022-06-08,8525.0,9000.0,8200.0,8300.0,31724700
2022-06-09,8900.0,9000.0,8550.0,8550.0,17259400
2022-06-10,8700.0,8900.0,8425.0,8800.0,21245500
2022-06-13,8450.0,8625.0,8100.0,8475.0,25016200
2022-06-14,9100.0,9150.0,8300.0,8500.0,17355200
2022-06-15,9100.0,9450.0,8925.0,9100.0,24569400
2022-06-16,9825.0,9925.0,9100.0,9250.0,29540200
2022-06-17,9500.0,9800.0,9150.0,9800.0,22439800
2022-06-20,9600.0,9625.0,9025.0,9450.0,17894500
2022-06-21,9450.0,9725.0,9350.0,9600.0,26042500
2022-06-22,9250.0,9600.0,9000.0,9550.0,33793700
2022-06-23,9025.0,9300.0,8900.0,9300.0,16506900
2022-06-24,9000.0,9225.0,8950.0,9050.0,18508500
2022-06-27,9200.0,9525.0,9025.0,9075.0,22127800
2022-06-28,9325.0,9400.0,8975.0,9200.0,14940300
2022-06-29,9400.0,9550.0,9175.0,9250.0,17302600
2022-06-30,9150.0,9575.0,8975.0,9400.0,16558700
2022-07-01,8525.0,9200.0,8525.0,9100.0,15366000
2022-07-04,7950.0,8500.0,7950.0,8500.0,9012500
2022-07-05,7525.0,8150.0,7525.0,7900.0,15651900
2022-07-06,7800.0,8025.0,7425.0,7625.0,17179400
2022-07-07,8525.0,8650.0,7800.0,7800.0,21123400
2022-07-08,9150.0,9200.0,8550.0,8550.0,19308700
2022-07-11,9200.0,9350.0,9025.0,9150.0,13711000
2022-07-12,8725.0,9200.0,8725.0,9200.0,9318500
2022-07-13,9200.0,9350.0,8700.0,8725.0,25105700
2022-07-14,8675.0,9475.0,8675.0,9200.0,20032000
2022-07-15,9075.0,9375.0,8600.0,8700.0,20328800
2022-07-18,9550.0,9800.0,9100.0,9125.0,25255000
2022-07-19,9700.0,9750.0,9475.0,9550.0,14283700
2022-07-20,9975.0,10000.0,9525.0,9750.0,28051000
2022-07-21,9650.0,10075.0,9550.0,9975.0,23118500
2022-07-22,9675.0,9800.0,9550.0,9700.0,15801800
2022-07-25,9800.0,9850.0,9625.0,9675.0,12072500
2022-07-26,10400.0,10725.0,9825.0,9900.0,32095400
2022-07-27,9900.0,10500.0,9875.0,10500.0,23476300
2022-07-28,10875.0,10900.0,9950.0,10150.0,29759800
2022-07-29,10575.0,11050.0,10575.0,10875.0,35402100
2022-08-01,10700.0,10975.0,10600.0,10600.0,28424400
2022-08-02,10625.0,10950.0,10475.0,10600.0,26037500
2022-08-03,11000.0,11000.0,10625.0,10625.0,13274400
2022-08-04,11000.0,11100.0,10900.0,11075.0,8067700
2022-08-05,10975.0,11000.0,10950.0,11000.0,7369000
2022-08-08,10800.0,11025.0,10700.0,11000.0,7453000
2022-08-09,10825.0,11000.0,10800.0,10800.0,6699100
2022-08-10,10975.0,10975.0,10650.0,10900.0,7061100
2022-08-11,10775.0,11100.0,10775.0,11000.0,10313600
2022-08-12,10200.0,10900.0,10100.0,10775.0,12294300
2022-08-15,9975.0,10400.0,9950.0,10225.0,8605900
2022-08-16,9725.0,10125.0,9600.0,10000.0,9426700
2022-08-18,9475.0,9725.0,9325.0,9725.0,10812200
2022-08-19,9550.0,9700.0,9450.0,9475.0,7439400
2022-08-22,9075.0,9600.0,9075.0,9550.0,9815400
2022-08-23,9000.0,9175.0,8925.0,9075.0,9971500
2022-08-24,8800.0,9075.0,8700.0,9000.0,11781600
2022-08-25,8700.0,8925.0,8625.0,8850.0,7983200
2022-08-26,8775.0,8925.0,8525.0,8750.0,13221100
2022-08-29,8225.0,8600.0,8200.0,8600.0,14275400
2022-08-30,8175.0,8375.0,8050.0,8225.0,12799400
2022-08-31,8425.0,8450.0,8100.0,8175.0,10436700
2022-09-01,8250.0,8575.0,8250.0,8425.0,4603400
2022-09-02,8300.0,8400.0,8250.0,8250.0,4325100
2022-09-05,8175.0,8325.0,8100.0,8300.0,3978400
2022-09-06,8175.0,8275.0,8175.0,8200.0,3444800
2022-09-07,7825.0,8250.0,7800.0,8200.0,10245200
2022-09-08,7900.0,8100.0,7850.0,7950.0,8050400
2022-09-09,7825.0,8000.0,7800.0,7975.0,4545900
2022-09-12,7675.0,7950.0,7650.0,7850.0,10001900
2022-09-13,8050.0,8300.0,7725.0,7750.0,21741000
2022-09-14,7675.0,7950.0,7650.0,7950.0,19684000
2022-09-15,7600.0,7900.0,7600.0,7725.0,15048700
2022-09-16,7250.0,7700.0,7200.0,7600.0,21421200
2022-09-19,7475.0,7600.0,7175.0,7250.0,12033000
2022-09-20,7375.0,7550.0,7350.0,7500.0,7325500
2022-09-21,7550.0,7600.0,7250.0,7400.0,7401200
2022-09-22,7425.0,7525.0,7200.0,7525.0,11158400
2022-09-23,7225.0,7450.0,7200.0,7425.0,10738500
2022-09-26,7175.0,7375.0,7150.0,7225.0,8956800
2022-09-27,7000.0,7225.0,6850.0,7200.0,13546200
2022-09-28,7000.0,7375.0,6900.0,7000.0,15680400
2022-09-29,6700.0,7200.0,6700.0,7100.0,10003200
2022-09-30,6600.0,6775.0,6450.0,6700.0,10348200
2022-10-03,6500.0,6825.0,6475.0,6600.0,8390800
2022-10-04,6675.0,6875.0,6500.0,6775.0,7987500
2022-10-05,6825.0,6850.0,6650.0,6725.0,6884000
2022-10-06,6950.0,6950.0,6750.0,6850.0,6024400
2022-10-07,6775.0,6950.0,6700.0,6950.0,6280600
2022-10-10,6500.0,6750.0,6500.0,6750.0,5502500
2022-10-11,6075.0,6525.0,6050.0,6500.0,21577100
2022-10-12,5800.0,6150.0,5675.0,6050.0,12869800
2022-10-13,5400.0,5825.0,5400.0,5800.0,11035800
2022-10-14,5025.0,5425.0,5025.0,5325.0,19802800
2022-10-17,4680.0,4860.0,4680.0,4700.0,17533900
2022-10-18,4900.0,4940.0,4380.0,4560.0,81081900
2022-10-19,5525.0,5750.0,4920.0,4950.0,70212400
2022-10-20,5400.0,5650.0,5325.0,5600.0,17446300
2022-10-21,5425.0,5900.0,5350.0,5400.0,26546800
2022-10-24,5500.0,5650.0,5375.0,5500.0,17770300
2022-10-25,5500.0,5800.0,5350.0,5525.0,20586900
2022-10-26,5125.0,5650.0,5125.0,5525.0,18692200
2022-10-27,5000.0,5225.0,4940.0,5125.0,11331000
2022-10-28,4820.0,5025.0,4810.0,5000.0,10493400
2022-10-31,5100.0,5200.0,4850.0,4850.0,14047700
2022-11-01,4850.0,5175.0,4800.0,5100.0,9596900
2022-11-02,4820.0,4930.0,4680.0,4860.0,10269100
2022-11-03,4820.0,4890.0,4720.0,4790.0,5284700
2022-11-04,4720.0,4840.0,4660.0,4820.0,7848600
2022-11-07,5100.0,5100.0,4660.0,4720.0,16384100
2022-11-08,4940.0,5125.0,4910.0,5100.0,5934600
2022-11-09,4850.0,4980.0,4810.0,4940.0,12851700
2022-11-10,4550.0,4900.0,4550.0,4820.0,13975400
2022-11-11,5675.0,5675.0,4970.0,5000.0,57344200
2022-11-14,5725.0,6075.0,5550.0,5825.0,31172800
2022-11-15,5900.0,6050.0,5550.0,5725.0,14183600
2022-11-16,6250.0,6300.0,5900.0,6025.0,27246100
2022-11-17,6025.0,6250.0,5975.0,6250.0,8237900
2022-11-18,6125.0,6150.0,5850.0,6025.0,8355100
2022-11-21,5700.0,6125.0,5700.0,6125.0,12456300
2022-11-22,5325.0,5675.0,5325.0,5575.0,12939300
2022-11-23,5275.0,5400.0,5025.0,5225.0,21625700
2022-11-24,5175.0,5475.0,5100.0,5325.0,10660400
2022-11-25,5100.0,5200.0,5025.0,5175.0,6183700
2022-11-28,4820.0,5200.0,4800.0,5075.0,12290800
2022-11-29,4690.0,4950.0,4670.0,4810.0,14837200
2022-11-30,4590.0,4780.0,4560.0,4720.0,38681700
2022-12-01,4510.0,4780.0,4490.0,4720.0,17213700
2022-12-02,4200.0,4510.0,4200.0,4510.0,22336900
2022-12-05,3950.0,4140.0,3910.0,3930.0,28368300
2022-12-06,4050.0,4110.0,3840.0,3950.0,15206500
2022-12-07,3980.0,4090.0,3900.0,4060.0,12982500
2022-12-08,3790.0,4010.0,3720.0,3980.0,19846000
2022-12-09,3530.0,3860.0,3530.0,3820.0,16735600
2022-12-12,3300.0,3490.0,3290.0,3480.0,18206100
2022-12-13,4120.0,4120.0,3300.0,3300.0,56505300
2022-12-14,4060.0,4400.0,4020.0,4250.0,28102400
2022-12-15,4040.0,4150.0,3860.0,4020.0,15005000
2022-12-16,4060.0,4060.0,3880.0,3980.0,15005000
2022-12-19,3840.0,4070.0,3790.0,4040.0,9573100
2022-12-20,3630.0,3840.0,3590.0,3840.0,15360200
2022-12-21,3680.0,3790.0,3630.0,3630.0,7634500
2022-12-22,3680.0,3770.0,3610.0,3760.0,4980700
2022-12-23,3740.0,3780.0,3630.0,3670.0,8854400
2022-12-26,3510.0,3750.0,3500.0,3720.0,7954500
2022-12-27,3580.0,3660.0,3510.0,3510.0,13795300
2022-12-28,3520.0,3600.0,3510.0,3600.0,7254800
2022-12-29,3510.0,3550.0,3400.0,3520.0,9680100
2022-12-30,3720.0,3850.0,3480.0,3540.0,30668500
2023-01-02,3630.0,3850.0,3610.0,3750.0,6302800
2023-01-03,3540.0,3710.0,3530.0,3630.0,8062000
2023-01-04,3510.0,3590.0,3460.0,3570.0,7443000
2023-01-05,3270.0,3540.0,3270.0,3520.0,18791500
2023-01-06,3060.0,3210.0,3050.0,3200.0,27403900
2023-01-09,2980.0,3170.0,2920.0,3100.0,13444500
2023-01-10,2970.0,3050.0,2880.0,3000.0,17239100
2023-01-11,2780.0,3010.0,2770.0,2980.0,18603200
2023-01-12,3200.0,3240.0,2800.0,2800.0,47957400
2023-01-13,3050.0,3290.0,3010.0,3250.0,24763500
2023-01-16,3090.0,3130.0,2860.0,3080.0,23449500
2023-01-17,3050.0,3170.0,3010.0,3080.0,21428000
2023-01-18,3120.0,3160.0,3030.0,3060.0,10158800
2023-01-19,3210.0,3270.0,3100.0,3100.0,13280400
2023-01-20,3210.0,3260.0,3180.0,3220.0,7143800
2023-01-24,3190.0,3390.0,3100.0,3250.0,20565700
2023-01-25,3450.0,3540.0,3150.0,3200.0,47957200
2023-01-26,3580.0,3660.0,3450.0,3450.0,24347700
2023-01-27,3330.0,3650.0,3330.0,3600.0,28652500
2023-01-30,3220.0,3370.0,3140.0,3330.0,16252900
2023-01-31,3210.0,3260.0,3150.0,3240.0,10074900
2023-02-01,3190.0,3280.0,3160.0,3210.0,14289700
2023-02-02,3600.0,3650.0,3240.0,3240.0,51419600
2023-02-03,3640.0,3790.0,3560.0,3660.0,29408700
2023-02-06,3630.0,3680.0,3510.0,3600.0,10301000
2023-02-07,3470.0,3730.0,3450.0,3630.0,25747700
2023-02-08,3430.0,3540.0,3420.0,3500.0,10703400
2023-02-09,3300.0,3470.0,3280.0,3460.0,20400000
2023-02-10,3070.0,3070.0,3070.0,3070.0,11315200
2023-02-13,2870.0,3030.0,2860.0,2860.0,58579500
2023-02-14,2820.0,2960.0,2780.0,2910.0,41644600
2023-02-15,2870.0,2920.0,2820.0,2820.0,26865800
2023-02-16,3030.0,3070.0,2830.0,2900.0,75244000
2023-02-17,2980.0,3080.0,2970.0,3030.0,24550400
2023-02-20,2960.0,3020.0,2920.0,3000.0,18899300
2023-02-21,2960.0,2990.0,2940.0,2980.0,10862800
2023-02-22,2760.0,2910.0,2760.0,2910.0,46867100
2023-02-23,2600.0,2790.0,2570.0,2760.0,50393700
2023-02-24,2530.0,2680.0,2520.0,2600.0,30454900
2023-02-27,2470.0,2530.0,2430.0,2530.0,50844500
2023-02-28,2510.0,2580.0,2440.0,2440.0,380263900
2023-03-01,2690.0,2830.0,2620.0,2620.0,142251100
2023-03-02,2850.0,2880.0,2660.0,2710.0,57942300
2023-03-03,2750.0,2900.0,2750.0,2860.0,43809000
2023-03-06,2770.0,2830.0,2740.0,2780.0,21953800
2023-03-07,2600.0,2800.0,2580.0,2780.0,52131300
2023-03-08,2560.0,2660.0,2520.0,2590.0,33946500
2023-03-09,2710.0,2760.0,2570.0,2570.0,34167100
2023-03-10,2620.0,2680.0,2540.0,2680.0,44075900
2023-03-13,2560.0,2630.0,2520.0,2550.0,24112100
2023-03-14,2390.0,2580.0,2390.0,2540.0,53632600
2023-03-15,2260.0,2470.0,2230.0,2430.0,33421400
2023-03-16,2160.0,2220.0,2110.0,2220.0,40577800
2023-03-17,2240.0,2270.0,2160.0,2210.0,36574900
2023-03-20,2140.0,2250.0,2120.0,2240.0,16768900
2023-03-21,2350.0,2370.0,2170.0,2170.0,51113400
2023-03-24,2380.0,2440.0,2350.0,2370.0,36096500
2023-03-27,2280.0,2400.0,2280.0,2390.0,27808900
2023-03-28,2230.0,2330.0,2160.0,2300.0,41810900
2023-03-29,2430.0,2520.0,2230.0,2230.0,82593100
2023-03-30,2490.0,2600.0,2420.0,2460.0,43083600
2023-03-31,2420.0,2540.0,2420.0,2500.0,18519400
2023-04-03,2490.0,2520.0,2410.0,2470.0,11368300
2023-04-04,2390.0,2510.0,2370.0,2500.0,16333200
2023-04-05,2390.0,2430.0,2350.0,2390.0,13992500
2023-04-06,2330.0,2400.0,2320.0,2400.0,14606300
2023-04-10,2240.0,2360.0,2230.0,2330.0,8928200
2023-04-11,2350.0,2370.0,2250.0,2250.0,15601000
2023-04-12,2290.0,2380.0,2280.0,2350.0,14364200
2023-04-13,2240.0,2340.0,2240.0,2300.0,6038000
2023-04-14,2200.0,2380.0,2200.0,2280.0,38855900
2023-04-17,2140.0,2230.0,2090.0,2210.0,16236400
2023-04-18,2090.0,2190.0,2060.0,2150.0,26240200
2023-04-26,2000.0,2110.0,1960.0,2100.0,40443700
2023-04-27,1995.0,2070.0,1965.0,2000.0,27546200
2023-04-28,2070.0,2140.0,1990.0,2020.0,33966100
2023-05-02,2130.0,2160.0,2070.0,2080.0,28998900
2023-05-03,2170.0,2210.0,2100.0,2130.0,31217200
2023-05-04,2140.0,2180.0,2110.0,2180.0,22934800
2023-05-05,2180.0,2250.0,2120.0,2140.0,26093300
2023-05-08,2240.0,2280.0,2200.0,2260.0,19762000
2023-05-09,2310.0,2380.0,2190.0,2260.0,35356700
2023-05-10,2340.0,2380.0,2290.0,2310.0,26722800
2023-05-11,2320.0,2530.0,2300.0,2350.0,31386200
2023-05-12,2490.0,2520.0,2330.0,2350.0,44771200
2023-05-15,2450.0,2530.0,2400.0,2500.0,23240400
2023-05-16,2420.0,2490.0,2380.0,2450.0,11497400
2023-05-17,2380.0,2440.0,2330.0,2420.0,11655100
2023-05-19,2410.0,2450.0,2390.0,2410.0,7455900
2023-05-22,2530.0,2560.0,2360.0,2420.0,23432400
2023-05-23,2620.0,2670.0,2530.0,2530.0,37159700
2023-05-24,2550.0,2620.0,2510.0,2620.0,19049100
2023-05-25,2510.0,2590.0,2480.0,2550.0,6355900
2023-05-26,2340.0,2570.0,2340.0,2530.0,22336000
2023-05-29,2300.0,2370.0,2240.0,2330.0,26139000
2023-05-30,2420.0,2450.0,2310.0,2330.0,20925000
2023-05-31,2380.0,2460.0,2310.0,2430.0,14717400
2023-06-05,2500.0,2580.0,2400.0,2400.0,27674500
2023-06-06,2570.0,2600.0,2470.0,2520.0,25139000
2023-06-07,2630.0,2700.0,2510.0,2580.0,43505700
2023-06-08,2940.0,2980.0,2600.0,2620.0,62637400
2023-06-09,3190.0,3190.0,3030.0,3030.0,68895800
2023-06-12,3150.0,3320.0,3080.0,3190.0,37557800
2023-06-13,3080.0,3250.0,3070.0,3170.0,23564600
2023-06-14,3100.0,3160.0,2980.0,3100.0,34666500
2023-06-15,2920.0,3140.0,2890.0,3110.0,25130300
2023-06-16,2920.0,3010.0,2920.0,2930.0,16136200
2023-06-19,2980.0,3040.0,2900.0,2940.0,21413000
2023-06-20,2910.0,3010.0,2860.0,3000.0,19214700
2023-06-21,3220.0,3230.0,2900.0,2910.0,40243800
2023-06-22,3230.0,3280.0,3150.0,3220.0,35281900
2023-06-23,3070.0,3250.0,3070.0,3230.0,18573400
2023-06-26,3220.0,3220.0,2980.0,3080.0,35927500
2023-06-27,3180.0,3330.0,3170.0,3220.0,29003700
2023-07-03,3240.0,3250.0,3160.0,3190.0,16774300
2023-07-04,3460.0,3490.0,3240.0,3240.0,31049500
2023-07-05,3350.0,3520.0,3330.0,3480.0,20909600
2023-07-06,3300.0,3400.0,3280.0,3340.0,17893300
2023-07-07,3230.0,3370.0,3220.0,3290.0,12966800
2023-07-10,3150.0,3310.0,3150.0,3220.0,22207900
2023-07-11,3160.0,3250.0,3150.0,3150.0,11306300
2023-07-12,3160.0,3250.0,3160.0,3180.0,15311200
2023-07-13,3210.0,3320.0,3170.0,3220.0,21911800
2023-07-14,3200.0,3250.0,3180.0,3240.0,6739400
2023-07-17,3200.0,3260.0,3190.0,3210.0,12160400
2023-07-18,3020.0,3220.0,3010.0,3200.0,25175000
2023-07-20,3020.0,3080.0,3010.0,3040.0,15984400
2023-07-21,3040.0,3050.0,3000.0,3020.0,12906900
2023-07-24,2960.0,3080.0,2920.0,3050.0,27010100
2023-07-25,2990.0,3030.0,2960.0,2960.0,17707400
2023-07-26,2980.0,3020.0,2950.0,2990.0,17579500
2023-07-27,3010.0,3080.0,2980.0,2980.0,18969200
2023-07-28,3010.0,3030.0,2930.0,3010.0,16339700
2023-07-31,2910.0,3030.0,2890.0,3020.0,21183100
2023-08-01,2940.0,3010.0,2870.0,2970.0,29842500
2023-08-02,2650.0,2950.0,2640.0,2940.0,41170500
2023-08-03,2670.0,2720.0,2590.0,2650.0,24689900
2023-08-04,2650.0,2690.0,2630.0,2670.0,14263600
2023-08-07,2600.0,2680.0,2580.0,2650.0,10591500
2023-08-08,2730.0,2760.0,2600.0,2600.0,19128400
2023-08-09,2600.0,2780.0,2550.0,2740.0,16092700
2023-08-10,2560.0,2630.0,2560.0,2590.0,11330800
2023-08-11,2600.0,2620.0,2560.0,2560.0,10279000
2023-08-14,2620.0,2640.0,2510.0,2600.0,17210900
2023-08-15,2580.0,2650.0,2570.0,2650.0,9834800
2023-08-16,2640.0,2720.0,2580.0,2600.0,18637500
2023-08-18,2590.0,2670.0,2590.0,2640.0,7223100
2023-08-21,2510.0,2610.0,2490.0,2590.0,12890900
2023-08-22,2520.0,2540.0,2480.0,2530.0,7854100
2023-08-23,2500.0,2550.0,2500.0,2520.0,6538800
2023-08-24,2500.0,2590.0,2500.0,2500.0,9349400
2023-08-25,2420.0,2530.0,2400.0,2500.0,10204200
2023-08-28,2410.0,2460.0,2410.0,2450.0,3320000
2023-08-29,2390.0,2480.0,2380.0,2420.0,11395400
2023-08-30,2290.0,2420.0,2280.0,2400.0,20063100
2023-08-31,2330.0,2360.0,2290.0,2290.0,14852500
2023-09-01,2300.0,2330.0,2280.0,2330.0,12327600
2023-09-04,2220.0,2320.0,2200.0,2300.0,14189400
2023-09-05,2170.0,2230.0,2160.0,2220.0,10498100
2023-09-06,2170.0,2220.0,2160.0,2170.0,8700000
2023-09-07,2290.0,2370.0,2180.0,2180.0,32346300
2023-09-08,2300.0,2350.0,2220.0,2290.0,14952300
2023-09-11,2420.0,2470.0,2300.0,2320.0,27758300
2023-09-12,2340.0,2460.0,2310.0,2430.0,15191800
2023-09-13,2360.0,2420.0,2310.0,2340.0,14272700
2023-09-14,2330.0,2400.0,2320.0,2370.0,12543000
2023-09-15,2250.0,2350.0,2250.0,2350.0,20892400
2023-09-18,2220.0,2280.0,2180.0,2270.0,17080400
2023-09-19,2290.0,2380.0,2200.0,2210.0,17152500
2023-09-20,2270.0,2370.0,2270.0,2310.0,16248900
2023-09-21,2220.0,2270.0,2200.0,2270.0,7827600
2023-09-22,2230.0,2260.0,2220.0,2220.0,3030700
2023-09-25,2210.0,2250.0,2200.0,2230.0,6167700
2023-09-26,2120.0,2270.0,2110.0,2220.0,16491400
2023-09-27,2030.0,2140.0,2000.0,2120.0,22757200
2023-09-29,2020.0,2080.0,2020.0,2030.0,7130900
2023-10-02,2040.0,2070.0,2010.0,2040.0,9524900
2023-10-03,2040.0,2070.0,2020.0,2040.0,6454700
2023-10-04,2020.0,2040.0,1975.0,2040.0,9829300
2023-10-05,2010.0,2060.0,2000.0,2010.0,5688300
2023-10-06,1995.0,2020.0,1985.0,2010.0,6218500
2023-10-09,1985.0,2020.0,1970.0,2000.0,6298500
2023-10-10,1930.0,1995.0,1925.0,1990.0,13301700
2023-10-11,1870.0,1975.0,1865.0,1935.0,20898400
2023-10-12,1770.0,1915.0,1725.0,1870.0,37923800
2023-10-13,1620.0,1780.0,1610.0,1770.0,57966900
2023-10-16,1830.0,1850.0,1530.0,1615.0,55584500
2023-10-17,1840.0,1960.0,1810.0,1835.0,33274300
2023-10-18,1720.0,1855.0,1720.0,1850.0,13534000
2023-10-19,1700.0,1820.0,1665.0,1720.0,15977600
2023-10-20,1710.0,1735.0,1655.0,1690.0,10287900
2023-10-23,1695.0,1745.0,1680.0,1720.0,5934700
2023-10-24,1720.0,1760.0,1695.0,1710.0,6872500
2023-10-25,1660.0,1765.0,1660.0,1725.0,10409700
2023-10-26,1605.0,1665.0,1585.0,1665.0,9521900
2023-10-27,1610.0,1650.0,1605.0,1620.0,4615700
2023-10-30,1565.0,1615.0,1560.0,1610.0,7540600
2023-10-31,1575.0,1620.0,1535.0,1600.0,7374000
2023-11-01,1535.0,1600.0,1535.0,1585.0,13091500
2023-11-02,1610.0,1670.0,1550.0,1550.0,23416800
2023-11-03,1800.0,1900.0,1615.0,1645.0,53186200
2023-11-06,1945.0,1975.0,1840.0,1850.0,50050500
2023-11-07,1960.0,2030.0,1905.0,1965.0,27119900
2023-11-08,1910.0,1980.0,1905.0,1960.0,11611000
2023-11-09,2070.0,2080.0,1915.0,1915.0,30221200
2023-11-10,2060.0,2120.0,1990.0,2060.0,30929700
2023-11-13,1950.0,2090.0,1935.0,2060.0,27045300
2023-11-14,2050.0,2070.0,1930.0,1955.0,19842400
2023-11-15,2300.0,2350.0,2130.0,2130.0,73838900
2023-11-16,2300.0,2400.0,2250.0,2320.0,40168000
2023-11-17,2290.0,2350.0,2260.0,2300.0,18291300
2023-11-20,2340.0,2380.0,2290.0,2290.0,19216000
2023-11-21,2330.0,2430.0,2300.0,2380.0,22272600
2023-11-22,2290.0,2370.0,2220.0,2330.0,15856400
2023-11-23,2860.0,2860.0,2310.0,2320.0,170260900
2023-11-24,3090.0,3310.0,2820.0,2860.0,168758600
2023-11-27,3120.0,3330.0,3100.0,3150.0,95674200
2023-11-28,3050.0,3230.0,3010.0,3120.0,46204100
2023-11-29,3200.0,3260.0,3040.0,3050.0,64412900
2023-11-30,3200.0,3310.0,3150.0,3260.0,128881400
2023-12-01,3490.0,3500.0,3020.0,3150.0,85697500
2023-12-04,3090.0,3550.0,3040.0,3490.0,67931900
2023-12-05,3180.0,3290.0,3040.0,3080.0,56900400
2023-12-06,3030.0,3250.0,3010.0,3210.0,32061500
2023-12-07,3000.0,3130.0,2820.0,3050.0,74647600
2023-12-08,3180.0,3220.0,2960.0,3040.0,40221100
2023-12-11,3110.0,3430.0,3070.0,3250.0,64395800
2023-12-12,3600.0,3860.0,3130.0,3130.0,138768800
2023-12-13,3200.0,3640.0,3140.0,3550.0,86325500
2023-12-14,3300.0,3500.0,3250.0,3500.0,89153500
2023-12-15,3210.0,3360.0,3150.0,3310.0,32270700
2023-12-18,2950.0,3210.0,2850.0,3210.0,56602100
2023-12-19,3010.0,3080.0,2910.0,2910.0,28597100
2023-12-20,2970.0,3070.0,2960.0,3040.0,16038200
2023-12-21,2970.0,3000.0,2900.0,2950.0,11397400
2023-12-22,2930.0,3080.0,2920.0,2970.0,14809300
2023-12-27,2970.0,3010.0,2940.0,2960.0,7535000
2023-12-28,2940.0,3010.0,2920.0,2990.0,7909800
2023-12-29,2900.0,2970.0,2860.0,2960.0,7581900
2024-01-02,2930.0,2980.0,2870.0,2920.0,6281400
2024-01-03,3160.0,3190.0,2900.0,2940.0,37418400
2024-01-04,3130.0,3170.0,3080.0,3150.0,13957800
2024-01-05,3090.0,3240.0,3090.0,3130.0,16502900
2024-01-08,3030.0,3120.0,3030.0,3100.0,8818000
2024-01-09,3170.0,3200.0,3080.0,3080.0,30046500
2024-01-10,3250.0,3290.0,3180.0,3180.0,20964900
2024-01-11,3390.0,3450.0,3280.0,3280.0,31898700
2024-01-12,3400.0,3450.0,3190.0,3400.0,31956100
2024-01-15,3440.0,3480.0,3340.0,3400.0,21912700
2024-01-16,3460.0,3480.0,3410.0,3480.0,9684700
2024-01-17,3370.0,3460.0,3310.0,3460.0,23227200
2024-01-18,3380.0,3440.0,3340.0,3370.0,13257600
2024-01-19,3500.0,3570.0,3370.0,3390.0,28018100
2024-01-22,3650.0,3700.0,3520.0,3540.0,29451700
2024-01-23,3570.0,3690.0,3550.0,3650.0,13770800
2024-01-24,3530.0,3650.0,3520.0,3580.0,13975700
2024-01-25,3560.0,3660.0,3480.0,3490.0,14068200
2024-01-26,3400.0,3580.0,3340.0,3560.0,19987600
2024-01-29,3140.0,3450.0,3090.0,3400.0,25247300
2024-01-30,3230.0,3260.0,3140.0,3150.0,22633200
2024-01-31,3210.0,3260.0,3140.0,3230.0,15558700
2024-02-01,3170.0,3330.0,3150.0,3220.0,17202400
2024-02-02,3070.0,3210.0,3060.0,3190.0,16041500
2024-02-05,3050.0,3110.0,3010.0,3090.0,8592600
2024-02-06,3040.0,3140.0,3030.0,3070.0,10601800
2024-02-07,3050.0,3130.0,3050.0,3060.0,7945600
2024-02-12,3150.0,3160.0,3090.0,3110.0,15859200
2024-02-13,3100.0,3170.0,3080.0,3150.0,10692400
2024-02-15,3110.0,3150.0,3090.0,3120.0,10640000
2024-02-16,2960.0,3130.0,2940.0,3110.0,22010000
2024-02-19,2740.0,2950.0,2680.0,2950.0,44756300
2024-02-20,2690.0,2810.0,2680.0,2750.0,17095300
2024-02-21,2600.0,2730.0,2520.0,2700.0,28381600
2024-02-22,2590.0,2670.0,2520.0,2610.0,15150400
2024-02-23,2540.0,2630.0,2530.0,2600.0,12993400
2024-02-26,2550.0,2570.0,2500.0,2550.0,7430700
2024-02-27,2550.0,2620.0,2520.0,2560.0,13036900
2024-02-28,2530.0,2590.0,2510.0,2570.0,9286000
2024-02-29,2710.0,2710.0,2520.0,2530.0,21178900
2024-03-01,2690.0,2730.0,2650.0,2660.0,12217200
2024-03-04,2620.0,2720.0,2580.0,2690.0,6909900
2024-03-05,2670.0,2740.0,2630.0,2630.0,9388200
2024-03-06,2910.0,2930.0,2690.0,2690.0,37337000
2024-03-07,2850.0,2930.0,2800.0,2920.0,16478700
2024-03-08,2780.0,2920.0,2760.0,2850.0,13611900
2024-03-13,2710.0,2820.0,2700.0,2780.0,9456300
2024-03-14,2740.0,2840.0,2710.0,2720.0,13297400
2024-03-15,2700.0,2790.0,2700.0,2760.0,6223200
2024-03-18,2720.0,2790.0,2650.0,2710.0,10861000
2024-03-19,2670.0,2750.0,2660.0,2740.0,10696000
2024-03-20,2570.0,2680.0,2560.0,2670.0,13349200
2024-03-21,2680.0,2700.0,2600.0,2600.0,8909400
2024-03-22,2700.0,2780.0,2680.0,2700.0,14766100
2024-03-25,2780.0,2790.0,2700.0,2790.0,9741800
2024-03-26,2800.0,2840.0,2760.0,2840.0,15445800
2024-03-27,2730.0,2830.0,2730.0,2810.0,6112600
2024-03-28,2670.0,2750.0,2660.0,2740.0,4323800
2024-04-01,2590.0,2670.0,2570.0,2670.0,5671700
2024-04-02,2670.0,2670.0,2540.0,2610.0,6794600
2024-04-03,2630.0,2680.0,2610.0,2660.0,1809700
2024-04-04,2580.0,2640.0,2570.0,2630.0,8141300
2024-04-05,2530.0,2590.0,2520.0,2570.0,11924000
2024-04-16,2300.0,2380.0,2210.0,2370.0,16088900
2024-04-17,2120.0,2350.0,2110.0,2310.0,19114600
2024-04-18,2160.0,2220.0,2120.0,2120.0,17760800
2024-04-19,2130.0,2190.0,2080.0,2120.0,12090800
2024-04-22,2180.0,2200.0,2110.0,2140.0,5994700
2024-04-23,2190.0,2240.0,2150.0,2180.0,7987300
2024-04-24,2170.0,2270.0,2150.0,2210.0,10704200
2024-04-25,2140.0,2180.0,2080.0,2170.0,12289300
2024-04-26,2040.0,2150.0,2040.0,2150.0,6449100
2024-04-29,2100.0,2160.0,2040.0,2070.0,11509100
2024-04-30,2150.0,2180.0,2110.0,2120.0,5716700
2024-05-02,2060.0,2180.0,2040.0,2180.0,8896800
2024-05-03,2110.0,2150.0,2060.0,2090.0,7934300
2024-05-06,2220.0,2240.0,2140.0,2140.0,11493700
2024-05-07,2260.0,2270.0,2210.0,2240.0,8810700
2024-05-08,2240.0,2300.0,2230.0,2270.0,9594100
2024-05-13,2250.0,2280.0,2230.0,2240.0,5775600
2024-05-14,2310.0,2350.0,2250.0,2260.0,11311800
2024-05-15,2280.0,2340.0,2270.0,2320.0,9736100
2024-05-16,2280.0,2340.0,2270.0,2330.0,11269000
2024-05-17,2290.0,2310.0,2240.0,2280.0,8128500
2024-05-20,2400.0,2440.0,2260.0,2290.0,14882200
2024-05-21,2350.0,2470.0,2320.0,2410.0,14097400
2024-05-22,2390.0,2430.0,2340.0,2370.0,20299300
2024-05-27,2400.0,2460.0,2390.0,2400.0,16115000
2024-05-28,2390.0,2410.0,2310.0,2400.0,11555000
2024-05-29,2280.0,2400.0,2270.0,2400.0,12552700
2024-05-30,2270.0,2300.0,2220.0,2280.0,9712100
2024-05-31,2410.0,2440.0,2270.0,2270.0,21149200
2024-06-03,2390.0,2430.0,2370.0,2420.0,9160700
2024-06-04,2310.0,2400.0,2270.0,2400.0,10523900
2024-06-05,2270.0,2310.0,2250.0,2310.0,8544400
2024-06-06,2300.0,2320.0,2260.0,2280.0,5950000
2024-06-07,2330.0,2370.0,2300.0,2310.0,7328000
2024-06-10,2140.0,2350.0,2070.0,2340.0,20326800
2024-06-11,2140.0,2190.0,2120.0,2140.0,6742000
2024-06-12,2140.0,2160.0,2070.0,2150.0,7757500
2024-06-13,2140.0,2190.0,2090.0,2170.0,5433500
2024-06-14,2030.0,2150.0,2000.0,2140.0,5982000
2024-06-19,1900.0,2050.0,1900.0,2040.0,7488600
2024-06-20,1965.0,1965.0,1895.0,1900.0,4894800
2024-06-21,2100.0,2150.0,1965.0,1965.0,13093200
2024-06-24,2230.0,2280.0,2110.0,2110.0,18251700
2024-06-25,2140.0,2260.0,2120.0,2240.0,5774200
2024-06-26,2200.0,2210.0,2130.0,2150.0,5065000
2024-06-27,2200.0,2270.0,2190.0,2230.0,8210600
2024-06-28,2410.0,2450.0,2230.0,2250.0,41568300
2024-07-01,2380.0,2460.0,2340.0,2420.0,12749400
2024-07-02,2380.0,2520.0,2350.0,2400.0,18065900
2024-07-03,2390.0,2440.0,2370.0,2410.0,9300600
2024-07-04,2310.0,2470.0,2280.0,2390.0,15989500
2024-07-05,2230.0,2340.0,2220.0,2330.0,8766700
2024-07-08,2350.0,2360.0,2230.0,2230.0,11225500
2024-07-09,2360.0,2380.0,2310.0,2360.0,4805000
2024-07-10,2280.0,2400.0,2230.0,2400.0,10963300
2024-07-11,2280.0,2290.0,2220.0,2290.0,10492900
2024-07-12,2320.0,2350.0,2250.0,2300.0,12763600
2024-07-15,2260.0,2320.0,2250.0,2320.0,7264200
2024-07-16,2250.0,2310.0,2240.0,2260.0,6288400
2024-07-17,2360.0,2390.0,2250.0,2250.0,22262400
2024-07-18,2400.0,2470.0,2360.0,2360.0,31430300
2024-07-19,2310.0,2410.0,2310.0,2400.0,13550700
2024-07-22,2390.0,2390.0,2310.0,2320.0,6187100
2024-07-23,2530.0,2590.0,2380.0,2400.0,35056400
2024-07-24,2450.0,2640.0,2410.0,2560.0,40215600
2024-07-25,2430.0,2440.0,2360.0,2440.0,12785000
2024-07-26,2570.0,2580.0,2440.0,2450.0,16041100
2024-07-29,2490.0,2580.0,2450.0,2570.0,17590100
2024-07-30,2670.0,2690.0,2500.0,2500.0,38554200
2024-07-31,2700.0,2820.0,2670.0,2670.0,46016400
2024-08-01,2710.0,2770.0,2670.0,2730.0,14168300
2024-08-02,2710.0,2820.0,2620.0,2680.0,22569700
2024-08-05,2690.0,2820.0,2620.0,2710.0,32355800
2024-08-06,2690.0,2750.0,2650.0,2700.0,16441600
2024-08-07,2680.0,2710.0,2670.0,2690.0,5461300
2024-08-08,2820.0,2840.0,2660.0,2680.0,22222900
2024-08-09,2840.0,2880.0,2790.0,2850.0,14513800
2024-08-12,2770.0,2850.0,2760.0,2850.0,12901000
2024-08-13,2770.0,2770.0,2720.0,2770.0,10299500
2024-08-14,2790.0,2860.0,2780.0,2800.0,13337700
2024-08-15,2800.0,2810.0,2750.0,2800.0,7154700
2024-08-16,2750.0,2830.0,2750.0,2810.0,5531000
2024-08-19,2730.0,2790.0,2680.0,2750.0,11410000
2024-08-20,2960.0,2980.0,2730.0,2730.0,33497700
2024-08-21,2900.0,3080.0,2900.0,2970.0,25083300
2024-08-22,2870.0,2960.0,2850.0,2900.0,17764700
2024-08-23,2870.0,2960.0,2870.0,2900.0,13330200
2024-08-26,2890.0,2930.0,2880.0,2910.0,9052800
2024-08-27,2860.0,2900.0,2840.0,2890.0,8600300
2024-08-28,2890.0,2920.0,2840.0,2890.0,16147400
2024-08-29,2870.0,2930.0,2870.0,2900.0,9525300
2024-08-30,2870.0,2990.0,2870.0,2870.0,18661100
2024-09-02,2960.0,3020.0,2900.0,2900.0,22182400
2024-09-03,2810.0,3000.0,2770.0,3000.0,20327400
2024-09-04,2770.0,2810.0,2730.0,2790.0,16356200
2024-09-05,2770.0,2810.0,2750.0,2780.0,9557200
2024-09-06,2780.0,2840.0,2750.0,2770.0,9866200
2024-09-09,2780.0,2900.0,2750.0,2810.0,17772800
2024-09-10,2840.0,2850.0,2790.0,2810.0,10671600
2024-09-11,2780.0,2860.0,2780.0,2860.0,10329800
2024-09-12,2820.0,2880.0,2790.0,2800.0,14107100
2024-09-13,2810.0,2860.0,2810.0,2830.0,7586500
2024-09-17,2990.0,2990.0,2830.0,2830.0,31218300
2024-09-18,3090.0,3170.0,3000.0,3000.0,46702300
2024-09-19,3140.0,3170.0,3100.0,3110.0,21715000
2024-09-20,3030.0,3160.0,3030.0,3150.0,176047400
2024-09-23,3180.0,3210.0,3030.0,3030.0,19563600
2024-09-24,3150.0,3220.0,3090.0,3200.0,11531900
2024-09-25,3080.0,3180.0,3040.0,3140.0,11088600
2024-09-26,3150.0,3170.0,3080.0,3080.0,10313500
2024-09-27,3160.0,3160.0,3060.0,3150.0,6963700
2024-09-30,3050.0,3170.0,3030.0,3160.0,8116600
2024-10-01,3040.0,3090.0,2930.0,3050.0,12675400
2024-10-02,2940.0,3030.0,2860.0,3030.0,14060200
2024-10-03,2950.0,2960.0,2900.0,2940.0,5782300
2024-10-04,2830.0,2940.0,2790.0,2940.0,14318000
2024-10-07,2860.0,2870.0,2770.0,2830.0,8095900
2024-10-08,2870.0,2920.0,2800.0,2860.0,13024300
2024-10-09,2830.0,2900.0,2820.0,2890.0,3730500
2024-10-10,2800.0,2860.0,2770.0,2830.0,6768700
2024-10-11,2860.0,2870.0,2800.0,2810.0,5933800
2024-10-14,2920.0,2940.0,2880.0,2890.0,9072200
2024-10-15,2900.0,2930.0,2880.0,2920.0,6527600
2024-10-16,2820.0,2910.0,2800.0,2890.0,8110500
2024-10-17,2860.0,2900.0,2820.0,2830.0,5543400
2024-10-18,2860.0,2890.0,2840.0,2880.0,2475200
2024-10-21,2960.0,2970.0,2810.0,2870.0,13777800
2024-10-22,2930.0,2990.0,2930.0,2960.0,7229700
2024-10-23,2960.0,2960.0,2900.0,2930.0,5619000
2024-10-24,2920.0,2980.0,2910.0,2960.0,2850000
2024-10-25,2860.0,2940.0,2850.0,2930.0,4963100
2024-10-28,2900.0,2900.0,2760.0,2860.0,6425600
2024-10-29,2890.0,2950.0,2850.0,2900.0,5244800
2024-10-30,2850.0,2900.0,2820.0,2900.0,4450800
2024-10-31,2840.0,2890.0,2790.0,2860.0,11266600
2024-11-01,2800.0,2840.0,2760.0,2820.0,5397800
2024-11-04,2720.0,2800.0,2680.0,2800.0,6192200
2024-11-05,2740.0,2740.0,2690.0,2710.0,3929300
2024-11-06,2560.0,2750.0,2560.0,2740.0,7065600
2024-11-07,2570.0,2620.0,2500.0,2550.0,3782300
2024-11-08,2600.0,2640.0,2550.0,2580.0,2204400
2024-11-11,2500.0,2630.0,2400.0,2600.0,9483100
2024-11-12,2460.0,2530.0,2410.0,2500.0,13041300
2024-11-13,2560.0,2600.0,2420.0,2450.0,18261700
2024-11-14,2550.0,2600.0,2480.0,2570.0,8998300
2024-11-15,2490.0,2540.0,2440.0,2540.0,7591400
2024-11-18,2460.0,2510.0,2440.0,2490.0,3920000
2024-11-19,2550.0,2620.0,2480.0,2480.0,7658600
2024-11-20,2660.0,2730.0,2580.0,2600.0,15593500
2024-11-21,2660.0,2750.0,2660.0,2670.0,9072500
2024-11-22,2730.0,2760.0,2670.0,2680.0,10611200
2024-11-25,2740.0,2770.0,2680.0,2740.0,9781200
2024-11-26,2640.0,2740.0,2630.0,2740.0,4853500
2024-11-28,2670.0,2710.0,2630.0,2650.0,3752100
2024-11-29,2640.0,2650.0,2580.0,2630.0,4118400
2024-12-02,2500.0,2640.0,2460.0,2640.0,8316200
2024-12-03,2580.0,2600.0,2500.0,2500.0,5666600
2024-12-04,2580.0,2610.0,2550.0,2560.0,4879900
2024-12-05,2550.0,2600.0,2520.0,2590.0,2352900
2024-12-06,2700.0,2750.0,2560.0,2560.0,11499200
2024-12-09,2680.0,2730.0,2660.0,2710.0,2464800
2024-12-10,2690.0,2730.0,2590.0,2680.0,7305400
2024-12-11,2670.0,2690.0,2640.0,2640.0,3823600
2024-12-12,2600.0,2670.0,2570.0,2670.0,4917500
2024-12-13,2630.0,2640.0,2590.0,2610.0,2817600
2024-12-16,2600.0,2650.0,2560.0,2650.0,4341600
2024-12-17,2590.0,2660.0,2520.0,2620.0,3894800
2024-12-18,2590.0,2600.0,2530.0,2590.0,2647200
2024-12-19,2350.0,2550.0,2310.0,2550.0,5595600
2024-12-20,2240.0,2380.0,2220.0,2360.0,5330300
2024-12-23,2400.0,2420.0,2270.0,2270.0,6204100
2024-12-24,2390.0,2440.0,2330.0,2430.0,3024000
2024-12-27,2360.0,2400.0,2330.0,2400.0,1871800
2024-12-30,2430.0,2460.0,2330.0,2370.0,3874800
2025-01-02,2430.0,2490.0,2410.0,2490.0,1689300
2025-01-03,2500.0,2520.0,2380.0,2430.0,4323800
2025-01-06,2550.0,2630.0,2510.0,2510.0,4840200
2025-01-07,2580.0,2580.0,2490.0,2570.0,3191800
2025-01-08,2600.0,2670.0,2560.0,2580.0,5765200
2025-01-09,2540.0,2640.0,2540.0,2600.0,1904600
2025-01-10,2550.0,2610.0,2540.0,2550.0,2977800
2025-01-13,2440.0,2550.0,2420.0,2550.0,2152600
2025-01-14,2440.0,2480.0,2400.0,2440.0,1619800
2025-01-15,2540.0,2550.0,2450.0,2450.0,2938300
2025-01-16,2540.0,2600.0,2520.0,2570.0,2165700
2025-01-17,2550.0,2560.0,2480.0,2530.0,2230500
2025-01-20,2580.0,2590.0,2550.0,2550.0,1228400
2025-01-21,2580.0,2640.0,2580.0,2610.0,2830100
2025-01-22,2510.0,2600.0,2510.0,2580.0,3373100
2025-01-23,2450.0,2600.0,2450.0,2520.0,4205900
2025-01-24,2350.0,2510.0,2350.0,2470.0,3983200
2025-01-30,2250.0,2380.0,2250.0,2350.0,3579300
2025-01-31,2250.0,2320.0,2250.0,2270.0,4376400
2025-02-03,2200.0,2270.0,2190.0,2260.0,4420900
2025-02-04,2250.0,2280.0,2190.0,2220.0,11678900
2025-02-05,2230.0,2240.0,2200.0,2240.0,1651700
2025-02-06,2200.0,2250.0,2140.0,2240.0,3920700
2025-02-07,2120.0,2200.0,2110.0,2200.0,3776000
2025-02-10,2020.0,2140.0,2010.0,2120.0,3458500
2025-02-11,1835.0,2040.0,1820.0,2030.0,9423800
2025-02-12,1870.0,1905.0,1810.0,1835.0,5595700
2025-02-13,1830.0,1880.0,1815.0,1870.0,4996400
2025-02-14,1920.0,1945.0,1835.0,1835.0,4657700
2025-02-17,1995.0,2010.0,1925.0,1925.0,4795700
2025-02-18,1975.0,2040.0,1970.0,2000.0,5467000
2025-02-19,1985.0,2000.0,1945.0,1975.0,2538500
2025-02-20,2000.0,2100.0,1980.0,1985.0,9538100
2025-02-21,2020.0,2030.0,1960.0,2000.0,3425600
2025-02-24,1955.0,2050.0,1950.0,2050.0,2059500
2025-02-25,1930.0,2000.0,1880.0,2000.0,2119200
2025-02-26,1910.0,1960.0,1855.0,1920.0,2148500
2025-02-27,1895.0,1925.0,1830.0,1910.0,2353400
2025-02-28,1755.0,1890.0,1755.0,1890.0,5451500
2025-03-03,1875.0,1905.0,1760.0,1760.0,5270200
2025-03-04,1840.0,1910.0,1810.0,1870.0,4434100
2025-03-05,1890.0,1975.0,1840.0,1870.0,3963500
2025-03-06,1880.0,1940.0,1880.0,1890.0,4037100
2025-03-07,1920.0,1945.0,1875.0,1890.0,4526100
2025-03-10,1930.0,1945.0,1885.0,1920.0,1423300
2025-03-11,1800.0,1900.0,1795.0,1900.0,6211400
2025-03-12,1780.0,1825.0,1755.0,1800.0,4880500
2025-03-13,1705.0,1810.0,1705.0,1810.0,5712200
2025-03-14,1635.0,1710.0,1620.0,1705.0,6335700
2025-03-17,1630.0,1655.0,1575.0,1655.0,7410500
2025-03-18,1550.0,1630.0,1225.0,1630.0,9992000
2025-03-19,1500.0,1550.0,1470.0,1535.0,8817700
2025-03-20,1475.0,1540.0,1475.0,1500.0,5232900
2025-03-21,1450.0,1485.0,1415.0,1480.0,3995800
2025-03-24,1420.0,1480.0,1355.0,1475.0,4499800
2025-03-25,1505.0,1575.0,1400.0,1400.0,9410500
2025-03-26,1520.0,1610.0,1510.0,1515.0,14248700
2025-03-27,1465.0,1540.0,1465.0,1525.0,7809100
2025-04-08,1280.0,1305.0,1250.0,1250.0,13450900
2025-04-09,1280.0,1315.0,1235.0,1260.0,6748500
2025-04-10,1395.0,1440.0,1350.0,1350.0,9007400
2025-04-11,1460.0,1460.0,1385.0,1400.0,4512700
2025-04-14,1530.0,1535.0,1460.0,1460.0,3422200
2025-04-15,1540.0,1580.0,1515.0,1545.0,4973000
2025-04-16,1540.0,1570.0,1515.0,1560.0,2879400
2025-04-17,1565.0,1580.0,1525.0,1540.0,1643100
2025-04-21,1675.0,1700.0,1595.0,1600.0,7665200
2025-04-22,1735.0,1740.0,1670.0,1675.0,7410300
2025-04-23,1860.0,1860.0,1720.0,1740.0,9678200
2025-04-24,1780.0,1885.0,1765.0,1865.0,14143700
2025-04-25,1920.0,1925.0,1785.0,1785.0,14137400
2025-04-28,1940.0,2030.0,1915.0,2010.0,13963100
2025-04-29,1900.0,1970.0,1895.0,1970.0,13122400
2025-04-30,1850.0,1930.0,1840.0,1925.0,16548900
2025-05-02,1895.0,1900.0,1800.0,1800.0,9198900
2025-05-05,1925.0,1940.0,1900.0,1900.0,8456500
2025-05-06,1940.0,1960.0,1915.0,1935.0,8516700
2025-05-07,1915.0,1955.0,1895.0,1955.0,8688300
2025-05-08,1880.0,2020.0,1860.0,1920.0,27608100
2025-05-09,1905.0,1920.0,1880.0,1920.0,6996900
2025-05-14,1960.0,1975.0,1925.0,1940.0,8019100
2025-05-15,1930.0,2020.0,1895.0,1970.0,13641000
2025-05-16,1950.0,1975.0,1930.0,1940.0,10974600
2025-05-19,2060.0,2100.0,1970.0,2000.0,27489900
2025-05-20,2060.0,2090.0,2020.0,2070.0,13591600
2025-05-21,2020.0,2090.0,2000.0,2070.0,9153300
2025-05-22,2020.0,2050.0,1985.0,2040.0,9278800
2025-05-23,2020.0,2030.0,2000.0,2010.0,4489800
2025-05-26,1880.0,2030.0,1880.0,2020.0,13554400
2025-05-27,1850.0,1915.0,1850.0,1900.0,12553300
2025-05-28,1830.0,1870.0,1800.0,1850.0,8975600
2025-06-02,1835.0,1895.0,1815.0,1830.0,13479400
2025-06-03,1740.0,1860.0,1740.0,1850.0,13146400
2025-06-04,1655.0,1760.0,1655.0,1745.0,13284100
2025-06-05,1665.0,1730.0,1650.0,1655.0,9896800
2025-06-10,1775.0,1810.0,1670.0,1675.0,15703100
2025-06-11,1820.0,1830.0,1770.0,1780.0,9274100
2025-06-12,1780.0,1830.0,1780.0,1830.0,4642600
2025-06-13,1740.0,1780.0,1725.0,1780.0,3790900
2025-06-16,1700.0,1745.0,1700.0,1740.0,4081900
2025-06-17,1730.0,1750.0,1710.0,1715.0,4972200
2025-06-18,1735.0,1745.0,1715.0,1740.0,2732300
2025-06-19,1700.0,1730.0,1670.0,1730.0,5248800
2025-06-20,1685.0,1710.0,1645.0,1695.0,5290000
2025-06-23,1585.0,1670.0,1585.0,1670.0,6916200
2025-06-24,1635.0,1680.0,1595.0,1595.0,6773200
2025-06-25,1680.0,1680.0,1635.0,1650.0,4198800
2025-06-26,1690.0,1705.0,1640.0,1680.0,3606100
2025-06-30,1775.0,1795.0,1695.0,1705.0,8064200
2025-07-01,1810.0,1830.0,1775.0,1780.0,6573400
2025-07-02,1715.0,1815.0,1700.0,1810.0,5482600
2025-07-03,1745.0,1760.0,1710.0,1720.0,3167500
2025-07-04,1720.0,1775.0,1715.0,1755.0,1753200
2025-07-07,1740.0,1740.0,1680.0,1720.0,2903000
2025-07-08,1695.0,1735.0,1685.0,1735.0,2612300
2025-07-09,1670.0,1720.0,1665.0,1720.0,4034000
2025-07-10,1715.0,1730.0,1675.0,1685.0,3125700
2025-07-11,1810.0,1810.0,1720.0,1720.0,8645800
2025-07-14,1765.0,1840.0,1755.0,1830.0,9046900
2025-07-15,1790.0,1800.0,1750.0,1765.0,3296100
2025-07-16,1780.0,1815.0,1780.0,1810.0,6411500
2025-07-17,1760.0,1800.0,1750.0,1785.0,5006000
2025-07-18,1725.0,1780.0,1725.0,1760.0,5412400
2025-07-21,1775.0,1775.0,1690.0,1725.0,6600400
2025-07-22,1745.0,1780.0,1735.0,1775.0,4604300
2025-07-23,1765.0,1780.0,1735.0,1745.0,2181500
2025-07-24,1870.0,1940.0,1760.0,1780.0,38894500
2025-07-25,1870.0,1925.0,1870.0,1915.0,17997800
2025-07-28,1870.0,1910.0,1850.0,1900.0,8888600
2025-07-29,1890.0,1895.0,1850.0,1890.0,9679600
2025-07-30,1905.0,1940.0,1855.0,1890.0,17449200
2025-07-31,1870.0,1915.0,1785.0,1915.0,15255400
2025-08-01,1850.0,1870.0,1840.0,1870.0,5590500
2025-08-04,1840.0,1870.0,1815.0,1855.0,7279600
2025-08-05,1885.0,1920.0,1845.0,1845.0,11880100
2025-08-06,1890.0,1900.0,1855.0,1885.0,6979800
2025-08-07,1890.0,1905.0,1870.0,1890.0,6146200
2025-08-08,1860.0,1895.0,1855.0,1885.0,6700800
2025-08-11,2000.0,2020.0,1870.0,1870.0,28077400
2025-08-12,2200.0,2380.0,1975.0,2010.0,84608800
2025-08-13,2160.0,2400.0,2160.0,2240.0,46714600
2025-08-14,2210.0,2250.0,2100.0,2170.0,20037100
2025-08-15,2180.0,2240.0,2180.0,2230.0,8969300
2025-08-19,2170.0,2240.0,2150.0,2180.0,10182500
2025-08-20,2270.0,2290.0,2170.0,2180.0,26249400
2025-08-21,2210.0,2300.0,2200.0,2260.0,8754200
2025-08-22,2210.0,2330.0,2200.0,2220.0,22245200
2025-08-25,2290.0,2340.0,2220.0,2230.0,20864900
2025-08-26,2270.0,2310.0,2250.0,2310.0,10640700
2025-08-27,2260.0,2290.0,2210.0,2270.0,7259800
2025-08-28,2350.0,2440.0,2310.0,2310.0,20127500
2025-08-29,2270.0,2310.0,2120.0,2300.0,23574900
2025-09-01,2170.0,2230.0,2070.0,2140.0,7953200
2025-09-02,2200.0,2290.0,2190.0,2190.0,8413700
2025-09-03,2190.0,2240.0,2180.0,2200.0,4257800
2025-09-04,2170.0,2220.0,2150.0,2210.0,4567700
2025-09-08,2000.0,2200.0,1990.0,2190.0,11045100
2025-09-09,1970.0,2050.0,1920.0,2000.0,11458900
2025-09-10,2110.0,2130.0,1980.0,1980.0,11087200
2025-09-11,2130.0,2220.0,2130.0,2150.0,13931900
2025-09-12,2120.0,2180.0,2100.0,2160.0,5942500
2025-09-15,2140.0,2170.0,2110.0,2150.0,3725200
2025-09-16,2160.0,2170.0,2110.0,2160.0,5129200
2025-09-17,2280.0,2300.0,2150.0,2160.0,17645600
2025-09-18,2210.0,2310.0,2200.0,2300.0,9036900
2025-09-19,2240.0,2240.0,2130.0,2220.0,7997100
2025-09-22,2140.0,2240.0,2130.0,2230.0,6791500
2025-09-23,2140.0,2190.0,2130.0,2140.0,3320000
2025-09-24,2100.0,2150.0,2030.0,2140.0,10841000
2025-09-25,2080.0,2160.0,2060.0,2100.0,3736500
2025-09-26,2150.0,2180.0,2050.0,2080.0,7675600
2025-09-29,2210.0,2220.0,2100.0,2150.0,12241000
2025-09-30,2130.0,2210.0,2120.0,2210.0,7623900
2025-10-01,2150.0,2220.0,2110.0,2140.0,14700100
2025-10-02,2200.0,2340.0,2170.0,2190.0,41722900
2025-10-03,2180.0,2200.0,2060.0,2200.0,29000000
2025-10-06,2130.0,2180.0,2120.0,2180.0,7395300
2025-10-07,2090.0,2160.0,2080.0,2130.0,10145400
2025-10-08,2080.0,2120.0,2000.0,2080.0,9374500
2025-10-09,2160.0,2200.0,2040.0,2080.0,12384900
2025-10-10,2100.0,2180.0,2070.0,2180.0,6799800
2025-10-13,2110.0,2110.0,2040.0,2070.0,5934500
2025-10-14,2010.0,2150.0,2000.0,2150.0,7161900
2025-10-15,2060.0,2060.0,1950.0,2010.0,7018400
2025-10-16,2050.0,2090.0,2030.0,2070.0,3131900
2025-10-17,1950.0,2050.0,1945.0,2050.0,12712000
2025-10-20,2020.0,2060.0,1965.0,1965.0,6181700
2025-10-21,2020.0,2070.0,1995.0,2020.0,9718800
2025-10-22,2020.0,2060.0,1995.0,2020.0,7411500
2025-10-23,2080.0,2100.0,2020.0,2020.0,9413100
2025-10-24,2060.0,2150.0,2060.0,2110.0,9121900
2025-10-27,2160.0,2170.0,2060.0,2070.0,17079600
2025-10-28,2300.0,2330.0,2130.0,2200.0,38179400
2025-10-29,2360.0,2380.0,2200.0,2320.0,30868100
2025-10-30,2250.0,2390.0,2210.0,2380.0,21720000
2025-10-31,2190.0,2260.0,2180.0,2220.0,15715100
2025-11-03,2210.0,2260.0,2200.0,2200.0,9437400
2025-11-04,2130.0,2250.0,2110.0,2200.0,17238100
2025-11-05,2110.0,2160.0,2080.0,2130.0,9250200
2025-11-06,2090.0,2140.0,2080.0,2120.0,8446100
2025-11-07,2150.0,2160.0,2080.0,2090.0,9176500
2025-11-10,2200.0,2230.0,2150.0,2190.0,10989100
2025-11-11,2090.0,2210.0,2080.0,2200.0,11601600
2025-11-12,2010.0,2100.0,2010.0,2090.0,21987900
2025-11-13,2030.0,2040.0,2000.0,2020.0,8158000
2025-11-14,2020.0,2040.0,2010.0,2010.0,4751200
2025-11-17,2010.0,2070.0,2010.0,2030.0,8768000
2025-11-18,1980.0,2030.0,1970.0,2020.0,9646100
2025-11-19,1960.0,2000.0,1960.0,1985.0,8867100
2025-11-20,1980.0,2000.0,1965.0,1965.0,5676500
2025-11-21,1950.0,1990.0,1945.0,1985.0,9626700
2025-11-24,1975.0,2020.0,1955.0,1955.0,18156500
2025-11-25,1995.0,2020.0,1980.0,2000.0,10612500
2025-11-26,2000.0,2030.0,1980.0,2030.0,6809600
2025-11-27,2090.0,2170.0,2000.0,2010.0,54006900
2025-11-28,2030.0,2140.0,2030.0,2120.0,14761900
2025-12-01,2010.0,2060.0,2010.0,2030.0,7383800
2025-12-02,2070.0,2090.0,2010.0,2010.0,8635500
2025-12-03,2100.0,2130.0,2070.0,2100.0,17547400
2025-12-04,2070.0,2120.0,2060.0,2110.0,4313700
2025-12-05,2070.0,2100.0,2040.0,2070.0,4563700
2025-12-08,2100.0,2100.0,2070.0,2080.0,7454700
2025-12-09,2050.0,2120.0,2040.0,2100.0,6384600
2025-12-10,2080.0,2100.0,2030.0,2050.0,9004700
2025-12-11,2050.0,2160.0,2010.0,2090.0,24348800
2025-12-12,2000.0,2070.0,2000.0,2070.0,7759200
2025-12-15,2220.0,2220.0,2000.0,2000.0,54620100
2025-12-16,2140.0,2200.0,2080.0,2200.0,23038900
2025-12-17,2030.0,2140.0,2010.0,2140.0,21685900
2025-12-18,2000.0,2060.0,2000.0,2030.0,13350200
2025-12-19,1960.0,2040.0,1950.0,2020.0,14487400
2025-12-22,1965.0,1990.0,1960.0,1980.0,6824000
2025-12-23,1965.0,2010.0,1965.0,1980.0,6642300
2025-12-24,1980.0,1990.0,1945.0,1970.0,7622400
2025-12-29,1965.0,1985.0,1965.0,1980.0,4428300
2025-12-30,1975.0,2020.0,1965.0,1975.0,7419100
2026-01-02,1970.0,1980.0,1955.0,1975.0,4834300
2026-01-05,1995.0,2000.0,1950.0,1965.0,7833500
2026-01-06,2020.0,2030.0,1995.0,2000.0,9027200
2026-01-07,1985.0,2030.0,1975.0,2020.0,9286100
2026-01-08,1980.0,2030.0,1970.0,2030.0,4331200
2026-01-09,1975.0,2000.0,1970.0,1990.0,2888200
2026-01-12,1945.0,1985.0,1940.0,1980.0,8188500
2026-01-13,1900.0,1945.0,1900.0,1945.0,13663200
2026-01-14,1890.0,1915.0,1870.0,1900.0,7036800
2026-01-15,1905.0,1950.0,1880.0,1890.0,8652300
2026-01-19,1910.0,1970.0,1895.0,1905.0,8615600
2026-01-20,1910.0,1935.0,1910.0,1910.0,4748100
2026-01-21,1930.0,1930.0,1900.0,1915.0,2975400
2026-01-22,1925.0,1940.0,1900.0,1930.0,4570300
2026-01-23,1910.0,1940.0,1890.0,1940.0,3352600
2026-01-26,1870.0,1925.0,1870.0,1910.0,5832900
2026-01-27,1855.0,1890.0,1845.0,1870.0,3442200
2026-01-28,1670.0,1840.0,1590.0,1840.0,17257300
2026-01-29,1700.0,1805.0,1500.0,1670.0,18053000
2026-01-30,1700.0,1760.0,1665.0,1715.0,15444100
2026-02-02,1620.0,1710.0,1605.0,1700.0,5824100
2026-02-03,1630.0,1670.0,1600.0,1650.0,13085100
2026-02-04,1630.0,1655.0,1610.0,1640.0,5883600
2026-02-05,1700.0,1715.0,1635.0,1635.0,22011500
2026-02-06,1710.0,1740.0,1640.0,1690.0,15289400
2026-02-09,1670.0,1720.0,1665.0,1710.0,2979900
2026-02-10,1685.0,1695.0,1665.0,1665.0,2469700
2026-02-11,1730.0,1735.0,1680.0,1685.0,3476200
2026-02-12,1710.0,1730.0,1705.0,1730.0,2442300
2026-02-13,1670.0,1720.0,1665.0,1710.0,4948400
2026-02-18,1690.0,1710.0,1670.0,1670.0,4839800
2026-02-19,1645.0,1695.0,1645.0,1695.0,5901000
2026-02-20,1635.0,1660.0,1635.0,1650.0,3060200
2026-02-23,1660.0,1665.0,1635.0,1640.0,2751000
2026-02-24,1620.0,1665.0,1615.0,1660.0,7588000
2026-02-25,1635.0,1640.0,1610.0,1630.0,2589500
2026-02-26,1605.0,1650.0,1600.0,1640.0,8805400
2026-02-27,1590.0,1620.0,1590.0,1605.0,4835300
2026-03-02,1500.0,1590.0,1455.0,1585.0,9646500
2026-03-03,1450.0,1515.0,1430.0,1500.0,5270300
2026-03-04,1360.0,1445.0,1340.0,1445.0,7294700
2026-03-05,1415.0,1420.0,1360.0,1360.0,3248200
2026-03-06,1380.0,1425.0,1355.0,1415.0,1933300
2026-03-09,1330.0,1370.0,1300.0,1370.0,7646600
2026-03-10,1500.0,1520.0,1330.0,1330.0,8231700
2026-03-11,1535.0,1575.0,1450.0,1500.0,7119200
2026-03-12,1435.0,1540.0,1435.0,1535.0,3451300
2026-03-13,1435.0,1475.0,1420.0,1435.0,1129600
2026-03-16,1360.0,1435.0,1350.0,1435.0,2626100
2026-03-17,1385.0,1400.0,1375.0,1390.0,1554900
2026-03-25,1400.0,1415.0,1350.0,1385.0,1289000
2026-03-26,1385.0,1420.0,1375.0,1405.0,697100
2026-03-27,1375.0,1400.0,1370.0,1385.0,600400
2026-03-30,1350.0,1370.0,1330.0,1350.0,1218500
2026-03-31,1320.0,1370.0,1315.0,1350.0,2081400
2026-04-01,1320.0,1375.0,1315.0,1340.0,3868400
2026-04-02,1295.0,1340.0,1295.0,1320.0,2234600
2026-04-06,1300.0,1310.0,1280.0,1300.0,1138400
2026-04-07,1310.0,1320.0,1295.0,1305.0,1003300
2026-04-08,1365.0,1385.0,1330.0,1330.0,2070700
2026-04-09,1410.0,1410.0,1350.0,1370.0,2279700
2026-04-10,1425.0,1475.0,1400.0,1410.0,1955400
2026-04-13,1425.0,1435.0,1385.0,1425.0,1090800
2026-04-14,1425.0,1445.0,1410.0,1435.0,2752400
2026-04-15,1415.0,1460.0,1410.0,1425.0,2453700
2026-04-16,1450.0,1530.0,1410.0,1415.0,6946700
2026-04-17,1420.0,1460.0,1410.0,1460.0,3020100
2026-04-20,1370.0,1420.0,1365.0,1420.0,4568100
2026-04-21,1375.0,1395.0,1350.0,1350.0,1942300
2026-04-22,1390.0,1405.0,1375.0,1380.0,3084500
2026-04-23,1355.0,1420.0,1355.0,1395.0,3729300
2026-04-24,1300.0,1365.0,1280.0,1360.0,4455300
2026-04-27,1290.0,1315.0,1285.0,1310.0,2130500
2026-04-28,1320.0,1325.0,1285.0,1295.0,6155900
2026-04-29,1425.0,1465.0,1315.0,1325.0,29494700
2026-04-30,1305.0,1430.0,1290.0,1425.0,13882700
2026-05-04,1250.0,1310.0,1225.0,1310.0,9927700
2026-05-05,1245.0,1275.0,1235.0,1255.0,4238700
2026-05-06,1235.0,1265.0,1230.0,1250.0,4537600
2026-05-07,1270.0,1280.0,1235.0,1240.0,7057900
2026-05-08,1245.0,1290.0,1235.0,1285.0,5428900
2026-05-11,1215.0,1250.0,1215.0,1245.0,3901600
2026-05-12,1220.0,1240.0,1205.0,1220.0,2902500
2026-05-13,1210.0,1220.0,1205.0,1215.0,2034600
2026-05-14,1210.0,1210.0,1210.0,1210.0,0
2026-05-15,1210.0,1210.0,1210.0,1210.0,0
2026-05-18,1170.0,1205.0,1130.0,1200.0,3428600
2026-05-19,1135.0,1215.0,1135.0,1170.0,3904900
2026-05-20,1145.0,1145.0,1080.0,1130.0,4536200
2026-05-21,1115.0,1180.0,1100.0,1145.0,4528000
2026-05-22,1130.0,1130.0,1090.0,1090.0,1545500
2026-05-25,1150.0,1160.0,1130.0,1150.0,1924900
2026-05-26,1145.0,1160.0,1125.0,1150.0,1222100
2026-05-27,1145.0,1145.0,1145.0,1145.0,0
2026-05-28,1145.0,1145.0,1145.0,1145.0,0
2026-05-29,1180.0,1180.0,1100.0,1120.0,9262000
2026-06-02,1160.0,1180.0,1145.0,1180.0,1928700
2026-06-03,1090.0,1185.0,1075.0,1165.0,3529700
2026-06-04,1035.0,1095.0,995.0,1090.0,4402300
2026-06-05,930.0,1020.0,930.0,1020.0,4200200
2026-06-08,805.0,930.0,805.0,930.0,11607800
2026-06-09,940.0,940.0,740.0,740.0,12064100
2026-06-10,970.0,1010.0,950.0,990.0,11406800
2026-06-11,970.0,1035.0,940.0,970.0,7660300
2026-06-12,1010.0,1020.0,970.0,970.0,5680900
2026-06-15,1025.0,1080.0,1020.0,1025.0,4800900
2026-06-17,1000.0,1035.0,985.0,1030.0,5211600
2026-06-18,995.0,1025.0,975.0,1025.0,1140500
2026-06-19,970.0,1020.0,970.0,1000.0,20410100
2026-06-22,935.0,990.0,920.0,975.0,4768500
2026-06-23,930.0,935.0,895.0,935.0,10814500
2026-06-24,870.0,960.0,870.0,950.0,7434200
2026-06-25,920.0,945.0,880.0,880.0,6946300
2026-06-26,905.0,930.0,900.0,905.0,4967700
2026-06-29,905.0,940.0,890.0,905.0,2726000
2026-06-30,965.0,965.0,860.0,905.0,8220600
2026-07-01,925.0,965.0,920.0,960.0,2105000
2026-07-02,940.0,950.0,925.0,930.0,2260300
2026-07-03,920.0,980.0,915.0,940.0,3723500
2026-07-06,950.0,950.0,905.0,920.0,4518000
2026-07-07,1040.0,1045.0,950.0,950.0,11693300
2026-07-08,1015.0,1045.0,1005.0,1040.0,4941400
2026-07-09,1200.0,1265.0,970.0,1015.0,28688400
2026-07-10,1135.0,1220.0,1115.0,1210.0,12383000
2026-07-13,1200.0,1200.0,1095.0,1125.0,12819200
2026-07-14,1160.0,1205.0,1140.0,1200.0,7870500
2026-07-15,1250.0,1310.0,1160.0,1160.0,23580700
2026-07-16,1320.0,1330.0,1245.0,1250.0,28500200
2026-07-17,1405.0,1435.0,1320.0,1325.0,24898100
2026-07-20,1395.0,1435.0,1365.0,1405.0,14094900
2026-07-21,1380.0,1395.0,1310.0,1390.0,21632400
2026-07-22,1330.0,1385.0,1325.0,1380.0,7779600
2026-07-23,1340.0,1360.0,1300.0,1340.0,10019100
2026-07-24,1250.0,1330.0,1235.0,1330.0,8174300
2026-07-27,1200.0,1250.0,1185.0,1240.0,6346100
2026-07-28,1185.0,1230.0,1180.0,1200.0,4612200
2026-07-29,1150.0,1210.0,1140.0,1185.0,4893800
2026-07-30,1225.0,1260.0,1145.0,1175.0,9077000
2026-07-31,1220.0,1240.0,1215.0,1240.0,3633100
2026-08-03,1205.0,1235.0,1200.0,1225.0,2772700
2026-08-04,1315.0,1320.0,1210.0,1210.0,15733700
2026-08-05,1340.0,1355.0,1295.0,1325.0,11508700
2026-08-06,1300.0,1355.0,1285.0,1350.0,5062500
2026-08-07,1305.0,1325.0,1280.0,1300.0,4716500
2026-08-10,1290.0,1320.0,1290.0,1305.0,4637100
2026-08-11,1230.0,1290.0,1225.0,1290.0,4763500
2026-08-12,1255.0,1275.0,1230.0,1235.0,3542000
2026-08-13,1195.0,1220.0,1170.0,1220.0,9043300
2026-08-14,1185.0,1195.0,1160.0,1190.0,2515700
2026-08-18,1135.0,1185.0,1135.0,1185.0,8220700
2026-08-19,1075.0,1135.0,1075.0,1135.0,9752900
2026-08-20,1055.0,1130.0,1055.0,1080.0,26581200
2026-08-21,1060.0,1095.0,1055.0,1060.0,12489800
2026-08-24,1005.0,1075.0,1005.0,1065.0,17219500
2026-08-26,980.0,1005.0,975.0,1005.0,17103100
2026-08-27,1000.0,1005.0,940.0,980.0,25254500
2026-08-28,1000.0,1020.0,980.0,1005.0,19119800
2026-08-31,970.0,1025.0,970.0,1000.0,126076700
2026-09-01,990.0,1000.0,960.0,980.0,45618400
2026-09-02,1030.0,1055.0,975.0,990.0,76847700
2026-09-03,1040.0,1070.0,1020.0,1045.0,37208800
2026-09-04,1050.0,1080.0,1040.0,1055.0,19820900
2026-09-07,1020.0,1050.0,1010.0,1050.0,19732700
2026-09-08,1025.0,1045.0,1015.0,1030.0,19025600
2026-09-09,1005.0,1030.0,1000.0,1030.0,14522600
2026-09-10,1005.0,1050.0,1000.0,1010.0,23481100
2026-09-11,1015.0,1015.0,970.0,1000.0,18432300
2026-09-14,980.0,1015.0,955.0,1015.0,20930200
2026-09-15,950.0,985.0,940.0,980.0,16432100
2026-09-16,910.0,950.0,910.0,950.0,22271700
2026-09-17,945.0,955.0,910.0,910.0,13014200
2026-09-18,905.0,955.0,905.0,950.0,20347000
2026-09-21,895.0,915.0,890.0,915.0,10858800
2026-09-22,885.0,905.0,870.0,900.0,9388100
2026-09-23,890.0,905.0,870.0,885.0,11069500
2026-09-24,860.0,890.0,855.0,890.0,9581300
2026-09-25,850.0,875.0,845.0,860.0,10057600
2026-09-28,830.0,850.0,830.0,850.0,7211200
2026-09-29,825.0,835.0,825.0,830.0,488400
