date,Close,High,Low,Open,Volume
2018-06-01,502.8692626953125,502.86926269531256,502.86926269531256,502.86926269531256,0
2018-06-04,506.1345520019531,509.39993620841733,502.86916779548886,502.86916779548886,556600
2018-06-05,506.1345520019531,522.4614730342741,506.1345520019531,506.1345520019531,13800
2018-06-06,489.8076171875,509.399921875,489.8076171875,509.399921875,824600
2018-06-07,502.8692626953125,509.4000323407062,486.54233858182835,509.4000323407062,403000
2018-06-08,496.33837890625,502.8691470497533,457.15377004523026,489.8076107627467,37500
2018-06-11,496.33837890625,496.33837890625,496.33837890625,496.33837890625,0
2018-06-12,496.33837890625,496.33837890625,496.33837890625,496.33837890625,0
2018-06-13,496.33837890625,496.33837890625,496.33837890625,496.33837890625,0
2018-06-14,496.33837890625,496.33837890625,496.33837890625,496.33837890625,0
2018-06-15,496.33837890625,496.33837890625,496.33837890625,496.33837890625,0
2018-06-18,496.33837890625,496.33837890625,496.33837890625,496.33837890625,0
2018-06-19,496.33837890625,496.33837890625,496.33837890625,496.33837890625,0
2018-06-20,489.8076171875,489.8076171875,470.21531250000004,470.21531250000004,3453400
2018-06-21,470.21533203125,489.80763753255206,470.21533203125,489.80763753255206,208000
2018-06-22,450.6230773925781,483.2769235804461,440.82692353621775,483.2769235804461,58800
2018-06-25,434.2961730957031,476.746174977238,434.2961730957031,450.6230968962935,263100
2018-06-26,437.56146240234375,450.62299859345853,431.0306943067864,434.2960783545651,106400
2018-06-27,447.3576354980469,450.62301969876256,444.09225129733125,444.09225129733125,46500
2018-06-28,450.6230773925781,496.3384620555933,447.3576927737913,496.3384620555933,100800
2018-06-29,444.0922546386719,450.6230230892406,431.0307177375344,450.6230230892406,48400
2018-07-02,457.1537780761719,460.41916220528736,444.0922415597098,447.35762568882535,75800
2018-07-03,486.54229736328125,486.54229736328125,447.3576828105338,457.15383644872065,50700
2018-07-04,470.21533203125,486.5422532823351,470.21533203125,486.5422532823351,19400
2018-07-05,447.3576354980469,463.68455650162525,447.3576354980469,457.15378810019394,168500
2018-07-06,431.0307312011719,466.94995880126953,427.7653468738903,466.94995880126953,6300
2018-07-09,444.0922546386719,460.4191757650936,431.0307177375344,460.4191757650936,1400
2018-07-10,427.7653503417969,447.3576564643219,427.7653503417968,444.0922721105677,30200
2018-07-11,440.8269348144531,460.41924302842887,427.76539600513604,444.0923195167824,165500
2018-07-12,437.56146240234375,453.88838264123723,424.499926211229,431.0306943067864,94000
2018-07-13,431.0307312011719,453.88842149214315,424.4999625466087,453.88842149214315,81300
2018-07-16,421.23455810546875,431.0307106195494,421.23455810546875,431.0307106195494,92800
2018-07-17,417.9691467285156,424.4999146461487,417.9691467285156,424.4999146461487,150400
2018-07-18,417.9691467285156,424.4999146461487,417.9691467285156,424.4999146461487,771100
2018-07-19,398.37689208984375,434.29612006515754,398.37689208984375,434.29612006515754,290400
2018-07-20,404.9076843261719,417.96922253024195,391.8461461221018,398.37691522413684,265200
2018-07-23,408.1730651855469,444.092294921875,391.846142578125,401.6422961425782,228500
2018-07-24,417.9691467285156,424.4999146461487,408.17299485206604,408.17299485206604,256700
2018-07-25,404.9076843261719,444.09229893838204,404.9076843261719,434.2961452853295,618100
2018-07-26,411.4384460449219,427.76536850702195,408.17306155250185,424.4999840146019,590400
2018-07-27,404.9076843261719,424.49999163227693,391.8461461221018,424.49999163227693,2144300
2018-07-30,404.9076843261719,421.2346070812594,404.9076843261719,421.2346070812594,180800
2018-07-31,404.9076843261719,404.9076843261719,378.7846079180317,401.64229977515436,2424600
2018-08-01,404.9076843261719,408.1730688771894,401.64229977515436,401.64229977515436,1249500
2018-08-02,408.1730651855469,411.4384497070313,401.6422961425782,408.1730651855469,722700
2018-08-03,408.1730651855469,411.4384497070313,398.37691162109377,411.4384497070313,626900
2018-08-06,431.0307312011719,502.8691864013672,427.7653468738903,427.7653468738903,2128200
2018-08-07,427.7653503417969,450.62304081807605,427.7653503417968,450.62304081807605,1352800
2018-08-08,424.5,434.29615384615386,424.5,431.03076923076924,530000
2018-08-09,424.5,427.7653846153846,421.2346153846154,424.5,2624600
2018-08-10,424.5,431.03076923076924,424.5,427.7653846153846,455700
2018-08-13,424.5,424.5,417.96923076923076,424.5,675900
2018-08-14,417.9691467285156,424.4999146461487,404.9076108932495,404.9076108932495,37600
2018-08-15,411.4384460449219,417.9692150297619,408.17306155250185,417.9692150297619,307300
2018-08-16,411.4384460449219,417.9692150297619,404.9076770600818,411.4384460449219,112500
2018-08-17,411.4384460449219,411.4384460449219,411.4384460449219,411.4384460449219,0
2018-08-20,431.0307312011719,434.29611552845347,411.43842523748225,411.43842523748225,94800
2018-08-21,434.2961730957031,437.5615578558212,434.2961730957031,434.2961730957031,147500
2018-08-22,434.2961730957031,434.2961730957031,434.2961730957031,434.2961730957031,0
2018-08-23,414.70391845703125,434.29622956523747,411.43853327233023,434.29622956523747,191300
2018-08-24,424.5,437.5615384615385,414.7038461538462,414.7038461538462,83500
2018-08-27,424.5,440.8269230769231,421.2346153846154,440.8269230769231,110400
2018-08-28,424.5,431.03076923076924,421.2346153846154,431.03076923076924,17900
2018-08-29,424.5,457.1538461538462,424.5,437.5615384615385,268500
2018-08-30,421.23455810546875,424.49994227682896,414.7037897627483,421.23455810546875,163300
2018-08-31,411.4384460449219,417.9692150297619,411.4384460449219,411.4384460449219,95800
2018-09-03,424.5,424.5,411.4384615384616,417.96923076923076,211700
2018-09-04,411.4384460449219,424.4999840146019,411.4384460449219,417.9692150297619,15000
2018-09-05,404.9076843261719,437.561529836347,391.8461461221018,421.2346070812594,7631400
2018-09-06,404.9076843261719,431.03076073431197,395.1115306731193,431.03076073431197,12200
2018-09-07,408.1730651855469,408.1730651855469,398.37691162109377,398.37691162109377,219000
2018-09-10,417.9691467285156,431.03068256378174,417.9691467285156,431.03068256378174,5600
2018-09-11,417.9691467285156,417.9691467285156,417.9691467285156,417.9691467285156,0
2018-09-12,424.5,424.5,404.90769230769234,414.7038461538462,542100
2018-09-13,421.23455810546875,424.49994227682896,421.23455810546875,424.49994227682896,700
2018-09-14,411.4384460449219,424.4999840146019,408.17306155250185,424.4999840146019,4700
2018-09-17,414.70391845703125,417.96930364173227,414.70391845703125,417.96930364173227,900
2018-09-18,417.9691467285156,424.4999146461487,404.9076108932495,414.7037627696991,422300
2018-09-19,411.4384460449219,417.9692150297619,411.4384460449219,411.4384460449219,917300
2018-09-20,411.4384460449219,431.030752999442,404.9076770600818,411.4384460449219,1138600
2018-09-21,414.70391845703125,421.23468882643334,408.17314808762916,408.17314808762916,14500
2018-09-24,414.70391845703125,421.23468882643334,414.70391845703125,414.70391845703125,333200
2018-09-25,417.9691467285156,421.23453068733215,414.7037627696991,414.7037627696991,20207800
2018-09-26,411.4384460449219,417.9692150297619,408.17306155250185,417.9692150297619,12801600
2018-09-27,404.9076843261719,408.1730688771894,404.9076843261719,408.1730688771894,25500
2018-09-28,401.6423034667969,408.1730726288586,398.37691888576603,404.9076880478278,75800
2018-10-01,401.6423034667969,404.9076880478278,401.6423034667969,401.6423034667969,8300
2018-10-02,401.6423034667969,404.9076880478278,401.6423034667969,401.6423034667969,2900
2018-10-03,401.6423034667969,404.9076880478278,401.6423034667969,401.6423034667969,3500
2018-10-04,385.31536865234375,398.37690657276215,382.04998417223914,398.37690657276215,43100
2018-10-05,378.7845764160156,398.37688209270607,378.7845764160156,395.1114978132577,55900
2018-10-08,375.5191955566406,382.049964175017,368.9884269382643,378.78457986582885,635600
2018-10-09,362.4576110839844,372.25376273490286,362.4576110839844,372.25376273490286,239700
2018-10-10,362.4576110839844,368.98837885126335,362.4576110839844,362.4576110839844,540500
2018-10-11,362.4576110839844,365.7229949676239,362.4576110839844,362.4576110839844,3500
2018-10-12,378.7845764160156,391.8461135338093,365.723039298222,365.723039298222,1487400
2018-10-15,359.1922607421875,388.5807184392756,359.19226074218756,385.31533425071024,1445500
2018-10-16,372.2538757324219,375.51926060726765,372.2538757324219,372.2538757324219,703200
2018-10-17,372.2538757324219,375.51926060726765,372.2538757324219,372.2538757324219,699700
2018-10-18,372.2538757324219,375.51926060726765,362.4577211078844,372.2538757324219,2800900
2018-10-19,365.72308349609375,378.7846221923828,359.1923141479492,372.2538528442383,5690400
2018-10-22,349.3961181640625,362.45765529169097,346.13073388215537,362.45765529169097,349600
2018-10-23,355.92694091796875,355.92694091796875,355.92694091796875,355.92694091796875,500
2018-10-24,352.6614685058594,378.78454024703416,352.6614685058594,355.92685247350624,1805400
2018-10-25,329.8038330078125,352.66152440439356,326.53844852258663,352.66152440439356,965300
2018-10-26,329.8038330078125,355.9269088896194,329.8038330078125,355.9269088896194,305600
2018-10-29,333.0692138671875,336.3345983168658,326.5384449678309,329.80382941750923,2667600
2018-10-30,336.3346252441406,346.1307793774651,333.0692405330324,346.1307793774651,195800
2018-10-31,346.1307678222656,355.9269216285562,336.3346140159751,342.8653832201688,386200
2018-11-01,359.1922607421875,362.45764493075285,346.13072398792616,355.9268765536222,190500
2018-11-02,352.6614685058594,391.8460761176215,333.0691646999783,362.4576204087999,1439600
2018-11-05,349.3961181640625,359.19227100978384,349.3961181640625,352.66150244596963,845000
2018-11-06,355.92694091796875,362.4577104760966,352.6615561389048,352.6615561389048,4639800
2018-11-07,359.1922607421875,388.5807184392756,355.9268765536222,365.7230291193182,1630600
2018-11-08,362.4576110839844,375.5191466185424,359.19222720034486,375.5191466185424,767000
2018-11-09,365.72308349609375,365.72308349609375,359.1923141479492,362.4576988220215,1354300
2018-11-12,352.6614685058594,365.72300437644674,349.3960845382125,365.72300437644674,1858900
2018-11-13,359.1922607421875,359.19226074218756,355.9268765536222,355.9268765536222,646800
2018-11-14,355.92694091796875,359.1923256970327,349.3961713598409,352.6615561389048,922800
2018-11-15,352.6614685058594,359.19223644115306,352.6614685058594,359.19223644115306,311900
2018-11-16,352.6614685058594,355.92685247350624,352.6614685058594,352.6614685058594,276700
2018-11-19,355.92694091796875,359.1923256970327,352.6615561389048,352.6615561389048,751400
2018-11-20,355.92694091796875,355.92694091796875,355.92694091796875,355.92694091796875,0
2018-11-21,359.1922607421875,359.19226074218756,355.9268765536222,359.19226074218756,1409400
2018-11-22,368.9884338378906,372.2538182081375,355.9268963569034,359.1922807271502,1169700
2018-11-23,359.1922607421875,368.98841330788355,352.66149236505686,368.98841330788355,458500
2018-11-26,368.9884338378906,368.9884338378906,352.66151198665654,368.9884338378906,526800
2018-11-27,359.1922607421875,362.45764493075285,355.9268765536222,359.19226074218756,481900
2018-11-28,375.5191955566406,375.5191955566406,355.9268897015116,359.19227401069975,1805000
2018-11-29,385.31536865234375,388.5807531324483,372.2538307319253,375.5192152120299,932800
2018-11-30,395.11151123046875,395.11151123046875,385.3153580594654,385.3153580594654,5593200
2018-12-03,417.9691467285156,431.03068256378174,395.1114590167999,395.1114590167999,585700
2018-12-04,427.7653503417969,427.7653503417968,411.438428573026,417.96919728053433,7446700
2018-12-05,414.70391845703125,434.29622956523747,411.43853327233023,434.29622956523747,528300
2018-12-06,417.9691467285156,417.9691467285156,411.43837881088257,411.43837881088257,734000
2018-12-07,411.4384460449219,417.9692150297619,411.4384460449219,417.9692150297619,486000
2018-12-10,411.4384460449219,414.7038305373419,411.4384460449219,411.4384460449219,578700
2018-12-11,408.1730651855469,414.70383422851563,404.9076806640625,411.4384497070313,2557900
2018-12-12,411.4384460449219,411.4384460449219,404.9076770600818,404.9076770600818,2646300
2018-12-13,421.23455810546875,424.49994227682896,411.43840559138806,411.43840559138806,1442500
2018-12-14,424.5,424.5,417.96923076923076,417.96923076923076,1140100
2018-12-17,421.23455810546875,424.49994227682896,417.96917393410854,424.49994227682896,1685400
2018-12-18,431.0307312011719,431.0307312011719,421.2345782193271,421.2345782193271,3286100
2018-12-19,437.56146240234375,457.15376668901587,427.7653102590077,437.5614624023438,381500
2018-12-20,431.0307312011719,447.3576528375799,431.0307312011719,444.0922685102983,569400
2018-12-21,427.7653503417969,437.56150340305936,427.7653503417968,437.56150340305936,51400
2018-12-24,427.7653503417969,427.7653503417968,427.7653503417968,427.7653503417968,0
2018-12-25,427.7653503417969,427.7653503417968,427.7653503417968,427.7653503417968,0
2018-12-26,427.7653503417969,431.030734695551,427.7653503417968,427.7653503417968,151000
2018-12-27,437.56146240234375,437.5614624023438,434.2960783545651,434.2960783545651,422200
2018-12-28,434.2961730957031,440.82694261593923,434.2961730957031,437.5615578558212,42000
2018-12-31,434.2961730957031,434.2961730957031,434.2961730957031,434.2961730957031,0
2019-01-01,434.2961730957031,434.2961730957031,434.2961730957031,434.2961730957031,0
2019-01-02,453.88848876953125,457.15387358082285,431.03079509049013,434.2961799017817,2597000
2019-01-03,444.0922546386719,453.8884073145249,444.0922546386718,453.8884073145249,2719600
2019-01-04,447.3576354980469,447.3576354980469,444.09225129733125,444.09225129733125,198100
2019-01-07,437.56146240234375,447.35761454567984,431.0306943067864,447.35761454567984,63100
2019-01-08,444.0922546386719,447.3576388639562,437.5614861881031,447.3576388639562,156100
2019-01-09,450.6230773925781,453.88846201136494,444.0923081550045,444.0923081550045,1979400
2019-01-10,450.6230773925781,453.88846201136494,450.6230773925781,450.6230773925781,1223300
2019-01-11,444.0922546386719,453.8884073145249,444.0922546386718,450.6230230892406,82500
2019-01-14,447.3576354980469,447.3576354980469,440.82686709661556,444.09225129733125,20800
2019-01-15,440.8269348144531,450.62308892144097,440.8269348144531,450.62308892144097,474100
2019-01-16,434.2961730957031,440.82694261593923,434.2961730957031,437.5615578558212,199100
2019-01-17,440.8269348144531,440.8269348144531,437.5615501121239,440.8269348144531,22000
2019-01-18,437.56146240234375,437.5614624023438,434.2960783545651,434.2960783545651,52100
2019-01-21,450.6230773925781,457.1538466301517,440.82692353621775,440.82692353621775,4501000
2019-01-22,450.6230773925781,483.2769235804461,447.3576927737913,470.21538510529894,764600
2019-01-23,450.6230773925781,473.4807697240857,444.0923081550045,473.4807697240857,353700
2019-01-24,444.0922546386719,453.8884073145249,444.0922546386718,450.6230230892406,1528400
2019-01-25,444.0922546386719,453.8884073145249,440.8268704133875,444.0922546386718,256000
2019-01-28,444.0922546386719,457.1537915398093,444.0922546386718,457.1537915398093,239300
2019-01-29,453.88848876953125,457.15387358082285,444.09233433565646,457.15387358082285,20800
2019-01-30,457.1537780761719,476.7460828508649,444.0922415597098,453.88839394705633,166500
2019-01-31,453.88848876953125,453.88848876953125,447.35771914694806,447.35771914694806,14800
2019-02-01,450.6230773925781,453.88846201136494,444.0923081550045,447.3576927737913,26000
2019-02-04,444.0922546386719,463.684559990378,440.8268704133875,450.6230230892406,8586700
2019-02-05,444.0922546386719,444.0922546386718,444.0922546386718,444.0922546386718,0
2019-02-06,450.6230773925781,453.88846201136494,440.82692353621775,444.0923081550045,1044300
2019-02-07,450.6230773925781,450.6230773925781,440.82692353621775,450.6230773925781,1029000
2019-02-08,440.8269348144531,450.62308892144097,440.8269348144531,450.62308892144097,101700
2019-02-11,437.56146240234375,440.82684645012245,431.0306943067864,440.82684645012245,584500
2019-02-12,431.0307312011719,453.88842149214315,424.4999625466087,453.88842149214315,413300
2019-02-13,427.7653503417969,431.030734695551,424.4999659880427,431.030734695551,407800
2019-02-14,424.5,431.03076923076924,424.5,427.7653846153846,307100
2019-02-15,427.7653503417969,431.030734695551,427.7653503417968,431.030734695551,334900
2019-02-18,437.56146240234375,440.82684645012245,424.499926211229,427.7653102590077,2522000
2019-02-19,437.56146240234375,437.5614624023438,417.9691581156717,437.5614624023438,2547300
2019-02-20,427.7653503417969,431.030734695551,427.7653503417968,427.7653503417968,4900
2019-02-21,440.8269348144531,444.0923195167824,427.76539600513604,427.76539600513604,1747300
2019-02-22,427.7653503417969,447.3576564643219,424.4999659880427,444.0922721105677,1359300
2019-02-25,437.56146240234375,440.82684645012245,427.7653102590077,431.0306943067864,1123800
2019-02-26,427.7653503417969,437.56150340305936,424.4999659880427,437.56150340305936,310100
2019-02-27,427.7653503417969,431.030734695551,427.7653503417968,427.7653503417968,295500
2019-02-28,421.23455810546875,431.0307106195494,421.23455810546875,427.76532644818917,683500
2019-03-01,414.70391845703125,424.50007401113436,414.70391845703125,421.23468882643334,1802700
2019-03-04,411.4384460449219,421.2345995221819,411.4384460449219,421.2345995221819,2433400
2019-03-05,421.23455810546875,421.23455810546875,411.43840559138806,411.43840559138806,1588400
2019-03-06,401.6423034667969,421.2346109529821,398.37691888576603,421.2346109529821,503700
2019-03-07,401.6423034667969,401.6423034667969,401.6423034667969,401.6423034667969,0
2019-03-08,395.11151123046875,411.438433182141,391.84612684013433,401.64228001113764,2262900
2019-03-11,401.6423034667969,404.9076880478278,395.11153430473513,395.11153430473513,2517600
2019-03-12,401.6423034667969,404.9076880478278,385.31538056164254,404.9076880478278,148800
2019-03-13,398.37689208984375,398.37689208984375,395.11150772845156,398.37689208984375,51100
2019-03-14,398.37689208984375,421.2345826195889,382.04997028288295,421.2345826195889,2045900
2019-03-15,391.8460998535156,424.4999415079753,382.04994735717776,424.4999415079753,222200
2019-03-18,395.11151123046875,424.49997074347885,385.3153580594654,408.1730487918066,677000
2019-03-19,424.5,427.7653846153846,391.84615384615387,391.84615384615387,1099000
2019-03-20,414.70391845703125,424.50007401113436,414.70391845703125,424.50007401113436,43000
2019-03-21,408.1730651855469,411.4384497070313,398.37691162109377,404.9076806640625,7600
2019-03-22,421.23455810546875,421.23455810546875,408.17302142002785,408.17302142002785,26600
2019-03-25,404.9076843261719,450.6230680404171,404.9076843261719,414.70383797922443,68000
2019-03-26,417.9691467285156,424.4999146461487,408.17299485206604,417.9691467285156,335500
2019-03-27,414.70391845703125,447.3577703040416,411.43853327233023,437.5616147499385,371100
2019-03-28,437.56146240234375,447.35761454567984,421.2345421634504,424.499926211229,2145300
2019-03-29,431.0307312011719,437.5614998557351,431.0307312011719,437.5614998557351,162200
2019-04-01,444.0922546386719,453.8884073145249,431.0307177375344,431.0307177375344,570500
2019-04-02,437.56146240234375,453.88838264123723,437.5614624023438,447.35761454567984,7397000
2019-04-03,437.56146240234375,437.5614624023438,437.5614624023438,437.5614624023438,0
2019-04-04,440.8269348144531,457.15385832609957,437.5615501121239,457.15385832609957,65300
2019-04-05,447.3576354980469,450.62301969876256,447.3576354980469,447.3576354980469,3856900
2019-04-08,444.0922546386719,450.6230230892406,440.8268704133875,450.6230230892406,10000
2019-04-09,440.8269348144531,453.88847362377027,440.8269348144531,440.8269348144531,37700
2019-04-10,440.8269348144531,450.62308892144097,440.8269348144531,447.3577042191117,253600
2019-04-11,437.56146240234375,444.09223049790114,437.5614624023438,444.09223049790114,4357400
2019-04-12,431.0307312011719,437.5614998557351,431.0307312011719,437.5614998557351,1069700
2019-04-15,427.7653503417969,440.82688775681356,427.7653503417968,440.82688775681356,533800
2019-04-16,437.56146240234375,437.5614624023438,424.499926211229,424.499926211229,348300
2019-04-17,437.56146240234375,437.5614624023438,437.5614624023438,437.5614624023438,0
2019-04-18,431.0307312011719,434.29611552845347,427.7653468738903,434.29611552845347,564200
2019-04-19,431.0307312011719,431.0307312011719,431.0307312011719,431.0307312011719,0
2019-04-22,427.7653503417969,437.56150340305936,427.7653503417968,437.56150340305936,86500
2019-04-23,440.8269348144531,440.8269348144531,440.8269348144531,440.8269348144531,1200
2019-04-24,424.5,434.29615384615386,424.5,434.29615384615386,88600
2019-04-25,431.0307312011719,437.5614998557351,427.7653468738903,434.29611552845347,1995800
2019-04-26,437.56146240234375,437.5614624023438,424.499926211229,424.499926211229,5200
2019-04-29,437.56146240234375,440.82684645012245,431.0306943067864,437.5614624023438,2886500
2019-04-30,437.56146240234375,440.82684645012245,427.7653102590077,434.2960783545651,1001600
2019-05-01,437.56146240234375,437.5614624023438,437.5614624023438,437.5614624023438,0
2019-05-02,434.2961730957031,437.5615578558212,434.2961730957031,434.2961730957031,23100
2019-05-03,424.5,431.03076923076924,404.90769230769234,411.4384615384616,31800
2019-05-06,424.5,437.5615384615385,408.17307692307696,437.5615384615385,2000
2019-05-07,417.9691467285156,421.23453068733215,417.9691467285156,421.23453068733215,88900
2019-05-08,417.9691467285156,421.23453068733215,414.7037627696991,417.9691467285156,61500
2019-05-09,414.70391845703125,414.70391845703125,414.70391845703125,414.70391845703125,1900
2019-05-10,417.9691467285156,421.23453068733215,401.642226934433,421.23453068733215,379500
2019-05-13,414.70391845703125,421.23468882643334,401.6423777182271,401.6423777182271,100500
2019-05-14,414.70391845703125,414.70391845703125,408.17314808762916,414.70391845703125,6700
2019-05-15,408.1730651855469,417.96921875000004,408.1730651855469,417.96921875000004,800
2019-05-16,414.70391845703125,417.96930364173227,408.17314808762916,417.96930364173227,27600
2019-05-17,408.1730651855469,408.1730651855469,404.9076806640625,408.1730651855469,7200
2019-05-20,421.23455810546875,447.3576314763505,417.96917393410854,424.49994227682896,23400
2019-05-21,417.9691467285156,421.23453068733215,404.9076108932495,421.23453068733215,7200
2019-05-22,414.70391845703125,417.96930364173227,414.70391845703125,417.96930364173227,13300
2019-05-23,414.70391845703125,414.70391845703125,411.43853327233023,414.70391845703125,18800
2019-05-24,417.9691467285156,431.03068256378174,417.9691467285156,431.03068256378174,2200
2019-05-27,417.9691467285156,421.23453068733215,404.9076108932495,421.23453068733215,21000
2019-05-28,411.4384460449219,417.9692150297619,411.4384460449219,417.9692150297619,57900
2019-05-29,414.70391845703125,417.96930364173227,411.43853327233023,417.96930364173227,61000
2019-05-30,414.70391845703125,414.70391845703125,414.70391845703125,414.70391845703125,0
2019-05-31,417.9691467285156,417.9691467285156,414.7037627696991,417.9691467285156,510800
2019-06-03,417.9691467285156,417.9691467285156,417.9691467285156,417.9691467285156,0
2019-06-04,417.9691467285156,417.9691467285156,417.9691467285156,417.9691467285156,0
2019-06-05,417.9691467285156,417.9691467285156,417.9691467285156,417.9691467285156,0
2019-06-06,417.9691467285156,417.9691467285156,417.9691467285156,417.9691467285156,0
2019-06-07,417.9691467285156,417.9691467285156,417.9691467285156,417.9691467285156,0
2019-06-10,421.23455810546875,437.56147896226986,417.96917393410854,417.96917393410854,1408300
2019-06-11,417.9691467285156,424.4999146461487,414.7037627696991,424.4999146461487,664300
2019-06-12,417.9691467285156,421.23453068733215,414.7037627696991,417.9691467285156,2003700
2019-06-13,417.9691467285156,431.03068256378174,411.43837881088257,424.4999146461487,3634800
2019-06-14,417.2619323730469,424.3341685149629,413.72581430208885,424.3341685149629,2914700
2019-06-17,417.2619323730469,420.7980504440049,413.72581430208885,417.2619323730469,390800
2019-06-18,410.189697265625,417.26193342537715,410.189697265625,417.26193342537715,13564700
2019-06-19,413.7259216308594,417.2620406191573,410.1898026425614,410.1898026425614,628100
2019-06-20,410.189697265625,413.7258153455011,406.6535791857489,413.7258153455011,740300
2019-06-21,406.65362548828125,417.26198093580166,403.1175070057745,413.7258624532949,806800
2019-06-24,424.334228515625,438.47870279947915,406.6536356608073,406.6536356608073,673800
2019-06-25,434.942626953125,438.4787458714431,420.7981512798527,424.33427019817077,650000
2019-06-26,424.334228515625,438.47870279947915,420.79810994466146,434.9425842285156,245400
2019-06-27,431.4064025878906,431.4064025878906,424.3341664798924,424.3341664798924,32700
2019-06-28,424.334228515625,431.4064656575521,420.79810994466146,431.4064656575521,33400
2019-07-01,420.7981262207031,431.4064823439141,420.7981262207031,431.4064823439141,364200
2019-07-02,427.8702697753906,427.8702697753906,420.7980339113346,420.7980339113346,173400
2019-07-03,424.334228515625,427.87034708658854,420.79810994466146,427.87034708658854,302400
2019-07-04,424.334228515625,438.47870279947915,420.79810994466146,431.4064656575521,167100
2019-07-05,424.334228515625,424.334228515625,420.79810994466146,424.334228515625,233200
2019-07-08,424.334228515625,427.87034708658854,413.7258728027344,424.334228515625,3611100
2019-07-09,420.7981262207031,424.3342449284401,413.7258888052291,424.3342449284401,2008400
2019-07-10,424.334228515625,427.87034708658854,417.2619913736979,420.79810994466146,86000
2019-07-11,424.334228515625,424.334228515625,420.79810994466146,424.334228515625,283600
2019-07-12,417.2619323730469,420.7980504440049,417.2619323730469,420.7980504440049,154600
2019-07-15,417.2619323730469,424.3341685149629,413.72581430208885,417.2619323730469,191100
2019-07-16,417.2619323730469,424.3341685149629,396.0452239472987,396.0452239472987,172100
2019-07-17,413.7259216308594,424.3342785957532,410.1898026425614,417.2620406191573,173000
2019-07-18,413.7259216308594,417.2620406191573,406.6536836542635,413.7259216308594,46800
2019-07-19,413.7259216308594,417.2620406191573,410.1898026425614,417.2620406191573,26600
2019-07-22,413.7259216308594,420.79815960745526,413.7259216308594,417.2620406191573,95000
2019-07-23,417.2619323730469,427.87028658592095,406.6535781601728,413.72581430208885,590700
2019-07-24,431.4064025878906,434.9425206418897,424.3341664798924,424.3341664798924,1117400
2019-07-25,420.7981262207031,434.94260105165114,420.7981262207031,434.94260105165114,94100
2019-07-26,420.7981262207031,424.3342449284401,413.7258888052291,420.7981262207031,159200
2019-07-29,417.2619323730469,424.3341685149629,417.2619323730469,424.3341685149629,21500
2019-07-30,424.334228515625,424.334228515625,413.7258728027344,413.7258728027344,8600
2019-07-31,420.7981262207031,420.7981262207031,417.26200751296614,417.26200751296614,3300
2019-08-01,413.7259216308594,420.79815960745526,410.1898026425614,417.2620406191573,507800
2019-08-02,410.189697265625,413.7258153455011,410.189697265625,413.7258153455011,29800
2019-08-05,417.2619323730469,417.2619323730469,406.6535781601728,417.2619323730469,12900
2019-08-06,413.7259216308594,417.2620406191573,406.6536836542635,410.1898026425614,415100
2019-08-07,410.189697265625,417.26193342537715,406.6535791857489,417.26193342537715,1516900
2019-08-08,420.7981262207031,424.3342449284401,406.6536513897551,410.1897700974921,57300
2019-08-09,417.2619323730469,417.2619323730469,417.2619323730469,417.2619323730469,2600
2019-08-12,413.7259216308594,420.79815960745526,410.1898026425614,420.79815960745526,19300
2019-08-13,413.7259216308594,417.2620406191573,413.7259216308594,417.2620406191573,1000
2019-08-14,413.7259216308594,417.2620406191573,410.1898026425614,417.2620406191573,12100
2019-08-15,413.7259216308594,413.7259216308594,410.1898026425614,413.7259216308594,500
2019-08-16,410.189697265625,413.7258153455011,410.189697265625,410.189697265625,371700
2019-08-19,413.7259216308594,413.7259216308594,406.6536836542635,413.7259216308594,95900
2019-08-20,392.5091247558594,413.72583420212203,392.5091247558594,413.72583420212203,208600
2019-08-21,396.0452880859375,406.6536440168108,392.50916944231307,403.11752537318637,2751600
2019-08-22,406.65362548828125,406.65362548828125,396.0452700407609,399.5813885232677,8500
2019-08-23,410.189697265625,410.189697265625,399.5813430259968,406.6535791857489,30100
2019-08-26,403.1175842285156,406.6537033884149,399.58146506861635,406.6537033884149,58700
2019-08-27,413.7259216308594,413.7259216308594,396.04532668936963,396.04532668936963,10600
2019-08-28,413.7259216308594,417.2620406191573,403.1175646659655,417.2620406191573,1800
2019-08-29,396.0452880859375,403.11752537318637,392.50916944231307,403.11752537318637,1216700
2019-08-30,396.0452880859375,399.58140672956193,396.0452880859375,399.58140672956193,8400
2019-09-02,396.0452880859375,403.11752537318637,396.0452880859375,403.11752537318637,186000
2019-09-03,388.9730529785156,396.04529030539777,388.9730529785156,396.04529030539777,323600
2019-09-04,378.3646545410156,396.045245874708,360.68406320732333,392.5091276079695,1157200
2019-09-05,381.9007873535156,388.9730241563585,378.3646689520942,388.9730241563585,601900
2019-09-06,385.4369201660156,385.4369201660156,381.90080163238247,381.90080163238247,32500
2019-09-09,392.5091247558594,396.04524299690314,388.9730065148156,388.9730065148156,55200
2019-09-10,381.9007873535156,399.5813793606228,381.9007873535156,399.5813793606228,183000
2019-09-11,378.3646545410156,385.43689107449256,378.3646545410156,381.9007728077541,36300
2019-09-12,388.9730529785156,420.7981209494851,381.90081565163354,381.90081565163354,181600
2019-09-13,396.0452880859375,406.6536440168108,396.0452880859375,396.0452880859375,17062200
2019-09-16,396.0452880859375,410.18976266043524,396.0452880859375,396.0452880859375,242000
2019-09-17,399.58135986328125,406.65359632103844,396.04524163440266,396.04524163440266,1112500
2019-09-18,396.0452880859375,399.58140672956193,396.0452880859375,396.0452880859375,525400
2019-09-19,388.9730529785156,406.6536462957209,388.9730529785156,396.04529030539777,18666800
2019-09-20,388.9730529785156,396.04529030539777,388.9730529785156,388.9730529785156,45000
2019-09-23,381.9007873535156,388.9730241563585,378.3646689520942,388.9730241563585,201300
2019-09-24,381.9007873535156,388.9730241563585,381.9007873535156,385.4369057549371,10700
2019-09-25,381.9007873535156,381.9007873535156,378.3646689520942,381.9007873535156,44600
2019-09-26,385.4369201660156,385.4369201660156,374.8285645651161,381.90080163238247,58900
2019-09-27,385.4369201660156,388.9730386996488,385.4369201660156,385.4369201660156,418100
2019-09-30,381.9007873535156,385.4369057549371,381.9007873535156,385.4369057549371,390600
2019-10-01,385.4369201660156,385.4369201660156,378.36468309874925,381.90080163238247,28000
2019-10-02,381.9007873535156,385.4369057549371,381.9007873535156,385.4369057549371,56500
2019-10-03,378.3646545410156,381.9007728077541,378.3646545410156,378.3646545410156,531700
2019-10-04,378.3646545410156,399.58136414144644,378.3646545410156,378.3646545410156,13700
2019-10-07,374.8285827636719,396.0452949955778,374.8285827636719,378.3647014689895,23400
2019-10-08,374.8285827636719,381.90082017430717,374.8285827636719,381.90082017430717,4600
2019-10-09,374.8285827636719,381.90082017430717,371.2924640583542,374.8285827636719,8700
2019-10-10,385.4369201660156,392.50915723328194,346.5396162960507,378.36468309874925,568000
2019-10-11,403.1175842285156,406.6537033884149,385.4369884290193,385.4369884290193,1640800
2019-10-14,417.2619323730469,434.942522727837,403.1174600892148,403.1174600892148,11955800
2019-10-15,396.0452880859375,424.334237234933,396.0452880859375,424.334237234933,372100
2019-10-16,399.58135986328125,413.7258327787956,396.04524163440266,399.58135986328125,83800
2019-10-17,396.0452880859375,403.11752537318637,396.0452880859375,396.0452880859375,39100
2019-10-18,396.0452880859375,403.11752537318637,392.50916944231307,396.0452880859375,47900
2019-10-21,410.189697265625,424.3341695851293,392.5091068662446,392.5091068662446,194300
2019-10-22,413.7259216308594,413.7259216308594,403.1175646659655,410.1898026425614,50200
2019-10-23,410.189697265625,413.7258153455011,410.189697265625,413.7258153455011,1194800
2019-10-24,424.334228515625,424.334228515625,410.18975423177085,410.18975423177085,430000
2019-10-25,424.334228515625,427.87034708658854,417.2619913736979,424.334228515625,1300600
2019-10-28,420.7981262207031,424.3342449284401,420.7981262207031,424.3342449284401,186700
2019-10-29,424.334228515625,431.4064656575521,420.79810994466146,420.79810994466146,1815900
2019-10-30,424.334228515625,424.334228515625,420.79810994466146,424.334228515625,439100
2019-10-31,427.8702697753906,431.4063877074187,424.33415184336263,424.33415184336263,628900
2019-11-01,420.7981262207031,427.8703636361771,420.7981262207031,427.8703636361771,159200
2019-11-04,410.189697265625,424.3341695851293,410.189697265625,424.3341695851293,21800
2019-11-05,424.334228515625,424.334228515625,410.18975423177085,410.18975423177085,595900
2019-11-06,424.334228515625,424.334228515625,424.334228515625,424.334228515625,383800
2019-11-07,424.334228515625,424.334228515625,413.7258728027344,417.2619913736979,810700
2019-11-08,420.7981262207031,424.3342449284401,420.7981262207031,424.3342449284401,2441400
2019-11-11,424.334228515625,424.334228515625,420.79810994466146,424.334228515625,39200
2019-11-12,424.334228515625,424.334228515625,413.7258728027344,424.334228515625,98800
2019-11-13,417.2619323730469,424.3341685149629,417.2619323730469,424.3341685149629,278400
2019-11-14,420.7981262207031,424.3342449284401,417.26200751296614,420.7981262207031,166700
2019-11-15,420.7981262207031,424.3342449284401,417.26200751296614,424.3342449284401,16900
2019-11-18,420.7981262207031,420.7981262207031,417.26200751296614,420.7981262207031,23400
2019-11-19,410.189697265625,420.7980515052532,406.6535791857489,417.26193342537715,2145600
2019-11-20,403.1175842285156,410.1898225483141,403.1175842285156,410.1898225483141,595600
2019-11-21,392.5091247558594,413.72583420212203,392.5091247558594,410.18971596107826,3654200
2019-11-22,406.65362548828125,413.7258624532949,399.5813885232677,406.65362548828125,5939300
2019-11-25,417.2619323730469,424.3341685149629,406.6535781601728,413.72581430208885,13495300
2019-11-26,410.189697265625,427.8702876650054,410.189697265625,417.26193342537715,10629700
2019-11-27,410.189697265625,413.7258153455011,403.11746110587285,410.189697265625,560200
2019-11-28,403.1175842285156,410.1898225483141,396.0453459087171,410.1898225483141,253800
2019-11-29,403.1175842285156,403.1175842285156,396.0453459087171,403.1175842285156,223000
2019-12-02,420.7981262207031,420.7981262207031,410.1897700974921,417.26200751296614,533800
2019-12-03,410.189697265625,420.7980515052532,410.189697265625,420.7980515052532,142700
2019-12-04,413.7259216308594,417.2620406191573,403.1175646659655,417.2620406191573,432400
2019-12-05,410.189697265625,417.26193342537715,406.6535791857489,413.7258153455011,848000
2019-12-06,403.1175842285156,417.26206086811266,403.1175842285156,417.26206086811266,47900
2019-12-09,403.1175842285156,413.7259417082134,399.58146506861635,413.7259417082134,187200
2019-12-10,392.5091247558594,403.1174794789907,388.9730065148156,403.1174794789907,1152300
2019-12-11,392.5091247558594,399.5813612379469,388.9730065148156,396.04524299690314,949400
2019-12-12,374.8285827636719,396.0452949955778,371.2924640583542,396.0452949955778,25055500
2019-12-13,353.6118469238281,374.8285577392578,353.6118469238281,374.8285577392578,7534200
2019-12-16,385.4369201660156,396.0452757669151,360.6840904305834,360.6840904305834,1249400
2019-12-17,403.1175842285156,424.33429918791114,385.4369884290193,385.4369884290193,3845200
2019-12-18,403.1175842285156,410.1898225483141,388.9731075889186,403.1175842285156,331300
2019-12-19,396.0452880859375,403.11752537318637,388.9730507986886,403.11752537318637,218500
2019-12-20,403.1175842285156,403.1175842285156,388.9731075889186,392.5092267488178,111600
2019-12-23,413.7259216308594,413.7259216308594,388.97308871277374,413.7259216308594,1603700
2019-12-26,403.1175842285156,413.7259417082134,399.58146506861635,413.7259417082134,198000
2019-12-27,399.58135986328125,403.11747809215984,399.58135986328125,403.11747809215984,140900
2019-12-30,396.0452880859375,406.6536440168108,396.0452880859375,406.6536440168108,115600
2020-01-02,392.5091247558594,403.1174794789907,392.5091247558594,396.04524299690314,85500
2020-01-03,403.1175842285156,403.1175842285156,399.58146506861635,403.1175842285156,64800
2020-01-06,403.1175842285156,406.6537033884149,399.58146506861635,403.1175842285156,201400
2020-01-07,403.1175842285156,410.1898225483141,403.1175842285156,406.6537033884149,128700
2020-01-08,399.58135986328125,403.11747809215984,396.04524163440266,403.11747809215984,78200
2020-01-09,399.58135986328125,403.11747809215984,396.04524163440266,399.58135986328125,30800
2020-01-10,396.0452880859375,399.58140672956193,392.50916944231307,399.58140672956193,80900
2020-01-13,396.0452880859375,403.11752537318637,392.50916944231307,403.11752537318637,130800
2020-01-14,399.58135986328125,403.11747809215984,392.50912340552406,396.04524163440266,313800
2020-01-15,399.58135986328125,403.11747809215984,392.50912340552406,399.58135986328125,137000
2020-01-16,399.58135986328125,399.58135986328125,392.50912340552406,399.58135986328125,111500
2020-01-17,403.1175842285156,403.1175842285156,396.0453459087171,396.0453459087171,66200
2020-01-20,396.0452880859375,403.11752537318637,396.0452880859375,403.11752537318637,54900
2020-01-21,396.0452880859375,399.58140672956193,388.9730507986886,396.0452880859375,39400
2020-01-22,396.0452880859375,396.0452880859375,385.43693215506414,392.50916944231307,246900
2020-01-23,399.58135986328125,399.58135986328125,392.50912340552406,396.04524163440266,7800
2020-01-24,392.5091247558594,399.5813612379469,392.5091247558594,392.5091247558594,61300
2020-01-27,392.5091247558594,392.5091247558594,385.4368882737718,392.5091247558594,61900
2020-01-28,392.5091247558594,392.5091247558594,371.2924153095967,392.5091247558594,159900
2020-01-29,388.9730529785156,392.5091716419567,388.9730529785156,388.9730529785156,16300
2020-01-30,388.9730529785156,392.5091716419567,385.4369343150746,392.5091716419567,244400
2020-01-31,385.4369201660156,388.9730386996488,378.36468309874925,388.9730386996488,122200
2020-02-03,385.4369201660156,385.4369201660156,378.36468309874925,378.36468309874925,39500
2020-02-04,385.4369201660156,385.4369201660156,381.90080163238247,385.4369201660156,2785800
2020-02-05,385.4369201660156,388.9730386996488,385.4369201660156,385.4369201660156,48900
2020-02-06,388.9730529785156,396.04529030539777,385.4369343150746,396.04529030539777,2574200
2020-02-07,388.9730529785156,396.04529030539777,381.90081565163354,396.04529030539777,100500
2020-02-10,388.9730529785156,388.9730529785156,385.4369343150746,388.9730529785156,56800
2020-02-11,385.4369201660156,388.9730386996488,385.4369201660156,385.4369201660156,629100
2020-02-12,378.3646545410156,385.43689107449256,378.3646545410156,385.43689107449256,64300
2020-02-13,371.2924499511719,378.36468709309895,364.2202128092448,378.36468709309895,915800
2020-02-14,371.2924499511719,374.8285685221354,371.2924499511719,374.8285685221354,36700
2020-02-17,353.6118469238281,371.29243927001954,353.6118469238281,371.29243927001954,1246600
2020-02-18,353.6118469238281,353.6118469238281,350.7829521484375,353.6118469238281,1146900
2020-02-19,353.6118469238281,357.1479653930664,352.1973995361328,353.6118469238281,349300
2020-02-20,352.1974182128906,357.1479843323489,352.1974182128906,353.611865675593,1639100
2020-02-21,350.782958984375,353.6118538148941,350.782958984375,352.19740639963453,251200
2020-02-24,343.7107238769531,350.78296099376286,325.3229073732478,350.78296099376286,1963000
2020-02-25,350.782958984375,357.1479723530431,340.88182707755794,340.88182707755794,737900
2020-02-26,339.4673767089844,352.1974033355713,339.4673767089844,350.7829559326172,689300
2020-02-27,342.2962646484375,342.2962646484375,332.3951330263753,339.4673698992769,452300
2020-02-28,319.6651306152344,340.88184282421014,318.250683134636,340.88184282421014,974800
2020-03-02,318.2507019042969,332.39517754448786,315.4218067762587,319.665149468316,612500
2020-03-03,318.2507019042969,318.2507019042969,316.8362543402778,318.2507019042969,120900
2020-03-04,318.2507019042969,329.56628241644967,314.0073592122396,316.8362543402778,754000
2020-03-05,318.2507019042969,318.2507019042969,315.4218067762587,318.2507019042969,361200
2020-03-06,318.2507019042969,318.2507019042969,316.8362543402778,318.2507019042969,192300
2020-03-09,302.6917419433594,318.25066325820495,297.0339523743246,318.25066325820495,5376800
2020-03-10,316.8362121582031,318.25065953390936,302.69173840114047,302.69173840114047,1284700
2020-03-11,289.96173095703125,316.83623285060975,289.96173095703125,311.1784429782774,732900
2020-03-12,288.54730224609375,292.79064492618335,281.4750644459444,289.96174980612363,2024300
2020-03-13,288.54730224609375,288.54730224609375,288.54730224609375,288.54730224609375,0
2020-03-16,258.8438720703125,270.1594511772114,257.42942468195014,268.74500378884903,2921300
2020-03-17,241.8704833984375,251.77161429778874,241.8704833984375,251.77161429778874,5309000
2020-03-18,227.7260284423828,240.45605487705018,226.3115810607531,240.45605487705018,2211900
2020-03-19,212.1671142578125,219.23935139973958,212.1671142578125,219.23935139973958,1333700
2020-03-20,219.23934936523438,220.65379678049393,198.0226381363407,198.0226381363407,12403400
2020-03-23,205.0948486328125,213.5815320245151,205.0948486328125,213.5815320245151,514100
2020-03-24,205.0948486328125,212.16708479256465,205.0948486328125,205.0948486328125,148700
2020-03-26,190.9503936767578,212.16710408528644,190.9503936767578,212.16710408528644,3751000
2020-03-27,182.4636993408203,195.19372487622638,179.63480477739677,190.95038303109104,5665900
2020-03-30,169.7336883544922,183.8781623840332,169.7336883544922,183.8781623840332,1939900
2020-03-31,169.7336883544922,186.70705718994142,165.4903461456299,169.7336883544922,2312100
2020-04-01,169.7336883544922,178.22037277221682,164.0758987426758,164.0758987426758,1030700
2020-04-02,196.60818481445312,205.09486905104822,166.90478998637028,169.73368473190197,2990700
2020-04-03,196.60818481445312,200.85152693275066,189.53594795062386,195.19373744168726,678200
2020-04-06,205.0948486328125,212.16708479256465,193.77927077720906,196.60816524110993,989400
2020-04-07,236.21267700195312,246.11380717568767,205.09483931307307,205.09483931307307,395800
2020-04-08,220.65379333496094,240.45605683938052,220.65379333496094,236.21271465986203,909300
2020-04-09,244.6993865966797,244.69938659667966,222.0682294547902,227.7260187402626,70800
2020-04-13,227.7260284423828,244.6993970219393,227.7260284423828,244.6993970219393,543400
2020-04-14,233.38381958007812,237.62716175426135,229.1404774058949,230.5549247972893,347000
2020-04-15,229.1405029296875,244.69942596812308,229.1405029296875,236.21274067443093,1824600
2020-04-16,222.0681915283203,229.14042692731138,216.41040320912742,229.14042692731138,571500
2020-04-17,229.1405029296875,231.96939802758487,222.06826518494407,224.89716028284144,12200
2020-04-20,229.1405029296875,229.1405029296875,214.99602744020063,229.1405029296875,68200
2020-04-21,223.482666015625,239.04158580152293,223.482666015625,239.04158580152293,549500
2020-04-22,222.0681915283203,223.48263860811852,214.99595612932922,223.48263860811852,41300
2020-04-23,224.89715576171875,226.3116032822327,222.06826072069083,222.06826072069083,48800
2020-04-24,223.482666015625,226.3115605221519,222.06821876236154,224.89711326888843,513700
2020-04-27,233.38381958007812,233.38381958007812,212.16710870916194,223.48268784031723,209700
2020-04-28,231.96942138671875,247.52834599192548,230.55497369533632,233.38386907810116,1403400
2020-04-29,230.55491638183594,233.38381106136765,222.06823234324074,233.38381106136765,548400
2020-04-30,231.96942138671875,233.38386907810116,229.14052600395388,230.55497369533632,928500
2020-05-04,216.41049194335938,233.3838638604856,216.4104919433594,229.14052088120405,1503100
2020-05-05,205.0948486328125,217.82487372036638,202.26595416891163,216.41042648841596,2554500
2020-05-06,205.0948486328125,226.31155711206898,205.0948486328125,205.0948486328125,1300600
2020-05-08,205.0948486328125,219.23932095231683,203.68040140086208,212.16708479256465,1545800
2020-05-11,205.0948486328125,209.3381903286638,202.26595416891163,209.3381903286638,511200
2020-05-12,206.50929260253906,212.1670814409648,205.09484539293263,206.50929260253906,2065600
2020-05-13,207.9237518310547,210.75264641379013,203.68040995695154,209.33819912242242,148100
2020-05-14,205.0948486328125,210.75263756061423,205.0948486328125,209.3381903286638,62700
2020-05-15,203.68038940429688,207.92373085021973,202.26594225565592,205.0948365529378,284200
2020-05-18,203.68038940429688,206.50928370157877,202.26594225565592,203.68038940429688,957400
2020-05-19,205.0948486328125,206.50929586476295,203.68040140086208,203.68040140086208,618700
2020-05-20,199.4370880126953,205.09487774355193,196.608193147267,205.09487774355193,1827500
2020-05-26,198.02264404296875,200.85153895786829,195.1937491280692,199.43709150041852,3401300
2020-05-27,210.75267028808594,217.8249075460754,199.4370906753028,202.26598557849857,15094400
2020-05-28,209.3382110595703,213.58155317564268,203.68042157147383,210.75265843159443,1297200
2020-05-29,226.31158447265625,226.31158447265625,209.33821563720704,209.33821563720704,4399000
2020-06-02,216.41049194335938,227.72607322144353,213.58159662383835,226.31162556168303,281400
2020-06-03,219.23934936523438,220.65379678049393,216.4104545347152,219.23934936523435,812500
2020-06-04,216.41049194335938,223.48273024216198,213.58159662383835,220.65383492264095,3024800
2020-06-05,217.8249053955078,217.82490539550784,212.16711564497515,216.41045795787466,524500
2020-06-08,230.55491638183594,231.96936372160178,217.82489032394315,223.4826796830066,1269400
2020-06-09,227.7260284423828,236.21271273216107,226.3115810607531,233.38381796890164,5656000
2020-06-10,219.23934936523438,230.55492868731096,219.23934936523435,229.1404812720514,3083100
2020-06-11,222.0681915283203,223.48263860811852,214.99595612932922,219.23929736872387,500700
2020-06-12,212.1671142578125,217.82490397135416,207.92377197265625,212.1671142578125,5080100
2020-06-15,210.75267028808594,212.16711773968382,205.09488048169436,212.16711773968382,2046200
2020-06-16,209.3382110595703,212.16710580361857,206.50931631552206,212.16710580361857,1502400
2020-06-17,203.68038940429688,212.16707229614258,202.26594225565592,209.33817799886066,6561700
2020-06-18,200.85154724121094,203.68044227277727,199.43709972542774,203.68044227277727,7113400
2020-06-19,202.26600646972656,203.68045406741697,200.85155887203618,203.68045406741697,9810400
2020-06-22,202.26600646972656,212.16713965355933,202.26600646972656,205.09490166510736,20021400
2020-06-23,203.68038940429688,206.50928370157877,202.26594225565592,203.68038940429688,8205400
2020-06-24,199.4370880126953,205.09487774355193,198.02264057998116,203.68043031083778,25370200
2020-06-25,202.26600646972656,205.09490166510736,199.4371112743458,202.26600646972656,11542300
2020-06-26,203.68038940429688,207.92373085021973,202.26594225565592,205.0948365529378,16865700
2020-06-29,200.85154724121094,207.9237848201268,200.8515472412109,202.2659947569941,15792600
2020-06-30,199.4370880126953,205.09487774355193,198.02264057998116,200.85153544540947,16299900
2020-07-01,198.02264404296875,200.85153895786829,198.02264404296875,200.85153895786829,5430700
2020-07-02,200.85154724121094,205.09488978856044,198.02265220964458,199.43709972542774,16343500
2020-07-03,202.26600646972656,205.09490166510736,199.4371112743458,200.85155887203618,23048200
2020-07-06,202.26600646972656,205.09490166510736,199.4371112743458,202.26600646972656,31241600
2020-07-07,199.4370880126953,205.09487774355193,199.4370880126953,205.09487774355193,35908400
2020-07-08,199.4370880126953,202.39171153880932,199.4370880126953,202.39171153880932,18244500
2020-07-09,200.9143829345703,202.39169457379512,199.43707129534553,199.43707129534553,9374000
2020-07-10,206.8236541748047,208.30096599033902,200.9144069126674,202.39171872820174,54012700
2020-07-13,203.86898803710938,211.2555455746858,203.86898803710938,209.77823406717053,51176200
2020-07-14,200.9143829345703,206.82362949146946,197.95975965612075,206.82362949146946,10179300
2020-07-15,200.9143829345703,203.8690062130199,200.9143829345703,203.8690062130199,2787600
2020-07-16,203.86898803710938,203.86898803710938,200.9143650220788,202.3916765295941,3409900
2020-07-17,202.39170837402344,206.82364359389257,200.9143966340671,205.3463318539362,4859500
2020-07-20,193.52783203125,203.86901389551528,192.05052033635496,203.86901389551528,32805300
2020-07-21,197.9597930908203,197.9597930908203,193.5278574246079,195.0051693133454,3981600
2020-07-22,200.9143829345703,202.39169457379512,190.57320145999685,197.95975965612075,13836200
2020-07-23,197.9597930908203,202.3917287570327,196.48248120208285,202.3917287570327,6932300
2020-07-24,199.4370880126953,202.39171153880932,197.9597762496383,197.9597762496383,5295000
2020-07-27,206.8236541748047,209.77827780587333,193.5278478349958,199.4370950971331,19000300
2020-07-28,205.3463592529297,209.778295064144,203.86904731585827,208.30098312707258,10175900
2020-07-29,202.39170837402344,205.3463318539362,199.4370848941107,205.3463318539362,3795800
2020-07-30,214.21018981933594,240.80179959001214,202.39169658792432,202.39169658792432,90593400
2020-08-03,208.30096435546875,218.6421469830452,200.91440533577125,214.21021157122672,34504500
2020-08-04,206.8236541748047,211.25558962140764,202.39171872820174,208.30096599033902,7724900
2020-08-05,206.8236541748047,214.21021325247628,203.86903054373605,208.30096599033902,5304000
2020-08-06,206.8236541748047,208.30096599033902,203.86903054373605,208.30096599033902,6386400
2020-08-07,209.77828979492188,214.21022549481458,203.8690421950649,206.8236659949934,22839600
2020-08-10,234.89259338378906,234.89259338378906,205.34635522230616,209.77829094652859,86418300
2020-08-11,264.4388122558594,282.16655385960416,237.84719985024222,239.32451165055429,228651400
2020-08-12,265.9161071777344,276.25728912353514,258.52954864501953,268.8707305908203,53177200
2020-08-13,251.1429901123047,265.9161071777344,248.18836669921876,265.9161071777344,41249700
2020-08-14,252.62033081054688,260.00689019097223,249.66570705837674,252.62033081054688,12680600
2020-08-18,265.9161071777344,271.8253540039063,254.09761352539064,254.09761352539064,30762500
2020-08-19,295.4623718261719,307.28086669921873,267.39344650268555,268.8707583618164,165083100
2020-08-24,307.2807922363281,319.09928424541766,280.68918521587665,296.93961172837476,83699400
2020-08-25,308.7581481933594,316.1447067625785,302.8489013379841,310.2354599072032,41153700
2020-08-26,305.80352783203125,307.2808395606884,301.37159264605975,307.2808395606884,10750500
2020-08-27,317.6220397949219,322.05397523392077,301.3716098519259,308.75816891692403,59545500
2020-08-28,308.7581481933594,320.57664190411,307.28083647951553,319.09933019026613,19994700
2020-08-31,302.84893798828125,322.0539925924162,288.07581906202364,308.7581855587843,36914500
2020-09-01,304.3262023925781,307.28082571677794,292.507709095779,302.8488907304782,8558200
2020-09-02,307.2807922363281,308.7581037374643,301.3715462317833,308.7581037374643,7605700
2020-09-03,313.1900939941406,327.9632116353737,301.3715998811542,308.7581587017707,68450500
2020-09-04,305.80352783203125,313.190086475317,301.37159264605975,313.190086475317,12433700
2020-09-07,302.84893798828125,311.7128093440358,301.3716260956555,310.2354974514101,9631900
2020-09-08,302.84893798828125,305.8035617735328,301.3716260956555,305.8035617735328,4949800
2020-09-09,289.5531311035156,302.84893814398316,285.1211954233598,301.3716262505979,27026600
2020-09-10,273.30267333984375,280.68923207875844,270.34804984427785,277.73460858319254,41875500
2020-09-11,282.1665344238281,286.5984695194903,258.5295472469629,262.9614823426252,9933700
2020-09-14,288.0758056640625,292.5077411358173,282.1665583683894,282.1665583683894,5062200
2020-09-15,282.1665344238281,295.4623397108148,282.1665344238281,288.0757812180444,3077000
2020-09-16,276.25726318359375,289.5530672940341,274.77995161576706,282.16650945490056,8839300
2020-09-17,273.30267333984375,280.68923207875844,270.34804984427785,276.25729683540965,3086800
2020-09-18,268.8707580566406,277.734629201365,268.8707580566406,273.3026936290028,3465000
2020-09-21,265.9161071777344,276.25728912353514,264.43879547119144,268.8707305908203,6199800
2020-09-22,268.8707580566406,282.16656477372726,261.48419876937027,262.96151062682435,12513700
2020-09-23,262.96148681640625,276.2572923295953,260.0068633690309,271.8253571585323,3876200
2020-09-24,254.09764099121094,264.43882405480673,252.62032912498296,261.4842003223508,4570500
2020-09-25,255.57493591308594,265.91611829107205,251.14300060823473,254.0976241448022,4990900
2020-09-28,273.30267333984375,279.2119203309755,261.4841793575802,261.4841793575802,12073000
2020-09-29,292.5077209472656,295.4623443911774,273.3026685618391,273.3026685618391,43672300
2020-09-30,299.894287109375,301.3715988685345,288.0757930360991,295.4623518318965,39932700
2020-10-01,292.5077209472656,304.3262147229127,291.0304092253097,304.3262147229127,8361900
2020-10-02,280.6892395019531,293.9850455836246,273.3026805676912,292.5077337967722,5864500
2020-10-05,288.0758056640625,295.46236478365387,280.68924654447113,280.68924654447113,6002500
2020-10-06,283.6438903808594,292.50776195526123,283.6438903808594,288.0758261680603,2123100
2020-10-07,282.1665344238281,285.1211578209363,280.6892227252741,283.64384612238223,686000
2020-10-08,282.1665344238281,286.5984695194903,282.1665344238281,282.1665344238281,1090800
2020-10-09,298.4169616699219,301.3715850527924,280.6892213726988,283.6438447555693,11539000
2020-10-12,291.0303955078125,304.3262003787278,280.68921394154506,301.37157707407994,41050000
2020-10-13,285.1211853027344,291.0304326665216,283.64387346178756,291.0304326665216,12176800
2020-10-14,285.1211853027344,289.5531208255748,283.64387346178756,285.1211853027344,10401000
2020-10-15,283.6438903808594,286.5985142389933,283.6438903808594,286.5985142389933,3912500
2020-10-16,283.6438903808594,292.50776195526123,280.6892665227254,283.6438903808594,14094700
2020-10-19,285.1211853027344,286.5984971436812,282.16656162084075,286.5984971436812,9124300
2020-10-20,280.6892395019531,285.12117486251026,279.2119277151007,285.12117486251026,6182800
2020-10-21,279.2119445800781,283.6438802083333,276.25732082790796,280.6892564561632,6257500
2020-10-22,277.73455810546875,279.2118695847532,274.7799351468999,277.73455810546875,2583800
2020-10-23,279.2119445800781,280.6892564561632,276.25732082790796,277.73463270399304,2208400
2020-10-26,280.6892395019531,283.6438630756579,279.2119277151007,280.6892395019531,1389200
2020-10-27,283.6438903808594,288.0758261680603,276.2573307355245,280.6892665227254,4101000
2020-11-02,277.73455810546875,286.5984269811752,277.73455810546875,283.6438040226064,4014500
2020-11-03,289.5531311035156,299.89431435721264,276.2573240630481,279.2119478498186,30315700
2020-11-04,280.6892395019531,292.5077337967722,280.6892395019531,292.5077337967722,11427700
2020-11-05,283.6438903808594,286.5985142389933,280.6892665227254,280.6892665227254,3014600
2020-11-06,285.1211853027344,293.98505634841524,282.16656162084075,285.1211853027344,3805900
2020-11-09,285.1211853027344,295.46236818936205,285.1211853027344,291.0304326665216,9723400
2020-11-10,288.0758056640625,292.5077411358173,286.5984938401442,292.5077411358173,3786000
2020-11-11,286.5984802246094,291.0304154858147,286.5984802246094,288.0757919783445,4511900
2020-11-12,286.5984802246094,289.5531037320796,286.5984802246094,289.5531037320796,2688300
2020-11-13,285.1211853027344,291.0304326665216,285.1211853027344,286.5984971436812,3478200
2020-11-16,286.5984802246094,288.0757919783445,283.6438567171392,285.1211684708743,2792900
2020-11-17,302.84893798828125,307.2808736661585,286.59850716939786,286.59850716939786,48411400
2020-11-18,299.894287109375,307.2808459051724,295.4623518318965,304.32622238685343,11466900
2020-11-19,316.144775390625,320.57671149423186,296.9397189416618,299.89434301073305,73652400
2020-11-20,295.4623718261719,320.5766734313965,295.4623718261719,317.62204971313474,103324900
2020-11-23,295.4623718261719,298.4169955444336,289.5531243896484,295.4623718261719,28891800
2020-11-24,295.4623718261719,299.8943074035645,293.985059967041,296.9396836853027,20307100
2020-11-25,304.3262023925781,314.66738402727736,295.4623324199788,295.4623324199788,71368800
2020-11-26,295.4623718261719,308.7581785583496,293.985059967041,305.8035548400879,97364300
2020-11-27,292.5077209472656,299.894279557045,291.0304092253097,296.93965611313325,39113200
2020-11-30,282.1665344238281,293.9850280122607,274.7799759310578,292.5077163137066,42162000
2020-12-01,288.0758056640625,289.5531174879808,277.7346228966346,282.1665583683894,20010500
2020-12-02,293.98504638671875,295.4623581776068,285.12117564139055,289.55311101405465,20278400
2020-12-03,292.5077209472656,301.37159127900094,291.0304092253097,295.4623443911774,95036000
2020-12-04,314.6673889160156,314.6673889160156,286.598466900033,292.50771364023984,133952600
2020-12-07,293.98504638671875,330.9178411589196,293.98504638671875,322.0539704135914,394276500
2020-12-08,301.37158203125,314.66738712086396,296.9396470013787,302.8488937078738,186114200
2020-12-10,292.5077209472656,305.80352644486857,288.07578578139794,301.37159127900094,177312300
2020-12-11,298.4169616699219,298.4169616699219,289.55309152131036,295.46233828705135,59656400
2020-12-14,305.80352783203125,307.2808395606884,298.41696918874544,298.41696918874544,61430400
2020-12-15,299.894287109375,305.8035341460129,293.98504007273704,305.8035341460129,76847700
2020-12-16,304.3262023925781,310.2354490409777,299.89426740627846,299.89426740627846,84122700
2020-12-17,305.80352783203125,314.6673982039742,299.8942809174026,311.7127747466599,74891600
2020-12-18,314.6673889160156,316.1447006010673,304.3262071206536,305.8035188057053,64918500
2020-12-21,358.98675537109375,361.9413788720904,310.23546760464893,316.14471460664225,342309500
2020-12-22,366.37335205078125,387.7943746505245,356.0321687267672,363.4187282439201,301872900
2020-12-23,446.88671875,454.27327608471074,363.4186208677686,395.1808174070248,461594100
2020-12-28,432.11376953125,469.0465703458867,421.03392928685895,469.0465703458867,122783300
2020-12-29,413.6473083496094,469.04650143214633,413.6473083496094,469.04650143214633,55281300
2020-12-30,413.6473083496094,446.8868241991316,406.2607492719378,446.8868241991316,108809200
2021-01-04,454.27337646484375,457.9666559482978,413.6473021468496,428.4204200806657,130041400
2021-01-05,465.35321044921875,480.12632824125745,439.50025431315106,443.1935337611607,125158200
2021-01-06,457.9666748046875,472.7397933467742,446.8868358981225,469.04651371125254,92786700
2021-01-07,476.4329833984375,491.2060991627301,457.9665886930717,457.9665886930717,88532300
2021-01-08,465.35321044921875,483.8196076892671,461.6599310012091,483.8196076892671,29985700
2021-01-11,457.9666748046875,472.7397933467742,450.5801155336442,472.7397933467742,32744800
2021-01-12,450.5800476074219,494.8993965524142,443.19348944992316,494.8993965524142,32125300
2021-01-13,443.1935119628906,465.35318756103516,432.11367416381836,465.35318756103516,37465100
2021-01-14,432.11376953125,450.58016993856836,428.4204894497863,443.193609775641,43259700
2021-01-15,483.8196105957031,487.5128900658993,428.42041854276,428.42041854276,190975500
2021-01-18,457.9666748046875,491.2061915243826,450.5801155336442,487.5129118888609,55811200
2021-01-19,476.4329833984375,498.59265704487643,443.19347292877904,457.9665886930717,90857800
2021-01-20,517.0591430664062,528.1389818464007,469.0465083530971,469.0465083530971,148661100
2021-01-21,565.0717163085938,587.2313914579504,524.44564520144,524.44564520144,221194700
2021-01-22,561.3784790039062,576.1515968724301,535.5255227339895,561.3784790039062,163169400
2021-01-25,557.6851806640625,565.0717393483546,524.4456665847475,561.3784600062086,99287800
2021-01-26,520.7523193359375,561.3783868018617,520.7523193359375,557.685107941323,67026700
2021-01-27,513.3657836914062,517.0590627107689,487.51283055586777,491.2061095752304,53354300
2021-01-28,480.1263427734375,509.67257925180286,480.1263427734375,502.28602013221155,55295200
2021-01-29,498.5928039550781,502.28608398437495,465.3532836914062,483.8196838378906,130085000
2021-02-01,517.0591430664062,524.4457022530692,480.12634713309154,498.59274509974887,60638200
2021-02-02,502.2859802246094,528.1389350891113,498.592700958252,517.0590972900391,46596700
2021-02-03,502.2859802246094,520.7523765563965,498.592700958252,513.3658180236816,31501400
2021-02-04,494.8993835449219,505.97922048995747,487.51282558156487,505.97922048995747,46705600
2021-02-05,505.97930908203125,505.9793090820313,491.2061905686873,498.5927498253593,16049000
2021-02-08,505.97930908203125,524.4457072237112,505.9793090820313,505.9793090820313,34158700
2021-02-09,502.2859802246094,517.0590972900391,498.592700958252,505.97925949096685,29286400
2021-02-10,509.67254638671875,539.2187809598619,498.59270842179006,539.2187809598619,17515800
2021-02-11,498.5928039550781,513.3659240722656,491.20624389648435,513.3659240722656,33450300
2021-02-15,539.2188110351562,539.2188110351562,498.5927362311376,498.5927362311376,73165800
2021-02-16,531.8322143554688,542.912052154541,520.7523765563965,531.8322143554688,52365700
2021-02-17,542.9120483398438,565.0717237822863,524.4456521378082,535.5254898590296,115666900
2021-02-18,535.5255737304688,553.9919728246228,528.1390140928071,542.9121333681304,22484700
2021-02-19,524.4456787109375,539.2187964211048,520.7523992833957,535.525516993563,35605400
2021-02-22,524.4456787109375,546.6053552761884,524.4456787109375,528.1389581384793,58387100
2021-02-23,535.5255737304688,579.8449315564386,528.1390140928071,535.5255737304688,173707300
2021-02-24,524.4456787109375,546.6053552761884,517.0591198558539,546.6053552761884,77637000
2021-02-25,520.7523193359375,539.2187136386303,517.0590404753989,517.0590404753989,58643500
2021-02-26,505.97930908203125,520.7524275953753,494.8994701970233,502.2860294536953,76860500
2021-03-01,509.67254638671875,517.0591050300045,502.28598774343294,509.67254638671875,29956100
2021-03-02,505.97930908203125,517.0591479670393,502.2860294536953,517.0591479670393,22622100
2021-03-03,502.2859802246094,513.3658180236816,498.592700958252,505.97925949096685,22184400
2021-03-04,502.2859802246094,505.97925949096685,483.8195838928223,502.28598022460943,29095200
2021-03-05,491.20611572265625,502.28595291940786,483.8195575914885,498.592673853824,36163000
2021-03-08,505.97930908203125,520.7524275953753,487.51291094035133,502.2860294536953,70428600
2021-03-09,520.7523193359375,528.1388770570146,502.28592503324467,502.28592503324467,74987600
2021-03-10,576.151611328125,598.311288686899,520.7524179311899,528.1389770507812,381536200
2021-03-12,602.0045166015625,609.3910750874712,568.7650034149731,583.5381203867906,175415000
2021-03-15,579.8449096679688,613.0844267826931,572.4583503091411,602.0045877444517,98435400
2021-03-16,568.7650146484375,616.7776457551238,565.0717353325385,616.7776457551238,107837800
2021-03-17,568.7650146484375,579.8448525961343,553.9918973848416,568.7650146484375,45940400
2021-03-18,572.4583129882812,587.2314307428176,565.0717541110131,568.7650335496472,68305700
2021-03-19,568.7650146484375,590.9246905438312,565.0717353325385,572.4582939643365,78584100
2021-03-22,550.2986450195312,572.4583220001834,546.6053655227558,572.4583220001834,65646000
2021-03-23,524.4456787109375,557.6851935588138,513.365840428312,553.991914131272,180577200
2021-03-24,520.7523193359375,531.8321559175531,509.6724827543218,524.445598196476,60856900
2021-03-25,505.97930908203125,524.4457072237112,494.8994701970233,524.4457072237112,68355500
2021-03-26,509.67254638671875,520.7523843516474,502.28598774343294,513.3658257083616,50169100
2021-03-29,502.2859802246094,517.0590972900391,502.28598022460943,509.6725387573243,24786500
2021-03-30,483.8196105957031,509.6725668870765,483.81961059570307,502.28600794668415,51976600
2021-03-31,483.8196105957031,491.2061695360955,465.35321324472204,487.5128900658993,43945700
2021-04-01,502.2859802246094,502.28598022460943,480.1263046264649,483.8195838928223,40949200
2021-04-05,498.5928039550781,509.6726440429687,494.89952392578124,509.6726440429687,32669300
2021-04-06,498.5928039550781,505.97936401367184,494.89952392578124,498.5928039550781,12330800
2021-04-07,517.0591430664062,520.7524226597377,494.8994655064174,502.2860246930804,44528400
2021-04-08,528.138916015625,535.5254742815778,520.7523577496722,524.4456368826486,59380100
2021-04-09,517.0591430664062,535.5255410330636,513.3658634730748,531.8322614397322,44288000
2021-04-12,505.97930908203125,524.4457072237112,502.2860294536953,520.7524275953753,24210800
2021-04-13,531.8322143554688,531.8322143554688,498.592700958252,505.97925949096685,36133100
2021-04-14,546.6053466796875,553.9919054186022,531.8322292018581,535.5255085713154,122921200
2021-04-15,568.7650146484375,602.0045284915279,546.6053387530438,550.2986180689428,343890500
2021-04-16,568.7650146484375,587.2314112279322,561.3784560166396,568.7650146484375,147246500
2021-04-19,531.8322143554688,565.0717277526855,531.8322143554688,553.9918899536133,197478400
2021-04-20,528.138916015625,568.7649864783654,517.0590786166958,568.7649864783654,42840800
2021-04-21,520.7523193359375,531.8321559175531,517.0590404753989,520.7523193359375,31226700
2021-04-22,513.3657836914062,531.8321787882194,505.97922565268095,524.4456207494941,40984000
2021-04-23,509.67254638671875,520.7523843516474,505.9792670650759,513.3658257083616,25236000
2021-04-26,509.67254638671875,528.1389429949331,509.67254638671875,517.0591050300045,30229300
2021-04-27,509.67254638671875,517.0591050300045,502.28598774343294,513.3658257083616,25511900
2021-04-28,505.97930908203125,517.0591479670393,502.2860294536953,513.3658683387033,28390700
2021-04-29,505.97930908203125,513.3658683387033,505.9793090820313,509.6725887103673,14110300
2021-04-30,498.5928039550781,513.3659240722656,498.5928039550781,509.6726440429687,31287500
2021-05-03,491.20611572265625,517.0590691817434,487.51283665707234,517.0590691817434,24258500
2021-05-04,487.5129089355469,491.2061885486949,480.1263497092507,491.2061885486949,38632700
2021-05-05,498.5928039550781,502.28608398437495,480.12640380859375,487.51296386718747,40933700
2021-05-06,487.5129089355469,524.4457050670277,483.8196293223988,524.4457050670277,21378100
2021-05-07,483.8196105957031,494.8994490062917,483.81961059570307,491.2061695360955,14525000
2021-05-10,491.20611572265625,494.8993947882401,480.1262785259046,483.8195575914885,17078900
2021-05-11,483.8196105957031,494.8994490062917,480.1263311255069,491.2061695360955,25748000
2021-05-17,450.5800476074219,491.20611747366485,450.5800476074219,487.5128383949155,67941100
2021-05-18,465.35321044921875,465.35321044921875,443.1935337611607,450.58009265718005,33509100
2021-05-19,469.0466003417969,480.12644129475274,454.2734790711891,465.353320024145,33037000
2021-05-20,472.73974609375,483.8195838928223,469.0464668273926,469.0464668273926,24654900
2021-05-21,472.73974609375,480.1263046264649,461.65990829467773,476.4330253601075,23239200
2021-05-24,494.8993835449219,494.8993835449219,472.7397096548508,476.4329886365293,60714700
2021-05-25,531.8322143554688,539.2187728881836,498.592700958252,502.28598022460943,304457700
2021-05-27,542.9120483398438,550.2986068206579,520.7523728974011,531.8322106186224,113126400
2021-05-28,557.6851806640625,561.3784600062086,542.912063295478,550.2986219797702,116261900
2021-05-31,602.0045166015625,616.77763357338,557.68516568611,561.3784449290644,336635700
2021-06-02,590.9247436523438,609.3911418914795,587.2314640045166,602.0045825958252,74343000
2021-06-03,613.0843505859375,631.5507466879235,587.231396043157,590.9246752635541,198320900
2021-06-04,624.1641845703125,627.8574637689534,605.697788577108,613.0843469743899,120999500
2021-06-07,626.4283447265625,637.7493389083678,626.4283447265625,633.9756741810994,38620900
2021-06-08,622.6547241210938,652.8440440784801,607.5600641424005,652.8440440784801,46038400
2021-06-09,633.9757690429688,637.7494343348911,611.3337772914341,622.6547731672014,53170000
2021-06-10,652.8441162109375,671.7124432690571,633.9757891528179,641.5231199760657,234096300
2021-06-11,645.2966918945312,667.938681083813,633.9756972998903,656.6176864891721,104909500
2021-06-14,633.9757690429688,656.6177607945033,630.2021037510463,649.0704302106584,40309400
2021-06-15,660.391357421875,660.391357421875,622.6547084263393,633.975703125,68672700
2021-06-16,645.2966918945312,671.7123459486933,641.523027029651,656.6176864891721,62641400
2021-06-17,675.4860229492188,675.4860229492188,637.7493736224468,652.8440333531556,96556500
2021-06-18,698.1281127929688,713.2227746911951,660.3914580474029,683.0334508947424,188843700
2021-06-21,709.4490356445312,713.2227007277468,679.2597149788065,709.4490356445312,139116000
2021-06-22,698.1281127929688,732.091102063978,698.1281127929688,709.4491092166385,116755700
2021-06-23,754.7330322265625,766.0540277099609,694.3543896484375,698.1280548095704,201600800
2021-06-24,724.5436401367188,762.2802880605062,716.9963105519613,762.2802880605062,97139700
2021-06-25,713.22265625,747.1856398809523,705.6753265542328,735.8646453373016,76760400
2021-06-28,694.3543701171875,728.3173556120499,690.5807050622027,724.5436905570651,93103700
2021-06-29,675.4860229492188,701.9016774779592,667.9386930838643,690.5806826799276,103955600
2021-06-30,671.7123413085938,701.9016600190923,667.9386764697814,675.4860061474061,89095900
2021-07-01,671.7123413085938,694.3543303414677,664.1650116309692,675.4860061474061,65511200
2021-07-02,652.8441162109375,679.2597740923048,641.5231199760657,679.2597740923048,81495200
2021-07-05,649.0704345703125,675.4860917911973,641.523103935774,652.8440998875817,117030900
2021-07-06,675.4860229492188,683.0333528145732,645.2967034878012,645.2967034878012,159347600
2021-07-07,664.1650390625,683.0333640358665,645.2967140891335,679.2596990411931,151471000
2021-07-08,660.391357421875,694.3543415178572,656.6176925223215,667.9386872209822,100889500
2021-07-09,652.8441162109375,667.9387778574331,649.0704507993136,660.3914470341853,65241700
2021-07-12,622.6547241210938,664.1650390625,622.6547241210938,664.1650390625,134199500
2021-07-13,607.5599975585938,637.7493142074679,603.7863329774844,622.6546558830308,76302100
2021-07-14,618.8810424804688,637.7493669463367,596.2390531214272,607.560047800948,62753300
2021-07-15,626.4283447265625,637.7493389083678,618.8810152720256,622.654679999294,42246100
2021-07-16,622.6547241210938,630.2020541104404,611.3337291370739,626.428389115767,32711800
2021-07-19,607.5599975585938,622.6546558830308,607.5599975585938,622.6546558830308,33343700
2021-07-21,607.5599975585938,645.2966433696865,607.5599975585938,645.2966433696865,42430800
2021-07-22,637.7493286132812,649.0703226123336,607.5600112824751,618.8810052815273,183472000
2021-07-23,641.5231323242188,675.4861216825598,626.4284703871783,675.4861216825598,65916500
2021-07-26,649.0704345703125,679.2597571084665,641.523103935774,679.2597571084665,83811500
2021-07-27,701.9016723632812,701.9016723632812,649.0703636907763,656.6176935011341,153099200
2021-07-28,735.8646850585938,750.9593452649239,686.8070393880208,713.2226947490985,244530000
2021-07-29,728.3174438476562,743.4121058963124,724.5437783354922,735.8647748719843,108390400
2021-07-30,705.6754150390625,739.638402928643,698.1280843969336,732.0910722865141,93427800
2021-08-02,709.4490356445312,743.4120213934715,698.1280403948845,709.4490356445312,84487600
2021-08-03,720.7699584960938,724.5436232002618,709.4489643835897,709.4489643835897,69539800
2021-08-04,773.601318359375,811.3379680354421,709.449013910061,728.3173387480946,282258500
2021-08-05,769.8276977539062,788.6960236792471,728.3173807181564,777.3750281240426,205261000
2021-08-06,894.3585815429688,905.6795762460442,758.506645106062,769.8276398091376,256034900
2021-08-09,860.3956909179688,928.3216665167557,852.8483602958812,894.3586787173622,167400600
2021-08-10,860.3956909179688,901.9060093394496,807.5643765633566,898.1323440284059,160642100
2021-08-12,830.206298828125,883.0376087535511,830.206298828125,860.3956187855114,70078600
2021-08-13,822.6589965820312,852.8483175575186,807.5643360942876,830.206326825903,54824800
2021-08-16,792.4696655273438,845.3009765625,792.4696655273438,811.3379908970423,64376300
2021-08-18,739.6383666992188,830.2063299685108,739.6383666992188,830.2063299685108,135307700
2021-08-19,713.22265625,758.5066344246031,690.5806671626984,732.0909804894179,140223600
2021-08-20,732.0910034179688,750.9593282483288,705.6753486554647,750.9593282483288,112715200
2021-08-23,803.7906494140625,807.5643144347857,739.6383440617664,769.8276642275528,142813100
2021-08-24,796.2432250976562,841.5271999847267,781.1485668019661,841.5271999847267,73868000
2021-08-25,800.0170288085938,818.8853549597397,769.8277069667599,769.8277069667599,54386000
2021-08-26,792.4696655273438,815.1116559709822,766.0540100097656,766.0540100097656,107499500
2021-08-27,807.5643310546875,822.658991448233,781.1486753659827,792.4696706611419,75278800
2021-08-30,822.6589965820312,845.3009873136467,811.3380012162235,845.3009873136467,75273000
2021-08-31,845.3009643554688,867.9429544721331,815.1116441999163,830.2063042776925,93793500
2021-09-01,841.5272827148438,883.0375971088495,833.9799528250245,883.0375971088495,39034300
2021-09-02,811.3379516601562,867.9429250317951,807.5642867687137,867.9429250317951,61691600
2021-09-03,830.206298828125,849.0746238014915,803.7906438654119,849.0746238014915,37849700
2021-09-06,830.206298828125,867.9429487748579,818.8853038441051,867.9429487748579,34022900
2021-09-07,845.3009643554688,860.395624433245,811.3379791804722,845.3009643554688,54946200
2021-09-08,807.5643310546875,864.1693075304834,807.5643310546875,864.1693075304834,61070900
2021-09-09,781.148681640625,826.4326631850091,754.7330257397343,807.5643375415158,122510400
2021-09-10,773.601318359375,788.6959782298019,758.5066584889482,781.1486482945885,58432000
2021-09-13,807.5643310546875,811.3379961530738,769.8276800708236,811.3379961530738,59826400
2021-09-14,815.1116333007812,845.300953052662,807.564303362811,845.300953052662,64050500
2021-09-15,830.206298828125,841.5272938121449,811.3379738547585,830.206298828125,66843900
2021-09-16,830.206298828125,845.3009588068181,811.3379738547585,841.5272938121449,122111800
2021-09-17,818.8853149414062,867.9429605369744,803.7906547581546,867.9429605369744,313255900
2021-09-20,777.375,845.3009708737865,777.375,845.3009708737865,59607300
2021-09-21,781.148681640625,792.469677026721,769.827686254529,777.3750165119263,40259300
2021-09-22,777.375,792.4696601941748,777.375,784.9223300970874,32257200
2021-09-23,777.375,796.2433252427185,773.6013349514564,781.1486650485438,38737800
2021-09-24,803.7906494140625,803.7906494140625,766.0539992068295,784.922324310446,84386400
2021-09-27,773.601318359375,811.3379680354421,773.601318359375,807.5643030678353,48707900
2021-09-28,773.601318359375,796.2433081650153,769.8276533917683,773.601318359375,42219900
2021-09-29,769.8276977539062,773.6013629389744,739.6383762733609,773.6013629389744,99262500
2021-09-30,758.5067138671875,773.6013748396689,754.7330486240672,773.6013748396689,31949800
2021-10-01,728.3174438476562,758.5067679449685,713.2227817990002,758.5067679449685,98765500
2021-10-04,758.5067138671875,758.5067138671875,713.2227309497435,732.0910571653452,74074700
2021-10-05,732.0910034179688,758.5066581804728,728.3173384518967,758.5066581804728,25748600
2021-10-06,720.7699584960938,739.6382820169339,716.9962937919257,732.0909526085978,35866600
2021-10-07,732.0910034179688,735.8646683840408,720.7700085197528,720.7700085197528,14944700
2021-10-08,758.5067138671875,766.0540443534283,732.0910571653452,732.0910571653452,58137200
2021-10-11,732.0910034179688,766.0539881126168,728.3173384518967,762.2803231465448,35129400
2021-10-12,720.7699584960938,743.4119467211019,720.7699584960938,735.8646173127659,30908800
2021-10-13,720.7699584960938,762.280270241942,720.7699584960938,732.0909526085978,102308800
2021-10-14,739.6383666992188,743.4120318354393,720.7700410181162,720.7700410181162,33735400
2021-10-15,732.0910034179688,747.1856632822568,724.5436734858248,739.6383333501128,34187300
2021-10-18,720.7699584960938,735.8646173127659,709.4489643835897,724.5436232002618,53544600
2021-10-19,732.0910034179688,739.6383333501128,713.2226785876087,720.7700085197528,25986700
2021-10-21,743.4119873046875,743.4119873046875,716.9963329334549,732.0909925741593,50880100
2021-10-22,732.0910034179688,739.6383333501128,724.5436734858248,735.8646683840408,12813200
2021-10-25,758.5067138671875,758.5067138671875,735.8647224084655,739.6383876515858,95172500
2021-10-26,754.7330322265625,769.8276928710937,747.1857019042969,758.5066973876953,37377300
2021-10-27,743.4119873046875,754.7329820352157,739.6383223945114,754.7329820352157,25319200
2021-10-28,750.9593505859375,754.7330156642588,735.8646902726523,739.6383553509736,25704500
2021-10-29,792.4696655273438,800.0169956752231,747.1856846400669,747.1856846400669,97225500
2021-11-01,792.4696655273438,803.790660749163,781.1486703055245,792.4696655273438,57420300
2021-11-02,769.8276977539062,796.2433540493835,766.0540325688381,792.4696888643152,37514300
2021-11-03,777.375,784.9223300970874,766.0540048543689,769.8276699029127,18824500
2021-11-04,788.696044921875,800.0170407819976,777.3750490617524,784.9223796351674,37072800
2021-11-05,769.8276977539062,792.4696888643152,762.2803673837699,788.6960236792471,30120800
2021-11-08,769.8276977539062,777.3750281240426,766.0540325688381,773.6013629389744,14197400
2021-11-09,766.053955078125,777.3749494881466,766.053955078125,777.3749494881466,18468600
2021-11-10,754.7330322265625,803.7906793212891,750.9593670654297,803.7906793212891,36362600
2021-11-11,762.2802734375,766.0539381574877,739.6382851175742,754.7329439975248,32597400
2021-11-12,766.053955078125,773.601284684806,754.7329606681035,769.8276198814656,36034000
2021-11-15,773.601318359375,784.9223132621952,762.2803234565549,766.0539884241616,40807800
2021-11-16,777.375,784.9223300970874,769.8276699029127,777.375,22550400
2021-11-17,815.1116333007812,815.1116333007812,777.3749836109303,781.1486485799153,105999600
2021-11-18,807.5643310546875,822.658991448233,800.0170008579147,815.1116612514603,31381600
2021-11-19,800.0170288085938,815.1116897295105,800.0170288085938,807.5643592690521,28026300
2021-11-22,784.9224243164062,807.5644173255333,777.3750933133639,792.4697553194486,28415000
2021-11-23,766.053955078125,796.2432735048492,766.053955078125,784.9222790948276,32473100
2021-11-24,784.9224243164062,800.017086322491,766.0540968088003,800.017086322491,26036300
2021-11-25,777.375,792.4696601941748,777.375,792.4696601941748,15810700
2021-11-26,758.5067138671875,781.1487053259095,739.6383876515858,777.3750400827893,69488500
2021-11-29,769.8276977539062,777.3750281240426,747.1857066434973,754.7330370136336,32479300
2021-11-30,735.8646850585938,773.6013355744191,732.0910200070113,769.8276705228366,248859700
2021-12-01,720.7699584960938,739.6382820169339,686.8069761585814,735.8646173127659,138807700
2021-12-02,732.0910034179688,739.6383333501128,709.4490136215368,728.3173384518967,101649400
2021-12-03,743.4119873046875,747.1856522148636,724.5436627538071,743.4119873046875,27440000
2021-12-06,747.1857299804688,769.8277217980587,735.8647340716738,743.412064677537,35133800
2021-12-07,766.053955078125,769.8276198814656,750.9592958647629,754.7329606681035,37776500
2021-12-08,762.2802734375,777.3749323174505,758.5066087175124,766.0539381574877,27423400
2021-12-09,788.696044921875,803.7907060687052,762.2803879149222,762.2803879149222,72823200
2021-12-10,762.2802734375,788.6959264774134,762.2802734375,788.6959264774134,29853000
2021-12-13,758.5067138671875,777.3750400827893,758.5067138671875,766.0540443534283,16240400
2021-12-14,758.5067138671875,773.6013748396689,754.7330486240672,758.5067138671875,25376000
2021-12-15,788.696044921875,807.5643713554127,758.5067226282148,758.5067226282148,57346300
2021-12-16,849.0746459960938,856.6219761827257,792.4696695963542,792.4696695963542,120134300
2021-12-17,831.6070556640625,877.1745655634633,831.6070556640625,854.3908106137628,75128300
2021-12-20,824.0125732421875,858.1882099204349,816.4179873136882,831.6071591706869,29427400
2021-12-21,831.6070556640625,846.7962256305294,820.2151781892123,820.2151781892123,17770100
2021-12-22,854.390869140625,865.7827473958333,831.6071126302083,835.4044053819445,39291700
2021-12-23,827.8098754882812,869.580098563378,827.8098754882812,854.3909265360701,28707800
2021-12-24,839.2017211914062,846.7963069035457,824.0125497671274,827.8098426231971,11611600
2021-12-27,831.6070556640625,850.5935181221462,831.6070556640625,842.9989331389127,9057900
2021-12-28,880.971923828125,899.9583877037311,835.4044105266702,835.4044105266702,62714100
2021-12-29,896.1610107421875,903.7555955789858,873.3772562317929,880.9718410685912,30943600
2021-12-30,892.3638305664062,922.7421737346243,888.566537670379,911.3502950465426,45263300
2022-01-03,911.3502807617188,922.7421592712402,880.9719380696614,880.9719380696614,31055300
2022-01-04,899.9583129882812,922.7420677474782,884.7691431488166,911.3501903678797,67141100
2022-01-05,899.9583129882812,899.9583129882812,873.3772657692181,899.9583129882812,56075000
2022-01-06,861.9854125976562,896.1610456962417,861.9854125976561,896.1610456962417,43684300
2022-01-07,907.5527954101562,915.147379472166,858.1879990070934,858.1879990070934,68430100
2022-01-10,987.2962646484375,1025.2691979041467,911.3503981370193,911.3503981370193,119528700
2022-01-11,983.4989013671875,1002.4853666445464,968.3097291453005,991.0934874781311,41963000
2022-01-12,1063.2420654296875,1108.8095825195312,979.7016174316406,979.7016174316406,132736300
2022-01-13,1044.255615234375,1078.4312535511365,1040.4583220880681,1067.039374112216,35651200
2022-01-14,1025.2691650390625,1055.6475106698497,1006.2826990198206,1044.2556310583045,35223100
2022-01-17,1002.4852294921875,1055.6473249955611,994.890644420277,1025.2689847079191,47736500
2022-01-18,1013.8770751953125,1021.4716600282361,987.2960282800796,1002.4851979459269,37189300
2022-01-19,994.8906860351562,1017.6744422039003,991.0933933403655,1017.6744422039003,32426200
2022-01-20,941.7286376953125,1063.2420103011593,937.9313448013797,1017.6744955739667,165244100
2022-01-21,956.9177856445312,968.3096640450614,918.9448576427642,941.7286144438244,51508000
2022-01-24,979.7014770507812,983.4987695974897,949.3231366771137,956.9177217705305,41072100
2022-01-25,937.9313354492188,979.7015568659856,930.3367497370793,972.1069711538462,53541000
2022-01-26,968.3096923828125,972.1069852941175,934.1340561810661,949.3232278262867,60027000
2022-01-27,956.9177856445312,972.1069568452381,945.5259072440011,968.3096640450614,37035800
2022-01-28,994.8906860351562,1010.0798568143189,956.9177590872495,960.7150517820402,66434700
2022-01-31,991.0934448242188,1010.0799092844528,972.1069803639847,1002.4853235003592,30177800
2022-02-02,1036.6607666015625,1044.25535097227,987.2959681919643,991.0932603773181,50208700
2022-02-03,1010.0797729492188,1040.4581119852855,991.0933110516771,1036.660819605777,32388400
2022-02-04,1002.4852294921875,1036.6608623157847,991.0933518843217,1010.079814564098,34002900
2022-02-07,979.7014770507812,1010.079817424449,975.9041845040728,1002.485232331032,27929300
2022-02-08,960.7149658203125,991.0933046604805,956.9176734652915,979.7014275954175,28452700
2022-02-09,960.7149658203125,987.2960123054595,956.9176734652915,964.5122581753335,22184600
2022-02-10,956.9177856445312,968.3096640450614,953.1204928443545,960.715078444708,18223600
2022-02-11,956.9177856445312,960.715078444708,949.3232000441778,956.9177856445312,15366200
2022-02-14,941.7286376953125,960.7151021649761,937.9313448013797,956.9178092710433,23500100
2022-02-15,964.5123901367188,968.3096830112728,941.7286328893947,941.7286328893947,17599400
2022-02-16,953.1205444335938,972.1070094621514,949.3232514278823,972.1070094621514,9323200
2022-02-17,949.3233032226562,956.9178896484375,941.728716796875,956.9178896484375,26596700
2022-02-18,956.9177856445312,972.1069568452381,937.9313216436477,949.3232000441778,21604000
2022-02-21,972.10693359375,987.2961044311523,956.9177627563477,956.9177627563477,27240500
2022-02-22,960.7149658203125,968.3095505303545,953.1203811102705,968.3095505303545,10485400
2022-02-23,972.10693359375,983.4988117218018,956.9177627563477,960.7150554656982,11128100
2022-02-24,934.134033203125,968.3096685642149,918.9448619315294,968.3096685642149,36720300
2022-02-25,975.9042358398438,975.9042358398438,934.1340156287998,934.1340156287998,24935800
2022-03-01,991.0934448242188,1010.0799092844528,972.1069803639847,975.9042732560315,33026900
2022-03-02,975.9042358398438,991.0934068256779,975.9042358398438,987.2961140792194,24081800
2022-03-04,975.9042358398438,987.2961140792194,972.1069430933852,975.9042358398438,23880800
2022-03-07,941.7286376953125,972.1069808467741,941.7286376953125,968.3096879528415,31735600
2022-03-08,937.9313354492188,953.1205068734977,922.7421640249399,945.5259211613582,28257200
2022-03-09,972.10693359375,979.7015190124512,941.7285919189453,941.7285919189453,31503800
2022-03-10,968.3096923828125,994.8907427619484,964.5123994715073,975.9042782054228,25348100
2022-03-11,1002.4852294921875,1002.4852294921875,956.9177190607244,964.5123041326349,38953600
2022-03-14,987.2962646484375,1025.2691979041467,975.9043846717248,1010.080024601863,43759100
2022-03-15,1002.4852294921875,1017.6743996360085,979.701474276456,987.2960593483665,46280500
2022-03-16,1006.2824096679688,1013.8769938918779,994.8905333321048,1002.4851175560141,16221400
2022-03-17,991.0934448242188,1017.6744950685464,987.2961519321719,1017.6744950685464,20179000
2022-03-18,1021.4716186523438,1021.4716186523438,991.0932805511588,991.0932805511588,25136200
2022-03-21,1070.8365478515625,1082.2284260201961,1025.269035177028,1025.269035177028,64425700
2022-03-22,1059.444580078125,1078.4310420866934,1032.863533266129,1070.836457283266,26917200
2022-03-23,1032.8636474609375,1059.4446972117705,1029.0663546393898,1059.4446972117705,21212400
2022-03-24,1040.458251953125,1048.0528377338048,1032.8636661724452,1044.2555448434648,13480200
2022-03-25,1021.4716186523438,1051.8499567535287,1006.2824496017513,1044.2553722282325,22123100
2022-03-28,1021.4716186523438,1048.0526644908807,1017.6743263896957,1021.4716186523438,21731900
2022-03-29,979.7014770507812,1032.8635727046997,972.1068919573644,1021.4716950645743,45577700
2022-03-30,968.3096923828125,998.6880356732536,956.917813648897,998.6880356732536,48028700
2022-03-31,972.10693359375,979.7015190124512,964.5123481750488,972.10693359375,38783400
2022-04-01,972.10693359375,987.2961044311523,972.10693359375,979.7015190124512,20780100
2022-04-04,972.10693359375,983.4988117218018,964.5123481750488,975.9042263031006,10625600
2022-04-05,1010.0797729492188,1025.2689424672521,975.9041415336437,975.9041415336437,41295200
2022-04-06,1002.4852294921875,1010.079814564098,987.2960593483665,1010.079814564098,30296300
2022-04-07,1021.4716186523438,1044.2553722282325,998.6878650764551,1002.4851573391032,62797700
2022-04-08,1017.6742553710938,1040.4580073570137,1006.2823793781337,1025.2688393664005,51732900
2022-04-11,994.8906860351562,1017.6744422039003,975.9042225612029,1017.6744422039003,44263000
2022-04-12,1002.4852294921875,1006.2825220281427,983.4987668124112,991.0933518843217,26118900
2022-04-13,1021.4716186523438,1036.6607877029362,1010.0797418643995,1017.6743263896957,61095800
2022-04-14,1006.2824096679688,1025.2688702277417,1002.4851175560141,1017.6742860038324,28381100
2022-04-18,987.2962646484375,1017.6746112530049,987.2962646484375,1010.080024601863,27097500
2022-04-19,964.5123901367188,998.6880260077048,964.5123901367188,987.2961473840428,30039800
2022-04-20,975.9042358398438,983.4988213327608,968.3096503469267,979.7015285863023,24743200
2022-04-21,953.1205444335938,979.7015954735745,949.3232514278823,975.904302467863,31893200
2022-04-22,953.1205444335938,960.7151304450168,930.3367863993246,945.5259584221707,36736400
2022-04-25,945.5259399414062,956.917818735881,934.1340611469316,937.931354078423,16674200
2022-04-26,998.68798828125,1006.2825737434648,934.134011852424,945.5258900457462,58788700
2022-04-27,983.4989013671875,1006.2826597000181,972.1070222007722,1002.4853666445464,34473600
2022-04-28,975.9042358398438,1017.6744560508877,964.5123576004681,987.2961140792194,57136500
2022-05-09,956.9177856445312,968.3096640450614,930.3367360432943,968.3096640450614,46627300
2022-05-10,915.1475830078125,937.9313402611191,892.363825754506,918.9448758833636,65915300
2022-05-11,911.3502807617188,930.3367449442545,896.16110941569,918.9448664347331,16850200
2022-05-12,850.5935668945312,911.3502502441406,850.5935668945312,899.9583721160889,34367600
2022-05-13,824.0125732421875,839.2017450991864,793.6342295281898,801.2288154566893,63208100
2022-05-17,831.6070556640625,846.7962256305294,812.6205932059789,824.0124706808291,13933000
2022-05-18,873.3773803710938,880.9719662873641,831.6071578316066,842.9990367060121,27787300
2022-05-19,842.9989013671875,858.1880707611909,820.2151472761825,835.4043166701858,33258300
2022-05-20,854.390869140625,865.7827473958333,827.8098198784722,850.5935763888889,22043300
2022-05-23,869.5800170898438,869.5800170898438,831.6070905793703,854.3908464856544,16176400
2022-05-24,831.6070556640625,873.3772730718465,827.8097631724459,869.5799805802297,17783500
2022-05-25,812.6206665039062,831.6071306745582,808.8233736697758,831.6071306745582,19492400
2022-05-27,858.1881103515625,869.5799879226009,820.2151851147677,824.0124776384472,63271900
2022-05-30,846.7963256835938,877.174669205875,842.9990327433085,869.5800833253047,14470000
2022-05-31,865.7828369140625,865.7828369140625,842.999078047903,858.1882506253427,22457900
2022-06-02,858.1881103515625,865.7826953989215,842.9989402568447,865.7826953989215,8204500
2022-06-03,896.1610107421875,899.9583031605866,850.5935017213983,865.7826713949947,39911600
2022-06-06,934.134033203125,934.1340332031249,892.3638122062372,903.7556906599339,63504600
2022-06-07,934.134033203125,937.9313260210238,903.7556906599339,934.1340332031249,33746900
2022-06-08,903.7556762695312,941.7286038438813,899.9583835120962,930.3367255715763,34774400
2022-06-09,869.5800170898438,918.9448215534593,858.1881391367017,903.7556509492699,42295600
2022-06-10,850.5935668945312,873.3773231506348,831.6071033477783,850.5935668945312,34083000
2022-06-13,820.2152709960938,831.6071497599285,805.026099310981,827.8098568386501,10488600
2022-06-14,774.647705078125,820.2152171415441,763.2558270622702,820.2152171415441,41517500
2022-06-15,774.647705078125,797.4314611098346,725.2829003427543,774.647705078125,27514800
2022-06-16,770.8504028320312,797.4314512055496,767.053110207243,789.8368659559729,10409600
2022-06-17,759.4585571289062,770.8504354858397,744.2693859863281,770.8504354858397,11964900
2022-06-20,744.2693481445312,759.4585185148278,710.0937148113641,759.4585185148278,26854800
2022-06-21,778.4449462890625,786.039531130907,744.2693145007621,744.2693145007621,27829600
2022-06-22,767.0530395507812,786.0395009258006,767.0530395507812,778.4449163757928,8496000
2022-06-23,767.0530395507812,770.850331825785,744.269285900758,767.0530395507812,15119500
2022-06-24,793.6342163085938,793.6342163085938,759.4585801996112,767.0531660016073,18911700
2022-06-27,801.228759765625,801.228759765625,770.8504181631369,797.431467065314,11280200
2022-06-28,812.6206665039062,816.4179593380367,789.8369094991239,805.0260808356454,8918600
2022-06-29,861.9854125976562,861.9854125976561,797.4314389669947,812.6206092330327,34996500
2022-06-30,831.6070556640625,865.7826880886131,831.6070556640625,865.7826880886131,32049000
2022-07-01,801.228759765625,835.4043940684242,782.24229626407,831.6071013681131,10291100
2022-07-04,801.228759765625,808.823345166247,755.6612473618928,797.431467065314,16985800
2022-07-05,793.6342163085938,805.0260950115879,778.4450447046015,801.2288021105899,9870100
2022-07-06,770.8504028320312,786.0395733311847,755.661232332878,786.0395733311847,10282700
2022-07-07,770.8504028320312,778.444988081608,759.4585249576663,770.8504028320312,4688600
2022-07-08,778.5206909179688,786.1908455082935,770.8505363276439,778.5206909179688,7876800
2022-07-11,759.3452758789062,778.5206616334241,759.3452758789062,778.5206616334241,8105200
2022-07-12,767.0154418945312,778.5206735229493,759.345287475586,767.0154418945312,6898800
2022-07-13,843.7168579101562,851.387011163885,778.5205552534624,778.5205552534624,46068500
2022-07-14,824.5414428710938,843.7168252634448,816.8712899141533,843.7168252634448,16876300
2022-07-15,878.2325439453125,901.2430036120019,824.5414713897038,824.5414713897038,60223600
2022-07-18,878.2325439453125,912.7482334453466,866.7273141119678,882.0676205564273,30262000
2022-07-19,878.2325439453125,889.7377737786571,859.0571608897379,878.2325439453125,10928300
2022-07-20,897.407958984375,920.4184194711538,874.3974984975961,882.0676519931891,41270200
2022-07-21,905.0780639648438,912.7482170492916,889.737757795948,897.4079108803959,17752400
2022-07-22,901.2431030273438,912.7483341298205,882.0677178565492,912.7483341298205,10742000
2022-07-25,855.2221069335938,901.2430274860742,855.2221069335939,901.2430274860742,18260900
2022-07-26,889.73779296875,901.2430230502424,862.8922561119342,866.7273328057651,15887800
2022-07-27,866.727294921875,897.4079071314989,862.892218395672,885.9026775528899,6032800
2022-07-28,901.2431030273438,905.0781800615027,889.737871924867,889.737871924867,46405000
2022-07-29,905.0780639648438,908.9131405070676,874.3974516270524,905.0780639648438,17571000
2022-08-01,901.2431030273438,912.7483341298205,889.737871924867,905.0781800615027,10186600
2022-08-02,882.0675659179688,908.9131005328635,882.0675659179688,905.0780241593071,12200500
2022-08-03,943.4290161132812,947.2640934145548,882.0677792929052,893.5730111967258,37366500
2022-08-04,970.2744140625,977.9445675333498,931.923646708251,947.2639536499505,40580200
2022-08-05,951.0989990234375,981.7796118951612,939.5937691965411,970.2743820682648,28508800
2022-08-08,985.61474609375,989.4498229267996,958.7692082624028,962.6042850954524,21953100
2022-08-09,974.109619140625,1012.4603915477362,966.4394646592028,989.4499281034696,26189700
2022-08-10,939.59375,997.1198979591836,939.59375,974.1094387755102,24526300
2022-08-11,958.7693481445312,985.6148898925782,951.099193359375,958.7693481445312,19614100
2022-08-12,958.7693481445312,970.2745803222656,947.2641159667969,958.7693481445312,7650000
2022-08-15,931.9237060546875,958.76924491223,931.9237060546875,958.76924491223,10102100
2022-08-16,912.7483520507812,939.5938918169807,893.5729665034959,924.2535833791525,13160700
2022-08-18,931.9237060546875,931.9237060546875,897.4080132378473,912.7483211564429,8604600
2022-08-19,905.0780639648438,947.2639059293068,905.0780639648438,931.9235997604111,6561200
2022-08-22,885.9026489257812,905.0780309371618,866.7272669144006,905.0780309371618,13315700
2022-08-23,970.2744140625,974.1094907979249,882.0676491477273,885.9027258831521,38305900
2022-08-24,951.0989990234375,970.2743820682648,939.5937691965411,970.2743820682648,11367500
2022-08-25,912.7483520507812,962.6043544737231,905.0781978318671,951.0991231453519,13508300
2022-08-26,939.59375,943.4288265306122,897.4079081632652,912.7482142857142,11643500
2022-08-29,920.4185791015625,928.0887339274088,897.4081146240234,920.4185791015624,4256900
2022-08-30,924.2534790039062,943.4288623857301,920.4184023275416,920.4184023275416,8520800
2022-08-31,958.7693481445312,958.7693481445312,889.737955078125,920.41857421875,19519500
2022-09-01,928.0885009765625,958.7691125790935,912.748195175297,958.7691125790935,9811000
2022-09-02,905.0780639648438,928.0885232181872,897.4079108803959,928.0885232181872,16096200
2022-09-05,893.572998046875,912.7483842710569,885.9028435572022,905.0782297813842,19981900
2022-09-06,885.9026489257812,897.4078781326095,882.0675725235051,893.5728017303335,14308300
2022-09-07,855.2221069335938,889.7377973479541,855.2221069335939,885.9027206352474,20146500
2022-09-08,866.727294921875,882.0676010266869,859.0571418694691,862.892218395672,15441400
2022-09-09,870.5623779296875,882.0676075939565,855.2220717106621,866.7273013749311,9017100
2022-09-12,889.73779296875,893.5728696625808,862.8922561119342,882.0676395810883,9746500
2022-09-13,889.73779296875,897.4079463564117,878.2325628872576,897.4079463564117,8258700
2022-09-14,866.727294921875,878.2325245004839,859.0571418694691,878.2325245004839,9695300
2022-09-15,862.892333984375,882.0677191840277,851.3871028645833,866.7274110243055,16297300
2022-09-16,862.892333984375,862.892333984375,832.2117176649306,862.892333984375,20069000
2022-09-19,866.727294921875,870.562371448078,847.5519122908601,862.892218395672,5531400
2022-09-20,885.9026489257812,885.9026489257812,866.7272669144006,874.3974197189528,8264700
2022-09-21,870.5623779296875,889.7377607034691,862.8922248201749,889.7377607034691,6295800
2022-09-22,878.2325439453125,882.0676205564273,866.7273141119678,874.3974673341976,4032200
2022-09-23,893.572998046875,920.4185387607297,870.5625345778568,878.2326890675296,16366600
2022-09-26,878.2325439453125,897.407927000887,855.222084278623,897.407927000887,15252000
2022-09-27,878.2325439453125,889.7377737786571,870.5623907230827,878.2325439453125,17844700
2022-09-28,862.892333984375,882.0677191840277,859.0572569444445,878.2326421440972,7958700
2022-09-29,824.5414428710938,870.5623606127361,820.7063663926235,866.727284134266,25667900
2022-09-30,882.0675659179688,882.0675659179688,816.8712675675102,832.2115730617357,26724400
2022-10-03,847.5520629882812,866.7274490287401,839.8819085720977,859.0572946125566,4996600
2022-10-04,855.2221069335938,862.8922603590072,839.881800082767,855.2221069335939,2657100
2022-10-05,851.386962890625,862.8921921188767,843.7168100717905,855.2220393000422,8598300
2022-10-06,855.2221069335938,862.8922603590072,847.5519535081804,851.3870302208871,3362200
2022-10-07,847.5520629882812,859.0572946125566,828.3766769478225,855.2222174044648,6552300
2022-10-10,816.8713989257812,839.8818608673525,805.3661679549956,836.0467838770907,8810000
2022-10-11,816.8713989257812,832.2117068868288,813.0363219355194,824.541552906305,2841400
2022-10-12,820.7064208984375,828.376574364778,790.0258070330754,816.8713441652671,6220300
2022-10-13,770.850341796875,820.7063340523943,767.0152654695273,813.036181397699,20448700
2022-10-14,763.1802978515625,790.0258359669441,759.3452209779366,774.6855284724403,15424600
2022-10-17,747.8400268554688,770.8504892202524,740.1698727338742,763.1803350986578,10307600
2022-10-18,759.3452758789062,767.0154301807133,747.8400444261955,747.8400444261955,16312700
2022-10-19,763.1802978515625,770.8504515988144,751.6750672306847,763.1802978515625,13259400
2022-10-20,770.850341796875,778.5204944515702,755.5100364874844,763.1801891421798,60429600
2022-10-21,820.7064208984375,820.7064208984375,770.8504233672239,770.8504233672239,26136600
2022-10-24,786.190673828125,813.0362090320122,767.0152915396341,813.0362090320122,21930900
2022-10-25,767.0154418945312,790.0259051513673,763.1803646850586,786.1908279418946,16995100
2022-10-26,770.850341796875,782.3555707789179,767.0152654695273,774.6854181242227,7849400
2022-10-27,836.0468139648438,859.0572767345183,782.3557341689364,782.3557341689364,52488900
2022-10-28,843.7168579101562,851.387011163885,816.8713215221059,843.7168579101562,18940100
2022-10-31,847.5520629882812,866.7274490287401,836.0468313640059,847.5520629882812,30584900
2022-11-01,820.7064208984375,851.3870347637996,805.3661139657563,847.5519580306293,38954100
2022-11-02,847.5520629882812,847.5520629882812,820.7065225316389,828.3766769478225,19398700
2022-11-03,851.386962890625,851.386962890625,824.5414280247044,843.7168100717905,17151900
2022-11-04,836.0468139648438,855.2221996062392,832.2117368365646,851.3871224779601,10302800
2022-11-07,866.727294921875,870.562371448078,828.3765296598451,836.0466827122511,12503300
2022-11-08,851.386962890625,878.2324977565456,851.386962890625,866.7272685282938,5016900
2022-11-09,855.2221069335938,862.8922603590072,839.881800082767,847.5519535081804,2482900
2022-11-10,847.5520629882812,878.2326806530154,828.3766769478225,855.2222174044648,8262600
2022-11-11,851.386962890625,866.7272685282938,847.5518864812077,866.7272685282938,3890000
2022-11-14,855.2221069335938,855.2221069335939,836.0467233700604,851.3870302208871,4156000
2022-11-15,843.7168579101562,859.0571644176136,839.881781283292,855.2220877907492,2310500
2022-11-16,832.2117309570312,843.7169622605846,816.8714225522933,843.7169622605846,9011300
2022-11-17,874.3976440429688,874.3976440429688,820.7065606368216,836.046870181435,25889900
2022-11-18,878.2325439453125,882.0676205564273,859.0571608897379,874.3974673341976,8949200
2022-11-21,862.892333984375,882.0677191840277,859.0572569444445,882.0677191840277,9005700
2022-11-22,851.386962890625,870.5623449377111,847.5518864812077,866.7272685282938,3570300
2022-11-23,851.386962890625,862.8921921188767,851.386962890625,855.2220393000422,2581300
2022-11-24,832.2117309570312,859.0572706653226,824.5415767546623,859.0572706653226,9307600
2022-11-25,839.8817138671875,843.7167901862157,824.5414085910745,836.0466375481592,3132600
2022-11-28,847.5520629882812,851.387140196373,836.0468313640059,839.8819085720977,6868500
2022-11-29,847.5520629882812,847.5520629882812,828.3766769478225,843.7169857801895,8650400
2022-11-30,874.3976440429688,878.2327214291221,847.5521023398951,862.8924118845086,29407600
2022-12-01,836.0468139648438,874.3975852476348,836.0468139648438,874.3975852476348,8858000
2022-12-02,843.7168579101562,847.5519345370205,836.0467046564276,836.0467046564276,5287500
2022-12-05,843.7168579101562,859.0571644176136,809.2011682683772,839.881781283292,10509900
2022-12-06,832.2117309570312,851.3871164629536,816.8714225522933,847.5520393617692,10131700
2022-12-07,839.8817138671875,847.551866505244,820.7063322720462,832.211561229131,4592600
2022-12-08,836.0468139648438,839.8818910931228,820.7065054517274,839.8818910931228,7179600
2022-12-09,847.5520629882812,855.2222174044648,832.2117541559143,836.0468313640059,10583400
2022-12-12,859.0571899414062,870.5624201638358,843.7168829781668,855.2221132005964,16477800
2022-12-13,832.2117309570312,859.0572706653226,832.2117309570312,859.0572706653226,9994400
2022-12-14,828.3765869140625,843.7168940791377,813.0362797489872,832.2116637053313,12054700
2022-12-15,834.6760864257812,846.4875404789763,830.7389350747162,842.5503891279112,8401700
2022-12-16,834.6760864257812,842.5503891279112,818.9274810215212,834.6760864257812,8398900
2022-12-19,830.7388916015625,842.5503450366558,830.7388916015625,838.6131938916247,4612400
2022-12-20,814.9902954101562,838.613202523494,803.1788418534873,834.6760513379378,6006800
2022-12-21,795.3045043945312,818.927410465656,791.3673533826772,814.9902594538019,6834900
2022-12-22,807.1160278320312,814.9903305425877,795.3045737661967,795.3045737661967,3307400
2022-12-23,811.0531616210938,822.8646154311097,799.2417078110778,807.1160103510884,1470800
2022-12-26,807.1160278320312,818.9274818978658,803.1788764767531,811.0531791873094,946500
2022-12-27,814.9902954101562,818.9274465957125,807.1159930390436,811.0531442245999,1662700
2022-12-28,803.1788330078125,822.8645887187884,799.2416818656174,814.990286434398,1048800
2022-12-29,811.0531616210938,811.0531616210938,799.2417078110778,803.1788590810831,1175000
2022-12-30,830.7388916015625,830.7388916015625,795.3045312962826,811.053135876407,9761300
2023-01-02,846.4874877929688,850.4246388989826,811.0531278388445,826.8017322628997,7781200
2023-01-03,834.6760864257812,850.4246918300413,834.6760864257812,846.4875404789763,7403000
2023-01-04,830.7388916015625,866.1732519068424,830.7388916015625,834.6760427465936,13888600
2023-01-05,803.1788330078125,830.7388910031787,803.1788330078125,830.7388910031787,13100300
2023-01-06,842.55029296875,862.2360474773657,795.3044821480725,803.1787839515188,7647500
2023-01-09,881.921875,889.7961774553571,846.4875139508929,846.4875139508929,45098400
2023-01-10,862.236083984375,881.921839326484,850.4246307791096,881.921839326484,7193000
2023-01-11,862.236083984375,874.0475371896404,822.864573300157,870.1103861212187,12545100
2023-01-12,862.236083984375,870.1103861212187,858.2989329159532,862.236083984375,3249200
2023-01-13,858.2989501953125,870.1104036383673,850.4246478999427,870.1104036383673,3104800
2023-01-16,885.8589477539062,885.8589477539062,854.3617407226562,862.2360424804687,8944000
2023-01-17,893.7332153320312,897.6703660603662,870.1103109620216,885.8589138753614,9137400
2023-01-18,881.921875,897.6704799107143,866.1732700892857,897.6704799107143,3895300
2023-01-19,901.607666015625,901.6076660156249,874.0476063557587,877.9847577357395,6995200
2023-01-20,905.5447998046875,909.4819511081861,885.8590432871943,905.5447998046875,6651000
2023-01-24,901.607666015625,901.6076660156249,881.9219091157205,897.670514635644,3307800
2023-01-25,889.796142578125,913.4190490182523,889.796142578125,901.6075957981886,2654800
2023-01-26,862.236083984375,893.7332925317494,858.2989329159532,889.7961414633277,14991900
2023-01-27,866.1732177734375,905.54472767223,854.3617648037997,862.2360667835582,13981600
2023-01-30,866.1732177734375,874.047519753196,862.2360667835582,866.1732177734375,8130500
2023-01-31,909.4818725585938,917.356174485508,854.3617590701941,858.2989100336512,26296800
2023-02-01,913.4190063476562,929.1676099053744,889.7961010110789,909.4818554582266,9391200
2023-02-02,940.9791259765625,964.6020329048444,909.4819167388533,913.419067893567,17479000
2023-02-03,992.1619873046875,992.1619873046875,940.979027642144,940.979027642144,33689000
2023-02-06,976.4132690429688,992.161870156565,948.8532170941753,984.2875695997669,12624500
2023-02-07,984.287841796875,984.2878417968751,948.8534794921876,980.3506904296876,9798600
2023-02-08,984.287841796875,1015.7850527343751,972.4763876953126,984.2878417968751,26715800
2023-02-09,996.0991821289062,1007.910634881423,980.3505784588841,988.2248802938952,13990000
2023-02-10,984.287841796875,1007.91075,972.4763876953126,996.0992958984376,23268300
2023-02-13,1003.9735717773438,1003.9735717773438,980.3506642061121,984.287815467984,13433300
2023-02-14,1003.9735717773438,1019.7221768248314,980.3506642061121,1015.7850255629595,21308700
2023-02-15,1007.91064453125,1015.7849464416504,992.1620407104492,1015.7849464416504,10216800
2023-02-16,1031.5335693359375,1039.407871391937,1003.9735121399391,1007.9106631679389,22847200
2023-02-17,1047.2823486328125,1051.219500319402,1023.6594385132754,1031.5337418864544,15754700
2023-02-20,1074.84228515625,1098.4651925223213,1035.4707728794642,1047.2822265625,30060400
2023-02-21,1059.093505859375,1078.7792587563895,1059.093505859375,1074.8421081769866,6207300
2023-02-22,1023.6593627929688,1063.0308767465444,992.1621516301082,1043.3451197697566,26356600
2023-02-23,1055.156494140625,1055.156494140625,1015.7849831652286,1023.6592853603079,12099400
2023-02-24,1035.470703125,1098.4651185242394,1035.470703125,1055.1564579372623,39825400
2023-02-27,1043.3450927734375,1051.219395360407,1023.6593363060141,1039.4079414799528,8886600
2023-02-28,1074.84228515625,1082.716587611607,1035.4707728794642,1043.3450753348213,11230000
2023-03-01,1063.0308837890625,1090.5909437391492,1055.1565809461804,1074.8423380533854,5563800
2023-03-02,1078.7794189453125,1086.6537212733806,1055.1565119611087,1063.0308142891765,5959200
2023-03-03,1055.156494140625,1098.4651562135612,1051.2193430430855,1078.7794007258628,9679500
2023-03-06,1063.0308837890625,1078.7794894748263,1055.1565809461804,1055.1565809461804,4685400
2023-03-07,1082.7166748046875,1102.4024325284092,1059.0937655362216,1059.0937655362216,8942800
2023-03-08,1090.5909423828125,1090.5909423828125,1043.345125384279,1082.7166395497236,8630100
2023-03-09,1082.7166748046875,1090.5909778941761,1070.9052201704546,1090.5909778941761,2554600
2023-03-10,1055.156494140625,1082.7165518234026,1051.2193430430855,1082.7165518234026,2177800
2023-03-13,1039.407958984375,1059.0937157833216,1027.5965049050071,1051.2194130637429,12644300
2023-03-14,1011.8478393554688,1039.407897236746,992.162083725985,1027.5964438590559,20045600
2023-03-15,1019.7221069335938,1035.4707109016801,1003.9735029655074,1007.9106539575289,23991700
2023-03-16,976.4132690429688,1011.8476215485604,956.7275176509734,1011.8476215485604,17100200
2023-03-17,1019.7221069335938,1047.282163877745,968.539144037313,976.4134460213562,21227200
2023-03-20,1000.036376953125,1019.7221324049582,984.2877725916585,1019.7221324049582,3063300
2023-03-21,1023.6593627929688,1023.6593627929688,992.1621516301082,992.1621516301082,1883100
2023-03-24,1047.2823486328125,1047.2823486328125,1003.9736800803278,1023.6594385132754,9333500
2023-03-27,1015.784912109375,1051.2192695085394,1011.8477612872457,1051.2192695085394,4821400
2023-03-28,1023.6593627929688,1039.407968374399,1007.9107572115385,1019.7222113976112,3603200
2023-03-29,1027.596435546875,1039.407888829023,1019.7221333587763,1023.6592844528257,8942600
2023-03-30,1027.596435546875,1039.407888829023,1023.6592844528257,1027.596435546875,6701800
2023-03-31,1035.470703125,1035.470703125,1015.7849483127376,1031.5335521625475,4234200
2023-04-03,1051.2193603515625,1063.0308138386588,1035.4707557021009,1035.4707557021009,6167000
2023-04-04,1047.2823486328125,1047.2823486328125,1027.596590199865,1047.2823486328125,9216400
2023-04-05,1047.2823486328125,1051.219500319402,1039.4080452596334,1047.2823486328125,6619800
2023-04-06,1066.968017578125,1070.905168934502,1035.4708067271104,1043.345109439864,7899400
2023-04-10,1074.84228515625,1078.7794363839287,1066.967982700893,1066.967982700893,9777300
2023-04-11,1074.84228515625,1086.6537388392858,1063.0308314732142,1074.84228515625,1948900
2023-04-12,1066.968017578125,1074.8423202908787,1063.0308662217483,1074.8423202908787,1886700
2023-04-13,1059.093505859375,1066.9678070181808,1043.3449035417634,1063.030656438778,5410100
2023-04-14,1035.470703125,1059.0936088997148,1035.470703125,1059.0936088997148,2708100
2023-04-17,1063.0308837890625,1066.9680352105033,1035.4708238389755,1035.4708238389755,7220100
2023-04-18,1039.407958984375,1063.0308671431108,1027.5965049050071,1055.1565644235322,7037800
2023-04-26,1039.407958984375,1051.2194130637429,992.1621426669034,1039.407958984375,12452500
2023-04-27,1039.407958984375,1074.8423212224786,1039.407958984375,1074.8423212224786,4392600
2023-04-28,1082.7166748046875,1082.7166748046875,1015.7850985440341,1039.4080078125,5985400
2023-05-02,1066.968017578125,1086.6537743600093,1039.407958083487,1078.7794716472556,6923200
2023-05-03,1066.968017578125,1070.905168934502,1035.4708067271104,1070.905168934502,2805600
2023-05-04,1031.5335693359375,1063.0307775599356,1027.5964183079377,1055.156475503936,7518700
2023-05-05,1027.596435546875,1047.2821910171215,1015.784982264727,1031.5335866409243,6037300
2023-05-08,1023.6593627929688,1035.4708169790415,1011.847908606896,1027.5965141883264,8535400
2023-05-09,1031.5335693359375,1035.4707203639373,1011.8478141959387,1023.6592672799379,5129100
2023-05-10,1023.6593627929688,1047.2822711651143,1019.7222113976112,1035.4708169790415,12531300
2023-05-11,1019.7221069335938,1027.5964089176368,1011.8478049495506,1023.6592579256153,4308100
2023-05-12,1003.9735717773438,1023.6593280867035,992.1621179917279,1015.7850255629595,7501800
2023-05-15,1015.784912109375,1015.784912109375,996.0991579987282,1003.9734596429869,1565500
2023-05-16,1000.036376953125,1023.6592834953249,996.0992258627584,1019.7221324049582,6965000
2023-05-17,1007.91064453125,1023.6592483520508,984.2877388000488,1000.0363426208496,9224100
2023-05-19,1019.7221069335938,1023.6592579256153,1007.9106539575289,1015.7849559415721,6636000
2023-05-22,972.476318359375,1023.6592824835526,960.6648650999493,1019.7221313970774,25697500
2023-05-23,964.6019287109375,980.3505316286671,948.853325793208,972.4762301698023,68445200
2023-05-24,1000.036376953125,1000.036376953125,964.6020171398253,964.6020171398253,32904300
2023-05-25,1015.784912109375,1027.5963645757631,984.2877055323402,1000.0363088208576,29986300
2023-05-26,1033.549072265625,1033.549072265625,1013.362566947937,1029.5117712020874,5131700
2023-05-29,1025.4744873046875,1037.5863906980499,1013.362583911325,1033.549089566929,4447100
2023-05-30,1073.9222412109375,1073.9222412109375,1025.4746213066846,1025.4746213066846,36994100
2023-05-31,1053.735595703125,1073.922101367936,1053.735595703125,1073.922101367936,32172000
2023-06-05,1081.99658203125,1081.99658203125,993.1759670883862,1057.7727779559234,10038300
2023-06-06,1077.9593505859375,1081.9966515244616,1049.6982440162687,1081.9966515244616,7196400
2023-06-07,1081.99658203125,1081.99658203125,1053.7354772767023,1073.9219806728079,11471700
2023-06-08,1081.99658203125,1090.0711833896921,1061.8100786351445,1081.99658203125,9817000
2023-06-09,1154.668212890625,1170.817418665319,1077.959485460828,1081.9967869045017,83768500
2023-06-12,1227.339599609375,1231.3769009238795,1154.6681759482935,1166.7800798918072,65180200
2023-06-13,1199.0784912109375,1239.451504383023,1170.8173819904778,1223.3022991141888,26119200
2023-06-14,1227.339599609375,1227.339599609375,1174.8546825208161,1174.8546825208161,15106600
2023-06-15,1211.1904296875,1239.4515397135417,1203.1158268229167,1227.3396354166666,8323700
2023-06-16,1195.0411376953125,1231.3768479630753,1186.9665354135873,1211.1903422587625,6968500
2023-06-19,1118.3323974609375,1207.153021085994,1110.257795313205,1191.003816790529,29444200
2023-06-20,1114.295166015625,1178.891987233922,1102.1832620371943,1118.3324673417685,30891200
2023-06-21,1138.5189208984375,1150.6308243122508,1114.2951140708112,1114.2951140708112,8846200
2023-06-22,1138.5189208984375,1158.705426588126,1130.4443186225622,1138.5189208984375,13867700
2023-06-23,1106.220458984375,1138.5188665459625,1102.1831580391765,1138.5188665459625,11272900
2023-06-26,1130.4443359375,1158.7054443359375,1118.3324323381696,1118.3324323381696,19258000
2023-06-27,1154.668212890625,1174.8547201089925,1118.3324998975634,1130.4444042285838,51704000
2023-07-03,1162.7427978515625,1174.8547019958496,1150.6308937072754,1158.7054964701335,17167100
2023-07-04,1142.5562744140625,1166.78008235217,1130.4443704450089,1166.78008235217,10606000
2023-07-05,1138.5189208984375,1154.6681254501884,1114.2951140708112,1142.5562220363752,7122400
2023-07-06,1118.3323974609375,1138.5189028302684,1118.3323974609375,1138.5189028302684,7633000
2023-07-07,1090.0714111328125,1126.4071248372395,1077.9595065646702,1122.3698233145253,19092700
2023-07-10,1114.295166015625,1126.4070699940557,1090.0713580587635,1090.0713580587635,10032400
2023-07-11,1118.3323974609375,1122.3696985348035,1106.220494239339,1118.3323974609375,10211500
2023-07-12,1098.1458740234375,1126.4069810755113,1098.1458740234375,1118.332379060633,6694600
2023-07-13,1130.4443359375,1154.6681431361606,1090.071323939732,1102.1832275390625,26392100
2023-07-14,1122.36962890625,1146.5934338466727,1114.2950272594426,1134.4815313764614,16296700
2023-07-17,1094.1087646484375,1130.4444800795666,1094.1087646484375,1118.3325749358569,19846100
2023-07-18,1069.8848876953125,1106.2206008623232,1041.6237774543042,1098.1459979363208,68322100
2023-07-20,1106.220458984375,1110.2577599295735,1069.884750477589,1073.9220514227873,36712300
2023-07-21,1106.220458984375,1114.295060874772,1086.0339542583827,1106.220458984375,13373400
2023-07-24,1094.1087646484375,1122.3698766504267,1090.0714629338677,1118.3325749358569,21256500
2023-07-25,1077.9593505859375,1094.1085543400338,1069.8847487088892,1094.1085543400338,30181000
2023-07-26,1081.99658203125,1090.0711833896921,1061.8100786351445,1077.959281352029,16923300
2023-07-27,1053.735595703125,1077.959402500898,1021.4371866394278,1077.959402500898,102575700
2023-07-28,1033.549072265625,1053.735577583313,1017.3998680114746,1053.735577583313,53424800
2023-07-31,1065.8475341796875,1069.8848354455197,1029.511822787198,1033.5491240530303,39443100
2023-08-01,1041.62353515625,1065.8473382994187,1033.5489341085272,1065.8473382994187,22158200
2023-08-02,1025.4744873046875,1045.6609929602917,1017.3998850424458,1041.6236918291706,27377600
2023-08-03,1041.62353515625,1041.62353515625,1017.3997320130813,1025.4743330608042,25892900
2023-08-04,1033.549072265625,1045.6609754562378,1017.3998680114746,1045.6609754562378,8960500
2023-08-07,1013.3624877929688,1037.5862922820438,1001.2505855484313,1033.5489915338646,33857200
2023-08-08,1029.5118408203125,1037.586443493413,1009.3253341375613,1017.3999368106618,14428800
2023-08-09,1001.2505493164062,1033.5489541330644,1001.2505493164062,1029.5116535309821,29660800
2023-08-10,993.176025390625,1013.3625299717353,985.101423558181,1009.3252290555132,14838100
2023-08-11,993.176025390625,1001.2506272230692,985.101423558181,993.176025390625,12684700
2023-08-14,1009.325439453125,1009.325439453125,993.1762324218749,993.1762324218749,12080000
2023-08-15,1021.4371948242188,1033.549098320158,1009.3252913282794,1009.3252913282794,32550800
2023-08-16,1025.4744873046875,1029.5117884358083,1017.3998850424458,1029.5117884358083,8517800
2023-08-18,1029.5118408203125,1029.5118408203125,1017.3999368106618,1025.4745394837623,10637300
2023-08-21,997.2133178710938,1029.5117249276473,997.2133178710936,1029.5117249276473,18074900
2023-08-22,968.9523315429688,1005.2880439758301,952.8031260172526,997.213441212972,41483800
2023-08-23,981.0643310546875,989.1389346024627,944.728615089699,968.9524257330246,26110200
2023-08-24,989.1388549804688,993.1761564293687,972.9896491848693,972.9896491848693,6374200
2023-08-25,985.1015014648438,993.1761039358671,968.9522965227972,989.1388027003554,5172400
2023-08-28,997.2133178710938,1001.2506187531629,977.0268134607477,985.1014152248861,5884400
2023-08-29,968.9523315429688,1001.250742594401,952.8031260172526,993.176139831543,19465200
2023-08-30,985.1015014648438,1025.4745138199603,964.9149952872856,968.9522965227972,38173400
2023-08-31,968.9523315429688,989.1388384501139,956.8404273986816,989.1388384501139,23247800
2023-09-01,977.02685546875,985.1014575800621,964.914952301782,985.1014575800621,8312100
2023-09-04,981.0643310546875,985.101632828575,956.8405204113618,977.0270292807999,9219300
2023-09-05,964.9151000976562,981.0643067938514,960.8777984236075,981.0643067938514,8420700
2023-09-06,944.7283935546875,972.9894993447849,944.7283935546875,968.9521985176282,13128600
2023-09-07,948.765869140625,956.8404722822473,928.5793612865692,948.765869140625,12372200
2023-09-08,928.5792846679688,944.728489618716,916.4673809549083,936.6538871433423,15243700
2023-09-11,948.765869140625,948.765869140625,920.5047581449469,928.5793612865692,12493600
2023-09-12,960.8778076171875,968.952411042542,940.6912990538012,948.7659024791558,13568500
2023-09-13,952.8031616210938,960.8777646856793,940.6912570242155,960.8777646856793,3795400
2023-09-14,948.765869140625,956.8404722822473,940.6912659990027,952.8031707114362,3821600
2023-09-15,928.5792846679688,952.8030920940896,928.5792846679688,952.8030920940896,8749400
2023-09-18,924.5419921875,936.6538960152839,896.2808832560044,928.5792934634279,22229800
2023-09-19,900.3182373046875,924.5420463801499,888.2063327669563,924.5420463801499,16888800
2023-09-20,920.5046997070312,940.6912062795539,900.3181931345085,900.3181931345085,26099800
2023-09-21,896.2808227539062,932.61653178447,892.2435217505102,928.579230781074,25307600
2023-09-22,888.2062377929688,912.4300442782315,876.0943345503374,896.2808399547231,15045600
2023-09-25,888.2062377929688,908.3927431973544,868.0197323885832,888.2062377929688,18566900
2023-09-26,880.1317138671875,900.3182210659761,876.0944124274297,892.2436181864607,5494500
2023-09-27,916.46728515625,920.5045859719164,876.094276999587,880.1315778152533,10316500
2023-09-29,924.5419921875,956.8404023949236,904.3554858078602,912.4300883597161,84200700
2023-10-02,888.2062377929688,928.5792486017401,884.1689367120916,924.541947520863,12099700
2023-10-03,884.1689453125,892.2435475527967,876.0943430722032,892.2435475527967,8923700
2023-10-04,872.0570678710938,896.2808753119574,847.83326043023,880.1316703513816,18176000
2023-10-05,868.0197143554688,892.2435203374818,868.0197143554688,876.094316349473,7845000
2023-10-06,868.0197143554688,884.1689183434775,863.9824133584665,868.0197143554688,3710000
2023-10-09,843.7959594726562,868.019766921632,839.7586582311603,863.9824656801361,9763600
2023-10-10,888.2062377929688,912.4300442782315,843.7959259033204,843.7959259033204,16597500
2023-10-11,868.0197143554688,896.280821334484,868.0197143554688,892.2435203374818,10124100
2023-10-12,876.0944213867188,892.243627310898,868.0198184246292,868.0198184246292,13916900
2023-10-13,863.982421875,880.1316260221962,863.982421875,880.1316260221962,3037300
2023-10-16,847.833251953125,872.0570591517857,835.7213483537946,872.0570591517857,15867400
2023-10-17,884.1689453125,888.2062464326483,843.795934111016,851.8705363513127,14322800
2023-10-18,924.5419921875,924.5419921875,884.1689794282205,884.1689794282205,26305600
2023-10-19,892.2435913085938,928.5793031718397,880.1316873541784,924.5420018537012,15339800
2023-10-20,880.1317138671875,912.4301253852494,847.8333023491256,892.2436181864607,15402300
2023-10-23,819.5721435546875,884.168962751116,819.5721435546875,880.1316615513392,11752300
2023-10-24,819.5721435546875,835.7213483537946,819.5721435546875,819.5721435546875,10991600
2023-10-25,831.6840209960938,847.83322528728,819.572117777704,819.572117777704,8822300
2023-10-26,807.460205078125,847.8332153320313,771.1244958496094,835.7213122558594,48130800
2023-10-27,807.460205078125,819.5721081542969,807.460205078125,807.460205078125,6364800
2023-10-30,807.460205078125,815.5348071289062,795.3483020019531,807.460205078125,6432800
2023-10-31,827.646728515625,847.8332340891768,811.4975240567836,811.4975240567836,21133800
2023-11-01,823.6094360351562,847.8332429773667,823.6094360351562,827.6467371921914,12728500
2023-11-02,847.833251953125,880.1316615513392,823.6094447544642,823.6094447544642,30434600
2023-11-03,843.7959594726562,863.9824656801361,839.7586582311603,847.8332607141523,13583500
2023-11-06,839.7586059570312,868.0197128882775,823.6094019963191,847.8332079373873,18017900
2023-11-07,863.982421875,872.057023948598,843.7959166910047,847.8332177278037,10604400
2023-11-08,868.0197143554688,868.0197143554688,851.87051036746,868.0197143554688,3099400
2023-11-09,892.2435913085938,900.3181939448706,855.9078794453478,868.0197833997631,18252100
2023-11-10,884.1689453125,900.3181497930935,880.1316441923516,892.2435475527967,3939200
2023-11-13,896.2808227539062,920.5046287742821,888.2062207471142,892.2435217505102,13870700
2023-11-14,888.2062377929688,896.2808399547231,863.9824313077061,896.2808399547231,8579100
2023-11-15,888.2062377929688,904.3554421164773,884.1689367120916,888.2062377929688,20978700
2023-11-16,880.1317138671875,888.2063167467029,863.9825081081565,888.2063167467029,8385300
2023-11-17,868.0197143554688,884.1689183434775,863.9824133584665,876.094316349473,9989600
2023-11-20,863.982421875,880.1316260221962,859.9451208382009,868.019722911799,5716600
2023-11-21,900.3182373046875,920.5047448675729,859.9452221789168,863.9825236914938,21698100
2023-11-22,904.3555297851562,916.4674342019217,896.280926840646,904.3555297851562,14999100
2023-11-23,964.9151000976562,977.0270051198025,904.3555749869247,908.3928766609735,54839100
2023-11-24,964.9151000976562,981.0643067938514,944.7285917274124,964.9151000976562,32338300
2023-11-27,964.9151000976562,968.952401771705,928.5793850312174,964.9151000976562,14981000
2023-11-28,964.9151000976562,977.0270051198025,960.8777984236075,964.9151000976562,11388100
2023-11-29,956.84033203125,968.9522349683544,936.653827136076,964.9149339893196,11062600
2023-11-30,932.6165161132812,960.8776226621686,932.6165161132812,956.8403217266133,21114200
2023-12-01,936.65380859375,948.765711291083,912.4300031990841,928.5792067955281,8737400
2023-12-04,932.6165161132812,956.8403217266133,904.355409564394,944.7284189199472,23701300
2023-12-05,900.3182373046875,936.6539509178812,900.3182373046875,936.6539509178812,16670600
2023-12-06,928.5792846679688,956.8403933317765,900.318176004161,908.3927784795346,21674700
2023-12-07,920.5046997070312,940.6912062795539,916.4673983925267,928.5793023360402,7439400
2023-12-08,908.3927612304688,936.6538693576389,900.3181589084201,928.5792670355902,8204100
2023-12-11,900.3182373046875,924.5420463801499,872.057126716648,908.3928403298416,5052200
2023-12-12,936.65380859375,956.840313089305,888.2061978044181,900.3181005017511,23303200
2023-12-13,944.7283935546875,956.8402960361578,924.5418894189036,940.6910927275306,10562500
2023-12-14,963.7554321289062,1000.9820368034134,963.7554321289062,963.7554321289062,8048100
2023-12-15,976.164306640625,992.7094643802966,951.3465700311176,992.7094643802966,6464400
2023-12-18,918.2562255859375,976.1642758481137,893.4384897592905,976.1642758481137,45881100
2023-12-19,943.073974609375,959.6191320586622,918.2562384354441,918.2562384354441,9058200
2023-12-20,947.2102661132812,951.3465554849549,934.8013979982601,943.0739767416075,6365700
2023-12-21,926.5288696289062,947.2103176116943,918.256290435791,947.2103176116943,7636500
2023-12-22,967.8917236328125,967.8917236328125,926.5288294604701,926.5288294604701,13413700
2023-12-27,963.7554321289062,972.0280109454634,947.2102744957921,967.8917215371848,8276300
2023-12-28,976.164306640625,984.4368855104608,955.4828594660355,963.7554383358713,21217500
2023-12-29,996.845703125,1000.9819923495851,967.8916785529046,980.3005462266598,40757900
2024-01-02,963.7554321289062,1000.9820368034134,959.6191427206278,1000.9820368034134,6585600
2024-01-03,959.6190185546875,980.3004629200902,951.3464408085264,963.7553074277681,5598900
2024-01-04,967.8917236328125,988.5731707189836,951.3465659638755,963.7554342155782,8021300
2024-01-05,951.3464965820312,972.0279421599015,951.3464965820312,967.8916530443274,14655800
2024-01-08,959.6190185546875,963.7553074277681,930.6649964431236,955.482729681607,10992300
2024-01-09,959.6190185546875,967.8915963008486,947.2101519354459,959.6190185546875,5208500
2024-01-10,959.6190185546875,967.8915963008486,951.3464408085264,959.6190185546875,3989400
2024-01-11,967.8917236328125,972.0280130500468,951.3465659638755,951.3465659638755,12908700
2024-01-12,963.7554321289062,980.3005897620205,963.7554321289062,967.8917215371848,6973100
2024-01-15,996.845703125,1009.2545707987553,955.4828108791494,959.6191001037345,35499500
2024-01-16,992.7094116210938,1005.1182792663574,992.7094116210938,996.8457008361817,16937700
2024-01-17,980.3004760742188,1000.9819207171348,967.8916092884692,984.436765002802,10179000
2024-01-18,996.845703125,1000.9819923495851,980.3005462266598,980.3005462266598,17816700
2024-01-19,988.5732421875,1000.9821113362971,984.4369524712343,996.8458216200314,7536400
2024-01-22,1025.7996826171875,1046.4811278312436,988.5730812318862,992.7093702746976,30902100
2024-01-23,1009.254638671875,1034.0723756883965,996.8457701636142,1025.7997966828893,15535600
2024-01-24,1017.527099609375,1034.0722557005843,996.8456544953633,1009.2545215637704,20896700
2024-01-25,1005.118408203125,1046.4813056600437,1005.118408203125,1017.5272774402006,29348600
2024-01-26,1005.118408203125,1021.6635671858925,963.7555107462063,1005.118408203125,14240000
2024-01-29,1021.6633911132812,1021.6633911132812,996.8456569161974,1005.118234981892,12434800
2024-01-30,1009.254638671875,1021.6635071801358,1000.9820596663678,1021.6635071801358,9833200
2024-01-31,1005.118408203125,1017.5272774402006,984.4369594746656,1009.2546979488169,40651100
2024-02-01,992.7094116210938,1005.1182792663574,988.5731224060058,1005.1182792663574,6300000
2024-02-02,1013.3908081054688,1017.5270971181441,976.1642069913903,996.8456520547672,18398400
2024-02-05,1005.118408203125,1017.5272774402006,992.7095389660494,1013.3909876945087,10324500
2024-02-06,1042.344970703125,1075.435287233383,1005.1183646065848,1005.1183646065848,54650400
2024-02-07,1063.0263671875,1067.1626565539884,1046.4812097215467,1050.6174990880352,9727600
2024-02-12,1054.7537841796875,1063.026362879136,1046.481205480239,1063.026362879136,8011600
2024-02-13,1054.7537841796875,1067.1626522288602,1046.481205480239,1067.1626522288602,8849300
2024-02-15,1083.707763671875,1104.3892095434755,1054.7537394516341,1067.1626069745944,34480400
2024-02-16,1079.5716552734375,1091.9805248742816,1063.0264958056453,1083.7079451403856,13478900
2024-02-19,1058.8900146484375,1079.5714602470398,1042.3448581695557,1079.5714602470398,22723500
2024-02-20,1087.843994140625,1100.2528609939402,1058.88997148289,1058.88997148289,19335100
2024-02-21,1087.843994140625,1096.116572042835,1079.571416238415,1096.116572042835,10551800
2024-02-22,1116.7982177734375,1125.070797164352,1091.9804796006945,1091.9804796006945,38903500
2024-02-23,1100.2530517578125,1116.7982104308624,1091.9804724212875,1116.7982104308624,4759100
2024-02-26,1104.3892822265625,1125.0707294592696,1063.026387761148,1100.252992780021,17836100
2024-02-27,1120.9344482421875,1120.9344482421875,1091.9804219038283,1091.9804219038283,12055900
2024-02-28,1108.5255126953125,1125.0706696012128,1091.9803557894124,1120.9343803747377,16288000
2024-02-29,1141.6158447265625,1141.6158447265625,1104.3892410941746,1108.5255303866622,21498700
2024-03-01,1137.4796142578125,1141.6159037642044,1116.7981667258523,1141.6159037642044,4023300
2024-03-04,1104.3892822265625,1137.4795977988938,1100.252992780021,1137.4795977988938,9999000
2024-03-05,1087.843994140625,1112.6617278472552,1071.2988383362049,1104.3891499450451,25024100
2024-03-06,1075.4351806640625,1096.1166264460637,1063.0263131948618,1087.8440481332632,17851900
2024-03-07,1075.4351806640625,1091.9803372896633,1067.162602351262,1071.2988915076621,22559500
2024-03-08,1075.4351806640625,1079.5714698204627,1054.7537348820613,1079.5714698204627,11919400
2024-03-13,1058.8900146484375,1091.9803276062012,1054.753725528717,1075.4351711273193,24661700
2024-03-14,1058.8900146484375,1067.1625928878784,1038.2085690498352,1058.8900146484375,12000300
2024-03-15,1067.16259765625,1083.70775420906,1058.890019379845,1058.890019379845,23749500
2024-03-18,1075.4351806640625,1087.8440481332632,1063.0263131948618,1063.0263131948618,15757700
2024-03-19,1071.2989501953125,1087.8441077272864,1054.7537926633386,1079.5715289612995,19367200
2024-03-20,1096.11669921875,1096.11669921875,1054.7538049086083,1079.5715414946933,10316700
2024-03-21,1075.4351806640625,1108.5254939152644,1075.4351806640625,1096.1166264460637,9538600
2024-03-22,1075.4351806640625,1091.9803372896633,1075.4351806640625,1075.4351806640625,5330800
2024-03-25,1087.843994140625,1087.843994140625,1071.2988383362049,1087.843994140625,7182600
2024-03-26,1096.11669921875,1108.5255675117924,1087.8441203567215,1108.5255675117924,8762800
2024-03-27,1096.11669921875,1100.2529886497641,1071.298962632665,1096.11669921875,10494100
2024-03-28,1108.5255126953125,1108.5255126953125,1067.1626204305621,1091.9803557894124,16659300
2024-04-01,1063.0263671875,1108.5255502188716,1050.6174990880352,1104.3892608523834,20478900
2024-04-02,1075.4351806640625,1079.5714698204627,1058.8900240384614,1063.0263131948618,18628600
2024-04-03,1042.344970703125,1075.435287233383,1025.799812437996,1075.435287233383,23406100
2024-04-04,1050.6175537109375,1058.8901328740158,1029.9361058032418,1042.3449745478592,6118700
2024-04-05,1034.0723876953125,1054.7538354492187,1034.0723876953125,1046.4812563476564,22558900
2024-04-16,988.5732421875,1029.936139350157,972.0280833224372,1029.936139350157,16652300
2024-04-17,947.2102661132812,996.8457385733658,938.9376873699338,988.5731598300183,23622000
2024-04-18,972.0280151367188,980.3005939889462,934.8014103016955,951.3465680061503,13235700
2024-04-19,943.073974609375,972.0280001456277,926.5288171600877,972.0280001456277,5837700
2024-04-22,922.392578125,963.7554740050448,922.392578125,943.0740260650224,9371700
2024-04-23,959.6190185546875,963.7553074277681,938.9375741892848,938.9375741892848,2852300
2024-04-24,918.2562255859375,963.7554079347902,918.2562255859375,963.7554079347902,7169300
2024-04-25,823.1215209960938,959.6190596537374,823.1215209960938,922.3924582016527,28106800
2024-04-26,827.2579345703125,893.4385693359375,798.3039068603515,823.1216448974609,122114500
2024-04-29,839.666748046875,868.6207738415948,818.9853010506465,868.6207738415948,34992700
2024-04-30,868.6207275390625,872.75701671782,823.1215465727307,831.3941249302455,21928300
2024-05-02,872.757080078125,876.8933695571683,847.9393432038655,868.6207905990817,31610500
2024-05-03,893.4384765625,914.1199227792245,856.2118733723958,872.7570303457754,20336500
2024-05-06,860.3482055664062,905.8473895146296,860.3482055664062,893.4385211651143,8097000
2024-05-07,823.1215209960938,860.3481224481784,818.9852319458621,860.3481224481784,52686800
2024-05-08,847.9392700195312,868.6207156297637,823.1215352872522,823.1215352872522,58034900
2024-05-13,856.2118530273438,868.6207204625226,843.8029855921649,856.2118530273438,27799300
2024-05-14,868.6207275390625,876.8933058965774,847.9392816452754,860.3481491815477,17628900
2024-05-15,876.893310546875,881.0295997475678,864.4844429447966,868.6207321454893,18592100
2024-05-16,893.4384765625,926.5287905092592,876.8933195891203,876.8933195891203,10823500
2024-05-17,893.4384765625,909.9836335358796,885.1658980758101,897.5747658058449,5297000
2024-05-20,876.893310546875,905.8473349517246,876.893310546875,893.4384673496462,11732500
2024-05-21,876.893310546875,889.3021781489534,868.6207321454893,885.1658889482605,40374900
2024-05-22,885.1658935546875,889.3021827769056,876.8933151102511,876.8933151102511,25795800
2024-05-27,901.7111206054688,918.2562787817159,868.6208042529745,889.3022519732833,19057500
2024-05-28,885.1658935546875,914.1199181102146,885.1658935546875,901.7110504435601,4764400
2024-05-29,864.4844970703125,909.9836811266448,847.9393392316463,909.9836811266448,16071500
2024-05-30,839.666748046875,868.6207738415948,814.8490116514008,868.6207738415948,21095000
2024-05-31,839.666748046875,852.0756162446121,823.1215904498922,839.666748046875,16171400
2024-06-03,852.0755615234375,860.3481397906553,827.2578267217839,839.6666941226107,10145900
2024-06-04,845.2794189453125,879.2605011139683,845.2794189453125,879.2605011139683,15998300
2024-06-05,841.03173828125,858.022278448548,841.03173828125,849.5270083648991,5927500
2024-06-06,841.03173828125,849.5270083648991,832.536468197601,845.2793733230745,6389000
2024-06-07,832.5364379882812,845.2793426513672,828.2888031005859,841.0317077636719,7018500
2024-06-10,841.03173828125,853.7746434067235,824.0411981139521,832.536468197601,20371900
2024-06-11,824.041259765625,845.2794365637081,811.2983536867752,845.2794365637081,26418300
2024-06-12,773.0696411132812,824.041265802069,743.336193378155,824.041265802069,65004400
2024-06-13,747.583740234375,785.8124542236328,747.583740234375,777.3171844482422,18688400
2024-06-14,688.1168823242188,760.326678617501,688.1168823242188,751.8314084653501,32639300
2024-06-19,717.850341796875,747.5837879068047,679.6216253698225,683.8692605283838,43536000
2024-06-20,751.8314208984375,764.574326337394,722.0979748742055,722.0979748742055,10456300
2024-06-21,768.8218994140625,781.5648038242404,747.5837253970994,751.831360200492,11110200
2024-06-24,751.8314208984375,777.3172317763507,751.8314208984375,768.8219614837129,4028500
2024-06-25,734.8408813476562,756.0790571091492,730.5932461953577,756.0790571091492,3863900
2024-06-26,764.5742797851562,764.5742797851562,730.5932006835938,734.8408355712891,18111400
2024-06-27,760.3267211914062,785.8125330749172,760.3267211914062,764.5743565053248,19397300
2024-06-28,802.8030395507812,815.5459449404761,760.3266882517981,760.3266882517981,77136100
2024-07-01,790.0601196289062,811.2982948877478,781.5648495253696,807.0506598359794,7353400
2024-07-02,756.0790405273438,794.3077560596251,747.583770409059,790.0601210004828,18147500
2024-07-03,743.3361206054688,764.5742954799107,739.0884856305804,760.3266605050223,8548400
2024-07-04,760.3267211914062,768.8219918192432,743.3361799357324,743.3361799357324,6567900
2024-07-05,747.583740234375,768.8219146728516,747.583740234375,764.5742797851562,9847400
2024-07-08,747.583740234375,760.3266448974609,730.5932006835938,747.583740234375,20107300
2024-07-09,747.583740234375,760.3266448974609,743.3361053466797,747.583740234375,11880000
2024-07-10,739.0885620117188,756.0791036671606,739.0885620117188,747.5838328394397,6362200
2024-07-11,717.850341796875,747.5837879068047,713.6027066383135,743.3361527482433,17895900
2024-07-12,739.0885620117188,747.5838328394397,713.602749528556,717.8503849424166,14802800
2024-07-15,734.8408813476562,743.3361516522534,726.3456110430591,743.3361516522534,3327300
2024-07-16,726.3455810546875,734.8408510085435,722.0979460777595,734.8408510085435,2838400
2024-07-17,717.850341796875,734.8408824311206,713.6027066383135,726.3456121139977,6458900
2024-07-18,717.850341796875,730.5932472725591,713.6027066383135,717.850341796875,7889300
2024-07-19,713.6026611328125,726.3455657958984,713.6026611328125,717.8502960205078,4447800
2024-07-22,722.0979614257812,722.0979614257812,709.3550562241498,717.8503263585708,10578000
2024-07-23,713.6026611328125,726.3455657958984,709.3550262451172,722.0979309082031,7344000
2024-07-24,696.6121215820312,717.8502960205078,696.6121215820312,713.6026611328125,8729900
2024-07-25,688.1168823242188,700.859787552445,679.6216121720679,700.859787552445,6708600
2024-07-26,683.8692626953125,696.6121682113742,683.8692626953125,688.1168978673331,4325300
2024-07-29,726.3455810546875,743.3361209623995,679.6215963084795,683.8692312854075,45884500
2024-07-30,751.8314208984375,777.3172317763507,726.3456100205244,730.5932451668432,79403800
2024-07-31,760.3267211914062,773.0696271331617,751.8314505635693,756.0790858774878,37809500
2024-08-01,798.555419921875,815.5459607712767,764.5743382230719,764.5743382230719,34476300
2024-08-02,764.5742797851562,802.8029937744141,764.5742797851562,798.5553588867188,17393900
2024-08-05,726.3455810546875,798.5553756624635,717.8503111008315,798.5553756624635,14857400
2024-08-06,764.5742797851562,773.0695495605469,730.5932006835938,730.5932006835938,33356200
2024-08-07,760.3267211914062,773.0696271331617,760.3267211914062,764.5743565053248,13920600
2024-08-08,760.3267211914062,773.0696271331617,760.3267211914062,760.3267211914062,9044100
2024-08-09,768.8218994140625,781.5648038242404,764.5742646106698,764.5742646106698,7473600
2024-08-12,751.8314208984375,777.3172317763507,751.8314208984375,773.0695966300318,12006600
2024-08-13,807.0506591796875,815.5459292763157,751.8314035516036,756.0790385999177,35867900
2024-08-14,811.2982788085938,836.7840886140993,807.0506438410096,807.0506438410096,24903900
2024-08-15,807.0506591796875,832.5364694695724,798.5553890830591,811.2982942280016,17651000
2024-08-16,807.0506591796875,824.041199372944,798.5553890830591,807.0506591796875,10349700
2024-08-19,841.03173828125,841.03173828125,807.050657946654,807.050657946654,24649400
2024-08-20,841.03173828125,853.7746434067235,836.7841032394256,841.03173828125,27020400
2024-08-21,841.03173828125,849.5270083648991,828.2888331557765,841.03173828125,9743500
2024-08-22,836.7840576171875,853.7745968581456,824.0411531864689,841.0316924274271,9051100
2024-08-23,866.517578125,879.2604836856617,836.7841318167892,836.7841318167892,13328400
2024-08-26,858.022216796875,883.5080252165842,845.2793125870204,870.7651210067296,14727700
2024-08-27,849.5270385742188,870.7652145385742,841.0317681884766,870.7652145385742,14738000
2024-08-28,849.5270385742188,858.0223089599609,849.5270385742188,849.5270385742188,23687200
2024-08-29,853.774658203125,870.7651986648788,849.5270230876865,849.5270230876865,13923600
2024-08-30,862.2699584960938,866.5175937596214,845.2794174419836,853.7746879690386,17997600
2024-09-02,845.2794189453125,862.2699600296404,841.0317836742306,862.2699600296404,8329000
2024-09-03,811.2982788085938,845.2793585492678,798.555373905841,841.0317235816837,19500600
2024-09-04,798.555419921875,811.2983255589262,785.8125142848238,807.0506903465758,6553700
2024-09-05,832.5364379882812,858.0222473144531,798.5553588867188,802.8029937744141,35261700
2024-09-06,849.5270385742188,853.7746737670898,832.5364978027344,841.0317681884766,17365000
2024-09-09,832.5364379882812,853.7746124267578,832.5364379882812,849.5269775390625,5015100
2024-09-10,853.774658203125,858.0222933185635,819.7935772796176,836.7841177413712,16952900
2024-09-11,849.5270385742188,862.2699441528321,841.0317681884766,853.7746737670898,16443400
2024-09-12,858.022216796875,862.2698515334932,849.5269473236386,853.7745820602569,6334200
2024-09-13,853.774658203125,866.5175635494403,849.5270230876865,858.0222933185635,20213400
2024-09-17,887.7557373046875,900.4986426248505,836.7841160240356,853.7746564509196,18584600
2024-09-18,883.5081176757812,896.251023219182,879.2604824946477,887.7557528569148,19950400
2024-09-19,879.2604370117188,896.2509768573559,870.7651670889003,892.0033418959466,14385600
2024-09-20,862.2699584960938,887.7557700772591,841.031782178456,879.260499550204,30060900
2024-09-23,858.022216796875,862.2698515334932,849.5269473236386,862.2698515334932,3489300
2024-09-24,883.5081176757812,883.5081176757812,853.7746714078463,858.0223065889799,15373100
2024-09-25,879.2604370117188,887.7557069345373,866.517532127491,883.508071973128,9997600
2024-09-26,866.517578125,879.2604836856617,858.0223077512254,875.0128484987745,19364300
2024-09-27,853.774658203125,866.5175635494403,849.5270230876865,866.5175635494403,6341700
2024-09-30,883.5081176757812,883.5081176757812,836.7841306833121,853.7746714078463,16016400
2024-10-01,836.7840576171875,883.5080405298223,828.2887879967085,849.5269620479061,25989000
2024-10-02,819.7935791015625,841.0317547259552,815.5459439766839,841.0317547259552,11582700
2024-10-03,794.3078002929688,828.2888826584434,794.3078002929688,824.041247362759,17854400
2024-10-04,777.3171997070312,811.2982794756447,768.821929764878,794.307739591338,20486100
2024-10-07,811.2982788085938,828.2888186789309,764.5742941651669,777.3171990679197,30688100
2024-10-08,815.5459594726562,828.2888650894165,798.5554186503092,811.2983242670695,8005600
2024-10-09,819.7935791015625,828.2888493513196,802.8030386020482,815.5459439766839,6098700
2024-10-10,807.0506591796875,824.041199372944,807.0506591796875,824.041199372944,1606500
2024-10-11,807.0506591796875,819.7935643246299,802.8030241313733,807.0506591796875,3294300
2024-10-14,807.0506591796875,815.5459292763157,807.0506591796875,807.0506591796875,1461500
2024-10-15,819.7935791015625,819.7935791015625,802.8030386020482,811.2983088518054,11159900
2024-10-16,802.8030395507812,824.0412152002727,802.8030395507812,815.5459449404761,3290000
2024-10-17,802.8030395507812,811.2983098105778,798.555404420883,807.0506746806795,3756800
2024-10-18,802.8030395507812,811.2983098105778,802.8030395507812,807.0506746806795,2070200
2024-10-21,811.2982788085938,811.2982788085938,802.8030088734253,802.8030088734253,2638700
2024-10-22,807.0506591796875,815.5459292763157,807.0506591796875,807.0506591796875,1774700
2024-10-23,819.7935791015625,828.2888493513196,802.8030386020482,807.0506737269268,7889400
2024-10-24,828.288818359375,836.784088291266,819.793548427484,824.0411833934295,8346800
2024-10-25,828.288818359375,841.0317232572115,824.0411833934295,828.288818359375,5182700
2024-10-28,828.288818359375,836.784088291266,811.2982784955929,832.5364533253205,4271800
2024-10-29,849.5270385742188,866.5175793457031,828.2888626098633,828.2888626098633,26557500
2024-10-30,841.03173828125,858.022278448548,832.536468197601,853.7746434067235,6524700
2024-10-31,841.03173828125,849.5270083648991,836.7841032394256,845.2793733230745,4313000
2024-11-01,849.5270385742188,853.7746737670898,836.7841329956054,841.0317681884766,8620900
2024-11-04,828.288818359375,853.774628155048,824.0411833934295,849.5269931891025,6805900
2024-11-05,836.7840576171875,845.2793272376666,815.5458835659899,828.2887879967085,4935800
2024-11-06,824.041259765625,845.2794365637081,819.7936244060085,836.784165844475,2694600
2024-11-07,832.5364379882812,836.7840728759766,807.0506286621094,824.0411682128906,3028500
2024-11-08,815.5459594726562,841.0317707061768,811.2983242670695,832.5365002950032,1565000
2024-11-11,794.3078002929688,815.5459767713904,777.3172591102315,815.5459767713904,9983200
2024-11-12,790.0601196289062,802.8030247842112,781.5648495253696,794.3077546806745,9674600
2024-11-13,773.0696411132812,790.0601826762105,764.5743703318166,790.0601826762105,16493600
2024-11-14,747.583740234375,781.5648193359375,743.3361053466797,781.5648193359375,14691500
2024-11-15,730.59326171875,751.8314379315044,726.3456264761992,747.5838026889535,5071500
2024-11-18,747.583740234375,768.8219146728516,726.3455657958984,730.5932006835938,5420600
2024-11-19,734.8408813476562,756.0790571091492,730.5932461953577,747.583786804552,5823800
2024-11-20,802.8030395507812,807.0506746806795,734.8408774724082,734.8408774724082,23843100
2024-11-21,785.8124389648438,811.298247796136,781.5648041596284,807.0506129909206,14099300
2024-11-22,781.5648803710938,802.8030564681343,777.3172451516856,798.5554212487261,4327300
2024-11-25,756.0790405273438,802.8030261779099,756.0790405273438,781.564850882198,6896600
2024-11-26,739.0885620117188,777.3172807364629,722.098020356277,760.3267390810211,21996200
2024-11-28,773.0696411132812,777.3172765040135,739.0885579874227,739.0885579874227,11185200
2024-11-29,790.0601196289062,790.0601196289062,751.8314041629915,777.3172144736013,16682000
2024-12-02,760.3267211914062,794.3078037027541,747.5838152496509,785.8125330749172,5437100
2024-12-03,764.5742797851562,777.3171844482422,756.0790100097656,756.0790100097656,2735400
2024-12-04,798.555419921875,802.8030551342255,764.5743382230719,773.0696086477726,5511700
2024-12-05,790.0601196289062,807.0506598359794,785.812484577138,807.0506598359794,2726500
2024-12-06,790.0601196289062,802.8030247842112,785.812484577138,790.0601196289062,2489500
2024-12-09,790.0601196289062,807.0506598359794,777.3172144736013,807.0506598359794,10025700
2024-12-10,785.8124389648438,794.3077085752745,781.5648041596284,790.0600737700591,3406100
2024-12-11,798.555419921875,802.8030551342255,790.0601494971743,790.0601494971743,7653600
2024-12-12,801.1821899414062,809.9382794489626,788.0480556800718,809.9382794489626,5199200
2024-12-13,792.4261474609375,805.5602825017265,792.4261474609375,805.5602825017265,995200
2024-12-16,788.048095703125,796.804185655382,783.6700507269966,792.4261406792535,5854300
2024-12-17,792.4261474609375,792.4261474609375,783.6700574337449,788.0481024473412,8398800
2024-12-18,788.048095703125,792.4261406792535,774.9139607747396,792.4261406792535,6194600
2024-12-19,766.1578979492188,774.9139882114955,757.401807686942,774.9139882114955,2505900
2024-12-20,779.2919921875,801.1822166871489,766.1578574877108,766.1578574877108,14770100
2024-12-23,792.4261474609375,805.5602825017265,783.6700574337449,788.0481024473412,2010800
2024-12-24,783.6701049804688,796.8042408181303,783.6701049804688,792.4261955389097,2486700
2024-12-27,823.0724487304688,836.2065835506357,783.6700442699675,783.6700442699675,34181000
2024-12-30,827.4505004882812,831.8285454644098,788.048095703125,831.8285454644098,50201400
2025-01-02,814.3163452148438,823.0724349483366,805.5602554813507,823.0724349483366,2252600
2025-01-03,792.4261474609375,814.3163725289193,788.0481024473412,809.938327515323,6155300
2025-01-06,792.4261474609375,796.8041924745339,783.6700574337449,792.4261474609375,3265700
2025-01-07,783.6701049804688,792.4261955389097,779.2920597012483,792.4261955389097,2083800
2025-01-08,766.1578979492188,788.0481236049106,761.7798528180804,783.6700784737723,3649600
2025-01-09,774.9140014648438,783.6700918768759,766.1579110528116,766.1579110528116,841100
2025-01-10,766.1578979492188,783.6700784737723,766.1578979492188,783.6700784737723,930300
2025-01-13,761.7798461914062,770.5359363775143,761.7798461914062,766.1578912844603,1508500
2025-01-14,761.7798461914062,770.5359363775143,753.0237560052981,761.7798461914062,1742800
2025-01-15,770.535888671875,774.9139334938743,757.4017542058771,757.4017542058771,4941000
2025-01-16,788.048095703125,805.5602756076389,770.5359157986111,770.5359157986111,5920500
2025-01-17,774.9140014648438,801.1822727009401,761.7798658467956,788.0481370828919,3904100
2025-01-20,783.6701049804688,788.0481502596892,774.9140144220278,779.2920597012483,2009300
2025-01-21,779.2919921875,792.4261268872893,779.2919921875,788.0480819873596,1185600
2025-01-22,779.2919921875,788.0480819873596,774.9139472875703,779.2919921875,895300
2025-01-23,779.2919921875,779.2919921875,770.5359023876405,779.2919921875,1103100
2025-01-24,774.9140014648438,783.6700918768759,770.5359562588277,779.2920466708598,1580900
2025-01-30,770.535888671875,779.2919783158735,766.1578438498757,774.9139334938743,1792700
2025-01-31,770.535888671875,792.4261127818714,766.1578438498757,774.9139334938743,4448400
2025-02-03,770.535888671875,770.535888671875,748.6456645618786,766.1578438498757,2753300
2025-02-04,766.1578979492188,774.9139882114955,757.401807686942,774.9139882114955,1051200
2025-02-05,748.6456298828125,766.1578083596035,748.6456298828125,766.1578083596035,1040800
2025-02-06,739.8895874023438,761.779811881703,731.1334976106,757.4017669858312,3512500
2025-02-07,748.6456298828125,757.401719121208,735.5114960252193,748.6456298828125,891700
2025-02-10,735.5115356445312,753.0237150646392,731.1334907895043,753.0237150646392,945800
2025-02-11,726.7554931640625,744.2676737222326,717.9994028849774,744.2676737222326,2230400
2025-02-12,726.7554931640625,735.5115834431476,722.3774480245199,726.7554931640625,1173000
2025-02-13,722.37744140625,731.1335316051136,713.6213512073864,726.7554865056818,1599200
2025-02-14,722.37744140625,726.7554865056818,713.6213512073864,726.7554865056818,2716300
2025-02-17,753.0237426757812,753.0237426757812,726.7554725824401,726.7554725824401,1388700
2025-02-18,766.1578979492188,770.5359430803571,753.0237625558036,753.0237625558036,8699900
2025-02-19,761.7798461914062,770.5359363775143,757.4018010983522,766.1578912844603,1318600
2025-02-20,748.6456298828125,766.1578083596035,744.2675852636148,761.7797637404058,2167100
2025-02-21,774.9140014648438,779.2920466708598,744.2676850227313,748.6457302287473,1955800
2025-02-24,774.9140014648438,774.9140014648438,757.4018206407794,774.9140014648438,5678700
2025-02-25,783.6701049804688,801.1822860973508,779.2920597012483,779.2920597012483,23438800
2025-02-26,779.2919921875,788.0480819873596,779.2919921875,788.0480819873596,1425300
2025-02-27,766.1578979492188,783.6700784737723,735.51158203125,779.2920333426339,5485100
2025-02-28,735.5115356445312,766.1578496297201,722.3774010794504,761.779804774693,8778100
2025-03-03,735.5115356445312,753.0237150646392,717.9993562244234,739.8895804995583,7123900
2025-03-04,744.2676391601562,753.0237290326287,722.3774144789752,735.5115492876838,5876900
2025-03-05,739.8895874023438,757.4017669858312,717.9993629229845,744.2676322982156,9733800
2025-03-06,770.535888671875,770.535888671875,739.8895749178799,744.2676197398793,14357600
2025-03-07,761.7798461914062,783.6700716566766,757.4018010983522,770.5359363775143,2317500
2025-03-10,748.6456298828125,766.1578083596035,735.5114960252193,766.1578083596035,3397900
2025-03-11,717.9993896484375,735.5115698837652,709.2432995307736,722.3774347072695,4434700
2025-03-12,722.37744140625,726.7554865056818,709.2433061079546,717.9993963068182,3635000
2025-03-13,709.2432861328125,722.3774210611979,700.4871961805555,722.3774210611979,5415800
2025-03-14,704.865234375,713.6213242430124,696.1091445069876,713.6213242430124,2296100
2025-03-17,687.35302734375,709.2432511445064,687.35302734375,704.8652063843551,2825000
2025-03-18,652.3286743164062,691.7310774630348,626.0604055519873,687.353032668965,19984900
2025-03-19,639.194580078125,661.0848054232663,630.4384899400685,656.706760354238,17994600
2025-03-20,630.4384765625,665.4628363715278,621.682386610243,643.5726114908854,27696700
2025-03-21,612.9263305664062,634.8165566580636,608.5482853480748,634.8165566580636,22761900
2025-03-24,639.194580078125,656.706760354238,608.5482645949272,612.9263096639555,6373900
2025-03-25,678.5969848632812,700.4872101814516,639.1945792905746,639.1945792905746,8505800
2025-03-26,700.4871826171875,722.3774070739746,678.5969581604004,678.5969581604004,15597100
2025-03-27,713.621337890625,713.621337890625,674.21893273102,700.4872028374233,36718500
2025-04-08,656.7067260742188,678.5969502766927,621.6823673502605,647.9506363932292,4307900
2025-04-09,678.5969848632812,687.3530749905493,652.3287144814768,661.0848046087449,2948800
2025-04-10,709.2432861328125,713.621331108941,678.5969712999132,700.4871961805555,9468800
2025-04-11,709.2432861328125,709.2432861328125,687.3530612521702,700.4871961805555,1380200
2025-04-14,722.37744140625,731.1335316051136,704.8652610085227,704.8652610085227,17068300
2025-04-15,700.4871826171875,726.7554519653321,700.4871826171875,722.3774070739746,6482400
2025-04-16,674.2189331054688,704.8652482466264,674.2189331054688,700.487203226461,4587600
2025-04-17,687.35302734375,687.35302734375,674.2188930632962,674.2188930632962,909700
2025-04-21,682.9750366210938,687.3530817276393,674.2189464080028,682.9750366210938,432500
2025-04-22,704.865234375,704.865234375,678.5969647709627,682.9750097049689,4682500
2025-04-23,713.621337890625,717.9993829083589,696.1091578196895,709.2432928728912,6153800
2025-04-24,700.4871826171875,722.3774070739746,700.4871826171875,722.3774070739746,2646900
2025-04-25,726.7554931640625,735.5115834431476,704.8652674663498,704.8652674663498,15121500
2025-04-28,744.2676391601562,757.4017739688649,726.7554594152115,726.7554594152115,38062600
2025-04-29,770.535888671875,774.9139334938743,753.0237093838778,753.0237093838778,46189200
2025-04-30,770.535888671875,783.6700231378728,753.0237093838778,779.2919783158735,13834500
2025-05-02,770.535888671875,779.2919783158735,757.4017542058771,779.2919783158735,2495700
2025-05-05,748.6456298828125,774.9138975979989,735.5114960252193,770.5358529788011,10079000
2025-05-06,748.6456298828125,757.401719121208,739.889540644417,753.0236745020103,6749500
2025-05-07,753.0237426757812,761.779832706895,744.2676526446676,753.0237426757812,2840800
2025-05-08,753.0237426757812,761.779832706895,735.5115626135538,761.779832706895,9134300
2025-05-09,739.8895874023438,761.779811881703,735.5115425064719,761.779811881703,3791300
2025-05-14,796.80419921875,796.80419921875,739.8896135602679,739.8896135602679,16433500
2025-05-15,788.048095703125,805.5602756076389,783.6700507269966,801.1822306315104,14508400
2025-05-16,792.4261474609375,796.8041924745339,783.6700574337449,788.0481024473412,5906200
2025-05-19,831.8285522460938,849.3407322933799,796.8041921515213,796.8041921515213,22949600
2025-05-20,827.4505004882812,840.5846354166667,814.3163655598959,831.8285454644098,15203600
2025-05-21,833.7945556640625,842.8575399647589,815.6685870626699,833.7945556640625,13379200
2025-05-22,842.8575439453125,851.9205282888105,833.7945596018145,838.3260517735636,10902100
2025-05-23,829.2630615234375,833.7945536629098,820.2000772444928,833.7945536629098,1446700
2025-05-26,824.7316284179688,847.3890907371436,806.6056585626287,829.2631208818037,9905200
2025-05-27,833.7945556640625,838.3260478144107,824.7315713633662,824.7315713633662,7541000
2025-05-28,820.2000732421875,838.3260417116281,820.2000732421875,833.7945495942679,4705400
2025-06-02,815.6685791015625,847.389023844401,806.6055948893229,842.8575317382812,3263000
2025-06-03,797.5426025390625,820.2000628384677,793.0111104791815,815.6685707785866,1624800
2025-06-04,802.0741577148438,802.0741577148438,779.4166956325035,797.5426652983757,2817300
2025-06-05,802.0741577148438,811.1371425477798,788.4796804654396,802.0741577148438,1812500
2025-06-10,815.6685791015625,815.6685791015625,797.5426106770833,802.0741027832031,2280200
2025-06-11,802.0741577148438,815.6686349642479,793.0111728819077,815.6686349642479,6728600
2025-06-12,783.9481201171875,802.0740882123825,783.9481201171875,802.0740882123825,3147300
2025-06-13,747.6962280273438,788.479658647017,738.6332434451941,788.479658647017,14981400
2025-06-16,743.1647338867188,752.2277184463129,729.5702570473276,747.6962261665159,7258100
2025-06-17,756.7592163085938,770.3536932482691,738.6332470556933,747.6962316821435,6677200
2025-06-18,729.5702514648438,756.7592049355833,729.5702514648438,756.7592049355833,7452800
2025-06-19,734.1017456054688,743.1647301191165,725.038761091821,738.6332378622926,2220100
2025-06-20,706.9127807617188,738.6332260523087,706.9127807617188,729.5702416835687,34004500
2025-06-23,679.7238159179688,706.9127685546874,679.7238159179688,706.9127685546874,5980500
2025-06-24,711.4442749023438,715.975767099174,688.7868139181927,688.7868139181927,3114100
2025-06-25,711.4442749023438,720.5072592960042,702.3812905086834,711.4442749023438,2246200
2025-06-26,729.5702514648438,738.6332359550903,706.9127902392274,720.5072669745972,7528100
2025-06-30,738.6332397460938,761.2907010879985,711.444286135808,725.038762940951,9652900
2025-07-01,734.1017456054688,747.6962223759405,725.038761091821,743.1647301191165,6073000
2025-07-02,725.0387573242188,738.6332340240479,715.975772857666,738.6332340240479,4580500
2025-07-03,711.4442749023438,725.0387514928344,706.9127827055136,725.0387514928344,2616100
2025-07-04,715.9757690429688,720.5072612521014,697.8498002064379,715.9757690429688,4162700
2025-07-07,729.5702514648438,729.5702514648438,706.9127902392274,715.975774729474,1484400
2025-07-08,702.3812866210938,725.0387474798388,697.8497944493448,725.0387474798388,5708200
2025-07-09,725.0387573242188,729.5702495574951,697.8498039245605,702.3812961578369,4315300
2025-07-10,729.5702514648438,738.6332359550903,720.5072669745972,734.101743709967,2240900
2025-07-11,752.2277221679688,756.7592144701854,729.5702606568854,729.5702606568854,2906100
2025-07-14,725.0387573242188,761.2906951904297,720.5072650909424,752.227710723877,7823000
2025-07-15,725.0387573242188,738.6332340240479,720.5072650909424,725.0387573242188,5937900
2025-07-16,738.6332397460938,752.2277165512365,720.50727067257,725.038762940951,7729500
2025-07-17,725.0387573242188,747.6962184906006,715.975772857666,747.6962184906006,4313900
2025-07-18,715.9757690429688,734.1017378794996,711.444276833836,725.0387534612341,6274900
2025-07-21,697.8497924804688,720.5072532752891,693.3183003215047,720.5072532752891,7813300
2025-07-22,697.8497924804688,711.444268957361,693.3183003215047,702.3812846394328,9271900
2025-07-23,679.7238159179688,702.3812764485677,675.192323811849,702.3812764485677,13974400
2025-07-24,684.2553100585938,693.3182942977804,679.7238179390005,684.2553100585938,27914300
2025-07-25,715.9757690429688,725.0387534612341,684.2553235790398,688.7868157881725,19311600
2025-07-28,688.7868041992188,720.5072491294459,679.7238199334395,715.9757569965564,21897700
2025-07-29,693.318359375,711.4443295547386,684.2553742851308,693.318359375,11754000
2025-07-30,693.318359375,697.8498519199346,684.2553742851308,693.318359375,8137400
2025-07-31,693.318359375,711.4443295547386,688.7868668300654,693.318359375,12800000
2025-08-01,693.318359375,706.9128370098039,688.7868668300654,693.318359375,5880200
2025-08-04,711.4442749023438,725.0387514928344,711.4442749023438,711.4442749023438,10833400
2025-08-05,743.1647338867188,743.1647338867188,711.4442879281394,715.9757802079364,13362000
2025-08-06,770.3536987304688,770.3536987304688,734.101759966682,747.696237003102,31418000
2025-08-07,774.8851318359375,793.0110998320997,756.7591638397752,770.353639836897,25156300
2025-08-08,779.4166870117188,797.5426564771075,770.3537022790243,797.5426564771075,18050500
2025-08-11,774.8851318359375,788.4796078330592,770.353639836897,779.416623834978,5786100
2025-08-12,802.0741577148438,815.6686349642479,774.8852032160355,774.8852032160355,36720600
2025-08-13,797.5426025390625,811.1370787187057,793.0111104791815,811.1370787187057,11956700
2025-08-14,783.9481201171875,802.0740882123825,774.88513606959,797.5425961885838,13350800
2025-08-15,765.8222045898438,797.5426509338018,761.2907122549926,797.5426509338018,6683300
2025-08-19,793.0111694335938,797.5426618303571,765.8222150530135,765.8222150530135,4326000
2025-08-20,779.4166870117188,797.5426564771075,774.8851946453715,797.5426564771075,2958500
2025-08-21,793.0111694335938,793.0111694335938,779.4166922433036,783.948184640067,3709400
2025-08-22,783.9481201171875,797.5425961885838,779.4166280933887,793.011104164785,3461400
2025-08-25,774.8851318359375,797.5425918311403,770.353639836897,783.9481158340186,11821500
2025-08-26,774.8851318359375,788.4796078330592,774.8851318359375,774.8851318359375,5139100
2025-08-27,756.7592163085938,774.8851855614942,743.1647393689184,774.8851855614942,7788400
2025-08-28,738.6332397460938,770.3536856247604,734.1017474777128,756.7592088196176,5069100
2025-08-29,688.7868041992188,765.8221704583418,670.6608356676603,738.6332176610043,50125200
2025-09-01,706.9127807617188,725.0387494991987,652.5348745492788,670.6608432867588,12455400
2025-09-02,697.8497924804688,725.0387454342532,693.3183003215047,715.9757611163251,8606900
2025-09-03,684.2553100585938,702.3812785369671,675.1923258194071,702.3812785369671,17170500
2025-09-04,688.7868041992188,697.8497884649979,684.2553120663291,688.7868041992188,8292100
2025-09-08,688.7868041992188,706.9127727307771,684.2553120663291,693.3182963321083,15280300
2025-09-09,679.7238159179688,688.7868001302083,670.6608317057292,688.7868001302083,14159900
2025-09-10,679.7238159179688,688.7868001302083,679.7238159179688,679.7238159179688,4746700
2025-09-11,688.7868041992188,711.4442648636667,684.2553120663291,684.2553120663291,24746800
2025-09-12,729.5702514648438,752.2277126904601,697.849805748981,702.3812979941042,32944500
2025-09-15,729.5702514648438,765.8221894258297,711.4442824843508,765.8221894258297,19795300
2025-09-16,720.5072631835938,734.1017398474352,715.9757709623133,729.5702476261547,6005200
2025-09-17,720.5072631835938,734.1017398474352,711.4442787410328,725.0387554048742,17845100
2025-09-18,715.9757690429688,725.0387534612341,711.444276833836,720.5072612521014,3865200
2025-09-19,697.8497924804688,715.9757611163251,697.8497924804688,715.9757611163251,5424000
2025-09-22,702.3812866210938,715.9757631363408,684.2553179340978,697.8497944493448,9642800
2025-09-23,711.4442749023438,715.975767099174,702.3812905086834,702.3812905086834,9186900
2025-09-24,702.3812866210938,715.9757631363408,697.8497944493448,711.4442709645917,3208100
2025-09-25,715.9757690429688,729.570245670367,702.3812924155707,702.3812924155707,27436800
2025-09-26,715.9757690429688,725.0387534612341,711.444276833836,715.9757690429688,14078200
2025-09-29,706.9127807617188,725.0387494991987,702.3812885773488,720.5072573148287,6237900
2025-09-30,693.318359375,711.4443295547386,688.7868668300654,706.9128370098039,16568300
2025-10-01,688.7868041992188,702.3812805978876,684.2553120663291,693.3182963321083,26326500
2025-10-02,688.7868041992188,697.8497884649979,679.7238199334395,693.3182963321083,13782300
2025-10-03,693.318359375,693.318359375,675.1923891952614,693.318359375,27562200
2025-10-06,679.7238159179688,693.3182922363281,675.192323811849,693.3182922363281,12307700
2025-10-07,684.2553100585938,684.2553100585938,675.1923258194071,684.2553100585938,28619200
2025-10-08,684.2553100585938,688.786802178187,670.6608336998138,684.2553100585938,18671900
2025-10-09,697.8497924804688,702.3812846394328,684.2553160035765,688.7868081625405,8116800
2025-10-10,679.7238159179688,697.849784342448,679.7238159179688,697.849784342448,6968200
2025-10-13,679.7238159179688,688.7868001302083,670.6608317057292,679.7238159179688,19768700
2025-10-14,679.7238159179688,684.2553080240885,675.192323811849,684.2553080240885,4921700
2025-10-15,684.2553100585938,684.2553100585938,675.1923258194071,679.7238179390005,6792000
2025-10-16,684.2553100585938,688.786802178187,679.7238179390005,684.2553100585938,3137000
2025-10-17,684.2553100585938,688.786802178187,679.7238179390005,684.2553100585938,5279000
2025-10-20,697.8497924804688,706.9127767983969,684.2553160035765,684.2553160035765,14170800
2025-10-21,697.8497924804688,706.9127767983969,693.3183003215047,702.3812846394328,9271500
2025-10-22,693.318359375,706.9128370098039,679.723881740196,702.3813444648692,18266800
2025-10-23,697.8497924804688,697.8497924804688,679.7238238446124,693.3183003215047,18495700
2025-10-24,702.3812866210938,706.9127787928428,688.7868101058468,693.3183022775958,36134300
2025-10-27,706.9127807617188,715.9757651304587,693.3183042086088,706.9127807617188,63511800
2025-10-28,711.4442749023438,720.5072592960042,702.3812905086834,711.4442749023438,28854500
2025-10-29,715.9757690429688,720.5072612521014,706.9127846247034,720.5072612521014,36470600
2025-10-30,729.5702514648438,734.101743709967,711.4442824843508,715.975774729474,47414900
2025-10-31,729.5702514648438,734.101743709967,720.5072669745972,729.5702514648438,24413400
2025-11-03,720.5072631835938,738.6332320687155,711.4442787410328,729.5702476261547,21552900
2025-11-04,711.4442749023438,725.0387514928344,711.4442749023438,720.5072592960042,20724400
2025-11-05,706.9127807617188,711.4442729460887,697.8497963929788,711.4442729460887,18425900
2025-11-06,693.318359375,711.4443295547386,693.318359375,711.4443295547386,13140300
2025-11-07,706.9127807617188,720.5072573148287,697.8497963929788,697.8497963929788,17059400
2025-11-10,711.4442749023438,711.4442749023438,702.3812905086834,706.9127827055136,10796400
2025-11-11,693.318359375,711.4443295547386,684.2553742851308,711.4443295547386,19192500
2025-11-12,693.318359375,702.3813444648692,688.7868668300654,697.8498519199346,10075000
2025-11-13,688.7868041992188,706.9127727307771,684.2553120663291,697.8497884649979,20248000
2025-11-14,684.2553100585938,693.3182942977804,684.2553100585938,688.786802178187,20341200
2025-11-17,702.3812866210938,706.9127787928428,684.2553179340978,688.7868101058468,12755700
2025-11-18,697.8497924804688,706.9127767983969,693.3183003215047,697.8497924804688,11347700
2025-11-19,706.9127807617188,706.9127807617188,688.7868120242388,697.8497963929788,16253500
2025-11-20,688.7868041992188,706.9127727307771,688.7868041992188,697.8497884649979,17006300
2025-11-21,688.7868041992188,702.3812805978876,684.2553120663291,693.3182963321083,25545500
2025-11-24,688.7868041992188,693.3182963321083,679.7238199334395,688.7868041992188,38882200
2025-11-25,679.7238159179688,693.3182922363281,675.192323811849,688.7868001302083,45669700
2025-11-26,693.318359375,693.318359375,679.723881740196,684.2553742851308,31927700
2025-11-27,684.2553100585938,697.8497864173737,679.7238179390005,693.3182942977804,13879200
2025-11-28,679.7238159179688,688.7868001302083,679.7238159179688,688.7868001302083,14871100
2025-12-01,684.2553100585938,688.786802178187,679.7238179390005,679.7238179390005,18503100
2025-12-02,688.7868041992188,693.3182963321083,679.7238199334395,684.2553120663291,26063300
2025-12-03,693.318359375,697.8498519199346,688.7868668300654,693.318359375,15915800
2025-12-04,688.7868041992188,697.8497884649979,684.2553120663291,693.3182963321083,27552300
2025-12-05,684.2553100585938,688.786802178187,679.7238179390005,688.786802178187,23539200
2025-12-08,684.2553100585938,693.3182942977804,679.7238179390005,688.786802178187,24979600
2025-12-09,684.2553100585938,688.786802178187,675.1923258194071,688.786802178187,33144300
2025-12-10,684.2553100585938,688.786802178187,679.7238179390005,684.2553100585938,29112800
2025-12-11,679.5035400390625,689.0070860535948,674.7517670317964,689.0070860535948,36385600
2025-12-12,679.5035400390625,689.0070860535948,674.7517670317964,679.5035400390625,15430400
2025-12-15,684.2553100585938,684.2553100585938,674.7517640855577,679.5035370720757,10558000
2025-12-16,674.7517700195312,684.2553160761444,674.7517700195312,684.2553160761444,7929000
2025-12-17,674.7517700195312,679.5035430478378,665.2482239629181,679.5035430478378,15817300
2025-12-18,674.7517700195312,679.5035430478378,669.9999969912246,674.7517700195312,9212000
2025-12-19,665.2482299804688,674.7517761230469,665.2482299804688,674.7517761230469,15574100
2025-12-22,674.7517700195312,674.7517700195312,665.2482239629181,665.2482239629181,5433400
2025-12-23,670.0,674.7517730496454,670.0,674.7517730496454,4473500
2025-12-24,670.0,674.7517730496454,665.2482269503546,670.0,8673900
2025-12-29,670.0,679.5035460992908,670.0,674.7517730496454,7618400
2025-12-30,665.2482299804688,679.503549194336,665.2482299804688,670.0000030517579,13718500
2026-01-02,674.7517700195312,679.5035430478378,665.2482239629181,669.9999969912246,10508200
2026-01-05,679.5035400390625,684.2553130463286,669.9999940245301,674.7517670317964,12774100
2026-01-06,684.2553100585938,689.0070830451117,679.5035370720757,679.5035370720757,13382000
2026-01-07,674.7517700195312,684.2553160761444,669.9999969912246,684.2553160761444,22133000
2026-01-08,670.0,679.5035460992908,670.0,674.7517730496454,21632300
2026-01-09,679.5035400390625,679.5035400390625,669.9999940245301,669.9999940245301,10920500
2026-01-12,679.5035400390625,679.5035400390625,674.7517670317964,679.5035400390625,13613500
2026-01-13,674.7517700195312,679.5035430478378,669.9999969912246,679.5035430478378,16038000
2026-01-14,670.0,679.5035460992908,670.0,674.7517730496454,18639500
2026-01-15,689.0071411132812,693.7589145002694,674.7518209523168,674.7518209523168,25738500
2026-01-19,689.0071411132812,693.7589145002694,679.503594339305,689.0071411132812,10569000
2026-01-20,693.7589111328125,698.5106844967358,684.2553644049658,693.7589111328125,27604800
2026-01-21,689.0071411132812,698.5106878872576,679.503594339305,693.7589145002694,20016100
2026-01-22,689.0071411132812,698.5106878872576,684.2553677262931,689.0071411132812,14342100
2026-01-23,689.0071411132812,693.7589145002694,684.2553677262931,693.7589145002694,11878400
2026-01-26,698.5106811523438,703.2624544935162,689.007134469999,693.7589078111714,18459800
2026-01-27,693.7589111328125,703.2624578606593,689.0071377688892,703.2624578606593,18022700
2026-01-28,679.5035400390625,693.758859060861,669.9999940245301,693.758859060861,37890700
2026-01-29,665.2482299804688,684.2553222656251,579.7163146972656,684.2553222656251,39042700
2026-01-30,670.0,679.5035460992908,665.2482269503546,665.2482269503546,26991600
2026-02-02,670.0,684.2553191489362,660.4964539007093,670.0,26350600
2026-02-03,670.0,679.5035460992908,665.2482269503546,674.7517730496454,21483400
2026-02-04,665.2482299804688,674.7517761230469,660.4964569091798,670.0000030517579,16254800
2026-02-05,665.2482299804688,674.7517761230469,660.4964569091798,665.2482299804688,16466500
2026-02-06,660.4964599609375,665.2482330541817,655.7446868676934,665.2482330541817,20415100
2026-02-09,655.7446899414062,660.4964630569236,650.9929168258888,655.7446899414062,17250800
2026-02-10,665.2482299804688,670.0000030517579,655.7446838378906,655.7446838378906,22239000
2026-02-11,674.7517700195312,679.5035430478378,665.2482239629181,665.2482239629181,24083300
2026-02-12,670.0,674.7517730496454,670.0,674.7517730496454,15817100
2026-02-13,670.0,674.7517730496454,670.0,670.0,9323300
2026-02-18,674.7517700195312,674.7517700195312,669.9999969912246,669.9999969912246,23000300
2026-02-19,679.5035400390625,684.2553130463286,669.9999940245301,674.7517670317964,36531700
2026-02-20,727.0213012695312,746.028394113179,679.5035691604115,679.5035691604115,109587000
2026-02-23,731.7730712890625,746.0283908596286,712.7659785283076,741.2766176694399,38645000
2026-02-24,727.0213012695312,741.2766209022672,722.2695280586192,736.5248476913551,42596100
2026-02-25,736.5248413085938,741.2766144783267,727.021294969128,727.021294969128,30070200
2026-02-26,736.5248413085938,760.283707157258,731.7730681388609,741.2766144783267,60111200
2026-02-27,746.0283813476562,755.531927606862,731.7730619588475,731.7730619588475,50612100
2026-03-02,722.26953125,741.2766241776316,722.26953125,736.5248509457236,54379500
2026-03-03,727.0213012695312,736.5248476913551,722.2695280586192,722.2695280586192,24090300
2026-03-04,708.0142211914062,731.7730876743394,703.2624478948196,727.0213143777528,39635000
2026-03-05,722.26953125,731.7730777138158,712.7659847861843,712.7659847861843,8825200
2026-03-06,722.26953125,731.7730777138158,712.7659847861843,722.26953125,29344500
2026-03-09,689.0071411132812,712.766008048222,679.503594339305,712.766008048222,41829000
2026-03-10,712.7659912109375,717.5177644856772,689.0071248372396,689.0071248372396,14550200
2026-03-11,708.0142211914062,722.2695410811662,698.5106745982331,712.7659944879929,11867100
2026-03-12,708.0142211914062,712.7659944879929,679.5035814118866,712.7659944879929,17793000
2026-03-13,689.0071411132812,703.2624612742458,684.2553677262931,703.2624612742458,26050900
2026-03-16,698.5106811523438,703.2624544935162,674.7518144464817,684.2553611288265,19580600
2026-03-17,684.2553100585938,703.2624020046658,684.2553100585938,698.5106290181477,6913200
2026-03-25,698.5106811523438,708.0142278346885,679.5035877876542,679.5035877876542,17349100
2026-03-26,679.5035400390625,703.2624050753933,679.5035400390625,698.5106320681272,6871500
2026-03-27,670.0,689.0070921985816,665.2482269503546,684.2553191489362,7554000
2026-03-30,665.2482299804688,684.2553222656251,660.4964569091798,665.2482299804688,22366800
2026-03-31,674.7517700195312,679.5035430478378,660.4964509346115,665.2482239629181,23107300
2026-04-01,665.2482299804688,679.503549194336,660.4964569091798,674.7517761230469,19607100
2026-04-02,650.992919921875,665.2482393362226,650.992919921875,665.2482393362226,11224200
2026-04-06,646.2411499023438,660.4964693854837,646.2411499023438,655.744696224437,11104000
2026-04-07,631.98583984375,650.9929327713816,617.7305201480264,646.2411595394736,30703000
2026-04-08,646.2411499023438,650.9929230633904,631.9858304192038,641.4893767412971,31822300
2026-04-09,655.7446899414062,660.4964630569236,641.4893705948539,646.2411437103714,13033600
2026-04-10,665.2482299804688,670.0000030517579,655.7446838378906,655.7446838378906,8163000
2026-04-13,674.7517700195312,679.5035430478378,660.4964509346115,665.2482239629181,9312400
2026-04-14,684.2553100585938,684.2553100585938,674.7517640855577,679.5035370720757,8837600
2026-04-15,689.0071411132812,708.0142346612339,679.503594339305,679.503594339305,21681400
2026-04-16,860.0709228515625,860.0709228515625,693.7588659465642,703.2624120554212,191899900
2026-04-17,826.8085327148438,917.0922230687635,803.0496668322332,902.8369035391972,155454900
2026-04-20,788.7943725585938,826.8085591879235,784.0425992299275,826.8085591879235,70125800
2026-04-21,779.290771484375,817.3049554592226,769.7872254906631,788.7943174780869,32637700
2026-04-22,774.5390014648438,793.5460935253307,760.2836824194785,784.0425474950872,28861400
2026-04-23,736.5248413085938,793.5461193453881,736.5248413085938,788.7943461756553,43030200
2026-04-24,784.0426025390625,803.0496959339488,736.5248690518465,736.5248690518465,127764200
2026-04-27,741.276611328125,788.7943428235177,741.276611328125,788.7943428235177,50147400
2026-04-28,755.5319213867188,774.5390137486488,736.5248290247887,755.5319213867188,45436500
2026-04-29,788.7943725585938,817.3050125305911,765.0355059152625,765.0355059152625,82244400
2026-04-30,760.28369140625,779.2907836914063,746.0283721923828,769.7872375488281,63830100
2026-05-04,741.276611328125,784.0425696739784,731.7730650290465,784.0425696739784,44816800
2026-05-05,765.0354614257812,774.5390075304493,741.2765961641111,741.2765961641111,16636800
2026-05-06,769.7872314453125,784.0425505461517,755.5319123444734,760.2836853780865,33791300
2026-05-07,731.7730712890625,784.0425763811385,727.0212980988738,784.0425763811385,36869400
2026-05-08,750.7801513671875,769.7872438068631,731.7730589275119,741.2766051473496,24763200
2026-05-11,731.7730712890625,755.5319372400062,717.5177517184964,755.5319372400062,14730800
2026-05-12,750.7801513671875,750.7801513671875,722.269512707674,727.0212858175929,22270600
2026-05-13,750.7801513671875,755.5319244771064,731.7730589275119,755.5319244771064,14394800
2026-05-14,750.7801513671875,750.7801513671875,750.7801513671875,750.7801513671875,0
2026-05-15,750.7801513671875,750.7801513671875,750.7801513671875,750.7801513671875,0
2026-05-18,769.7872314453125,769.7872314453125,731.7730471764082,750.7801393108604,30116300
2026-05-19,741.276611328125,779.2907965244391,731.7730650290465,774.5390233748999,30455700
2026-05-20,708.0142211914062,741.2766342675126,689.0071280050598,736.524860970926,30531900
2026-05-21,674.7517700195312,712.7659542459837,655.744677906305,708.0141812176771,20937100
2026-05-22,679.5035400390625,689.0070860535948,665.248221017264,669.9999940245301,8693200
2026-05-25,684.2553100585938,689.0070830451117,669.9999910990397,684.2553100585938,49931900
2026-05-26,670.0,703.2624113475177,670.0,689.0070921985816,42803700
2026-05-27,670.0,670.0,670.0,670.0,0
2026-05-28,670.0,670.0,670.0,670.0,0
2026-05-29,655.7446899414062,684.2553286345109,655.7446899414062,674.751782403476,67065800
2026-06-02,670.0,674.7517730496454,650.9929078014185,655.7446808510639,21430100
2026-06-03,680.0,700.0,675.0,695.0,41034500
2026-06-04,655.0,680.0,640.0,680.0,22146600
2026-06-05,625.0,670.0,620.0,670.0,22252000
2026-06-08,585.0,625.0,575.0,615.0,28447200
2026-06-09,640.0,640.0,585.0,590.0,21987300
2026-06-10,655.0,665.0,625.0,640.0,14878000
2026-06-11,665.0,680.0,650.0,670.0,13056900
2026-06-12,670.0,695.0,665.0,670.0,10772100
2026-06-15,700.0,710.0,680.0,680.0,11312800
2026-06-17,715.0,720.0,700.0,705.0,9705400
2026-06-18,690.0,715.0,690.0,715.0,7518500
2026-06-19,680.0,715.0,680.0,715.0,23101700
2026-06-22,685.0,690.0,675.0,690.0,8147000
2026-06-23,700.0,715.0,680.0,685.0,10115400
2026-06-24,715.0,720.0,700.0,710.0,14230100
2026-06-25,760.0,790.0,710.0,715.0,41881000
2026-06-26,765.0,780.0,750.0,755.0,14044700
2026-06-29,740.0,765.0,740.0,765.0,11281500
2026-06-30,735.0,750.0,725.0,735.0,19537400
2026-07-01,745.0,755.0,735.0,735.0,6500800
2026-07-02,735.0,760.0,735.0,745.0,4431800
2026-07-03,745.0,750.0,740.0,745.0,4854000
2026-07-06,750.0,760.0,745.0,750.0,15953500
2026-07-07,775.0,775.0,745.0,750.0,17809100
2026-07-08,755.0,765.0,745.0,745.0,31413900
2026-07-09,805.0,825.0,745.0,755.0,50524100
2026-07-10,800.0,830.0,785.0,830.0,24181200
2026-07-13,785.0,800.0,775.0,800.0,12200000
2026-07-14,780.0,790.0,760.0,780.0,14424700
2026-07-15,760.0,775.0,760.0,760.0,8879100
2026-07-16,785.0,790.0,750.0,760.0,18585200
2026-07-17,785.0,815.0,765.0,765.0,14174400
2026-07-20,785.0,790.0,770.0,770.0,9737000
2026-07-21,785.0,795.0,775.0,775.0,15979500
2026-07-22,770.0,790.0,770.0,775.0,26885800
2026-07-23,770.0,790.0,760.0,770.0,15033000
2026-07-24,760.0,765.0,755.0,760.0,5074900
2026-07-27,780.0,790.0,750.0,755.0,15729200
2026-07-28,845.0,860.0,775.0,775.0,53221800
2026-07-29,845.0,860.0,830.0,845.0,29485700
2026-07-30,920.0,930.0,850.0,855.0,86449300
2026-07-31,915.0,930.0,895.0,930.0,27325400
2026-08-03,900.0,940.0,885.0,915.0,38542300
2026-08-04,920.0,945.0,890.0,900.0,41973500
2026-08-05,935.0,960.0,915.0,930.0,61370700
2026-08-06,915.0,940.0,895.0,935.0,35927100
2026-08-07,905.0,905.0,875.0,900.0,33808400
2026-08-10,905.0,915.0,895.0,905.0,9744000
2026-08-11,875.0,915.0,870.0,915.0,20571900
2026-08-12,915.0,915.0,875.0,875.0,27031500
2026-08-13,915.0,915.0,900.0,910.0,29962800
2026-08-14,910.0,925.0,905.0,905.0,10480300
2026-08-18,930.0,935.0,910.0,925.0,15935700
2026-08-19,910.0,930.0,905.0,930.0,8535000
2026-08-20,890.0,930.0,885.0,915.0,48442400
2026-08-21,880.0,890.0,870.0,890.0,21264900
2026-08-24,860.0,885.0,850.0,885.0,33048800
2026-08-25,860.0,860.0,860.0,860.0,0
2026-08-26,880.0,885.0,835.0,850.0,25067200
2026-08-27,880.0,895.0,870.0,880.0,19257300
2026-08-28,920.0,925.0,880.0,885.0,18500900
2026-08-31,930.0,935.0,900.0,920.0,27022300
2026-09-01,980.0,990.0,905.0,930.0,54484600
2026-09-02,950.0,985.0,940.0,980.0,14397400
2026-09-03,965.0,975.0,950.0,955.0,8211400
2026-09-04,950.0,975.0,930.0,965.0,11217200
2026-09-07,1015.0,1035.0,925.0,950.0,56741600
2026-09-08,1020.0,1040.0,985.0,1025.0,36476000
2026-09-09,1010.0,1025.0,1000.0,1020.0,17206500
2026-09-10,1010.0,1025.0,1005.0,1025.0,12137600
2026-09-11,1005.0,1015.0,975.0,1000.0,15006800
2026-09-14,995.0,1010.0,985.0,1005.0,23806200
2026-09-15,980.0,1010.0,980.0,1005.0,11535500
2026-09-16,980.0,1005.0,900.0,985.0,18502600
2026-09-17,985.0,990.0,970.0,980.0,8376000
2026-09-18,965.0,995.0,940.0,985.0,48255600
2026-09-21,950.0,965.0,935.0,965.0,9030200
2026-09-22,935.0,950.0,925.0,945.0,17250100
2026-09-23,955.0,965.0,915.0,945.0,28051900
2026-09-24,950.0,985.0,950.0,960.0,29457300
2026-09-25,970.0,970.0,950.0,955.0,6781100
2026-09-28,940.0,970.0,935.0,970.0,5921100
2026-09-29,930.0,940.0,920.0,940.0,349400
