date,Close,High,Low,Open,Volume
2018-06-01,2187.78271484375,2187.78271484375,2187.78271484375,2187.78271484375,0
2018-06-04,2288.637451171875,2304.153637281515,2203.298427568856,2203.298427568856,80221000
2018-06-05,2280.879638671875,2311.9120147082267,2257.6053566446108,2311.9120147082267,73520200
2018-06-06,2273.121337890625,2288.637524497387,2265.363244587244,2265.363244587244,72158600
2018-06-07,2288.637451171875,2296.395544226695,2273.1212650622356,2288.637451171875,49787600
2018-06-08,2156.75,2296.3956834532373,2156.75,2296.3956834532373,134418800
2018-06-11,2156.75,2156.75,2156.75,2156.75,0
2018-06-12,2156.75,2156.75,2156.75,2156.75,0
2018-06-13,2156.75,2156.75,2156.75,2156.75,0
2018-06-14,2156.75,2156.75,2156.75,2156.75,0
2018-06-15,2156.75,2156.75,2156.75,2156.75,0
2018-06-18,2156.75,2156.75,2156.75,2156.75,0
2018-06-19,2156.75,2156.75,2156.75,2156.75,0
2018-06-20,2079.1689453125,2125.7175037896454,2017.1042006763057,2125.7175037896454,170142400
2018-06-21,2079.1689453125,2102.4432245510725,2040.3784799148787,2079.1689453125,109648600
2018-06-22,2079.1689453125,2086.927038392024,2048.1365729944027,2079.1689453125,90954000
2018-06-25,2079.1689453125,2102.4432245510725,2040.3784799148787,2094.685131471548,59331600
2018-06-26,2055.894775390625,2094.6852428508255,2040.3785884065446,2040.3785884065446,55935600
2018-06-27,2048.136962890625,2079.1693411162405,2048.136962890625,2063.6531520034328,51148600
2018-06-28,2017.104248046875,2086.9270874023437,1993.8299682617187,2086.9270874023437,109565000
2018-06-29,2125.7177734375,2125.7177734375,2048.136832801095,2094.685397182938,82868000
2018-07-02,2024.8624267578125,2164.5081113618,2024.8624267578125,2164.5081113618,55579800
2018-07-03,1962.7978515625,2040.378794312006,1962.7978515625,2009.3464172122035,74286400
2018-07-04,2048.136962890625,2055.895057447029,1947.2817336573746,1986.072206439394,54066400
2018-07-05,2024.8624267578125,2048.1367075251437,1970.5557716340397,2017.1043331687022,49814600
2018-07-06,1955.03955078125,2009.346204969618,1955.03955078125,1986.0719246031745,51696400
2018-07-09,1993.830078125,2024.8624528818093,1955.0396096789884,1970.555797057393,111683800
2018-07-10,2001.587890625,2040.3783536216088,1978.313612827035,2017.1040758236436,87662000
2018-07-11,1970.555908203125,1978.314002329909,1939.5235316959893,1955.0397199495571,71600600
2018-07-12,2001.587890625,2001.5878906250002,1955.03933502907,1955.03933502907,69482600
2018-07-13,2048.136962890625,2063.6531520034328,1993.8303009957979,1993.8303009957979,71123600
2018-07-16,2032.6201171875,2055.894393338502,1978.3134728351624,2032.6201171875002,57879600
2018-07-17,1962.7978515625,2009.3464172122035,1955.0397572875495,2001.588322937253,84860000
2018-07-18,1986.0723876953125,1993.830482959747,1955.040006637573,1962.7981019020078,46293000
2018-07-19,1978.3135986328125,2024.862153894761,1978.3135986328123,1993.8297837201285,69942000
2018-07-20,1970.555908203125,2001.588284710261,1947.2816258227733,1993.830190583477,101994800
2018-07-23,1986.0723876953125,2040.379054546356,1978.3142924308775,1986.0723876953123,80140200
2018-07-24,2024.8624267578125,2024.8624267578125,1986.0719588122606,2017.1043331687022,38980400
2018-07-25,2009.3463134765625,2032.6205950998433,2001.5882196021357,2032.6205950998433,62149400
2018-07-26,2032.6201171875,2032.6201171875002,2009.3458410364983,2017.1039330868323,57947800
2018-07-27,2040.3785400390625,2040.3785400390627,2017.1042601146628,2040.3785400390627,35688800
2018-07-30,2086.927001953125,2086.927001953125,2032.6203513446794,2040.3784442887431,54608200
2018-07-31,2063.652587890625,2086.926865197662,2040.3783105835878,2086.926865197662,66929400
2018-08-01,2172.266357421875,2172.266357421875,2071.4111336844308,2079.1692278180803,110824000
2018-08-02,2187.78271484375,2226.5731885111927,2148.9922411763077,2172.266525376773,61392400
2018-08-03,2234.33056640625,2242.0886586507163,2172.265828450521,2172.265828450521,63550400
2018-08-06,2265.36328125,2304.153748394692,2234.3309075342468,2242.089000963185,102478600
2018-08-07,2234.33056640625,2304.1533966064453,2234.33056640625,2265.3629353841147,102967800
2018-08-08,2273.121337890625,2273.121337890625,2203.2984981601962,2242.088964677101,48967400
2018-08-09,2257.605224609375,2280.879505275451,2234.3309439432987,2234.3309439432987,28914800
2018-08-10,2280.879638671875,2304.153920699139,2265.3634506536987,2273.1215446627866,36267800
2018-08-13,2148.991943359375,2249.8471609177573,2125.717662384364,2234.330973601083,82658400
2018-08-14,2086.927001953125,2141.2336525615706,2079.1689090090613,2133.475559617507,122915000
2018-08-15,2110.201416015625,2117.959509456859,2024.862388162052,2094.685229133157,82042800
2018-08-16,2079.1689453125,2102.4432245510725,2048.1365729944027,2094.685131471548,42463600
2018-08-17,2079.1689453125,2079.1689453125,2079.1689453125,2079.1689453125,0
2018-08-20,2086.927001953125,2156.749838449698,2079.1689090090613,2156.749838449698,81139200
2018-08-21,2079.1689453125,2102.4432245510725,2071.4108522329757,2094.685131471548,62399200
2018-08-22,2079.1689453125,2079.1689453125,2079.1689453125,2079.1689453125,0
2018-08-23,2125.7177734375,2125.7177734375,2079.169209055657,2110.201585310219,98059800
2018-08-24,2102.443603515625,2125.7178869493773,2094.6855090377076,2110.2016979935424,75683200
2018-08-27,2164.50830078125,2164.50830078125,2102.4435466369846,2117.9597351730513,84503200
2018-08-28,2172.266357421875,2180.0244515555246,2141.233980887277,2172.266357421875,80591200
2018-08-29,2172.266357421875,2180.0244515555246,2148.9920750209267,2164.5082632882254,55272600
2018-08-30,2125.7177734375,2180.0244318829837,2110.201585310219,2172.266337819343,52753200
2018-08-31,2141.233642578125,2141.233642578125,2071.4108064070992,2079.168899314991,110408200
2018-09-03,2079.1689453125,2141.233689948694,2079.1689453125,2141.233689948694,55590200
2018-09-04,2040.3785400390625,2094.685193195996,2001.5880734983962,2086.9270998878624,59803000
2018-09-05,1962.7978515625,2024.8626057621047,1924.007380187747,2017.1045114871542,83838600
2018-09-06,2032.6201171875,2032.6201171875002,1924.0068284828246,1924.0068284828246,96306200
2018-09-07,2055.894775390625,2063.652868882665,2001.5881209463444,2017.1043079304245,75525400
2018-09-10,2040.3785400390625,2048.136633347196,1993.8299801902629,2017.1042601146628,37301800
2018-09-11,2040.3785400390625,2040.3785400390627,2040.3785400390627,2040.3785400390627,0
2018-09-12,1978.3135986328125,2055.8945240693934,1978.3135986328123,2040.3783389820771,46357000
2018-09-13,2040.3785400390625,2055.894726655329,2001.5880734983962,2009.3461668065295,36668600
2018-09-14,2094.685302734375,2094.685302734375,2048.136740451389,2071.4110215928818,30656000
2018-09-17,2001.587890625,2071.4107240188955,1993.8297980256784,2063.652631419574,88368200
2018-09-18,1978.3135986328125,2024.862153894761,1962.7974135454963,2001.5878762637867,101172800
2018-09-19,1986.0723876953125,2001.588578224182,1978.3142924308775,2001.588578224182,42616400
2018-09-20,2071.410888671875,2071.410888671875,1993.8299565118796,1993.8299565118796,99827000
2018-09-21,2125.7177734375,2156.750149692062,2086.9273031192974,2094.685397182938,124841800
2018-09-24,2094.685302734375,2141.233865017361,2071.4110215928818,2125.717677589699,81188200
2018-09-25,2055.894775390625,2094.6852428508255,2024.8624014224645,2071.410962374705,46091400
2018-09-26,2048.136962890625,2086.9274356726446,2040.3788683342211,2040.3788683342211,32016600
2018-09-27,2055.894775390625,2086.9271493587853,2032.6204949145047,2048.136681898585,82349800
2018-09-28,2086.927001953125,2094.6850948971887,2048.136537232807,2048.136537232807,101686800
2018-10-01,2079.1689453125,2110.201317630597,2048.1365729944027,2048.1365729944027,66513400
2018-10-02,2001.587890625,2079.168816618217,1993.8297980256784,2079.168816618217,120652800
2018-10-03,2017.104248046875,2040.3785278320313,1986.071875,1986.071875,68383400
2018-10-04,1931.7652587890625,1993.8300060593938,1931.7652587890625,1986.0719126506024,116478400
2018-10-05,1947.281494140625,1970.5557749470865,1916.2491197320094,1931.7653069363173,67792400
2018-10-08,1924.0072021484375,1955.039576376638,1924.0072021484375,1947.2814828195878,55327600
2018-10-09,1970.555908203125,1978.314002329909,1924.0073434424214,1924.0073434424214,40331400
2018-10-10,2009.3463134765625,2024.8625012254165,1978.3139379788552,1986.072031853282,39230800
2018-10-11,1947.281494140625,1970.5557749470865,1924.0072133341632,1939.5234005384712,64054000
2018-10-12,1986.0723876953125,2009.3466734886167,1947.2819113731382,1947.2819113731382,70448200
2018-10-15,1978.3135986328125,2024.862153894761,1978.3135986328123,2017.104061351103,40880400
2018-10-16,2017.104248046875,2017.104248046875,1986.071875,1986.071875,29777600
2018-10-17,2040.3785400390625,2063.6528199634627,2024.862353422796,2048.136633347196,43108000
2018-10-18,2017.104248046875,2048.13662109375,1986.071875,2017.104248046875,39270000
2018-10-19,2001.587890625,2017.1040758236436,1978.313612827035,2001.5878906250002,47990000
2018-10-22,2001.587890625,2024.8621684229652,1978.313612827035,2001.5878906250002,36415600
2018-10-23,1993.830078125,2009.3462655034048,1993.830078125,2001.5881718142023,25707400
2018-10-24,1962.7978515625,2009.3464172122035,1962.7978515625,1993.8302286623025,33969400
2018-10-25,2009.3463134765625,2009.3463134765627,1939.5234686067208,1939.5234686067208,62781600
2018-10-26,2001.587890625,2017.1040758236436,1986.0717054263566,2009.3459832243218,39723200
2018-10-29,1986.0723876953125,2017.1047687530515,1986.0723876953123,1993.830482959747,40472000
2018-10-30,2024.8624267578125,2024.8624267578125,1993.830052401371,2017.1043331687022,34731200
2018-10-31,2125.7177734375,2125.7177734375,2032.6206446738138,2040.3787387374543,111265400
2018-11-01,2242.089111328125,2280.8795803822445,2133.4757979765895,2141.2338917874135,185151800
2018-11-02,2304.15380859375,2327.428089488636,2203.2985913825755,2273.1214340672345,143785200
2018-11-05,2288.637451171875,2296.395544226695,2249.8469858977755,2296.395544226695,56013400
2018-11-06,2280.879638671875,2319.670108717315,2249.847262635523,2319.670108717315,124000800
2018-11-07,2280.879638671875,2296.395826690051,2234.331074617347,2288.637732680963,92281000
2018-11-08,2327.42822265625,2335.1863167317706,2288.6377522786456,2296.3958463541667,130444200
2018-11-09,2242.089111328125,2273.1214865714205,2218.814829895653,2249.847205138949,123465600
2018-11-12,2164.50830078125,2242.0892434615816,2164.50830078125,2242.0892434615816,65689800
2018-11-13,2218.814697265625,2226.5727906127076,2110.2013904064684,2110.2013904064684,85750000
2018-11-14,2211.056884765625,2265.3635450932015,2211.056884765625,2257.605450760691,68203400
2018-11-15,2296.3955078125,2311.911693676098,2218.81457849451,2249.8469502217063,115193000
2018-11-16,2311.911865234375,2366.2185197868603,2288.637584711881,2319.669958741873,113146000
2018-11-19,2319.670166015625,2350.7025428185098,2265.3635066105767,2327.428260216346,52926800
2018-11-20,2319.670166015625,2319.670166015625,2319.670166015625,2319.670166015625,0
2018-11-21,2257.605224609375,2273.121411720092,2187.7823826111467,2242.0890374986575,121808800
2018-11-22,2273.121337890625,2296.395617800768,2226.572778070339,2257.605151283863,89601400
2018-11-23,2265.36328125,2296.3956549657532,2257.6051878210615,2280.8794681078766,82350000
2018-11-26,2288.637451171875,2296.395544226695,2249.8469858977755,2249.8469858977755,62934800
2018-11-27,2311.911865234375,2327.428052249371,2280.879491204383,2288.637584711881,61028800
2018-11-28,2296.3955078125,2327.427879539696,2273.121229017103,2327.427879539696,67675000
2018-11-29,2373.976806640625,2373.976806640625,2327.4282418045345,2327.4282418045345,141202600
2018-11-30,2296.3955078125,2366.218344198691,2296.3955078125,2350.702158335093,148482800
2018-12-03,2358.460693359375,2397.2511652896283,2342.944504587274,2342.944504587274,136684600
2018-12-04,2373.976806640625,2373.976806640625,2342.9444300832315,2350.70252422258,60153200
2018-12-05,2350.702392578125,2358.4604862830033,2335.1862051683684,2358.4604862830033,73322400
2018-12-06,2319.670166015625,2335.1863544170674,2296.3958834134614,2296.3958834134614,74092000
2018-12-07,2327.42822265625,2366.218693033854,2319.670128580729,2350.7025048828123,41692800
2018-12-10,2304.15380859375,2335.186183120265,2280.8795276988635,2288.6376213304925,41105200
2018-12-11,2311.911865234375,2319.669958741873,2296.395678219379,2311.911865234375,55657400
2018-12-12,2319.670166015625,2342.9444486177886,2304.1539776141826,2319.670166015625,80631400
2018-12-13,2389.4931640625,2389.4931640625,2311.912217177354,2327.4284065543834,92920000
2018-12-14,2350.702392578125,2373.97667369276,2335.1862051683684,2373.97667369276,68756400
2018-12-17,2296.3955078125,2350.702158335093,2296.3955078125,2311.911693676098,78685000
2018-12-18,2280.879638671875,2280.879638671875,2249.847262635523,2249.847262635523,98608800
2018-12-19,2304.15380859375,2319.6699958570075,2280.8795276988635,2280.8795276988635,89550000
2018-12-20,2265.36328125,2304.153748394692,2257.6051878210615,2304.153748394692,61216000
2018-12-21,2242.089111328125,2265.3633927605965,2226.572923706477,2249.847205138949,98207400
2018-12-24,2242.089111328125,2242.089111328125,2242.089111328125,2242.089111328125,0
2018-12-25,2242.089111328125,2242.089111328125,2242.089111328125,2242.089111328125,0
2018-12-26,2242.089111328125,2249.847205138949,2203.298642274005,2218.814829895653,52356800
2018-12-27,2257.605224609375,2280.879505275451,2249.8471310540162,2273.121411720092,48514400
2018-12-28,2288.637451171875,2311.911730336335,2273.1212650622356,2280.8793581170553,97081600
2018-12-31,2288.637451171875,2288.637451171875,2288.637451171875,2288.637451171875,0
2019-01-01,2288.637451171875,2288.637451171875,2288.637451171875,2288.637451171875,0
2019-01-02,2273.121337890625,2296.395617800768,2249.847057980482,2296.395617800768,45319200
2019-01-03,2226.57275390625,2280.879406440549,2203.2984742486933,2257.605126782992,74174000
2019-01-04,2311.911865234375,2311.911865234375,2218.8147431444004,2226.572836651898,78514000
2019-01-07,2304.15380859375,2350.7023703835225,2304.15380859375,2327.428089488636,53624800
2019-01-08,2280.879638671875,2319.670108717315,2280.879638671875,2304.153920699139,80073200
2019-01-09,2350.702392578125,2350.702392578125,2296.395736643977,2327.42811146349,104903400
2019-01-10,2389.4931640625,2389.4931640625,2342.9445959314126,2366.2188799969563,130603200
2019-01-11,2389.4931640625,2420.5255428165588,2381.7350693739854,2405.009353439529,88899400
2019-01-14,2389.4931640625,2405.009353439529,2373.976974685471,2405.009353439529,71320000
2019-01-15,2420.52490234375,2420.52490234375,2373.976346529447,2405.0087170723154,86697200
2019-01-16,2420.52490234375,2428.282994979467,2381.734439165164,2420.52490234375,78625600
2019-01-17,2443.79931640625,2498.1059678819447,2420.525037202381,2420.525037202381,101961200
2019-01-18,2443.79931640625,2459.315502542163,2428.2831302703376,2451.5574094742065,56790000
2019-01-21,2420.52490234375,2451.557272886618,2420.52490234375,2428.282994979467,111624400
2019-01-22,2405.009033203125,2420.525220514113,2373.976658581149,2397.250939547631,123558000
2019-01-23,2319.670166015625,2389.4930138221152,2319.670166015625,2350.7025428185098,162196000
2019-01-24,2319.670166015625,2327.428260216346,2304.1539776141826,2319.670166015625,179821400
2019-01-25,2288.637451171875,2335.1860095007946,2265.3631720074154,2319.6698233911548,143184800
2019-01-28,2226.57275390625,2304.1536860981055,2195.540381029508,2288.637499659734,207013400
2019-01-29,2211.056884765625,2249.84735642818,2187.7826017680923,2226.5730734306467,162587800
2019-01-30,2249.84716796875,2273.1214490167026,2211.0566995554955,2211.0566995554955,175565200
2019-01-31,2311.911865234375,2319.669958741873,2257.6052106818897,2273.1213976968857,214008600
2019-02-01,2358.460693359375,2366.2187877454257,2319.670221429122,2327.428315815173,104295400
2019-02-04,2280.879638671875,2358.4605787627547,2280.879638671875,2327.428202726403,80919200
2019-02-05,2280.879638671875,2280.879638671875,2280.879638671875,2280.879638671875,0
2019-02-06,2319.670166015625,2335.1863544170674,2304.1539776141826,2311.912071814904,60281400
2019-02-07,2342.9443359375,2342.9443359375,2304.153866799462,2319.6700544546775,31622800
2019-02-08,2350.702392578125,2350.702392578125,2304.1538303488555,2327.42811146349,46828400
2019-02-11,2366.218505859375,2366.218505859375,2335.186132012039,2358.460412397541,72358200
2019-02-12,2304.15380859375,2381.7347449100375,2288.6376213304925,2381.7347449100375,82644200
2019-02-13,2249.84716796875,2319.6700111126074,2249.84716796875,2304.153823747306,75046400
2019-02-14,2226.57275390625,2288.637499659734,2226.57275390625,2280.879406440549,95699000
2019-02-15,2226.57275390625,2242.088940344621,2203.2984742486933,2218.8146606870646,92002800
2019-02-18,2257.605224609375,2265.3633181647333,2226.57285038794,2265.3633181647333,86216800
2019-02-19,2234.33056640625,2273.1210276285806,2211.0562896728516,2257.6048431396484,92714200
2019-02-20,2203.29833984375,2249.8468963193222,2156.7497833681778,2249.8468963193222,192881200
2019-02-21,2273.121337890625,2273.121337890625,2203.2984981601962,2211.056591463577,100203800
2019-02-22,2203.29833984375,2265.3630818111797,2187.7821543518926,2257.604989065251,167596800
2019-02-25,2249.84716796875,2249.84716796875,2211.0566995554955,2218.814793238146,91520000
2019-02-26,2257.605224609375,2257.605224609375,2218.814756832581,2257.605224609375,94091000
2019-02-27,2234.33056640625,2257.6048431396484,2218.814381917318,2234.33056640625,72356800
2019-02-28,2211.056884765625,2249.84735642818,2203.298790433114,2242.089262095669,84980200
2019-03-01,2226.57275390625,2242.088940344621,2211.0565674678787,2218.8146606870646,47003200
2019-03-04,2203.29833984375,2226.5726180815363,2203.29833984375,2226.5726180815363,29659800
2019-03-05,2156.75,2211.056654676259,2110.2014388489206,2187.782374100719,223113200
2019-03-06,2195.54052734375,2195.54052734375,2133.475777454174,2172.2662461351592,94977600
2019-03-07,2195.54052734375,2195.54052734375,2195.54052734375,2195.54052734375,0
2019-03-08,2141.233642578125,2187.7822000254755,2141.233642578125,2187.7822000254755,71523400
2019-03-11,2125.7177734375,2156.750149692062,2117.9596793738597,2156.750149692062,53912400
2019-03-12,2086.927001953125,2133.475559617507,2071.4108160649976,2117.95937372938,60509600
2019-03-13,2079.1689453125,2110.201317630597,2063.6527591534514,2110.201317630597,55730600
2019-03-14,2141.233642578125,2148.9917354860168,2086.9269922228827,2110.201270946558,44212200
2019-03-15,2203.29833984375,2203.29833984375,2148.9916906222493,2148.9916906222493,71744400
2019-03-18,2203.29833984375,2242.0888035733938,2180.024061605964,2218.8145253356074,52140200
2019-03-19,2288.637451171875,2296.395544226695,2218.814613678496,2226.572706733316,158696000
2019-03-20,2296.3955078125,2311.911693676098,2265.363136085304,2296.3955078125,51652800
2019-03-21,2319.670166015625,2335.1863544170674,2311.912071814904,2327.428260216346,68829800
2019-03-22,2311.911865234375,2327.428052249371,2304.153771726877,2319.669958741873,45259400
2019-03-25,2226.57275390625,2273.1213132213634,2226.57275390625,2249.8470335638067,45751600
2019-03-26,2265.36328125,2280.8794681078766,2257.6051878210615,2257.6051878210615,28799400
2019-03-27,2242.089111328125,2304.1538618147165,2242.089111328125,2304.1538618147165,38906600
2019-03-28,2288.637451171875,2288.637451171875,2249.8469858977755,2265.3631720074154,47868600
2019-03-29,2319.670166015625,2327.428260216346,2273.121600811298,2296.3958834134614,71140200
2019-04-01,2327.42822265625,2335.1863167317706,2311.9120345052083,2327.42822265625,57890600
2019-04-02,2304.15380859375,2335.186183120265,2273.1214340672345,2335.186183120265,36872800
2019-04-03,2304.15380859375,2304.15380859375,2304.15380859375,2304.15380859375,0
2019-04-04,2381.734375,2389.49246742671,2327.427728013029,2327.427728013029,119083400
2019-04-05,2342.9443359375,2381.734805075538,2342.9443359375,2381.734805075538,40534200
2019-04-08,2327.42822265625,2358.4605989583333,2288.6377522786456,2358.4605989583333,45862600
2019-04-09,2381.734375,2397.2505598534203,2342.9439128664494,2350.7020052931593,61437800
2019-04-10,2342.9443359375,2381.734805075538,2335.1862421098926,2373.976711247931,30552600
2019-04-11,2296.3955078125,2358.4602512668916,2296.3955078125,2350.702158335093,70389000
2019-04-12,2273.121337890625,2296.395617800768,2265.363244587244,2280.879431194006,53372400
2019-04-15,2280.879638671875,2311.9120147082267,2273.1215446627866,2296.395826690051,48251000
2019-04-16,2366.218505859375,2366.218505859375,2280.879477779201,2288.637571241035,143066800
2019-04-17,2366.218505859375,2366.218505859375,2366.218505859375,2366.218505859375,0
2019-04-18,2420.52490234375,2521.3801066080728,2412.7668097080327,2420.52490234375,243343400
2019-04-19,2420.52490234375,2420.52490234375,2420.52490234375,2420.52490234375,0
2019-04-22,2405.009033203125,2443.7995014805947,2373.976658581149,2420.525220514113,69981800
2019-04-23,2381.734375,2412.76674470684,2381.734375,2389.49246742671,65384600
2019-04-24,2381.734375,2397.2505598534203,2366.2181901465797,2389.49246742671,55408400
2019-04-25,2373.976806640625,2381.7349007799735,2342.9444300832315,2373.976806640625,111185200
2019-04-26,2397.2509765625,2420.5252578883496,2319.6700388096683,2342.944320135518,150697400
2019-04-29,2412.767333984375,2420.525428305868,2381.734956698402,2389.4930510198956,112773000
2019-04-30,2397.2509765625,2443.7995392141993,2397.2509765625,2428.283351663633,103243000
2019-05-01,2397.2509765625,2397.2509765625,2397.2509765625,2397.2509765625,0
2019-05-02,2389.4931640625,2397.2512587510146,2366.2188799969563,2389.4931640625,68943800
2019-05-03,2373.976806640625,2389.492994919322,2350.70252422258,2389.492994919322,60141600
2019-05-06,2335.18603515625,2350.7022214363583,2273.121290035818,2327.427942016196,100956600
2019-05-07,2373.976806640625,2381.7349007799735,2342.9444300832315,2381.7349007799735,68861800
2019-05-08,2335.18603515625,2350.7022214363583,2311.9117557360883,2327.427942016196,79916800
2019-05-09,2327.42822265625,2350.7025048828123,2311.9120345052083,2311.9120345052083,90947000
2019-05-10,2319.670166015625,2350.7025428185098,2288.6377892127402,2342.9444486177886,65009400
2019-05-13,2335.18603515625,2373.97650085652,2327.427942016196,2350.7022214363583,83342800
2019-05-14,2311.911865234375,2335.186145756869,2296.395678219379,2311.911865234375,85983800
2019-05-15,2304.15380859375,2358.4604640151515,2304.15380859375,2335.186183120265,112972400
2019-05-16,2280.879638671875,2311.9120147082267,2249.847262635523,2280.879638671875,86481000
2019-05-17,2195.54052734375,2327.428120859099,2195.54052734375,2327.428120859099,59716600
2019-05-20,2242.089111328125,2257.605298949773,2164.508173219885,2172.266267030709,93447200
2019-05-21,2249.84716796875,2280.8795426993534,2195.540512190194,2257.6052616514007,128877200
2019-05-22,2265.36328125,2296.3956549657532,2242.089000963185,2273.1213746789385,88253000
2019-05-23,2350.702392578125,2358.4604862830033,2273.1214555293423,2280.8795492342206,65668800
2019-05-24,2389.4931640625,2412.7674481280437,2350.702690619927,2358.4607853084417,99151200
2019-05-27,2474.777587890625,2474.777587890625,2410.7056762300263,2434.7326431027504,144611000
2019-05-28,2362.65185546875,2466.7687168961866,2354.642866128178,2466.7687168961866,298780800
2019-05-29,2418.71484375,2418.71484375,2370.660906456954,2386.6788855546356,89397400
2019-05-30,2418.71484375,2418.71484375,2418.71484375,2418.71484375,0
2019-05-31,2458.759521484375,2490.795476161696,2418.714578137724,2434.7325554763847,173453000
2019-06-03,2458.759521484375,2458.759521484375,2458.759521484375,2458.759521484375,0
2019-06-04,2458.759521484375,2458.759521484375,2458.759521484375,2458.759521484375,0
2019-06-05,2458.759521484375,2458.759521484375,2458.759521484375,2458.759521484375,0
2019-06-06,2458.759521484375,2458.759521484375,2458.759521484375,2458.759521484375,0
2019-06-07,2458.759521484375,2458.759521484375,2458.759521484375,2458.759521484375,0
2019-06-10,2514.82275390625,2546.8587125547374,2506.8137642441284,2514.82275390625,208042400
2019-06-11,2522.83154296875,2530.8405319940475,2498.8045758928574,2522.83154296875,107140400
2019-06-12,2522.83154296875,2530.8405319940475,2498.8045758928574,2530.8405319940475,69330800
2019-06-13,2506.8134765625,2530.8404427915334,2466.768532847444,2522.831454048522,63482400
2019-06-14,2506.8134765625,2522.831454048522,2498.8044878194887,2522.831454048522,61672200
2019-06-17,2498.804443359375,2530.8403977614184,2498.804443359375,2530.8403977614184,47269400
2019-06-18,2514.82275390625,2522.831743568372,2490.7957849198847,2490.7957849198847,104106200
2019-06-19,2554.86767578125,2562.8766653605016,2522.831717464244,2530.840707043495,156615200
2019-06-20,2546.85888671875,2578.8948475579796,2538.8498965089425,2562.876867138365,93589200
2019-06-21,2554.86767578125,2570.8856549397533,2530.840707043495,2562.8766653605016,145919600
2019-06-24,2554.86767578125,2570.8856549397533,2530.840707043495,2530.840707043495,70252200
2019-06-25,2546.85888671875,2570.885857348172,2538.8498965089425,2570.885857348172,59303200
2019-06-26,2546.85888671875,2562.876867138365,2514.8229258795204,2514.8229258795204,72115200
2019-06-27,2562.876708984375,2578.894688415527,2554.8677192687987,2554.8677192687987,63152000
2019-06-28,2570.88525390625,2578.894242236176,2554.8672772463983,2570.88525390625,61888000
2019-07-01,2562.876708984375,2586.9036781311033,2554.8677192687987,2578.894688415527,61455600
2019-07-02,2570.88525390625,2578.894242236176,2554.8672772463983,2578.894242236176,64875600
2019-07-03,2570.88525390625,2570.88525390625,2546.8582889164722,2546.8582889164722,93933600
2019-07-04,2570.88525390625,2578.894242236176,2562.8762655763244,2578.894242236176,31578600
2019-07-05,2506.8134765625,2570.8853865065894,2474.7775215904553,2538.8494315345447,186756200
2019-07-08,2522.83154296875,2522.83154296875,2474.7776088169644,2482.786597842262,105905600
2019-07-09,2530.840576171875,2538.849565336976,2498.8046195114716,2506.8136086765726,88590800
2019-07-10,2546.85888671875,2562.876867138365,2538.8498965089425,2546.85888671875,100964600
2019-07-11,2562.876708984375,2578.894688415527,2554.8677192687987,2570.8856986999513,70231200
2019-07-12,2586.9033203125,2602.921297528057,2570.8853430969425,2578.894331704721,73474000
2019-07-15,2610.9306640625,2618.9396538295628,2594.9126845283745,2610.9306640625,89444800
2019-07-16,2586.9033203125,2602.921297528057,2554.8673658813855,2586.9033203125,146626400
2019-07-17,2554.86767578125,2578.8946445190045,2546.8586862019984,2562.8766653605016,128231000
2019-07-18,2514.82275390625,2546.8587125547374,2506.8137642441284,2530.8407332304937,142262000
2019-07-19,2522.83154296875,2530.8405319940475,2498.8045758928574,2498.8045758928574,104530000
2019-07-22,2490.7958984375,2506.8138784917605,2482.78690841037,2498.80488846463,82851000
2019-07-23,2466.76904296875,2514.822985364245,2466.76904296875,2506.813994964996,74981800
2019-07-24,2466.76904296875,2506.813994964996,2466.76904296875,2466.76904296875,65565800
2019-07-25,2498.804443359375,2498.804443359375,2466.768488957332,2474.7774775578428,77462000
2019-07-26,2482.78662109375,2490.795610194052,2442.7416755922377,2450.7506646925403,62727400
2019-07-29,2498.804443359375,2506.8134319598857,2458.759500356821,2506.8134319598857,55206400
2019-07-30,2546.85888671875,2554.8678769285575,2474.7779748304833,2498.804945459906,87075600
2019-07-31,2554.86767578125,2554.86767578125,2498.804748726489,2522.831717464244,59008800
2019-08-01,2490.7958984375,2530.840848573151,2474.7779183832395,2522.831858546021,96731000
2019-08-02,2458.759521484375,2482.7864874923657,2434.7325554763847,2466.7685101537054,103727000
2019-08-05,2378.669921875,2450.7508285984845,2346.6339633312286,2434.732849326599,129862600
2019-08-06,2322.60693359375,2370.660870150862,2274.552997036638,2338.6249124461206,157132400
2019-08-07,2354.642822265625,2370.6608006483843,2330.615854691486,2330.615854691486,103932800
2019-08-08,2402.697021484375,2410.7060115559893,2354.643081054687,2386.679041341146,85711800
2019-08-09,2386.6787109375,2418.71466678901,2386.6787109375,2402.696688863255,39017600
2019-08-12,2370.66064453125,2402.696599187078,2354.6426672033363,2402.696599187078,69256600
2019-08-13,2354.642822265625,2418.7147357966624,2338.6248438828657,2418.7147357966624,68067800
2019-08-14,2402.697021484375,2410.7060115559893,2354.643081054687,2402.697021484375,107613000
2019-08-15,2370.66064453125,2370.66064453125,2338.6246898754225,2354.6426672033363,57456400
2019-08-16,2362.65185546875,2378.669834149894,2346.633876787606,2370.660844809322,47693000
2019-08-19,2354.642822265625,2386.6787790311437,2346.6338330742456,2386.6787790311437,38551200
2019-08-20,2362.65185546875,2386.678823490466,2338.624887447034,2378.669834149894,75396200
2019-08-21,2314.59814453125,2354.6430951286766,2314.59814453125,2346.6341050091914,49841400
2019-08-22,2314.59814453125,2346.6341050091914,2290.571174172794,2338.625114889706,77652800
2019-08-23,2298.579833984375,2322.6068008901348,2290.570845015788,2322.6068008901348,44535800
2019-08-26,2258.53515625,2274.5531360815603,2242.5171764184397,2274.5531360815603,78614600
2019-08-27,2250.526123046875,2282.5620820938057,2250.526123046875,2258.5351128086077,153201600
2019-08-28,2258.53515625,2274.5531360815603,2226.4991965868794,2250.52616633422,96082400
2019-08-29,2266.544189453125,2274.553179521864,2250.526209315647,2258.535199384386,63748800
2019-08-30,2322.60693359375,2322.60693359375,2266.544007610453,2282.5619864628234,106370600
2019-09-02,2298.579833984375,2314.5978119215483,2282.5618560472017,2314.5978119215483,37622200
2019-09-03,2210.48095703125,2306.5888247282605,2186.453990106997,2298.57983575351,96998200
2019-09-04,2218.489990234375,2234.507968503215,2194.4630228311144,2234.507968503215,74434600
2019-09-05,2234.508056640625,2250.5260355412743,2218.4900777399753,2242.51704609095,78642800
2019-09-06,2258.53515625,2290.5711159131206,2234.5081865026596,2250.52616633422,88646000
2019-09-09,2234.508056640625,2266.544014441924,2218.4900777399753,2266.544014441924,55841400
2019-09-10,2258.53515625,2258.53515625,2210.481216755319,2210.481216755319,52070400
2019-09-11,2290.57080078125,2290.57080078125,2226.4988902698865,2242.5168678977275,80777800
2019-09-12,2290.57080078125,2346.6337224786935,2274.552823153409,2322.606756036932,84564600
2019-09-13,2306.588623046875,2322.6065995958115,2282.56165822347,2314.5976113213433,28700200
2019-09-16,2242.51708984375,2274.553048270089,2218.4901210239955,2258.5350690569194,66615800
2019-09-17,2234.508056640625,2274.553003892249,2218.4900777399753,2218.4900777399753,70992200
2019-09-18,2306.588623046875,2306.588623046875,2258.5346934000654,2266.5436816745337,53708400
2019-09-19,2274.552734375,2298.5796998789615,2266.5437458736797,2298.5796998789615,35941600
2019-09-20,2266.544189453125,2290.571159659342,2234.508229178169,2274.553179521864,104743400
2019-09-23,2242.51708984375,2274.553048270089,2226.49911063058,2258.5350690569194,49012600
2019-09-24,2226.4990234375,2234.508012730441,2194.4630662657373,2218.4900341445596,52110000
2019-09-25,2210.48095703125,2242.5169129302535,2202.471968056499,2234.5079239555025,37565400
2019-09-26,2274.552734375,2274.552734375,2226.4988033670775,2242.5167803697186,45471400
2019-09-27,2234.508056640625,2258.535024991599,2226.4990671903,2242.51704609095,44329400
2019-09-30,2234.508056640625,2234.508056640625,2210.4810882896504,2210.4810882896504,58294000
2019-10-01,2210.48095703125,2258.5348908797555,2210.48095703125,2210.48095703125,31243400
2019-10-02,2090.34619140625,2226.4990084710253,2082.3372021671457,2202.472040753712,129586200
2019-10-03,2050.3017578125,2090.3467140197754,2010.2568016052246,2090.3467140197754,146789000
2019-10-04,2050.3017578125,2090.3467140197754,2026.2747840881348,2066.31974029541,69121800
2019-10-07,2034.2833251953125,2074.328272541677,2026.2743357260397,2074.328272541677,36656400
2019-10-08,2082.337158203125,2082.337158203125,2034.283223783053,2034.283223783053,104992000
2019-10-09,2058.310302734375,2074.3282817439813,2050.301313229572,2066.319292239178,55131400
2019-10-10,2090.34619140625,2114.3731591235633,2058.3102344498325,2058.3102344498325,120255400
2019-10-11,2098.35498046875,2130.390934369036,2074.3280150435353,2082.3370035186067,96816400
2019-10-14,2114.37353515625,2138.400507146662,2082.3375725023675,2122.3825258197207,65272800
2019-10-15,2106.364013671875,2114.373002317015,2082.3370477364547,2098.355025026735,94139600
2019-10-16,2122.382080078125,2130.391069059552,2098.3551131338445,2114.3730910966983,118973800
2019-10-17,2146.408935546875,2146.408935546875,2122.381969850455,2122.381969850455,150037800
2019-10-18,2170.436279296875,2202.4722391388955,2130.3913294943495,2138.4003194548545,117544400
2019-10-21,2178.445068359375,2186.4540575812844,2146.409111471737,2178.445068359375,83622800
2019-10-22,2186.454345703125,2194.463335980426,2162.4273748712226,2194.463335980426,62050200
2019-10-23,2266.544189453125,2274.553179521864,2162.427318559519,2186.454288765736,98440400
2019-10-24,2314.59814453125,2322.6071346507356,2266.5442038143383,2282.562184053309,132797200
2019-10-25,2242.51708984375,2330.615975516183,2234.508100237165,2330.615975516183,105735200
2019-10-28,2242.51708984375,2266.5440586635045,2218.4901210239955,2242.51708984375,46389600
2019-10-29,2274.552734375,2290.570711377641,2242.5167803697186,2274.552734375,91735400
2019-10-30,2250.526123046875,2266.5441025703403,2234.5081435234097,2266.5441025703403,47667200
2019-10-31,2250.526123046875,2258.5351128086077,2210.4811742382117,2258.5351128086077,78160000
2019-11-01,2234.508056640625,2250.5260355412743,2218.4900777399753,2250.5260355412743,24366800
2019-11-04,2202.47216796875,2250.5261061789774,2202.47216796875,2242.517116477273,56584800
2019-11-05,2306.588623046875,2306.588623046875,2218.4897520277236,2226.498740302192,94253000
2019-11-06,2234.508056640625,2306.5889616935483,2186.454119938676,2298.5799722432234,113175200
2019-11-07,2242.51708984375,2250.5260794503347,2170.4361833844864,2250.5260794503347,78753600
2019-11-08,2274.552734375,2290.570711377641,2194.462849361796,2234.507791868398,76355000
2019-11-11,2258.53515625,2274.5531360815603,2234.5081865026596,2266.54414616578,45212000
2019-11-12,2250.526123046875,2274.553092332073,2218.4901639999443,2242.5171332851423,52900800
2019-11-13,2202.47216796875,2242.517116477273,2170.436209161932,2242.517116477273,75148400
2019-11-14,2202.47216796875,2210.4811576704546,2146.4092400568184,2202.47216796875,66698600
2019-11-15,2226.4990234375,2250.5259913163222,2218.4900341445596,2218.4900341445596,47017200
2019-11-18,2234.508056640625,2250.5260355412743,2202.4720988393256,2226.4990671903,61287000
2019-11-19,2290.57080078125,2290.57080078125,2226.4988902698865,2250.525856711648,67006200
2019-11-20,2274.552734375,2306.588688380282,2258.5347573723593,2290.570711377641,46727600
2019-11-21,2298.579833984375,2306.5888229529614,2226.498933267095,2242.516911204268,60944600
2019-11-22,2266.544189453125,2298.580149728081,2258.535199384386,2274.553179521864,40452800
2019-11-25,2234.508056640625,2258.535024991599,2218.4900777399753,2242.51704609095,47676200
2019-11-26,2218.489990234375,2258.5349359064758,2210.481001099955,2242.516957637635,173533200
2019-11-27,2210.48095703125,2234.5079239555025,2178.445001132246,2186.453990106997,72928800
2019-11-28,2170.436279296875,2210.4812290994005,2170.436279296875,2194.46324917839,56275200
2019-11-29,2234.508056640625,2242.51704609095,2170.436141038026,2170.436141038026,53250600
2019-12-02,2274.552734375,2290.570711377641,2218.489814865757,2234.507791868398,74561000
2019-12-03,2298.579833984375,2298.579833984375,2250.525900172855,2258.5348891414415,79039000
2019-12-04,2266.544189453125,2290.571159659342,2258.535199384386,2266.544189453125,65802200
2019-12-05,2298.579833984375,2306.5888229529614,2266.5438781100283,2274.552867078615,74217800
2019-12-06,2298.579833984375,2314.5978119215483,2282.5618560472017,2306.5888229529614,53720600
2019-12-09,2322.60693359375,2338.6249124461206,2306.5889547413794,2306.5889547413794,72098600
2019-12-10,2362.65185546875,2370.660844809322,2306.5889300847457,2306.5889300847457,132230000
2019-12-11,2354.642822265625,2370.6608006483843,2346.6338330742456,2354.642822265625,68454200
2019-12-12,2338.624755859375,2386.6786891989514,2330.6157669694458,2346.6337447493042,79738600
2019-12-13,2362.65185546875,2386.678823490466,2354.642866128178,2370.660844809322,127472400
2019-12-16,2354.642822265625,2378.6697898397642,2354.642822265625,2354.642822265625,96037400
2019-12-17,2354.642822265625,2370.6608006483843,2346.6338330742456,2354.642822265625,100790000
2019-12-18,2410.70556640625,2418.714554998962,2346.6336576645554,2354.642646257267,123281600
2019-12-19,2434.73291015625,2434.73291015625,2394.6879609760485,2410.7059406481294,112903200
2019-12-20,2466.76904296875,2466.76904296875,2418.715100573255,2418.715100573255,150472200
2019-12-23,2474.777587890625,2498.804554763349,2458.759609975475,2498.804554763349,131246800
2019-12-26,2498.804443359375,2506.8134319598857,2482.7864661583535,2490.7954547588643,140936400
2019-12-27,2482.78662109375,2506.813588394657,2474.7776319934474,2506.813588394657,58182800
2019-12-30,2458.759521484375,2498.804464831026,2450.750532815045,2474.777498823036,78005800
2020-01-02,2482.78662109375,2490.795610194052,2450.7506646925403,2458.7596537928425,37379800
2020-01-03,2474.777587890625,2506.8135437209244,2442.7416320603256,2482.7865768481997,70294600
2020-01-06,2434.73291015625,2458.759879664371,2410.7059406481294,2450.750889828331,61892000
2020-01-07,2434.73291015625,2474.7778593364515,2426.72392032021,2474.7778593364515,70895600
2020-01-08,2402.697021484375,2418.715001627604,2362.652071126302,2418.715001627604,105080600
2020-01-09,2466.76904296875,2474.7780333679993,2410.7061101740055,2418.715100573255,75587000
2020-01-10,2474.777587890625,2474.777587890625,2450.7506210179004,2466.76859893305,64231800
2020-01-13,2474.777587890625,2482.7865768481997,2450.7506210179004,2474.777587890625,75399600
2020-01-14,2482.78662109375,2498.804599294355,2466.768642893145,2498.804599294355,104134400
2020-01-15,2450.750732421875,2498.8046683517155,2434.7327537785945,2482.7866897084355,89795200
2020-01-16,2418.71484375,2458.7597914942053,2410.705854201159,2434.732822847682,145432200
2020-01-17,2474.777587890625,2482.7865768481997,2410.7056762300263,2426.7236541451757,130500200
2020-01-20,2442.74169921875,2498.8046234631147,2434.7327100409834,2498.8046234631147,24031800
2020-01-21,2466.76904296875,2482.7870237672482,2442.7420717710024,2482.7870237672482,39166600
2020-01-22,2498.804443359375,2514.822420560397,2474.7774775578428,2482.7864661583535,122175200
2020-01-23,2490.7958984375,2506.8138784917605,2466.7689283561094,2498.80488846463,83127800
2020-01-24,2538.849609375,2562.876577287066,2474.7776949428235,2506.8136521589117,154702000
2020-01-27,2474.777587890625,2554.867477466373,2466.76859893305,2546.8584885087985,98280000
2020-01-28,2482.78662109375,2506.813588394657,2434.7326864919355,2450.7506646925403,69349600
2020-01-29,2498.804443359375,2538.849386361929,2490.7954547588643,2506.8134319598857,109661000
2020-01-30,2450.750732421875,2506.813657673356,2434.7327537785945,2498.8046683517155,85395600
2020-01-31,2418.71484375,2466.7687810430466,2386.6788855546356,2458.7597914942053,157661000
2020-02-03,2402.697021484375,2426.7239916992185,2354.643081054687,2370.6610611979168,87271800
2020-02-04,2410.70556640625,2458.7594979625205,2402.696577813538,2434.7325321843855,138857400
2020-02-05,2466.76904296875,2466.76904296875,2418.715100573255,2434.733081371753,130211200
2020-02-06,2466.76904296875,2514.822985364245,2458.7600525695007,2498.805004565747,111029400
2020-02-07,2474.777587890625,2482.7865768481997,2458.759609975475,2458.759609975475,86438600
2020-02-10,2474.777587890625,2482.7865768481997,2434.7326431027504,2466.76859893305,78553800
2020-02-11,2490.7958984375,2506.8138784917605,2458.759938328979,2474.7779183832395,98520200
2020-02-12,2498.804443359375,2530.8403977614184,2490.7954547588643,2506.8134319598857,104678800
2020-02-13,2514.82275390625,2546.8587125547374,2498.8047745820063,2506.8137642441284,87904000
2020-02-14,2506.8134765625,2514.8224653055113,2482.7865103334666,2482.7865103334666,41345200
2020-02-17,2514.82275390625,2522.831743568372,2498.8047745820063,2514.82275390625,29816600
2020-02-18,2506.8134765625,2514.8224653055113,2498.8044878194887,2498.8044878194887,65442000
2020-02-19,2546.85888671875,2546.85888671875,2498.804945459906,2514.8229258795204,121614200
2020-02-20,2562.876708984375,2578.894688415527,2538.849739837646,2570.8856986999513,114537600
2020-02-21,2530.840576171875,2562.8765328322784,2506.8136086765726,2546.858554502077,91798000
2020-02-24,2490.7958984375,2506.8138784917605,2450.750948301849,2498.80488846463,128768800
2020-02-25,2498.804443359375,2530.8403977614184,2466.768488957332,2490.7954547588643,105951800
2020-02-26,2450.750732421875,2482.7866897084355,2450.750732421875,2482.7866897084355,198171000
2020-02-27,2354.642822265625,2466.7686709449404,2322.6068655001063,2450.750692562181,223088600
2020-02-28,2448.3154296875,2448.3154296875,2204.3252322272338,2271.632872905928,188868200
2020-03-02,2338.9404296875,2439.901887084083,2338.9404296875,2406.2480679518885,101550200
2020-03-03,2423.0751953125,2473.5559285481772,2364.1810065375435,2389.4213731553823,96445200
2020-03-04,2515.62353515625,2524.0369917955686,2431.4889687630643,2439.902425402383,92555400
2020-03-05,2557.6904296875,2574.517340409128,2524.0366082442433,2540.8635189658717,104748600
2020-03-06,2439.90234375,2490.3830818965516,2431.4888873922414,2490.3830818965516,72311200
2020-03-09,2212.73876953125,2355.767511288023,2212.73876953125,2355.767511288023,113132400
2020-03-10,2313.700439453125,2355.7677201704546,2237.979334161932,2237.979334161932,114052000
2020-03-11,2296.87353515625,2372.5946407108518,2229.565885774382,2330.527359847184,97168800
2020-03-12,2162.258056640625,2246.3926113737234,2094.950412854146,2179.0849675872446,91578200
2020-03-13,2137.01806640625,2179.0853511780265,2019.2296690452756,2086.537324680118,238623800
2020-03-16,2137.01806640625,2137.01806640625,2137.01806640625,2137.01806640625,0
2020-03-17,1859.3736572265625,1993.9889446275804,1859.3736572265623,1993.9889446275804,186380400
2020-03-18,1733.171875,1901.4409890776699,1733.171875,1884.6140776699028,215103400
2020-03-19,1612.0181884765625,1682.6912197041363,1612.0181884765625,1682.6912197041363,167876200
2020-03-20,1500.96044921875,1595.191150066564,1500.9604492187502,1595.191150066564,478236600
2020-03-23,1396.6336669921875,1463.9413135942207,1396.6336669921875,1463.9413135942207,59985800
2020-03-24,1299.0377197265625,1423.5568793894715,1299.0377197265625,1396.6338178407343,237296200
2020-03-26,1504.3258056640625,1541.3450089354376,1272.114439689073,1278.845203920232,386557200
2020-03-27,1662.4986572265625,1758.4120412973257,1514.4218537488928,1517.7872356461125,396812000
2020-03-30,1548.0758056640625,1628.8449781334918,1548.0758056640625,1628.8449781334918,39766600
2020-03-31,1574.9989013671875,1622.1142531174878,1497.5951092059795,1564.9027545635515,208047600
2020-04-01,1551.4410400390625,1642.3063504101137,1494.2295483239561,1564.9025675014404,152367000
2020-04-02,1598.5565185546875,1598.5565185546873,1467.3066149259867,1537.9796399568256,132225200
2020-04-03,1691.1046142578125,1691.1046142578123,1615.3835121268655,1615.3835121268655,105225600
2020-04-06,1749.9984130859375,1758.4118669950046,1649.0369661771335,1691.1042357224685,113980400
2020-04-07,1724.758544921875,1884.6142149390246,1672.5951157583843,1817.306564405488,191464600
2020-04-08,1605.2872314453125,1741.5852039265183,1605.2872314453125,1741.5852039265183,155834800
2020-04-09,1571.633544921875,1649.037338354858,1551.441250982836,1615.3835151231265,163570800
2020-04-13,1504.3258056640625,1574.9988300912332,1504.3258056640625,1574.9988300912332,115331000
2020-04-14,1537.979736328125,1561.5374128145515,1480.768236289661,1507.691295131291,132848000
2020-04-15,1480.76806640625,1578.3641435102982,1480.76806640625,1561.5372336647727,124661000
2020-04-16,1416.825927734375,1480.7681905062352,1396.6336342274717,1480.7681905062352,215224000
2020-04-17,1474.037353515625,1487.4988818582333,1420.1912401451912,1420.1912401451912,163407600
2020-04-20,1470.672119140625,1524.518237919229,1437.0182949039972,1497.595178529927,120672000
2020-04-21,1463.9412841796875,1484.1335777545796,1430.2874615548671,1470.6720487046516,92203200
2020-04-22,1511.056640625,1514.422022898107,1430.2874660704344,1457.2105242552896,126786800
2020-04-23,1514.421875,1537.979548611111,1507.691111111111,1511.0564930555556,115336400
2020-04-24,1440.3836669921875,1514.4220797815055,1440.3836669921875,1514.4220797815055,131631400
2020-04-27,1396.6336669921875,1463.9413135942207,1376.4413730115775,1450.479784273814,205382600
2020-04-28,1396.6336669921875,1426.9221079631025,1369.7106083513743,1410.0951963125942,157370600
2020-04-29,1346.15283203125,1420.1912377929686,1346.15283203125,1413.4604736328124,192650200
2020-04-30,1500.96044921875,1507.6912135650225,1366.3451622933017,1369.7105444664378,229509600
2020-05-04,1443.7489013671875,1500.9603962931599,1426.9219910948425,1500.9603962931599,80572600
2020-05-05,1420.19140625,1480.7682908767774,1399.9991113744077,1447.1144660841233,185282400
2020-05-06,1399.9989013671875,1433.652721111591,1399.9989013671875,1430.2873391371506,138733000
2020-05-08,1413.4605712890625,1450.4797767275857,1406.7298066638766,1413.4605712890625,127482200
2020-05-11,1423.5565185546875,1440.3834277574617,1410.0949911924683,1440.3834277574617,83552200
2020-05-12,1349.51806640625,1423.5564640644484,1346.1526846945137,1423.5564640644484,188578000
2020-05-13,1349.51806640625,1362.9795932531952,1312.498867577151,1342.7873029827774,134821600
2020-05-14,1329.325927734375,1349.5182203075553,1312.4990172567248,1336.0566919254352,141388800
2020-05-15,1265.383544921875,1342.7873255952875,1238.460490774601,1329.3257985216505,227234200
2020-05-18,1251.922119140625,1278.8451754662299,1231.7298268964214,1278.8451754662299,158710600
2020-05-19,1299.0377197265625,1346.1530774368525,1265.3838927906413,1265.3838927906413,199655000
2020-05-20,1369.71044921875,1386.537358914312,1288.9412826800522,1295.672046558277,237644400
2020-05-26,1379.806640625,1399.9989329268294,1366.3451124237806,1389.9027867759146,180545000
2020-05-27,1383.172119140625,1413.4605597057482,1349.518296290488,1396.6336482806798,124329600
2020-05-28,1443.7489013671875,1460.5758116395323,1396.6335526046219,1396.6335526046219,265460200
2020-05-29,1504.3258056640625,1511.0565698952216,1430.2873991213123,1443.7489275836306,350546800
2020-06-02,1554.806640625,1679.3257871685607,1524.5181995738637,1531.248964251894,207635400
2020-06-03,1635.57568359375,1665.8641221788193,1544.7103678385417,1571.6334243586034,296607800
2020-06-04,1591.82568359375,1682.6909974563953,1588.460301598837,1649.0371775072674,169836200
2020-06-05,1632.2103271484375,1638.9410913841011,1548.0757742026417,1591.8257417344555,185391000
2020-06-08,1766.82568359375,1792.0660505022322,1665.8642159598214,1682.691127232143,292605200
2020-06-09,1775.2391357421875,1834.133325079606,1733.1718576440314,1783.6525913618186,147413600
2020-06-10,1652.4027099609375,1758.4122524533398,1652.4027099609375,1749.9987966999745,289644200
2020-06-11,1578.3643798828125,1638.9412643985706,1537.9797902056403,1615.383587086887,364783800
2020-06-12,1645.6717529296875,1649.037134837519,1490.8641851694306,1544.7102956947372,289959400
2020-06-15,1588.4603271484375,1652.40258608026,1578.3641810013075,1632.2102937860002,169814600
2020-06-16,1691.1046142578125,1699.5180700501398,1622.1142767607275,1622.1142767607275,146116600
2020-06-17,1649.0372314453125,1749.9986945950254,1645.671849340322,1716.3448735451211,213944600
2020-06-18,1622.114013671875,1672.594740238427,1608.652486587461,1628.844777214082,152175200
2020-06-19,1642.306640625,1665.86431784708,1622.114345863217,1642.306640625,126356800
2020-06-22,1618.748779296875,1652.4026000722777,1615.3833972193345,1642.3064538396568,66825000
2020-06-23,1612.0181884765625,1632.2104831130123,1578.3643640824798,1632.2104831130123,95010400
2020-06-24,1733.171875,1749.9987864077668,1645.6719356796116,1645.6719356796116,278417000
2020-06-25,1691.1046142578125,1749.9988048041043,1662.4988645638991,1707.9315258424672,146123000
2020-06-26,1682.6910400390625,1733.1717712402342,1675.960275878906,1724.758316040039,85829000
2020-06-29,1662.4986572265625,1682.690948609881,1638.940983946024,1675.9601848154414,99123000
2020-06-30,1665.8641357421875,1699.5179566662723,1665.8641357421877,1691.104501435251,113994400
2020-07-01,1679.325439453125,1691.1042752007922,1652.4023863155999,1682.6908210953156,67747600
2020-07-02,1682.6910400390625,1691.1044952392576,1669.2295117187498,1675.960275878906,80606600
2020-07-03,1682.6910400390625,1707.9314056396483,1649.037219238281,1669.2295117187498,57839800
2020-07-06,1707.931396484375,1733.1717619496615,1682.6910310190888,1682.6910310190888,90019000
2020-07-07,1699.51806640625,1733.1718895034037,1699.5180664062502,1724.7584337291153,80447600
2020-07-08,1775.2391357421875,1800.479502601081,1691.1045795458754,1699.5180351655065,149466800
2020-07-09,1766.82568359375,1817.3064174107144,1749.9987723214285,1800.479506138393,98277200
2020-07-10,1741.5853271484375,1775.2391498952672,1724.7584157750225,1766.8256942085598,77850000
2020-07-13,1766.82568359375,1792.0660505022322,1758.4122279575893,1766.82568359375,72688200
2020-07-14,1783.6527099609375,1792.0661661399984,1749.9988852446934,1783.6527099609375,78259800
2020-07-15,1775.2391357421875,1825.7198694599747,1766.8256801225562,1800.479502601081,60755400
2020-07-16,1775.2391357421875,1800.479502601081,1766.8256801225562,1775.2391357421875,43859400
2020-07-17,1741.5853271484375,1783.6526055819745,1741.5853271484375,1775.2391498952672,60177000
2020-07-20,1716.3447265625,1758.4119992723652,1699.517817478554,1741.5850901884191,52111600
2020-07-21,1783.6527099609375,1834.1334470353036,1707.9316043493882,1733.1719728865712,145051400
2020-07-22,1825.7197265625,1859.37354640697,1783.6524517569123,1808.892816640265,119245000
2020-07-23,1918.267822265625,1943.5081883480673,1825.7198132966694,1842.5467240182975,145829600
2020-07-24,1884.6141357421875,1918.2679595947266,1867.787223815918,1918.2679595947266,66603400
2020-07-27,1977.162109375,1977.162109375,1867.7871841755318,1893.0275515292553,58848200
2020-07-28,1968.7486572265625,2019.2293920272434,1943.508289826222,1985.5755688267895,74524600
2020-07-29,1918.267822265625,1968.7485544305098,1909.8543669048106,1968.7485544305098,69737200
2020-07-30,1951.9215087890625,1951.9215087890625,1893.0273253342202,1926.681144451273,52644600
2020-08-03,1850.9600830078125,1977.1619068492541,1834.1331731622868,1968.7484519264913,259720800
2020-08-04,1876.200439453125,1884.613894338565,1834.1331650259249,1859.373529682245,89173800
2020-08-05,1918.267822265625,1918.2678222656248,1834.1332686574833,1867.78709010074,133844600
2020-08-06,1943.5081787109375,1977.1619999873174,1918.2678127536526,1918.2678127536526,90911200
2020-08-07,1951.9215087890625,1951.9215087890625,1893.0273253342202,1918.2676896720097,57228800
2020-08-10,1951.9215087890625,1960.3349635683257,1901.4407801134832,1951.9215087890625,50162400
2020-08-11,2010.816162109375,2052.8834458355122,1951.9219648927824,1960.3354216380098,117978200
2020-08-12,2069.7099609375,2111.777236566311,2002.4023199314024,2019.2292301829268,92910400
2020-08-13,2036.05615234375,2103.3637937435433,2036.0561523437498,2103.3637937435433,85989200
2020-08-14,2027.642578125,2052.88294216805,2002.4022140819504,2044.4694874870333,66653400
2020-08-18,2069.7099609375,2094.9503263147867,2027.6426853086891,2027.6426853086891,115981200
2020-08-19,2052.88330078125,2103.364037685707,2044.4698446305072,2078.1236692334783,64511800
2020-08-24,2019.2294921875,2078.1236857096355,1993.989123535156,2036.0564046223958,132486400
2020-08-25,2103.36376953125,2111.777224609375,2036.05612890625,2036.05612890625,132365800
2020-08-26,2137.01806640625,2137.01806640625,2078.123867725763,2103.364238588829,78703400
2020-08-27,2120.191162109375,2137.01807609437,2086.537334139385,2137.01807609437,93450200
2020-08-28,2094.950439453125,2137.01771735379,2086.536983872992,2111.7773506133913,75655000
2020-08-31,2002.402099609375,2120.1904584099266,1985.5751912092965,2094.9500958098083,222818800
2020-09-01,2061.296630859375,2061.296630859375,1977.162074497768,2010.8158970424108,85330800
2020-09-02,2044.469970703125,2086.5372540509256,2036.0565140335648,2061.2968840422454,93203600
2020-09-03,2010.816162109375,2069.7103593259676,2002.4027053641473,2044.469989090285,129014800
2020-09-04,1993.989013671875,2010.8159251796544,1968.7486464102055,2002.4024694257646,106844400
2020-09-07,1968.7486572265625,2002.4024804270164,1943.508289826222,1993.9890246269028,100673600
2020-09-08,2010.816162109375,2019.2296188546024,1977.1623351284647,1985.5757918736924,60346000
2020-09-09,1943.5081787109375,1985.5754553064123,1935.0947233918425,1985.5754553064123,98282200
2020-09-10,1808.8929443359375,1859.3736776662427,1808.8929443359375,1859.3736776662427,172775200
2020-09-11,1842.546875,1859.3737871004566,1699.5181221461187,1699.5181221461187,271155800
2020-09-14,1935.094970703125,1943.5084270974862,1842.5469503651493,1842.5469503651493,143569800
2020-09-15,1909.8541259765625,1960.3348517733,1884.6137630781939,1935.0944888749314,128927400
2020-09-16,1901.44091796875,1935.094739525719,1893.0274625795078,1935.094739525719,57936000
2020-09-17,1876.200439453125,1935.094623651205,1859.373529682245,1884.613894338565,76432000
2020-09-18,1876.200439453125,1909.854258994885,1850.9600747968047,1876.200439453125,91596600
2020-09-21,1842.546875,1893.0276113013697,1817.306506849315,1876.200699200913,52930000
2020-09-22,1783.6527099609375,1825.7199908562425,1775.2392537818764,1783.6527099609375,113596600
2020-09-23,1749.9984130859375,1808.8925904494067,1724.7580513587366,1783.6522287222056,84710800
2020-09-24,1707.931396484375,1733.1717619496615,1682.6910310190888,1699.5179413292797,121965000
2020-09-25,1800.4796142578125,1800.4796142578125,1707.9315967025043,1749.9988774094625,140455600
2020-09-28,1733.171875,1825.7198877427184,1733.171875,1817.3064320388348,99702600
2020-09-29,1707.931396484375,1766.8255825700433,1691.104486174184,1749.9986722598524,111325600
2020-09-30,1669.2296142578125,1733.1718777072044,1635.5757913897114,1716.344966273154,151529800
2020-10-01,1749.9984130859375,1749.9984130859375,1675.960018686148,1682.6907818134016,78954200
2020-10-02,1749.9984130859375,1758.4118669950046,1682.6907818134016,1741.5849591768706,99143400
2020-10-05,1800.4796142578125,1808.8930703992041,1741.5854212680708,1766.8257896922457,74300800
2020-10-06,1850.9600830078125,1867.786992853338,1834.1331731622868,1850.9600830078125,89104400
2020-10-07,1867.7869873046875,1867.7869873046875,1808.8928030203056,1817.3062579180744,88748600
2020-10-08,1834.1334228515625,1876.2007031921946,1825.7199667834361,1867.7872471240682,88763400
2020-10-09,1867.7869873046875,1876.2004422024563,1834.133167713612,1834.133167713612,90248600
2020-10-12,1893.02734375,1901.4407986111112,1867.7869791666667,1876.2004340277776,77947000
2020-10-13,1909.8541259765625,1909.8541259765627,1859.3734001798252,1893.0272173776502,69863400
2020-10-14,1943.5081787109375,1943.5081787109375,1893.0274467963677,1926.6812680727476,109787200
2020-10-15,1884.6141357421875,1935.094871520996,1884.6141357421875,1918.2679595947266,77289200
2020-10-16,1876.200439453125,1901.440804109445,1834.1331650259249,1884.613894338565,67817800
2020-10-19,1918.267822265625,1926.681277626439,1876.2005454615542,1884.6140008223683,58936200
2020-10-20,1901.44091796875,1935.094739525719,1884.6140071902655,1926.6812841364767,77213200
2020-10-21,1859.3736572265625,1926.6813009270713,1842.5467463014352,1909.8543900019442,113901800
2020-10-22,1834.1334228515625,1867.7872471240682,1817.3065107153095,1850.9603349878153,138701400
2020-10-23,1867.7869873046875,1876.2004422024563,1842.546622611381,1859.3735324069187,65900200
2020-10-26,1943.5081787109375,1968.7485446682224,1893.0274467963677,1893.0274467963677,188574400
2020-10-27,1943.5081787109375,1968.7485446682224,1918.2678127536526,1935.0947233918425,112695800
2020-11-02,2010.816162109375,2027.64307559983,1884.6143109309623,1909.8546811666447,216862800
2020-11-03,2019.2294921875,2019.2294921875,1985.5756673177082,2010.816035970052,75963400
2020-11-04,1918.267822265625,2027.6427419562087,1918.2678222656248,2002.4023758737662,152817400
2020-11-05,2010.816162109375,2019.2296188546024,1960.3354216380098,1977.1623351284647,175877400
2020-11-06,2036.05615234375,2052.8830626936983,1993.988876468879,2010.8157868188273,164219000
2020-11-09,2069.7099609375,2120.1906916920734,2036.0561404344512,2103.363781440549,122653200
2020-11-10,2145.430908203125,2195.9116354549633,2120.190544577206,2153.844362745098,249588800
2020-11-11,2145.430908203125,2187.4981809129904,2137.017453661152,2162.2578172870712,166490200
2020-11-12,2078.12353515625,2153.8446356275304,2052.88316833249,2145.4311800196106,136150600
2020-11-13,2103.36376953125,2103.36376953125,2044.469583984375,2052.8830390625,122043800
2020-11-16,2086.536865234375,2170.67141625189,2069.7099550308717,2120.190685641381,133917600
2020-11-17,2103.36376953125,2145.431044921875,2086.536859375,2111.777224609375,106261600
2020-11-18,2137.01806640625,2137.01806640625,2069.7104107714076,2069.7104107714076,124936000
2020-11-19,2128.604248046875,2137.017703572752,2086.5369704174905,2103.363881469244,94808200
2020-11-20,2120.191162109375,2137.01807609437,2103.36424812438,2111.7777051168773,100573600
2020-11-23,2153.8447265625,2162.2581825256348,2111.777446746826,2120.190902709961,106905400
2020-11-24,2162.258056640625,2187.4984230605546,2145.4311456940054,2170.671512113935,140929200
2020-11-25,2195.911865234375,2237.9791423461447,2187.4984098120212,2187.4984098120212,197704000
2020-11-26,2263.21923828125,2263.21923828125,2204.3250573594332,2221.151966194238,132275400
2020-11-27,2237.979248046875,2288.4599829652257,2229.56579222715,2280.0465271455005,124346800
2020-11-30,2128.604248046875,2229.565714357399,2094.9504259433675,2204.325347779768,307900800
2020-12-01,2195.911865234375,2229.5656869237905,2128.6042218555435,2128.6042218555435,176568000
2020-12-02,2237.979248046875,2237.979248046875,2179.085057308799,2195.9119689482495,114721600
2020-12-03,2212.73876953125,2246.392591121079,2195.9118587363355,2237.9791357236218,155342400
2020-12-04,2221.15234375,2221.15234375,2162.258152817235,2187.4985203598485,74976000
2020-12-07,2254.80615234375,2271.6330639284047,2229.5657849667678,2246.3926965514224,133585800
2020-12-08,2246.392333984375,2263.2192428531716,2221.1519706811796,2246.392333984375,70350400
2020-12-10,2288.459716796875,2305.286626479205,2263.21935227338,2280.04626195571,187847000
2020-12-11,2280.04638671875,2313.700207924931,2254.806020814114,2305.2867526233854,94541800
2020-12-14,2263.21923828125,2288.4596015334573,2246.3923294464453,2263.21923828125,94645200
2020-12-15,2254.80615234375,2263.219608136077,2221.15232917444,2254.80615234375,135663800
2020-12-16,2280.04638671875,2296.8732973218403,2263.2194761156597,2288.459842020295,97361800
2020-12-17,2313.700439453125,2313.700439453125,2280.0466148792616,2280.0466148792616,109966000
2020-12-18,2254.80615234375,2296.873431305387,2254.80615234375,2288.4599755130594,142797800
2020-12-21,2254.80615234375,2288.4599755130594,2246.3926965514224,2280.0465197207322,83174600
2020-12-22,2153.8447265625,2229.565830230713,2137.0178146362305,2212.7389183044434,165929800
2020-12-23,2137.01806640625,2221.1526359498034,2086.537324680118,2187.498808132382,110032400
2020-12-28,2195.911865234375,2212.738776079083,2120.1907664331898,2187.4984098120212,75527000
2020-12-29,2162.258056640625,2221.152244953794,2153.844601167315,2212.738789480484,57422600
2020-12-30,2128.604248046875,2195.911892253891,2128.604248046875,2195.911892253891,88941400
2021-01-04,2187.498046875,2195.911500901442,2094.9500525841345,2137.017322716346,61058000
2021-01-05,2162.258056640625,2204.325334007174,2153.844601167315,2204.325334007174,69928200
2021-01-06,2162.258056640625,2195.911878533864,2111.777323800766,2162.258056640625,87109000
2021-01-07,2179.084716796875,2195.9116258068893,2162.2578077868607,2170.6712622918676,80114200
2021-01-08,2204.3251953125,2212.738650256441,2170.671375536737,2179.0848304806777,93635600
2021-01-11,2305.286376953125,2305.286376953125,2204.324929787295,2212.7383837177804,212763000
2021-01-12,2338.9404296875,2355.767339253597,2296.873155772257,2322.113520121403,168626000
2021-01-13,2330.52734375,2381.0080804377258,2330.52734375,2372.5946243231047,107392200
2021-01-14,2305.286376953125,2372.5940083970117,2296.872923022639,2372.5940083970117,70295000
2021-01-15,2263.21923828125,2330.5268736204694,2229.56542061164,2313.6999647856646,77235600
2021-01-18,2330.52734375,2338.940799864621,2221.152414259928,2221.152414259928,119006800
2021-01-19,2347.35400390625,2364.180914328517,2305.2867278505823,2355.7674591173836,77834600
2021-01-20,2481.969482421875,2507.2098500397246,2355.7676443326272,2355.7676443326272,220934600
2021-01-21,2439.90234375,2481.969625538793,2423.075431034483,2481.969625538793,82052000
2021-01-22,2423.0751953125,2473.5559285481772,2397.8348286946616,2448.315561930339,117367200
2021-01-25,2456.72900390625,2456.72900390625,2364.180993485124,2439.902092920591,100647600
2021-01-26,2481.969482421875,2507.2098500397246,2439.902203058792,2456.7291148040254,206712400
2021-01-27,2456.72900390625,2490.3828258775684,2414.661726442102,2490.3828258775684,171581400
2021-01-28,2372.5947265625,2439.902378379876,2322.1139876994685,2406.2485524711883,135745000
2021-01-29,2212.73876953125,2431.4886098651377,2212.73876953125,2389.421332877852,334227600
2021-02-01,2254.80615234375,2263.219608136077,2086.5370364972014,2237.979240759095,242540200
2021-02-02,2179.084716796875,2288.4596253619693,2153.8443532818533,2288.4596253619693,160482800
2021-02-03,2187.498046875,2237.9787710336536,2170.671138822115,2221.1518629807692,167044600
2021-02-04,2212.73876953125,2246.392591121079,2170.6714925439637,2212.73876953125,139040400
2021-02-05,2204.3251953125,2254.805924976145,2170.671375536737,2254.805924976145,97199600
2021-02-08,2212.73876953125,2246.392591121079,2204.3253141337927,2221.1522249287073,125050800
2021-02-09,2187.498046875,2254.8056790865385,2170.671138822115,2221.1518629807692,208380400
2021-02-10,2187.498046875,2212.738408954327,2179.084592848558,2212.738408954327,102693600
2021-02-11,2187.498046875,2204.3249549278844,2187.498046875,2204.3249549278844,35879400
2021-02-15,2187.498046875,2212.738408954327,2187.498046875,2204.3249549278844,48995200
2021-02-16,2179.084716796875,2204.3250803118967,2170.6712622918676,2187.4981713018824,63202000
2021-02-17,2137.01806640625,2179.0853511780265,2120.1911524975394,2170.671894223671,117413600
2021-02-18,2103.36376953125,2153.8445,2094.950314453125,2103.36376953125,113989000
2021-02-19,2145.430908203125,2153.844362745098,2086.536726409314,2103.36363549326,102020400
2021-02-22,2145.430908203125,2187.4981809129904,2145.430908203125,2170.671271829044,107680600
2021-02-23,2128.604248046875,2145.431159098629,2120.190792520998,2120.190792520998,89107800
2021-02-24,2145.430908203125,2153.844362745098,2128.6039991191788,2137.017453661152,82498600
2021-02-25,2111.777587890625,2179.0852400943104,2111.777587890625,2162.2583270433893,133614800
2021-02-26,2069.7099609375,2128.6041468178355,2052.883050685976,2078.123416063262,246190600
2021-03-01,2212.73876953125,2221.1522249287073,2094.950393966849,2094.950393966849,220785400
2021-03-02,2221.15234375,2237.979255445076,2187.4985203598485,2237.979255445076,163296600
2021-03-03,2221.15234375,2246.3927112926135,2195.9119762073865,2246.3927112926135,78532200
2021-03-04,2204.3251953125,2237.9790150882636,2195.911740368559,2229.5655601443227,120612600
2021-03-05,2179.084716796875,2212.738534816904,2170.6712622918676,2195.9116258068893,87239000
2021-03-08,2162.258056640625,2212.738789480484,2145.4311456940054,2204.325334007174,54098000
2021-03-09,2162.258056640625,2195.911878533864,2145.4311456940054,2145.4311456940054,111838800
2021-03-10,2187.498046875,2187.498046875,2170.671138822115,2187.498046875,51903000
2021-03-12,2263.21923828125,2271.6326926986526,2204.3250573594332,2204.3250573594332,159202400
2021-03-15,2237.979248046875,2280.0465271455005,2229.56579222715,2280.0465271455005,79922400
2021-03-16,2204.3251953125,2263.219379920086,2187.4982854246186,2237.9790150882636,112248400
2021-03-17,2195.911865234375,2237.9791423461447,2195.911865234375,2221.1522315014367,50841200
2021-03-18,2288.459716796875,2305.286626479205,2229.56553290872,2229.56553290872,152427600
2021-03-19,2280.04638671875,2288.459842020295,2254.806020814114,2288.459842020295,150713800
2021-03-22,2229.5654296875,2296.873065300708,2229.5654296875,2271.632701945755,115979200
2021-03-23,2246.392333984375,2271.6326972875704,2229.5654251155784,2271.6326972875704,97289600
2021-03-24,2236.046630859375,2270.8489130517387,2227.346060311284,2262.148342503648,115254200
2021-03-25,2227.345947265625,2253.447657585144,2201.244236946106,2244.7470874786377,71666600
2021-03-26,2236.046630859375,2253.447771955557,2209.9449192151023,2244.747201407466,84478000
2021-03-29,2218.64501953125,2262.1478630514707,2218.64501953125,2227.345588235294,79520400
2021-03-30,2201.244140625,2236.046419528162,2183.843001173419,2227.3458498023715,41180600
2021-03-31,2140.340087890625,2201.2440741314153,2131.639518427655,2175.1423657425053,159155800
2021-04-01,2157.7412109375,2201.244057932208,2140.340072139617,2175.142349735383,77715200
2021-04-05,2166.44189453125,2192.5436041039156,2157.7413246736946,2192.5436041039156,39468400
2021-04-06,2183.84326171875,2192.5438324825695,2140.3404078996514,2166.4421201911105,29650600
2021-04-07,2201.244140625,2201.244140625,2175.1424314476285,2192.5435708992095,46420200
2021-04-08,2183.84326171875,2218.6455447740286,2157.7415494272905,2175.14269095493,88449600
2021-04-09,2253.447509765625,2279.549218372949,2201.2440925509773,2218.6452316225264,126420200
2021-04-12,2192.5439453125,2262.1485150049602,2183.8433741009426,2236.0468013702875,48429000
2021-04-13,2192.5439453125,2209.945087735615,2157.74166046627,2157.74166046627,76327000
2021-04-14,2201.244140625,2227.3458498023715,2175.1424314476285,2209.9447103507905,80914000
2021-04-15,2192.5439453125,2227.34623015873,2166.4422316778273,2227.34623015873,68337400
2021-04-16,2192.5439453125,2209.945087735615,2175.1428028893847,2209.945087735615,63194400
2021-04-19,2166.44189453125,2183.8430342463603,2157.7413246736946,2175.1424643888054,43598600
2021-04-20,2157.7412109375,2175.142349735383,2149.0406415385582,2157.7412109375,63882600
2021-04-21,2131.6396484375,2149.040788424745,2131.6396484375,2140.3402184311226,65425600
2021-04-22,2131.6396484375,2166.44192841199,2122.9390784438774,2149.040788424745,71452000
2021-04-23,2140.340087890625,2140.340087890625,2096.837240575775,2105.5378100387447,104928400
2021-04-26,2079.4365234375,2131.639950804132,2070.735952209728,2122.93937957636,115305000
2021-04-27,2105.537841796875,2114.2384113910766,2070.735563420067,2079.4361330142688,96850800
2021-04-28,2157.7412109375,2183.842919134325,2122.938933341734,2122.938933341734,161162600
2021-04-29,2166.44189453125,2183.8430342463603,2140.3401849585844,2166.44189453125,82870600
2021-04-30,2149.040771484375,2175.1424812594887,2131.6396316342993,2166.441911334451,69941600
2021-05-03,2105.537841796875,2140.340120173683,2088.136702608471,2122.9389809852787,65334000
2021-05-04,2122.939208984375,2122.939208984375,2079.4363563412526,2105.538067927126,56355200
2021-05-05,2105.537841796875,2140.340120173683,2105.537841796875,2140.340120173683,45851800
2021-05-06,2114.23876953125,2131.6399116673097,2096.8376273951903,2131.6399116673097,37091000
2021-05-07,2070.7353515625,2131.639332490809,2070.7353515625,2131.639332490809,65331800
2021-05-10,2079.4365234375,2096.837665893044,2070.735952209728,2096.837665893044,35481400
2021-05-11,2053.33447265625,2088.1367518538136,2035.9333330574682,2088.1367518538136,69381800
2021-05-17,2062.03515625,2088.1368670886077,2044.6340156909282,2079.436296809072,95099800
2021-05-18,2053.33447265625,2088.1367518538136,2027.2327632580773,2079.4361820544227,73965200
2021-05-19,1975.0291748046875,2035.9331581687088,1957.6280367006816,2018.5320200647027,98436000
2021-05-20,1966.328857421875,2001.1311380842092,1948.927717090708,1966.3288574218752,69610000
2021-05-21,2027.232666015625,2053.334374161749,1975.0292497233772,1992.4303884874598,140453000
2021-05-24,2001.13134765625,2044.6342030400815,2001.13134765625,2044.6342030400815,54897600
2021-05-25,2053.33447265625,2070.735612255032,2009.8316236592955,2009.8316236592955,90594400
2021-05-27,2001.13134765625,2088.137058423913,2001.13134765625,2088.137058423913,353889800
2021-05-28,2018.5321044921875,2053.334382155846,2009.8315350762728,2027.232673908102,78305800
2021-05-31,2088.136962890625,2122.939245605469,2027.2329681396486,2044.6341094970703,96660000
2021-06-02,2122.939208984375,2157.7414910988728,2114.2386384557503,2140.340350041624,157335600
2021-06-03,2175.142333984375,2183.8429033203124,2131.6394873046875,2149.0406259765623,86426400
2021-06-04,2131.6396484375,2201.24420838648,2131.6396484375,2175.1424984056125,76307800
2021-06-07,2131.6396484375,2157.7413584183673,2114.2385084502553,2157.7413584183673,42514400
2021-06-08,2088.136962890625,2140.3403869628905,2088.136962890625,2140.3403869628905,57084000
2021-06-09,2140.340087890625,2149.040657353595,2088.136671112805,2114.238379501715,47078600
2021-06-10,2157.7412109375,2175.142349735383,2131.639502740675,2149.0406415385582,43543600
2021-06-11,2183.84326171875,2192.5438324825695,2166.4421201911105,2183.84326171875,77757800
2021-06-14,2183.84326171875,2192.5438324825695,2166.4421201911105,2192.5438324825695,50043400
2021-06-15,2201.244140625,2201.244140625,2166.441861721838,2192.5435708992095,107187800
2021-06-16,2183.84326171875,2209.944974010209,2157.7415494272905,2201.244403246389,90051600
2021-06-17,2157.7412109375,2183.842919134325,2157.7412109375,2175.142349735383,146517200
2021-06-18,2157.7412109375,2157.7412109375,2070.7355169480848,2149.0406415385582,201335400
2021-06-21,2096.837158203125,2122.9388655666494,2070.7354508396006,2122.9388655666494,138949200
2021-06-22,2149.040771484375,2175.1424812594887,2096.837351934147,2114.2384917842232,96680600
2021-06-23,2096.837158203125,2166.4417111725234,2096.837158203125,2166.4417111725234,66074200
2021-06-24,2079.4365234375,2122.93937957636,2079.4365234375,2122.93937957636,52248000
2021-06-25,2053.33447265625,2096.8373216532045,2053.33447265625,2088.1367518538136,61052000
2021-06-28,1983.72998046875,2053.334541186952,1975.029410378975,2027.2328309176262,127109000
2021-06-29,2009.8316650390625,2035.9333749746345,1983.72995510349,2035.9333749746345,96970800
2021-06-30,2053.33447265625,2070.735612255032,2018.5321934586864,2035.9333330574682,146560200
2021-07-01,2079.4365234375,2088.137094665272,2053.3348097541843,2070.735952209728,87385400
2021-07-02,2070.7353515625,2096.8370576746324,2062.034782858456,2079.435920266544,80422400
2021-07-05,2035.9334716796875,2079.436323638655,2018.5323308961003,2079.436323638655,29242400
2021-07-06,2009.8316650390625,2053.334514931683,2001.1310950605382,2053.334514931683,56066200
2021-07-07,2001.13134765625,2027.2330608865489,1975.0296344259511,2009.8319187330162,96691000
2021-07-08,2053.33447265625,2053.33447265625,2001.1310538599046,2035.9333330574682,81459000
2021-07-09,2009.8316650390625,2053.334514931683,2009.8316650390623,2053.334514931683,50822400
2021-07-12,2018.5321044921875,2044.6338127399313,2009.8315350762728,2044.6338127399313,39692600
2021-07-13,2009.8316650390625,2053.334514931683,2009.8316650390623,2035.9333749746345,65117000
2021-07-14,1983.72998046875,2027.2328309176262,1966.3288402891997,2018.532260827851,59225200
2021-07-15,2044.634033203125,2053.334603557181,1975.0294703706782,1992.4306110787898,94438400
2021-07-16,2044.634033203125,2053.334603557181,2027.2328924950132,2044.6340332031248,39567600
2021-07-19,2001.13134765625,2035.9336319633153,2001.13134765625,2018.5324898097826,31460200
2021-07-21,2062.03515625,2070.735726529536,2018.5323048523205,2027.2328751318564,87100200
2021-07-22,2105.537841796875,2122.9389809852787,2070.735563420067,2079.4361330142688,55171400
2021-07-23,2079.4365234375,2105.538237120816,2070.735952209728,2088.137094665272,37457600
2021-07-26,2018.5321044921875,2088.136659819504,2018.5321044921875,2079.43609040359,77160200
2021-07-27,2027.232666015625,2053.334374161749,2001.1309578695011,2035.9332353976663,79279400
2021-07-28,2053.33447265625,2053.33447265625,2001.1310538599046,2001.1310538599046,41266000
2021-07-29,2001.13134765625,2053.3347741168477,2001.13134765625,2053.3347741168477,68168400
2021-07-30,1983.72998046875,2027.2328309176262,1983.72998046875,2027.2328309176262,92132400
2021-08-02,1975.0291748046875,2009.8314510126997,1957.6280367006816,2009.8314510126997,68571000
2021-08-03,2009.8316650390625,2018.5322350175863,1966.328815146442,1983.72995510349,70957400
2021-08-04,2027.232666015625,2053.334374161749,2009.8315272515424,2027.232666015625,67410400
2021-08-05,2105.537841796875,2114.2384113910766,2035.9332850432593,2044.6338546374611,140254000
2021-08-06,2079.4365234375,2122.93937957636,2070.735952209728,2114.238808348588,63682000
2021-08-09,2018.5321044921875,2096.837229235419,2018.5321044921875,2088.136659819504,50317400
2021-08-10,2018.5321044921875,2044.6338127399313,2009.8315350762728,2018.5321044921875,54893400
2021-08-12,2062.03515625,2070.735726529536,2027.2328751318564,2044.6340156909282,51328800
2021-08-13,2088.136962890625,2105.538104248047,2053.334680175781,2079.436392211914,41771600
2021-08-16,2079.4365234375,2105.538237120816,2035.93366729864,2088.137094665272,53074000
2021-08-18,2105.537841796875,2149.0406897678845,2062.034993825865,2088.136702608471,141229400
2021-08-19,2035.9334716796875,2122.9391755976226,2018.5323308961003,2122.9391755976226,101976800
2021-08-20,2053.33447265625,2070.735612255032,2018.5321934586864,2053.33447265625,62841600
2021-08-23,2079.4365234375,2088.137094665272,2053.3348097541843,2053.3348097541843,46346200
2021-08-24,2027.232666015625,2079.4360823078728,2018.5320966335837,2070.7355129258317,85217600
2021-08-25,2070.7353515625,2079.435920266544,2035.9330767463234,2044.6336454503676,60726800
2021-08-26,2027.232666015625,2062.03494354379,2027.232666015625,2035.9332353976663,55050200
2021-08-27,2018.5321044921875,2044.6338127399313,2009.8315350762728,2027.232673908102,35765000
2021-08-30,2070.7353515625,2070.7353515625,2027.2325080422795,2035.9330767463234,65062000
2021-08-31,2122.939208984375,2122.939208984375,2070.735785812628,2088.1369268698772,135700400
2021-09-01,2088.136962890625,2122.939245605469,2088.136962890625,2122.939245605469,70082000
2021-09-02,2105.537841796875,2122.9389809852787,2079.4361330142688,2105.537841796875,51554400
2021-09-03,2131.6396484375,2140.3402184311226,2088.136798469388,2122.9390784438774,50760000
2021-09-06,2157.7412109375,2201.244057932208,2131.639502740675,2157.7412109375,51684400
2021-09-07,2175.142333984375,2209.944611328125,2166.4417646484376,2175.142333984375,70448400
2021-09-08,2175.142333984375,2192.54347265625,2131.6394873046875,2192.54347265625,84660600
2021-09-09,2209.945068359375,2209.945068359375,2131.6399281419167,2192.543926088829,93331600
2021-09-10,2157.7412109375,2192.543488533266,2149.0406415385582,2183.842919134325,107576800
2021-09-13,2140.340087890625,2166.441796279535,2105.5378100387447,2122.938948964685,104806600
2021-09-14,2122.939208984375,2157.7414910988728,2114.2386384557503,2140.340350041624,84931400
2021-09-15,2131.6396484375,2157.7413584183673,2122.9390784438774,2149.040788424745,135497800
2021-09-16,2140.340087890625,2157.741226816565,2131.639518427655,2149.040657353595,61344200
2021-09-17,2105.537841796875,2140.340120173683,2105.537841796875,2131.639550579481,82452800
2021-09-20,2096.837158203125,2114.2382964454746,2062.034881718426,2096.837158203125,57569200
2021-09-21,2079.4365234375,2096.837665893044,2062.035380981956,2096.837665893044,45153400
2021-09-22,2114.23876953125,2122.93934059928,2070.735914191101,2079.4364852591307,26711200
2021-09-23,2114.23876953125,2131.6399116673097,2096.8376273951903,2131.6399116673097,40606000
2021-09-24,2079.4365234375,2122.93937957636,2062.035380981956,2114.238808348588,50278400
2021-09-27,2053.33447265625,2096.8373216532045,2053.33447265625,2088.1367518538136,68500800
2021-09-28,2070.7353515625,2096.8370576746324,2053.3342141544117,2070.7353515625,64652200
2021-09-29,2088.136962890625,2105.538104248047,2062.0352508544925,2070.7358215332033,56467400
2021-09-30,2140.340087890625,2140.340087890625,2088.136671112805,2105.5378100387447,82812000
2021-10-01,2122.939208984375,2157.7414910988728,2105.538067927126,2140.340350041624,74975400
2021-10-04,2253.447509765625,2262.1480793013993,2140.3401058005547,2149.0406753363295,156691600
2021-10-05,2236.046630859375,2279.5494835998297,2218.6454897631934,2244.747201407466,94886200
2021-10-06,2296.95068359375,2323.0523959073153,2244.7472589666195,2253.4478297378078,168775800
2021-10-07,2331.7529296875,2375.2557828533118,2305.651217788013,2314.3517884211756,253196600
2021-10-08,2401.35693359375,2427.458639393682,2340.4529533939085,2340.4529533939085,223592000
2021-10-11,2401.35693359375,2410.0575021937275,2366.5546591938405,2401.35693359375,123020200
2021-10-12,2436.15966796875,2453.560808454241,2410.057957240513,2427.4590977260045,191044200
2021-10-13,2470.9619140625,2470.9619140625,2418.7584933428698,2462.261343942562,134998000
2021-10-14,2497.0634765625,2497.0634765625,2453.560628538763,2479.662337353005,104307800
2021-10-15,2488.36328125,2505.7644230769233,2462.2615685096157,2497.0638521634614,84353000
2021-10-18,2497.0634765625,2549.266894190984,2488.3629069577523,2505.764046167247,152951600
2021-10-19,2505.76416015625,2523.165300157335,2453.5607401529946,2523.165300157335,99358000
2021-10-21,2497.0634765625,2549.266894190984,2479.662337353005,2497.0634765625,189264000
2021-10-22,2505.76416015625,2514.4647301567925,2462.261310153537,2470.9618801540796,65782600
2021-10-25,2479.66259765625,2523.165450246711,2479.66259765625,2497.0637386924345,76296200
2021-10-26,2497.0634765625,2505.764046167247,2470.961767748258,2470.961767748258,55872800
2021-10-27,2488.36328125,2514.4649939903848,2479.6627103365386,2505.7644230769233,82925200
2021-10-28,2444.860107421875,2488.362956308385,2436.159537644573,2479.662386531083,99023600
2021-10-29,2497.0634765625,2540.566324586237,2488.3629069577523,2497.0634765625,160952400
2021-11-01,2497.0634765625,2523.165185376742,2488.3629069577523,2523.165185376742,65621400
2021-11-02,2444.860107421875,2505.764095862989,2436.159537644573,2497.063526085687,51923400
2021-11-03,2479.66259765625,2523.165450246711,2410.0580335115133,2427.4591745476973,107556600
2021-11-04,2497.0634765625,2540.566324586237,2497.0634765625,2523.165185376742,103726400
2021-11-05,2470.9619140625,2523.1653347821302,2436.1596335827467,2523.1653347821302,48035600
2021-11-08,2436.15966796875,2505.764229910714,2436.15966796875,2505.764229910714,50517400
2021-11-09,2392.656982421875,2470.962120028409,2383.956411576705,2453.5609783380683,120574200
2021-11-10,2488.36328125,2488.36328125,2392.6570012019233,2392.6570012019233,156118000
2021-11-11,2514.464599609375,2514.464599609375,2444.860043218804,2479.6623214140895,86362400
2021-11-12,2470.9619140625,2531.865904902069,2453.560773822623,2531.865904902069,56807000
2021-11-15,2453.56103515625,2488.3633193428636,2453.56103515625,2470.9621772495566,40131000
2021-11-16,2514.464599609375,2514.464599609375,2444.860043218804,2453.5606127676256,76140200
2021-11-17,2514.464599609375,2523.1651691581965,2488.362890962911,2514.464599609375,72789600
2021-11-18,2497.0634765625,2514.464615771995,2488.3629069577523,2505.764046167247,30911600
2021-11-19,2523.16552734375,2540.566668911638,2488.3632442079743,2497.063814991918,101125800
2021-11-22,2557.9677734375,2610.1711973852043,2514.464920147747,2557.9677734375,92374400
2021-11-23,2488.36328125,2531.8661358173076,2470.962139423077,2514.4649939903848,63127600
2021-11-24,2488.36328125,2497.0638521634614,2470.962139423077,2479.6627103365386,56217000
2021-11-25,2557.9677734375,2566.6683440954507,2497.0637788318454,2514.464920147747,97473400
2021-11-26,2470.9619140625,2549.2670451419453,2462.261343942562,2549.2670451419453,78633400
2021-11-29,2497.0634765625,2531.8657549814893,2410.057780515026,2470.961767748258,112673000
2021-11-30,2436.15966796875,2523.165370396205,2418.7585274832586,2523.165370396205,219340400
2021-12-01,2462.26123046875,2479.6623699066918,2418.758381873896,2436.1595213118376,93119800
2021-12-02,2505.76416015625,2523.165300157335,2436.1596001519097,2462.261310153537,70416400
2021-12-03,2488.36328125,2514.4649939903848,2470.962139423077,2505.7644230769233,46109400
2021-12-06,2497.0634765625,2523.165185376742,2470.961767748258,2488.3629069577523,52050400
2021-12-07,2540.56640625,2540.56640625,2497.063556827911,2497.063556827911,64289400
2021-12-08,2488.36328125,2540.5667067307695,2488.36328125,2531.8661358173076,56064200
2021-12-09,2557.9677734375,2557.9677734375,2479.662637515944,2523.1654908056976,42688600
2021-12-10,2505.76416015625,2514.4647301567925,2470.9618801540796,2505.76416015625,93532200
2021-12-13,2479.66259765625,2514.4648797286186,2479.66259765625,2505.7643092105263,50091200
2021-12-14,2497.0634765625,2505.764046167247,2470.961767748258,2479.662337353005,65061400
2021-12-15,2531.86572265625,2549.2668616435785,2479.662305694266,2488.3628751879296,75677400
2021-12-16,2523.16552734375,2549.267239695582,2505.764385775862,2540.566668911638,69082400
2021-12-17,2488.36328125,2514.4649939903848,2462.2615685096157,2514.4649939903848,83945200
2021-12-20,2462.26123046875,2488.3629396256624,2462.26123046875,2470.9618001877207,57932600
2021-12-21,2488.36328125,2523.165564903846,2470.962139423077,2488.36328125,49859600
2021-12-22,2453.56103515625,2505.76446143617,2453.56103515625,2497.063890389517,34814400
2021-12-23,2462.26123046875,2488.3629396256624,2453.560660749779,2453.560660749779,44565000
2021-12-24,2453.56103515625,2488.3633193428636,2418.7587509696364,2470.9621772495566,54902200
2021-12-27,2436.15966796875,2470.961948939732,2427.4590977260045,2453.560808454241,34096400
2021-12-28,2453.56103515625,2453.56103515625,2427.4593220162897,2453.56103515625,39835400
2021-12-29,2470.9619140625,2479.6624841824387,2436.1596335827467,2462.261343942562,20860200
2021-12-30,2444.860107421875,2479.662386531083,2444.860107421875,2470.961816753781,34951600
2022-01-03,2453.56103515625,2479.66274829621,2444.8604641095967,2470.9621772495566,30999600
2022-01-04,2497.0634765625,2505.764046167247,2453.560628538763,2462.2611981435102,44541400
2022-01-05,2444.860107421875,2497.063526085687,2410.057828312667,2488.362956308385,98910200
2022-01-06,2444.860107421875,2462.261246976479,2418.758398089969,2462.261246976479,65651200
2022-01-07,2453.56103515625,2470.9621772495566,2444.8604641095967,2444.8604641095967,68452800
2022-01-10,2453.56103515625,2470.9621772495566,2453.56103515625,2462.2616062029033,44378600
2022-01-11,2453.56103515625,2470.9621772495566,2436.1598930629434,2470.9621772495566,50367600
2022-01-12,2488.36328125,2488.36328125,2453.560997596154,2453.560997596154,34249200
2022-01-13,2479.66259765625,2497.0637386924345,2470.962027138158,2488.3631681743423,35763800
2022-01-14,2497.0634765625,2514.464615771995,2462.2611981435102,2462.2611981435102,43651400
2022-01-17,2505.76416015625,2531.8658701578775,2488.363020155165,2523.165300157335,43188000
2022-01-18,2523.16552734375,2523.16552734375,2470.9621026400864,2497.063814991918,64484800
2022-01-19,2444.860107421875,2505.764095862989,2436.159537644573,2497.063526085687,103093600
2022-01-20,2497.0634765625,2497.0634765625,2444.860058934016,2470.961767748258,53067000
2022-01-21,2540.56640625,2540.56640625,2479.6624170590753,2497.063556827911,76806800
2022-01-24,2531.86572265625,2531.86572265625,2505.7640141752577,2531.86572265625,44476800
2022-01-25,2514.464599609375,2523.1651691581965,2488.362890962911,2505.7640300605535,69268000
2022-01-26,2601.470703125,2601.470703125,2514.4649939903848,2540.5667067307695,140636400
2022-01-27,2627.572021484375,2644.9731606995033,2575.36860383899,2601.4703126616823,113618000
2022-01-28,2662.37451171875,2662.37451171875,2627.572230519812,2653.6739414190156,121145200
2022-01-31,2601.470703125,2705.8775540865386,2592.7701322115386,2705.8775540865386,101700800
2022-02-02,2601.470703125,2618.8718449519233,2592.7701322115386,2618.8718449519233,68769000
2022-02-03,2601.470703125,2601.470703125,2557.9678485576924,2601.470703125,60204000
2022-02-04,2601.470703125,2618.8718449519233,2575.3689903846157,2592.7701322115386,36629400
2022-02-07,2610.1708984375,2662.3743164062503,2601.4703287760417,2662.3743164062503,68867800
2022-02-08,2653.673828125,2688.476107838115,2627.572118340164,2644.9732581967214,158581800
2022-02-09,2671.074951171875,2688.476090918923,2644.9732415513026,2679.775521045399,107360800
2022-02-10,2688.47607421875,2697.1766440382285,2662.3743647603155,2679.775504399272,107679400
2022-02-11,2688.47607421875,2705.8772138577065,2662.3743647603155,2705.8772138577065,81582600
2022-02-14,2714.577880859375,2714.577880859375,2653.673889942658,2679.775600335537,76263200
2022-02-15,2749.380126953125,2749.380126953125,2671.0749967550933,2714.577846865111,67804400
2022-02-16,2731.97900390625,2758.080714134654,2697.176723601712,2758.080714134654,74785000
2022-02-17,2731.97900390625,2740.6795739823847,2671.075013373308,2740.6795739823847,103038800
2022-02-18,2731.97900390625,2766.7812842107883,2697.176723601712,2723.278433830116,81303200
2022-02-21,2731.97900390625,2758.080714134654,2731.97900390625,2731.97900390625,31720800
2022-02-22,2740.679443359375,2749.3800130208333,2705.877164713542,2723.2783040364584,69476600
2022-02-23,2740.679443359375,2766.78115234375,2723.2783040364584,2758.0805826822916,85991000
2022-02-24,2679.775390625,2740.6793767755685,2662.374251724838,2688.4759600750813,170297000
2022-02-25,2679.775390625,2697.1765295251626,2662.374251724838,2688.4759600750813,163299800
2022-03-01,2662.37451171875,2731.9790741166257,2662.37451171875,2671.0750820184844,149532200
2022-03-02,2653.673828125,2688.476107838115,2627.572118340164,2662.3743980532786,110824000
2022-03-04,2662.37451171875,2688.476222617953,2644.9733711192807,2679.775652318219,104914600
2022-03-07,2627.572021484375,2653.6737303070677,2610.1708822692467,2627.572021484375,137667600
2022-03-08,2627.572021484375,2679.77543912976,2627.572021484375,2653.6737303070677,104072200
2022-03-09,2653.673828125,2688.476107838115,2636.2726882684424,2636.2726882684424,115109200
2022-03-10,2671.074951171875,2697.176660792447,2644.9732415513026,2679.775521045399,105803000
2022-03-11,2662.37451171875,2688.476222617953,2644.9733711192807,2688.476222617953,122401600
2022-03-14,2697.1767578125,2723.2784683719756,2653.6739068800402,2662.374477066532,173513400
2022-03-15,2705.87744140625,2740.679723610832,2705.87744140625,2714.578011957395,146735400
2022-03-16,2766.781494140625,2801.5837770857897,2714.578069722877,2714.578069722877,291909800
2022-03-17,2766.781494140625,2818.9849185583726,2766.781494140625,2784.1826356132074,235559000
2022-03-18,2758.080322265625,2784.182028785489,2740.6791845857156,2775.4814599455344,212233400
2022-03-21,2789.3046875,2816.650811887255,2771.0739379084966,2798.4200622957514,162364400
2022-03-22,2798.419921875,2825.766044890065,2789.3045475366453,2807.535296213355,112672400
2022-03-23,2834.881591796875,2843.9969666901125,2789.3047173306873,2798.420092223925,183894800
2022-03-24,2889.573974609375,2889.573974609375,2807.5355967813484,2807.5355967813484,210909800
2022-03-25,2862.227783203125,2907.804658731837,2834.8816578858978,2898.6892836260945,136083000
2022-03-28,2871.34326171875,2880.458637152778,2843.997135416667,2871.34326171875,95354400
2022-03-29,2889.573974609375,2926.0354758662756,2871.3432239809244,2907.804725237825,160112200
2022-03-30,2871.34326171875,2907.804763454861,2862.2278862847224,2898.6893880208336,82476000
2022-03-31,2880.45849609375,2907.8046210566654,2862.227746118473,2889.5738710813885,69174000
2022-04-01,2871.34326171875,2880.458637152778,2834.881759982639,2880.458637152778,62912400
2022-04-04,2853.1123046875,2880.458429013578,2834.881555136781,2853.1123046875,82013800
2022-04-05,2853.1123046875,2871.343054238219,2843.996929912141,2843.996929912141,82378200
2022-04-06,2798.419921875,2843.9967935667755,2789.3045475366453,2843.9967935667755,129476400
2022-04-07,2807.53515625,2834.8812779017853,2780.189034598214,2798.419782366071,136162800
2022-04-08,2807.53515625,2843.996651785714,2798.419782366071,2843.996651785714,94622400
2022-04-11,2798.419921875,2825.766044890065,2789.3045475366453,2807.535296213355,107966400
2022-04-12,2807.53515625,2825.765904017857,2780.189034598214,2798.419782366071,92691200
2022-04-13,2816.650634765625,2825.7660089881674,2789.3045120979978,2798.41988632054,90558600
2022-04-14,2798.419921875,2825.766044890065,2789.3045475366453,2816.6506705517104,63275600
2022-04-18,2780.189208984375,2816.650706807121,2761.9584600730022,2798.419957895748,101496000
2022-04-19,2761.95849609375,2798.419994392017,2761.95849609375,2780.1892452428838,104508400
2022-04-20,2862.227783203125,2880.45853341461,2780.189407251443,2789.3047823571856,164354800
2022-04-21,3026.304443359375,3062.765942676958,2889.573820918439,2916.9199454066265,337363200
2022-04-22,3017.18896484375,3035.4197138760387,2944.265968714596,2989.8428412953176,168301800
2022-04-25,2998.958251953125,3080.9966235871007,2926.035254945146,2989.8428773271276,179082600
2022-04-26,3044.53515625,3071.881280407934,2998.958282653443,3008.0736573727545,131930600
2022-04-27,2998.958251953125,3071.8812489611037,2998.958251953125,3017.1890012051194,118272800
2022-04-28,3263.304443359375,3308.881321059925,3163.035312418165,3199.496814578605,443163800
2022-05-09,3035.419677734375,3163.034919440925,3035.419677734375,3144.8041706257036,351637800
2022-05-10,2953.38134765625,2980.7274712456597,2853.1122278284147,2853.1122278284147,498444800
2022-05-11,2916.919921875,2989.842919921875,2916.919921875,2953.381420898437,198922600
2022-05-12,2871.34326171875,2935.1508897569447,2816.6510091145833,2907.804763454861,162727200
2022-05-13,2843.9970703125,2880.4585712139424,2825.766319861779,2871.3431959885816,165507800
2022-05-17,2862.227783203125,2916.9200338375795,2843.99703299164,2843.99703299164,149548800
2022-05-18,2880.45849609375,2926.0353710319423,2843.996996143196,2907.8046210566654,162519200
2022-05-19,2880.45849609375,2889.5738710813885,2825.7662461679197,2843.996996143196,127740400
2022-05-20,2916.919921875,2935.150671386719,2898.689172363281,2898.689172363281,106866400
2022-05-23,2871.34326171875,2944.2662651909723,2843.997135416667,2935.1508897569447,144005200
2022-05-24,2889.573974609375,2935.150851180501,2880.4585992951497,2898.6893499236003,134555000
2022-05-25,2862.227783203125,2935.1507840490644,2853.1124080973827,2880.45853341461,132635400
2022-05-27,2953.38134765625,2962.4967221860534,2898.6891004774307,2916.9198495370374,155078600
2022-05-30,2989.843017578125,2989.843017578125,2916.92001714939,2989.843017578125,117617200
2022-05-31,3099.2275390625,3099.2275390625,2998.958412798713,3017.1891630284927,262054000
2022-06-02,2989.843017578125,3044.535267899676,2935.150767256574,3035.419892846084,203021800
2022-06-03,2989.843017578125,3026.3045177924923,2989.843017578125,3017.1891427389005,147960000
2022-06-06,2971.612060546875,3044.5350558977184,2926.0351884525976,2989.842809384586,148785000
2022-06-07,3026.304443359375,3044.5351930181664,2971.6121943830008,2989.842944041792,132673800
2022-06-08,3062.76611328125,3071.881488618397,2971.6123599097846,2998.958485921224,153409200
2022-06-09,3071.881591796875,3099.2277187268173,3044.5354648669327,3062.766216153561,216804400
2022-06-10,2980.727294921875,3035.4195388653957,2971.6119209312883,3017.1887908842223,165119600
2022-06-13,2953.38134765625,2953.38134765625,2898.6891004774307,2916.9198495370374,122467200
2022-06-14,2989.843017578125,2989.843017578125,2916.92001714939,2916.92001714939,100136600
2022-06-15,3026.304443359375,3035.4198181887705,2962.496819553605,2962.496819553605,142400800
2022-06-16,3053.650634765625,3099.227509911381,3026.3045096781716,3099.227509911381,186692600
2022-06-17,2944.26611328125,3008.0737380272835,2944.26611328125,2980.7276131361264,156836200
2022-06-20,3008.073486328125,3008.073486328125,2935.1504927201704,2953.3812411221593,74978200
2022-06-21,3008.073486328125,3044.5349831321023,2989.842737926136,3026.3042347301134,62996600
2022-06-22,2971.612060546875,3017.188932641152,2962.4966861280195,2989.842809384586,88306600
2022-06-23,2971.612060546875,2998.9581838034414,2953.381311709164,2971.612060546875,48817400
2022-06-24,3026.304443359375,3026.304443359375,2971.6121943830008,2989.842944041792,60638400
2022-06-27,2998.958251953125,3062.765874335106,2944.266004197141,3062.765874335106,76574400
2022-06-28,2962.496826171875,2989.8429507211536,2916.919951923077,2971.6122010216345,110131200
2022-06-29,2898.689453125,2962.497082596305,2898.689453125,2953.381706957547,113216400
2022-06-30,2889.573974609375,2953.381601808951,2880.4585992951497,2916.9201005520504,125507600
2022-07-01,2771.073974609375,2889.5738485235916,2761.9585996928968,2871.343098690635,191672200
2022-07-04,2698.151123046875,2798.420252619563,2652.5742459683806,2761.9587509567673,246417000
2022-07-05,2789.3046875,2816.650811887255,2716.381689133987,2716.381689133987,90919800
2022-07-06,2743.72802734375,2789.3049048743774,2679.920398800872,2789.3049048743774,180812800
2022-07-07,2707.2666015625,2752.8434803766836,2707.2666015625,2734.61272885101,120444800
2022-07-08,2725.497314453125,2752.843441353992,2698.1511875522574,2752.843441353992,57156600
2022-07-11,2725.497314453125,2743.7280657203696,2698.1511875522574,2725.497314453125,22860800
2022-07-12,2707.2666015625,2725.4973530881734,2689.0358500368266,2725.4973530881734,51524400
2022-07-13,2652.57421875,2707.2664706829896,2652.57421875,2698.1510953608245,142494200
2022-07-14,2652.57421875,2689.0357200386597,2625.228092783505,2643.458843427835,158438200
2022-07-15,2616.1123046875,2698.150669642857,2616.1123046875,2661.6891741071427,191949400
2022-07-18,2679.920166015625,2679.920166015625,2634.3432924439307,2634.3432924439307,152078400
2022-07-19,2707.2666015625,2716.3819773253367,2652.5743469854797,2679.92047427399,128963600
2022-07-20,2880.45849609375,2898.689246069027,2752.843246266812,2752.843246266812,215712600
2022-07-21,2880.45849609375,2916.919996044304,2816.6508711802812,2916.919996044304,125699200
2022-07-22,2862.227783203125,2889.5739085203522,2834.8816578858978,2889.5739085203522,54461200
2022-07-25,2834.881591796875,2880.4584662630627,2834.881591796875,2871.3430913698253,30750600
2022-07-26,2916.919921875,2926.035296630859,2843.996923828125,2853.1122985839843,58317600
2022-07-27,2953.38134765625,2962.4967221860534,2916.9198495370374,2935.1505985966437,87439200
2022-07-28,2935.15087890625,2989.8431313082297,2926.0355035059197,2926.0355035059197,94427400
2022-07-29,3017.18896484375,3044.535088392183,2971.612092263029,2998.9582158114617,132709400
2022-08-01,2907.804443359375,2998.9581876653115,2907.804443359375,2989.842813234718,95909000
2022-08-02,2980.727294921875,2980.727294921875,2907.804302997181,2916.9196769877676,57458200
2022-08-03,3008.073486328125,3008.073486328125,2935.1504927201704,2980.727363725142,55822800
2022-08-04,3008.073486328125,3026.3042347301134,2971.6119895241477,3026.3042347301134,75188600
2022-08-05,3008.073486328125,3026.3042347301134,2980.727363725142,3017.188860529119,64150800
2022-08-08,3044.53515625,3044.53515625,2998.958282653443,3008.0736573727545,82522000
2022-08-09,3090.1123046875,3135.689182337758,3062.7661780973453,3071.881553627397,117148200
2022-08-10,3135.68896484375,3135.68896484375,3008.0737162745277,3044.5352158657342,79950200
2022-08-11,3108.343017578125,3163.035270086831,3071.8815159056544,3144.8045192505956,106627400
2022-08-12,3090.1123046875,3126.5738068077067,3071.881553627397,3108.343055747603,62626200
2022-08-15,3080.996826171875,3117.4583270733174,3062.766075721154,3080.996826171875,44464800
2022-08-16,3108.343017578125,3153.9198946687134,3090.11226674189,3117.4583929962428,109260400
2022-08-18,3135.68896484375,3208.611964026163,3126.5735899459487,3199.4965891283614,116693200
2022-08-19,3099.2275390625,3153.919789751838,3099.2275390625,3135.6890395220585,48290200
2022-08-22,3108.343017578125,3117.4583929962428,3044.5353896513016,3071.8815159056544,121399800
2022-08-23,3144.8046875,3163.0354393115945,3080.9970561594205,3099.2278079710145,95553400
2022-08-24,3144.8046875,3172.1508152173915,3117.458559782609,3135.689311594203,60958200
2022-08-25,3126.57373046875,3144.804481083728,3071.8814786238154,3117.458355161261,77254800
2022-08-26,3099.2275390625,3153.919789751838,3099.2275390625,3144.8044146369484,82356600
2022-08-29,3117.4580078125,3135.6887563961986,3044.5350134777045,3062.7657620614036,62683800
2022-08-30,3153.91943359375,3190.3809299358745,3126.5733113371566,3144.804059508219,109649400
2022-08-31,3226.8427734375,3226.8427734375,3080.996772378178,3099.227522510593,151631600
2022-09-01,3254.188720703125,3263.3040952709207,3163.034975025166,3226.8425969997375,120967800
2022-09-02,3226.8427734375,3281.535023834746,3181.265898106462,3272.419648768538,90044600
2022-09-05,3263.304443359375,3281.535194439595,3208.6121901187153,3226.842941198935,60491000
2022-09-06,3217.72705078125,3281.534669351983,3208.611676699717,3272.4192952704498,65296200
2022-09-07,3235.957763671875,3235.957763671875,3181.2655197788295,3199.496267743178,97771400
2022-09-08,3263.304443359375,3317.996696600035,3217.7275656588254,3245.0736922791552,96931000
2022-09-09,3308.881103515625,3317.9964784564395,3263.304228811553,3308.881103515625,128510800
2022-09-12,3345.3427734375,3354.458148841962,3308.8812718196527,3336.2273980330383,110819000
2022-09-13,3445.61181640625,3463.8425667576057,3363.573439825149,3372.6888150008267,185487800
2022-09-14,3390.91943359375,3427.3809328797042,3354.4579343077958,3381.8040587722617,119631200
2022-09-15,3409.14990234375,3463.842146766377,3390.9191542028743,3427.3806504846257,156750600
2022-09-16,3317.99658203125,3390.9195838341343,3290.650456355168,3381.804208608774,167812600
2022-09-19,3363.572998046875,3390.9191199822153,3336.2268761115342,3372.6883720253218,137396600
2022-09-20,3354.458251953125,3418.2658817457113,3354.4582519531245,3400.035130376401,140752200
2022-09-21,3381.803955078125,3381.803955078125,3317.9963332841985,3336.2270823681774,71044400
2022-09-22,3354.458251953125,3390.9197546917458,3345.3428762684694,3381.8043790070906,96479200
2022-09-23,3354.458251953125,3372.6890033224354,3336.227500583814,3354.4582519531245,61877000
2022-09-26,3372.6884765625,3418.2653478673983,3263.303985430743,3327.1116052576012,133769600
2022-09-27,3409.14990234375,3409.14990234375,3354.457657921123,3372.6884060619986,130959400
2022-09-28,3390.91943359375,3500.303931451613,3381.8040587722617,3445.6116825226813,133085000
2022-09-29,3372.6884765625,3418.2653478673983,3354.45772804054,3409.149973606419,67945200
2022-09-30,3436.496337890625,3436.496337890625,3363.5733386780917,3390.919463382792,113501000
2022-10-03,3381.803955078125,3418.2654532460833,3363.573205994146,3400.0347041621044,54662400
2022-10-04,3363.572998046875,3418.2652419175556,3363.572998046875,3390.9191199822153,90247000
2022-10-05,3381.803955078125,3454.7269514140417,3381.803955078125,3390.9193296201147,75891600
2022-10-06,3400.034912109375,3400.034912109375,3363.5734117114193,3390.919537009886,43279200
2022-10-07,3436.496337890625,3436.496337890625,3381.8040884812253,3400.0348382843586,51267000
2022-10-10,3390.91943359375,3427.3809328797042,3381.8040587722617,3418.265558058216,55465000
2022-10-11,3390.91943359375,3436.496307701193,3372.688683950773,3436.496307701193,71925600
2022-10-12,3436.496337890625,3463.842462595325,3390.919463382792,3418.265588087492,118731400
2022-10-13,3454.726806640625,3482.07292912063,3400.0345616806153,3463.8421808006265,58832000
2022-10-14,3427.380859375,3518.534605634973,3418.2654847490026,3518.534605634973,106401600
2022-10-17,3445.61181640625,3454.727191581928,3390.9195653521824,3445.61181640625,60905200
2022-10-18,3463.84228515625,3491.188408460115,3445.6115362870064,3463.84228515625,67904400
2022-10-19,3454.726806640625,3491.1883032806318,3400.0345616806153,3418.2653100006182,71544800
2022-10-20,3609.688232421875,3618.803606746173,3409.1499972873266,3409.1499972873266,102422400
2022-10-21,3773.76513671875,3810.2266356242453,3618.803766370396,3646.1498905495173,183987800
2022-10-24,3737.30419921875,3828.457960175305,3737.30419921875,3764.6503275057166,102168000
2022-10-25,3728.188232421875,3810.226604284459,3728.1882324218745,3746.418981724671,83305200
2022-10-26,3719.07275390625,3737.303502699908,3646.1497587316176,3728.1881283030793,80531400
2022-10-27,3719.07275390625,3764.6496258903953,3664.380507525276,3719.07275390625,84531200
2022-10-28,3719.07275390625,3728.1881283030793,3682.611256318934,3691.726630715763,102437400
2022-10-31,3846.68798828125,3846.68798828125,3728.188121343676,3755.5342444831163,173874600
2022-11-01,3791.99560546875,3864.9185978816104,3728.187987107497,3864.9185978816104,111898000
2022-11-02,3673.49609375,3791.9959677419356,3637.0345940601737,3782.8805928194793,127515400
2022-11-03,3709.957275390625,3719.072649531634,3627.918908121545,3627.918908121545,119598600
2022-11-04,3700.84228515625,3700.84228515625,3646.1500346366993,3655.265409723291,70781200
2022-11-07,3737.30419921875,3737.30419921875,3646.150438262195,3709.9580709317834,98034400
2022-11-08,3700.84228515625,3746.4191605892083,3673.4961598964746,3746.4191605892083,39585800
2022-11-09,3700.84228515625,3700.84228515625,3664.3807848098827,3664.3807848098827,68010400
2022-11-10,3682.611572265625,3700.842322623376,3646.150071550124,3664.3808219078746,61964000
2022-11-11,3801.111328125,3810.22670301259,3728.1883290242804,3755.5344536870502,102008200
2022-11-14,3737.30419921875,3846.6887123666156,3700.842694836128,3846.6887123666156,61055200
2022-11-15,3737.30419921875,3755.534951410061,3682.611942644817,3755.534951410061,83000800
2022-11-16,3646.150146484375,3709.957774047851,3609.688645019531,3682.6116479492184,128257800
2022-11-17,3609.688232421875,3655.2651040433634,3591.45748377328,3591.45748377328,167562600
2022-11-18,3709.957275390625,3728.188023672643,3618.803533980536,3627.918908121545,111646200
2022-11-21,3682.611572265625,3719.073072981126,3655.265446728999,3709.957697802251,52311600
2022-11-22,3691.726806640625,3737.3036807966823,3664.380682146991,3664.380682146991,79850600
2022-11-23,3719.07275390625,3755.5342514935664,3691.726630715763,3691.726630715763,78250600
2022-11-24,3728.188232421875,3755.5343563760694,3719.0728577704767,3728.1882324218745,59701400
2022-11-25,3709.957275390625,3728.188023672643,3682.6111529675986,3728.188023672643,77984800
2022-11-28,3691.726806640625,3746.4190556278936,3691.726806640625,3709.957556303048,64779000
2022-11-29,3764.649658203125,3810.226530578466,3719.0727858277846,3737.303534777921,72261000
2022-11-30,3837.57275390625,3937.84187574228,3764.6497562073187,3764.6497562073187,347136800
2022-12-01,3791.99560546875,3883.1493459848257,3791.99560546875,3837.572475726788,141493000
2022-12-02,3837.57275390625,3837.57275390625,3764.6497562073187,3791.995880344418,70811400
2022-12-05,3965.1875,4010.7643678160916,3855.803017241379,3883.149137931034,146472800
2022-12-06,3974.303466796875,4010.764966492259,3910.4958423299527,3965.188091873029,139360200
2022-12-07,3782.88037109375,3901.38023814006,3782.88037109375,3874.034114975527,200886200
2022-12-08,3664.380615234375,3728.18823788771,3637.0344912400888,3673.4959898991374,279908400
2022-12-09,3618.803466796875,3664.3803366557777,3582.3419709097525,3627.918840768655,241338200
2022-12-12,3627.919189453125,3646.1499391488696,3564.1115655180197,3582.3423152137643,183717600
2022-12-13,3609.688232421875,3646.149729719066,3564.111360800387,3564.111360800387,224176000
2022-12-14,3627.919189453125,3682.611438540358,3627.919189453125,3673.496063692486,162689200
2022-12-15,3609.688232421875,3655.2651040433634,3609.6882324218755,3609.6882324218755,82673400
2022-12-16,3682.611572265625,3682.611572265625,3582.3424452979966,3582.3424452979966,770252400
2022-12-19,3646.150146484375,3673.496272583008,3609.688645019531,3646.150146484375,100871400
2022-12-20,3664.380615234375,3664.380615234375,3627.9191165753264,3646.1498659048507,56633800
2022-12-21,3646.150146484375,3691.7270233154295,3646.150146484375,3691.7270233154295,37945200
2022-12-22,3627.919189453125,3682.611438540358,3627.919189453125,3682.611438540358,78836200
2022-12-23,3618.803466796875,3646.1495887122164,3609.6880928250944,3609.6880928250944,38571200
2022-12-26,3664.380615234375,3664.380615234375,3627.9191165753264,3637.0344912400888,19578800
2022-12-27,3627.919189453125,3664.380688844614,3600.5730649095085,3664.380688844614,43282000
2022-12-28,3637.034423828125,3646.149798323935,3591.457551349076,3646.149798323935,30258400
2022-12-29,3637.034423828125,3637.034423828125,3600.572925844886,3609.6883003406956,56981400
2022-12-30,3618.803466796875,3664.3803366557777,3618.8034667968745,3646.1495887122164,40655800
2023-01-02,3600.572998046875,3637.0344967612737,3600.572998046875,3618.8037474040743,5985400
2023-01-03,3627.919189453125,3637.0345643009973,3591.457690061636,3591.457690061636,13815200
2023-01-04,3655.265380859375,3673.496130888599,3637.0346308301514,3655.265380859375,38575800
2023-01-05,3582.34228515625,3664.3806580987593,3545.88078607069,3664.3806580987593,84945800
2023-01-06,3573.226806640625,3573.226806640625,3500.303810586735,3545.8806831204165,44097000
2023-01-09,3545.880615234375,3591.4574868954855,3500.303743573265,3554.995989566597,67250600
2023-01-10,3381.803955078125,3482.0730750400103,3345.342456910167,3463.8423259560313,214538800
2023-01-11,3263.304443359375,3345.342823220365,3245.0736922791552,3308.881321059925,193915000
2023-01-12,3354.458251953125,3445.612008799677,3281.535246475883,3281.535246475883,219659400
2023-01-13,3345.3427734375,3363.573524246424,3299.765896415191,3327.1120226285766,107483800
2023-01-16,3390.91943359375,3409.150183236727,3317.9964350218415,3317.9964350218415,145710000
2023-01-17,3554.99609375,3582.342217548077,3418.2654747596157,3427.3808493589745,146238000
2023-01-18,3482.0732421875,3564.111617003436,3463.8424922284034,3518.534742105694,95360600
2023-01-19,3554.99609375,3582.342217548077,3472.9577223557694,3500.3038461538463,81704200
2023-01-20,3637.034423828125,3646.149798323935,3573.226802357456,3591.457551349076,93227400
2023-01-24,3609.688232421875,3637.034355394768,3573.2267351246846,3591.45748377328,35028000
2023-01-25,3536.765380859375,3591.457629016994,3536.7653808593745,3573.226879631121,72767800
2023-01-26,3582.34228515625,3600.57303469903,3554.99616084208,3564.11153561347,70558600
2023-01-27,3655.265380859375,3700.8422559324345,3609.6885057863155,3609.6885057863155,216788400
2023-01-30,3627.919189453125,3691.7268133882303,3600.5730649095085,3655.2653139967415,82589400
2023-01-31,3627.919189453125,3682.611438540358,3600.5730649095085,3655.2653139967415,167297000
2023-02-01,3536.765380859375,3664.3806265604862,3527.6500061664383,3627.9191277887403,165628800
2023-02-02,3545.880615234375,3554.995989566597,3491.188369241043,3545.880615234375,99351800
2023-02-03,3618.803466796875,3627.918840768655,3554.995848994411,3554.995848994411,108125400
2023-02-06,3600.572998046875,3664.3806207970724,3554.9961246538764,3618.8037474040743,109098400
2023-02-07,3709.957275390625,3728.188023672643,3609.688159839527,3627.918908121545,118132000
2023-02-08,3719.07275390625,3728.1881283030793,3682.611256318934,3691.726630715763,75656000
2023-02-09,3737.30419921875,3791.996455792683,3737.30419921875,3755.534951410061,121757400
2023-02-10,3755.53466796875,3810.226920414897,3700.8424155226035,3810.226920414897,81114600
2023-02-13,3773.76513671875,3846.6881345297406,3737.303637813255,3846.6881345297406,56771800
2023-02-14,3782.88037109375,3810.226494258283,3746.418873541039,3810.226494258283,39570600
2023-02-15,3728.188232421875,3773.765105678866,3682.6113591648837,3755.5343563760694,75595200
2023-02-16,3709.957275390625,3746.4187719546608,3691.7265271086076,3728.188023672643,49569000
2023-02-17,3755.53466796875,3755.53466796875,3682.611664707221,3709.9577909302943,58521000
2023-02-20,3746.419189453125,3755.5345646099454,3719.0730639826643,3755.5345646099454,40696400
2023-02-21,3719.07275390625,3755.5342514935664,3709.957379509421,3755.5342514935664,52604400
2023-02-22,3646.150146484375,3709.957774047851,3627.919395751953,3691.7270233154295,75513400
2023-02-23,3673.49609375,3682.611468672457,3618.8038442152606,3637.0345940601737,177505200
2023-02-24,3691.726806640625,3728.188305965471,3673.4960569782024,3691.726806640625,54138200
2023-02-27,3700.84228515625,3700.84228515625,3664.3807848098827,3673.4961598964746,47901800
2023-02-28,3646.150146484375,3700.8423986816406,3646.150146484375,3673.496272583008,146440400
2023-03-01,3682.611572265625,3719.073072981126,3664.3808219078746,3700.842322623376,89565600
2023-03-02,3728.188232421875,3755.5343563760694,3700.84210846768,3700.84210846768,72991800
2023-03-03,3664.380615234375,3737.3036125524723,3655.265240569613,3719.072863222948,88630600
2023-03-06,3691.726806640625,3728.188305965471,3673.4960569782024,3709.957556303048,53728800
2023-03-07,3709.957275390625,3746.4187719546608,3691.7265271086076,3700.841901249616,80065800
2023-03-08,3746.419189453125,3746.419189453125,3709.9576888258443,3737.303814296305,104838200
2023-03-09,3810.226318359375,3828.4570662941087,3773.764822489907,3791.9955704246413,83286000
2023-03-10,3782.88037109375,3801.111119870105,3746.418873541039,3801.111119870105,107531000
2023-03-13,3773.76513671875,3782.880511445124,3728.1882630868813,3746.419012539629,92827600
2023-03-14,3618.803466796875,3746.4187024018024,3591.457344881533,3719.0725804864605,191898400
2023-03-15,3664.380615234375,3709.9574885581856,3591.457617916278,3664.380615234375,262828600
2023-03-16,3591.45751953125,3673.4958892667355,3582.342145116196,3673.4958892667355,135467400
2023-03-17,3682.611572265625,3691.7269474445,3618.803946013498,3627.919321192373,224171600
2023-03-20,3646.150146484375,3682.6116479492184,3646.150146484375,3664.3808972167967,46333000
2023-03-21,3828.45751953125,3828.4575195312495,3673.496143740699,3682.6115187872024,131331000
2023-03-24,3974.303466796875,3992.534216644567,3855.8035927868764,3874.0343426345685,222156200
2023-03-27,3908.900634765625,3995.1263840619254,3908.900634765625,3985.5457452512255,151825600
2023-03-28,3880.15869140625,3937.642523871528,3870.578052662037,3908.900607638889,103951000
2023-03-29,3966.384521484375,3975.9651604251585,3908.900687839674,3928.061965721241,107454600
2023-03-30,3918.4814453125,3985.54591992665,3918.4814453125,3966.3846414654645,97186200
2023-03-31,3956.80419921875,3956.80419921875,3908.9010006809926,3937.642919803647,92013200
2023-04-03,4033.448974609375,4033.4489746093755,3985.5457801365797,3985.5457801365797,101724400
2023-04-04,3985.546142578125,4062.191260704627,3908.901024451622,4023.868701641376,94482600
2023-04-05,4004.70751953125,4023.8687995290074,3947.2236795379786,3947.2236795379786,42655500
2023-04-06,3966.384521484375,4004.707077247509,3947.223243602808,4004.707077247509,47999400
2023-04-10,3908.900634765625,3966.3844676298254,3870.5780795228247,3947.2231900084253,74787800
2023-04-11,3908.900634765625,3908.900634765625,3870.5780795228247,3908.900634765625,37744800
2023-04-12,3947.223388671875,4004.7072244292326,3908.9008315003034,3908.9008315003034,111901500
2023-04-13,3928.061767578125,3985.5455983231705,3928.061767578125,3966.3843214081553,67928500
2023-04-14,4004.70751953125,4023.8687995290074,3947.2236795379786,3947.2236795379786,142479800
2023-04-17,3928.061767578125,4023.868152153201,3928.061767578125,4004.706875238186,95789900
2023-04-18,3966.384521484375,4023.868355129076,3928.061965721241,3947.223243602808,106962300
2023-04-26,3985.546142578125,4157.997658362755,3966.384863046499,4138.83637883113,207338000
2023-04-27,3985.546142578125,4004.7074221097505,3966.384863046499,3966.384863046499,51076300
2023-04-28,3966.384521484375,4004.707077247509,3947.223243602808,4004.707077247509,116957800
2023-05-02,4023.86865234375,4023.86865234375,3966.384814453125,4023.86865234375,98024100
2023-05-03,4004.70751953125,4023.8687995290074,3947.2236795379786,4023.8687995290074,110683000
2023-05-04,3966.384521484375,4004.707077247509,3928.061965721241,3966.384521484375,100945900
2023-05-05,3966.384521484375,3985.545799365942,3928.061965721241,3966.384521484375,64499500
2023-05-08,3928.061767578125,3985.5455983231705,3928.061767578125,3966.3843214081553,64678000
2023-05-09,3870.578125,3928.061958539604,3870.5781249999995,3908.9006806930693,93531000
2023-05-10,3889.7392578125,3928.0618120766626,3870.577980680419,3870.577980680419,58148200
2023-05-11,3908.900634765625,3908.900634765625,3851.4168019014246,3889.739357144225,63262300
2023-05-12,3832.256103515625,3889.7399450683592,3832.256103515625,3889.7399450683592,105407300
2023-05-15,3870.578125,3870.5781249999995,3832.2555693069303,3870.5781249999995,76451700
2023-05-16,3824.591552734375,3889.7399058370647,3816.9270406046467,3889.7399058370647,42752200
2023-05-17,3832.256103515625,3889.7399450683592,3816.9270791015624,3824.5915913085937,63396700
2023-05-19,3889.7392578125,3908.900534944581,3851.4167035483374,3889.7392578125,78499800
2023-05-22,4004.70751953125,4023.8687995290074,3889.739839544707,3908.901119542464,120027200
2023-05-23,3928.061767578125,4023.868152153201,3908.90049066311,3985.5455983231705,165534100
2023-05-24,3889.7392578125,3947.2230892087437,3870.577980680419,3928.0618120766626,125575300
2023-05-25,3966.384521484375,3966.384521484375,3870.57813207654,3870.57813207654,76424100
2023-05-26,3928.061767578125,3985.5455983231705,3908.90049066311,3966.3843214081553,42313700
2023-05-29,3947.223388671875,3966.384667257661,3908.9008315003034,3966.384667257661,60646900
2023-05-30,3947.223388671875,3985.5459458434466,3908.9008315003034,3908.9008315003034,49086100
2023-05-31,3870.578125,3985.545792079208,3870.5781249999995,3966.384514232673,393735900
2023-06-05,3889.7392578125,3947.2230892087437,3889.7392578125,3908.900534944581,149191300
2023-06-06,3870.578125,3908.9006806930693,3793.933013613861,3870.5781249999995,244590500
2023-06-07,3851.4169921875,3889.739549323694,3832.255713619403,3832.255713619403,130408700
2023-06-08,3851.4169921875,3889.739549323694,3832.255713619403,3832.255713619403,173484200
2023-06-09,3928.061767578125,3928.061767578125,3832.255383003049,3851.416659918064,150849200
2023-06-12,3908.900634765625,3928.061912387025,3870.5780795228247,3908.900634765625,91080300
2023-06-13,3908.900634765625,3966.3844676298254,3870.5780795228247,3908.900634765625,143804700
2023-06-14,3870.578125,3947.2232363861385,3870.5781249999995,3928.061958539604,96670300
2023-06-15,3928.061767578125,3947.22304449314,3870.577936833079,3870.577936833079,94097900
2023-06-16,3947.223388671875,3947.223388671875,3889.739552914518,3928.0621100860894,103942500
2023-06-19,3928.061767578125,3947.22304449314,3908.90049066311,3908.90049066311,36211300
2023-06-20,3908.900634765625,3928.061912387025,3870.5780795228247,3908.900634765625,44316800
2023-06-21,3908.900634765625,3908.900634765625,3870.5780795228247,3870.5780795228247,58061600
2023-06-22,3889.7392578125,3947.2230892087437,3889.7392578125,3908.900534944581,60457300
2023-06-23,3889.7392578125,3928.0618120766626,3870.577980680419,3889.7392578125,47276900
2023-06-26,3928.061767578125,3966.3843214081553,3889.7392137480942,3908.90049066311,74263700
2023-06-27,3985.546142578125,4023.868701641376,3947.2235835148736,3966.384863046499,101592900
2023-07-03,4100.513671875,4100.513671875,3928.0621623101633,3928.0621623101633,227354700
2023-07-04,4023.86865234375,4138.836328125,4004.707373046875,4138.836328125,119841200
2023-07-05,4043.0302734375,4081.352835271031,4023.8689925207345,4062.1915543542655,78430000
2023-07-06,4062.19140625,4100.513966686321,4023.8688458136794,4062.1914062500005,90981000
2023-07-07,3947.223388671875,4062.1910601865898,3947.223388671875,4043.029781600804,128515100
2023-07-10,3966.384521484375,4004.707077247509,3947.223243602808,3966.384521484375,82685700
2023-07-11,4043.0302734375,4062.1915543542655,3966.385149770438,3985.5464306872036,100578900
2023-07-12,4062.19140625,4119.675246904481,4023.8688458136794,4062.1914062500005,123947700
2023-07-13,4100.513671875,4119.674950715537,4043.0298353533876,4119.674950715537,101281200
2023-07-14,4138.83642578125,4157.997705530237,4100.513866283275,4138.83642578125,122343600
2023-07-17,4119.67529296875,4196.320414698402,4119.67529296875,4157.997853833575,99897600
2023-07-18,4100.513671875,4157.997508396612,4062.191114193925,4119.674950715537,65073800
2023-07-20,4234.64306640625,4253.804347249717,4138.836662188914,4138.836662188914,132054000
2023-07-21,4253.80419921875,4272.965479395411,4177.159078512106,4253.80419921875,111275700
2023-07-24,4215.48095703125,4311.287342418324,4215.48095703125,4253.80351118608,54865000
2023-07-25,4253.80419921875,4272.965479395411,4215.481638865428,4253.80419921875,65237300
2023-07-26,4272.9658203125,4292.127102017937,4234.643256901625,4253.804538607063,88526700
2023-07-27,4311.28759765625,4368.771432291666,4272.965041232639,4272.965041232639,86556200
2023-07-28,4368.77197265625,4387.933253238076,4311.288130910772,4311.288130910772,121968500
2023-07-31,4387.9326171875,4445.416450600436,4311.287505970251,4445.416450600436,189375700
2023-08-01,4330.44921875,4387.933057936947,4292.126659292036,4330.44921875,114702500
2023-08-02,4368.77197265625,4407.094533819901,4292.1268503289475,4311.288130910772,133546200
2023-08-03,4445.4169921875,4464.578272326239,4368.771871632543,4387.933151771282,68587500
2023-08-04,4426.25537109375,4464.577928419237,4407.094092431006,4445.416649756493,47144200
2023-08-07,4502.89990234375,4541.222454704122,4464.577349983378,4483.738626163564,104342100
2023-08-08,4522.0615234375,4560.384078720868,4502.900245795816,4522.0615234375,66473200
2023-08-09,4522.0615234375,4560.384078720868,4483.738968154131,4522.0615234375,64495400
2023-08-10,4579.5458984375,4598.70717834728,4522.062058708159,4541.22333861794,78859600
2023-08-11,4541.22314453125,4617.8682608946465,4522.061865440401,4579.545702712949,46568600
2023-08-14,4560.384765625,4560.384765625,4445.417082457983,4541.223485097164,86460500
2023-08-15,4445.4169921875,4541.223392881196,4445.4169921875,4522.0621127424565,116815700
2023-08-16,4445.4169921875,4445.4169921875,4349.610591493803,4426.255712048761,163744100
2023-08-18,4426.25537109375,4464.577928419237,4387.932813768262,4387.932813768262,104894600
2023-08-21,4464.57763671875,4502.90019154037,4445.416359307939,4445.416359307939,61845800
2023-08-22,4560.384765625,4560.384765625,4445.417082457983,4445.417082457983,93617200
2023-08-23,4483.73876953125,4560.383876702725,4483.73876953125,4560.383876702725,40844700
2023-08-24,4560.384765625,4560.384765625,4502.900924041492,4522.062204569327,42648300
2023-08-25,4522.0615234375,4541.222801079184,4464.577690512447,4522.0615234375,65093100
2023-08-28,4598.70703125,4617.868310546875,4522.0619140625,4560.38447265625,63980400
2023-08-29,4560.384765625,4617.868607208508,4560.384765625,4598.707326680672,50839300
2023-08-30,4579.5458984375,4675.352297986402,4541.22333861794,4541.22333861794,65727400
2023-08-31,4617.8681640625,4656.190721440612,4522.06177061722,4598.706885373444,159062900
2023-09-01,4656.19091796875,4694.513476964377,4637.029638470936,4656.19091796875,50796000
2023-09-04,4675.35205078125,4713.674608574539,4637.029492987961,4656.190771884606,56317700
2023-09-05,4675.35205078125,4713.674608574539,4656.190771884606,4675.35205078125,24893100
2023-09-06,4637.029296875,4694.513131133781,4637.029296875,4637.029296875,40547800
2023-09-07,4502.89990234375,4617.867559424867,4464.577349983378,4598.706283244681,124351400
2023-09-08,4522.0615234375,4541.222801079184,4426.255135229078,4522.0615234375,81980400
2023-09-11,4541.22314453125,4541.22314453125,4464.5780281678535,4522.061865440401,74510600
2023-09-12,4502.89990234375,4560.3837308843085,4483.738626163564,4560.3837308843085,54076800
2023-09-13,4483.73876953125,4483.73876953125,4426.2549391526445,4464.577492738382,69884000
2023-09-14,4464.57763671875,4502.90019154037,4426.2550818971295,4464.57763671875,59132600
2023-09-15,4541.22314453125,4579.545702712949,4483.739307258703,4522.061865440401,165106200
2023-09-18,4522.0615234375,4560.384078720868,4502.900245795816,4522.0615234375,53450400
2023-09-19,4598.70703125,4656.190869140625,4502.900634765625,4522.0619140625,84608400
2023-09-20,4656.19091796875,4694.513476964377,4637.029638470936,4675.352197466564,64864900
2023-09-21,4598.70703125,4656.190869140625,4579.545751953125,4637.02958984375,60535000
2023-09-22,4598.70703125,4637.02958984375,4579.545751953125,4598.70703125,51069900
2023-09-25,4598.70703125,4637.02958984375,4579.545751953125,4598.70703125,40650900
2023-09-26,4541.22314453125,4598.706981803797,4483.739307258703,4579.545702712949,109786400
2023-09-27,4598.70703125,4637.02958984375,4522.0619140625,4541.223193359375,75050600
2023-09-29,4617.8681640625,4637.0294427515555,4598.706885373444,4637.0294427515555,71554100
2023-10-02,4637.029296875,4675.35185304752,4617.868018788739,4617.868018788739,33296500
2023-10-03,4656.19091796875,4656.19091796875,4598.707079475308,4598.707079475308,37093100
2023-10-04,4694.51318359375,4694.51318359375,4579.545513791454,4656.190626992985,69154000
2023-10-05,4694.51318359375,4751.997018494898,4675.351905293367,4713.674461894133,69566800
2023-10-06,4617.8681640625,4713.67455750778,4617.8681640625,4713.67455750778,25913600
2023-10-09,4522.0615234375,4637.029189287606,4522.0615234375,4617.867911645922,45321700
2023-10-10,4598.70703125,4656.190869140625,4522.0619140625,4522.0619140625,42820800
2023-10-11,4637.029296875,4732.835687306301,4560.3841845299585,4560.3841845299585,72955000
2023-10-12,4656.19091796875,4732.836035960005,4637.029638470936,4656.19091796875,91341800
2023-10-13,4656.19091796875,4713.674756462191,4617.868358973123,4656.19091796875,39914700
2023-10-16,4617.8681640625,4656.190721440612,4579.545606684388,4617.8681640625,53416400
2023-10-17,4598.70703125,4617.868310546875,4541.223193359375,4598.70703125,74702300
2023-10-18,4483.73876953125,4560.383876702725,4464.577492738382,4541.2225999098555,80637400
2023-10-19,4387.9326171875,4445.416450600436,4368.771339383187,4426.2551727961245,160277800
2023-10-20,4407.09423828125,4445.416796875,4330.44912109375,4349.610400390625,82132000
2023-10-23,4349.6103515625,4387.932909726046,4311.287793398954,4368.7716306442735,73897500
2023-10-24,4407.09423828125,4445.416796875,4349.610400390625,4368.7716796875,72469200
2023-10-25,4483.73876953125,4522.061323116987,4426.2549391526445,4464.577492738382,90426500
2023-10-26,4368.77197265625,4483.739656147204,4368.77197265625,4445.4170949835525,86348700
2023-10-27,4368.77197265625,4426.255814401727,4368.77197265625,4407.094533819901,90177000
2023-10-30,4387.9326171875,4387.9326171875,4311.287505970251,4368.771339383187,81547000
2023-10-31,4349.6103515625,4483.739305134912,4330.4490724807265,4445.416746971366,99449400
2023-11-01,4330.44921875,4368.771778207964,4311.287939021017,4368.771778207964,74281200
2023-11-02,4522.0615234375,4541.222801079184,4387.932579945709,4407.093857587394,115678200
2023-11-03,4464.57763671875,4579.54530118361,4464.57763671875,4541.22274636199,53379500
2023-11-06,4541.22314453125,4541.22314453125,4483.739307258703,4522.061865440401,58266100
2023-11-07,4502.89990234375,4579.545007064495,4445.4160738031915,4560.3837308843085,56161300
2023-11-08,4483.73876953125,4483.73876953125,4387.932385566907,4426.2549391526445,63442400
2023-11-09,4502.89990234375,4522.061178523936,4445.4160738031915,4464.577349983378,45026200
2023-11-10,4426.25537109375,4483.739207081981,4426.25537109375,4483.739207081981,59611500
2023-11-13,4464.57763671875,4483.73891412956,4445.416359307939,4483.73891412956,17444600
2023-11-14,4464.57763671875,4522.06146895118,4445.416359307939,4464.57763671875,50587800
2023-11-15,4541.22314453125,4579.545702712949,4502.900586349552,4522.061865440401,74255700
2023-11-16,4541.22314453125,4541.22314453125,4464.5780281678535,4483.739307258703,36004500
2023-11-17,4522.0615234375,4560.384078720868,4483.738968154131,4502.900245795816,33963900
2023-11-20,4502.89990234375,4541.222454704122,4464.577349983378,4464.577349983378,20014600
2023-11-21,4502.89990234375,4541.222454704122,4464.577349983378,4483.738626163564,55094300
2023-11-22,4502.89990234375,4522.061178523936,4464.577349983378,4464.577349983378,21111100
2023-11-23,4522.0615234375,4560.384078720868,4522.0615234375,4560.384078720868,36725600
2023-11-24,4502.89990234375,4541.222454704122,4483.738626163564,4541.222454704122,27087900
2023-11-27,4522.0615234375,4541.222801079184,4502.900245795816,4522.0615234375,39719300
2023-11-28,4522.0615234375,4541.222801079184,4502.900245795816,4522.0615234375,58255800
2023-11-29,4483.73876953125,4541.2225999098555,4464.577492738382,4483.73876953125,36796600
2023-11-30,4483.73876953125,4541.2225999098555,4464.577492738382,4483.73876953125,117365000
2023-12-01,4522.0615234375,4522.0615234375,4464.577690512447,4483.738968154131,31365100
2023-12-04,4598.70703125,4617.868310546875,4522.0619140625,4541.223193359375,66145100
2023-12-05,4579.5458984375,4598.70717834728,4502.900778798378,4598.70717834728,58668400
2023-12-06,4445.4169921875,4560.384673019935,4445.4169921875,4541.223392881196,88747200
2023-12-07,4407.09423828125,4464.578076171875,4387.932958984375,4445.416796875,97966700
2023-12-08,4368.77197265625,4426.255814401727,4330.449411492598,4407.094533819901,98036700
2023-12-11,4426.25537109375,4445.416649756493,4330.448977780033,4330.448977780033,68655000
2023-12-12,4445.4169921875,4464.578272326239,4407.094431910021,4445.4169921875,55110500
2023-12-13,4387.9326171875,4426.2551727961245,4368.771339383187,4407.093894991812,121450600
2023-12-14,4560.384765625,4617.868607208508,4445.417082457983,4464.578362985819,171595800
2023-12-15,4522.0615234375,4598.7066340042375,4522.0615234375,4560.384078720868,142382200
2023-12-18,4541.22314453125,4560.384423622099,4483.739307258703,4483.739307258703,101458600
2023-12-19,4579.5458984375,4579.5458984375,4541.22333861794,4560.38461852772,40763200
2023-12-20,4541.22314453125,4579.545702712949,4522.061865440401,4522.061865440401,65361000
2023-12-21,4579.5458984375,4579.5458984375,4541.22333861794,4560.38461852772,50363900
2023-12-22,4579.5458984375,4579.5458984375,4541.22333861794,4560.38461852772,29975600
2023-12-27,4598.70703125,4617.868310546875,4541.223193359375,4598.70703125,43114900
2023-12-28,4694.51318359375,4713.674461894133,4598.706792091837,4637.029348692602,75118700
2023-12-29,4637.029296875,4694.513131133781,4598.70674070248,4694.513131133781,63097100
2024-01-02,4694.51318359375,4694.51318359375,4617.868070392219,4637.029348692602,26235700
2024-01-03,4675.35205078125,4713.674608574539,4637.029492987961,4675.35205078125,30053900
2024-01-04,4866.96484375,4905.287401574803,4675.352054625984,4694.513333538386,135344500
2024-01-05,4924.44873046875,4962.771288682515,4866.964893148103,4905.287451361867,114339400
2024-01-08,4905.28759765625,5058.577835083008,4886.126317977905,4981.932716369629,151018300
2024-01-09,4886.126953125,4943.610799632353,4866.965670955882,4924.449517463235,77953400
2024-01-10,4924.44873046875,4943.610009575632,4847.8036140412205,4886.126172254985,50019800
2024-01-11,4943.6103515625,4981.932912427325,4905.287790697675,4924.449071130088,32120200
2024-01-12,5039.41650390625,5116.061621836383,5001.0939449411835,5039.41650390625,114039700
2024-01-15,4981.93310546875,5077.739511343149,4962.77182429387,5039.416948993389,83066800
2024-01-16,5001.09375,5077.738864942528,4981.932471264367,5001.09375,83516800
2024-01-17,5001.09375,5077.738864942528,4981.932471264367,5001.09375,80929000
2024-01-18,5001.09375,5020.255028735633,4962.771192528736,5001.09375,78209900
2024-01-19,5001.09375,5001.09375,4924.448635057472,4981.932471264367,74814000
2024-01-22,4981.93310546875,5020.255667818509,4943.61054311899,4981.93310546875,96993100
2024-01-23,4981.93310546875,5020.255667818509,4943.61054311899,5001.09438664363,77037800
2024-01-24,4905.28759765625,4962.771436691284,4866.965038299561,4943.610157012939,97290600
2024-01-25,4809.48046875,4905.286852589641,4790.319191982072,4847.803022285857,99094100
2024-01-26,4828.6416015625,4847.802877759177,4771.15777297247,4790.319049169147,77236800
2024-01-29,4962.771484375,4962.771484375,4809.4812454753865,4866.965085062741,124753000
2024-01-30,5096.900390625,5135.222949953007,4943.6101533129695,4962.771432976973,123330900
2024-01-31,5096.900390625,5135.222949953007,5096.900390625,5096.900390625,128185000
2024-02-01,5020.25537109375,5077.739211220778,4981.932811009065,5039.416651136093,168145800
2024-02-02,5116.06103515625,5116.06103515625,5058.577203300561,5077.738480585791,120116200
2024-02-05,5231.02880859375,5326.835197029533,5116.06114247081,5135.2224201579675,150535100
2024-02-06,5250.1904296875,5307.674266508896,5192.706592866104,5231.029150747035,90146000
2024-02-07,5326.83544921875,5326.83544921875,5250.190334841502,5269.351613435814,88745500
2024-02-12,5441.802734375,5518.447843309859,5403.48017990757,5480.12528884243,162771300
2024-02-13,5384.3193359375,5460.964451039813,5384.3193359375,5441.8031722642345,102668900
2024-02-15,5518.44775390625,5652.576692369249,5480.125200059679,5595.092861599392,220530000
2024-02-16,5518.44775390625,5671.737969292534,5518.44775390625,5652.576692369249,142022100
2024-02-19,5480.1259765625,5614.254934030813,5460.964696924169,5480.1259765625,83753500
2024-02-20,5480.1259765625,5556.7710951158215,5480.1259765625,5556.7710951158215,87312000
2024-02-21,5556.7705078125,5556.7705078125,5422.641564520474,5460.964119746767,128063900
2024-02-22,5441.802734375,5518.447843309859,5441.802734375,5499.2865660761445,85735800
2024-02-23,5403.48046875,5441.803025265957,5365.157912234043,5403.48046875,109404700
2024-02-26,5403.48046875,5422.641747007979,5326.835355718085,5326.835355718085,65407700
2024-02-27,5422.6416015625,5441.802879306537,5345.996490586352,5345.996490586352,58066100
2024-02-28,5460.96435546875,5460.96435546875,5384.319241707785,5384.319241707785,49888400
2024-02-29,5365.15771484375,5480.12538016183,5365.15771484375,5460.964102608817,150713600
2024-03-01,5384.3193359375,5422.641893488657,5345.996778386343,5403.4806147130785,90739400
2024-03-04,5384.3193359375,5403.4806147130785,5345.996778386343,5365.1580571619215,44707200
2024-03-05,5384.3193359375,5441.8031722642345,5365.1580571619215,5422.641893488657,92557200
2024-03-06,5422.6416015625,5441.802879306537,5365.1577683303885,5365.1577683303885,74178100
2024-03-07,5441.802734375,5460.964011608715,5384.3189026738555,5422.641457141285,94950400
2024-03-08,5460.96435546875,5499.286912349233,5441.803077028509,5480.125633908991,109032400
2024-03-13,5575.93212890625,5575.93212890625,5480.125734938789,5556.770850112757,126022700
2024-03-14,5671.73828125,5671.73828125,5537.609335409628,5556.770613386824,161193000
2024-03-15,5671.73828125,5748.383393158783,5575.93189136402,5710.060837204392,250581100
2024-03-18,5499.28759765625,5690.900405936955,5499.28759765625,5690.900405936955,105778200
2024-03-19,5575.93212890625,5633.4159652867265,5537.609571319265,5556.770850112757,100836600
2024-03-20,5679.82666015625,5679.82666015625,5639.544201573582,5679.82666015625,83416700
2024-03-21,5679.82666015625,5800.674035904255,5679.82666015625,5720.109118738918,81774800
2024-03-22,5679.82666015625,5699.967889447585,5599.261742990913,5639.544201573582,65219900
2024-03-25,5840.9560546875,5840.9560546875,5639.543776939655,5840.9560546875,78212700
2024-03-26,5780.533203125,5820.815664470819,5740.250741779181,5820.815664470819,74274300
2024-03-27,5780.533203125,5840.956895143729,5780.533203125,5800.67443379791,46295700
2024-03-28,5840.9560546875,5840.9560546875,5740.249915813577,5760.391143588362,90900900
2024-04-01,5558.9794921875,5840.956712805707,5438.132111922555,5840.956712805707,158358600
2024-04-02,5558.9794921875,5558.9794921875,5397.849651834239,5558.9794921875,135764900
2024-04-03,5458.2734375,5599.262050276752,5377.708515913284,5599.262050276752,115372600
2024-04-04,5538.83837890625,5579.120839843749,5438.132226562499,5438.132226562499,63174900
2024-04-05,5498.55517578125,5558.978859031593,5498.55517578125,5498.55517578125,46111500
2024-04-16,5337.42578125,5417.99069870283,5075.589799528302,5115.872258254717,180012400
2024-04-17,5337.42578125,5458.273157429245,5337.42578125,5397.849469339622,83840200
2024-04-18,5478.4140625,5558.978975183823,5417.990377987133,5478.4140625,106893900
2024-04-19,5417.99072265625,5478.414411013011,5357.567034299489,5417.99072265625,47943300
2024-04-22,5417.99072265625,5538.838099369772,5297.143345942728,5538.838099369772,121727900
2024-04-23,5498.55517578125,5579.120086781708,5417.990264780792,5518.696403531364,106699200
2024-04-24,5679.82666015625,5679.82666015625,5558.979284408245,5579.120513699579,117586500
2024-04-25,5599.26171875,5699.967864770683,5579.120489545863,5679.826635566546,111803500
2024-04-26,5438.13232421875,5659.6858633535885,5438.13232421875,5639.544632523149,125875000
2024-04-29,5579.12060546875,5599.261835091381,5357.56707961981,5357.56707961981,77938400
2024-04-30,5558.9794921875,5679.826872452446,5458.273341966712,5478.41457201087,189991300
2024-05-02,5095.73095703125,5478.414309535573,4874.177437160326,5478.414309535573,501849300
2024-05-03,4954.7421875,5176.295699949187,4874.177273882114,5075.589557926829,269305400
2024-05-06,5055.4482421875,5156.154382470119,4954.742101904881,5035.307014130976,184234200
2024-05-07,5055.4482421875,5156.154382470119,5035.307014130976,5095.730698300548,130410300
2024-05-08,5055.4482421875,5196.436838583168,5035.307014130976,5095.730698300548,117065300
2024-05-13,4995.02490234375,5055.448590678553,4934.601214008946,4995.02490234375,128638300
2024-05-14,4995.02490234375,5075.589820123488,4974.883672898815,4974.883672898815,94048400
2024-05-15,5136.01416015625,5156.155392156862,4995.02553615196,4995.02553615196,80923000
2024-05-16,5115.8720703125,5236.7194420521655,5095.730841689223,5196.43698480561,114806300
2024-05-17,5297.1435546875,5357.56724542538,5115.872482473859,5115.872482473859,133153900
2024-05-20,5095.73095703125,5337.425705981349,4995.024811635376,5277.002018743824,168796000
2024-05-21,4854.0361328125,5055.448420481069,4813.753675278786,5015.165962947355,307362900
2024-05-22,4874.17724609375,4954.742159252324,4793.612332935176,4833.894789514463,171675900
2024-05-27,4692.90625,4874.177306866953,4692.90625,4854.03607832618,258450900
2024-05-28,4793.61279296875,4854.036483636423,4692.906641855961,4713.0478720785195,93701700
2024-05-29,4672.765625,4733.189318426724,4592.200700431034,4692.906856142241,169386300
2024-05-30,4733.1884765625,4833.894614361702,4451.211290724734,4652.623566323138,236632600
2024-05-31,4753.330078125,4854.0362238479875,4753.330078125,4833.89499470339,169567000
2024-06-03,4914.4599609375,4954.742419633709,4854.036272893187,4894.318731589396,92525600
2024-06-04,4954.7421875,5055.448329522358,4934.600959095528,4954.7421875,137800600
2024-06-05,4833.89501953125,4954.742395019531,4813.753790283203,4934.601165771484,102327300
2024-06-06,4974.8837890625,4995.025018977733,4894.318869401569,4934.601329232035,85735200
2024-06-07,5055.4482421875,5055.4482421875,4954.742101904881,5035.307014130976,99092800
2024-06-10,5055.4482421875,5115.871926357072,4995.024558017928,5055.4482421875,80154400
2024-06-11,4934.60107421875,5035.307218590561,4934.60107421875,4995.024760841837,56254400
2024-06-12,4773.47119140625,4894.318563340586,4753.329962750528,4874.177334684863,120857200
2024-06-13,4733.1884765625,4833.894614361702,4713.04724900266,4813.753386801862,162616700
2024-06-14,4632.48291015625,4733.189060377038,4551.91798997962,4713.047830332881,203241500
2024-06-19,4632.48291015625,4713.047830332881,4572.059220023777,4652.624140200408,116004200
2024-06-20,4793.61279296875,4793.61279296875,4632.482951188288,4692.906641855961,82660000
2024-06-21,4934.60107421875,4995.024760841837,4854.036158721301,4874.177387595663,184240600
2024-06-24,4833.89501953125,4934.601165771484,4833.89501953125,4894.318707275391,58831900
2024-06-25,4773.47119140625,4813.753648717695,4692.906276783359,4773.47119140625,159983800
2024-06-26,4713.04736328125,4854.035959618723,4713.04736328125,4793.612275474092,92895700
2024-06-27,4833.89501953125,4894.318707275391,4733.188873291016,4753.330102539062,117602400
2024-06-28,4954.7421875,5035.307101117886,4833.894817073171,4833.894817073171,191371600
2024-07-01,5035.30712890625,5035.30712890625,4914.4597578125,4974.883443359376,100408200
2024-07-02,4995.02490234375,5115.872279013357,4954.742443453881,5055.448590678553,159356600
2024-07-03,5015.166015625,5075.589702560241,4914.459870732932,5055.448473581828,70017100
2024-07-04,5035.30712890625,5156.154500000001,5015.165900390625,5035.30712890625,90147800
2024-07-05,5176.2958984375,5236.719585967899,5075.589752553502,5095.730981730301,111646800
2024-07-08,5015.166015625,5176.295847452309,4995.024786646587,5156.154618473895,138144000
2024-07-09,5136.01416015625,5156.155392156862,4995.02553615196,5015.166768152573,84177600
2024-07-10,5136.01416015625,5196.437856158088,5075.590464154411,5136.01416015625,59685300
2024-07-11,5156.15478515625,5176.296014785767,5115.872325897217,5156.15478515625,66789800
2024-07-12,5176.2958984375,5277.002044321498,5156.1546692607,5196.437127614299,136132200
2024-07-15,5115.8720703125,5196.43698480561,5075.589613065945,5196.43698480561,66071800
2024-07-16,5115.8720703125,5156.154527559055,5075.589613065945,5156.154527559055,64687900
2024-07-17,5196.4375,5256.861191860466,5136.013808139535,5196.4375,109729800
2024-07-18,5277.00244140625,5317.284902791031,5236.719980021469,5277.00244140625,132532000
2024-07-19,5256.86083984375,5256.86083984375,5196.437152029454,5236.719610572318,63165500
2024-07-22,5397.849609375,5397.849609375,5256.861000174907,5297.143459946362,110467000
2024-07-23,5337.42578125,5438.131928066037,5277.002093160378,5438.131928066037,77861700
2024-07-24,5216.57861328125,5297.143533949686,5216.57861328125,5236.719843448359,63940900
2024-07-25,5297.1435546875,5297.1435546875,5156.15494296578,5196.4374034576995,66655400
2024-07-26,5277.00244140625,5337.426133483421,5236.719980021469,5297.14367209864,76519500
2024-07-29,5216.57861328125,5277.002303782577,5196.437383114141,5277.002303782577,54435300
2024-07-30,5216.57861328125,5277.002303782577,5136.013692612813,5216.57861328125,86701400
2024-07-31,5156.15478515625,5216.5784740448,5136.013555526733,5156.15478515625,99004100
2024-08-01,5438.13232421875,5438.13232421875,5236.720015914352,5277.002477575232,163086200
2024-08-02,5478.4140625,5538.837747012868,5377.70792164522,5397.849149816177,167892400
2024-08-05,5297.1435546875,5417.990936163261,5236.71986394962,5397.8497059173005,184384000
2024-08-06,5337.42578125,5397.849469339622,5256.860863797169,5357.5670106132075,95785000
2024-08-07,5458.2734375,5458.2734375,5357.567285516605,5417.990976706642,84582200
2024-08-08,5478.4140625,5518.696518841912,5417.990377987133,5478.4140625,81408500
2024-08-09,5518.69677734375,5558.979235572536,5478.414319114963,5498.555548229357,79710700
2024-08-12,5558.9794921875,5558.9794921875,5458.273341966712,5538.838262143343,50756000
2024-08-13,5639.5439453125,5639.5439453125,5518.696575055804,5518.696575055804,68666000
2024-08-14,5699.9677734375,5720.1090023189045,5659.685315674691,5699.9677734375,97695100
2024-08-15,5659.685546875,5699.968006283363,5579.120628058275,5699.968006283363,75955500
2024-08-16,5699.9677734375,5740.250231200309,5659.685315674691,5699.9677734375,64266400
2024-08-19,5760.3916015625,5760.3916015625,5659.685454682037,5699.967913434221,50246100
2024-08-20,5800.67333984375,5921.520701090495,5760.390886094835,5800.67333984375,102615900
2024-08-21,5840.9560546875,5881.238510237069,5820.814826912715,5881.238510237069,88487800
2024-08-22,5679.82666015625,5780.532806612921,5579.120513699579,5760.391577321587,157323000
2024-08-23,5679.82666015625,5699.967889447585,5619.402972282247,5639.544201573582,111752100
2024-08-26,5679.82666015625,5720.109118738918,5639.544201573582,5679.82666015625,78515400
2024-08-27,5659.685546875,5679.826776579182,5579.120628058275,5659.685546875,91686700
2024-08-28,5820.81494140625,5820.81494140625,5639.543887867647,5659.685116038603,114606200
2024-08-29,5720.10888671875,5881.2387145136445,5720.10888671875,5881.2387145136445,94475900
2024-08-30,5740.25048828125,5780.532947848136,5699.968028714364,5720.109258497807,153760500
2024-09-02,5800.67333984375,5861.097020467122,5740.249659220378,5800.67333984375,82176000
2024-09-03,5699.9677734375,5840.956375607332,5679.8265445560955,5800.673917844523,75100800
2024-09-04,5780.533203125,5780.533203125,5639.544588414634,5639.544588414634,78789800
2024-09-05,5780.533203125,5820.815664470819,5740.250741779181,5740.250741779181,59432000
2024-09-06,5840.9560546875,5861.097282462284,5760.391143588362,5780.532371363146,63619300
2024-09-09,5840.9560546875,5840.9560546875,5800.673599137931,5840.9560546875,71430300
2024-09-10,5840.9560546875,5861.097282462284,5820.814826912715,5840.9560546875,73515700
2024-09-11,5941.66259765625,5961.803826800848,5861.09768107786,5881.238910222458,91822300
2024-09-12,5881.2392578125,5981.945409487371,5881.2392578125,5941.662948817422,68254300
2024-09-13,5861.09765625,5881.238885309279,5820.815198131443,5881.238885309279,45854000
2024-09-17,5981.94482421875,6002.086052583123,5881.238682396885,5901.3799107612585,96428000
2024-09-18,5961.8037109375,6002.086168443834,5921.521253431165,5941.6624821843325,47279200
2024-09-19,5961.8037109375,6082.651083456503,5961.8037109375,6002.086168443834,124377800
2024-09-20,5881.2392578125,5981.945409487371,5881.2392578125,5961.8041791523965,97901700
2024-09-23,6002.08642578125,6002.08642578125,5881.239048080956,5901.380277697672,79675600
2024-09-24,5981.94482421875,6022.227280947496,5941.662367490004,5961.803595854377,81817100
2024-09-25,5800.67333984375,5921.520701090495,5679.825978597005,5921.520701090495,192197100
2024-09-26,5780.533203125,5800.67443379791,5720.109511106271,5780.533203125,173044000
2024-09-27,5679.82666015625,5740.250348030253,5639.544201573582,5659.685430864916,161405200
2024-09-30,5579.12060546875,5659.685523959273,5538.838146223488,5639.544294336642,166203500
2024-10-01,5679.82666015625,5699.967889447585,5599.261742990913,5639.544201573582,82690100
2024-10-02,5619.4033203125,5720.109473006272,5579.120859234991,5659.68578139001,91076400
2024-10-03,5679.82666015625,5699.967889447585,5558.979284408245,5639.544201573582,86264900
2024-10-04,5599.26171875,5679.826635566546,5558.979260341726,5659.68540636241,79485300
2024-10-07,5538.83837890625,5579.120839843749,5478.4146875,5579.120839843749,103943100
2024-10-08,5699.9677734375,5780.532688963119,5458.273026860645,5498.5554846234545,132141500
2024-10-09,5599.26171875,5780.53278158723,5599.26171875,5699.967864770683,76515700
2024-10-10,5599.26171875,5679.826635566546,5558.979260341726,5579.120489545863,44291900
2024-10-11,5599.26171875,5659.68540636241,5579.120489545863,5659.68540636241,45331500
2024-10-14,5579.12060546875,5619.403064714012,5558.979375846119,5579.12060546875,55885300
2024-10-15,5679.82666015625,5720.109118738918,5579.120513699579,5639.544201573582,90358600
2024-10-16,5639.5439453125,5699.967630440849,5579.120260184151,5679.826402064732,133022500
2024-10-17,5820.81494140625,5840.956169577206,5639.543887867647,5679.826344209559,90219900
2024-10-18,5780.533203125,5881.239356489547,5780.533203125,5861.098125816638,57379200
2024-10-21,5800.67333984375,5840.955793592665,5740.249659220378,5840.955793592665,43056000
2024-10-22,5699.9677734375,5780.532688963119,5699.9677734375,5760.391460081713,43582700
2024-10-23,5699.9677734375,5740.250231200309,5659.685315674691,5699.9677734375,38222900
2024-10-24,5619.4033203125,5760.391934083782,5619.4033203125,5639.544550851255,65877100
2024-10-25,5679.82666015625,5679.82666015625,5619.402972282247,5619.402972282247,34637500
2024-10-28,5498.55517578125,5699.967453282395,5478.413948031135,5699.967453282395,114500800
2024-10-29,5498.55517578125,5518.696403531364,5417.990264780792,5478.413948031135,91268300
2024-10-30,5438.13232421875,5458.27355504919,5297.1437084056715,5297.1437084056715,122132700
2024-10-31,5397.849609375,5498.555758803638,5397.849609375,5438.132069146455,126730700
2024-11-01,5357.5673828125,5417.991075099859,5277.002459762688,5417.991075099859,101423100
2024-11-04,5438.13232421875,5478.41478587963,5256.861246744792,5317.284939236111,80208800
2024-11-05,5579.12060546875,5599.261835091381,5377.708309242441,5417.990768487703,88661200
2024-11-06,5277.00244140625,5579.120901792104,5277.00244140625,5579.120901792104,147272800
2024-11-07,5176.2958984375,5277.002044321498,5176.2958984375,5236.719585967899,154758500
2024-11-08,5095.73095703125,5256.860789664649,5055.4484988729,5176.29587334795,192423000
2024-11-11,5115.8720703125,5196.43698480561,4954.742241326279,5075.589613065945,125606000
2024-11-12,5136.01416015625,5196.437856158088,5095.731696155024,5136.01416015625,117281700
2024-11-13,5176.2958984375,5277.002044321498,5156.1546692607,5236.719585967899,102748300
2024-11-14,5136.01416015625,5216.579088158701,5115.872928155637,5136.01416015625,69750600
2024-11-15,5115.8720703125,5156.154527559055,5075.589613065945,5075.589613065945,41079700
2024-11-18,5095.73095703125,5176.29587334795,5015.166040714551,5115.872186110425,77471700
2024-11-19,5035.30712890625,5136.013271484375,5015.165900390625,5136.013271484375,95495700
2024-11-20,5015.166015625,5115.872160517069,4995.024786646587,5095.730931538655,68707200
2024-11-21,4954.7421875,5015.1658727134145,4934.600959095528,5015.1658727134145,76579300
2024-11-22,5035.30712890625,5075.5895859375005,4914.4597578125,4934.600986328125,80236400
2024-11-25,5297.1435546875,5317.28478493346,5095.731252227899,5095.731252227899,183449100
2024-11-26,5156.15478515625,5317.284622192383,5095.7310962677,5317.284622192383,107194300
2024-11-28,5196.4375,5256.861191860466,5115.87257751938,5115.87257751938,81883200
2024-11-29,4954.7421875,5136.013243140244,4934.600959095528,5095.730786331301,157628700
2024-12-02,4833.89501953125,5035.307312011719,4813.753790283203,4974.883624267578,114555300
2024-12-03,5055.4482421875,5055.4482421875,4914.459645791832,4914.459645791832,99509800
2024-12-04,5136.01416015625,5196.437856158088,5015.166768152573,5055.449232153799,75260000
2024-12-05,4954.7421875,5136.013243140244,4954.7421875,5115.872014735773,69528700
2024-12-06,5015.166015625,5055.448473581828,4934.601099711345,4995.024786646587,75989700
2024-12-09,5136.01416015625,5136.01416015625,4974.884304151347,4974.884304151347,74220300
2024-12-10,5075.58935546875,5095.730583069817,5015.165672665551,5055.448127867684,92245000
2024-12-11,5075.58935546875,5156.154265873016,5075.58935546875,5075.58935546875,62509600
2024-12-12,4934.60107421875,5015.165989716199,4914.459845344388,4995.024760841837,96707500
2024-12-13,4854.0361328125,4914.459819113071,4813.753675278786,4854.0361328125,135581400
2024-12-16,4894.31884765625,4914.4600774819955,4753.3302388760285,4753.3302388760285,105375900
2024-12-17,4793.61279296875,4894.3189440815395,4773.471562746193,4874.177713858981,72109300
2024-12-18,4692.90625,4833.894849785408,4652.623792918455,4773.47116416309,153164600
2024-12-19,4572.05908203125,4612.341540903772,4511.635393722467,4531.7766231587275,277793000
2024-12-20,4572.05908203125,4632.482770340033,4531.7766231587275,4572.05908203125,148568600
2024-12-23,4692.90625,4733.188707081545,4612.34133583691,4672.765021459228,82910100
2024-12-24,4632.48291015625,4733.189060377038,4632.48291015625,4692.906600288723,41240900
2024-12-27,4672.765625,4713.048087284483,4632.483162715517,4632.483162715517,46126800
2024-12-30,4592.20068359375,4632.483145730537,4551.918221456963,4572.059452525356,96782100
2025-01-02,4713.04736328125,4713.04736328125,4592.199994991987,4592.199994991987,82914600
2025-01-03,4672.765625,4733.189318426724,4652.624393857758,4713.048087284483,58067100
2025-01-06,4572.05908203125,4692.906458648816,4551.917852594989,4692.906458648816,68443700
2025-01-07,4511.6357421875,4551.918204171317,4471.353280203683,4511.6357421875,96982300
2025-01-08,4632.48291015625,4632.48291015625,4511.635529891305,4511.635529891305,118246100
2025-01-09,4632.48291015625,4652.624140200408,4592.200450067935,4612.341680112093,56491700
2025-01-10,4511.6357421875,4652.624359130859,4511.6357421875,4632.483128138951,77751500
2025-01-13,4451.2119140625,4471.353144442874,4410.929453301754,4431.070683682127,99953900
2025-01-14,4350.505859375,4491.4944751880785,4350.505859375,4370.64709020544,97351900
2025-01-15,4632.48291015625,4692.906600288723,4390.788149626359,4410.929379670517,194025700
2025-01-16,4733.1884765625,4995.024434840425,4713.04724900266,4894.318297041224,204359900
2025-01-17,4733.1884765625,4874.177069481383,4632.482338763298,4672.764793882979,114054600
2025-01-20,4833.89501953125,4874.177478027344,4773.471331787109,4833.89501953125,84338400
2025-01-21,4874.17724609375,4974.883387541968,4854.036017804106,4914.459702673037,115355900
2025-01-22,4954.7421875,4995.024644308944,4914.459730691057,4954.7421875,117929800
2025-01-23,4974.8837890625,5075.5899386386645,4974.8837890625,4995.025018977733,120893700
2025-01-24,4934.60107421875,5035.307218590561,4934.60107421875,5035.307218590561,96161800
2025-01-30,4914.4599609375,5015.166107678023,4894.318731589396,4914.4599609375,101400400
2025-01-31,4854.0361328125,5015.165962947355,4854.0361328125,4974.883505413642,107861000
2025-02-03,4672.765625,4833.895474137931,4592.200700431034,4813.754242995689,182181700
2025-02-04,4572.05908203125,4713.047688085077,4531.7766231587275,4692.906458648816,121871500
2025-02-05,4451.2119140625,4511.63560520362,4410.929453301754,4511.63560520362,185656000
2025-02-06,4108.810546875,4370.646513097427,4028.2456341911766,4370.646513097427,642118700
2025-02-07,4149.09326171875,4149.09326171875,3987.9634263121966,4028.245885163835,407896100
2025-02-10,4028.246337890625,4149.093728027344,4020.189845214844,4149.093728027344,169384300
2025-02-11,3931.56787109375,3987.9633118676356,3826.833481085105,3826.833481085105,316743200
2025-02-12,3979.906982421875,3987.9634742891258,3891.2855718821165,3963.7939986873735,225073300
2025-02-13,4048.386962890625,4088.66942023282,3947.6808195351364,3979.906785408893,215271400
2025-02-14,4128.95166015625,4189.375342987804,4004.0760489710365,4108.810432545732,239709300
2025-02-17,4370.64697265625,4410.929433233727,4169.234669768865,4189.375900057604,223837300
2025-02-18,4390.78759765625,4471.352507704989,4330.363915119697,4390.78759765625,157430200
2025-02-19,4169.234375,4350.505434782609,4128.951917270531,4330.364205917875,204335500
2025-02-20,4149.09326171875,4209.516949996208,4108.810802867111,4128.95203229293,98363500
2025-02-21,4088.669189453125,4108.810416987377,4028.245506850369,4028.245506850369,152528600
2025-02-24,4048.386962890625,4088.66942023282,4012.132751282649,4068.5281915617225,127578500
2025-02-25,3923.51123046875,4048.386844580178,3915.4547392357545,4028.2456164976898,224607800
2025-02-26,3963.7939453125,4012.1328958650915,3907.3985030011436,3915.4549947599085,161836900
2025-02-27,3754.324951171875,3987.963199206176,3754.3249511718745,3971.8502165831205,334919800
2025-02-28,3705.986572265625,3778.4950052012564,3665.7041095236073,3722.099557362432,464696700
2025-03-03,3947.6806640625,4012.1325932716836,3786.5508410395405,3826.83329679528,257118300
2025-03-04,3899.341796875,3963.7937274018595,3826.833375032283,3947.6807447701444,144346500
2025-03-05,3915.454833984375,4068.528171115451,3915.454833984375,3915.454833984375,252222800
2025-03-06,3923.51123046875,4012.132634031699,3923.51123046875,3955.7371954007313,194909200
2025-03-07,3899.341796875,3923.5112708225724,3875.1723229274276,3923.5112708225724,117916600
2025-03-10,3794.607666015625,3834.890125315154,3754.325206716096,3810.7206497354364,231152200
2025-03-11,3818.777099609375,3851.003066694686,3738.212181896097,3746.2686736674245,150738100
2025-03-12,3931.56787109375,3931.56787109375,3826.833481085105,3826.833481085105,129973900
2025-03-13,3818.777099609375,3979.906935035931,3794.6076242953914,3979.906935035931,176286000
2025-03-14,3818.777099609375,3867.116050237342,3738.212181896097,3738.212181896097,154331400
2025-03-17,3770.43798828125,3842.9464111328125,3754.325005425347,3818.7769368489585,135692800
2025-03-18,3649.5908203125,3778.4946903456125,3464.2915071399007,3770.438198468543,387565100
2025-03-19,3770.43798828125,3786.550971137153,3577.0821940104165,3649.590616861979,273084900
2025-03-20,3722.099609375,3842.946999289773,3714.043116714015,3834.890506628788,138209700
2025-03-21,3552.912841796875,3714.0426758919716,3528.743366682611,3705.9861841872166,374396400
2025-03-24,3593.1953125,3649.5907546244393,3424.0089861266815,3504.5739034473095,319017400
2025-03-25,3818.777099609375,3875.1725420086696,3625.4212970975077,3625.4212970975077,313034100
2025-03-26,4149.09326171875,4169.234491144569,3971.850442771541,4012.1329016231794,582172700
2025-03-27,4189.3759765625,4229.658437875601,4068.528592623197,4149.0935152493985,301025300
2025-04-08,3762.381591796875,3891.285457896982,3625.4212340655113,3625.4212340655113,738455000
2025-04-09,3794.607666015625,3859.0596008948714,3730.1557311363786,3730.1557311363786,316821100
2025-04-10,4048.386962890625,4209.5167922594055,4004.07625981421,4189.375563588308,559966600
2025-04-11,4108.810546875,4169.234231387868,3987.963177849265,4028.2456341911766,384917500
2025-04-14,4211.83154296875,4211.83154296875,4123.161405222039,4123.161405222039,423716000
2025-04-15,4176.36376953125,4273.900927630706,4176.36376953125,4256.16689888535,230981700
2025-04-16,4105.42724609375,4211.831407979549,4069.959192131817,4202.964394489066,201660000
2025-04-17,4078.826416015625,4132.028499702785,4052.2253741720447,4105.427457859205,165381400
2025-04-21,4087.693603515625,4114.294646488612,4043.3585318939804,4078.826589191296,83034600
2025-04-22,4185.23095703125,4185.23095703125,4069.959765418101,4087.693794897047,126426200
2025-04-23,4344.8369140625,4344.8369140625,4202.964688297194,4238.43274473852,273395600
2025-04-24,4335.97021484375,4455.674914026553,4309.369170580904,4389.17230336944,282970000
2025-04-25,4344.8369140625,4398.03899872449,4344.8369140625,4398.03899872449,134208400
2025-04-28,4362.57080078125,4415.772883717606,4335.969759313071,4389.171842249428,90697900
2025-04-29,4380.30517578125,4389.172190307123,4327.103088626012,4371.438161255377,108857600
2025-04-30,4335.97021484375,4362.571259106595,4265.034096809496,4344.837229598032,278360600
2025-05-02,4398.0390625,4415.773090977823,4353.703991305443,4415.773090977823,146800800
2025-05-05,4415.7734375,4522.177616716867,4398.039407630522,4424.640452434739,154073100
2025-05-06,4415.7734375,4477.842542043173,4415.7734375,4455.675004706325,120165500
2025-05-07,4389.171875,4477.84201388889,4389.171875,4477.84201388889,100674600
2025-05-08,4247.30029296875,4455.6751507657555,4247.30029296875,4398.039551800626,205199700
2025-05-09,4229.5654296875,4282.767510564073,4211.831402728642,4247.299456646358,164014200
2025-05-14,4477.84228515625,4477.84228515625,4327.103039913366,4335.970054339418,342468200
2025-05-15,4721.685546875,4788.188160211268,4477.842631308686,4500.010169087442,300147300
2025-05-16,4854.69091796875,4854.69091796875,4610.847995148402,4810.355841092323,229382100
2025-05-19,4899.025390625,4943.360462033371,4788.1877121040725,4832.522783512443,191440600
2025-05-20,4788.18798828125,4921.193210177951,4743.852914315683,4876.858136212384,145525700
2025-05-21,4832.52294921875,4921.193095075974,4766.020339825831,4788.187876290138,167239400
2025-05-22,4832.52294921875,4876.858022147362,4788.187876290138,4832.52294921875,137585600
2025-05-23,4810.35546875,4854.6905421947,4766.0203953053,4832.523005472351,67336400
2025-05-26,4854.69091796875,4854.69091796875,4699.518148901256,4810.355841092323,102960800
2025-05-27,4788.18798828125,4876.858136212384,4788.18798828125,4876.858136212384,86083800
2025-05-28,4699.517578125,4810.355256854363,4699.517578125,4788.18772110849,190669100
2025-06-02,4500.01025390625,4655.183021282328,4455.675177513085,4610.847944889162,373474500
2025-06-03,4477.84228515625,4544.34489335164,4389.17214089573,4522.1773572865095,169321800
2025-06-04,4455.6748046875,4544.344950054416,4415.773239272388,4544.344950054416,139577800
2025-06-05,4500.01025390625,4500.01025390625,4433.507639316503,4477.842715709668,69179700
2025-06-10,4655.1826171875,4655.1826171875,4500.00986328125,4500.00986328125,158265000
2025-06-11,4610.84716796875,4699.517305814303,4566.512099045974,4699.517305814303,90666100
2025-06-12,4588.68017578125,4633.015249943388,4544.345101619113,4633.015249943388,72423700
2025-06-13,4566.51220703125,4655.182346973605,4522.177137060073,4588.679742016839,128071000
2025-06-16,4566.51220703125,4610.847277002427,4522.177137060073,4566.51220703125,61695600
2025-06-17,4522.1767578125,4633.014423445159,4522.1767578125,4588.679357192095,70657700
2025-06-18,4500.01025390625,4522.177792102832,4455.675177513085,4500.01025390625,53353000
2025-06-19,4406.90576171875,4477.841870559293,4353.7036800883425,4477.841870559293,114769600
2025-06-20,4371.43798828125,4424.640073331326,4282.767846531123,4380.305002456263,301154300
2025-06-23,4362.57080078125,4371.437814603976,4256.166634908536,4318.235731667619,119439200
2025-06-24,4455.6748046875,4544.344950054416,4455.6748046875,4477.842341029229,126563900
2025-06-25,4327.10302734375,4477.842272148758,4327.10302734375,4455.674736148021,139963400
2025-06-26,4455.6748046875,4455.6748046875,4353.704137515547,4389.172195662313,94704500
2025-06-30,4327.10302734375,4477.842272148758,4327.10302734375,4477.842272148758,220479900
2025-07-01,4211.83154296875,4353.703763363487,4176.363487870066,4344.836749588816,319875800
2025-07-02,4229.5654296875,4229.5654296875,4176.363348810928,4194.097375769786,159152200
2025-07-03,4202.96484375,4300.502002571203,4185.230814873418,4238.432901503164,103849000
2025-07-04,4202.96484375,4247.299915941456,4167.496785996836,4211.831858188291,104170500
2025-07-07,4202.96484375,4211.831858188291,4149.762757120254,4202.96484375,120538300
2025-07-08,4185.23095703125,4211.832001249669,4167.4969275523035,4176.363942291777,132853800
2025-07-09,4176.36376953125,4220.698841394639,4140.8957120405385,4185.230783903928,110198500
2025-07-10,4273.900390625,4282.767403883558,4194.0972712979765,4211.831297815093,160889700
2025-07-11,4406.90576171875,4424.6397889288855,4282.767571247799,4300.501598457935,219980300
2025-07-14,4158.6298828125,4424.640323077691,4140.895853461487,4415.773308402186,429438700
2025-07-15,4167.49658203125,4202.964638048537,4158.629568026928,4167.49658203125,206958200
2025-07-16,4158.6298828125,4220.698985541045,4149.762868136993,4194.097941514526,323831100
2025-07-17,4185.23095703125,4185.23095703125,4149.762898073358,4167.4969275523035,120304000
2025-07-18,4202.96484375,4265.033944818038,4185.230814873418,4220.698872626583,161262400
2025-07-21,4149.7626953125,4229.56582406851,4149.7626953125,4229.56582406851,103387400
2025-07-22,4132.02880859375,4176.363881647331,4123.161793983034,4149.762837815182,132984400
2025-07-23,4149.7626953125,4158.629709618724,4132.028666700054,4132.028666700054,115298400
2025-07-24,4256.16650390625,4291.634558105468,4149.762341308594,4158.629354858398,273623100
2025-07-25,4158.6298828125,4256.16704424307,4158.6298828125,4256.16704424307,88471700
2025-07-28,4167.49658203125,4211.831652052859,4158.629568026928,4194.097624044215,112048900
2025-07-29,4176.36376953125,4185.230783903928,4158.629740785894,4167.496755158572,74422700
2025-07-30,4096.56103515625,4185.23118743236,4096.56103515625,4176.364172204748,141263400
2025-07-31,3999.0234375,4114.294623059867,3999.0234375,4087.693580238359,155903600
2025-08-01,4016.75732421875,4087.6934359047323,3999.0232962972545,4052.2253800617414,157949900
2025-08-04,4096.56103515625,4105.428050383861,3999.0238676525296,4016.7578981077513,174404800
2025-08-05,4211.83154296875,4238.432584292764,4132.028418996711,4158.629460320724,277668300
2025-08-06,4167.49658203125,4211.831652052859,4158.629568026928,4211.831652052859,79277900
2025-08-07,4149.7626953125,4202.96478114984,4149.7626953125,4202.96478114984,61453100
2025-08-08,4140.89599609375,4167.497041036537,4132.028981112821,4149.763011074679,71516700
2025-08-11,4185.23095703125,4238.433045468088,4167.4969275523035,4176.363942291777,105204200
2025-08-12,4353.7041015625,4362.571116025967,4211.831870147022,4229.565899073956,301599000
2025-08-13,4318.23583984375,4406.905980292287,4309.368825798896,4371.437924112872,180844900
2025-08-14,4300.501953125,4371.438067815722,4291.63493878866,4353.704039143041,109457100
2025-08-15,4300.501953125,4371.438067815722,4300.501953125,4335.970010470361,126685400
2025-08-19,4256.16650390625,4318.235598754883,4238.432476806641,4309.3685852050785,116454000
2025-08-20,4389.171875,4389.171875,4238.432638888889,4247.299652777778,144622900
2025-08-21,4344.8369140625,4389.171984614158,4309.368857621173,4389.171984614158,132019200
2025-08-22,4335.97021484375,4362.571259106595,4318.236185335187,4362.571259106595,73104500
2025-08-25,4389.171875,4415.772916666667,4362.570833333333,4389.171875,149580800
2025-08-26,4344.8369140625,4389.171984614158,4309.368857621173,4389.171984614158,308891700
2025-08-27,4256.16650390625,4327.102612304688,4256.16650390625,4291.634558105468,113576300
2025-08-28,4229.5654296875,4300.5015375229295,4229.5654296875,4247.299456646358,111707400
2025-08-29,4194.09765625,4211.8316843948205,4132.028557743129,4185.230642177589,176485100
2025-09-01,4078.826416015625,4140.895513650646,3954.688220745584,4034.4913462763247,320335300
2025-09-02,4052.2255859375,4140.895730049918,4043.3585715262584,4087.6936435824673,150045600
2025-09-03,4096.56103515625,4132.0290960666935,4052.225959018195,4096.56103515625,131617900
2025-09-04,4149.7626953125,4149.7626953125,4096.56060947516,4105.427623781384,88735300
2025-09-08,3981.28955078125,4211.831930113794,3954.68850701211,4211.831930113794,200234500
2025-09-09,3821.68310546875,3972.422346287703,3821.68310546875,3945.8213037902406,509366600
2025-09-10,3901.486328125,3919.2203568892046,3857.1512562144885,3866.018270596591,293494200
2025-09-11,3972.42236328125,4025.6244485037664,3945.8213206699916,3972.42236328125,366697800
2025-09-12,4007.890625,4034.491668971239,3972.4225663716816,3990.156595685841,216960200
2025-09-15,4016.75732421875,4114.294477786976,4007.8903102580025,4034.4913521402455,231346000
2025-09-16,3972.42236328125,4052.225491115025,3954.688334873744,4052.225491115025,122027400
2025-09-17,3999.0234375,4007.890451773836,3936.9543375831486,3972.4223946784923,232702500
2025-09-18,3919.220458984375,4034.4916489545035,3919.220458984375,4025.624634341417,177560100
2025-09-19,3883.752197265625,3919.2202538616584,3839.4171265205837,3857.1511548186004,235975900
2025-09-22,3919.220458984375,3919.220458984375,3866.018371305854,3910.353444371288,107176100
2025-09-23,3910.353271484375,3928.087299926481,3874.885214600163,3892.619243042269,90675500
2025-09-24,3892.619384765625,3928.087442941166,3892.619384765625,3910.3534138533955,85439100
2025-09-25,3866.018310546875,3910.353382915532,3866.018310546875,3901.4863684418006,73946900
2025-09-26,3919.220458984375,3928.0874735974617,3857.151356692767,3857.151356692767,86572900
2025-09-29,3901.486328125,3928.087371271307,3901.486328125,3919.2203568892046,63753600
2025-09-30,3901.486328125,3945.8214000355115,3883.7522993607954,3919.2203568892046,108639600
2025-10-01,3883.752197265625,3901.4862255636417,3857.1511548186004,3866.0181689676087,92265100
2025-10-02,3866.018310546875,3936.954426336726,3866.018310546875,3910.353382915532,93387400
2025-10-03,3821.68310546875,3883.7522046294953,3812.816091302929,3874.8851904636745,102459100
2025-10-06,3777.347900390625,3839.4169973454004,3777.347900390625,3830.549983494718,96040500
2025-10-07,3803.94921875,3830.5502622377626,3768.4811607663173,3777.348175262238,100237500
2025-10-08,3768.48095703125,3803.949013097427,3733.0129009650736,3795.0819990808827,97466800
2025-10-09,3892.619384765625,3945.8214720289366,3724.1461084318053,3759.6141666073463,183242600
2025-10-10,3768.48095703125,3919.2201953125,3768.48095703125,3910.353181295956,139911200
2025-10-13,3750.747314453125,3759.61432938091,3724.1462696697695,3733.0132845975545,79178600
2025-10-14,3626.60888671875,3786.2151457919467,3626.60888671875,3741.88007382717,188507000
2025-10-15,3591.140625,3670.9437500000004,3555.6725694444444,3644.3427083333336,270562400
2025-10-16,3626.60888671875,3679.8109730764822,3591.1408291469284,3591.1408291469284,125979600
2025-10-17,3591.140625,3644.3427083333336,3573.4065972222224,3644.3427083333336,247510000
2025-10-20,3812.816162109375,3830.5501907703488,3608.874832508176,3653.2099041606107,331939200
2025-10-21,3857.1513671875,3892.6194257363504,3812.8162940014367,3857.1513671875,230858900
2025-10-22,3839.417236328125,3954.688423561995,3803.9491787177035,3857.151265133336,216261300
2025-10-23,3928.087158203125,3936.9541721042606,3821.6829913894962,3821.6829913894962,202102500
2025-10-24,4034.4912109375,4069.9592655391484,3883.7519788804943,3883.7519788804943,350420300
2025-10-27,3963.555419921875,4078.8266066310125,3910.353333748427,4069.959592268771,245576100
2025-10-28,3999.0234375,3999.0234375,3936.9543375831486,3981.2894089523284,174666600
2025-10-29,4123.16162109375,4123.16162109375,3981.2893932711695,3990.1564075100805,176978800
2025-10-30,4256.16650390625,4282.767544555664,4123.16130065918,4140.895327758789,390256000
2025-10-31,4185.23095703125,4256.167074947034,4185.23095703125,4247.300060207561,227378000
2025-11-03,4220.69873046875,4220.69873046875,4167.4966456309085,4176.363659770549,129834200
2025-11-04,4194.09765625,4247.299740684461,4185.230642177589,4220.69869846723,136412400
2025-11-05,4229.5654296875,4229.5654296875,4149.762308372641,4158.6293218520705,102878900
2025-11-06,4211.83154296875,4247.299598067434,4211.83154296875,4247.299598067434,57932600
2025-11-07,4211.83154296875,4238.432584292764,4202.964529194079,4211.83154296875,58845500
2025-11-10,4194.09765625,4247.299740684461,4194.09765625,4247.299740684461,88738200
2025-11-11,4149.7626953125,4211.831795456063,4087.693595168937,4202.96478114984,168794500
2025-11-12,4220.69873046875,4247.299772887671,4149.762617351628,4149.762617351628,138539800
2025-11-13,4167.49658203125,4220.698666057181,4158.629568026928,4220.698666057181,108100300
2025-11-14,4211.83154296875,4211.83154296875,4149.762446546053,4158.629460320724,73479600
2025-11-17,4273.900390625,4300.501430400674,4229.5653243322095,4238.432337590767,136477100
2025-11-18,4247.30029296875,4300.502384321177,4238.433277743346,4265.034323419559,127022100
2025-11-19,4300.501953125,4300.501953125,4256.166881443299,4273.90091011598,107585700
2025-11-20,4380.30517578125,4424.640248410615,4344.837117677758,4380.30517578125,234717700
2025-11-21,4389.171875,4406.9059027777785,4344.836805555556,4380.304861111112,142452600
2025-11-24,4522.1767578125,4522.1767578125,4318.235453048407,4353.703506050858,303252000
2025-11-25,4455.6748046875,4522.177413712687,4389.172195662313,4500.009877370958,169379300
2025-11-26,4455.6748046875,4455.6748046875,4398.039210199005,4455.6748046875,128492000
2025-11-27,4309.369140625,4455.674883053626,4300.502125932356,4455.674883053626,170213000
2025-11-28,4282.76806640625,4327.103139557453,4256.167022515528,4256.167022515528,128777200
2025-12-01,4309.369140625,4353.70421408822,4273.901081854424,4300.502125932356,58603700
2025-12-02,4300.501953125,4380.305082152062,4273.90091011598,4362.571053479382,104013500
2025-12-03,4327.10302734375,4362.571084944928,4273.900940941982,4300.501984142867,102556300
2025-12-04,4362.57080078125,4380.304828426702,4327.102745490345,4371.437814603976,59392600
2025-12-05,4344.8369140625,4380.304970503827,4318.235871731505,4380.304970503827,53969200
2025-12-08,4389.171875,4398.038888888889,4353.703819444445,4389.171875,62947600
2025-12-09,4335.97021484375,4415.773347632285,4318.236185335187,4406.906332878003,134575200
2025-12-10,4406.90576171875,4406.90576171875,4318.2356256680705,4389.1717345086145,96005900
2025-12-11,4389.171875,4477.84201388889,4282.767708333334,4433.506944444444,151956700
2025-12-12,4273.900390625,4415.772602761929,4273.900390625,4415.772602761929,111830600
2025-12-15,4424.64013671875,4455.674686775896,4247.299850677919,4273.900893584043,122451500
2025-12-16,4433.50732421875,4477.842397460938,4362.57120703125,4455.674860839844,137373200
2025-12-17,4455.6748046875,4455.6748046875,4398.039210199005,4424.64025380908,94254100
2025-12-18,4566.51220703125,4588.679742016839,4455.674532103307,4455.674532103307,150669000
2025-12-19,4588.68017578125,4610.847712862319,4522.177564538044,4588.68017578125,161960800
2025-12-22,4522.1767578125,4610.846890318628,4455.674158432905,4588.679357192095,93615600
2025-12-23,4477.84228515625,4522.1773572865095,4433.5072130259905,4477.84228515625,44307700
2025-12-24,4477.84228515625,4522.1773572865095,4455.67474909112,4455.67474909112,40272500
2025-12-29,4500.01025390625,4566.512868495997,4477.842715709668,4500.01025390625,55697500
2025-12-30,4522.1767578125,4566.511824065564,4477.841691559436,4500.009224685969,74077800
2026-01-02,4500.01025390625,4566.512868495997,4455.675177513085,4544.345330299415,59263700
2026-01-05,4477.84228515625,4522.1773572865095,4455.67474909112,4500.00982122138,108458200
2026-01-06,4414.51904296875,4514.026644347144,4414.51904296875,4514.026644347144,180600600
2026-01-07,4351.1962890625,4432.611604242464,4342.150142931393,4423.565458111357,284261700
2026-01-08,4351.1962890625,4414.51931198025,4351.1962890625,4360.242435193607,108534300
2026-01-09,4305.96533203125,4378.334497275473,4305.96533203125,4360.242205964417,104703800
2026-01-12,4315.01123046875,4387.380391566759,4269.780504782495,4324.057375606001,118384500
2026-01-13,4360.2421875,4378.33447873444,4324.05760503112,4342.1498962655605,93419500
2026-01-14,4378.3349609375,4387.381107551007,4315.011934642949,4378.3349609375,114314800
2026-01-15,4514.02685546875,4590.919096493769,4369.288519421656,4378.3346654246,245024400
2026-01-19,4523.07275390625,4613.534208984375,4504.980462890625,4545.6881176757815,197645100
2026-01-20,4545.6884765625,4590.919207672575,4514.026964785448,4523.073111007463,93803800
2026-01-21,4514.02685546875,4545.688366479052,4459.7499794510895,4545.688366479052,117548600
2026-01-22,4504.98046875,4545.688123588103,4459.749741152109,4514.026614269578,145002200
2026-01-23,4514.02685546875,4523.073001471694,4405.47310343343,4504.980709465807,116237200
2026-01-26,4441.65771484375,4495.934591196219,4405.473130608771,4441.65771484375,225443300
2026-01-27,4351.1962890625,4441.657750373571,4342.150142931393,4396.427019718036,160620600
2026-01-28,4125.04248046875,4351.196125231291,3989.3502936112254,4134.088626259252,643802800
2026-01-29,4188.365234375,4197.411379589633,3681.7811023555614,3998.3961848677104,907054600
2026-01-30,4360.2421875,4414.519061203319,4188.365420772821,4251.688440093361,343393600
2026-02-02,4342.14990234375,4450.703649902343,4260.7345916748045,4432.611358642578,290622800
2026-02-03,4369.28857421875,4387.38086645154,4260.734820822011,4369.28857421875,169775800
2026-02-04,4523.07275390625,4545.6881176757815,4369.2882802734375,4396.426716796875,232816800
2026-02-05,4568.3037109375,4613.534440748763,4523.072981126238,4568.3037109375,209505400
2026-02-06,4568.3037109375,4568.3037109375,4423.5653755414605,4477.842251314975,278775900
2026-02-09,4523.07275390625,4590.918845214844,4477.842026367187,4568.303481445312,177079900
2026-02-10,4613.5341796875,4613.5341796875,4514.026579733456,4523.072725183823,177110700
2026-02-11,4545.6884765625,4613.534573227612,4514.026964785448,4590.919207672575,201135900
2026-02-12,4590.9189453125,4590.9189453125,4523.07285252463,4545.688216787254,121407500
2026-02-13,4590.9189453125,4590.9189453125,4495.934415409482,4568.303581049877,157236900
2026-02-18,4771.84228515625,4771.84228515625,4568.303988632997,4590.919354913359,212076100
2026-02-19,4590.9189453125,4794.457223676109,4568.303581049877,4771.8418594134855,133827800
2026-02-20,4636.14990234375,4681.380633098323,4568.30380621189,4613.534536966464,88563800
2026-02-23,4771.84228515625,4771.84228515625,4658.765453754443,4658.765453754443,131077800
2026-02-24,4862.3037109375,4862.3037109375,4749.226880450581,4771.842246547965,203553200
2026-02-25,4794.45703125,4862.303121314859,4794.45703125,4839.687757959906,147700600
2026-02-26,4817.07275390625,4839.688118948063,4703.9959286971825,4839.688118948063,120621100
2026-02-27,4771.84228515625,4839.688383997334,4771.84228515625,4817.073017716973,206461200
2026-03-02,4590.9189453125,4681.380402362993,4568.303581049877,4636.149673837746,168721700
2026-03-03,4613.5341796875,4681.380270565258,4568.303452435662,4613.5341796875,106384700
2026-03-04,4504.98046875,4590.918851185994,4405.472868034639,4568.303487387048,294487200
2026-03-05,4636.14990234375,4636.14990234375,4523.073075457317,4545.688440834604,133690000
2026-03-06,4504.98046875,4613.53421498494,4477.842032191265,4590.918851185994,127625100
2026-03-09,4360.2421875,4405.4729155861,4324.05760503112,4342.1498962655605,217673200
2026-03-10,4441.65771484375,4514.026883313709,4396.426984550026,4450.703860902495,124581800
2026-03-11,4414.51904296875,4495.934353187436,4414.51904296875,4459.74977086802,86606500
2026-03-12,4486.88818359375,4504.980474656628,4405.472873810799,4405.472873810799,85989900
2026-03-13,4296.9189453125,4450.703412828947,4296.9189453125,4432.611122532895,187462500
2026-03-16,4251.6884765625,4287.873059341755,4188.365456698803,4278.826913646942,149035900
2026-03-17,4278.8271484375,4324.057879393499,4260.734856055101,4296.9194408199,274977700
2026-03-25,4495.93408203125,4495.93408203125,4206.457440934671,4206.457440934671,389331300
2026-03-26,4378.3349609375,4504.981013526601,4378.3349609375,4495.934866913094,120735200
2026-03-27,4305.96533203125,4405.472934242056,4305.96533203125,4378.334497275473,73158700
2026-03-30,4251.6884765625,4296.919205036569,4242.642330867686,4260.734622257314,110819500
2026-03-31,4269.78125,4333.104277012712,4251.688956567797,4260.735103283899,184777500
2026-04-01,4269.78125,4369.288863877118,4233.596663135593,4342.150423728814,162832600
2026-04-02,4206.45751953125,4278.826681157594,4197.411374327957,4269.780535954301,109496300
2026-04-06,4170.2734375,4251.688754067245,4161.227291214751,4206.458022640998,60887500
2026-04-07,4079.811767578125,4170.273225839281,4070.76562175201,4161.2270800131655,190831700
2026-04-08,4224.55029296875,4251.688731681611,4188.365708018268,4224.55029296875,169872400
2026-04-09,4134.0888671875,4206.458037729076,4134.0888671875,4206.458037729076,128431200
2026-04-10,4224.55029296875,4251.688731681611,4143.134976830166,4143.134976830166,103583800
2026-04-13,4161.22705078125,4215.503925356657,4161.22705078125,4197.411633831522,103202100
2026-04-14,4260.73486328125,4269.781009487791,4206.457986041998,4224.550278455082,135501000
2026-04-15,4206.45751953125,4315.011261970766,4197.411374327957,4296.9189715641805,104621600
2026-04-16,4197.41162109375,4233.596204034213,4179.319329623519,4233.596204034213,120500900
2026-04-17,4179.31982421875,4251.688998664096,4143.135236996077,4224.550558247091,125867600
2026-04-20,4179.31982421875,4224.550558247091,4152.181383801745,4197.412117830087,104938900
2026-04-21,4251.6884765625,4251.6884765625,4170.273165309175,4170.273165309175,120070400
2026-04-22,4296.9189453125,4315.011235608553,4251.688219572368,4251.688219572368,113814200
2026-04-23,4188.365234375,4315.011267379859,4188.365234375,4305.965122165227,133792200
2026-04-24,4070.765380859375,4188.365269639757,4061.719235568576,4188.365269639757,218703100
2026-04-27,3980.30419921875,4079.8118041992184,3944.1196155894886,4070.765658291903,257209000
2026-04-28,4007.4423828125,4052.673109480813,3935.0732201432,3998.3962374788375,246361500
2026-04-29,4007.4423828125,4097.903836149126,4007.4423828125,4016.4885281461625,201458600
2026-04-30,3971.258056640625,4025.534932130018,3953.165764810827,4007.4426403002203,186960200
2026-05-04,3998.396484375,4043.627213836256,3989.350338482749,4007.4426302672514,166294600
2026-05-05,4061.719482421875,4134.088649146541,3989.350315697209,3998.396461537792,186702000
2026-05-06,4079.811767578125,4115.996350882588,4052.6733300997785,4097.904059230356,156255400
2026-05-07,4197.41162109375,4197.41162109375,4115.996309477708,4134.088600947939,262269600
2026-05-08,4188.365234375,4260.7343960920625,4179.319089160367,4206.457524804266,369212800
2026-05-11,4185.36865234375,4273.999988511029,4185.36865234375,4244.456209788603,424518900
2026-05-12,4175.52099609375,4205.064776726489,4126.281361705852,4205.064776726489,221247900
2026-05-13,4136.12890625,4185.368536086309,4126.280980282738,4165.672684151786,192288300
2026-05-14,4136.12890625,4136.12890625,4136.12890625,4136.12890625,0
2026-05-15,4136.12890625,4136.12890625,4136.12890625,4136.12890625,0
2026-05-18,4067.193603515625,4106.585309118682,4017.953971511804,4106.585309118682,316067300
2026-05-19,4067.193603515625,4195.21664672556,4037.6498243133324,4067.193603515625,306901800
2026-05-20,4165.6728515625,4224.760409740691,4047.497735206117,4086.8894406582444,308468000
2026-05-21,4106.58544921875,4214.912643322842,4067.1937422718074,4214.912643322842,137461700
2026-05-22,4057.345703125,4086.8894825166867,3978.562291413835,4077.0415560527913,190022900
2026-05-25,4155.8251953125,4234.608611337381,4067.1938522845085,4096.737633293839,235113500
2026-05-26,4067.193603515625,4155.824941122503,4067.193603515625,4145.977014721739,181583300
2026-05-27,4067.193603515625,4067.193603515625,4067.193603515625,4067.193603515625,0
2026-05-28,4067.193603515625,4067.193603515625,4067.193603515625,4067.193603515625,0
2026-05-29,4017.9541015625,4126.281295477175,4017.9541015625,4057.345808440564,442625300
2026-06-02,4106.58544921875,4126.281302692221,4027.8020353248653,4027.8020353248653,261911500
2026-06-03,3988.41015625,4136.129050925926,3958.866377314815,4136.129050925926,287274100
2026-06-04,3909.626708984375,3998.258044956313,3870.235004107958,3988.410118737209,328529500
2026-06-05,3781.603759765625,3889.9309508005776,3761.907906850179,3840.691318511963,320689600
2026-06-08,3653.580810546875,3840.6914180950976,3643.732883833811,3752.0600776775186,387103400
2026-06-09,4027.802001953125,4027.802001953125,3594.493229126872,3594.493229126872,484957600
2026-06-10,4195.216796875,4195.216796875,3988.410335057218,4037.6499688233566,359183100
2026-06-11,4185.36865234375,4273.999988511029,4077.0414636948526,4195.216578584558,308861000
2026-06-12,4136.12890625,4254.304017857143,4136.12890625,4254.304017857143,241735800
2026-06-15,4431.56689453125,4431.56689453125,4234.608365885417,4234.608365885417,310948900
2026-06-17,4421.71923828125,4500.502654553522,4323.23996794091,4431.567165315284,286865700
2026-06-18,4402.02294921875,4402.02294921875,4273.999910427153,4372.479171036074,190568200
2026-06-19,4244.45654296875,4402.023375190328,4234.608615954901,4323.2399590795385,377274300
2026-06-22,4155.8251953125,4274.000319349822,4155.8251953125,4254.304465343602,101336500
2026-06-23,4057.345703125,4145.977041300061,4027.8019237333133,4136.129114836165,248512500
2026-06-24,3909.626708984375,4116.433159585564,3909.626708984375,4067.193528490043,254221600
2026-06-25,3939.170654296875,4027.801994018555,3899.7789477539063,3909.6268743896485,275422800
2026-06-26,3929.32275390625,3978.5623874138473,3840.6914135925754,3939.1706806077696,247361000
2026-06-29,3880.0830078125,3949.0184927228743,3870.235081396732,3929.3226398913384,120733900
2026-06-30,3791.45166015625,3870.23507127638,3771.7558073762175,3870.23507127638,200553100
2026-07-01,3752.06005859375,3820.9955452345803,3742.2121319307744,3752.06005859375,142033400
2026-07-02,3840.69140625,3899.7789663461535,3752.0600661057692,3752.0600661057692,181957900
2026-07-03,3949.0185546875,3978.562334398379,3889.930995265742,3889.930995265742,97694100
2026-07-06,3968.71435546875,3978.562281909119,3880.083017505428,3958.866429028381,143666300
2026-07-07,4008.106201171875,4027.802054740287,3929.3227868982262,3968.714494035051,181399100
2026-07-08,3909.626708984375,4017.9538973945214,3909.626708984375,4017.9538973945214,107252600
2026-07-09,3978.562255859375,3978.562255859375,3889.9309184763692,3899.7788448522588,109084100
2026-07-10,4017.9541015625,4017.9541015625,3949.0186145258886,3988.4103214039524,73997600
2026-07-13,4185.36865234375,4195.216578584558,3958.866348805147,4008.105980009191,140381100
2026-07-14,4096.7373046875,4195.216566819411,4067.1935260479268,4185.36864060622,186937300
2026-07-15,4136.12890625,4205.064388020834,4106.585128348214,4155.8247581845235,145283200
2026-07-16,4244.45654296875,4244.45654296875,4155.825199844112,4175.521053871809,103434900
2026-07-17,4411.87109375,4421.719020298549,4205.064636230469,4244.456342424665,258763500
2026-07-20,4382.3271484375,4451.262631671349,4352.783369908708,4411.870926966292,197096400
2026-07-21,4411.87109375,4421.719020298549,4362.631461007255,4411.87109375,135068500
2026-07-22,4352.78369140625,4421.719179731688,4342.935764502616,4421.719179731688,93136600
2026-07-23,4313.3916015625,4402.022935841182,4264.151971407677,4382.3270837792525,160468800
2026-07-24,4067.193603515625,4224.760425927852,4057.345677114861,4214.912499527089,403126400
2026-07-27,4096.7373046875,4096.7373046875,3998.258042555589,4047.4976736215444,233516000
2026-07-28,4037.64990234375,4126.281241663491,4037.64990234375,4086.8895352991613,162841200
2026-07-29,4027.802001953125,4077.0416352288357,3998.2582219876986,4057.3457819185514,125647800
2026-07-30,4096.7373046875,4136.129009540265,4037.6497474083535,4037.6497474083535,100897800
2026-07-31,4126.28125,4136.129176610979,4096.737470167064,4116.433323389021,97657300
2026-08-03,4106.58544921875,4165.673009639164,4077.041669008543,4165.673009639164,76254300
2026-08-04,4195.216796875,4195.216796875,4106.585456095951,4106.585456095951,121374800
2026-08-05,4155.8251953125,4214.912757331161,4155.8251953125,4195.216903324941,122781400
2026-08-06,4136.12890625,4214.912313988095,4136.12890625,4175.520610119048,95744300
2026-08-07,4175.52099609375,4205.064776726489,4145.977215461011,4155.825142338591,110106100
2026-08-10,4116.43310546875,4205.064440275493,4116.43310546875,4185.3685880962175,148614700
2026-08-11,4057.345703125,4136.129114836165,4037.6498501972087,4136.129114836165,148404100
2026-08-12,4067.193603515625,4086.8894563171534,4017.953971511804,4067.193603515625,153658300
2026-08-13,4067.193603515625,4086.8894563171534,4027.801897912568,4077.041529916389,108708200
2026-08-14,4106.58544921875,4106.58544921875,4037.649962061601,4077.041669008543,75934800
2026-08-18,4086.889404296875,4155.8248882247735,4086.889404296875,4136.1290356739455,116514200
2026-08-19,4077.04150390625,4126.281135595939,4077.04150390625,4096.737356582125,79287200
2026-08-20,4086.889404296875,4116.4331831231175,4077.0414780214605,4086.889404296875,74796300
2026-08-21,4155.8251953125,4175.5210493187205,4106.585560296949,4106.585560296949,142906200
2026-08-24,4136.12890625,4155.8247581845235,4106.585128348214,4155.8247581845235,86046100
2026-08-25,4136.12890625,4136.12890625,4136.12890625,4136.12890625,0
2026-08-26,4096.7373046875,4126.281083327073,4086.889378474309,4126.281083327073,156162500
2026-08-27,4145.97705078125,4145.97705078125,4067.19363888992,4077.041565376336,66036800
2026-08-28,4185.36865234375,4195.216578584558,4136.129021139705,4155.824873621324,111542000
2026-08-31,4165.6728515625,4214.91248337766,4136.129072473404,4185.368704288564,231356300
2026-09-01,4254.30419921875,4254.30419921875,4165.672861735026,4165.672861735026,191597900
2026-09-02,4293.69580078125,4323.239579226993,4254.3040961869265,4283.847874632669,134416100
2026-09-03,4392.17529296875,4392.17529296875,4293.696026310257,4323.239806307805,234996500
2026-09-04,4352.78369140625,4411.871252828055,4352.78369140625,4402.0233259244205,95373200
2026-09-07,4323.23974609375,4382.327305265874,4303.543893036375,4382.327305265874,94899700
2026-09-08,4362.63134765625,4362.63134765625,4323.239642485539,4333.087568778217,91930900
2026-09-09,4323.23974609375,4372.479378737186,4303.543893036375,4362.6314522084995,125622500
2026-09-10,4303.5439453125,4342.935651905749,4274.000165367563,4323.239798609125,132956900
2026-09-11,4293.69580078125,4293.69580078125,4234.608243889765,4264.152022335507,126557800
2026-09-14,4372.4794921875,4392.1753457559125,4195.216810071791,4283.848151129645,229164500
2026-09-15,4274.0,4382.327188940092,4264.152073732719,4372.479262672811,128314600
2026-09-16,4260.0,4320.0,4260.0,4300.0,140870900
2026-09-17,4350.0,4350.0,4300.0,4340.0,110580900
2026-09-18,4260.0,4350.0,4250.0,4350.0,186217000
2026-09-21,4200.0,4270.0,4200.0,4260.0,74720000
2026-09-22,4160.0,4230.0,4160.0,4190.0,123121600
2026-09-23,4190.0,4210.0,4140.0,4180.0,88290300
2026-09-24,4070.0,4160.0,4070.0,4150.0,182057400
2026-09-25,4080.0,4120.0,4070.0,4080.0,70546200
2026-09-28,4020.0,4090.0,4020.0,4070.0,124768400
2026-09-29,4020.0,4050.0,4020.0,4020.0,12902200
