date,Close,High,Low,Open,Volume
2018-06-01,409.5582275390625,409.5582275390625,409.5582275390625,409.5582275390625,0
2018-06-04,411.4901123046875,419.21763060518623,405.69450322892243,409.5582623791718,114610362
2018-06-05,419.2176208496094,426.94513897028173,413.4219822591051,415.3538617892732,99044837
2018-06-06,423.08135986328125,428.87699817917354,415.3538421087582,419.21760098601976,81745786
2018-06-07,415.3538513183594,428.87700768862237,415.3538513183594,425.0132487256901,81089993
2018-06-08,423.08135986328125,423.08135986328125,411.49008323149667,417.28572154738896,103794306
2018-06-11,423.08135986328125,423.08135986328125,423.08135986328125,423.08135986328125,0
2018-06-12,423.08135986328125,423.08135986328125,423.08135986328125,423.08135986328125,0
2018-06-13,423.08135986328125,423.08135986328125,423.08135986328125,423.08135986328125,0
2018-06-14,423.08135986328125,423.08135986328125,423.08135986328125,423.08135986328125,0
2018-06-15,423.08135986328125,423.08135986328125,423.08135986328125,423.08135986328125,0
2018-06-18,423.08135986328125,423.08135986328125,423.08135986328125,423.08135986328125,0
2018-06-19,423.08135986328125,423.08135986328125,423.08135986328125,423.08135986328125,0
2018-06-20,413.4219665527344,415.3538460095082,401.83071946169883,415.3538460095082,92360176
2018-06-21,413.4219665527344,428.8770022069248,409.55823728879403,415.3538460095082,107626973
2018-06-22,417.2857360839844,426.94513361363363,411.49009756619483,413.42197707212466,119061103
2018-06-25,417.2857360839844,419.2176155899142,396.035091168364,417.2857360839844,139295632
2018-06-26,423.08135986328125,423.08135986328125,403.7625951265806,415.3538421087582,94027318
2018-06-27,408.3174743652344,425.90050255475813,404.41012810443203,425.90050255475813,65523462
2018-06-28,377.0587158203125,408.31748686353944,367.29034986930407,406.36381367333775,84666679
2018-06-29,386.82708740234375,386.82708740234375,373.1513748718553,377.0587213091377,140600680
2018-07-02,386.82708740234375,390.7344338396262,383.8965925664259,387.8039090196204,56931268
2018-07-03,361.4292907714844,386.82703946651657,351.6609558728639,386.82703946651657,86079350
2018-07-04,350.68414306640625,361.4293306303311,333.10108433845767,361.4293306303311,132064812
2018-07-05,347.753662109375,351.6610086488571,331.1474543086204,350.6841570219422,129341059
2018-07-06,337.0084228515625,347.7536401486187,327.2400871038196,346.77678858339226,156378936
2018-07-09,354.5914611816406,358.4988072541276,335.0547308192057,337.0084038554492,89904473
2018-07-10,346.7768249511719,356.5451917074467,342.86947824866195,349.7073499700993,80417101
2018-07-11,341.89263916015625,344.82313404580935,336.0316194047616,343.8463124119545,66485526
2018-07-12,364.35986328125,371.19770460889697,341.89263608002346,341.89263608002346,142457922
2018-07-13,369.2440490722656,379.0124157114427,365.3367024165948,365.3367024165948,138875201
2018-07-16,359.4757080078125,375.1050644546949,348.73048984447485,370.2208961870609,107366969
2018-07-17,354.5914611816406,359.47565876429195,344.82309600042316,359.47565876429195,100881962
2018-07-18,347.753662109375,355.5683551883392,347.753662109375,355.5683551883392,67419931
2018-07-19,351.6609802246094,358.4988211239659,347.75363400095245,347.75363400095245,60421957
2018-07-20,348.73046875,352.63781512139013,347.7536471491962,351.6609935205863,34877216
2018-07-23,360.4524841308594,361.4293056673462,348.7304457885044,350.68411884556355,68149651
2018-07-24,368.2671813964844,371.19767603011553,362.40616214513625,362.40616214513625,66479492
2018-07-25,364.35986328125,371.19770460889697,359.47569518780045,370.22088298384233,31752645
2018-07-26,351.6609802246094,364.3598404594514,351.6609802246094,364.3598404594514,52604242
2018-07-27,357.5220031738281,361.42931945289286,350.68413222127,355.56833004225246,43782722
2018-07-30,357.5220031738281,359.4756763054038,350.68413222127,357.5220031738281,39225867
2018-07-31,354.5914611816406,360.4524802903711,351.66096661931795,359.47565876429195,33507293
2018-08-01,357.5220031738281,361.42931945289286,351.6609837791011,357.5220031738281,62919401
2018-08-02,353.6146545410156,364.3598417006323,350.684129871247,360.45249546366506,48170600
2018-08-03,352.6378173828125,358.4988369774837,350.6841441845888,351.6609957757444,30727214
2018-08-06,354.5914611816406,357.52198572804843,350.68411510915365,355.568312691805,58843830
2018-08-07,357.5220031738281,357.5220031738281,351.6609837791011,354.5914784844213,49053205
2018-08-08,355.5683288574219,360.4524966780426,352.6378041777802,357.5220019824875,46143375
2018-08-09,368.2671813964844,379.9892198991807,355.56832134393966,355.56832134393966,135127526
2018-08-10,388.78070068359375,396.5953923533863,369.2439715091125,369.2439715091125,154409042
2018-08-13,373.1513671875,386.82707943636274,365.33667447386415,386.82707943636274,62331501
2018-08-14,355.5683288574219,373.15135699892585,351.66098260729063,369.2440107487946,60412402
2018-08-15,354.5914611816406,362.40615332661463,347.753620546831,357.52198572804843,44321337
2018-08-16,347.753662109375,352.63783029168326,346.77681048246006,352.63783029168326,28808618
2018-08-17,347.753662109375,347.753662109375,347.753662109375,347.753662109375,0
2018-08-20,355.5683288574219,359.4756751075531,347.75363635715945,348.730457927649,68132049
2018-08-21,362.4061584472656,367.2903261148431,355.56831771584007,359.47566384353627,48573933
2018-08-22,362.4061584472656,362.4061584472656,362.4061584472656,362.4061584472656,0
2018-08-23,357.5220031738281,368.267190405451,354.5914784844213,362.406171010724,39925413
2018-08-24,352.6378173828125,359.4756885686393,346.7767977881413,357.5220153704156,33139164
2018-08-27,349.7073059082031,357.5219983285991,347.7536328031041,354.5914736789075,46280669
2018-08-28,347.753662109375,352.63783029168326,344.823137212719,350.6841570219422,49231234
2018-08-29,351.6609802246094,353.61465333643787,342.8694362293381,349.7073071127809,30723694
2018-08-30,342.86944580078125,357.52200954057474,342.86944580078125,357.52200954057474,38880872
2018-08-31,335.05474853515625,340.9157679537869,332.12425381788427,340.9157679537869,28200601
2018-09-03,335.05474853515625,339.9389463760585,332.12425381788427,339.9389463760585,21608978
2018-09-04,333.10107421875,337.0084204840323,329.1937579375544,335.05474735139114,28556157
2018-09-05,314.54119873046875,327.24008925746534,295.00449712232034,327.24008925746534,71309426
2018-09-06,319.4254150390625,319.4254150390625,309.6570486796879,315.51806849531266,66023353
2018-09-07,321.3790588378906,321.3790588378906,313.5643664670611,318.4485342067866,24103907
2018-09-10,319.4254150390625,321.37908831093745,313.5643952234377,321.37908831093745,12662233
2018-09-11,319.4254150390625,319.4254150390625,319.4254150390625,319.4254150390625,0
2018-09-12,312.5875244140625,324.30956332600937,306.72650495808904,320.4022170220271,34454773
2018-09-13,316.4948425292969,316.4948425292969,300.86548868948967,300.86548868948967,33708959
2018-09-14,337.0084228515625,337.0084228515625,312.5875235140315,312.5875235140315,44906220
2018-09-17,332.1242370605469,340.91575075287346,328.216890978605,337.9852561834597,57175682
2018-09-18,336.0316162109375,337.0084378355081,330.17059651124913,332.12426974447857,21189049
2018-09-19,338.96209716796875,341.8926218896768,336.0316024303477,340.91577032107847,27398965
2018-09-20,358.49884033203125,359.47569193232755,339.93895976728106,341.8926329837857,173377247
2018-09-21,361.4292907714844,362.40614225179695,350.6841043925513,360.452469275256,46077494
2018-09-24,356.545166015625,362.40618564705835,353.61467119195225,361.42933404977555,24684767
2018-09-25,356.545166015625,356.545166015625,349.70732477099665,356.545166015625,15825528
2018-09-26,356.545166015625,362.40618564705835,351.66099798147445,355.56834440243,37879078
2018-09-27,359.4757080078125,370.2208961870609,353.6146880961981,355.5683614000696,122795703
2018-09-28,359.4757080078125,364.35987627544654,358.49885636383215,362.40620297157506,19480165
2018-10-01,356.545166015625,362.40618564705835,355.56834440243,359.4756908233856,28667300
2018-10-02,340.9158020019531,357.5220403386258,338.962128667291,355.5683670039637,34845030
2018-10-03,333.10107421875,346.77678614723794,333.10107421875,341.89261830767845,24310100
2018-10-04,316.4948425292969,335.0547208281259,315.51802103234576,331.14740485623724,51247898
2018-10-05,317.4717102050781,319.42538328272457,308.68016636362614,315.5180371274316,22014825
2018-10-08,317.4717102050781,322.35587790715135,314.5411855965655,319.42538328272457,19887521
2018-10-09,336.0316162109375,337.0084378355081,315.5180622540723,315.5180622540723,63560610
2018-10-10,342.86944580078125,342.86944580078125,336.03160471054156,337.9852778769082,63796474
2018-10-11,351.6609802246094,351.6609802246094,317.47171575965405,329.19375443062495,112403599
2018-10-12,351.6609802246094,357.52199956009486,351.6609802246094,351.6609802246094,30224808
2018-10-15,343.84625244140625,357.5219628188002,337.9852337082374,351.66094408563134,45860238
2018-10-16,347.753662109375,347.753662109375,332.1242759514466,343.8463155698929,21607469
2018-10-17,349.7073059082031,356.5451467840065,343.8462865929061,351.6609790133021,22501640
2018-10-18,349.7073059082031,349.7073059082031,343.8462865929061,347.7536328031041,9886177
2018-10-19,355.5683288574219,363.3829913735978,343.8462901070282,347.75363635715945,60631167
2018-10-22,356.545166015625,360.4525124365806,353.61467119195225,356.545166015625,20291357
2018-10-23,357.5220031738281,361.42931945289286,350.68413222127,353.6146569106768,16863532
2018-10-24,355.5683288574219,363.3829913735978,355.5683288574219,357.5220019824875,28076885
2018-10-25,355.5683288574219,357.5220019824875,340.91576542738653,341.8926169819626,12680841
2018-10-26,349.7073059082031,356.5451467840065,345.7999596980051,345.7999596980051,10854779
2018-10-29,347.753662109375,351.6610086488571,347.753662109375,349.70733537911605,7007528
2018-10-30,365.3367004394531,367.29037375671555,347.75367056818044,347.75367056818044,114657636
2018-10-31,366.3135070800781,378.0355455433305,366.3135070800781,369.2440017038483,69117247
2018-11-01,365.3367004394531,369.24404707397804,351.66101720270535,363.38302712219064,39490397
2018-11-02,361.4292907714844,369.24398267764815,360.452469275256,365.33663672456623,20193290
2018-11-05,362.4061584472656,367.2903261148431,360.4524853834175,361.4293069232988,8865776
2018-11-06,355.5683288574219,365.3366644986634,353.61465573235625,364.35984292817386,34424598
2018-11-07,363.3829650878906,363.3829650878906,353.6146301532524,358.4987976205715,10895515
2018-11-08,361.4292907714844,365.33663672456623,357.52197480248674,363.3829637480253,8295477
2018-11-09,358.49884033203125,360.4525135485359,355.56834549931824,360.4525135485359,12669777
2018-11-12,353.6146545410156,360.45249546366506,353.6146545410156,360.45249546366506,30791083
2018-11-13,358.49884033203125,358.49884033203125,350.68414746601263,351.66099906630893,16556757
2018-11-14,372.1745300292969,379.01237087578664,361.42931300527374,361.42931300527374,47998102
2018-11-15,368.2671813964844,379.9892198991807,367.2903298625501,375.10502219768097,19646125
2018-11-16,377.0587158203125,379.9892405976588,368.2672014564487,370.2208746466504,30684467
2018-11-19,375.10504150390625,379.0123878725783,370.2208735351099,377.0587146882423,21093999
2018-11-20,375.10504150390625,375.10504150390625,375.10504150390625,375.10504150390625,0
2018-11-21,400.50274658203125,402.4564195404245,375.1049981229188,375.1049981229188,67439041
2018-11-22,394.6417541503906,404.4101195969003,390.7344079717867,402.4564465075984,30715144
2018-11-23,396.595458984375,402.4564787214143,392.68811249301547,394.64178573869526,16288707
2018-11-26,404.4101867675781,408.3175335951744,394.6418196985874,402.45651335378,56453505
2018-11-27,398.5491027832031,408.317468289865,394.64175658053836,406.36379518853266,19438424
2018-11-28,398.5491027832031,400.5027758845355,390.7344103778736,398.5491027832031,29615786
2018-11-29,402.4564208984375,404.41009386342307,396.59540200348084,400.50274793345193,31815508
2018-11-30,412.2247619628906,418.08575053593813,404.4100705533841,404.4100705533841,34387383
2018-12-03,406.3638000488281,418.0858088129368,392.68808817593373,418.0858088129368,26480151
2018-12-04,410.27117919921875,412.22485248058945,398.54913951099473,406.3638326364774,29896409
2018-12-05,402.4564208984375,410.2711127583798,402.4564208984375,404.41009386342307,29608745
2018-12-06,404.4101867675781,410.27120700897257,402.45651335378,410.27120700897257,21009008
2018-12-07,404.4101867675781,410.27120700897257,404.4101867675781,408.3175335951744,12604901
2018-12-10,410.27117919921875,410.27117919921875,404.4101593551067,404.4101593551067,17954843
2018-12-11,429.8078308105469,429.8078308105469,412.22480335759104,414.17847640615116,54002328
2018-12-12,425.9004821777344,429.8078282515914,420.0394630669488,429.8078282515914,29619809
2018-12-13,420.03948974609375,425.9005092291466,416.1321434240585,425.9005092291466,20105784
2018-12-14,420.03948974609375,423.946836068129,418.0858165850761,420.03948974609375,7210201
2018-12-17,409.0521545410156,422.81830974667673,409.0521545410156,422.81830974667673,21436983
2018-12-18,418.88507080078125,422.8182662210663,389.3861353310905,407.08551472237326,52428224
2018-12-19,442.4842529296875,442.4842529296875,424.78487315411667,432.6512641654815,65312743
2018-12-20,452.3172302246094,464.11681644245766,436.5844486008116,440.51764400676103,88787513
2018-12-21,460.1836242675781,462.1502219843608,450.3506356836645,452.3172334004472,17942774
2018-12-24,460.1836242675781,460.1836242675781,460.1836242675781,460.1836242675781,0
2018-12-25,460.1836242675781,460.1836242675781,460.1836242675781,460.1836242675781,0
2018-12-26,454.2838439941406,462.15023508424844,454.2838439941406,460.1836373117215,17630467
2018-12-27,454.2838439941406,464.1168328567754,454.2838439941406,462.15023508424844,22274829
2018-12-28,470.0166015625,475.9163643886987,456.25041787566107,456.25041787566107,76689543
2018-12-31,470.0166015625,470.0166015625,470.0166015625,470.0166015625,0
2019-01-01,470.0166015625,470.0166015625,470.0166015625,470.0166015625,0
2019-01-02,473.9497985839844,481.8161897910553,471.9832309646652,471.9832309646652,44467684
2019-01-03,473.9497985839844,481.8161897910553,462.15024195582663,479.84959198928755,46472780
2019-01-04,475.9163513183594,475.9163513183594,470.0165886541889,471.98318626972764,29995482
2019-01-07,479.8495788574219,479.8495788574219,468.05002255217823,477.88298110947335,54520324
2019-01-08,470.0166015625,485.7493527364408,464.11680855385475,479.84955972779557,45892424
2019-01-09,466.08343505859375,473.94979604100917,448.38405493765015,470.01663064102564,70061207
2019-01-10,460.1836242675781,468.050015134709,456.25042883401267,468.050015134709,13031368
2019-01-11,471.9832458496094,471.9832458496094,452.31726721172583,460.18365866687924,26149237
2019-01-14,471.9832458496094,475.91641139473654,456.2504629393025,471.9832458496094,44432983
2019-01-15,470.0166015625,473.9497667191503,462.1502108843063,471.98319923204843,36263735
2019-01-16,462.1502685546875,479.849619606827,462.1502685546875,466.08346438459637,56136673
2019-01-17,452.3172302246094,471.98320725435656,452.3172302246094,471.98320725435656,45111407
2019-01-18,466.08343505859375,468.05003284980967,452.31725052008204,452.31725052008204,19354941
2019-01-21,462.1502685546875,471.9832581294596,458.21707272477863,470.0166602145052,20746489
2019-01-22,470.0166015625,471.98319923204843,456.25041787566107,462.1502108843063,24205495
2019-01-23,473.9497985839844,481.8161897910553,466.08343755936204,470.0166331628975,45731996
2019-01-24,477.8829650878906,479.8495627699067,468.0500068602569,479.8495627699067,27168633
2019-01-25,479.8495788574219,485.7493721012676,471.98321804807534,479.8495788574219,24520819
2019-01-28,505.4153747558594,505.4153747558594,479.8496027590783,479.8496027590783,54342798
2019-01-29,503.4487609863281,511.315121938698,495.58236985150995,507.3819263712889,25126321
2019-01-30,513.28173828125,515.2483058379721,497.54895636789286,503.4487495854018,37942947
2019-01-31,513.28173828125,519.1815013163114,503.4487495854018,515.2483058379721,31563048
2019-02-01,503.4487609863281,515.248317506107,503.4487609863281,513.2817499048508,55124820
2019-02-04,505.4153747558594,505.4153747558594,485.74939629679704,501.48217906404693,32649834
2019-02-05,505.4153747558594,505.4153747558594,505.4153747558594,505.4153747558594,0
2019-02-06,507.3819274902344,509.3485554607243,495.5823709444335,505.4153598846412,32484880
2019-02-07,503.4487609863281,511.315121938698,493.6157720678054,511.315121938698,50570983
2019-02-08,491.649169921875,503.4487565194088,485.7493766231081,503.4487565194088,43964775
2019-02-11,481.8161926269531,491.64918169366723,475.91639918692465,491.64918169366723,41633291
2019-02-12,499.5155944824219,499.5155944824219,470.01665619295426,481.81621339927125,53364640
2019-02-13,511.3150939941406,517.2149172052635,495.58234276678394,505.41533114791105,53036744
2019-02-14,530.9810791015625,570.3130332442316,509.3485345055416,513.2817299198085,105680214
2019-02-15,550.6471557617188,554.5803518873348,532.9478033788992,532.9478033788992,97858476
2019-02-18,576.2128295898438,578.1794575934421,554.580283739649,556.5469117432473,125071867
2019-02-19,562.4465942382812,580.1459419039645,562.4465942382812,578.1793745477282,55589005
2019-02-20,562.4465942382812,566.379789315643,554.5802040835579,562.4465942382812,59882839
2019-02-21,589.9791259765625,589.9791259765625,558.5135564938375,562.4467526791782,71830439
2019-02-22,589.9791259765625,591.9456938867797,580.1461053307579,589.9791259765625,40071759
2019-02-25,595.8787841796875,595.8787841796875,578.1794346734239,589.9790211325648,167386600
2019-02-26,588.0123901367188,595.8787810684063,586.0458225862444,595.8787810684063,46903270
2019-02-27,586.0458374023438,591.9456005678165,578.1794462717824,589.9790329676244,38852206
2019-02-28,589.9791259765625,589.9791259765625,554.5803603084969,582.1127336058812,78475874
2019-03-01,589.9791259765625,589.9791259765625,578.1795374205407,589.9791259765625,54440865
2019-03-04,580.14599609375,589.9790148880732,576.2128006489997,588.0123869832506,44067871
2019-03-05,582.1126098632812,586.0458052125227,568.3463959584892,584.0791773554554,32900282
2019-03-06,605.7117919921875,605.7117919921875,582.1126195058242,584.079187030574,110912978
2019-03-07,605.7117919921875,605.7117919921875,605.7117919921875,605.7117919921875,0
2019-03-08,597.8453979492188,605.7117887357147,595.8787700701478,605.7117887357147,56491223
2019-03-11,591.945556640625,597.8453797331794,586.0457939129627,597.8453797331794,52102842
2019-03-12,589.9791259765625,591.9456938867797,584.0793015160986,591.9456938867797,62729805
2019-03-13,591.945556640625,597.8453797331794,588.0123613672195,589.9789891863683,39230896
2019-03-14,619.4779663085938,621.4445338985759,589.9790299045884,591.9455974945705,109253882
2019-03-15,648.9768676757812,650.9434955244857,621.4445003481693,621.4445003481693,113612591
2019-03-18,652.9100952148438,656.8432907413752,639.1439410544316,648.9768996883123,53796639
2019-03-19,647.0103149414062,656.8432733144048,645.04368704787,648.9768824700483,63851291
2019-03-20,648.9768676757812,648.9768676757812,631.2775188619057,641.1104770107493,57510116
2019-03-21,678.475830078125,678.475830078125,648.9768940670969,650.9435219957763,79748233
2019-03-22,676.5093383789062,682.4091020967603,672.5761424453696,678.4759061632235,86493243
2019-03-25,680.4425048828125,682.4090725820743,664.7097218291198,674.542681055228,95533529
2019-03-26,696.17529296875,698.141860682227,678.4758817229572,682.4090775148112,227074311
2019-03-27,690.275390625,698.1417813144222,686.3421952802888,696.1752138245133,96151101
2019-03-28,704.0415649414062,706.0081323207792,690.2753518262373,694.2085469498728,216140071
2019-03-29,700.1083984375,704.0415937219205,694.2085753284231,704.0415937219205,80248124
2019-04-01,717.8077392578125,721.7409344996186,702.0749582905883,704.0415860939371,162266990
2019-04-02,709.94140625,721.7409929306951,700.1084475318689,719.7744253330276,97313826
2019-04-03,709.94140625,709.94140625,709.94140625,709.94140625,0
2019-04-04,704.0415649414062,711.9079551886772,698.1417420735082,711.9079551886772,157798647
2019-04-05,700.1083984375,704.0415937219205,674.5425989063204,696.1752031530795,115318457
2019-04-08,721.740966796875,727.6407297411474,706.008185125623,707.9748130169766,163609756
2019-04-09,733.5405883789062,733.5405883789062,713.8746103426935,719.774433936006,119366872
2019-04-10,757.1397094726562,757.1397094726562,731.5739096175397,731.5739096175397,143906299
2019-04-11,772.87255859375,782.7055176093363,763.0395392132654,766.9727348924795,137835186
2019-04-12,794.5050659179688,796.4716334792643,770.9058929930509,772.8725209192418,143928427
2019-04-15,796.4716796875,804.3380711188505,778.7723291494108,796.4716796875,170629857
2019-04-16,794.5050659179688,796.4716334792643,784.6720470168053,796.4716334792643,151672214
2019-04-17,794.5050659179688,794.5050659179688,794.5050659179688,794.5050659179688,0
2019-04-18,804.3380126953125,804.3380126953125,796.4716218353417,800.4048172653271,135421727
2019-04-19,804.3380126953125,804.3380126953125,804.3380126953125,804.3380126953125,0
2019-04-22,790.5718383789062,804.3379918445496,786.6386430508805,804.3379918445496,107930730
2019-04-23,792.5384521484375,794.505080109757,786.6386889942717,790.5718845520144,153983079
2019-04-24,810.2378540039062,810.2378540039062,788.6052484764585,792.5384439937312,168152530
2019-04-25,808.2713012695312,820.0708889192581,808.2713012695312,814.1711252768454,137438894
2019-04-26,810.2378540039062,814.1710495211789,802.3714629693609,810.2378540039062,163011798
2019-04-29,788.6052856445312,810.2378921915541,749.2733889829326,810.2378921915541,195425265
2019-04-30,792.5384521484375,792.5384521484375,766.972711205558,788.6052565906948,180888691
2019-05-01,792.5384521484375,792.5384521484375,792.5384521484375,792.5384521484375,0
2019-05-02,806.3046264648438,806.3046264648438,790.5718450205686,790.5718450205686,212813833
2019-05-03,800.4048461914062,806.3046697320472,782.7054962992768,806.3046697320472,120464219
2019-05-06,765.0060424804688,792.5383473801854,713.8745069890591,792.5383473801854,135886918
2019-05-07,778.7722778320312,792.5384317473213,768.9393193732376,770.9058869190384,201271577
2019-05-08,784.6719970703125,786.6386248713222,772.8724717238206,776.8056669609484,171828289
2019-05-09,784.6719970703125,788.6051923074403,780.7388621980763,784.6719970703125,123720049
2019-05-10,784.6719970703125,786.6386248713222,780.7388621980763,782.7054296341944,111286639
2019-05-13,784.6719970703125,786.6386248713222,778.7722343970665,784.6719970703125,123037602
2019-05-14,745.3402099609375,782.7055397898937,668.6429222252378,782.7055397898937,310826200
2019-05-15,735.5071411132812,763.039509806719,729.6073780042782,747.3067276961831,167604862
2019-05-16,717.8077392578125,743.3734781471062,715.8411718193553,729.6073249832307,132534529
2019-05-17,723.7076416015625,727.6407769094412,713.8746222371711,727.6407769094412,158929185
2019-05-20,717.8077392578125,725.6741297414246,709.9413487742004,723.7075623029674,154716320
2019-05-21,717.8077392578125,721.7409344996186,704.0415860939371,715.8411718193553,119275845
2019-05-22,719.7744140625,721.7409816293743,696.1752410706353,719.7744140625,208955518
2019-05-23,711.9080200195312,725.6741740234436,706.0081966143579,719.7744109831656,203646815
2019-05-24,713.8746337890625,725.6742209983337,709.9414380526388,715.841261839724,114762743
2019-05-27,715.8412475585938,717.8078152051228,702.0750325732989,713.8746195471668,170908469
2019-05-28,751.239990234375,751.239990234375,709.9414636928404,715.8412876930033,1655578735
2019-05-29,698.1417846679688,725.6741522131994,690.27539394076,725.6741522131994,273368056
2019-05-30,698.1417846679688,698.1417846679688,698.1417846679688,698.1417846679688,0
2019-05-31,648.9768676757812,702.0749744823007,605.7117793829983,698.1417791497846,296546109
2019-06-03,648.9768676757812,648.9768676757812,648.9768676757812,648.9768676757812,0
2019-06-04,648.9768676757812,648.9768676757812,648.9768676757812,648.9768676757812,0
2019-06-05,648.9768676757812,648.9768676757812,648.9768676757812,648.9768676757812,0
2019-06-06,648.9768676757812,648.9768676757812,648.9768676757812,648.9768676757812,0
2019-06-07,648.9768676757812,648.9768676757812,648.9768676757812,648.9768676757812,0
2019-06-10,698.1417846679688,698.1417846679688,654.8766960332141,658.8098913968184,216396555
2019-06-11,668.642822265625,707.974774292388,668.642822265625,707.974774292388,107075282
2019-06-12,668.642822265625,674.5425848871939,658.8098644413798,668.642822265625,146556124
2019-06-13,648.9768676757812,674.5426071546887,647.0103001919697,674.5426071546887,129889229
2019-06-14,672.5761108398438,672.5761108398438,637.1773491014627,650.9435644043939,147739468
2019-06-17,641.1104736328125,670.6094082888095,637.17727832102,670.6094082888095,135021412
2019-06-18,648.9768676757812,648.9768676757812,635.2107141944217,645.0436723432653,109557136
2019-06-19,645.043701171875,656.843287696776,637.1773101552744,656.843287696776,116348414
2019-06-20,617.5113525390625,645.0437219855538,603.7451979982657,645.0437219855538,151322692
2019-06-21,629.310791015625,645.0435698457482,617.5112068930326,629.310791015625,133751065
2019-06-24,629.310791015625,633.2439857231558,621.4444016005634,629.310791015625,68058122
2019-06-25,629.310791015625,631.277418551832,623.4110291367705,631.277418551832,81503887
2019-06-26,647.0103149414062,647.0103149414062,625.3777099369786,629.3109053591569,83985238
2019-06-27,637.1773071289062,650.9435215250205,631.2775440769254,648.9768935977633,92858055
2019-06-28,631.2775268554688,639.143917620109,623.4111360908284,639.143917620109,116857358
2019-07-01,641.1104736328125,645.043668944605,627.3443202239853,631.2775155357778,109487735
2019-07-02,666.6763305664062,666.6763305664062,643.0771566700047,645.0437243122559,116364507
2019-07-03,664.7096557617188,678.4758093829926,660.7764603892272,668.6428511342103,107473083
2019-07-04,670.6094970703125,674.5426929028179,660.7765376714995,664.7097335040048,111414881
2019-07-05,668.642822265625,676.5092126709776,662.7430596440561,672.5760174683013,77281969
2019-07-08,672.5761108398438,672.5761108398438,660.7765235937167,668.6429150911347,94896847
2019-07-09,678.475830078125,678.475830078125,666.6763039656302,670.6094390931981,103900420
2019-07-10,662.7431640625,676.509319258347,660.7765359688644,676.509319258347,112328666
2019-07-11,668.642822265625,674.5425848871939,664.7096270629487,666.6762548467324,168781165
2019-07-12,719.7744140625,721.7409816293743,670.6094401470008,670.6094401470008,197811063
2019-07-15,707.9747924804688,733.5405317722106,706.0081646461618,721.7409458610468,155343950
2019-07-16,706.0082397460938,709.9414354681992,702.0750440239882,709.9414354681992,35688911
2019-07-17,725.6742553710938,729.6074512938198,704.0417079785515,707.9749039012776,132101524
2019-07-18,725.6742553710938,739.4404109181839,719.7744916694558,725.6742553710938,117704256
2019-07-19,741.406982421875,741.406982421875,711.9080454374653,725.6741999328839,125150824
2019-07-22,759.1063232421875,763.0395188162624,741.4069733412986,741.4069733412986,128992543
2019-07-23,761.0729370117188,765.0061325124088,749.2733505096484,761.0729370117188,70622453
2019-07-24,759.1063232421875,763.0395188162624,753.2065600635234,761.0729512116733,85256591
2019-07-25,747.3067626953125,761.072977869202,743.3735669834725,761.072977869202,72625035
2019-07-26,725.6742553710938,745.340234984724,721.7410594483678,745.340234984724,89940179
2019-07-29,709.94140625,733.5405796113904,707.9748386523323,729.6073840511586,96091255
2019-07-30,707.9747924804688,723.7075736953537,704.0415971767476,707.9747924804688,73524236
2019-07-31,763.03955078125,768.9393745719641,709.9414384893189,709.9414384893189,173950060
2019-08-01,757.1397094726562,774.8390582943659,747.3066909545674,763.0394722915952,79412793
2019-08-02,741.406982421875,765.0061561553617,729.6073955551317,757.1397649108661,128397099
2019-08-05,721.740966796875,751.2399022480255,713.874575961249,741.4069438859401,85421042
2019-08-06,707.9747924804688,717.8077505573257,658.8098813663995,707.9747924804688,68128831
2019-08-07,707.9747924804688,727.6407086341825,698.1417740387194,717.8077505573257,89011106
2019-08-08,752.2233276367188,757.1398073488749,707.9748894975116,712.8913692096678,70481135
2019-08-09,771.8892211914062,801.388219227496,752.2233029872115,752.2233029872115,91109140
2019-08-12,752.2233276367188,791.5552256988689,752.2233276367188,771.8892464853434,56487602
2019-08-13,722.7243041992188,752.2233022046186,717.807824653285,752.2233022046186,87731002
2019-08-14,727.6407470703125,747.3067246277336,717.8077884740497,732.5572867333395,51432365
2019-08-15,717.8077392578125,722.7242182188472,693.2252840877475,707.9747813357432,66347931
2019-08-16,722.7243041992188,732.5573236559849,698.1418461046513,717.807824653285,64995207
2019-08-19,727.6407470703125,732.5572867333395,707.9748298777871,732.5572867333395,62052588
2019-08-20,712.891357421875,737.473815941081,707.9748777910138,727.6407963144587,44639276
2019-08-21,707.9747924804688,717.8077505573257,698.1417740387194,712.8912715188972,50981960
2019-08-22,707.9747924804688,712.8912715188972,693.225295000291,707.9747924804688,72646761
2019-08-23,712.891357421875,712.891357421875,703.0583377952527,712.891357421875,53359611
2019-08-26,712.891357421875,712.891357421875,693.2253785335301,703.0583377952527,50456320
2019-08-27,860.3860473632812,860.3860473632812,712.8913067349865,717.807786016284,230061588
2019-08-28,894.8014526367188,939.049886400687,835.8035811946911,860.3860376896852,177210819
2019-08-29,899.718017578125,909.5509763072185,870.2190206610513,899.718017578125,79470627
2019-08-30,889.8849487304688,899.7179672746926,875.1355114614728,899.7179672746926,65907383
2019-09-02,973.4654541015625,978.381933794192,860.3861193465814,889.8850578672589,174567431
2019-09-03,993.1312866210938,993.1312866210938,948.8828551900193,968.5488314221515,119989372
2019-09-04,1022.6301879882812,1027.5467878174081,978.381815729326,988.2147739280065,126832852
2019-09-05,983.29833984375,1032.4633141825886,978.381860519335,1022.6302348039666,80387530
2019-09-06,1057.045654296875,1066.8786124200526,958.7158316055279,988.2147663399535,98901307
2019-09-09,1032.4632568359375,1061.9621311439562,1022.6301780034792,1061.9621311439562,62219956
2019-09-10,1061.962158203125,1061.962158203125,1022.6302040604559,1037.3797623200746,126528391
2019-09-11,1066.878662109375,1086.5447000014515,1057.0457035282325,1061.9621828188037,94940801
2019-09-12,1032.4632568359375,1066.8786101952928,998.0477827467968,1066.8786101952928,83690735
2019-09-13,1022.6301879882812,1057.0456624134492,1002.9642715909204,1032.4632669167481,74228408
2019-09-16,1061.962158203125,1061.962158203125,993.1313290007954,1012.7972457072357,104825973
2019-09-17,1047.212646484375,1057.0456041409873,1032.4632099994565,1052.1291253126813,66856069
2019-09-18,1017.7136840820312,1047.212678688817,998.0477681640298,1032.463241750316,79736565
2019-09-19,1012.7973022460938,1022.6302611482334,998.047863892884,1012.7973022460938,57949658
2019-09-20,983.29833984375,1017.7137554795514,973.4653811949199,1017.7137554795514,106572172
2019-09-23,948.8829956054688,1002.964392973114,939.0499758518692,983.2984138308155,95183303
2019-09-24,943.9664916992188,978.3819090418407,939.0499517660736,943.9664916992188,75228090
2019-09-25,973.4654541015625,983.2984134868215,939.0499755233549,948.8829952735144,86146639
2019-09-26,978.3818359375,993.1313339050602,968.5488775357229,973.4653567366114,64014435
2019-09-27,978.3818359375,988.2147943392771,973.4653567366114,983.2983151383885,45005092
2019-09-30,973.4654541015625,988.214893179451,943.966515580885,988.214893179451,84817351
2019-10-01,958.7158813476562,973.4653796625802,943.9664433976283,963.6323606643323,57538480
2019-10-02,988.21484375,1027.5468604183923,958.7159067048278,958.7159067048278,88675163
2019-10-03,963.6323852539062,1002.9643415207627,958.7159058117735,983.2983633873345,60512983
2019-10-04,978.3818359375,983.2983151383885,958.7158587690512,973.4653567366114,53306806
2019-10-07,948.8829956054688,983.2984138308155,939.0499758518692,978.381934136466,75951474
2019-10-08,919.3839721679688,953.7993872149998,909.5509533224634,953.7993872149998,89183805
2019-10-09,875.1356201171875,929.2170175479691,865.3026003521086,919.3840581477908,107631700
2019-10-10,860.3860473632812,894.8014626972584,860.3860473632812,884.9685041346637,103761114
2019-10-11,919.3839721679688,929.216930648579,865.3025194299271,865.3025194299271,80552183
2019-10-14,899.718017578125,934.1334334948489,894.8014778486817,924.3004747657553,43553597
2019-10-15,924.300537109375,924.300537109375,894.8015382026083,904.6345579598308,47304692
2019-10-16,934.1334838867188,934.1334838867188,899.7180661134538,924.3005246271858,58193669
2019-10-17,924.300537109375,934.1334965016968,904.6345579598308,934.1334965016968,49891050
2019-10-18,909.5509643554688,934.1334212200788,909.5509643554688,919.3839833202502,89222428
2019-10-21,919.3839721679688,929.216930648579,904.6344740821582,914.4674325627686,54194238
2019-10-22,988.21484375,988.21484375,919.3840107662307,924.3004902129433,100859935
2019-10-23,988.21484375,1002.964342455035,968.5489259631503,993.13138356161,51048042
2019-10-24,1002.9642944335938,1012.7972528562213,973.4653588008163,988.2147964347577,65917541
2019-10-25,993.1312866210938,1002.9642445547139,983.2982683225819,1002.9642445547139,57437798
2019-10-28,973.4654541015625,993.131433236981,958.7159546587735,993.131433236981,50209794
2019-10-29,973.4654541015625,978.381933794192,958.7159546587735,973.4654541015625,58164501
2019-10-30,953.7993774414062,988.2147921357822,943.9664190615545,983.2983129458563,52307929
2019-10-31,934.1334838867188,963.6324220302173,934.1334838867188,953.7994627706844,56862169
2019-11-01,943.9664916992188,943.9664916992188,919.3840334930891,939.0499517660736,60444890
2019-11-04,934.1334838867188,958.7159424004508,934.1334838867188,948.8829831409179,59209947
2019-11-05,948.8829956054688,948.8829956054688,929.2170164631704,934.1334961575197,41899128
2019-11-06,948.8829956054688,948.8829956054688,934.1334961575197,948.8829956054688,33010922
2019-11-07,963.6323852539062,963.6323852539062,948.8829469275082,948.8829469275082,59557859
2019-11-08,963.6323852539062,978.3818839452018,953.7994263696409,968.5489250609364,43114155
2019-11-11,953.7993774414062,968.5488753760785,948.8828982514804,963.6323358212582,44119872
2019-11-12,973.4654541015625,973.4654541015625,953.799474966144,953.799474966144,46931835
2019-11-13,1017.7136840820312,1022.6301630615316,973.4653129016361,978.3817918811366,110615055
2019-11-14,1007.8807983398438,1032.463315728519,993.131360344514,1012.7972776716203,72930602
2019-11-15,1057.045654296875,1066.8786124200526,1002.9642638896127,1012.7972220127903,89089962
2019-11-18,1111.1270751953125,1120.9600335883229,1057.0456833039668,1057.0456833039668,70912430
2019-11-19,1224.20654296875,1224.20654296875,1116.0436310288824,1116.0436310288824,81581335
2019-11-20,1155.3756103515625,1243.8724851347988,1155.3756103515625,1219.290086989344,97137305
2019-11-21,1194.7076416015625,1209.4570813960859,1155.3756814196934,1155.3756814196934,73912179
2019-11-22,1179.958251953125,1209.4571327958204,1175.0417718126757,1194.7076923744728,71941783
2019-11-25,1263.5382080078125,1278.2877653410974,1184.874425392677,1194.7073831283462,76326241
2019-11-26,1219.2900390625,1278.2879130223512,1219.2900390625,1268.4549541506751,149028725
2019-11-27,1297.9537353515625,1297.9537353515625,1219.2899494310286,1219.2899494310286,66924465
2019-11-28,1307.7867431640625,1411.033169837096,1288.1208261195554,1317.6198224161064,115221195
2019-11-29,1337.28564453125,1356.9515601797405,1293.0372135923644,1307.7866503287323,68886312
2019-12-02,1356.95166015625,1376.6176979834627,1322.5363052357618,1347.1187016075392,68374652
2019-12-03,1376.61767578125,1396.2835925614982,1347.1186798810888,1356.951638271213,64871190
2019-12-04,1356.95166015625,1391.3671358065292,1297.9537881341937,1376.6176979834627,87794972
2019-12-05,1352.0352783203125,1356.9517579489886,1307.786840932428,1356.9517579489886,79982689
2019-12-06,1391.3670654296875,1396.283544455362,1332.3691963918068,1347.1186334688307,66834746
2019-12-09,1386.4505615234375,1425.7825137527873,1386.4505615234375,1406.116477273221,66020135
2019-12-10,1381.5340576171875,1396.283494162955,1371.7010999200093,1386.4505364657766,45943218
2019-12-11,1391.3670654296875,1406.1165025067114,1381.5341073783381,1381.5341073783381,63545221
2019-12-12,1386.4505615234375,1411.0330769404495,1381.5340825859917,1406.116477273221,59255410
2019-12-13,1396.2835693359375,1396.2835693359375,1356.9516156998936,1391.3670902226554,76367580
2019-12-16,1381.5340576171875,1406.1164518601333,1381.5340576171875,1386.4505364657766,74918600
2019-12-17,1411.0330810546875,1411.0330810546875,1356.9515711255285,1381.5340866142176,72530388
2019-12-18,1455.281494140625,1455.281494140625,1411.0331804574428,1420.8661390537054,105431978
2019-12-19,1440.5321044921875,1470.0311019987405,1440.5321044921875,1465.1146225359475,66917525
2019-12-20,1474.9476318359375,1474.9476318359375,1445.448633321895,1460.198192943816,79896289
2019-12-23,1484.780517578125,1499.5299557399248,1465.1146000290585,1474.9475588035918,71466434
2019-12-26,1479.864013671875,1494.6134515893002,1425.7826205781907,1489.696972283492,60389972
2019-12-27,1479.864013671875,1484.7804929776835,1465.1145757544498,1479.864013671875,56516670
2019-12-30,1484.780517578125,1484.780517578125,1460.1981206417918,1484.780517578125,48672704
2020-01-02,1440.5321044921875,1489.697019849912,1376.617750746084,1484.7805403871191,51684221
2020-01-03,1401.2000732421875,1435.6155483738999,1386.4506356413633,1435.6155483738999,50040314
2020-01-06,1283.2042236328125,1396.283477239351,1248.7887513800395,1391.366998450352,75422213
2020-01-07,1302.8702392578125,1332.3692349963599,1263.538285183012,1288.120801753433,72273602
2020-01-08,1258.62158203125,1307.786485692943,1243.8721471516722,1302.8700073997504,69727577
2020-01-09,1273.371337890625,1288.1207750896954,1258.6217799617689,1263.5382590281256,49427369
2020-01-10,1253.705322265625,1302.870234497026,1248.7888431154636,1268.4548804458968,43371946
2020-01-13,1189.791015625,1268.4549263328618,1165.2084982551212,1253.7053676190176,88483353
2020-01-14,1219.2900390625,1243.8724362416901,1189.7910417176768,1189.7910417176768,74964667
2020-01-15,1297.9537353515625,1307.786693500406,1229.122907579872,1229.122907579872,106928533
2020-01-16,1278.287841796875,1312.7031959301373,1258.6218044195084,1302.870237606348,65182792
2020-01-17,1288.1207275390625,1288.1207275390625,1238.9558179606183,1278.28776976933,57076106
2020-01-20,1288.1207275390625,1327.4526793477742,1278.28776976933,1288.1207275390625,74167255
2020-01-21,1302.8702392578125,1322.5362766601068,1263.538285183012,1288.120801753433,51034564
2020-01-22,1302.8702392578125,1327.4527558282334,1297.9537600896858,1302.8702392578125,50195914
2020-01-23,1342.2022705078125,1347.1187499586313,1288.1208758190098,1302.8703141714664,36304672
2020-01-24,1352.0352783203125,1356.9517579489886,1322.536400548256,1347.1187986916364,52695068
2020-01-27,1293.037353515625,1356.9517070193556,1273.3714357390293,1352.0352275752066,53779439
2020-01-28,1219.2900390625,1293.0373513298655,1214.3734388968671,1293.0373513298655,47552123
2020-01-29,1238.9559326171875,1243.872411957039,1194.7074978287314,1219.2900152577815,48889558
2020-01-30,1219.2900390625,1248.7889156775282,1199.6240005893528,1243.8724362416901,43359876
2020-01-31,1283.2042236328125,1283.2042236328125,1194.7073639712696,1229.1228362240429,71104139
2020-02-03,1253.705322265625,1278.2878387462194,1238.955884815141,1278.2878387462194,36754775
2020-02-04,1248.7889404296875,1263.538379029549,1238.955981363113,1258.621899496262,46888786
2020-02-05,1258.62158203125,1258.62158203125,1204.5402000763643,1258.62158203125,54507651
2020-02-06,1219.2900390625,1258.6218745492042,1219.2900390625,1258.6218745492042,40858912
2020-02-07,1243.87255859375,1248.7890385131918,1214.3735583472924,1219.2901589965409,59188926
2020-02-10,1224.20654296875,1243.8724611052003,1209.4569836366152,1243.8724611052003,39530630
2020-02-11,1229.1231689453125,1238.9561291850741,1214.3736078558584,1224.2066888254317,24602592
2020-02-12,1234.03955078125,1234.03955078125,1214.3735111381986,1229.1230710529378,34771404
2020-02-13,1204.54052734375,1234.0395258473968,1194.7075680858009,1229.1230462184221,34225346
2020-02-14,1179.958251953125,1209.4571327958204,1175.0417718126757,1209.4571327958204,45734712
2020-02-17,1160.2919921875,1179.9580297761463,1150.4590337580717,1179.9580297761463,31288661
2020-02-18,1199.6240234375,1214.3734620259333,1160.2920664718808,1170.1251462606335,44064552
2020-02-19,1214.37353515625,1214.37353515625,1189.791136028494,1209.4570553306987,27665808
2020-02-20,1199.6240234375,1224.206541814686,1184.8745848490669,1214.3734620259333,29776918
2020-02-21,1140.6260986328125,1194.707491829397,1116.0435813272059,1189.7910125142341,54805675
2020-02-24,1091.461181640625,1155.3755332853736,1061.9621851039303,1130.793136779621,37420023
2020-02-25,1076.7117919921875,1111.127148642635,1037.3798350904506,1081.62827151368,54057045
2020-02-26,1017.7136840820312,1071.795073586319,983.2982708606369,1071.795073586319,64140363
2020-02-27,963.6323852539062,1032.4633389033538,953.7994263696409,1017.7137798471607,47611768
2020-02-28,968.5488891601562,978.3818476799477,870.2190021377662,934.133413611096,71013816
2020-03-02,929.2169189453125,993.1313293589777,919.3839605885461,988.2147898157002,39384786
2020-03-03,948.8829956054688,978.381934136466,939.0499758518692,939.0499758518692,61375774
2020-03-04,1002.9642944335938,1047.2127280652073,939.0498835918302,948.8829023793525,115861901
2020-03-05,998.0478515625,1032.4633280245982,988.2148324169447,1017.7137691238169,62680319
2020-03-06,953.7993774414062,983.2983129458563,943.9664190615545,983.2983129458563,49692703
2020-03-09,830.8870239257812,914.4673440123377,811.221048503977,909.5508652481088,49526743
2020-03-10,811.2211303710938,870.2190022255865,791.5551529646311,845.636545558732,53221512
2020-03-11,771.8892211914062,825.9706773476383,732.5573244181179,811.2211783295934,62790556
2020-03-12,688.308837890625,732.5572713759723,663.7263815504203,732.5572713759723,57071379
2020-03-13,688.308837890625,688.308837890625,688.308837890625,688.308837890625,0
2020-03-16,599.81201171875,663.7264266966565,599.81201171875,663.7264266966565,86251043
2020-03-17,560.4800415039062,599.8119975397547,560.4800415039062,599.8119975397547,30869034
2020-03-18,526.0646362304688,560.480053206759,526.0646362304688,560.480053206759,99772244
2020-03-19,489.68255615234375,491.64915385432914,489.68255615234375,489.68255615234375,3246576
2020-03-20,516.2316284179688,570.3130187124553,456.25041496996425,456.25041496996425,102290609
2020-03-23,481.8161926269531,481.8161926269531,481.8161926269531,481.8161926269531,10758020
2020-03-24,448.384033203125,501.4821408096821,448.384033203125,501.4821408096821,67638998
2020-03-26,535.8975830078125,555.5635609866573,418.885089489807,448.38405645807427,229726450
2020-03-27,609.64501953125,648.9769153828518,545.7306057706631,560.4800440781773,104202266
2020-03-30,589.9791259765625,609.6451069032656,570.3131450498594,609.6451069032656,39587157
2020-03-31,712.891357421875,737.473815941081,589.9790648258448,589.9790648258448,162704923
2020-04-01,732.5573120117188,840.7201017625684,693.2253555396474,707.9748543078986,201554011
2020-04-02,816.1375732421875,840.7200288129789,693.2252953882306,737.4737274886336,132593268
2020-04-03,983.29833984375,988.214819168165,835.8035979219219,845.6365565707521,186231693
2020-04-06,983.29833984375,1032.4633141825886,929.2169465453923,983.29833984375,114575058
2020-04-07,968.5488891601562,1032.463300633486,934.133413611096,983.2983269398434,88397155
2020-04-08,909.5509643554688,983.2983349492989,904.6344850555258,958.7158780846889,79356869
2020-04-09,929.2169189453125,968.5488731021671,875.1355272533082,909.5509418668853,86186067
2020-04-13,889.8849487304688,934.1333812672428,880.0519905511381,929.2169021775776,73156106
2020-04-14,968.5488891601562,968.5488891601562,889.8849795422442,894.8014588021399,106498949
2020-04-15,978.3818359375,1032.4632882419578,958.7158587690512,983.2983151383885,131747376
2020-04-16,953.7993774414062,988.2147921357822,934.1334003168082,973.4653545660044,62429870
2020-04-17,973.4654541015625,993.131433236981,958.7159546587735,988.214893179451,77751786
2020-04-20,948.8829956054688,983.2984138308155,943.9665159111192,983.2984138308155,64251707
2020-04-21,998.0478515625,1007.8808103431584,924.3004796128711,934.1334383935294,81598132
2020-04-22,1189.791015625,1243.872408962983,983.298340564207,998.0478389131551,238480781
2020-04-23,1258.62158203125,1293.037050813365,1155.375296414671,1204.5402000763643,156667102
2020-04-24,1219.2900390625,1317.6198692388505,1184.8745622818387,1258.6218745492042,81576809
2020-04-27,1194.7076416015625,1243.8725616464471,1165.2086412827089,1229.1231218519238,77082415
2020-04-28,1327.452880859375,1327.452880859375,1209.4570075210886,1229.1230467757027,120378825
2020-04-29,1411.0330810546875,1411.0330810546875,1327.4526974148416,1327.4526974148416,114180979
2020-04-30,1425.78271484375,1455.2815926289175,1381.534277436199,1435.6156741054724,98311395
2020-05-04,1361.8682861328125,1425.7826386481454,1332.3692891943085,1425.7826386481454,64272930
2020-05-05,1356.95166015625,1460.1980871070873,1347.1187016075392,1376.6176979834627,93966767
2020-05-06,1263.5382080078125,1366.7846264216832,1263.5382080078125,1361.8681475538485,69982451
2020-05-08,1189.791015625,1312.7032402850177,1179.9580569689654,1263.5383262750522,99778480
2020-05-11,1199.6240234375,1268.454978309783,1179.958105319589,1189.7910643785447,98954716
2020-05-12,1238.9559326171875,1258.6218499765935,1184.8745391490284,1199.6239771685828,102584509
2020-05-13,1155.3756103515625,1268.455004010053,1155.3756103515625,1219.290086989344,112391932
2020-05-14,1130.793212890625,1170.1251706769615,1101.2942143684227,1130.793212890625,55490938
2020-05-15,1204.54052734375,1219.2900869604732,1120.9601321915839,1140.6261714372815,60034717
2020-05-18,1150.4591064453125,1238.9559793610745,1140.6261473946272,1209.4569814792214,44337330
2020-05-19,1150.4591064453125,1194.7075429031934,1145.5426269199697,1170.1251452764802,30280531
2020-05-20,1204.54052734375,1224.2065665894477,1130.7932121793324,1189.7910884568264,63379261
2020-05-26,1243.87255859375,1263.538478271517,1209.4570784278505,1214.3735583472924,46153132
2020-05-27,1248.7889404296875,1268.4549792926337,1199.624024367018,1263.538379029549,33097020
2020-05-28,1253.705322265625,1297.953755346865,1243.8723639653024,1268.4548804458968,56114243
2020-05-29,1327.452880859375,1327.452880859375,1234.0395264069064,1253.7054449317209,98289971
2020-06-02,1317.6197509765625,1371.7011406465283,1307.7866722576546,1332.3691879602484,44689064
2020-06-03,1317.6197509765625,1356.9515829330583,1288.1207562794066,1317.6197509765625,79496175
2020-06-04,1302.8702392578125,1342.202193332613,1283.2043225853063,1317.6197974919803,50324658
2020-06-05,1293.037353515625,1317.6198714661643,1278.2879151831783,1317.6198714661643,41834253
2020-06-08,1293.037353515625,1317.6198714661643,1278.2879151831783,1293.037353515625,45969168
2020-06-09,1204.54052734375,1307.7868410118144,1204.54052734375,1297.9538817538653,68044744
2020-06-10,1179.958251953125,1219.2902138065313,1150.4592503806173,1214.3736129362696,54049803
2020-06-11,1204.54052734375,1229.1230462184221,1150.4591306952307,1170.1251699409283,53554136
2020-06-12,1175.0416259765625,1189.791064567336,1145.542628065218,1179.9581055068204,38459233
2020-06-15,1184.87451171875,1214.3733870749493,1170.1250740406504,1175.0415532666836,42647858
2020-06-16,1204.54052734375,1219.2900869604732,1194.7075680858009,1209.4570069727245,34751288
2020-06-17,1189.791015625,1229.1229709789309,1175.041577640948,1229.1229709789309,36934213
2020-06-18,1111.1270751953125,1194.7074629954782,1111.1270751953125,1189.790983798973,43812192
2020-06-19,1140.6260986328125,1175.041574568745,1130.7931400024866,1140.6260986328125,72027881
2020-06-22,1204.54052734375,1204.54052734375,1130.7932121793324,1150.4591306952307,70130508
2020-06-23,1165.20849609375,1219.290010061208,1150.4590581370571,1199.6239720558256,51025713
2020-06-24,1170.1251220703125,1184.8745603538266,1160.2920424848419,1165.20852191268,38727987
2020-06-25,1145.5426025390625,1170.1251203723762,1120.9600847057488,1170.1251203723762,37047568
2020-06-26,1130.793212890625,1165.2085703150947,1125.876733258558,1145.5426517868264,42078968
2020-06-29,1150.4591064453125,1160.2920654959978,1101.2941904620889,1125.8767088185991,55288366
2020-06-30,1140.6260986328125,1179.9580538839082,1135.7096193176496,1170.1250952535822,49697129
2020-07-01,1130.793212890625,1145.5426517868264,1120.9601328966912,1145.5426517868264,29725420
2020-07-02,1130.793212890625,1155.3756110509605,1116.043653264624,1116.043653264624,45899967
2020-07-03,1160.2919921875,1194.707467420289,1130.7931168992147,1145.5425545433575,75395056
2020-07-06,1150.4591064453125,1179.9581043271655,1145.5426269199697,1170.1251452764802,37699338
2020-07-07,1140.6260986328125,1189.7910125142341,1140.6260986328125,1160.2920158934644,53400246
2020-07-08,1170.1251220703125,1179.9580809259885,1145.5426042013278,1150.459083629166,45226070
2020-07-09,1204.54052734375,1229.1230462184221,1170.1251699409283,1175.0416495699028,84138323
2020-07-10,1199.6240234375,1234.0395008736414,1194.7075439080222,1219.2900622852083,59295844
2020-07-13,1219.2900390625,1229.122997934176,1199.6240005893528,1209.456959461029,47305798
2020-07-14,1258.62158203125,1268.454659347402,1209.4566783695568,1219.289755685709,97475963
2020-07-15,1229.1231689453125,1288.1210511136942,1224.2066888254317,1278.2880908739326,61729620
2020-07-16,1229.1231689453125,1253.7055695447168,1204.5406476160967,1234.0396490651933,51003786
2020-07-17,1234.03955078125,1248.788989966187,1214.3735111381986,1229.1230710529378,36410886
2020-07-20,1229.1231689453125,1248.789089424836,1214.3736078558584,1248.789089424836,44645814
2020-07-21,1189.791015625,1229.1229709789309,1184.8745362969826,1229.1229709789309,59447421
2020-07-22,1160.2919921875,1209.4569050644316,1155.3755129727858,1204.5404258497174,60817847
2020-07-23,1165.20849609375,1189.7910134180302,1140.6260994992617,1160.2920167748523,57117747
2020-07-24,1155.3756103515625,1170.125169968635,1145.5426510933808,1170.125169968635,28091872
2020-07-27,1076.7117919921875,1130.793187458402,1076.7117919921875,1130.793187458402,85193023
2020-07-28,1002.9642944335938,1066.8786449104628,1002.9642944335938,1066.8786449104628,32360661
2020-07-29,934.1334838867188,1012.7973390576814,934.1334838867188,993.1314205386157,57458015
2020-07-30,934.1334838867188,1032.463378306547,870.2190676050554,875.1356075997217,398588785
2020-08-03,880.052001953125,963.6323286549847,870.2189832815043,934.1333933699103,141093430
2020-08-04,875.1356201171875,919.3840581477908,845.6366211868515,914.4675180828011,162238022
2020-08-05,884.968505859375,909.5509626786661,845.6365508025509,884.968505859375,149854601
2020-08-06,904.6344604492188,929.2169166451791,884.9684834194715,899.7179812830054,119163596
2020-08-07,870.218994140625,914.4674278028424,865.3025149259108,909.5509485881281,80544639
2020-08-10,865.3025512695312,884.9685293192747,855.4695924271082,875.1355704768516,72438556
2020-08-11,919.3839721679688,924.300451408274,865.3025194299271,880.0520175157375,144943095
2020-08-12,909.5509643554688,929.2169419201359,899.718005755583,929.2169419201359,88803505
2020-08-13,894.8014526367188,919.3839694966076,894.8014526367188,914.4674299056929,46011110
2020-08-14,899.718017578125,904.6344969426717,884.9685191195882,899.718017578125,62441739
2020-08-18,914.4674682617188,919.3840080588507,894.8014901678833,899.7180299650153,67870134
2020-08-19,909.5509643554688,919.3839833202502,904.6344850555258,914.4674436554116,49898192
2020-08-24,884.968505859375,914.4674419695451,884.968505859375,914.4674419695451,53159856
2020-08-25,889.8849487304688,909.5509254540232,875.1355114614728,894.801427820134,57692772
2020-08-26,880.052001953125,899.7179789314725,880.052001953125,894.8014394132152,42779822
2020-08-27,880.052001953125,884.9684811064884,870.2189832815043,884.9684811064884,47282966
2020-08-28,875.1356201171875,884.9685795173657,865.3026003521086,880.0520998172766,109803561
2020-08-31,825.9706420898438,880.0520355726317,825.9706420898438,875.1355562314502,127072639
2020-09-01,840.7200317382812,845.6365107965679,801.3881389070945,825.970594563421,52920471
2020-09-02,816.1375732421875,850.5530472602309,816.1375732421875,845.6365078541586,67221382
2020-09-03,806.3046264648438,825.9706032701876,791.5551287696125,816.137584685069,51124987
2020-09-04,766.97265625,806.3046090091921,757.139698242648,806.3046090091921,91372463
2020-09-07,811.2211303710938,825.9706285171645,762.0562170373847,771.8891755581684,116102492
2020-09-08,801.3882446289062,835.8036629420031,791.5552248502352,811.2212040426765,87181524
2020-09-09,786.6387329101562,830.8871703138069,786.6387329101562,786.6387329101562,127598581
2020-09-10,732.5573120117188,786.6387068871436,732.5573120117188,737.4737914795032,65426703
2020-09-11,717.8077392578125,737.4737154668429,683.3923261656781,727.640697179882,114008380
2020-09-14,801.3882446289062,801.3882446289062,717.8078481522556,717.8078481522556,104868921
2020-09-15,766.97265625,821.05404602022,766.97265625,806.3046090091921,68247618
2020-09-16,771.8892211914062,781.7222406584025,757.1397825382602,771.8892211914062,52804501
2020-09-17,752.2233276367188,776.8057865624004,747.3067875596618,771.8892464853434,51609288
2020-09-18,722.7243041992188,762.0562612964859,722.7243041992188,752.2233022046186,73937325
2020-09-21,688.308837890625,727.6407318160158,673.5593399405444,722.7242526209537,106398468
2020-09-22,678.475830078125,707.9748264540486,658.8099129807032,678.475830078125,81576507
2020-09-23,653.8933715820312,698.1418056619626,644.0604130597777,683.3923678785823,72174429
2020-09-24,629.310791015625,658.8097815045476,624.3943127224323,644.0602862600863,82288927
2020-09-25,663.7264404296875,668.6429200608911,634.2275022775658,634.2275022775658,98654882
2020-09-28,688.308837890625,707.9748150357676,663.7263815504203,668.6428607454824,113550130
2020-09-29,673.5593872070312,703.0583248123621,653.8934086818444,693.225365732218,64781471
2020-09-30,776.8057861328125,806.3047247543368,683.3924301939014,688.3089099033386,382543586
2020-10-01,816.1375732421875,816.1375732421875,762.0561830594249,786.6386386302163,177650261
2020-10-02,830.8870239257812,855.4694781118142,786.638594317944,825.9705451615524,269687469
2020-10-05,845.6365356445312,850.5530752121771,825.9706188335261,845.6365356445312,72840380
2020-10-06,860.3860473632812,870.219005925876,825.970632029304,855.4695680819839,131100837
2020-10-07,840.7200317382812,860.386008336321,825.970594563421,855.4695292780342,90945393
2020-10-08,845.6365356445312,850.5530752121771,821.0540792658802,845.6365356445312,68515567
2020-10-09,835.8035888671875,850.5530870455391,825.9706303248834,845.6365474094916,49210715
2020-10-12,825.9706420898438,845.6365594545694,821.0541023837661,835.8036007722066,59366452
2020-10-13,860.3860473632812,870.219005925876,801.3881752579216,825.970632029304,129178720
2020-10-14,894.8014526367188,899.7179922276334,850.5530792376454,855.4695584636653,137502763
2020-10-15,899.718017578125,909.5509763072185,875.1355603904947,894.8014778486817,128759998
2020-10-16,894.8014526367188,909.5509506796732,865.3025169157049,899.7179922276334,81125297
2020-10-19,884.968505859375,904.634483387787,870.219007621842,894.8014644411331,77926295
2020-10-20,884.968505859375,904.634483387787,870.219007621842,884.968505859375,60889964
2020-10-21,870.218994140625,894.8014505790908,870.218994140625,884.9684921496623,41798043
2020-10-22,929.2169189453125,929.2169189453125,870.2189877100307,875.1355272533082,185603459
2020-10-23,909.5509643554688,963.6323573846317,904.6344850555258,934.1334212200788,168677566
2020-10-26,914.4674682617188,924.3004874910852,889.8850107356488,919.3840080588507,89536344
2020-10-27,884.968505859375,909.5509626786661,880.0520265684959,899.7180040969079,65491477
2020-11-02,884.968505859375,909.5509626786661,855.4695697492048,875.1355472776168,98743796
2020-11-03,889.8849487304688,904.6344463643578,884.9684696408034,889.8849487304688,46198393
2020-11-04,860.3860473632812,899.7180023434514,860.3860473632812,894.8014626972584,39110299
2020-11-05,909.5509643554688,919.3839833202502,875.1355488909729,875.1355488909729,127690010
2020-11-06,919.3839721679688,924.300451408274,899.7179948418532,914.4674325627686,75165528
2020-11-09,914.4674682617188,929.2169669233197,904.6345093972498,929.2169669233197,59413927
2020-11-10,953.7993774414062,958.7158566313323,904.6344648123581,914.46742319221,130306241
2020-11-11,943.9664916992188,973.4654294735946,934.1334721978275,958.7159304039571,86670971
2020-11-12,939.0499267578125,953.7994254346494,934.1334473204994,943.966466560023,65116408
2020-11-13,919.3839721679688,943.9664287343895,914.4674325627686,934.1334098888842,59752183
2020-11-16,919.3839721679688,934.1334098888842,914.4674325627686,924.300451408274,47689417
2020-11-17,914.4674682617188,929.2169669233197,914.4674682617188,924.3004874910852,51103664
2020-11-18,943.9664916992188,948.8829712674649,914.4674935599439,919.3840334930891,100399271
2020-11-19,943.9664916992188,953.799450835711,934.1334721978275,953.799450835711,50226088
2020-11-20,939.0499267578125,953.7994254346494,929.2169678831862,943.966466560023,54667878
2020-11-23,1027.5467529296875,1027.5467529296875,939.0498303217839,939.0498303217839,313448566
2020-11-24,1066.878662109375,1086.5447000014515,1002.9643106021572,1047.21274494709,233475432
2020-11-25,1061.962158203125,1081.6281956393539,1022.6302040604559,1081.6281956393539,150496514
2020-11-26,1116.0435791015625,1116.0435791015625,1052.1292274021118,1076.7117446586954,120726033
2020-11-27,1096.377685546875,1140.6261209800525,1091.461206135388,1120.9600826043102,107602833
2020-11-30,1032.4632568359375,1106.2105633357698,1022.6301780034792,1096.377605233097,165362996
2020-12-01,1066.878662109375,1071.7951413999463,998.0478313115859,1032.4633070753762,94605361
2020-12-02,1101.2943115234375,1106.2107915892311,1052.1293901356896,1071.7953103988646,101553748
2020-12-03,1106.210693359375,1120.960132247028,1086.5447748425042,1111.1271729885927,76616218
2020-12-04,1101.2943115234375,1106.2107915892311,1086.5448713260562,1106.2107915892311,36790683
2020-12-07,1199.6240234375,1199.6240234375,1096.377711858873,1106.2106709178286,163644054
2020-12-08,1194.7076416015625,1209.4570813960859,1165.2086412827089,1209.4570813960859,81036886
2020-12-10,1175.0416259765625,1214.3734622186255,1175.0416259765625,1189.791064567336,79745115
2020-12-11,1209.4569091796875,1229.1229468352487,1175.0415545595874,1175.0415545595874,83729056
2020-12-14,1224.20654296875,1238.9559815710877,1204.5405041025026,1209.4569836366152,65782460
2020-12-15,1229.1231689453125,1229.1231689453125,1184.8747271365733,1219.2902087055509,61941848
2020-12-16,1238.9559326171875,1273.3714087259407,1229.1229739374844,1234.039453277336,65341108
2020-12-17,1238.9559326171875,1258.6218499765935,1209.4569358482859,1248.7888912968906,37759687
2020-12-18,1229.1231689453125,1248.789089424836,1209.4571277359776,1238.9561291850741,184987698
2020-12-21,1248.7889404296875,1263.538379029549,1229.1230222965385,1229.1230222965385,46109479
2020-12-22,1189.791015625,1253.7053676190176,1189.791015625,1248.7888882910001,52587345
2020-12-23,1204.54052734375,1204.54052734375,1111.1271729336347,1179.9581291988773,52767889
2020-12-28,1189.791015625,1229.1229709789309,1175.041577640948,1229.1229709789309,42443577
2020-12-29,1120.9600830078125,1209.4569539060228,1120.9600830078125,1189.7910362529958,86350820
2020-12-30,1081.6282958984375,1135.7096925838894,1047.2128177423137,1120.9601329570937,85622507
2021-01-04,1091.461181640625,1116.0435781463777,1037.3797885981776,1081.628223038324,48186995
2021-01-05,1140.6260986328125,1140.6260986328125,1071.7951467609473,1086.544705436228,63040703
2021-01-06,1120.9600830078125,1155.375559630404,1071.7951681454504,1145.5426008038905,38873931
2021-01-07,1111.1270751953125,1165.2084670866582,1106.2105959988073,1155.3755086936478,54208320
2021-01-08,1150.4591064453125,1160.2920654959978,1111.1271495127742,1130.793188343942,74976334
2021-01-11,1160.2919921875,1175.0415505614321,1135.709596113929,1160.2919921875,61605603
2021-01-12,1160.2919921875,1170.125071346718,1145.5425545433575,1165.2084714022142,35823187
2021-01-13,1155.3756103515625,1175.0416495977258,1140.6261714642897,1155.3756103515625,36565782
2021-01-14,1140.6260986328125,1160.2920158934644,1120.9600606423687,1155.3755365783013,42147766
2021-01-15,1125.8765869140625,1150.4589818791114,1101.2940712192294,1140.626023893092,31138593
2021-01-18,1057.045654296875,1150.4589979266334,1047.2126961736974,1120.960002827315,58661676
2021-01-19,983.29833984375,1086.5447074809465,983.29833984375,1057.045710804664,53743330
2021-01-20,1042.2962646484375,1076.711740378942,934.1334185360034,983.2983321239565,67023035
2021-01-21,1052.1292724609375,1081.628270286213,1022.630274635662,1061.9622314927637,31965375
2021-01-22,1002.9642944335938,1066.8786449104628,988.2147964347577,1057.045686487835,25731420
2021-01-25,968.5488891601562,1002.9643043443214,948.8829117556783,1002.9643043443214,26841842
2021-01-26,1042.2962646484375,1057.045702505886,924.300459964371,968.5488942665079,93118562
2021-01-27,978.3818359375,1042.296246643735,973.4653567366114,1042.296246643735,51961425
2021-01-28,914.4674682617188,983.298361407694,914.4674682617188,963.6323833138586,46049231
2021-01-29,870.218994140625,948.8829030356312,855.4695564964824,943.966423820917,66684175
2021-02-01,973.4654541015625,983.2984134868215,835.8036605185333,870.2190787318403,66113374
2021-02-02,1125.8765869140625,1150.4589818791114,948.8828602465733,978.3817945695242,218191134
2021-02-03,1096.377685546875,1145.5426003915395,1047.2127707022105,1130.7931621570785,119581614
2021-02-04,1096.377685546875,1170.1251181787688,1076.7117679009268,1101.294164958362,149338416
2021-02-05,1145.5426025390625,1165.208520221878,1081.6282493401181,1096.3776876022296,129610920
2021-02-08,1170.1251220703125,1175.0416014981506,1135.7096453456518,1155.3755630570038,84139028
2021-02-09,1125.8765869140625,1204.5403715320035,1101.2940712192294,1170.1250185809347,95315870
2021-02-10,1135.7095947265625,1160.2919907701041,1111.1270779532317,1145.5425531439791,49712417
2021-02-11,1150.4591064453125,1170.1251452764802,1091.4612314114036,1135.7096678692844,60662448
2021-02-15,1165.20849609375,1184.8745340991325,1140.6260994992617,1165.20849609375,58760649
2021-02-16,1140.6260986328125,1175.041574568745,1140.6260986328125,1175.041574568745,27534247
2021-02-17,1071.795166015625,1155.3755573344913,1061.962207208651,1140.6261191240305,60986422
2021-02-18,1037.3797607421875,1086.5446731632956,1037.3797607421875,1071.7951149261112,39456199
2021-02-19,1027.5467529296875,1047.2126686593426,1002.9642375378363,1037.379710794515,36904944
2021-02-22,1002.9642944335938,1047.2127280652073,1002.9642944335938,1042.2962488538935,46399456
2021-02-23,1061.962158203125,1071.7951165563452,1002.9642873540155,1002.9642873540155,79873658
2021-02-24,1017.7136840820312,1066.8785946068185,1007.8807261230305,1061.962115627318,49904729
2021-02-25,1037.3797607421875,1047.2127190804515,1017.7137233358714,1022.6302025050034,33060509
2021-02-26,1081.6282958984375,1081.6282958984375,1002.9643803215258,1037.3798584776496,65236201
2021-03-01,1047.212646484375,1086.5445978406044,1042.2961676560687,1066.8785617975998,52476906
2021-03-02,1071.795166015625,1086.54472495588,1032.4633307877293,1052.1292484016772,60173319
2021-03-03,1047.212646484375,1101.294034325523,1027.5467311711502,1081.6281190122982,58325633
2021-03-04,1007.8807983398438,1076.7117504443008,1007.8807983398438,1052.1292330556255,55508238
2021-03-05,1007.8807983398438,1047.212753723849,1002.9643190080672,1032.463315728519,33857418
2021-03-08,1007.8807983398438,1032.463315728519,1007.8807983398438,1032.463315728519,35716872
2021-03-09,983.29833984375,1027.5468348581737,973.4653811949199,1007.8807968307214,40038869
2021-03-10,998.0478515625,1027.546848634269,983.2983530266155,983.2983530266155,32413467
2021-03-12,1042.2962646484375,1047.2127439342537,1002.9643096321169,1002.9643096321169,32616139
2021-03-15,1007.8807983398438,1057.045712387402,1007.8807983398438,1042.2962743920723,33503370
2021-03-16,1012.7973022460938,1032.4633407801684,1007.8808227950238,1007.8808227950238,21427327
2021-03-17,993.1312866210938,1027.5467601185478,993.1312866210938,1022.6301604219544,23759214
2021-03-18,1002.9642944335938,1012.7972528562213,993.1313360109662,993.1313360109662,17077972
2021-03-19,1007.8807983398438,1027.5468363967425,993.131360344514,1017.713757003397,49833618
2021-03-22,993.1312866210938,1012.7972024883342,988.2147472893919,1012.7972024883342,18792186
2021-03-23,968.5488891601562,998.0478250844257,968.5488891601562,993.13134582453,38822836
2021-03-24,983.29833984375,983.29833984375,953.7994035323636,963.6323621811937,28466740
2021-03-25,953.7993774414062,993.1313316906026,934.1334003168082,983.2983129458563,35623532
2021-03-26,929.2169189453125,963.6323335588896,924.3004397669293,953.7993752021231,53654416
2021-03-29,988.21484375,1002.964342455035,929.2169696596557,929.2169696596557,99302125
2021-03-30,973.4654541015625,988.214893179451,934.1334958307255,988.214893179451,52574872
2021-03-31,943.9664916992188,973.4654294735946,934.1334721978275,973.4654294735946,61368129
2021-04-01,929.2169189453125,953.7993752021231,924.3004397669293,943.9664168453565,36802149
2021-04-05,943.9664916992188,953.799450835711,929.2169926295813,939.0499517660736,32552672
2021-04-06,968.5488891601562,978.3818476799477,939.0498928709916,953.799391015574,38685140
2021-04-07,963.6323852539062,983.2983633873345,948.8829469275082,968.5489250609364,34924892
2021-04-08,1002.9642944335938,1002.9642944335938,953.7993815906663,973.4653588008163,59250482
2021-04-09,973.4654541015625,1022.630311392758,973.4654541015625,1007.8808723148695,39386597
2021-04-12,943.9664916992188,998.0478876797242,943.9664916992188,973.4654294735946,52354297
2021-04-13,934.1334838867188,958.7159424004508,919.3840449974193,943.9665035111515,29292818
2021-04-14,958.7158813476562,958.7158813476562,929.2169450827043,934.1334243993804,31442249
2021-04-15,968.5488891601562,968.5488891601562,934.133413611096,958.7158702754697,28352882
2021-04-16,958.7158813476562,963.6323606643323,943.9664433976283,963.6323606643323,25105701
2021-04-19,934.1334838867188,958.7159424004508,929.2170042569522,958.7159424004508,33191165
2021-04-20,948.8829956054688,963.632434688517,924.3005367688208,924.3005367688208,58958895
2021-04-21,924.300537109375,953.7994756512411,924.300537109375,948.8829959550801,46861629
2021-04-22,909.5509643554688,939.0499005200217,904.6344850555258,924.3004626201931,58043702
2021-04-23,914.4674682617188,929.2169669233197,909.5509888294843,919.3840080588507,42318654
2021-04-26,894.8014526367188,919.3839694966076,889.884973410699,914.4674299056929,32404414
2021-04-27,939.0499267578125,939.0499267578125,870.2190335407361,894.8014910921993,74723270
2021-04-28,958.7158813476562,958.7158813476562,914.4674467677804,943.9664433976283,55433405
2021-04-29,968.5488891601562,968.5488891601562,943.9664324957826,958.7158702754697,37258589
2021-04-30,983.29833984375,983.29833984375,943.9664448835334,963.6323621811937,23385351
2021-05-03,948.8829956054688,978.381934136466,943.9665159111192,978.381934136466,28256524
2021-05-04,983.29833984375,983.29833984375,943.9664448835334,963.6323621811937,42412799
2021-05-05,958.7158813476562,1017.7137538775601,958.7158813476562,988.2148176126082,65856388
2021-05-06,929.2169189453125,983.298310637317,924.3004397669293,963.6323335588896,45124181
2021-05-07,914.4674682617188,939.0499257877887,914.4674682617188,934.1334463555542,28748369
2021-05-10,909.5509643554688,934.1334212200788,904.6344850555258,934.1334212200788,40450349
2021-05-11,909.5509643554688,924.3004626201931,904.6344850555258,904.6344850555258,27644988
2021-05-17,855.4695434570312,919.3839533687881,855.4695434570312,909.5509347243442,65623742
2021-05-18,865.3025512695312,880.0520498980632,850.5531130058966,855.4695924271082,38009432
2021-05-19,863.0579833984375,872.9214782957347,853.1944885011403,872.9214782957347,28696972
2021-05-20,917.307373046875,932.1026766969326,848.2627236005435,872.9215226490645,79694723
2021-05-21,887.716796875,927.1708982658392,887.716796875,922.2391507300744,37794790
2021-05-24,838.3992309570312,897.580324647004,828.5357355261566,892.6485769315667,71546799
2021-05-25,848.2626953125,877.8533016258214,838.3992002429665,843.3309477777332,52425006
2021-05-27,843.3309326171875,872.9214778461999,843.3309326171875,853.1944880617643,72596470
2021-05-28,877.8533325195312,877.8533325195312,838.3992297481942,858.1262811338627,31620179
2021-05-31,887.716796875,887.716796875,853.194503572286,877.8533018034703,48017213
2021-06-02,897.580322265625,897.580322265625,872.9215232014984,887.7168268609194,55792985
2021-06-03,917.307373046875,917.307373046875,887.7168262991221,897.5803216975856,38829676
2021-06-04,872.9215087890625,917.3073584821269,872.9215087890625,917.3073584821269,38127816
2021-06-07,872.9215087890625,902.5121156193463,867.9897611681356,887.7168122042044,31227005
2021-06-08,843.3309326171875,892.6485281829945,843.3309326171875,877.8532858446679,50122891
2021-06-09,848.2626953125,853.1945033996271,833.4674527081996,848.2626953125,49522217
2021-06-10,853.1945190429688,863.0580142933497,838.3992156150358,848.2627108654168,47404569
2021-06-11,848.2626953125,867.9897460039275,843.3309477777332,858.1262509343939,31349614
2021-06-14,813.7404174804688,853.1945196130791,813.7404174804688,848.2627114322318,46426513
2021-06-15,867.9896850585938,867.9896850585938,794.0132955742151,813.7403448805206,83291425
2021-06-16,848.2626953125,887.716796695355,848.2626953125,863.0579984691607,70671738
2021-06-17,838.3992309570312,867.9897778020177,838.3992309570312,848.2627263879059,34777640
2021-06-18,848.2626953125,853.1945033996271,818.672149551539,848.2626953125,70267399
2021-06-21,823.6039428710938,848.26274246809,813.7404472532406,828.5357512323839,38165434
2021-06-22,912.3756103515625,927.17091375844,833.4674668037254,833.4674668037254,132546800
2021-06-23,902.5121459960938,927.1709454830551,887.7168420829717,927.1709454830551,37994948
2021-06-24,902.5121459960938,941.9661888438139,887.7168420829717,941.9661888438139,28561689
2021-06-25,882.7850341796875,907.4438319874209,872.9214787251785,897.580276532912,23452339
2021-06-28,848.2626953125,882.7850491605882,848.2626953125,882.7850491605882,35366144
2021-06-29,853.1945190429688,882.7850653464732,838.3992156150358,858.1262666681592,30983597
2021-06-30,843.3309326171875,872.9214778461999,843.3309326171875,858.1262355078733,35688508
2021-07-01,858.126220703125,858.126220703125,833.4674233456452,843.3309180676939,24307485
2021-07-02,843.3309326171875,858.1262355078733,838.3991851710786,853.1944880617643,20244989
2021-07-05,828.5357666015625,848.2627582032005,818.6722102483787,838.3992624023815,22580496
2021-07-06,858.126220703125,858.126220703125,823.6038680712385,828.535675984621,23368755
2021-07-07,877.8533325195312,877.8533325195312,848.2627251648472,858.1262811338627,15870187
2021-07-08,863.0579833984375,887.7167811940398,858.1262359497889,887.7167811940398,23233775
2021-07-09,877.8533325195312,887.7168279361842,848.2627251648472,863.0580288421892,25673988
2021-07-12,843.3309326171875,887.7167807368857,843.3309326171875,882.7850332907767,20966260
2021-07-13,828.5357666015625,858.1263145563843,823.6039581487883,848.2627582032005,37290473
2021-07-14,808.8086547851562,838.3992005572082,798.9450991595654,833.467453020593,42504127
2021-07-15,794.0133666992188,813.7404177726061,794.0133666992188,813.7404177726061,20088484
2021-07-16,798.9451293945312,813.740433116645,789.0816339480305,794.0133816712809,25095341
2021-07-19,798.9451293945312,808.8086853933946,794.0133816712809,798.9451293945312,29174634
2021-07-21,798.9451293945312,813.740433116645,789.0816339480305,794.0133816712809,24882712
2021-07-22,823.6039428710938,828.5357512323839,798.9451432740975,798.9451432740975,46113301
2021-07-23,798.9451293945312,838.3992322852597,798.9451293945312,828.5357368387588,38822635
2021-07-26,794.0133666992188,808.8086701423497,794.0133666992188,808.8086701423497,25549066
2021-07-27,863.0579833984375,882.7850337453912,808.8086403585844,808.8086403585844,113855999
2021-07-28,858.126220703125,877.8532706995804,833.4674233456452,877.8532706995804,52216600
2021-07-29,941.9661865234375,941.9661865234375,853.1945449204688,858.12629269524,112078016
2021-07-30,956.761474609375,1001.1473249544807,946.8979792226236,946.8979792226236,191593201
2021-08-02,1025.8060302734375,1050.4648890482135,956.7614436925617,971.5567468469552,163643551
2021-08-03,1015.9425659179688,1035.669677755096,981.4202715839012,1030.7379300719954,107994599
2021-08-04,1025.8060302734375,1060.3283841162356,996.2155450693709,1020.8742827394263,59329639
2021-08-05,1075.1236572265625,1114.5777597229428,1030.7379281609492,1055.3966665307344,128413695
2021-08-06,1109.64599609375,1149.1000980228328,1070.1918941646672,1109.64599609375,88593792
2021-08-09,1084.9871826171875,1124.4411606975063,1060.3283252122744,1114.5776661774266,64873704
2021-08-10,1020.874267578125,1089.9189742383182,1020.874267578125,1080.0554793167817,60773892
2021-08-12,1070.19189453125,1089.9190060549097,1015.9425497744496,1020.874297379184,52579902
2021-08-13,1060.3282470703125,1080.0553557613766,1045.5330063805432,1070.191740863492,25291878
2021-08-16,1035.6695556640625,1070.1917853760772,1020.8741932542033,1065.2600382743608,32669849
2021-08-18,1114.5777587890625,1129.373122903261,1030.7379272973164,1035.6696749671412,100707654
2021-08-19,1065.2601318359375,1119.5094758242365,1045.5331416964543,1114.5777282893657,54972540
2021-08-20,1070.19189453125,1084.9872584501754,1045.533156507578,1065.2601469265157,34356102
2021-08-23,1070.19189453125,1109.6459964738474,1045.533156507578,1084.9872584501754,40468152
2021-08-24,1109.64599609375,1109.64599609375,1055.3966513555322,1075.1236417677123,31285744
2021-08-25,1080.0555419921875,1109.6460284739271,1065.260177646592,1109.6460284739271,48416824
2021-08-26,1040.601318359375,1129.3730097299497,1030.737824008136,1080.0554168690428,116296112
2021-08-27,1045.533203125,1055.3966987742547,1011.0108472478811,1035.6697074757453,37601472
2021-08-30,1040.601318359375,1060.3283070618531,1015.9424613765657,1055.3965598862335,38011041
2021-08-31,1050.46484375,1055.396591071344,1025.805986038565,1040.601349107312,56748209
2021-09-01,1006.0789794921875,1060.3283202009463,996.2154850187246,1055.396572964215,64953667
2021-09-02,1001.1472778320312,1025.8060151382613,986.351974895934,1006.0790252932773,37754759
2021-09-03,1006.0789794921875,1025.8059684391133,986.3519299929052,1006.0789794921875,39000866
2021-09-06,996.2155151367188,1015.9425046800388,981.4202124268703,1006.0790099083788,46328848
2021-09-07,986.3519897460938,1006.0790404404405,986.3519897460938,996.2155453694472,27700911
2021-09-08,956.761474609375,991.283769015367,941.9661709768857,986.3520213219914,64772016
2021-09-09,996.2155151367188,996.2155151367188,946.8979201737017,946.8979201737017,54664558
2021-09-10,991.2837524414062,1001.1473082156043,976.4885096086512,996.215560604686,30497485
2021-09-13,996.2155151367188,996.2155151367188,971.5567176552103,991.2837071985304,21425718
2021-09-14,996.2155151367188,1020.8742520658689,991.2837071985304,996.2155151367188,38302527
2021-09-15,981.4202270507812,1001.147277440408,976.4884795914644,996.2155299810911,35191936
2021-09-16,986.3519897460938,991.2837372815903,976.4884946751006,981.4202422105972,23519326
2021-09-17,1011.0108032226562,1011.0108032226562,981.420257011071,981.420257011071,41861209
2021-09-20,976.488525390625,1011.010819777363,971.5567776999999,1011.010819777363,36234768
2021-09-21,961.6932373046875,971.5567933976677,951.8297417640705,971.5567933976677,26390432
2021-09-22,966.625,981.420304091733,961.6932521535437,961.6932521535437,41394811
2021-09-23,981.4202270507812,1001.147277440408,971.5567321321477,971.5567321321477,32241371
2021-09-24,961.6932373046875,991.2837844789018,951.8297417640705,981.4202889382847,35307907
2021-09-27,951.8297729492188,966.6250167448864,941.9662165330752,961.6932688129972,23114384
2021-09-28,961.6932373046875,986.3520367085932,937.0344379007818,951.8297417640705,44890429
2021-09-29,966.625,991.2837997846456,946.8980086141747,951.8297564606311,37109125
2021-09-30,951.8297729492188,971.5568252291407,937.0344686011861,966.6250167448864,61228924
2021-10-01,941.9661865234375,961.693238174885,932.1026909738954,951.8297426253429,31242796
2021-10-04,961.6932373046875,961.6932373046875,937.0344379007818,941.9661856710902,32113130
2021-10-05,917.307373046875,996.2155784440324,907.4438776484114,961.6932234446855,124682817
2021-10-06,932.1026611328125,937.0344087496946,907.4438624960405,922.2391658990482,53203911
2021-10-07,937.034423828125,946.8979797729714,922.2391807393988,937.034423828125,33651225
2021-10-08,951.8297729492188,976.4885731610299,932.1027206692969,937.0344686011861,71694453
2021-10-11,912.3756103515625,956.7614600198337,912.3756103515625,951.8297124016617,49924745
2021-10-12,912.3756103515625,941.9661566129562,892.6485593265129,912.3756103515625,55466999
2021-10-13,907.44384765625,922.2391508173042,897.5802920314271,912.3755951924813,46070755
2021-10-14,912.3756103515625,927.17091375844,897.5803069446849,907.4438627333905,52830249
2021-10-15,932.1026611328125,937.0344087496946,912.3756101129227,917.3073577298048,52397949
2021-10-18,941.9661865234375,951.8297426253429,932.1026909738954,941.9661865234375,49929573
2021-10-19,966.625,996.215608183466,941.9662002153543,946.8980086141747,157106141
2021-10-21,976.488525390625,986.3520207718752,946.8979786945121,976.488525390625,56932375
2021-10-22,961.6932373046875,981.4202889382847,956.7614895343789,976.4885411679762,38232421
2021-10-25,951.8297729492188,966.6250167448864,941.9662165330752,961.6932688129972,36270474
2021-10-26,961.6932373046875,986.3520367085932,956.7614895343789,956.7614895343789,62945553
2021-10-27,961.6932373046875,976.4885411679762,946.8979939937619,971.5567933976677,38312887
2021-10-28,917.307373046875,961.6932234446855,912.3756253476432,961.6932234446855,50199434
2021-10-29,922.2391967773438,937.0344401233626,912.3756406609679,927.17094455935,40554049
2021-11-01,922.2391967773438,937.0344401233626,922.2391967773438,927.17094455935,40503758
2021-11-02,907.44384765625,932.1026458897668,907.44384765625,927.1708983535354,40279762
2021-11-03,907.44384765625,922.2391508173042,897.5802920314271,912.3755951924813,30603901
2021-11-04,922.2391967773438,941.9661879053689,912.3756406609679,912.3756406609679,42889556
2021-11-05,956.761474609375,956.761474609375,927.1709278967585,927.1709278967585,46864546
2021-11-08,961.6932373046875,986.3520367085932,956.7614895343789,976.4885411679762,54912191
2021-11-09,956.761474609375,971.5567782418643,951.8297269159992,966.6249699961263,22031924
2021-11-10,961.6932373046875,961.6932373046875,946.8979939937619,951.8297417640705,22103136
2021-11-11,956.761474609375,971.5567782418643,946.8979792226236,966.6249699961263,17720086
2021-11-12,961.6932373046875,961.6932373046875,941.9661856710902,951.8297417640705,30187291
2021-11-15,956.761474609375,976.48852593524,946.8979792226236,961.6932223027507,34309130
2021-11-16,1015.9425659179688,1035.669677755096,956.7614726160352,956.7614726160352,160764500
2021-11-17,1025.8060302734375,1035.6696464461802,996.2155450693709,1015.9425352054153,68801924
2021-11-18,1025.8060302734375,1045.5331415142023,1011.0107876714042,1025.8060302734375,37759788
2021-11-19,1006.0789794921875,1025.8059684391133,996.2154850187246,1025.8059684391133,39038684
2021-11-22,1011.0108032226562,1025.8060460522681,1006.0790556127855,1006.0790556127855,27989882
2021-11-23,1040.601318359375,1084.9871640446624,1011.0107142009462,1025.8059557278048,145797738
2021-11-24,1050.46484375,1065.260085714032,1030.7378544646242,1055.396591071344,60727625
2021-11-25,1060.3282470703125,1075.1234877600818,1045.5330063805432,1060.3282470703125,68965671
2021-11-26,1001.1472778320312,1060.328368471702,986.351974895934,1060.328368471702,72524554
2021-11-29,971.5568237304688,1001.1473718285241,961.6932673295402,991.2838154275956,70754919
2021-11-30,907.44384765625,991.2837374292629,907.44384765625,976.488494820569,147785233
2021-12-01,912.3756103515625,937.0344089947841,897.5803069446849,917.3073579697345,71114398
2021-12-02,902.5121459960938,917.3073893568526,887.7168420829717,912.375641569933,41322493
2021-12-03,882.7850341796875,917.3073268895706,882.7850341796875,902.512084536346,60487335
2021-12-06,867.9896850585938,892.6484815533867,863.0579378701063,882.7849871764118,99068775
2021-12-07,882.7850341796875,892.6485290818372,867.9897312741037,872.9214787251785,53822589
2021-12-08,867.9896850585938,892.6484815533867,867.9896850585938,892.6484815533867,35415731
2021-12-09,882.7850341796875,887.7167816307623,867.9897312741037,872.9214787251785,31341064
2021-12-10,867.9896850585938,882.7849871764118,867.9896850585938,882.7849871764118,32548850
2021-12-13,872.9215087890625,882.7850645832775,872.9215087890625,872.9215087890625,31733635
2021-12-14,872.9215087890625,877.8533169623507,867.9897611681356,877.8533169623507,28679068
2021-12-15,907.44384765625,907.44384765625,872.9214937979103,872.9214937979103,49687573
2021-12-16,877.8533325195312,912.3756270301793,877.8533325195312,907.4438793218528,51088576
2021-12-17,882.7850341796875,882.7850341796875,867.9897312741037,877.8532867286126,36144043
2021-12-20,872.9215087890625,882.7850645832775,867.9897611681356,882.7850645832775,21311457
2021-12-21,877.8533325195312,887.7168279361842,872.9215242588423,872.9215242588423,22463922
2021-12-22,853.1945190429688,887.7168129716637,853.1945190429688,882.7850653464732,33884977
2021-12-23,848.2626953125,863.0579984691607,843.3309477777332,848.2626953125,26890926
2021-12-24,863.0579833984375,863.0579833984375,843.3309330514838,853.1944885011403,20276069
2021-12-27,863.0579833984375,872.9214782957347,853.1944885011403,853.1944885011403,25726089
2021-12-28,877.8533325195312,892.6485756445107,863.0580288421892,867.9897765505158,44855225
2021-12-29,863.0579833984375,882.7850337453912,858.1262359497889,882.7850337453912,27485666
2021-12-30,843.3309326171875,867.9897304000909,843.3309326171875,863.0579829539821,29667183
2022-01-03,848.2626953125,858.1262509343939,843.3309477777332,843.3309477777332,24148867
2022-01-04,848.2626953125,863.0579984691607,848.2626953125,853.1945033996271,24850626
2022-01-05,848.2626953125,858.1262509343939,838.3992002429665,853.1945033996271,23644651
2022-01-06,843.3309326171875,853.1944880617643,823.6038822803928,848.2626800632963,35652098
2022-01-07,833.4674682617188,848.2627111421164,833.4674682617188,843.3309635153172,16547705
2022-01-10,823.6039428710938,838.399246850237,823.6039428710938,838.399246850237,30620497
2022-01-11,833.4674682617188,858.1262669480762,823.6039124557589,828.5357206349195,38806240
2022-01-12,867.9896850585938,872.9214322470812,843.3308885638008,848.2626357522882,50864681
2022-01-13,872.9215087890625,877.8533169623507,858.1262659262819,872.9215087890625,30622710
2022-01-14,848.2626953125,872.9214935386943,848.2626953125,872.9214935386943,22195570
2022-01-17,833.4674682617188,848.2627111421164,823.6039124557589,848.2627111421164,37287355
2022-01-18,823.6039428710938,838.399246850237,808.8086994443141,833.4674990413105,34918052
2022-01-19,808.8086547851562,828.5357054839777,808.8086547851562,823.6038973950022,23467828
2022-01-20,828.5357666015625,833.467514501972,808.8087144475597,813.7404623479692,23012495
2022-01-21,863.0579833984375,863.0579833984375,823.6038827045302,828.5356907055381,43111641
2022-01-24,843.3309326171875,867.9897304000909,843.3309326171875,863.0579829539821,34929217
2022-01-25,863.0579833984375,863.0579833984375,843.3309330514838,843.3309330514838,37801026
2022-01-26,877.8533325195312,882.7850802278577,853.1945334255362,863.0580288421892,51667826
2022-01-27,887.716796875,887.716796875,863.0579986438156,877.8533018034703,29004551
2022-01-28,863.0579833984375,897.5802760913369,863.0579833984375,887.7167811940398,33779568
2022-01-31,877.8533325195312,877.8533325195312,863.0580288421892,867.9897765505158,30480085
2022-02-02,877.8533325195312,892.6485756445107,867.9897765505158,877.8533325195312,31877970
2022-02-03,877.8533325195312,892.6485756445107,867.9897765505158,877.8533325195312,30866419
2022-02-04,922.2391967773438,927.17094455935,882.7850934165668,887.7168411985732,68982468
2022-02-07,932.1026611328125,932.1026611328125,912.3756101129227,927.1709135159304,46459805
2022-02-08,912.3756103515625,932.1026613766121,912.3756103515625,927.17091375844,38825351
2022-02-09,961.6932373046875,981.4202889382847,912.3756384968759,912.3756384968759,104949789
2022-02-10,1045.533203125,1045.533203125,966.6249957215076,966.6249957215076,149164410
2022-02-11,1011.0108032226562,1080.0555119702904,996.2155603930443,1045.5331575964733,118537475
2022-02-14,986.3519897460938,1006.0790404404405,951.8296964452572,1006.0790404404405,69547335
2022-02-15,986.3519897460938,996.2155453694472,976.4884946751006,986.3519897460938,39466257
2022-02-16,1001.1472778320312,1035.669631165472,996.2155303707852,996.2155303707852,65372791
2022-02-17,996.2155151367188,1011.0107572942088,986.3519598127003,1001.1472625225488,25180836
2022-02-18,971.5568237304688,991.2838154275956,971.5568237304688,991.2838154275956,45690556
2022-02-21,961.6932373046875,976.4885411679762,946.8979939937619,966.624985074996,34789509
2022-02-22,951.8297729492188,961.6932688129972,937.0344686011861,961.6932688129972,38693991
2022-02-23,951.8297729492188,966.6250167448864,927.1709727374077,946.8980250173296,51566138
2022-02-24,917.307373046875,946.8979803469902,907.4438776484114,946.8979803469902,56557507
2022-02-25,877.8533325195312,956.7614775098428,877.8533325195312,917.3073747385058,109735568
2022-03-01,892.6485595703125,902.5121153617118,877.8533167117554,882.7850643312744,45599932
2022-03-02,892.6485595703125,922.2391663921493,887.7168119507935,892.6485595703125,55185874
2022-03-04,892.6485595703125,897.5803071898315,882.7850643312744,892.6485595703125,29351859
2022-03-07,833.4674682617188,892.6485608880323,833.4674682617188,892.6485608880323,74646728
2022-03-08,813.7404174804688,848.2627114322318,813.7404174804688,833.467468546774,58869981
2022-03-09,828.5357666015625,843.331010302791,818.6722102483787,818.6722102483787,47769178
2022-03-10,867.9896850585938,867.9896850585938,843.3308885638008,848.2626357522882,67670580
2022-03-11,853.1945190429688,867.9897619185402,838.3992156150358,867.9897619185402,34492893
2022-03-14,882.7850341796875,897.580276532912,843.3309334663703,853.1944889208793,54380616
2022-03-15,848.2626953125,892.6485442301218,843.3309477777332,892.6485442301218,61659012
2022-03-16,863.0579833984375,877.8532862967426,843.3309330514838,853.1944885011403,54931603
2022-03-17,848.2626953125,872.9214935386943,843.3309477777332,872.9214935386943,42021737
2022-03-18,858.126220703125,858.126220703125,838.3991707066696,848.2626654287183,67076746
2022-03-21,867.9896850585938,872.9214322470812,853.1944434931316,858.126190681619,32763793
2022-03-22,863.0579833984375,872.9214782957347,858.1262359497889,872.9214782957347,22522260
2022-03-23,863.0579833984375,872.9214782957347,858.1262359497889,867.9897308470861,28367667
2022-03-24,887.716796875,887.716796875,863.0579986438156,867.9897461795804,54941158
2022-03-25,887.716796875,897.5802919465297,867.9897461795804,892.6485444107649,39665309
2022-03-28,867.9896850585938,892.6484815533867,863.0579378701063,887.7167343648993,35852959
2022-03-29,872.9215087890625,887.7168122042044,867.9897611681356,872.9215087890625,33441714
2022-03-30,892.6485595703125,902.5121153617118,877.8533167117554,877.8533167117554,62837628
2022-03-31,892.6485595703125,902.5121153617118,877.8533167117554,897.5803071898315,43165452
2022-04-01,887.716796875,912.3755951061845,877.8533018034703,892.6485444107649,83910506
2022-04-04,897.580322265625,897.580322265625,877.8533314562136,887.7168268609194,30581069
2022-04-05,892.6485595703125,902.5121153617118,882.7850643312744,897.5803071898315,31354039
2022-04-06,892.6485595703125,897.5803071898315,877.8533167117554,892.6485595703125,30606013
2022-04-07,877.8533325195312,897.5803233528374,877.8533325195312,897.5803233528374,29995884
2022-04-08,877.8533325195312,882.7850802278577,867.9897765505158,867.9897765505158,31995248
2022-04-11,858.126220703125,877.8532706995804,853.1944733421007,877.8532706995804,25517282
2022-04-12,872.9215087890625,872.9215087890625,838.3992148902131,848.2627101320669,33630103
2022-04-13,863.0579833984375,872.9214782957347,853.1944885011403,872.9214782957347,58772216
2022-04-14,858.126220703125,872.9214627861979,858.126220703125,867.9897154251737,21213792
2022-04-18,848.2626953125,867.9897460039275,848.2626953125,858.1262509343939,22498824
2022-04-19,872.9215087890625,872.9215087890625,848.2627101320669,848.2627101320669,30122718
2022-04-20,858.126220703125,882.7850180606048,858.126220703125,877.8532706995804,32598738
2022-04-21,877.8533325195312,897.5803233528374,858.1262811338627,863.0580288421892,48531387
2022-04-22,863.0579833984375,892.6485286426883,853.1944885011403,887.7167811940398,38811470
2022-04-25,853.1945190429688,863.0580142933497,843.3309632402263,858.1262666681592,25665338
2022-04-26,858.126220703125,863.0579680641493,843.3309180676939,858.126220703125,25194716
2022-04-27,853.1945190429688,863.0580142933497,843.3309632402263,858.1262666681592,25608912
2022-04-28,838.3992309570312,872.9215255174549,838.3992309570312,853.1945346557056,45269622
2022-05-09,808.8086547851562,843.3309480938235,808.8086547851562,838.3992005572082,51987576
2022-05-10,813.7404174804688,828.535720918288,789.0816187856776,808.8086698519828,50062944
2022-05-11,838.3992309570312,838.3992309570312,813.7404318274821,813.7404318274821,35336673
2022-05-12,784.14990234375,833.4675016947508,784.14990234375,833.4675016947508,74836727
2022-05-13,794.0133666992188,813.7404177726061,779.2181238084494,789.0816190689624,44851906
2022-05-17,813.7404174804688,818.6721651089547,794.0133664141636,794.0133664141636,32919393
2022-05-18,813.7404174804688,828.535720918288,803.8769222234969,813.7404174804688,25559727
2022-05-19,794.0133666992188,808.8086701423497,789.0816190689624,808.8086701423497,36866723
2022-05-20,803.8770141601562,813.7405105451825,789.0817090302487,794.0134572227618,34828736
2022-05-23,806.968017578125,811.9187289332252,792.1158227276247,806.968017578125,25764210
2022-05-24,806.968017578125,811.9187289332252,797.066534082725,806.968017578125,23520232
2022-05-25,806.968017578125,811.9187289332252,797.066534082725,806.968017578125,19891746
2022-05-27,831.7215576171875,831.7215576171875,806.967942363678,806.967942363678,37775076
2022-05-30,816.869384765625,836.67228962522,816.869384765625,836.67228962522,17385551
2022-05-31,826.7708129882812,851.5244290516694,816.8693908770043,816.8693908770043,113353191
2022-06-02,816.869384765625,841.6230006438199,811.9186737470251,831.72157860662,41881023
2022-06-03,831.7215576171875,846.5736902981769,821.8200750446674,826.7707859383305,36684971
2022-06-06,821.820068359375,846.5736834115202,806.9679357992038,831.7215508513491,37079855
2022-06-07,802.0172119140625,831.7216003734402,802.0172119140625,826.7708284400793,41050118
2022-06-08,802.0172119140625,806.9679838474234,797.0665007658985,806.9679838474234,36946987
2022-06-09,797.0664672851562,806.9679499507698,797.0664672851562,802.0171782253658,34254012
2022-06-10,767.3621826171875,802.0172218697145,762.411471407569,797.066510660096,68410962
2022-06-13,737.6578369140625,757.460742063634,732.7070650377725,757.460742063634,44215928
2022-06-14,712.9041748046875,742.6085002252514,703.0026924743713,737.6577894526895,59051330
2022-06-15,717.8549194335938,722.8056304396471,683.1998208208298,712.9042084275404,69705650
2022-06-16,737.6578369140625,752.509970187344,722.8056428555848,727.7563539466787,51383784
2022-06-17,712.9041748046875,742.6085002252514,712.9041748046875,737.6577894526895,37146440
2022-06-20,742.6085815429688,742.6085815429688,712.9042528696978,712.9042528696978,29757003
2022-06-21,762.4114379882812,777.2635709661132,732.7070504622272,747.5592442252542,42196749
2022-06-22,742.6085815429688,772.3129102162397,742.6085815429688,762.4114875868823,26657979
2022-06-23,757.460693359375,762.4114041321412,727.7563071523934,742.6085002558842,30465601
2022-06-24,742.6085815429688,767.3621989015611,737.6578702282901,757.4607762722037,34286097
2022-06-27,752.5099487304688,757.4607204655937,742.6085268306076,747.5592377805382,25836930
2022-06-28,767.3621826171875,767.3621826171875,742.6085657838976,752.5099882031345,31588797
2022-06-29,752.5099487304688,772.3128533153853,752.5099487304688,762.4114314155242,41607139
2022-06-30,747.5592651367188,772.3128815773996,737.657842874525,757.4607481841091,48223908
2022-07-01,722.8056030273438,757.4607003258178,722.8056030273438,742.6085070857299,41287491
2022-07-04,717.8549194335938,722.8056304396471,693.1013036181317,712.9042084275404,35458075
2022-07-05,703.0027465820312,722.8056519816316,703.0027465820312,712.90422967443,27088871
2022-07-06,707.9534301757812,712.9042019218509,698.0520082540311,707.9534301757812,23023257
2022-07-07,792.1157836914062,792.1157836914062,712.9042235578246,712.9042235578246,105513248
2022-07-08,777.2636108398438,797.0665166113731,767.3621883466781,792.1158053647903,56943640
2022-07-11,811.9186401367188,811.9186401367188,767.3621212433973,777.2635428707164,51764988
2022-07-12,816.869384765625,836.67228962522,797.06647990603,811.9186737470251,85631660
2022-07-13,866.3765869140625,886.1794910969039,821.8200676989677,831.7215501829851,181551826
2022-07-14,891.1302490234375,905.9824431414868,851.5244385654371,866.3766326834864,96702289
2022-07-15,876.2780151367188,896.0809194669914,866.3765933641793,891.1302085807216,60570013
2022-07-18,886.1795043945312,891.1302153182315,871.3273108382364,881.228793470831,47937854
2022-07-19,901.0316772460938,905.9824491752127,881.2288326704056,886.1795438143276,57339429
2022-07-20,920.8345336914062,935.6867271194071,881.2287858587266,905.982401048599,109772683
2022-07-21,930.736083984375,935.6867952256604,915.8838894753208,925.7853727430896,67906545
2022-07-22,925.7853393554688,945.5881836064384,920.8345675075304,935.6867614809536,47406480
2022-07-25,915.8838500976562,935.6867549965864,905.9824280407889,925.7853329397191,37802334
2022-07-26,876.2780151367188,910.9331129109944,856.4751715916398,905.9824020247246,105001689
2022-07-27,905.982421875,915.8838438644818,881.2288061161004,881.2288061161004,45625178
2022-07-28,901.0316772460938,920.8345826069788,896.0809661021717,905.9824491752127,42643332
2022-07-29,891.1302490234375,915.8838653633886,871.3273437944373,901.0316712453393,67982786
2022-08-01,955.4896850585938,960.4403962174057,891.1302576384469,891.1302576384469,90019639
2022-08-02,945.588134765625,965.3910387789457,925.7852915374971,955.4896171648817,90705606
2022-08-03,985.1939697265625,990.1446806689424,945.5881606171348,945.5881606171348,71197881
2022-08-04,995.0953979492188,995.0953979492188,970.3417822944659,985.1939760013955,82978415
2022-08-05,1004.9968872070312,1009.9475982130846,970.3417885942673,1004.9968872070312,39781983
2022-08-08,1029.75048828125,1029.75048828125,985.1940264492904,1000.0462209167422,51208470
2022-08-09,1014.8983154296875,1034.7012811454733,995.0954104990974,1014.8983154296875,59273113
2022-08-10,1049.5533447265625,1049.5533447265625,1000.0461160723052,1014.8982481974674,50326770
2022-08-11,1049.5533447265625,1054.50405543495,1024.7996696142422,1049.5533447265625,37008442
2022-08-12,1014.8983154296875,1044.6027032181705,1009.9476043933389,1039.651992181822,39560402
2022-08-15,955.4896850585938,1024.7997628523556,945.5882019557728,1019.8490516935436,90587724
2022-08-16,965.39111328125,985.194018822824,940.637496550582,955.4896909030618,62817009
2022-08-18,955.4896850585938,980.2433016378507,940.6374907969607,965.3911073762177,41935539
2022-08-19,901.0316772460938,955.4896821848267,896.0809661021717,955.4896821848267,86296204
2022-08-22,876.2780151367188,905.9824020247246,876.2780151367188,896.0809194669914,62833605
2022-08-23,886.1795043945312,901.0316371656321,876.2780217619365,876.2780217619365,54840275
2022-08-24,856.4752197265625,891.1302586632987,846.5737366123542,886.1795474987931,78626545
2022-08-25,841.6229858398438,866.3766012826276,841.6229858398438,856.4751794195917,52441602
2022-08-26,816.869384765625,846.5737116624198,811.9186737470251,836.67228962522,68444054
2022-08-29,826.7708129882812,836.6722958847539,802.0171969248931,811.9186798213658,47562080
2022-08-30,831.7215576171875,836.6722685108506,816.8693641510043,831.7215576171875,50004205
2022-08-31,811.9186401367188,851.5243874311877,811.9186401367188,841.6229658038687,67031987
2022-09-01,816.869384765625,836.67228962522,816.869384765625,816.869384765625,46681387
2022-09-02,851.5244140625,861.4258967846794,821.8200874663511,826.7707984348435,79369543
2022-09-05,846.5736694335938,856.4751517620826,836.6722478902971,851.5243802052421,35382438
2022-09-06,841.6229858398438,856.4751794195917,831.7215639768079,846.5736967713616,79423857
2022-09-07,826.7708129882812,851.5244290516694,816.8693908770043,846.573717996031,102784063
2022-09-08,851.5244140625,861.4258967846794,821.8200874663511,831.7215701885306,128684461
2022-09-09,861.4259033203125,876.2780363384726,846.5737095169573,851.5244205230106,89234297
2022-09-12,866.3765869140625,871.3272977634746,841.6229718818091,861.4258760646504,57248302
2022-09-13,841.6229858398438,871.3273122141454,841.6229858398438,866.3766012826276,101462822
2022-09-14,821.820068359375,836.6722617047394,816.8693575059846,831.7215508513491,90831132
2022-09-15,816.869384765625,831.72157860662,811.9186737470251,826.7708068028248,133576656
2022-09-16,806.968017578125,826.770862998526,806.968017578125,826.770862998526,117407640
2022-09-19,797.0664672851562,816.8693718311889,792.1157563449467,811.9186608909794,101272622
2022-09-20,797.0664672851562,811.9186608909794,797.0664672851562,797.0664672851562,76948038
2022-09-21,802.0172119140625,811.9186949955873,797.0665007658985,806.9679838474234,109476268
2022-09-22,836.6722412109375,841.6229519430631,802.0171445156748,802.0171445156748,114549812
2022-09-23,826.7708129882812,846.573717996031,821.8201019326427,841.6230069403924,111768023
2022-09-26,856.4752197265625,861.4259308910681,821.8201200046292,841.6230254478486,155502969
2022-09-27,826.7708129882812,861.4259119481421,821.8201019326427,856.4752008925036,104229825
2022-09-28,821.820068359375,836.6722617047394,811.9186466525942,826.7707792127653,80713516
2022-09-29,806.968017578125,836.672346493926,797.066534082725,826.770862998526,92708993
2022-09-30,787.1651000976562,811.9187173038015,772.3129054598897,806.9680060196122,143593791
2022-10-03,777.2636108398438,787.1650941182074,757.4607658535124,782.2143828716247,105402004
2022-10-04,762.4114379882812,792.1157647291402,762.4114379882812,787.1650537365296,98077744
2022-10-05,797.0664672851562,802.0171782253658,772.312851798914,777.2635627391236,113461920
2022-10-06,802.0172119140625,821.8201172919153,797.0665007658985,802.0172119140625,64078304
2022-10-07,797.0664672851562,802.0171782253658,782.2143344645275,802.0171782253658,64070358
2022-10-10,782.2144165039062,797.0665508822407,782.2144165039062,792.1158394227958,52046919
2022-10-11,816.869384765625,821.8200957842249,787.1650578688303,787.1650578688303,135119077
2022-10-12,802.0172119140625,821.8201172919153,787.1650784695705,821.8201172919153,91671794
2022-10-13,787.1651000976562,811.9187173038015,787.1651000976562,802.0172339502243,78807090
2022-10-14,787.1651000976562,806.9680060196122,787.1651000976562,792.1158113818456,61713527
2022-10-17,782.2144165039062,787.1651279633511,767.362221340371,787.1651279633511,49003014
2022-10-18,787.1651000976562,797.0665226660349,777.2636167440791,787.1651000976562,60507653
2022-10-19,787.1651000976562,802.0172339502243,782.2143888134669,792.1158113818456,54659127
2022-10-20,802.0172119140625,802.0172119140625,787.1650784695705,787.1650784695705,64905086
2022-10-21,811.9186401367188,816.8693509503782,797.0664469105473,802.0171577242069,79374471
2022-10-24,797.0664672851562,811.9186608909794,782.2143344645275,811.9186608909794,60308300
2022-10-25,806.968017578125,806.968017578125,792.1158227276247,797.066534082725,66319868
2022-10-26,797.0664672851562,816.8693718311889,797.0664672851562,806.9679499507698,100523791
2022-10-27,836.6722412109375,836.6722412109375,797.0664337835491,802.0171445156748,109034011
2022-10-28,826.7708129882812,846.573717996031,816.8693908770043,841.6230069403924,88229284
2022-10-31,816.869384765625,841.6230006438199,816.869384765625,836.67228962522,118419090
2022-11-01,792.1157836914062,831.7215941507953,792.1157836914062,816.8694000322254,100610995
2022-11-02,821.820068359375,821.820068359375,797.0664533072298,797.0664533072298,86624100
2022-11-03,816.869384765625,836.67228962522,806.9679627284252,821.8200957842249,96211349
2022-11-04,811.9186401367188,821.8200617640377,797.0664469105473,816.8693509503782,113957989
2022-11-07,806.968017578125,811.9187289332252,792.1158227276247,811.9187289332252,85122817
2022-11-08,792.1157836914062,811.9186889211009,792.1157836914062,806.9679778099763,48920839
2022-11-09,797.0664672851562,802.0171782253658,782.2143344645275,797.0664672851562,103043564
2022-11-10,777.2636108398438,792.1158053647903,777.2636108398438,792.1158053647903,61792282
2022-11-11,792.1157836914062,792.1157836914062,777.2635895728363,787.1650725802817,85522227
2022-11-14,802.0172119140625,806.9679838474234,787.1650784695705,792.1157896177345,93666028
2022-11-15,826.7708129882812,836.6722958847539,802.0171969248931,802.0171969248931,92605796
2022-11-16,831.7215576171875,836.6722685108506,806.967942363678,836.6722685108506,75271843
2022-11-17,821.820068359375,831.7215508513491,811.9186466525942,831.7215508513491,31383107
2022-11-18,811.9186401367188,831.7215441765496,811.9186401367188,821.8200617640377,65024175
2022-11-21,816.869384765625,821.8200957842249,802.01719092463,816.869384765625,77405785
2022-11-22,811.9186401367188,831.7215441765496,811.9186401367188,821.8200617640377,87178507
2022-11-23,802.0172119140625,821.8201172919153,797.0665007658985,811.9186949955873,50722057
2022-11-24,811.9186401367188,821.8200617640377,802.0171577242069,806.9679293230591,72364327
2022-11-25,811.9186401367188,816.8693509503782,797.0664469105473,816.8693509503782,49036810
2022-11-28,797.0664672851562,811.9186608909794,797.0664672851562,802.0171782253658,46670625
2022-11-29,802.0172119140625,802.0172119140625,792.1157896177345,797.0665007658985,58764873
2022-11-30,782.2144165039062,806.9680345863311,782.2144165039062,802.0172623416855,157355685
2022-12-01,787.1651000976562,792.1158113818456,782.2143888134669,792.1158113818456,55212528
2022-12-02,787.1651000976562,797.0665226660349,782.2143888134669,787.1651000976562,50806646
2022-12-05,782.2144165039062,792.1158394227958,772.3129327998158,787.1651279633511,50848287
2022-12-06,762.4114379882812,782.2143427439189,757.4607269956706,782.2143427439189,37050184
2022-12-07,752.5099487304688,772.3128533153853,752.5099487304688,762.4114314155242,76653132
2022-12-08,787.1651000976562,792.1158113818456,732.7070936159779,752.5099995379338,109021438
2022-12-09,767.3621826171875,787.1650882408591,757.4607601979507,787.1650882408591,31481577
2022-12-12,772.3128662109375,777.2635772435316,752.5099612953655,762.4114441457492,97603300
2022-12-13,757.460693359375,787.1650187811642,757.460693359375,772.3128256776735,92224290
2022-12-14,747.5592651367188,772.3128815773996,747.5592651367188,762.4114593152059,79572114
2022-12-15,752.5099487304688,762.4114314155242,737.6578158806772,752.5099487304688,89529806
2022-12-16,767.3621826171875,772.312893826806,747.559276993516,752.5099882031345,96160857
2022-12-19,747.5592651367188,777.2635927084964,747.5592651367188,767.3621704463027,66388364
2022-12-20,760.6500244140625,770.5931453019701,750.7069035261549,750.7069035261549,76733677
2022-12-21,765.62158203125,765.62158203125,750.7069007544553,760.6500216056518,61088986
2022-12-22,755.6784057617188,775.5646460057369,755.6784057617188,765.6215258837278,51300048
2022-12-23,775.5646362304688,775.5646362304688,750.7068362387555,755.6783962370981,70595372
2022-12-26,775.5646362304688,780.5362570140026,765.6215162337834,775.5646362304688,55203985
2022-12-27,775.5646362304688,785.5078170123452,770.5930762321261,775.5646362304688,50965815
2022-12-28,760.6500244140625,780.5363269750744,755.6784639701087,780.5363269750744,45832414
2022-12-29,760.6500244140625,770.5931453019701,750.7069035261549,760.6500244140625,76225165
2022-12-30,750.7069091796875,780.5363328532508,750.7069091796875,765.6215906238706,89476734
2023-01-02,760.6500244140625,760.6500244140625,745.7353430822011,755.6784639701087,48003482
2023-01-03,805.3941040039062,815.3372853660098,760.6500006226214,760.6500006226214,99248343
2023-01-04,790.4794311523438,810.3656725077662,785.5078708134881,805.3941121689106,45936380
2023-01-05,780.5363159179688,800.4225574120748,775.5646947592464,790.4794366650217,70829746
2023-01-06,815.3372192382812,815.3372192382812,780.5362392564303,780.5362392564303,86462519
2023-01-09,810.36572265625,825.2804653809926,795.4510407167063,815.3373440879635,77241188
2023-01-10,815.3372192382812,820.3087791235185,800.4224787973795,810.3655985678541,71666583
2023-01-11,810.36572265625,820.3089047344781,795.4510407167063,815.3373440879635,77706832
2023-01-12,800.4225463867188,820.3088483920983,795.4509860816726,810.3656669968111,94310455
2023-01-13,835.2235107421875,835.2235107421875,800.4225285952133,800.4225285952133,88993161
2023-01-16,835.2235107421875,835.2235107421875,815.3372699640272,830.2519505476474,82699207
2023-01-17,830.251953125,840.1950735449467,825.2803929150267,830.251953125,65810428
2023-01-18,845.1666259765625,845.1666259765625,815.3372649912524,830.2519454839074,65435128
2023-01-19,835.2235107421875,840.1950709367276,825.2803903531074,835.2235107421875,77139626
2023-01-20,830.251953125,845.16663375492,830.251953125,840.1950735449467,72085552
2023-01-24,830.251953125,830.251953125,820.3088327050534,830.251953125,50025412
2023-01-25,835.2235107421875,840.1950709367276,820.3088301585673,830.2519505476474,67110104
2023-01-26,840.1951293945312,840.1951293945312,825.2804477732002,835.2235688540875,55949676
2023-01-27,835.2235107421875,845.1666311312678,830.2519505476474,840.1950709367276,74842156
2023-01-30,850.1382446289062,865.0529869328644,835.2235631101455,840.1951236163991,85542449
2023-01-31,820.308837890625,845.1666390976299,820.308837890625,845.1666390976299,94470311
2023-02-01,820.308837890625,830.2519583734269,815.337277649224,820.308837890625,68274064
2023-02-02,830.251953125,835.2235133349733,820.3088327050534,825.2803929150267,71665581
2023-02-03,825.2803955078125,835.2235159589975,815.3372750566275,830.251955733405,63494428
2023-02-06,820.308837890625,830.2519583734269,810.3656566226289,825.280398132026,41473351
2023-02-07,845.1666259765625,845.1666259765625,815.3372649912524,825.2803853196891,72466961
2023-02-08,855.10986328125,855.10986328125,840.1951210233228,845.1666815142329,57213194
2023-02-09,835.2235107421875,855.1098123055415,835.2235107421875,855.1098123055415,73859786
2023-02-10,850.1382446289062,850.1382446289062,820.3088815913846,835.2235631101455,74864191
2023-02-13,840.1951293945312,850.1382504754185,830.2520083136438,850.1382504754185,61631653
2023-02-14,850.1382446289062,855.1098659203573,835.2235631101455,840.1951236163991,74690914
2023-02-15,855.10986328125,855.10986328125,835.2235605324129,850.1382420051428,46944591
2023-02-16,884.939208984375,884.939208984375,840.1951046527912,855.1098466201164,88317582
2023-02-17,889.9108276367188,894.8823880166451,870.0245253318174,884.9392064715965,89872065
2023-02-20,909.7970581054688,909.7970581054688,874.9960750835024,894.8823771468525,90315473
2023-02-21,914.7686157226562,924.7117971175553,899.8539348081,914.7686157226562,94258272
2023-02-22,904.825439453125,914.7685594511837,894.8823194550662,909.7969994521543,79050478
2023-02-23,934.6549072265625,934.6549072265625,899.8539246983864,904.8254849473839,92884878
2023-02-24,929.6834106445312,954.5412135918407,929.6834106445312,934.6549712339931,87986253
2023-02-27,929.6834106445312,944.5980924129169,909.7971075014854,929.6834106445312,84981152
2023-02-28,929.6834106445312,989.3421985032724,914.7686680909472,929.6834106445312,347681902
2023-03-01,865.0529174804688,939.6264406573924,865.0529174804688,939.6264406573924,148913581
2023-03-02,810.36572265625,860.0814506917935,805.3941620097354,845.1667079670508,137836686
2023-03-03,815.3372192382812,830.2518988939931,795.4509189121422,810.3655985678541,95155205
2023-03-06,795.4509887695312,820.3088511639526,795.4509887695312,815.3372908421073,64671509
2023-03-07,785.5078125,805.3940523791342,780.5362525302164,795.4509324395672,55069670
2023-03-08,785.5078125,795.4509324395672,775.5646317752421,790.4793724697836,68266652
2023-03-09,785.5078125,800.4224924093508,780.5362525302164,785.5078125,72738495
2023-03-10,775.5646362304688,790.4793770106878,775.5646362304688,785.5078170123452,61111522
2023-03-13,775.5646362304688,780.5362570140026,765.6215162337834,775.5646362304688,61046318
2023-03-14,765.62158203125,780.5363240932411,760.6500216056518,775.5647028824465,66753735
2023-03-15,760.6500244140625,780.5363269750744,755.6784639701087,765.6215848580164,55847413
2023-03-16,755.6784057617188,770.5930859447324,745.7352856397097,760.6499658227233,64835871
2023-03-17,765.62158203125,780.5363240932411,760.6500216056518,760.6500216056518,77404849
2023-03-20,765.62158203125,780.5363240932411,755.6784611800535,770.5931424568482,55111938
2023-03-21,790.4794311523438,790.4794311523438,765.6215686728702,770.5931290117259,62906489
2023-03-24,815.3372192382812,825.2803390087558,785.5077991416676,790.479359026905,92010481
2023-03-27,795.4509887695312,825.2804114857978,795.4509887695312,815.3372908421073,42871785
2023-03-28,795.4509887695312,810.365669735067,790.479428447686,800.4225490913765,58684244
2023-03-29,800.4225463867188,815.3372880870521,795.4509860816726,795.4509860816726,65194644
2023-03-30,810.36572265625,815.3373440879635,800.4226013632209,805.3941620097354,54466607
2023-03-31,820.308837890625,835.2235186148279,805.394096381228,815.337277649224,74120904
2023-04-03,810.36572265625,820.3089047344781,805.3941620097354,810.36572265625,49334609
2023-04-04,785.5078125,815.3372331038922,770.5930718054585,810.3656123489178,73538473
2023-04-05,770.5930786132812,790.4793794532923,770.5930786132812,785.5078194395874,33256024
2023-04-06,770.5930786132812,790.4793794532923,770.5930786132812,770.5930786132812,30101785
2023-04-10,760.6500244140625,775.5647057459239,755.6784639701087,770.5931453019701,30996314
2023-04-11,785.5078125,790.4793724697836,765.6215118356749,765.6215118356749,44375287
2023-04-12,775.5646362304688,785.5078170123452,770.5930762321261,785.5078170123452,36534461
2023-04-13,800.4225463867188,800.4225463867188,770.593123771247,775.5646840762931,26828657
2023-04-14,800.4225463867188,805.3941066917649,790.4794257766265,800.4225463867188,39584333
2023-04-17,810.36572265625,810.36572265625,790.4794800701918,800.4226013632209,31591365
2023-04-18,795.4509887695312,810.365669735067,790.479428447686,810.365669735067,25289598
2023-04-26,815.3372192382812,815.3372192382812,785.5077991416676,795.4509189121422,40737976
2023-04-27,825.2803955078125,830.251955733405,810.3656540458411,810.3656540458411,37898240
2023-04-28,830.251953125,830.251953125,820.3088327050534,830.251953125,35259224
2023-05-02,825.2803955078125,840.19507618459,815.3372750566275,830.251955733405,36457138
2023-05-03,815.3372192382812,835.2234587792304,805.3940386826168,830.2518988939931,43756999
2023-05-04,805.3941040039062,815.3372853660098,795.4509834269974,815.3372853660098,33022551
2023-05-05,815.3372192382812,815.3372192382812,800.4224787973795,800.4224787973795,23551021
2023-05-08,815.3372192382812,830.2518988939931,810.3655985678541,815.3372192382812,35287169
2023-05-09,810.36572265625,820.3089047344781,810.36572265625,815.3373440879635,22085880
2023-05-10,820.308837890625,830.2519583734269,810.3656566226289,810.3656566226289,27348988
2023-05-11,820.308837890625,830.2519583734269,815.337277649224,825.280398132026,25435632
2023-05-12,800.4225463867188,830.2519690021907,800.4225463867188,820.3088483920983,34402456
2023-05-15,795.4509887695312,800.4225490913765,780.5363078039956,800.4225490913765,39743287
2023-05-16,785.5078125,800.4224924093508,780.5362525302164,795.4509324395672,19732621
2023-05-17,800.4225463867188,800.4225463867188,780.5363051665341,785.5078654715803,20412608
2023-05-19,790.4794311523438,800.422551830055,785.5078708134881,800.422551830055,26367420
2023-05-22,795.4509887695312,800.4225490913765,785.5078681258408,790.479428447686,19875650
2023-05-23,775.5646362304688,795.4509370090306,775.5646362304688,790.4793770106878,31644450
2023-05-24,790.4794311523438,795.4509914911994,775.5646893505815,775.5646893505815,30570835
2023-05-25,780.5363159179688,800.4225574120748,780.5363159179688,790.4794366650217,37502708
2023-05-26,770.5930786132812,785.5078194395874,765.6215185995763,780.5362594258823,35690313
2023-05-29,770.5930786132812,775.5646386269862,760.6499585858713,770.5930786132812,39172275
2023-05-30,760.6500244140625,775.5647057459239,760.6500244140625,770.5931453019701,36778351
2023-05-31,755.6784057617188,765.6215258837278,755.6784057617188,760.6499658227233,207795040
2023-06-05,725.8489990234375,760.6499809266925,725.8489990234375,755.6784207669693,81846745
2023-06-06,715.9058837890625,730.8205643741707,710.9343235940264,725.8490041791346,49091220
2023-06-07,725.8489990234375,735.7921193428838,715.9058787039913,720.8774388637144,48966020
2023-06-08,720.8775024414062,730.8206236377847,715.9059418432171,725.8490630395955,41689897
2023-06-09,705.9627075195312,725.8490092230589,705.9627075195312,720.8774489934755,47053264
2023-06-12,735.7921142578125,740.7636743831771,705.9626927204323,705.9626927204323,54694271
2023-06-13,730.820556640625,745.7352978530988,730.820556640625,740.763676925479,26725392
2023-06-14,740.763671875,740.763671875,720.8774314408752,730.8205516579376,30486800
2023-06-15,745.7352905273438,750.7068506209324,735.7921095549741,740.7636696485628,28988207
2023-06-16,765.62158203125,775.5647028824465,745.7353403288571,745.7353403288571,78108674
2023-06-19,765.62158203125,780.5363240932411,755.6784611800535,780.5363240932411,25215380
2023-06-20,755.6784057617188,770.5930859447324,745.7352856397097,765.6215258837278,35418078
2023-06-21,737.3347778320312,757.2627727873509,737.3347778320312,757.2627727873509,33753920
2023-06-22,727.3707885742188,762.2447329954197,727.3707885742188,737.3347552909523,44600847
2023-06-23,737.3347778320312,747.2988057660086,727.3708108106889,732.3527943213601,25412495
2023-06-26,737.3347778320312,747.2988057660086,737.3347778320312,747.2988057660086,23642968
2023-06-27,742.3167114257812,757.2627218653887,732.3527450744637,732.3527450744637,14423440
2023-07-03,747.2987670898438,762.2447168483352,742.3167229243813,752.2807503426742,17613436
2023-07-04,757.2627563476562,757.2627563476562,747.2987895426254,752.2807729451408,8314682
2023-07-05,757.2627563476562,762.2447397501717,747.2987895426254,757.2627563476562,11299450
2023-07-06,757.2627563476562,762.2447397501717,747.2987895426254,762.2447397501717,7516507
2023-07-07,757.2627563476562,772.2087065552026,752.2807729451408,757.2627563476562,14846216
2023-07-10,752.28076171875,772.2086950314244,752.28076171875,757.2627450469186,12381879
2023-07-11,762.2446899414062,762.2446899414062,752.2807237874692,752.2807237874692,13893393
2023-07-12,767.2266845703125,767.2266845703125,757.2627182663506,762.2447014183315,11854036
2023-07-13,767.2266845703125,772.2086677222934,752.2807351143696,767.2266845703125,17565459
2023-07-14,767.2266845703125,767.2266845703125,757.2627182663506,767.2266845703125,10657524
2023-07-17,767.2266845703125,777.1906508742744,762.2447014183315,762.2447014183315,15653906
2023-07-18,772.2086791992188,782.1727065639014,762.2447127471678,772.2086791992188,12622463
2023-07-20,767.2266845703125,777.1906508742744,767.2266845703125,777.1906508742744,15421935
2023-07-21,772.2086791992188,777.1906624252443,757.2627295211422,767.2266959731933,9437275
2023-07-24,767.2266845703125,777.1906508742744,762.2447014183315,772.2086677222934,9336013
2023-07-25,767.2266845703125,772.2086677222934,762.2447014183315,767.2266845703125,9290140
2023-07-26,762.2446899414062,772.2086560953433,757.2627068644377,772.2086560953433,10176456
2023-07-27,752.28076171875,767.2267117032558,752.28076171875,762.2447283750872,13046340
2023-07-28,762.2446899414062,767.2266730183748,752.2807237874692,752.2807237874692,12758480
2023-07-31,772.2086791992188,772.2086791992188,752.2807462951167,762.2447127471678,18062153
2023-08-01,787.1547241210938,787.1547241210938,762.2447459919044,772.2087128785265,33516240
2023-08-02,772.2086791992188,792.1366730159525,772.2086791992188,792.1366730159525,27059325
2023-08-03,792.1366577148438,792.1366577148438,777.1906474128365,777.1906474128365,23348798
2023-08-04,777.190673828125,792.1366846381198,772.2086905290042,792.1366846381198,13083199
2023-08-07,787.1547241210938,792.1367075644048,777.1906963218374,782.1727406777827,18043223
2023-08-08,782.1726684570312,792.1366344236453,777.1906245610955,787.1546514403383,13806855
2023-08-09,782.1726684570312,792.1366344236453,772.2086415777886,782.1726684570312,20538108
2023-08-10,777.190673828125,787.1547013389991,767.2267072298833,782.1727180398783,17063257
2023-08-11,851.9205322265625,851.9205322265625,777.1906620472611,777.1906620472611,143249933
2023-08-14,906.7224731445312,921.6684228752247,836.9745859093648,851.9205356400582,150668684
2023-08-15,926.6504516601562,931.6324348210798,896.758491781985,911.7044412647552,122530936
2023-08-16,911.7044067382812,936.6143825121821,906.7224237660267,926.6504165676732,59183342
2023-08-18,891.7764892578125,911.7044214688086,891.7764892578125,906.7224384160596,46306872
2023-08-21,871.8485107421875,906.7224536083802,866.8665276059643,891.7765041997106,56252860
2023-08-22,886.7944946289062,901.7405055312984,866.8665613092271,876.8305279690667,51385986
2023-08-23,891.7764892578125,911.7044214688086,886.794445292434,891.7764892578125,39299679
2023-08-24,996.3983154296875,1011.3443264041496,886.7944989050429,891.776543171619,207453595
2023-08-25,1026.290283203125,1051.200261048996,996.3983219706064,1001.3803662698874,180034795
2023-08-28,1106.0020751953125,1115.9660413918566,1026.2902237976984,1026.2902237976984,182757544
2023-08-29,1120.9481201171875,1140.8760531274204,1096.0381429417644,1110.984153612071,118070310
2023-08-30,1110.984130859375,1180.7320167920334,1110.984130859375,1125.9301412235907,129827792
2023-08-31,1066.146240234375,1125.9301609113445,1051.2002296088167,1110.9841502857862,145407380
2023-09-01,1195.677978515625,1195.677978515625,1081.092176302053,1081.092176302053,208281217
2023-09-04,1155.8221435546875,1220.5879912197129,1150.8400990457137,1215.6060685360114,103222992
2023-09-05,1140.8759765625,1170.7679958970405,1106.0020352223733,1160.8039082353566,139646777
2023-09-06,1160.803955078125,1175.7499653485224,1130.9120563625906,1145.858066632988,93175542
2023-09-07,1125.93017578125,1175.750008815631,1115.9660873491086,1165.7860422087547,63960172
2023-09-08,1135.8941650390625,1170.7681097711852,1110.9841871125082,1140.876087529213,100562543
2023-09-11,1170.76806640625,1170.76806640625,1130.9120788349644,1140.87604527147,52815970
2023-09-12,1195.677978515625,1225.5700010736768,1165.7860777828419,1180.7320890618678,131337504
2023-09-13,1200.659912109375,1220.5878440926551,1185.713902209286,1210.623878101015,53345115
2023-09-14,1275.389892578125,1305.2817917903922,1200.6599618095631,1210.6239282136523,177453672
2023-09-15,1414.8857421875,1444.7776430117701,1270.4079169736885,1295.3178952398814,255351008
2023-09-18,1429.83154296875,1524.4894057768404,1375.0296672786362,1429.83154296875,341499726
2023-09-19,1429.83154296875,1454.7415196893276,1404.9215662481724,1434.81358704297,93149501
2023-09-20,1439.7955322265625,1474.669475825829,1414.8856769344552,1429.8315657446667,98090994
2023-09-21,1474.6695556640625,1494.5976115320173,1429.8316431553872,1444.7776546000357,142780984
2023-09-22,1479.6514892578125,1509.5433880828623,1444.777546382624,1464.7054789326571,114854673
2023-09-25,1469.6875,1514.5254084490352,1464.7054560277697,1499.5793983576038,101275682
2023-09-26,1340.1556396484375,1484.633324953441,1305.2816988058155,1479.6514030189257,208016594
2023-09-27,1389.9757080078125,1399.939674548423,1340.155753479496,1340.155753479496,186396357
2023-09-29,1295.31787109375,1404.9216272315432,1285.3539043380658,1394.957660475859,158019226
2023-10-02,1325.209716796875,1340.1557272276507,1285.3538514151558,1300.2997400206696,120167460
2023-10-03,1365.065673828125,1394.957572203633,1310.2637992270638,1330.1917314774025,128526914
2023-10-04,1280.371826171875,1375.0296905843443,1260.4438931877542,1365.065724092284,151354680
2023-10-05,1250.47998046875,1305.2818594443008,1225.57000225479,1275.3899586827101,127862352
2023-10-06,1350.1197509765625,1350.1197509765625,1265.4258507015584,1275.3899392958963,144752834
2023-10-09,1285.3538818359375,1404.9216026361948,1250.4799378889322,1365.0657363111973,256633056
2023-10-10,1180.7320556640625,1305.2818212655875,1170.7680890349723,1285.3538880074072,225889445
2023-10-11,1220.587890625,1260.4438779362436,1160.803970570766,1180.7320251390188,197997790
2023-10-12,1130.912109375,1230.55189825607,1125.9301869348428,1225.569975815913,189629422
2023-10-13,1140.8759765625,1170.7679958970405,1125.9300887204854,1125.9300887204854,90859843
2023-10-16,1125.93017578125,1165.7860422087547,1071.1281767055334,1155.8220756018786,163229750
2023-10-17,1145.8580322265625,1180.7319739268307,1115.9660125833286,1140.8759883442713,106070341
2023-10-18,1160.803955078125,1190.69597561892,1150.8399888396136,1155.8220328714997,94770190
2023-10-19,1031.2723388671875,1165.786074526933,1011.3443441883544,1160.804030172749,205102940
2023-10-20,1016.3262939453125,1051.200237792951,991.4163166505331,1036.2542270510305,109231891
2023-10-23,996.3983154296875,1031.2723207325546,946.5784209776248,1016.3263097580925,166443984
2023-10-24,1021.3082885742188,1031.2723161504662,991.416327670742,996.3983110025492,54387681
2023-10-25,991.416259765625,1041.2362114966436,981.4522937844727,1031.2722455154915,67133041
2023-10-26,961.5244140625,1001.3803410651396,951.560386627366,991.4163136300057,73247909
2023-10-27,986.434326171875,1011.3443032847799,966.5063932116565,971.4883764517111,90676250
2023-10-30,1001.3803100585938,1031.2722696131627,986.4342998249941,991.4162829319839,117575119
2023-10-31,1120.9481201171875,1125.9301642823775,991.4163119001462,1016.3262890755692,272251005
2023-11-01,1016.3262939453125,1150.8400251468047,1016.3262939453125,1130.912092041087,276681883
2023-11-02,996.3983154296875,1066.1462651227885,996.3983154296875,1031.2723207325546,139413405
2023-11-03,1036.2542724609375,1061.1642508473021,991.4163600955889,1016.3263384819536,145282881
2023-11-06,1071.128173828125,1076.1102180308121,1026.2902633049991,1041.2362740877961,150310612
2023-11-07,1051.2003173828125,1106.0021984854009,1036.25430550928,1061.1642846900766,138745037
2023-11-08,1016.3262939453125,1061.16420434581,1006.3623273924536,1056.1822819820127,79008912
2023-11-09,1066.146240234375,1076.1102067096592,1016.3262860326898,1026.2902525079742,147553708
2023-11-10,1170.76806640625,1275.3898967274536,1066.1462360850464,1076.110202521552,851612303
2023-11-13,1145.8580322265625,1205.6419496877734,1106.0020466440028,1180.7319739268307,283951596
2023-11-14,1135.8941650390625,1175.7500322613357,1130.9121207236446,1155.822098650199,127038036
2023-11-15,1160.803955078125,1190.69597561892,1140.876022601102,1145.858066632988,201897019
2023-11-16,1150.840087890625,1185.7140336395917,1110.9842195062467,1170.7681439080852,135992039
2023-11-17,1160.803955078125,1170.7680431418971,1140.876022601102,1165.785999110011,82334424
2023-11-20,1135.8941650390625,1165.7860654557674,1125.9301982334944,1160.8040211403495,75541773
2023-11-21,1036.2542724609375,1145.8581529958883,1026.2903054714454,1135.8941860063962,233275644
2023-11-22,986.434326171875,1046.2181859651623,976.4703596917657,1036.254219485053,204619868
2023-11-23,991.416259765625,1021.3082186217105,986.4342767750488,991.416259765625,134245850
2023-11-24,981.4523315429688,1001.380325184573,966.5063819962389,996.3982810896987,61484417
2023-11-27,941.5963745117188,996.3982486445435,941.5963745117188,986.4342826045079,124844532
2023-11-28,1006.3623046875,1021.3082541795867,941.5964017298627,941.5964017298627,280558176
2023-11-29,1026.290283203125,1051.200261048996,1006.3623496565349,1011.3443330431825,172524698
2023-11-30,1041.2362060546875,1071.128103841916,1011.3442473548305,1026.2901962484448,384814920
2023-12-01,1011.3443603515625,1051.2002894335683,1011.3443603515625,1046.2182449997617,103083870
2023-12-04,1011.3443603515625,1046.2182449997617,1001.3803933092199,1026.2903109150766,118653241
2023-12-05,1046.2181396484375,1046.2181396484375,1006.3622754924442,1016.3262415314425,127735850
2023-12-06,1305.28173828125,1305.28173828125,1066.146188910525,1071.1281109957079,824000194
2023-12-07,1594.2373046875,1594.2373046875,1350.119701417661,1384.9936447419236,1407763523
2023-12-08,1743.697021484375,1942.976712409085,1524.4893980147724,1619.147260340904,1378407028
2023-12-11,1708.8231201171875,1913.0847382260117,1584.2733559490084,1753.6610303447214,682632467
2023-12-12,1748.6790771484375,1788.5349425029565,1609.1833047570972,1773.588932082381,496679217
2023-12-13,1703.841064453125,1823.4089054701124,1678.9312092477437,1758.6430626506476,398530830
2023-12-14,1609.183349609375,1733.7331150516775,1589.255294551405,1723.7691484353252,329732929
2023-12-15,1604.2012939453125,1663.985215042235,1524.489439757837,1594.237327400036,300825752
2023-12-18,1459.7235107421875,1663.985117511136,1345.1377194498255,1619.1472097728426,516169151
2023-12-19,1564.3453369140625,1569.3272589847409,1429.83149180163,1459.7235115267292,283236754
2023-12-20,1509.54345703125,1599.2194012528694,1494.5975678487023,1594.2373569751758,246073688
2023-12-21,1469.6875,1509.543364476805,1444.7775237893673,1494.5974762106327,181307929
2023-12-22,1404.9215087890625,1494.5974456805877,1399.9395867438568,1479.6514358944573,131077889
2023-12-27,1419.8675537109375,1479.6514725096024,1409.9035875487032,1409.9035875487032,179193852
2023-12-28,1370.047607421875,1439.795492705913,1355.10171902191,1424.8496043059479,125276221
2023-12-29,1325.209716796875,1380.0117144346316,1325.209716796875,1370.04762626394,108782874
2024-01-02,1380.01171875,1429.8315506329382,1325.2097209408748,1330.1917650417997,213322971
2024-01-03,1350.1197509765625,1389.9757398781137,1335.1737399103224,1380.0117731090427,95469607
2024-01-04,1365.065673828125,1384.9936060784637,1345.1377415777863,1355.1017077029555,72526957
2024-01-05,1345.1378173828125,1375.0297174428738,1330.1918064401489,1370.047673186897,73800492
2024-01-08,1315.245849609375,1370.0477295534479,1305.28188251275,1350.119795360198,90600629
2024-01-09,1076.1102294921875,1320.2278396933345,1071.1281852364377,1320.2278396933345,404148003
2024-01-10,1110.984130859375,1155.8220401267608,1051.2002112277733,1076.1101878930458,280147019
2024-01-11,1056.182373046875,1130.912189549212,1046.21828380964,1115.9661775186346,143608406
2024-01-12,1061.1641845703125,1086.0741614008782,1041.2362518359648,1056.1822622993566,103123333
2024-01-15,1011.3443603515625,1106.002169079088,1001.3803933092199,1086.0742349944028,240445798
2024-01-16,1061.1641845703125,1066.1462286665305,1006.3623086382254,1016.3262750053992,169549445
2024-01-17,1046.2181396484375,1071.1281156585624,1016.3262415314425,1071.1281156585624,157416063
2024-01-18,1106.0020751953125,1150.8399839923916,1036.2541899942426,1046.2181561907869,533265061
2024-01-19,1081.092041015625,1125.9300692417312,1066.1461534321763,1115.9659817524275,170518393
2024-01-22,1086.07421875,1101.0202300026017,1061.1642406040867,1081.09217439071,118292165
2024-01-23,1115.9661865234375,1115.9661865234375,1086.0742840463581,1091.056328705176,161893816
2024-01-24,1076.1102294921875,1140.876073865337,1061.1642185502046,1120.9481404928704,216564249
2024-01-25,1061.1641845703125,1101.02017186427,1056.1822622993566,1101.02017186427,79499796
2024-01-26,1031.2723388671875,1066.1462838706698,1016.3263276299041,1061.1642395164858,128873267
2024-01-29,1021.3082885742188,1051.2002494776955,996.3983110025492,1031.2723161504662,127385391
2024-01-30,1011.3443603515625,1036.2542779574192,1006.3623768303912,1021.3083273939052,95907907
2024-01-31,1056.182373046875,1066.1463404588349,1016.3263815737604,1016.3263815737604,188029967
2024-02-01,1051.2003173828125,1076.1102965636092,1036.25430550928,1066.1463292563453,110049397
2024-02-02,1046.2181396484375,1061.1641496195641,1021.3082245509416,1056.182227512694,86056971
2024-02-05,1026.290283203125,1071.128194595586,1021.3082998164774,1046.2182167497149,125301061
2024-02-06,1041.2362060546875,1041.2362060546875,1006.3622643902924,1026.2901962484448,87370168
2024-02-07,1046.2181396484375,1051.2001835805656,1026.2902075704408,1046.2181396484375,80454120
2024-02-12,1011.3443603515625,1051.2002894335683,1006.3623768303912,1051.2002894335683,102467385
2024-02-13,971.4883422851562,1011.3442677165204,961.5243761554726,1006.3622846516787,164214623
2024-02-15,1001.3803100585938,1021.3082424865529,986.4342998249941,1021.3082424865529,182374733
2024-02-16,1006.3623046875,1036.2542036716734,1001.3803215234711,1001.3803215234711,119052780
2024-02-19,996.3983154296875,1026.2902764659784,996.3983154296875,1006.3623430502066,64550315
2024-02-20,1006.3623046875,1006.3623046875,976.4703447906959,1001.3803215234711,78636918
2024-02-21,981.4523315429688,1006.3623083668164,971.4883651784822,1006.3623083668164,74271444
2024-02-22,981.4523315429688,991.4162979074554,971.4883651784822,981.4523315429688,36728772
2024-02-23,971.4883422851562,991.4162745445236,966.5063592203144,986.4342914796817,49790838
2024-02-26,951.5603637695312,981.4523235316216,946.5783806279546,981.4523235316216,44136405
2024-02-27,966.5064086914062,971.4883920112533,941.5964311795384,951.5603978192324,57673329
2024-02-28,961.5244140625,991.4163136300057,961.5244140625,971.4883805850019,70331150
2024-02-29,971.4883422851562,986.4342914796817,956.5423321780012,961.5243761554726,119630803
2024-03-01,1001.3803100585938,1021.3082424865529,966.506367397035,976.4703336110146,117522836
2024-03-04,1011.3443603515625,1021.3083273939052,1001.3803933092199,1006.3623768303912,71169288
2024-03-05,951.5603637695312,1016.3262664352885,946.5783806279546,1011.3442832937119,123308979
2024-03-06,976.4703369140625,986.4343031617467,951.5603603822219,951.5603603822219,72625114
2024-03-07,1016.3262939453125,1046.2181936038894,971.4883835448152,981.4523500976741,175319563
2024-03-08,1006.3623046875,1041.2362477483332,1001.3803215234711,1021.3082541795867,97047628
2024-03-13,1021.3082885742188,1026.290271906026,1001.3803552469894,1011.3443219106041,84622980
2024-03-14,1031.2723388671875,1056.1823169875704,1006.3623607468046,1021.3083110714538,135638675
2024-03-15,981.4523315429688,1026.2902410957895,976.4703483607254,1026.2902410957895,123664547
2024-03-18,956.5423583984375,991.4163017209135,956.5423583984375,986.4343185195071,64862414
2024-03-19,956.5423583984375,971.488368915288,956.5423583984375,961.5244025124751,44596640
2024-03-20,951.5603637695312,976.470340390045,946.5783806279546,956.5423469111079,66485607
2024-03-21,951.5603637695312,966.5063741068917,946.5783806279546,956.5423469111079,71124216
2024-03-22,941.5963745117188,956.542323571772,936.614391491701,956.542323571772,78279346
2024-03-25,966.5064086914062,966.5064086914062,921.6684369875176,966.5064086914062,91804252
2024-03-26,971.4883422851562,981.4523084148399,956.5423321780012,981.4523084148399,48953400
2024-03-27,941.5963745117188,971.4883335444546,941.5963745117188,966.5063505244368,38472056
2024-03-28,941.5963745117188,956.542323571772,931.6324084716831,946.5783575317365,59555736
2024-04-01,946.5784301757812,966.5064246978319,931.6324799687186,961.5244412954777,56842703
2024-04-02,996.3983154296875,996.3983154296875,946.5784209776248,951.5604043315677,122767113
2024-04-03,956.5423583984375,1001.3803290363575,956.5423583984375,996.3982849223198,69272859
2024-04-04,966.5064086914062,976.4703753311003,956.5423811390795,956.5423811390795,35063011
2024-04-05,1001.3803100585938,1016.3262593795631,966.506367397035,966.506367397035,123002489
2024-04-16,1006.3623046875,1016.3262710155578,961.5243952986092,986.4343111187536,90220722
2024-04-17,991.416259765625,1041.2362114966436,991.416259765625,1006.3622696499821,117873796
2024-04-18,956.5423583984375,1001.3803290363575,951.5603751970311,996.3982849223198,91912424
2024-04-19,946.5784301757812,966.5064246978319,936.6144633710728,956.5423969804897,65130642
2024-04-22,951.5603637695312,961.5243909653151,936.6144143448014,946.5783806279546,39932089
2024-04-23,936.6144409179688,956.5423740496609,931.6324576350457,946.5784074838149,67640151
2024-04-24,946.5784301757812,961.5244412954777,941.596446773427,946.5784301757812,42135809
2024-04-25,926.6504516601562,951.5603674647733,926.6504516601562,951.5603674647733,46529628
2024-04-26,871.8485107421875,941.5963964745729,871.8485107421875,926.6504470659034,104508446
2024-04-29,951.5603637695312,971.4883572484683,876.8304948206206,886.7944611037739,133513680
2024-04-30,1016.3262939453125,1016.3262939453125,961.5244169919563,966.5064002683857,198574411
2024-05-02,996.3983154296875,1071.1281875640982,986.4343487218016,1011.3443264041496,214998548
2024-05-03,976.4703369140625,1016.3262628174293,976.4703369140625,996.3982694094308,63435935
2024-05-06,1001.3803100585938,1006.3622931655835,981.4523167180043,1006.3622931655835,53517391
2024-05-07,976.4703369140625,1011.3442796935873,976.4703369140625,1001.3803134459032,60614728
2024-05-08,976.4703369140625,991.4162862855887,956.542343506064,981.4523200379045,60689047
2024-05-13,976.4703369140625,986.4343031617467,961.5243875425364,981.4523200379045,52676347
2024-05-14,956.5423583984375,1001.3803290363575,956.5423583984375,981.4523353181007,68768253
2024-05-15,1026.290283203125,1026.290283203125,956.5423939647928,971.4884050373689,168872664
2024-05-16,1280.371826171875,1280.371826171875,1036.2542207279726,1036.2542207279726,569148983
2024-05-17,1335.1737060546875,1454.7415479022247,1255.4618520980841,1280.3718293017596,1138465635
2024-05-20,1195.677978515625,1404.9216491209131,1175.7500446937695,1340.1558032872485,486407909
2024-05-21,1260.44384765625,1325.2096884277125,1200.6599290382217,1205.6419730169155,529851408
2024-05-22,1180.7320556640625,1285.3538880074072,1175.7500114368847,1265.4258329239615,271170780
2024-05-27,1076.1102294921875,1215.606006749986,1041.236285177738,1180.7320624355364,338582666
2024-05-28,1165.7860107421875,1225.569930595039,1071.1281477939444,1076.1101918755412,422316827
2024-05-29,1061.1641845703125,1170.7680582597488,1056.1822622993566,1165.7860141635308,260069646
2024-05-30,1046.2181396484375,1096.0380916686872,1036.2541736094392,1061.1641496195641,202180071
2024-05-31,1061.1641845703125,1076.1101950337043,1026.290241372573,1051.2002182031388,392913857
2024-06-03,1071.128173828125,1096.0381511910314,1046.2181964652186,1061.1642072480154,260239718
2024-06-04,1041.2362060546875,1081.0920697709923,1041.2362060546875,1066.1461817900065,147994512
2024-06-05,951.5603637695312,1021.3082495768651,951.5603637695312,1016.3262664352885,251152201
2024-06-06,971.4883422851562,981.4523084148399,956.5423321780012,956.5423321780012,97306842
2024-06-07,961.5244140625,986.4343303687548,956.542369888617,981.4523471075038,81476554
2024-06-10,1031.2723388671875,1051.2002726333865,956.5424045060388,961.5244488602228,345990600
2024-06-11,981.4523315429688,1061.1641842841236,981.4523315429688,1036.2542074602761,271558199
2024-06-12,991.416259765625,1006.3622696499821,971.4883278033204,981.4522937844727,126036836
2024-06-13,976.4703369140625,1001.3803134459032,971.4883537902205,1001.3803134459032,75547382
2024-06-14,946.5784301757812,991.4163417096031,946.5784301757812,981.4523749048946,113067218
2024-06-19,901.740478515625,961.5243985088329,901.740478515625,951.5603712348775,142692543
2024-06-20,911.7044067382812,936.6143825121821,896.7584578215178,911.7044067382812,106781978
2024-06-21,946.5784301757812,966.5064246978319,926.6504965663643,931.6324799687186,199158644
2024-06-24,961.5244140625,971.4883805850019,941.5964201048641,946.578403366115,93120054
2024-06-25,941.5963745117188,966.5063505244368,941.5963745117188,961.5243675044189,89152616
2024-06-26,956.5423583984375,991.4163017209135,951.5603751970311,951.5603751970311,152135828
2024-06-27,963.9407958984375,978.924331585978,953.9517721067439,958.9462840025907,80585200
2024-06-28,988.913330078125,1008.8913771504103,958.946259469697,963.9407712377683,159881100
2024-07-01,1128.7596435546875,1143.7431786461214,978.9242926403485,998.902339428927,468215600
2024-07-02,1173.7103271484375,1238.638983543883,1123.7652068442487,1143.743254965924,646849400
2024-07-03,1223.6553955078125,1233.644419144611,1173.7102773238203,1183.6993009606188,380118500
2024-07-04,1258.616943359375,1288.5840134393602,1233.6443849593875,1233.6443849593875,353084300
2024-07-05,1218.660888671875,1298.5730780929816,1203.6773531554177,1268.6060070600668,386280000
2024-07-08,1118.7706298828125,1203.6773294721331,1088.8035594395228,1193.6883059910367,428855700
2024-07-09,1108.7816162109375,1153.7322222735431,1098.7925926414696,1128.7596633498733,188225400
2024-07-10,1108.7816162109375,1143.7431987040752,1083.8090572872677,1113.7761279956715,203923800
2024-07-11,1108.7816162109375,1123.7651515651394,1088.8035690720017,1113.7761279956715,104500000
2024-07-12,1128.7596435546875,1128.7596435546875,1093.7980616746752,1118.7706201603983,116028100
2024-07-15,1103.787109375,1138.7486920248869,1098.7925975678734,1133.7541802177602,141112200
2024-07-16,1093.798095703125,1113.7761431132278,1083.8090719980737,1103.7871194081763,92299600
2024-07-17,1053.842041015625,1088.8036253147216,1033.8639928447126,1078.8146012292655,151812200
2024-07-18,1078.8145751953125,1103.7871348063152,1048.8475036621094,1053.8420155843098,186000800
2024-07-19,1053.842041015625,1083.8091132719935,1048.847528972897,1078.8146012292655,114292700
2024-07-22,1053.842041015625,1098.7926494001777,1053.842041015625,1068.8255771438091,200431200
2024-07-23,1063.8310546875,1063.8310546875,1033.863982724472,1058.836542693662,123446800
2024-07-24,1063.8310546875,1103.7871506382044,1053.842030699824,1068.8255666813382,188493700
2024-07-25,1033.864013671875,1068.8255986752717,1033.864013671875,1063.8310865319293,132011000
2024-07-26,1063.8310546875,1073.820078675176,1038.8584947183099,1038.8584947183099,103244900
2024-07-29,1088.8035888671875,1128.759683871488,1063.8310294894998,1068.8255413650372,279584200
2024-07-30,1073.820068359375,1108.781651980378,1068.8255564135175,1093.7981161428052,117814900
2024-07-31,1088.8035888671875,1103.7871244938,1073.820053240575,1073.820053240575,120221500
2024-08-01,1118.7706298828125,1123.7651416233607,1093.7980711800712,1103.7870946611677,141777100
2024-08-02,1088.8035888671875,1123.7651719959504,1088.8035888671875,1118.770660120413,115349300
2024-08-05,1013.8859252929688,1063.8310447655288,998.9023894512006,1063.8310447655288,210466100
2024-08-06,1013.8859252929688,1043.8529969765048,1008.8914133457127,1028.8694611347366,104670400
2024-08-07,1043.85302734375,1063.8310757139652,1018.8804668809809,1018.8804668809809,137395000
2024-08-08,1033.864013671875,1053.8420622452445,1028.8695015285325,1048.8475501019022,63567600
2024-08-09,1043.85302734375,1058.8365636214114,1038.8585152511962,1043.85302734375,56562600
2024-08-12,1048.8475341796875,1053.8420462472097,1038.8585100446428,1048.8475341796875,44271000
2024-08-13,1048.8475341796875,1063.8310703822544,1043.8530221121653,1048.8475341796875,56163300
2024-08-14,1123.76513671875,1123.76513671875,1048.8474609375,1048.8474609375,253606800
2024-08-15,1103.787109375,1143.7432038320137,1093.7980857607467,1123.7651566035067,136034000
2024-08-16,1103.787109375,1138.7486920248869,1103.787109375,1113.7761329892535,134211300
2024-08-19,1118.7706298828125,1133.7541651044573,1103.7870946611677,1103.7870946611677,89763500
2024-08-20,1123.76513671875,1133.75416015625,1098.7925781249999,1123.76513671875,97102400
2024-08-21,1098.7926025390625,1123.7651616876776,1098.7926025390625,1123.7651616876776,85797700
2024-08-22,1098.7926025390625,1128.7596735174006,1083.8090670498934,1088.8035788796165,124179600
2024-08-23,1113.776123046875,1118.770634809417,1103.7870995217909,1103.7870995217909,79242800
2024-08-26,1123.76513671875,1178.704765625,1118.7706249999999,1133.75416015625,233506400
2024-08-27,1108.7816162109375,1133.7541751346073,1103.7871044262035,1128.7596633498733,75623600
2024-08-28,1188.69384765625,1213.6664074809612,1108.7816562171745,1113.7761681821166,429790600
2024-08-29,1138.7486572265625,1228.6498670076069,1128.7596339175575,1203.6773087350946,418272100
2024-08-30,1143.7432861328125,1158.726822632369,1108.7817009671808,1138.7487739662936,183226100
2024-09-02,1118.7706298828125,1158.7267238071986,1118.7706298828125,1138.7486768450055,102560700
2024-09-03,1103.787109375,1133.7541802177602,1103.787109375,1128.7596684106336,78197100
2024-09-04,1108.7816162109375,1128.7596633498733,1073.8200337177998,1083.8090572872677,108808000
2024-09-05,1093.798095703125,1123.765166818279,1088.8035838505994,1118.7706549657535,87082200
2024-09-06,1083.80908203125,1113.776153423819,1083.80908203125,1098.7926177275344,66395300
2024-09-09,1088.8035888671875,1103.7871244938,1088.8035888671875,1088.8035888671875,70992100
2024-09-10,1098.7926025390625,1118.7706498579546,1088.8035788796165,1103.7871143687855,106944900
2024-09-11,1188.69384765625,1193.6883596211924,1103.787144252232,1108.7816562171745,453792300
2024-09-12,1148.73779296875,1238.639011548913,1143.7432808254075,1203.6774265455163,428347000
2024-09-13,1138.7486572265625,1163.7212154990748,1128.7596339175575,1163.7212154990748,94229900
2024-09-17,1143.7432861328125,1173.7103591319255,1138.7487739662936,1138.7487739662936,103342800
2024-09-18,1138.7486572265625,1163.7212154990748,1133.75414557206,1148.7376805355675,78704900
2024-09-19,1193.6883544921875,1198.6828664356694,1138.748723113886,1138.748723113886,282207700
2024-09-20,1063.8310546875,1128.7597106073945,1058.836542693662,1088.8036146566901,516253100
2024-09-23,1073.820068359375,1098.7926280886627,1048.8475086300873,1058.8365325218024,203368300
2024-09-24,1118.7706298828125,1118.7706298828125,1078.8145359584264,1083.8090476989746,260783500
2024-09-25,1103.787109375,1123.7651566035067,1093.7980857607467,1123.7651566035067,106095400
2024-09-26,1103.787109375,1123.7651566035067,1088.80357395362,1103.787109375,127230800
2024-09-27,1088.8035888671875,1108.7816363693378,1088.8035888671875,1103.7871244938,51252100
2024-09-30,1048.8475341796875,1088.803630719866,1048.8475341796875,1083.8091186523438,80653800
2024-10-01,1068.8255615234375,1073.8200734931731,1053.8420256142304,1053.8420256142304,52064400
2024-10-02,1028.8695068359375,1068.8256041887894,1013.885970328618,1068.8256041887894,147298600
2024-10-03,1013.8859252929688,1048.8475089237606,1013.8859252929688,1038.8584850292486,194247700
2024-10-04,1008.8914184570312,1033.8639783198291,1003.8969064844716,1023.8749543747099,80199500
2024-10-07,1008.8914184570312,1013.8859304295908,978.9243466216739,1013.8859304295908,125400100
2024-10-08,1008.8914184570312,1018.8804424021504,993.9078825393525,1008.8914184570312,58636600
2024-10-09,998.9024047851562,1018.8804528808594,998.9024047851562,1013.8859408569335,43833200
2024-10-10,988.913330078125,1008.8913771504103,988.913330078125,998.9023536142677,45137200
2024-10-11,993.9078979492188,1003.896922049211,983.9188738492267,993.9078979492188,47006500
2024-10-14,1013.8859252929688,1028.8694611347366,993.9078775039446,993.9078775039446,72187900
2024-10-15,1023.8749389648438,1023.8749389648438,1003.8968913752859,1018.8804270674543,50102300
2024-10-16,998.9024047851562,1033.8639889526366,998.9024047851562,1023.8749649047852,86752600
2024-10-17,1028.8695068359375,1033.864019005044,1003.896945990405,1008.8914581595114,98867100
2024-10-18,1018.8804321289062,1038.8584798177083,1013.8859202067057,1033.8639678955078,55838800
2024-10-21,1013.8859252929688,1028.8694611347366,1008.8914133457127,1023.8749491874808,32193400
2024-10-22,1043.85302734375,1053.8420515288576,1008.8914426958733,1013.8859547884271,138248300
2024-10-23,1038.8585205078125,1058.8365689791165,1023.8749841543345,1058.8365689791165,72597000
2024-10-24,1018.8804321289062,1048.8475036621094,1018.8804321289062,1043.852991739909,43409300
2024-10-25,1008.8914184570312,1033.8639783198291,998.9023945119121,1023.8749543747099,38344400
2024-10-28,998.9024047851562,1018.8804528808594,993.9078927612304,1008.8914288330078,43286600
2024-10-29,998.9024047851562,1013.8859408569335,993.9078927612304,998.9024047851562,35789900
2024-10-30,993.9078979492188,1003.896922049211,988.9133858992227,1003.896922049211,32904600
2024-10-31,993.9078979492188,1013.885946149203,988.9133858992227,993.9078979492188,52910600
2024-11-01,983.9188232421875,1003.8968704146176,983.9188232421875,993.9078468284025,53449200
2024-11-04,968.935302734375,988.9133502134342,963.9407908646101,983.9188383436694,57500800
2024-11-05,963.9407958984375,983.9188434818249,958.9462840025907,973.9298196901311,49229200
2024-11-06,928.9791870117188,978.924304592994,928.9791870117188,968.9352810767389,78540600
2024-11-07,889.0231323242188,928.9792281590151,884.0286203448692,928.9792281590151,104345300
2024-11-08,938.96826171875,963.9408218708444,904.0066775058178,904.0066775058178,130378900
2024-11-11,928.9791870117188,953.9517458023563,904.0066282210811,948.9572340442288,88403200
2024-11-12,904.0066528320312,943.9627479848282,904.0066528320312,928.9792123025294,94859700
2024-11-13,889.0231323242188,918.990204200316,889.0231323242188,909.0011802416169,97224700
2024-11-14,884.0286254882812,904.0066735219148,884.0286254882812,899.0121615135064,65714200
2024-11-15,854.0615234375,894.0176181012426,854.0615234375,884.028594435307,74641800
2024-11-18,844.072509765625,884.0286049024593,839.0779978735206,854.0615335498335,65995100
2024-11-19,849.0670166015625,874.0395759133733,844.0725047392004,849.0670166015625,76810600
2024-11-20,839.0780029296875,859.0560506184896,839.0780029296875,849.0670267740885,64030800
2024-11-21,799.1218872070312,844.0724933624268,799.1218872070312,844.0724933624268,107324500
2024-11-22,799.1218872070312,819.0999343872071,784.1383518218994,799.1218872070312,121221100
2024-11-25,869.0450439453125,913.9956496666217,799.1218794899426,799.1218794899426,662620000
2024-11-26,894.0176391601562,918.9901989132333,859.0560555058485,889.0231272095408,338870600
2024-11-28,889.0231323242188,913.9956922209665,874.0395963861702,899.0121562829179,150037600
2024-11-29,854.0615234375,884.028594435307,819.0999406067251,879.0340826023391,240797900
2024-12-02,809.1109008789062,859.0560182171102,804.1163891450858,854.0615064832899,113559200
2024-12-03,864.050537109375,879.0340724349711,819.0999311325867,819.0999311325867,174673000
2024-12-04,923.9846801757812,933.9737037452492,854.0615151895059,869.0450505437077,220045500
2024-12-05,928.9791870117188,958.9462575604839,909.0011399792087,928.9791870117188,194569600
2024-12-06,953.9517822265625,973.9298300218832,933.9737344312418,938.9682463800721,177675200
2024-12-09,933.9737548828125,958.9463151737968,928.9792428246157,953.9518031155999,88058800
2024-12-10,933.9737548828125,958.9463151737968,913.9957066500251,933.9737548828125,112149500
2024-12-11,909.0011596679688,948.9572545984289,904.0066478016612,933.9737189995063,110537600
2024-12-12,899.0121459960938,923.9847056070963,894.0176340738932,909.0011698404948,70384800
2024-12-13,889.0231323242188,909.0011802416169,884.0286203448692,904.0066682622673,74204200
2024-12-16,879.0341186523438,899.0121668035334,859.0560705011542,889.0231427279386,67850500
2024-12-17,884.0286254882812,909.0011855303231,869.0450894630562,879.0341134798729,99282200
2024-12-18,874.0396118164062,904.0066842215402,874.0396118164062,889.0231480189732,66752300
2024-12-19,829.0889892578125,864.0505731421781,829.0889892578125,864.0505731421781,90028300
2024-12-20,819.0999755859375,849.0670478634718,814.1054635396818,834.0835117247046,78113200
2024-12-23,869.0450439453125,889.0230909325611,829.0889499708154,829.0889499708154,127199600
2024-12-24,894.0176391601562,918.9901989132333,879.03410330831,879.03410330831,118528000
2024-12-27,909.0011596679688,909.0011596679688,879.0340884701236,894.0176240690462,59753600
2024-12-30,918.9901733398438,923.9846851514733,899.0121260933254,918.9901733398438,73374100
2025-01-02,938.96826171875,943.9627737491688,913.9957015666555,923.9847256274933,76990400
2025-01-03,933.9737548828125,948.957291057403,913.9957066500251,938.9682669410093,71623400
2025-01-06,978.92431640625,983.9188282246492,938.9682218590561,943.9627336774554,149774200
2025-01-07,993.9078979492188,1008.891434099207,968.9353376992384,983.9188738492267,156671400
2025-01-08,973.9298095703125,1018.8804161658654,963.9407858824119,993.9078569461138,134558100
2025-01-09,973.9298095703125,998.9023687900641,968.9352977263621,978.9243214142629,62974300
2025-01-10,983.9188232421875,1003.8968704146176,978.9243114490799,983.9188232421875,64670700
2025-01-13,1008.8914184570312,1108.7816579082223,983.9188585942334,983.9188585942334,436158500
2025-01-14,968.935302734375,1028.8694451715528,968.935302734375,1018.8804214320231,159751600
2025-01-15,948.957275390625,993.9078831722862,938.9682514391448,968.9353232935856,100979400
2025-01-16,953.9517822265625,983.9188539195436,938.9682463800721,948.9572702777324,87010200
2025-01-17,938.96826171875,963.9408218708444,938.96826171875,953.9517978100066,92703200
2025-01-20,938.96826171875,963.9408218708444,938.96826171875,948.9572857795878,66402700
2025-01-21,918.9901733398438,948.9572442096213,909.0011497165846,943.9627323979917,90745000
2025-01-22,928.9791870117188,943.9627222861013,913.9956517373362,928.9791870117188,85750000
2025-01-23,913.9956665039062,943.9627375368212,913.9956665039062,938.9682256980021,57239500
2025-01-24,904.0066528320312,923.9847004084297,899.0121409379317,913.9956766202305,43209500
2025-01-30,923.9846801757812,953.951750884185,889.0230976826435,904.0066330368454,111820500
2025-01-31,918.9901733398438,943.9627323979917,918.9901733398438,938.9682205863621,58059100
2025-02-03,909.0011596679688,923.9846952668913,884.0286003364312,918.9901834005838,63525400
2025-02-04,923.9846801757812,938.9682155299831,909.0011448215794,909.0011448215794,79930200
2025-02-05,933.9737548828125,978.9243634065842,923.9847307664188,958.9463151737968,191312800
2025-02-06,909.0011596679688,938.9682308658139,909.0011596679688,938.9682308658139,60296600
2025-02-07,814.10546875,859.0560774539878,804.1164445935583,844.0725412193252,224335100
2025-02-10,814.10546875,834.0835170628835,789.1329083588957,814.10546875,180991700
2025-02-11,809.1109008789062,829.0889478141878,784.1383422098041,814.1054126127266,103862900
2025-02-12,819.0999755859375,824.0944876321931,804.1164394471704,809.110951493426,71187500
2025-02-13,799.1218872070312,829.088957977295,799.1218872070312,824.094446182251,54689400
2025-02-14,809.1109008789062,819.099924346547,804.1163891450858,804.1163891450858,30686600
2025-02-17,869.0450439453125,869.0450439453125,814.1054147303789,814.1054147303789,136786600
2025-02-18,859.0560302734375,879.0340774890988,854.0615184695222,874.0395656851834,38819600
2025-02-19,854.0615234375,864.0505471034356,844.0724997715644,859.0560352704679,35795000
2025-02-20,839.0780029296875,864.0505625406901,839.0780029296875,854.0615386962891,26848500
2025-02-21,849.0670166015625,854.0615284639247,829.088969152114,844.0725047392004,30422700
2025-02-24,824.094482421875,849.0670424952651,814.1054583925189,849.0670424952651,35689900
2025-02-25,814.10546875,834.0835170628835,799.1219325153374,829.0890049846626,33678600
2025-02-26,824.094482421875,829.088994436553,804.1164343631629,814.1054583925189,24971300
2025-02-27,799.1218872070312,829.088957977295,799.1218872070312,824.094446182251,32233100
2025-02-28,784.1383666992188,809.1109261482384,759.165807250199,799.1219023686306,106344900
2025-03-03,819.0999755859375,824.0944876321931,789.1329033084032,794.1274153546589,57898600
2025-03-04,799.1218872070312,809.1109107971191,769.1548164367676,809.1109107971191,53065800
2025-03-05,794.1273803710938,809.1109158497936,789.1328685448605,799.121892197327,45107100
2025-03-06,814.10546875,819.0999808282209,794.1274204371166,799.1219325153374,42743200
2025-03-07,819.0999755859375,839.0780237709604,809.110951493426,824.0944876321931,54625400
2025-03-10,809.1109008789062,829.0889478141878,809.1109008789062,819.099924346547,19040600
2025-03-11,799.1218872070312,809.1109107971191,789.1328636169434,799.1218872070312,19734200
2025-03-12,794.1273803710938,809.1109158497936,794.1273803710938,799.121892197327,17798000
2025-03-13,799.1218872070312,804.1163990020752,789.1328636169434,799.1218872070312,15783200
2025-03-14,779.1438598632812,799.1219075520834,774.1493479410807,799.1219075520834,38504900
2025-03-17,774.1493530273438,799.1219128024194,764.1603291173135,794.1274008474043,41346600
2025-03-18,654.2810668945312,779.1438659202051,584.3578994401539,779.1438659202051,391024400
2025-03-19,669.2645874023438,679.2536110949161,629.3084926320546,664.2700755560577,140632700
2025-03-20,674.2590942382812,709.2206769024884,659.2755588107639,674.2590942382812,125956900
2025-03-21,699.231689453125,724.2042497907366,649.2865687779018,679.2536411830357,198490300
2025-03-24,654.2810668945312,704.2261865048008,619.3194831673426,704.2261865048008,106788300
2025-03-25,644.2920532226562,674.2591254655705,639.2975411821706,664.2701013845991,44175300
2025-03-26,679.2536010742188,684.2481128468233,649.2865304385914,654.281042211196,67233300
2025-03-27,709.220703125,719.2097271126761,669.2646071742957,679.2536311619718,72705500
2025-04-08,644.2920532226562,654.2810773036276,604.3359568987706,604.3359568987706,87311400
2025-04-09,599.3414306640625,659.2755737304688,599.3414306640625,639.2975260416666,67819200
2025-04-10,654.2810668945312,674.259114738639,639.2975310114504,649.2865549335042,104648600
2025-04-11,664.2700805664062,689.242639986196,629.3084973787006,649.2865449145324,64675900
2025-04-14,694.2371826171875,699.2316947223471,649.286573670751,659.2755978810702,49096800
2025-04-15,704.2261962890625,719.2097323803191,679.2536361369681,704.2261962890625,78731800
2025-04-16,729.19873046875,729.19873046875,694.2371475010702,709.2206830586473,111066700
2025-04-17,764.1603393554688,764.1603393554688,704.2261950922947,729.1987552019506,93726000
2025-04-21,764.1603393554688,789.1328994651246,749.1768032896753,759.1658273335375,71711400
2025-04-22,769.1548461914062,774.1493581796622,749.1767982383827,764.1603342031503,74123000
2025-04-23,774.1493530273438,794.1274008474043,764.1603291173135,779.1438649823589,70632100
2025-04-24,764.1603393554688,784.1383874431934,754.1713153116065,774.1493633993312,45045400
2025-04-25,749.1767578125,769.1548046875,749.1767578125,769.1548046875,40990100
2025-04-28,754.1713256835938,769.1548619554532,739.1877894117342,749.1768135929739,62199700
2025-04-29,754.1713256835938,764.1603498648334,749.1768135929739,764.1603498648334,30569800
2025-04-30,744.1822509765625,759.1657862311242,739.187739225042,754.1712744796037,45002500
2025-05-02,754.1713256835938,759.1658377742135,739.1877894117342,744.1823015023541,42276700
2025-05-05,769.1548461914062,799.1219181209416,759.1658222148944,759.1658222148944,83012200
2025-05-06,779.1438598632812,794.1273956298828,764.1603240966797,779.1438598632812,72931900
2025-05-07,844.072509765625,854.0615335498335,784.1383670603735,789.1328789524778,254724900
2025-05-08,819.0999755859375,864.0505840022389,814.1054635396818,864.0505840022389,169972500
2025-05-09,819.0999755859375,849.0670478634718,814.1054635396818,824.0944876321931,60869600
2025-05-14,854.0615234375,864.0505471034356,834.0834761056286,854.0615234375,115573100
2025-05-15,859.0560302734375,884.0285892930142,849.0670066656068,859.0560302734375,156138000
2025-05-16,874.0396118164062,889.0231480189732,864.0505876813617,869.0450997488839,102481200
2025-05-19,879.0341186523438,889.0231427279386,869.045094576749,884.0286306901412,62377600
2025-05-20,928.9791870117188,948.9572340442288,889.0230929466985,894.0176047048261,229739000
2025-05-21,978.92431640625,983.9188282246492,923.9846864038584,933.9737100406569,230188000
2025-05-22,1078.8145751953125,1078.8145751953125,983.9188486735026,983.9188486735026,452998800
2025-05-23,1153.7322998046875,1173.710348286154,1058.836569517722,1063.8310816380886,329803100
2025-05-26,1218.660888671875,1308.5621017706198,1163.7212584448644,1183.699305800141,761554400
2025-05-27,1348.5181884765625,1373.4907475224247,1243.633440483941,1243.633440483941,736933400
2025-05-28,1258.616943359375,1348.5181535993304,1258.616943359375,1323.5455951993426,491006400
2025-06-02,1248.6279296875,1283.58951171875,1198.6828125,1268.6059765625,310723900
2025-06-03,1288.5841064453125,1303.5676425667696,1233.6444739999697,1258.6170342023984,335569100
2025-06-04,1288.5841064453125,1298.5731305262839,1258.6170342023984,1298.5731305262839,142081500
2025-06-05,1508.3426513671875,1528.3206997296668,1298.5731435611547,1303.5676556517747,917957900
2025-06-10,1503.3480224609375,1608.2327682140262,1498.3535107584096,1533.3150926761057,659353300
2025-06-11,1493.3590087890625,1518.331567464465,1443.413891438258,1473.3809618487408,245834800
2025-06-12,1483.3699951171875,1568.2766951744004,1473.3809715810448,1498.3535304214015,312631900
2025-06-13,1523.326171875,1523.326171875,1453.403003329918,1463.3920274077868,131422900
2025-06-16,1558.2877197265625,1573.271255493164,1473.3810170491536,1528.3206481933594,315616300
2025-06-17,1523.326171875,1628.210924692623,1513.3371477971311,1588.2548283811475,268111700
2025-06-18,1538.3096923828125,1548.2987163593243,1493.3590844885096,1528.3206684063007,118494500
2025-06-19,1483.3699951171875,1558.2876716382577,1468.3864598129735,1558.2876716382577,159535000
2025-06-20,1498.353515625,1558.28765625,1468.3864453125,1483.3699804687499,405089400
2025-06-23,1498.353515625,1523.32607421875,1433.42486328125,1448.4083984375,188904700
2025-06-24,1518.3316650390625,1558.287761487459,1493.3591047588147,1538.3097132632606,196298800
2025-06-25,1583.26025390625,1593.249277590201,1513.3370881185922,1518.3315999605677,228905900
2025-06-26,1593.249267578125,1613.227314820484,1568.2767085251762,1593.249267578125,189146700
2025-06-30,1658.177978515625,1678.1560264495483,1583.260298763413,1618.2218826477786,306980800
2025-07-01,1653.1834716796875,1693.1395676719458,1633.2054236835584,1653.1834716796875,141989400
2025-07-02,1578.2657470703125,1708.123055373566,1528.320628492138,1658.1779367953916,240635000
2025-07-03,1538.3096923828125,1588.2548122653714,1523.3261564180448,1578.2657882888595,109114100
2025-07-04,1548.2987060546875,1583.2602897397935,1538.3096821446572,1538.3096821446572,88945700
2025-07-07,1658.177978515625,1658.177978515625,1543.3042028955667,1558.287738846009,185608000
2025-07-08,1683.1505126953125,1723.1066079521745,1638.1999055313427,1668.1669769739892,301451900
2025-07-09,1738.090087890625,1743.0845996374371,1658.1778999416308,1693.1394821693157,195537900
2025-07-10,1738.090087890625,1847.9693463204921,1723.1065526501886,1753.0736231310614,355008300
2025-07-11,1798.0242919921875,1818.0023396809895,1743.0846608479817,1743.0846608479817,163679300
2025-07-14,2097.695068359375,2157.6292131696428,1837.9804408482144,1927.881658063616,684748000
2025-07-15,2027.7718505859375,2147.6401373200815,1952.8541713770974,2097.6950178475213,351066300
2025-07-16,2007.7938232421875,2057.7389432233367,1927.8816312723493,2047.7499192271068,166467800
2025-07-17,2177.607177734375,2237.541320240826,2007.7937739660981,2007.7937739660981,276842200
2025-07-18,2257.519287109375,2337.4314742636893,2217.563193532218,2227.5522169265073,243776500
2025-07-21,2387.376708984375,2447.3108523061587,2207.5742790190247,2277.497446227772,232914800
2025-07-22,2197.585205078125,2467.2888438831674,2187.596181418679,2447.3107965642753,294521700
2025-07-23,2207.57421875,2227.552265978507,2077.716911764706,2227.552265978507,234947000
2025-07-24,2217.563232421875,2357.409562394426,2207.574208852407,2247.5303031302788,199634100
2025-07-25,2477.27783203125,2497.25587906376,2157.6290795110885,2177.607126543599,375562200
2025-07-28,2467.288818359375,2527.22295969604,2417.343700578821,2497.2558890277073,182338000
2025-07-29,2607.13525390625,2627.1133018289033,2467.288918447677,2497.255990331657,252633600
2025-07-30,2607.13525390625,2727.0035414421695,2597.1462299449236,2627.1133018289033,155301000
2025-07-31,2627.11328125,2727.003520080799,2597.1462096007604,2607.1352334838402,137420400
2025-08-01,2687.04736328125,2846.87174176638,2667.069315970609,2796.9266234897773,215596200
2025-08-04,2567.17919921875,2766.9596816482244,2517.2340786113814,2697.0365127979085,213205000
2025-08-05,2457.2998046875,2627.113205824441,2387.3766395134653,2587.1571114392787,293675200
2025-08-06,2487.266845703125,2557.190010040161,2467.288798749686,2497.2558691798445,128445900
2025-08-07,2377.3876953125,2527.2230542607667,2347.4206235228467,2517.2340303308824,157787800
2025-08-08,2457.2998046875,2697.036370998476,2387.3766395134653,2697.036370998476,216143200
2025-08-11,2347.420654296875,2487.2669911486037,2327.442606175199,2477.277967087766,126946000
2025-08-12,2337.431640625,2407.354809361645,2277.49749599359,2347.420664730235,151906500
2025-08-13,2317.45361328125,2407.35483103785,2287.4865406957165,2347.4206858667835,110670200
2025-08-14,2297.4755859375,2367.3987559442935,2297.4755859375,2317.4536345108695,84039600
2025-08-15,2277.497314453125,2347.4204776161596,2247.53024452611,2327.4424309981496,93572700
2025-08-19,2227.55224609375,2297.4754107693384,2207.5741990435818,2247.5302931439182,81486700
2025-08-20,2347.420654296875,2357.409678357713,2207.5743174451463,2207.5743174451463,132123900
2025-08-21,2277.497314453125,2377.387547543174,2237.5412212171054,2347.4204776161596,103405100
2025-08-22,2247.5302734375,2297.475390625,2247.5302734375,2297.475390625,44320300
2025-08-25,2267.50830078125,2297.4753708356275,2247.5302540783314,2267.50830078125,46320700
2025-08-26,2177.607177734375,2267.508391494051,2097.694987725774,2257.519367742976,244076400
2025-08-27,2287.486572265625,2337.4316939308133,2137.6512072700602,2177.6073046022107,180425500
2025-08-28,2257.519287109375,2337.4314742636893,2247.5302637150858,2297.4753806865324,72185200
2025-08-29,2187.59619140625,2247.530333636558,2087.705954355736,2217.563262521404,135130700
2025-09-01,2127.662109375,2147.640157350352,2047.7499174735917,2097.695037411972,139245100
2025-09-02,2277.497314453125,2317.4534076891446,2137.650988127056,2137.650988127056,158345700
2025-09-03,2197.585205078125,2287.486418013139,2177.607157759233,2267.508370694247,76629900
2025-09-04,2197.585205078125,2217.563252397017,2157.629110440341,2207.574228737571,49983300
2025-09-08,2147.64013671875,2237.541351744186,2147.64013671875,2197.5852561773254,103542900
2025-09-09,2147.64013671875,2207.574280069041,2067.727945585029,2147.64013671875,84436000
2025-09-10,2257.519287109375,2267.5083105036642,2177.607099955061,2207.574170137929,116304000
2025-09-11,2247.5302734375,2277.49734375,2207.5741796875,2257.519296875,86406200
2025-09-12,2257.519287109375,2397.3656146294247,2227.5522169265073,2267.5083105036642,286413300
2025-09-15,2337.431640625,2357.40968883547,2227.5523754674145,2267.5084718883545,118955300
2025-09-16,2317.45361328125,2367.398734257139,2257.519468110183,2347.4206858667835,111713800
2025-09-17,2477.27783203125,2507.244902580015,2287.4863852224044,2307.4644322549143,330964300
2025-09-18,2896.81689453125,2926.783965853987,2497.2559435614226,2517.233991109914,587645500
2025-09-19,2996.70703125,3156.53140625,2846.8716796875,2866.8497265625,472483100
2025-09-22,3216.465576171875,3276.3997173427792,3026.674129130677,3046.6521761876456,284758700
2025-09-23,3366.301025390625,3386.279073019056,3116.5754300352373,3296.377858691116,278144800
2025-09-24,3765.862060546875,3905.7083970128065,3336.334027115799,3386.279147282203,427477000
2025-09-25,3506.1474609375,3795.8291599893164,3506.1474609375,3695.938918936966,254196500
2025-09-26,3685.94970703125,3685.94970703125,3456.202164316565,3496.158258701728,174819000
2025-09-29,3755.873046875,3975.631576213431,3705.927926570811,3745.884022814162,217850900
2025-09-30,3745.884033203125,3825.7962259114584,3695.9389127604168,3765.8620813802086,102157300
2025-10-01,3785.840087890625,3835.785207783641,3715.916920040402,3745.883991976212,90192100
2025-10-02,3845.774169921875,3865.752217557833,3755.872955560065,3795.8290508319806,90607500
2025-10-03,3845.774169921875,3895.7192890117694,3795.8290508319806,3875.7412413758116,105949700
2025-10-06,3995.609619140625,4095.499859619141,3815.8071862792967,3865.7523065185546,200885000
2025-10-07,4135.4560546875,4165.423127547554,3955.653617527174,3995.609714673913,236926700
2025-10-08,4105.48876953125,4225.357054773039,3965.6424367491636,4195.389983462592,139525800
2025-10-09,4115.47802734375,4235.346319402306,4055.543881314472,4145.445100358389,134859300
2025-10-10,4275.30224609375,4315.258341851636,4175.412006699036,4175.412006699036,147932300
2025-10-13,4205.37890625,4525.027659219121,4175.411835659145,4235.345976840856,231837800
2025-10-14,3935.67529296875,4225.3569769689875,3675.960679727157,4215.367953382773,247352000
2025-10-15,3885.730224609375,4015.587532886809,3705.927797763697,3935.675343177619,197241000
2025-10-16,3925.686279296875,4065.532609857069,3895.7192084625476,3925.686279296875,103909800
2025-10-17,3645.99365234375,3925.686316085188,3506.147320473031,3895.719244970034,181325500
2025-10-20,3765.862060546875,3925.6864450793682,3616.0267000476624,3795.8291326467174,142788300
2025-10-21,3785.840087890625,3855.7632557408474,3745.883991976212,3755.8730159548154,70087600
2025-10-22,3745.884033203125,3835.78525,3675.9608645833337,3795.8291536458337,69891200
2025-10-23,3735.89501953125,3855.763308927975,3735.89501953125,3785.8401401132187,69279900
2025-10-24,3636.004638671875,3835.7851133241757,3596.048543741415,3755.8729234632556,97685000
2025-10-27,3296.3779296875,3675.96084280303,3116.575497159091,3645.993770714962,370527600
2025-10-28,3416.24609375,3446.213164747807,3146.5424547697367,3326.3448807565787,153376900
2025-10-29,3556.092529296875,3566.081553255574,3356.312050122893,3426.235217833787,96277800
2025-10-30,3536.114501953125,3566.0815740035755,3446.2132858017744,3556.0925499867585,72750400
2025-10-31,3446.213134765625,3566.0814177139946,3446.213134765625,3546.103370555933,61590500
2025-11-03,3665.9716796875,3735.894845240123,3446.213159379258,3446.213159379258,199701300
2025-11-04,3496.158447265625,3725.906002371652,3496.158447265625,3665.971857561384,166746500
2025-11-05,3556.092529296875,3576.0705772142733,3436.224241792486,3446.213265751185,72579300
2025-11-06,3566.08154296875,3645.9937344078257,3536.1144711790967,3636.0047104779414,74999000
2025-11-07,3586.0595703125,3665.971761294394,3556.0924986942896,3586.0595703125,97233900
2025-11-10,3586.0595703125,3636.0046896761837,3546.103474821553,3586.0595703125,97681600
2025-11-11,3526.12548828125,3596.0486566041077,3496.1584161428823,3586.059632557985,58774500
2025-11-12,3775.85107421875,3845.774242259838,3506.1474260602677,3536.1144980778768,294998400
2025-11-13,3715.916748046875,3875.7411243069555,3705.92772453062,3825.7960067256804,196838200
2025-11-14,3775.85107421875,3875.741314277447,3705.927906177662,3705.927906177662,120503100
2025-11-17,3765.862060546875,3855.7632768464027,3745.8840124803132,3795.8291326467174,88662000
2025-11-18,3576.070556640625,3775.8510346652406,3506.1473893320094,3765.86201076401,155065500
2025-11-19,3496.158447265625,3606.037712751116,3496.158447265625,3576.070640345982,76949500
2025-11-20,3466.191162109375,3576.0704208505945,3466.191162109375,3526.125303240949,55203300
2025-11-21,3486.169189453125,3496.1582129186068,3406.257001729271,3446.213095591198,61228900
2025-11-24,3496.158447265625,3536.114543805804,3456.2023507254466,3506.1474714006695,140999100
2025-11-25,3426.235107421875,3536.114367426658,3376.2899892378828,3536.114367426658,118096700
2025-11-26,3506.1474609375,3556.0925814636753,3346.3230752537393,3426.2352680956196,141644200
2025-11-27,3596.048583984375,3685.9497985839844,3526.125417073568,3536.1144409179688,178728200
2025-11-28,3576.070556640625,3626.015676146779,3526.1254371344708,3616.026652245548,64254900
2025-12-01,3466.191162109375,3586.0594443725236,3456.202138587446,3576.0704208505945,78951200
2025-12-02,3496.158447265625,3576.070640345982,3466.191374860491,3466.191374860491,76271500
2025-12-03,3486.169189453125,3536.1143067805338,3466.1911425221615,3526.125283315052,63285400
2025-12-04,3496.158447265625,3526.125519670759,3466.191374860491,3496.158447265625,52000400
2025-12-05,3496.158447265625,3566.0816162109377,3466.191374860491,3516.1364955357144,46752300
2025-12-08,3396.26806640625,3506.147327378217,3386.279042681526,3496.158303653493,101462900
2025-12-09,3496.158447265625,3496.158447265625,3376.2901576450895,3406.2572300502234,118520700
2025-12-10,3715.916748046875,3825.7960067256804,3456.202136624244,3546.1033482705393,419284100
2025-12-11,3636.004638671875,3815.807065858946,3596.048543741415,3805.8180421263305,166435800
2025-12-12,3705.927734375,3745.8838285461593,3606.0374989471024,3675.960663746631,112869000
2025-12-15,3596.048583984375,3935.6753946940103,3536.1144409179688,3705.9278462727866,355384400
2025-12-16,3636.004638671875,3636.004638671875,3546.1034250783396,3616.0265912066448,59925800
2025-12-17,3506.1474609375,3645.9937984107905,3506.1474609375,3636.0047743055557,74493500
2025-12-18,3446.213134765625,3536.114346976902,3446.213134765625,3506.14727623981,52359700
2025-12-19,3506.1474609375,3536.114533253205,3396.2681957799145,3456.2023404113247,88942300
2025-12-22,3436.22412109375,3516.136309956395,3426.235097485919,3486.1692391329034,42852500
2025-12-23,3276.39990234375,3456.2023360089556,3276.39990234375,3446.213311916444,75260100
2025-12-24,3126.564453125,3316.355905551118,3116.575429313099,3306.366881739217,88357400
2025-12-29,3276.39990234375,3316.3559987137955,3146.5425891411014,3156.531613233613,55989100
2025-12-30,3266.410888671875,3436.224298786315,3226.4547921743597,3286.3889369206327,78234300
2026-01-02,3186.49853515625,3306.3668186104037,3176.5095115350705,3296.377794989224,84250300
2026-01-05,3186.49853515625,3236.443653262147,3156.5314642927115,3186.49853515625,67372100
2026-01-06,3146.54248046875,3216.4656467013892,3126.5644329737106,3196.4875992063494,88790700
2026-01-07,3046.65234375,3176.509656762295,3006.6962474385246,3156.5316086065573,136811700
2026-01-08,3086.6083984375,3246.432781528115,2966.740111119539,2986.718159005866,123550300
2026-01-09,3096.597412109375,3176.509603389617,3046.652292559224,3156.5315555695565,65776300
2026-01-12,2876.8388671875,3136.5534871419272,2786.9376525878906,3116.575439453125,145931800
2026-01-13,2806.915771484375,2916.795036560276,2697.036506408474,2916.795036560276,151446100
2026-01-14,2826.893798828125,2896.816966997019,2786.9377027316145,2846.8718468763805,73817500
2026-01-15,2826.893798828125,2886.827942972891,2746.981606635104,2836.882822852253,82956100
2026-01-19,2946.761962890625,3026.6741517147775,2776.948561639301,2826.8936796543962,151574500
2026-01-20,2896.81689453125,3056.6412749191813,2876.8388469827587,2996.707132273707,152341300
2026-01-21,2856.86083984375,2926.784007252513,2816.9047441815997,2846.8718159282125,65189000
2026-01-22,2746.9814453125,3016.685078125,2746.9814453125,2896.816796875,152078100
2026-01-23,2587.1572265625,2756.9706352557914,2467.2889380731176,2746.9816112150097,180776300
2026-01-26,2577.168212890625,2667.069429619368,2517.2340684047967,2597.1462610525678,78433600
2026-01-27,2697.036376953125,2707.02540057147,2577.1680935329864,2587.157117151331,82745700
2026-01-28,2297.4755859375,2387.376804517663,2297.4755859375,2297.4755859375,181051200
2026-01-29,2197.585205078125,2307.464465332031,1952.8541254216973,1952.8541254216973,787849100
2026-01-30,2157.629150390625,2277.4974365234375,2067.7279357910156,2277.4974365234375,156714100
2026-02-02,1837.9803466796875,2157.629102623981,1837.9803466796875,2157.629102623981,137518200
2026-02-03,1977.82666015625,1997.8047072285353,1718.1120482165404,1798.024236505682,145588000
2026-02-04,2127.662109375,2167.6182053257044,2027.7718694982395,2087.7060134242956,134290400
2026-02-05,2097.695068359375,2247.530430385045,2077.7170200892856,2117.6731166294644,131798300
2026-02-06,1942.8651123046875,2067.7279087252973,1897.9145055932681,2027.771813870702,112571900
2026-02-09,1992.810302734375,2037.7609110667292,1917.892622180451,1957.8487184758771,54460900
2026-02-10,2027.7718505859375,2077.7169700584973,1982.8212430606334,1997.8047789024013,54320600
2026-02-11,2277.497314453125,2337.4314543071546,2037.7607550370064,2047.7497783460115,247586500
2026-02-12,2197.585205078125,2327.442512650923,2157.629110440341,2287.486418013139,119903300
2026-02-13,2147.64013671875,2197.5852561773254,2117.6730650436048,2147.64013671875,78790200
2026-02-18,2147.64013671875,2207.574280069041,2127.66208893532,2147.64013671875,63973200
2026-02-19,2097.695068359375,2177.607261439732,2067.727995954241,2167.6182373046877,60660700
2026-02-20,2017.7828369140625,2097.6950284750155,2007.7938129689433,2087.7060045298963,58344100
2026-02-23,2137.651123046875,2167.6181948652893,2027.7718597126898,2027.7718597126898,75359700
2026-02-24,2027.7718505859375,2167.6181851091055,2017.7828266914255,2147.6401373200815,74603100
2026-02-25,2017.7828369140625,2067.7279566396583,1962.8432052159073,2037.7608848043008,68254100
2026-02-26,1947.859619140625,2047.7498560196314,1927.8815717648238,2047.7498560196314,59955200
2026-02-27,1987.8157958984375,1992.8103079484338,1872.942018748528,1947.859699498469,83933000
2026-03-02,1808.0133056640625,1917.8925673342542,1808.0133056640625,1897.9145197578557,92728400
2026-03-03,1778.0462646484375,1907.9035761115256,1758.0682167310392,1818.0023604832338,73495000
2026-03-04,1638.199951171875,1783.0408005132908,1538.3097102467607,1778.046288467035,140229200
2026-03-05,1633.2054443359375,1693.1395890822105,1608.2328840249904,1668.1670287712634,69621500
2026-03-06,1553.293212890625,1618.2218680918409,1503.3480935050743,1618.2218680918409,156040600
2026-03-09,1498.353515625,1573.27119140625,1328.5401171875,1353.51267578125,155744600
2026-03-10,1498.353515625,1573.27119140625,1483.3699804687499,1563.28216796875,82961500
2026-03-11,1468.386474609375,1563.2821991589606,1463.3919627909759,1508.342569156569,64282300
2026-03-12,1433.4249267578125,1478.3755342171166,1413.4468789981217,1468.3865103372714,58730300
2026-03-13,1368.4962158203125,1438.4193801322992,1363.501704083742,1433.4248683957287,61328800
2026-03-16,1248.6279296875,1368.4962109374999,1238.63890625,1363.50169921875,119097700
2026-03-17,1353.5126953125,1438.4193957564576,1228.6499005419741,1283.5895302410056,187031900
2026-03-25,1403.4578857421875,1513.3371508180883,1373.49081344876,1418.4414218889012,136415800
2026-03-26,1313.556640625,1428.4304152804184,1308.56212868346,1408.4523675142586,60957200
2026-03-27,1328.5401611328125,1333.5346730167705,1283.589554177191,1313.5566254809387,41243500
2026-03-30,1328.5401611328125,1338.5291849007283,1253.6224828734435,1278.595042293233,46132300
2026-03-31,1363.501708984375,1433.4248735476763,1288.5840326665523,1328.5401267027244,106251400
2026-04-01,1458.3974609375,1483.3700202001285,1408.452342412243,1428.430389822346,88565400
2026-04-02,1278.5950927734375,1433.424967288971,1278.5950927734375,1433.424967288971,120283000
2026-04-06,1343.523681640625,1358.507217123606,1198.682838638476,1238.6389332597585,136761600
2026-04-07,1458.3974609375,1458.3974609375,1318.5511290667807,1333.534664624358,178277200
2026-04-08,1763.062744140625,1768.0572561636861,1498.353606918378,1578.2657992873583,317058200
2026-04-09,1852.9638671875,1902.9089849014488,1673.1614434172843,1703.1285140456537,434132600
2026-04-10,1912.8980712890625,1992.810262256752,1857.9584399987762,1887.9255116116597,333267600
2026-04-13,2187.59619140625,2267.508381046661,1857.9584091395548,1857.9584091395548,485481000
2026-04-14,2437.32177734375,2477.2778720543033,2247.530327468622,2277.497398501537,417393200
2026-04-15,2377.3876953125,2547.201102120536,2327.4425756630776,2477.277934611345,317721200
2026-04-16,2267.50830078125,2457.2997444589755,2207.5741606724946,2337.4314642414647,268520800
2026-04-17,2227.55224609375,2367.3985754449272,2197.5851755184976,2287.4863872442547,202698300
2026-04-20,2137.651123046875,2287.4864821389456,2087.706003349518,2267.508434260003,228624300
2026-04-21,2297.4755859375,2377.387780230978,2117.673148777174,2147.640221637228,381076600
2026-04-22,2257.519287109375,2337.4314742636893,2227.5522169265073,2267.5083105036642,143723300
2026-04-23,2187.59619140625,2297.475452161815,2137.651072880993,2277.497404751712,127649500
2026-04-24,2017.7828369140625,2217.5633158164446,2017.7828369140625,2167.6181960908493,135290900
2026-04-27,1997.8048095703125,2157.6291943359374,1982.8212734985352,2047.7499298095704,171825500
2026-04-28,2007.7938232421875,2117.673087200715,1977.8267512534983,2027.771871234647,152232900
2026-04-29,1947.859619140625,2027.7718086438301,1907.9035243890226,2007.793761268029,169541000
2026-04-30,1832.98583984375,1957.8486354734334,1822.9968161933755,1937.870588172684,189181000
2026-05-04,1842.974853515625,2037.7608136432927,1827.9913181211891,1887.9254596989329,386651800
2026-05-05,2297.4755859375,2297.4755859375,1837.98046875,1877.936565896739,617314400
2026-05-06,2287.486572265625,2427.3329129281524,2237.5414506004367,2377.387791262964,574559700
2026-05-07,2157.629150390625,2447.3108418782554,2127.662078857422,2347.4206034342446,618219900
2026-05-08,2047.7498779296875,2217.56328244093,2007.7937827505718,2117.6730444931404,269783200
2026-05-11,1982.8211669921875,2147.640054928566,1947.8595847026527,2047.7498198156093,340019500
2026-05-12,2277.497314453125,2327.4424309981496,1917.8924753289473,1992.8101501464844,678949000
2026-05-13,2077.717041015625,2327.4426469069263,2057.738992544321,2237.5414287860576,459900200
2026-05-14,2077.717041015625,2077.717041015625,2077.717041015625,2077.717041015625,0
2026-05-15,2077.717041015625,2077.717041015625,2077.717041015625,2077.717041015625,0
2026-05-18,2067.72802734375,2107.684124490489,1957.8487601902173,2047.7499787703803,313014900
2026-05-19,1912.8980712890625,2147.64013225665,1847.969416127815,2087.705989030883,341613000
2026-05-20,1718.112060546875,1947.8596035269802,1653.1834070959756,1877.9364382721656,465468000
2026-05-21,1528.3206787109375,1768.0572557636335,1463.3920224258322,1753.07371969784,566464000
2026-05-22,1603.23828125,1638.1998637071652,1483.3699985397195,1523.3260927764798,457516400
2026-05-25,1478.37548828125,1623.2163300385346,1473.380976496516,1603.2382828995987,239859100
2026-05-26,1553.293212890625,1793.029785941268,1458.3974860580788,1473.381021873744,722089900
2026-05-27,1553.293212890625,1553.293212890625,1553.293212890625,1553.293212890625,0
2026-05-28,1553.293212890625,1553.293212890625,1553.293212890625,1553.293212890625,0
2026-05-29,1937.87060546875,1937.87060546875,1598.2437983247423,1698.1340357200386,1094454700
2026-06-02,1927.881591796875,2217.563281755991,1808.0133062965513,2017.7828059221179,986295000
2026-06-03,1763.062744140625,1922.8871288785854,1653.1834796332773,1922.8871288785854,372768500
2026-06-04,1613.227294921875,1783.0406943873354,1503.348036444224,1768.057159140383,383436600
2026-06-05,1478.37548828125,1713.1175421637458,1478.37548828125,1668.1669361011402,327602700
2026-06-08,1383.479736328125,1513.3370400989959,1343.5236428601647,1403.4577830621051,320021400
2026-06-09,1658.177978515625,1658.177978515625,1343.5237235563347,1388.474331407662,479036700
2026-06-10,1758.0682373046875,1912.8981104764073,1633.2054363597524,1698.1340928511186,651865800
2026-06-11,1648.18896484375,1822.996885357481,1583.2603086529357,1758.0682291666667,406741700
2026-06-12,1698.134033203125,1768.057199276195,1678.1559857536765,1698.134033203125,279487700
2026-06-15,1768.0572509765625,1862.9529791363216,1748.079202942929,1758.0682269597457,385243700
2026-06-17,1683.1505126953125,1803.0187984658985,1658.1779531597738,1773.051727023252,199713700
2026-06-18,1778.0462646484375,1783.040776627787,1638.1999292266503,1683.150537040796,184538000
2026-06-19,1698.134033203125,1793.0297585880055,1688.1450094784009,1758.0681755514706,276149300
2026-06-22,1588.2547607421875,1718.112068224253,1588.2547607421875,1708.1230445717865,162340600
2026-06-23,1673.1614990234375,1678.156010960821,1578.265772213153,1588.2547960879199,140124900
2026-06-24,1513.337158203125,1698.1341049143978,1513.337158203125,1673.1615445480095,138891300
2026-06-25,1578.2657470703125,1633.2053775063043,1518.3316047765031,1518.3316047765031,178200300
2026-06-26,1463.3919677734375,1593.2492754939472,1458.3974559380333,1578.2657399877346,202958600
2026-06-29,1403.4578857421875,1478.3755664757562,1398.4633736932828,1468.386542377947,138758200
2026-06-30,1283.589599609375,1423.4359373100074,1268.6060634271644,1413.4469131885335,251384100
2026-07-01,1378.4852294921875,1458.397416709126,1278.5949954710145,1283.5895071720731,387639800
2026-07-02,1498.353515625,1558.28765625,1353.51267578125,1378.485234375,396835500
2026-07-03,1483.3699951171875,1568.2766951744004,1478.3754833491162,1528.3206010298295,228013300
2026-07-06,1505.0,1530.0,1475.0,1500.0,134893400
2026-07-07,1580.0,1590.0,1495.0,1510.0,282887500
2026-07-08,1500.0,1585.0,1500.0,1580.0,185622800
2026-07-09,1600.0,1620.0,1495.0,1505.0,166589300
2026-07-10,1620.0,1670.0,1590.0,1620.0,183796000
2026-07-13,1750.0,1750.0,1620.0,1625.0,318950900
2026-07-14,1690.0,1775.0,1660.0,1765.0,334787100
2026-07-15,1690.0,1725.0,1685.0,1700.0,93453400
2026-07-16,1695.0,1730.0,1675.0,1695.0,116862400
2026-07-17,1695.0,1715.0,1660.0,1700.0,140462700
2026-07-20,1800.0,1800.0,1700.0,1700.0,278158000
2026-07-21,1860.0,1875.0,1780.0,1815.0,342684500
2026-07-22,1830.0,1925.0,1800.0,1870.0,331295600
2026-07-23,1790.0,1905.0,1765.0,1830.0,342089300
2026-07-24,1745.0,1780.0,1690.0,1755.0,205955100
2026-07-27,1725.0,1770.0,1715.0,1755.0,114434700
2026-07-28,1745.0,1805.0,1715.0,1715.0,113567800
2026-07-29,1785.0,1795.0,1695.0,1765.0,198366100
2026-07-30,1790.0,1815.0,1730.0,1785.0,93465300
2026-07-31,1845.0,1850.0,1800.0,1830.0,162512500
2026-08-03,1820.0,1890.0,1780.0,1890.0,130168400
2026-08-04,1855.0,1855.0,1805.0,1830.0,88497700
2026-08-05,1870.0,1920.0,1860.0,1870.0,221111300
2026-08-06,1875.0,1910.0,1845.0,1880.0,218739200
2026-08-07,1930.0,1960.0,1875.0,1885.0,279412500
2026-08-10,1860.0,1955.0,1860.0,1945.0,205573700
2026-08-11,1820.0,1870.0,1785.0,1860.0,151431700
2026-08-12,1950.0,1960.0,1830.0,1830.0,274783200
2026-08-13,1865.0,1965.0,1850.0,1955.0,213207400
2026-08-14,1870.0,1900.0,1840.0,1870.0,90082200
2026-08-18,1845.0,1900.0,1845.0,1875.0,80418600
2026-08-19,1855.0,1875.0,1825.0,1850.0,51405900
2026-08-20,1880.0,1885.0,1860.0,1875.0,56245900
2026-08-21,1890.0,1905.0,1880.0,1880.0,80755000
2026-08-24,1860.0,1910.0,1845.0,1900.0,70591700
2026-08-25,1860.0,1860.0,1860.0,1860.0,0
2026-08-26,1750.0,1855.0,1750.0,1850.0,102436400
2026-08-27,1840.0,1840.0,1710.0,1720.0,66714500
2026-08-28,1830.0,1875.0,1805.0,1840.0,88806300
2026-08-31,1785.0,1860.0,1785.0,1840.0,120064100
2026-09-01,1830.0,1850.0,1785.0,1790.0,99984700
2026-09-02,1820.0,1845.0,1795.0,1845.0,73571100
2026-09-03,1800.0,1840.0,1800.0,1830.0,102183600
2026-09-04,1790.0,1830.0,1785.0,1805.0,86734000
2026-09-07,1790.0,1810.0,1765.0,1795.0,23729300
