date,Close,High,Low,Open,Volume
2021-12-06,2951.1201171875,3029.0089179343845,2483.7873127061953,2665.527847782258,134285400
2021-12-07,2925.157470703125,2985.7376550076274,2812.65141413762,2959.7747188771264,57408600
2021-12-08,3046.317626953125,3054.971938393333,2925.1572667902165,2942.465889670632,18778500
2021-12-09,2968.4287109375,3046.3175109329445,2951.12008871629,3046.3175109329445,10795400
2021-12-10,2977.082763671875,2985.7370740313863,2959.7741429528523,2968.4284533123637,4197600
2021-12-13,3020.3544921875,3037.6631139192336,2977.082937858166,2977.082937858166,8087200
2021-12-14,2977.082763671875,3020.354315469431,2933.811211874319,3020.354315469431,6752400
2021-12-15,2942.4658203125,2985.7373764935664,2899.194264131434,2977.083065257353,6975500
2021-12-16,2925.157470703125,2942.4660947901257,2899.194534572624,2942.4660947901257,1016400
2021-12-17,2942.4658203125,2942.4658203125,2899.194264131434,2925.157197840074,1149900
2021-12-20,2899.194091796875,2959.774266849347,2899.194091796875,2942.4656454057836,1256600
2021-12-21,2977.082763671875,2977.082763671875,2907.848280795785,2907.848280795785,4285800
2021-12-22,3029.009033203125,3029.009033203125,2951.1202294921877,2985.7374755859373,7785800
2021-12-23,3020.3544921875,3072.2803573827005,2985.737248724033,3072.2803573827005,5946600
2021-12-24,3020.3544921875,3037.6631139192336,2985.737248724033,3037.6631139192336,490000
2021-12-27,2951.1201171875,3029.0089179343845,2942.465805993402,3029.0089179343845,528700
2021-12-28,2951.1201171875,2968.4287395756965,2933.8114947993035,2959.774428381598,243800
2021-12-29,3020.3544921875,3020.3544921875,2933.8113835288323,2951.120005260566,1322000
2021-12-30,2942.4658203125,3020.354621438419,2942.4658203125,3020.354621438419,3048300
2022-01-03,2812.651123046875,2959.774412560096,2812.651123046875,2942.465790264423,4736100
2022-01-04,2881.8857421875,2942.4659229542044,2812.651249882695,2812.651249882695,5850200
2022-01-05,2890.5400390625,2907.8486620508984,2864.577104579903,2907.8486620508984,2918300
2022-01-06,2890.5400390625,2916.502973545097,2864.577104579903,2890.5400390625,3711600
2022-01-07,2916.5029296875,2942.465863779674,2890.5399955953267,2890.5399955953267,8400800
2022-01-10,2951.1201171875,2951.1201171875,2899.1942500229106,2916.502872411107,5991000
2022-01-11,3011.7001953125,3029.008817124641,2951.120018970007,2951.120018970007,2417200
2022-01-12,2959.7744140625,3029.008903280336,2951.1201029102704,3020.354592128107,866600
2022-01-13,2925.157470703125,2959.7747188771264,2907.8488466161243,2959.7747188771264,599300
2022-01-14,2959.7744140625,3003.0459698236477,2916.5028583013523,2925.157169453582,1682900
2022-01-17,2977.082763671875,2985.7370740313863,2916.502591155296,2959.7741429528523,481100
2022-01-18,2959.7744140625,2985.7373475191885,2942.465791758041,2977.0830363669593,1567800
2022-01-19,2968.4287109375,2985.73733315871,2916.5028442738703,2959.774399826895,2541900
2022-01-20,2977.082763671875,2985.7370740313863,2951.1198325933415,2977.082763671875,316200
2022-01-21,2899.194091796875,2977.0828882929104,2812.650984579058,2977.0828882929104,1021400
2022-01-24,2700.1455078125,2890.5403833633814,2700.1455078125,2890.5403833633814,5162500
2022-01-25,2691.490966796875,2778.0340847003113,2596.293537103095,2700.145278587219,9174500
2022-01-26,2708.799560546875,2726.108183936951,2630.9107552915334,2691.490937156799,424000
2022-01-27,2726.108154296875,2760.725400700645,2700.1452194940475,2708.79953109499,330100
2022-01-28,2682.836669921875,2734.762540952621,2682.836669921875,2726.1082291141634,496100
2022-01-31,2682.836669921875,2717.4539172757054,2639.5651107295866,2682.836669921875,133200
2022-02-02,2838.61376953125,2855.922390077172,2674.1818743449885,2682.8361846179496,2556700
2022-02-03,2752.071044921875,2847.268471004078,2726.1081105358194,2847.268471004078,957500
2022-02-04,2752.071044921875,2769.379667845912,2743.4167334598565,2752.071044921875,1676900
2022-02-07,2769.3798828125,2786.688507080078,2752.071258544922,2752.071258544922,316000
2022-02-08,2708.799560546875,2769.379742412141,2682.8366254617613,2726.108183936951,2037000
2022-02-09,2795.342529296875,2847.2683967141547,2708.7994169347426,2708.7994169347426,1578600
2022-02-10,2821.30517578125,2838.6137964915642,2786.687934360621,2795.3422447157786,893900
2022-02-11,2951.1201171875,2985.737361963893,2821.3054492760266,2821.3054492760266,2014800
2022-02-14,2942.4658203125,2977.083065257353,2864.577019186581,2951.1201315487133,817800
2022-02-15,2942.4658203125,2977.083065257353,2890.5399528952207,2942.4658203125,1022600
2022-02-16,2942.4658203125,2951.1201315487133,2942.4658203125,2951.1201315487133,803100
2022-02-17,3003.046142578125,3011.700454228206,2942.465961027558,2942.465961027558,1000900
2022-02-18,3202.09521484375,3331.9098857157937,2985.73743005701,3003.0460528399494,6654700
2022-02-21,3340.564453125,3418.453261617552,3150.1695879209847,3202.0954602493525,6259300
2022-02-22,3254.02099609375,3340.564107691988,3150.1692621758643,3331.9097965321644,4381500
2022-02-23,3210.74951171875,3305.946936594508,3184.786577661725,3202.0952003664083,653000
2022-02-24,3115.552001953125,3279.9839131673175,3063.6261352539063,3210.7494242350263,3220000
2022-02-25,3037.663330078125,3150.169379340278,3029.009018596421,3115.5521334134614,1044600
2022-03-01,3202.09521484375,3375.181442673142,3003.0460528399494,3037.663298405828,3369300
2022-03-02,3098.2431640625,3202.094890232193,3037.6629904635124,3202.094890232193,930500
2022-03-04,3098.2431640625,3176.1319586897694,3037.6629904635124,3098.2431640625,4119100
2022-03-07,2925.157470703125,3063.626463399131,2881.885910485623,3063.626463399131,4241400
2022-03-08,2916.5029296875,3011.7003546921364,2864.577061503153,2925.1572410515582,5640300
2022-03-09,2942.4658203125,3063.6261776194856,2890.5399528952207,2916.5028866038606,2238900
2022-03-10,3098.2431640625,3106.897474576641,2907.848332751397,2916.5026432655377,1667300
2022-03-11,3167.47802734375,3202.0952735442283,3072.2806002924353,3072.2806002924353,524700
2022-03-14,3072.2802734375,3167.4776903609154,3037.6630309198945,3167.4776903609154,647600
2022-03-15,3029.009033203125,3072.2805908203127,3011.70041015625,3072.2805908203127,1351600
2022-03-16,3054.971923828125,3063.6262352270714,3029.008989631285,3029.008989631285,67000
2022-03-17,3046.317626953125,3089.589184154164,3011.700381192294,3011.700381192294,220800
2022-03-18,3046.317626953125,3054.971938393333,3029.0090040727096,3046.317626953125,340200
2022-03-21,3037.663330078125,3098.2435104500537,3020.354707114717,3046.317641559829,872300
2022-03-22,3029.009033203125,3063.626279296875,2968.4288525390625,3037.6633447265626,3036300
2022-03-23,3037.663330078125,3046.317641559829,3003.046084151309,3029.009018596421,2487400
2022-03-24,2994.3916015625,3037.6631564983745,2951.120046626626,3037.6631564983745,2025300
2022-03-25,2942.4658203125,2994.3916877297797,2873.231330422794,2994.3916877297797,3057400
2022-03-28,3011.7001953125,3072.280371654993,2951.120018970007,2959.774329876078,3772300
2022-03-29,2907.8486328125,3029.008992513021,2899.19432140532,3029.008992513021,2215300
2022-03-30,3011.7001953125,3098.243304373204,2873.2312208153735,2925.157086251796,5461500
2022-03-31,3029.009033203125,3072.2805908203127,3011.70041015625,3020.3547216796874,2360000
2022-04-01,2994.3916015625,3037.6631564983745,2959.7743576138005,3037.6631564983745,1111500
2022-04-04,2933.811279296875,3011.7000743224557,2907.8483476216816,3011.7000743224557,2527900
2022-04-05,2942.4658203125,2985.7373764935664,2925.157197840074,2942.4658203125,1726700
2022-04-06,2942.4658203125,2968.42875402114,2925.157197840074,2942.4658203125,1293800
2022-04-07,3072.2802734375,3132.86044784331,2942.4656139964786,2942.4656139964786,1495700
2022-04-08,3072.2802734375,3115.551826584507,3063.6259628080984,3072.2802734375,323700
2022-04-11,3098.2431640625,3115.5517850907822,3063.6259220059355,3072.280232520077,718100
2022-04-12,3115.552001953125,3331.9097798665366,3098.243379720052,3141.5149353027346,1223300
2022-04-13,3193.440673828125,3262.6751599815802,3115.551876905488,3132.8604984438516,1156700
2022-04-14,3184.78662109375,3202.095244034477,3054.9719490382986,3202.095244034477,492000
2022-04-18,3158.823486328125,3219.4036627782534,3115.5519317208905,3184.786419092466,192300
2022-04-19,3236.712158203125,3236.712158203125,3098.2431888682318,3158.8233629522474,1319600
2022-04-20,3409.79833984375,3453.069892379838,3210.7491981777443,3210.7491981777443,2020300
2022-04-21,3574.23046875,3755.971001059322,3401.1442475030267,3409.7985585653755,2632600
2022-04-22,3574.23046875,3842.514111682809,3461.7244249394676,3574.23046875,2146000
2022-04-25,3608.84814453125,3738.6628259892086,3504.996399364883,3574.230896142461,2117400
2022-04-26,3600.193115234375,3963.674150907076,3600.193115234375,3608.847425607534,3132000
2022-04-27,3479.033203125,3626.156497784515,3409.7987115205224,3600.193563432836,2560600
2022-04-28,3539.61328125,3643.465015663203,3427.1072356356967,3479.0331028422984,3319200
2022-05-09,3574.23046875,3704.04513468523,3539.6132245006056,3539.6132245006056,1148900
2022-05-10,3461.724365234375,3634.810583496094,3357.872634277344,3574.2304071044923,2353000
2022-05-11,3453.0703125,3522.3048049812032,3453.0703125,3461.7246240601503,770900
2022-05-12,3305.947265625,3453.070573257526,3288.638641197644,3453.070573257526,407100
2022-05-13,3487.687744140625,3522.3049922214254,3305.9471917164237,3331.910127777024,2848900
2022-05-17,3600.193115234375,3678.081908592811,3461.724149263822,3461.724149263822,2279100
2022-05-18,3634.81103515625,3678.082595098586,3556.9222272600446,3582.8851632254464,3381700
2022-05-19,3634.81103515625,3660.773971121652,3574.230851236979,3634.81103515625,3108300
2022-05-20,3548.267578125,3652.1193121189026,3548.267578125,3634.8106897865855,3132000
2022-05-23,3704.045166015625,3799.2425885066805,3548.2675655757153,3548.2675655757153,2496700
2022-05-24,3712.69970703125,3721.3540187026515,3634.8109019886365,3704.0453953598485,2627900
2022-05-25,3461.724365234375,3712.6993817138673,3461.724365234375,3712.6993817138673,2448100
2022-05-27,3591.5390625,3678.082172439759,3461.724397590361,3461.724397590361,4668700
2022-05-30,3591.5390625,3643.4649284638554,3548.2675075301204,3591.5390625,1763500
2022-05-31,3366.52734375,3591.539454129177,3366.52734375,3591.539454129177,10384500
2022-06-02,3375.181396484375,3444.41588666867,3314.601217573117,3340.5641513922274,2514700
2022-06-03,3383.83544921875,3435.761312889626,3375.1811386069376,3427.1070022778135,1423500
2022-06-06,3409.79833984375,3453.069892379838,3331.909545278791,3375.1810978148796,771000
2022-06-07,3427.107177734375,3461.7244219539143,3375.1813114050665,3418.4528666794904,595500
2022-06-08,3461.724365234375,3479.032987060547,3453.0700543212893,3461.724365234375,208100
2022-06-09,3375.181396484375,3496.341754306891,3366.527085211338,3470.3788204877806,2107900
2022-06-10,3288.637939453125,3375.181043122944,3288.637939453125,3375.181043122944,683600
2022-06-13,3288.637939453125,3331.9094912880346,3279.983629086143,3288.637939453125,2473500
2022-06-14,3288.637939453125,3331.9094912880346,3115.5517321134867,3297.292249820107,1644400
2022-06-15,3202.09521484375,3314.6012629328548,3202.09521484375,3288.638328758446,2019700
2022-06-16,3288.637939453125,3349.2181120219984,3202.094835783306,3210.7491461502877,2578400
2022-06-17,3323.255615234375,3323.255615234375,3254.0211232503257,3288.6383692423506,1713000
2022-06-20,3299.5078125,3396.2933749999997,3237.917,3378.696,2538200
2022-06-21,3308.306640625,3369.897455743019,3273.1118891289893,3299.5079527509974,221000
2022-06-22,3281.910400390625,3396.293336597269,3273.111712990114,3308.3064625921584,1845200
2022-06-23,3607.462158203125,3739.442481064215,3281.9106951457698,3281.9106951457698,4762700
2022-06-24,3686.650146484375,3686.650146484375,3537.0724555768943,3607.4619571804146,1487900
2022-06-27,3607.462158203125,3686.6503519197786,3501.877899914253,3686.6503519197786,3113800
2022-06-28,3677.851318359375,3704.2473804528636,3598.66313207891,3607.461819443406,1233200
2022-06-29,3686.650146484375,3713.046209585695,3660.254083383055,3677.851458783935,536500
2022-06-30,3695.44921875,3739.442661830357,3581.0662667410716,3686.6505301339284,3072700
2022-07-01,3677.851318359375,3704.2473804528636,3625.0591941723983,3695.4486930883672,458200
2022-07-04,3484.2802734375,3686.650087298769,3484.2802734375,3677.8513997395835,507900
2022-07-05,3378.696044921875,3493.078983942668,3361.098669687907,3484.2802963256836,1074800
2022-07-06,3466.682861328125,3466.682861328125,3334.7025493486276,3378.6959866751267,1772600
2022-07-07,3431.48828125,3475.481720753205,3396.293529647436,3466.6830328525643,753700
2022-07-08,3431.48828125,3475.481720753205,3369.897465945513,3440.286969150641,520800
2022-07-11,3572.267333984375,3589.8647100138546,3449.085701778017,3449.085701778017,430300
2022-07-12,3484.2802734375,3607.4618992660985,3475.4815858783145,3581.0658365885415,121100
2022-07-13,3440.286865234375,3537.0724292179507,3422.689489964634,3484.280303408728,172300
2022-07-14,3440.286865234375,3528.27374158308,3431.4881775995045,3440.286865234375,1755300
2022-07-15,3510.67626953125,3519.4749569235587,3422.689395608161,3440.2867703927786,3246600
2022-07-18,3501.877685546875,3545.8711238075143,3457.884247286236,3519.475060851131,2373800
2022-07-19,3537.072509765625,3545.8711976008626,3501.877758424673,3501.877758424673,647300
2022-07-20,3501.877685546875,3607.461937372409,3466.682934938364,3537.072436155386,2962600
2022-07-21,3519.47509765625,3528.273785400391,3475.481658935547,3501.877722167969,691100
2022-07-22,3537.072509765625,3537.072509765625,3484.2803827541975,3528.273821930387,148700
2022-07-25,3880.221435546875,3906.6174997342687,3554.669977235686,3554.669977235686,5242600
2022-07-26,3871.422607421875,3889.019982910156,3748.2409790039064,3889.019982910156,3732600
2022-07-27,3862.623779296875,4047.3962152085705,3845.0264044481423,3871.4224667212416,1343400
2022-07-28,3924.214599609375,3950.610661938586,3845.026412621742,3845.026412621742,1954500
2022-07-29,3933.013427734375,3941.81211549217,3915.4160522187854,3924.2147399765804,759100
2022-08-01,3933.013427734375,3959.40949100776,3871.42261342981,3933.013427734375,322300
2022-08-02,3915.416015625,3959.409454002809,3713.046199087079,3941.8120786516856,1335100
2022-08-03,3871.422607421875,3977.0068603515624,3792.2344177246096,3906.617358398438,615500
2022-08-04,3959.409912109375,3959.409912109375,3836.2282703993055,3871.4230251736108,2604200
2022-08-05,3897.81884765625,4003.403105380573,3871.4227832251695,3959.409664662105,638500
2022-08-08,3889.019775390625,3933.0132117638223,3845.0263390174277,3897.818462665264,628400
2022-08-09,3862.623779296875,3897.818528994341,3809.8316547506765,3889.0198415699747,791100
2022-08-10,3801.032958984375,3871.422458224826,3801.032958984375,3862.62377081977,447200
2022-08-11,3853.825439453125,3871.422815888984,3827.4293747993365,3827.4293747993365,1146000
2022-08-12,3739.4423828125,3853.8253262867643,3730.643694852941,3853.8253262867643,590500
2022-08-15,3809.831787109375,3862.6239134896437,3695.4488466187936,3730.6435975389722,1647400
2022-08-16,3924.214599609375,4126.584410799993,3827.429037735601,3827.429037735601,964700
2022-08-18,3959.409912109375,3959.409912109375,3853.8256477864584,3924.2151573350693,920700
2022-08-19,3871.422607421875,3950.610797119141,3871.422607421875,3924.214733886719,397400
2022-08-22,3871.422607421875,3880.221295166016,3836.2278564453127,3862.6239196777346,627200
2022-08-23,3853.825439453125,3959.409698068279,3818.6306865814067,3933.0136334144904,938600
2022-08-24,3845.0263671875,3871.422429204805,3827.428992509296,3836.227679848398,2128000
2022-08-25,3836.228271484375,3906.6177810528957,3748.2413845237243,3897.8190923568304,2017400
2022-08-26,3783.435546875,3871.42242005814,3757.0394849200584,3871.42242005814,1804000
2022-08-29,3845.0263671875,3853.825054526602,3686.649995083667,3765.8381811355835,501800
2022-08-30,3853.825439453125,3871.422815888984,3792.2346219276183,3827.4293747993365,1478400
2022-08-31,3845.0263671875,3871.422429204805,3783.4355558137872,3853.825054526602,4198100
2022-09-01,3862.623779296875,3880.221154145608,3836.2277170237758,3853.8250918725084,2003300
2022-09-02,3871.422607421875,3871.422607421875,3792.2344177246096,3862.6239196777346,1757300
2022-09-05,3818.630615234375,3871.4227435555877,3739.442422752556,3871.4227435555877,1485400
2022-09-06,3730.6435546875,3818.6304309772995,3721.8448670585203,3818.6304309772995,2018600
2022-09-07,3669.052734375,3783.435673336331,3616.2606087005397,3713.0461724370502,4718900
2022-09-08,3633.85791015625,3704.2474096265887,3616.2605352886653,3677.851347325212,3697900
2022-09-09,3695.44921875,3704.2479073660716,3607.462332589286,3633.8583984375,895600
2022-09-12,3677.851318359375,3739.442129910848,3642.6565689013905,3739.442129910848,311100
2022-09-13,3695.44921875,3713.0465959821427,3669.053152901786,3713.0465959821427,589700
2022-09-14,3757.039794921875,3774.6371710105022,3651.455538390113,3695.4489786116806,455000
2022-09-15,3827.429443359375,3862.6241968615304,3695.4491177262935,3757.0399363550646,621200
2022-09-16,3836.228271484375,3836.228271484375,3721.845318435529,3827.4295827883097,398500
2022-09-19,3853.825439453125,3915.4162569786313,3757.0398690559005,3845.026751235195,462100
2022-09-20,3871.422607421875,3897.818670654297,3783.4357299804688,3853.825231933594,241200
2022-09-21,3871.422607421875,3871.422607421875,3783.4357299804688,3871.422607421875,339500
2022-09-22,3818.630615234375,3862.624055502052,3739.442422752556,3862.624055502052,318200
2022-09-23,3915.416015625,3915.416015625,3739.442262113764,3739.442262113764,14584000
2022-09-26,3827.429443359375,3915.416327114763,3757.0399363550646,3915.416327114763,360200
2022-09-27,3836.228271484375,3915.4164697489605,3765.8387619158543,3871.423026268635,680900
2022-09-28,3739.4423828125,3871.422702205882,3739.4423828124995,3871.422702205882,868700
2022-09-29,3818.630615234375,3836.227991341446,3739.442422752556,3739.442422752556,1213800
2022-09-30,3871.422607421875,3871.422607421875,3739.4422912597656,3818.6304809570315,2114500
2022-10-03,3862.623779296875,3871.4224667212416,3818.6303421750426,3818.6303421750426,553600
2022-10-04,3827.429443359375,3915.416327114763,3783.436001481681,3862.6241968615304,843200
2022-10-05,3897.81884765625,3897.8188476562505,3739.442461069766,3827.4293425067017,13301000
2022-10-06,3915.416015625,3959.409454002809,3897.8186402738766,3897.8186402738766,2079500
2022-10-07,3853.825439453125,3915.4162569786313,3792.2346219276183,3906.617568760702,460000
2022-10-10,3862.623779296875,3871.4224667212416,3765.838217628844,3853.8250918725084,705200
2022-10-11,3783.435546875,3924.2145439680235,3783.435546875,3862.6237327398258,686600
2022-10-12,3827.429443359375,3880.2215736126077,3783.436001481681,3783.436001481681,638600
2022-10-13,3871.422607421875,3889.019982910156,3827.429168701172,3827.429168701172,819800
2022-10-14,3871.422607421875,3871.422607421875,3801.03310546875,3871.422607421875,1423100
2022-10-17,3818.630615234375,3889.0201196626585,3801.033239127304,3862.624055502052,1170600
2022-10-18,3871.422607421875,3906.617358398438,3818.6304809570315,3818.6304809570315,412500
2022-10-19,3871.422607421875,3880.221295166016,3862.6239196777346,3871.422607421875,84900
2022-10-20,4003.402587890625,4179.376328017685,3836.2275347699174,3871.42228279533,5765600
2022-10-21,3959.409912109375,4047.396799045139,3853.8256477864584,4029.799421657986,2297100
2022-10-24,4056.194580078125,4091.3893269768505,3915.4155924832226,3915.4155924832226,479000
2022-10-25,4135.38330078125,4170.578052277261,4064.9937977892287,4064.9937977892287,1332500
2022-10-26,3977.006591796875,4223.369831996682,3977.006591796875,4179.376396246716,1061000
2022-10-27,3915.416015625,4100.188456811798,3915.416015625,4003.402892380618,765100
2022-10-28,3915.416015625,4038.5976430828655,3871.4225772471914,3933.013390976124,1423800
2022-10-31,4064.992919921875,4082.590291869589,3915.415258366308,3915.415258366308,2648900
2022-11-01,4267.36328125,4707.297640141753,4064.9934761597938,4064.9934761597938,2818800
2022-11-02,4223.3701171875,4302.558306884765,4100.188488769531,4267.363555908203,1747700
2022-11-03,4223.3701171875,4346.551745605469,4144.181927490235,4214.571429443359,578400
2022-11-04,4144.181640625,4258.564573381104,4100.188204949575,4144.181640625,369700
2022-11-07,4179.376953125,4240.967771381579,4082.591381578947,4144.182199835526,556600
2022-11-08,4029.799072265625,4170.5780791570005,4021.0003843349136,4100.188575711312,1555300
2022-11-09,4012.201416015625,4056.1948525947437,3977.00666675233,4029.798790647272,1483800
2022-11-10,3959.409912109375,4012.202044270833,3933.0138460286457,4012.202044270833,1243800
2022-11-11,3959.409912109375,4091.390242513021,3915.416468641493,3968.2086008029514,1511700
2022-11-14,3985.8056640625,4047.3964800634653,3915.416160061396,3985.8056640624995,1812200
2022-11-15,4012.201416015625,4117.78566380551,3985.8053540681535,3985.8053540681535,874900
2022-11-16,3871.422607421875,4064.9937377929687,3801.03310546875,4012.201611328125,3576000
2022-11-17,3853.825439453125,3959.409698068279,3853.825439453125,3871.422815888984,593300
2022-11-18,4029.799072265625,4091.3898877806014,3880.221377443538,3889.020065374249,1199000
2022-11-21,4047.396240234375,4082.5909901494565,3959.4093654466715,4029.7988652768345,3930900
2022-11-22,4029.799072265625,4047.396448127047,3959.409568819937,4047.396448127047,989700
2022-11-23,3959.409912109375,4021.0007329644095,3933.0138460286457,4021.0007329644095,1410600
2022-11-24,3968.2080078125,4012.2014447062083,3950.6106330550165,3959.4093204337582,1175400
2022-11-25,4003.402587890625,4020.999961903331,3950.610465852507,3968.207839865213,321400
2022-11-28,3959.409912109375,4038.5981103515624,3933.0138460286457,4003.4033555772567,578000
2022-11-29,4021.000244140625,4047.396307012445,3880.221242157583,3994.6041812688045,1031200
2022-11-30,4126.58447265625,4135.38316023121,3924.2146584321695,3985.80547145689,3120000
2022-12-01,3950.61083984375,4126.584596629663,3933.0134641651584,4126.584596629663,1744800
2022-12-02,3933.013427734375,4003.4029297967354,3915.4160522187854,3915.4160522187854,605200
2022-12-05,3915.416015625,3950.6107663272473,3853.8252018960675,3924.214703300562,2914500
2022-12-06,4047.396240234375,4047.396240234375,3642.6566162109375,3915.4159280528193,3959700
2022-12-07,3862.623779296875,4047.3962152085705,3818.6303421750426,4047.3962152085705,2268100
2022-12-08,3827.429443359375,3906.6176387392243,3783.436001481681,3862.6241968615304,2317300
2022-12-09,3924.214599609375,3959.4093493816563,3827.429037735601,3827.429037735601,960700
2022-12-12,4021.000244140625,4038.597619388505,3871.422554533643,3924.2146802772836,554100
2022-12-13,3959.409912109375,4029.799421657986,3933.0138460286457,4021.0007329644095,542800
2022-12-14,3897.81884765625,4047.3965460990407,3897.8188476562505,3959.409664662105,651200
2022-12-15,4038.597900390625,4038.597900390625,3897.8188886123025,3915.416265084593,900200
2022-12-16,3959.409912109375,4047.396799045139,3915.416468641493,4047.396799045139,1301800
2022-12-19,3836.228271484375,4038.598111493872,3836.228271484375,4012.2020454056765,2374100
2022-12-20,3977.006591796875,3977.006591796875,3827.4289102469925,3836.227597396986,1269400
2022-12-21,3941.81201171875,3968.208074297224,3871.422511509487,3968.208074297224,567900
2022-12-22,3924.214599609375,3941.8119744955156,3845.026412621742,3941.8119744955156,1171000
2022-12-23,3836.228271484375,3924.2151584450257,3836.228271484375,3924.2151584450257,1110300
2022-12-26,3853.825439453125,3889.020192324843,3827.4293747993365,3836.228063017266,222200
2022-12-27,3871.422607421875,3880.221295166016,3783.4357299804688,3853.825231933594,1237300
2022-12-28,3827.429443359375,3871.4228852370693,3783.436001481681,3871.4228852370693,1148900
2022-12-29,3783.435546875,3827.4289834665697,3695.4486736918607,3827.4289834665697,909100
2022-12-30,3739.4423828125,3783.435822610294,3713.0463189338234,3783.435822610294,112500
2023-01-02,3836.228271484375,3836.228271484375,3713.0466297394637,3783.4361393079844,244600
2023-01-03,3783.435546875,3845.0263581031977,3757.0394849200584,3836.2276707848837,243100
2023-01-04,3871.422607421875,3871.422607421875,3757.039666748047,3783.4357299804688,701800
2023-01-05,3827.429443359375,3880.2215736126077,3827.429443359375,3871.4228852370693,1081900
2023-01-06,3757.039794921875,3845.0266753650103,3757.0397949218755,3845.0266753650103,620100
2023-01-09,3642.656494140625,3765.8381147154287,3501.877499197992,3739.442053163685,2192400
2023-01-10,3651.455322265625,3757.0395725480043,3528.273696936182,3642.6566347420935,1723300
2023-01-11,3651.455322265625,3871.4225103539156,3651.455322265625,3704.247447406815,5328600
2023-01-12,3748.240966796875,3757.039654512361,3669.0527773575045,3721.8449036504185,1655400
2023-01-13,3642.656494140625,3757.0394275315143,3642.656494140625,3748.2407403475995,1289900
2023-01-16,3695.44921875,3713.0465959821427,3607.462332589286,3677.851841517857,4985800
2023-01-17,3695.44921875,3827.4295479910716,3695.44921875,3695.44921875,1358400
2023-01-18,3871.422607421875,3871.422607421875,3748.2409790039064,3748.2409790039064,1163800
2023-01-19,4047.396240234375,4047.396240234375,3827.4290532651157,3871.4224906589675,3219500
2023-01-20,4091.3896484375,4152.980460349462,3915.4159001176076,4038.5975239415325,6704700
2023-01-24,4126.58447265625,4126.58447265625,3977.0067838819296,4091.38972235641,924800
2023-01-25,4126.58447265625,4170.57791053105,4064.9936596315297,4126.58447265625,780700
2023-01-26,4126.58447265625,4170.57791053105,4091.38972235641,4126.58447265625,1552000
2023-01-27,4038.597900390625,4126.5847827520765,3994.6044592098992,4117.786094515931,1104100
2023-01-30,3977.006591796875,4038.5974018468264,3915.4157817469236,4038.5974018468264,331600
2023-01-31,3985.8056640625,3994.6043520626376,3941.81222406181,3994.6043520626376,1030200
2023-02-01,4047.396240234375,4135.3831150220785,3959.4093654466715,3994.604115361753,2094000
2023-02-02,4196.9736328125,4196.9736328125,4047.3959561713837,4047.3959561713837,1566400
2023-02-03,4390.54541015625,4465.33425982825,4196.97426982872,4196.97426982872,6367100
2023-02-06,4337.75341796875,4390.54554881624,4232.169156273771,4390.54554881624,984000
2023-02-07,4399.34375,4399.34375,4267.3634375,4337.7529374999995,1279200
2023-02-08,4531.32421875,4619.311096783981,4399.34390169903,4399.34390169903,1960100
2023-02-09,4465.333984375,4487.330703509852,4399.343826970443,4487.330703509852,1892700
2023-02-10,4346.5517578125,4443.337323269863,4320.1556945059465,4421.340603847735,2185000
2023-02-13,4311.35693359375,4355.350371691646,4302.558245974171,4346.551684072067,1705600
2023-02-14,4311.35693359375,4355.350371691646,4284.960870735013,4302.558245974171,1418000
2023-02-15,4293.759765625,4399.344022156763,4293.759765625,4311.357141713627,965300
2023-02-16,4372.94775390625,4381.7464415398645,4293.759565203723,4355.350378639022,868300
2023-02-17,4355.3505859375,4399.344026199495,4337.753209832702,4399.344026199495,616600
2023-02-20,4399.34375,4685.30109375,4355.3503125,4364.148999999999,4628400
2023-02-21,4421.34033203125,4487.330486240671,4355.350177821829,4399.343613961443,4506500
2023-02-22,4399.34375,4465.33390625,4355.3503125,4443.3371875,3061600
2023-02-23,4487.3310546875,4531.324496400122,4364.149417892157,4399.344171262255,2404700
2023-02-24,4179.376953125,4509.327765213816,4179.376953125,4509.327765213816,1390300
2023-02-27,3889.019775390625,4161.779080904447,3889.019775390625,4135.383019080528,3047300
2023-02-28,3915.416015625,3968.208141678371,3660.254073033708,3871.4225772471914,10100600
2023-03-01,3836.228271484375,3959.409913229286,3748.2413845237243,3915.4164697489605,3252400
2023-03-02,3792.234130859375,3933.0131241163353,3792.234130859375,3836.227566252175,2796900
2023-03-03,3862.623779296875,4029.798840359838,3792.2342799019434,3792.2342799019434,3593500
2023-03-06,3985.8056640625,4038.5977920633277,3897.81878406112,3950.610912061948,1416900
2023-03-07,3889.019775390625,4003.4027099609375,3889.019775390625,3994.604022686298,1662300
2023-03-08,3871.422607421875,3941.812109375,3871.422607421875,3897.818670654297,659000
2023-03-09,3845.0263671875,3897.818491222111,3827.428992509296,3897.818491222111,595700
2023-03-10,3915.416015625,3941.8120786516856,3827.4291388693823,3845.0265142205058,1967700
2023-03-13,3915.416015625,3959.409454002809,3827.4291388693823,3915.416015625,643600
2023-03-14,3889.019775390625,3915.415837214543,3845.0263390174277,3915.415837214543,1165100
2023-03-15,4003.402587890625,4038.597335916037,3941.811778846154,3941.811778846154,1793800
2023-03-16,4064.992919921875,4135.38240771273,3924.213944340165,4012.2008040787337,2330300
2023-03-17,3933.013427734375,4108.987182890276,3933.013427734375,4064.9937441013008,2293700
2023-03-20,3924.214599609375,4047.39622381236,3862.6237875078828,3933.0132870524453,660400
2023-03-21,3933.013427734375,4003.4029297967354,3889.0199889454,3924.2147399765804,346600
2023-03-24,3941.81201171875,4047.396262032645,3889.0198865618027,3933.0133241925923,183200
2023-03-27,4012.201416015625,4038.597477963096,3924.2145428573876,3941.811917489035,808400
2023-03-28,4091.3896484375,4100.188335853495,4012.2014616935485,4047.396211357527,1150100
2023-03-29,4161.77978515625,4179.377162683338,4082.5915862843553,4091.390275047899,1158800
2023-03-30,4056.194580078125,4161.7788207743015,4038.5972066287623,4161.7788207743015,1184500
2023-03-31,4064.992919921875,4161.778465634301,4029.7981760264474,4029.7981760264474,1255900
2023-04-03,3994.604248046875,4117.7858768412725,3994.604248046875,4056.1950624440738,852400
2023-04-04,4135.38330078125,4161.779364403258,4003.4029826712103,4003.4029826712103,1072200
2023-04-05,4108.98681640625,4161.778938244446,4100.188129433218,4135.382877325348,462200
2023-04-06,4135.38330078125,4152.980676529255,4064.9937977892287,4135.38330078125,621100
2023-04-10,4232.16796875,4232.16796875,4117.785050675676,4170.577166709979,306700
2023-04-11,4038.597900390625,4267.363794530399,4021.0005239183347,4249.766418058109,1529800
2023-04-12,4152.98046875,4196.9739059189615,4038.597532110699,4108.987031581038,595500
2023-04-13,4126.58447265625,4152.98053538113,4100.18840993137,4152.98053538113,250600
2023-04-14,4135.38330078125,4188.175428025266,4108.987237159242,4126.584612907247,734400
2023-04-17,4117.7861328125,4284.961210854033,4091.3900678585737,4135.383509448451,661800
2023-04-18,4207.1083984375,4251.769846403928,4108.853212911359,4135.650081691216,344200
2023-04-26,4242.837890625,4242.837890625,4135.650407072369,4207.10872944079,645700
2023-04-27,4171.37890625,4242.837217277837,4135.649750736081,4242.837217277837,1720600
2023-04-28,4242.837890625,4242.837890625,4144.582697368422,4180.311858552632,579600
2023-05-02,4171.37890625,4287.498661670235,4171.37890625,4242.837217277837,1489000
2023-05-03,4162.447265625,4233.905587781653,4073.124362929185,4189.244136433745,420100
2023-05-04,4117.78564453125,4171.379383939466,4090.988774827142,4162.447094038096,381700
2023-05-05,3912.34326171875,4144.582816067352,3903.4109711668807,4135.6505255154825,1179200
2023-05-08,3858.749267578125,3983.801327175564,3823.020107693142,3912.3430074055987,2213300
2023-05-09,3885.54638671875,3974.8692921605602,3840.8849339978447,3894.478677262931,2850300
2023-05-10,3849.81689453125,3939.139792316198,3796.223155860281,3921.2752127592084,3303600
2023-05-11,3742.629638671875,3903.410864199545,3689.0358968293185,3849.8171223569884,4068000
2023-05-12,3831.95263671875,3885.5463798896412,3724.7651503769666,3733.6974409054487,2404800
2023-05-15,3983.80126953125,3992.7335593732487,3849.8169219012752,3885.5460812692686,865500
2023-05-16,4010.5986328125,4090.9892512875836,3930.2080143374164,4001.666341870824,732300
2023-05-17,3831.95263671875,4019.5307378168704,3805.155765133304,3992.7338662314246,2329600
2023-05-19,3885.54638671875,3903.410967807112,3831.9526434536638,3831.9526434536638,781400
2023-05-22,3930.20751953125,3974.8689686168327,3885.5460704456677,3885.5460704456677,154300
2023-05-23,3912.34326171875,3965.937005029966,3903.4109711668807,3930.2078428224886,94900
2023-05-24,3930.20751953125,3974.8689686168327,3858.7492009943185,3921.2752297141337,352500
2023-05-25,3930.20751953125,3992.7335482510657,3876.6137806285515,3930.20751953125,861900
2023-05-26,3921.275146484375,3930.207436111902,3885.545987974267,3930.207436111902,224600
2023-05-29,3876.614013671875,3921.2754654422884,3840.8848522555445,3921.2754654422884,355100
2023-05-30,3823.02001953125,3885.5460478880696,3769.4262809396905,3867.6814683575494,1062800
2023-05-31,3867.681884765625,3974.869373488922,3805.1558496770353,3823.020431130918,4996500
2023-06-05,3867.681884765625,3965.9370827619805,3840.885012584801,3867.681884765625,668900
2023-06-06,3903.41064453125,3957.004383357766,3867.681485313573,3876.613775117992,599400
2023-06-07,4064.191650390625,4064.191650390625,3903.410442243304,3903.410442243304,1352000
2023-06-08,3974.869140625,4064.1920426615166,3930.2076896067415,4046.327462254213,1282800
2023-06-09,3957.0048828125,4019.5309193354965,3921.2757190850734,3992.7340465399266,106600
2023-06-12,3930.20751953125,4010.5981278852987,3912.3429398970175,3957.0043889825997,141100
2023-06-13,3858.749267578125,3939.139877319336,3840.8846876356333,3939.139877319336,648000
2023-06-14,3840.884521484375,3885.545969408612,3831.9522318995278,3867.681390238917,1021400
2023-06-15,3840.884521484375,3876.6136798237644,3814.087652729833,3876.6136798237644,330000
2023-06-16,3796.223388671875,3885.546291934743,3796.223388671875,3840.884840303309,2396200
2023-06-19,3814.088134765625,3858.749588334309,3805.1558440518884,3831.9527161930987,225400
2023-06-20,3805.155517578125,3840.884677367591,3760.4940678412927,3814.0878075254914,708300
2023-06-21,3849.81689453125,3858.749184309745,3805.155445638776,3805.155445638776,343100
2023-06-22,3796.223388671875,3849.817130629596,3778.3588080193017,3849.817130629596,274200
2023-06-23,3706.900390625,3796.2232916039156,3706.900390625,3787.2910015060243,1485800
2023-06-26,3787.290771484375,3796.223061039763,3724.7647445966613,3760.493902818212,369900
2023-06-27,3742.629638671875,3805.1556708215244,3742.629638671875,3796.223380514432,326900
2023-07-03,3760.493896484375,3796.2230546457467,3742.629317403689,3742.629317403689,499600
2023-07-04,3787.290771484375,3814.087640150538,3760.493902818212,3760.493902818212,234500
2023-07-05,3796.223388671875,3858.749420955882,3787.291098345588,3823.020259650735,814100
2023-07-06,3787.290771484375,3823.0199297059257,3751.5616132628243,3823.0199297059257,371900
2023-07-07,3849.81689453125,3858.749184309745,3787.2908660817866,3787.2908660817866,623000
2023-07-10,3876.614013671875,3876.614013671875,3796.223400485131,3840.8848522555445,796100
2023-07-11,3867.681884765625,3885.546466219508,3769.42668676927,3876.6141754925666,1098500
2023-07-12,3858.749267578125,3867.6815575493706,3796.2232377794053,3867.6815575493706,341000
2023-07-13,3751.56201171875,3858.749497767857,3751.56201171875,3858.749497767857,734100
2023-07-14,3814.088134765625,3814.088134765625,3751.5620997694673,3760.494390483204,400200
2023-07-17,3751.56201171875,3814.0880452473957,3742.629721214658,3796.2234642392114,1674500
2023-07-18,3724.76513671875,3814.088041676034,3706.9005557272935,3787.2911701888493,616000
2023-07-20,3760.493896484375,3769.426186024718,3724.7647383230033,3724.7647383230033,374600
2023-07-21,3733.697265625,3769.426426061603,3724.7649755158495,3769.426426061603,477900
2023-07-24,3635.442138671875,3742.62962187596,3626.5098484048676,3733.6973316089525,1355600
2023-07-25,3617.57763671875,3671.171379484954,3572.91618441358,3635.442217640818,2485900
2023-07-26,3572.916015625,3626.509755859375,3546.119145507813,3626.509755859375,2327800
2023-07-27,3528.2548828125,3572.9163370253164,3501.45801028481,3572.9163370253164,1398200
2023-07-28,3483.59326171875,3590.7807466947115,3483.59326171875,3528.2547137920674,5134200
2023-07-31,3760.493896484375,3769.426186024718,3492.525210274087,3492.525210274087,4516100
2023-08-01,3662.239013671875,3796.223367830602,3537.1869497903963,3751.5619164443597,1041300
2023-08-02,3706.900390625,3787.2910015060243,3653.306650037651,3680.1035203313254,1070800
2023-08-03,3724.76513671875,3787.2911701888493,3671.1713937443797,3706.9005557272935,1013500
2023-08-04,3706.900390625,3796.2232916039156,3653.306650037651,3742.6295510165664,1241700
2023-08-07,3733.697265625,3796.223296389055,3689.0358150792463,3689.0358150792463,570100
2023-08-08,3724.76513671875,3787.2911701888493,3724.76513671875,3733.6974272144785,570300
2023-08-09,3760.493896484375,3814.0876337264326,3715.8324487826603,3742.629317403689,701500
2023-08-10,3680.103515625,3760.494126403216,3662.238935452063,3760.494126403216,570100
2023-08-11,3644.374267578125,3680.103427064185,3626.509687835095,3680.103427064185,1211600
2023-08-14,3671.171142578125,3671.171142578125,3581.8482437319417,3644.37427292427,546800
2023-08-15,3572.916015625,3671.1712060546874,3546.119145507813,3626.509755859375,1374200
2023-08-16,3581.84814453125,3617.5773030801897,3563.98356525678,3581.84814453125,201800
2023-08-18,3555.05126953125,3581.8481383970634,3546.118979909312,3581.8481383970634,1120600
2023-08-21,3572.916015625,3626.509755859375,3537.1868554687503,3555.0514355468754,1700000
2023-08-22,3635.442138671875,3662.239009472896,3572.9161068028257,3572.9161068028257,798800
2023-08-23,3626.509765625,3671.171215940579,3590.7806053725367,3635.4420556881155,430000
2023-08-24,3608.64501953125,3662.2387574450804,3599.712729878945,3626.5095988358603,380900
2023-08-25,3555.05126953125,3617.577296884815,3546.118979909312,3599.7127176409394,664600
2023-08-28,3563.983642578125,3563.983642578125,3492.525323929942,3555.051352747102,1408600
2023-08-29,3519.322021484375,3572.9157578521576,3519.322021484375,3572.9157578521576,2716600
2023-08-30,3563.983642578125,3581.848222240171,3528.2544832540334,3537.1867730850563,2291700
2023-08-31,3590.78076171875,3626.5099235268967,3492.5255667463466,3572.916180814677,19513900
2023-09-01,3644.374267578125,3662.238847321155,3581.8482384775198,3608.645108092065,1010700
2023-09-04,3528.2548828125,3653.3069546083857,3510.3903011273733,3644.374663765823,1075400
2023-09-05,3349.60888671875,3572.9161458333333,3322.8120156249997,3546.119274739583,3491400
2023-09-06,3304.947265625,3367.473294974662,3153.098337204392,3367.473294974662,20079700
2023-09-07,3313.879638671875,3394.270249852594,3304.947348540684,3313.879638671875,2250100
2023-09-08,3367.473388671875,3412.1348394500164,3313.8796477381047,3313.8796477381047,1688900
2023-09-11,3492.525390625,3546.119130634591,3367.4733306026214,3367.4733306026214,2265900
2023-09-12,3492.525390625,3501.457680626598,3412.1347806106137,3492.525390625,1106200
2023-09-13,3465.728515625,3546.119125523518,3447.8639356475514,3492.525385591173,990400
2023-09-14,3474.660888671875,3519.3223396830817,3447.864018065151,3465.7285984696337,190700
2023-09-15,3438.931640625,3492.525380478896,3403.2024807224025,3492.525380478896,1764900
2023-09-18,3438.931640625,3465.7285105519477,3385.3379007711037,3438.931640625,2958900
2023-09-19,3483.59326171875,3501.457842548077,3438.9318096454326,3438.9318096454326,886000
2023-09-20,3438.931640625,3501.457670454545,3438.931640625,3483.5930905032465,955600
2023-09-21,3456.79638671875,3483.593257933624,3421.067225098918,3438.9318059088337,788200
2023-09-22,3447.86376953125,3501.4575068814765,3447.86376953125,3465.7283486479923,369000
2023-09-25,3447.86376953125,3483.592927764734,3412.1346112977653,3447.86376953125,1120800
2023-09-26,3483.59326171875,3492.5255521334134,3447.8641000600965,3474.6609713040866,354200
2023-09-27,3474.660888671875,3501.457759278599,3429.9994376606683,3483.5931788741163,519200
2023-09-29,3546.119384765625,3572.916256690806,3429.999606423174,3465.728768990082,532000
2023-10-02,3483.59326171875,3563.9838754507214,3483.59326171875,3546.119294621394,160300
2023-10-03,3483.59326171875,3510.3901329627406,3412.1349384014425,3483.59326171875,1212100
2023-10-04,3421.067138671875,3474.6608797476742,3394.270268133975,3456.7962993890746,2016900
2023-10-05,3429.999267578125,3474.6607163747153,3394.270108540853,3412.134688059489,2414600
2023-10-06,3403.20263671875,3438.931798259104,3394.2703463336616,3429.9995078740158,671300
2023-10-09,3394.270263671875,3438.931714509663,3349.608812834087,3403.2025538394328,3452700
2023-10-10,3304.947265625,3456.7961940456084,3269.218105996622,3385.3378747888514,1726300
2023-10-11,3349.60888671875,3376.4057578125,3278.150563802083,3304.9474348958333,2323000
2023-10-12,3313.879638671875,3358.54108932783,3296.0150584094927,3349.608799196639,3306600
2023-10-13,3483.59326171875,3572.9161658653848,3296.0151630108176,3296.0151630108176,6098600
2023-10-16,3528.2548828125,3599.713209553006,3429.9996835443035,3492.5257194422466,990200
2023-10-17,3751.56201171875,3858.749497767857,3537.187039620536,3555.0516206287202,4728700
2023-10-18,3697.9677734375,3796.2229558235204,3644.3740375905795,3769.4260879000603,6281100
2023-10-19,3751.56201171875,3751.56201171875,3626.509944661458,3697.9682686941965,1259600
2023-10-20,3617.57763671875,3742.629703173225,3617.57763671875,3733.697412712191,435000
2023-10-23,3519.322021484375,3662.2386517984614,3483.5928639058534,3617.5772048253093,741600
2023-10-24,3572.916015625,3599.7128857421876,3465.72853515625,3519.3222753906252,755800
2023-10-25,3590.78076171875,3599.713052170787,3519.3224381024565,3581.8484712667137,381800
2023-10-26,3403.20263671875,3581.8484444205214,3376.4057655634842,3581.8484444205214,2162600
2023-10-27,3313.879638671875,3465.7285709021226,3269.2181880159196,3403.2025399837853,8467100
2023-10-30,3313.879638671875,3376.4056695902123,3296.0150584094927,3331.744218934257,11948200
2023-10-31,3376.405517578125,3394.2700970362102,3313.879489474826,3313.879489474826,1786000
2023-11-01,3349.60888671875,3385.3380481770832,3313.8797252604163,3385.3380481770832,742900
2023-11-02,3421.067138671875,3438.9317190304746,3340.6765270581755,3349.6088172374753,4849000
2023-11-03,3367.473388671875,3421.067129605645,3331.7442280493615,3421.067129605645,1807900
2023-11-06,3367.473388671875,3412.1348394500164,3358.5410985162466,3358.5410985162466,1462000
2023-11-07,3313.879638671875,3367.473379459021,3304.947348540684,3367.473379459021,1450000
2023-11-08,3269.218017578125,3322.8117555712092,3269.218017578125,3296.014886574667,1646200
2023-11-09,3313.879638671875,3340.676509065448,3233.4890274911554,3269.2181880159196,909500
2023-11-10,3376.405517578125,3394.2700970362102,3304.9471997457836,3313.879489474826,595100
2023-11-13,3394.270263671875,3438.931714509663,3349.608812834087,3394.270263671875,465900
2023-11-14,3403.20263671875,3438.931798259104,3349.6088944082185,3394.2703463336616,211200
2023-11-15,3403.20263671875,3519.3224117249015,3367.473475178396,3376.4057655634842,1389100
2023-11-16,3376.405517578125,3412.1346764942955,3349.6086483909967,3394.2700970362102,348900
2023-11-17,3349.60888671875,3385.3380481770832,3349.60888671875,3385.3380481770832,539000
2023-11-20,3367.473388671875,3412.1348394500164,3340.67651820499,3358.5410985162466,387700
2023-11-21,3322.811767578125,3376.405505764869,3322.811767578125,3376.405505764869,612300
2023-11-22,3349.60888671875,3367.4734674479164,3322.8120156249997,3322.8120156249997,1719500
2023-11-23,3340.676513671875,3385.3379643894136,3322.81193338486,3349.6088038153825,346800
2023-11-24,3260.285888671875,3340.676499625428,3242.421308459974,3340.676499625428,2214800
2023-11-27,3215.62451171875,3287.082834201389,3170.9630601671006,3287.082834201389,1881500
2023-11-28,3304.947265625,3331.744135346284,3215.624366554054,3215.624366554054,1619100
2023-11-29,3179.895263671875,3304.9473246027915,3170.9629736053807,3304.9473246027915,1806800
2023-11-30,3197.759765625,3269.218084409916,3144.166026536313,3188.8274757768854,1540000
2023-12-01,3206.692138671875,3251.3535890712046,3170.962978352411,3233.489008911473,1911800
2023-12-04,3170.963134765625,3206.692296847491,3144.1662632042253,3206.692296847491,1217600
2023-12-05,3278.150390625,3304.9472603031336,3179.8952018051773,3188.827491697888,2409400
2023-12-06,3394.270263671875,3537.186906352796,3215.6244603207238,3278.1504914936268,6170800
2023-12-07,3394.270263671875,3456.796294844778,3304.9473619962996,3438.931714509663,2376600
2023-12-08,3438.931640625,3492.525380478896,3376.4056107954543,3438.931640625,3387700
2023-12-11,3537.186767578125,3563.9836370294747,3394.2701305042615,3447.8638694069605,4271000
2023-12-12,3590.78076171875,3617.5776330748604,3555.0515999106033,3555.0515999106033,4493700
2023-12-13,3742.629638671875,3796.223380514432,3599.7129937583904,3599.7129937583904,11709600
2023-12-14,3751.56201171875,3796.2234642392114,3644.374525669643,3742.629721214658,4734000
2023-12-15,3706.900390625,3778.3587114081324,3671.171230233434,3751.561841114458,1997500
2023-12-18,3608.64501953125,3751.5616539681314,3572.91586092203,3751.5616539681314,1266900
2023-12-19,3563.983642578125,3653.3065408883535,3546.119062916079,3608.645091733239,825700
2023-12-20,3519.322021484375,3626.50949421994,3501.4574426951144,3555.0511790628966,2451100
2023-12-21,3447.86376953125,3617.577271140301,3412.1346112977653,3555.051244231703,1389400
2023-12-22,3456.79638671875,3465.7286771237077,3394.2703538840437,3394.2703538840437,1006800
2023-12-27,3563.983642578125,3608.645091733239,3438.931584943805,3438.931584943805,2430200
2023-12-28,3563.983642578125,3617.577381564262,3555.051352747102,3572.915932409148,3459000
2023-12-29,3581.84814453125,3581.84814453125,3537.186696345075,3563.98356525678,1888800
2024-01-02,3563.983642578125,3635.4419612263077,3537.1867730850563,3581.848222240171,1469900
2024-01-03,3572.916015625,3635.4420458984378,3456.7962451171875,3563.9837255859375,2353200
2024-01-04,3626.509765625,3689.0357960668102,3528.2545749307264,3572.9160252463053,972000
2024-01-05,3662.239013671875,3715.832755335366,3599.7129817311356,3715.832755335366,1492900
2024-01-08,3572.916015625,3635.4420458984378,3519.3222753906252,3635.4420458984378,1254900
2024-01-09,3644.374267578125,3706.9002966787302,3563.98365873449,3572.915948606005,2197700
2024-01-10,3644.374267578125,3662.238847321155,3572.915948606005,3644.374267578125,515800
2024-01-11,3572.916015625,3644.3743359375003,3546.119145507813,3644.3743359375003,1572600
2024-01-12,3492.525390625,3572.916000639386,3474.6608106218027,3572.916000639386,1275400
2024-01-15,3492.525390625,3492.525390625,3492.525390625,3492.525390625,0
2024-01-16,3581.84814453125,3671.1710409036,3465.7283792471944,3483.5929585216645,1632100
2024-01-17,3724.76513671875,3840.8849131632196,3581.8484887870954,3581.8484887870954,3144000
2024-01-18,3671.171142578125,3769.4263313089264,3671.171142578125,3742.6294616550713,491900
2024-01-19,3644.374267578125,3706.9002966787302,3572.915948606005,3671.17113719267,238200
2024-01-22,3742.629638671875,3760.494219286061,3644.3744452938545,3644.3744452938545,927300
2024-01-23,3635.442138671875,3769.426492676981,3635.442138671875,3706.9004608079313,944600
2024-01-24,3644.374267578125,3706.9002966787302,3635.44197770661,3706.9002966787302,140200
2024-01-25,3635.442138671875,3662.239009472896,3617.5775581378607,3653.306719205889,142100
2024-01-26,3608.64501953125,3706.900205706606,3572.91586092203,3644.37417814047,214300
2024-01-29,3608.64501953125,3680.1033367496907,3572.91586092203,3608.64501953125,587000
2024-01-30,3590.78076171875,3653.306794883007,3537.18701900653,3617.5776330748604,340100
2024-01-31,3751.56201171875,3751.56201171875,3215.624581473214,3215.624581473214,797300
2024-02-01,3626.509765625,3751.5618265086205,3608.645185498768,3751.5618265086205,669000
2024-02-02,3555.05126953125,3680.1033242383796,3546.118979909312,3626.509586506753,1400100
2024-02-05,3528.2548828125,3590.780918710443,3456.7965560719936,3537.1871736550634,1286300
2024-02-06,3537.186767578125,3724.7648537375712,3438.9315795898438,3528.2544777610087,2984300
2024-02-07,3608.64501953125,3644.37417814047,3563.9835712697245,3572.91586092203,405600
2024-02-12,3671.171142578125,3706.900302116598,3590.78053361656,3608.645113385797,757100
2024-02-13,3617.57763671875,3662.23908902392,3608.645346257716,3662.23908902392,316200
2024-02-15,3787.290771484375,3858.7490879274765,3680.103296819723,3680.103296819723,6956700
2024-02-16,3805.155517578125,3849.8169673149573,3724.7649080518268,3796.2232276307586,2891900
2024-02-19,3617.57763671875,3814.088026861497,3617.57763671875,3814.088026861497,3823900
2024-02-20,3760.493896484375,3805.1553441860897,3644.374132459917,3662.2387115406027,1474600
2024-02-21,3706.900390625,3796.2232916039156,3697.9681005271086,3751.561841114458,962800
2024-02-22,3706.900390625,3769.426421310241,3697.9681005271086,3706.900390625,1692600
2024-02-23,3814.088134765625,3814.088134765625,3617.577739063415,3751.5620997694673,1613000
2024-02-26,3671.171142578125,3769.4263313089264,3671.171142578125,3769.4263313089264,1487000
2024-02-27,3689.035888671875,3715.8327595338983,3662.2390178098517,3671.1713080971927,1071000
2024-02-28,3796.223388671875,3867.681711282169,3697.9681950827207,3697.9681950827207,2561700
2024-02-29,3769.4267578125,3876.6142485559835,3733.697594231339,3796.2236304983708,772800
2024-03-01,3778.358642578125,3876.6138318650264,3751.561772772606,3769.426352642952,558700
2024-03-04,3733.697265625,3858.7493271531102,3689.0358150792463,3769.426426061603,1032300
2024-03-05,3733.697265625,3796.223296389055,3715.8326854066986,3742.629555734151,61000
2024-03-06,3760.493896484375,3778.358475565061,3537.1866579758016,3733.697027863346,1440000
2024-03-07,3930.20751953125,3930.20751953125,3715.832563920455,3769.4263028231535,3788500
2024-03-08,4108.853515625,4180.31183763587,3921.2754203464674,3921.2754203464674,9797500
2024-03-13,4001.666015625,4108.853498186384,3939.1399841308594,4108.853498186384,4118100
2024-03-14,4001.666015625,4099.921207972935,3849.8170819963725,4001.666015625,3527300
2024-03-15,3983.80126953125,4037.3950085832403,3885.5460812692686,3992.7335593732487,2853000
2024-03-18,3903.41064453125,4001.665832379863,3867.681485313573,3992.7335425754436,3403200
2024-03-19,4046.32763671875,4046.32763671875,3840.8849531767387,3903.4109872982203,1617100
2024-03-20,4108.853515625,4108.853515625,3965.936871603261,4046.327483865489,1004500
2024-03-21,4073.124267578125,4144.582588061951,4055.259687457168,4099.92113775956,592500
2024-03-22,4153.5146484375,4153.5146484375,4090.988621471774,4099.920911038306,2068600
2024-03-25,4153.5146484375,4153.5146484375,4153.5146484375,4153.5146484375,0
2024-03-26,4153.5146484375,4153.5146484375,4153.5146484375,4153.5146484375,0
2024-03-27,4233.9052734375,4278.566721469541,4189.243825405459,4189.243825405459,3503900
2024-03-28,4376.82177734375,4376.82177734375,4233.9051478794645,4233.9051478794645,3300100
2024-04-01,4421.4833984375,4466.144846906565,4341.092791193182,4376.821949968435,1998600
2024-04-02,4367.89013671875,4577.798967419958,4287.499520705522,4421.483880727569,4657900
2024-04-03,4510.806640625,4555.468092512376,4350.025413830445,4367.8899945853955,1232700
2024-04-04,4466.14501953125,4533.137194824219,4385.754409179688,4510.806469726563,2165800
2024-04-05,4510.806640625,4555.468092512376,4439.348317605198,4466.145188737623,2889100
2024-04-16,4385.75390625,4510.805952456721,4341.092461176171,4466.144507382892,2913600
2024-04-17,4251.77001953125,4430.415818671218,4207.108569746258,4376.822078929228,3595200
2024-04-18,4466.14501953125,4734.113720703125,4278.566928710938,4278.566928710938,8441000
2024-04-19,4430.416015625,4533.137354696951,4350.025402438256,4510.806628811744,1049300
2024-04-22,4555.46826171875,4600.129715265012,4403.619319661459,4457.213063916973,1650400
2024-04-23,4448.28076171875,4577.798976668392,4421.483889660203,4577.798976668392,1628600
2024-04-24,4457.212890625,4510.806632796844,4439.348309901052,4457.212890625,572300
2024-04-25,4457.212890625,4488.475906891909,4385.754567729208,4457.212890625,1087700
2024-04-26,4457.212890625,4488.475906891909,4412.5514388151305,4457.212890625,615600
2024-04-29,4421.4833984375,4466.144846906565,4278.56676333649,4466.144846906565,1795800
2024-04-30,4448.28076171875,4510.806796522026,4412.5515989740215,4421.483889660203,735000
2024-05-02,4430.416015625,4457.212886687248,4332.160821730091,4430.416015625,703300
2024-05-03,4376.82177734375,4448.280092075893,4314.295751953125,4430.415513392857,2073100
2024-05-06,4385.75390625,4439.347640338595,4296.431016102342,4376.821617235234,2636900
2024-05-07,4449.4482421875,4476.745470667178,4385.754709068252,4440.349166027608,1428800
2024-05-08,4458.546875,4504.04225127551,4413.05149872449,4458.546875,331100
2024-05-13,4476.74560546875,4504.042834770388,4258.36777105564,4467.646529034871,813000
2024-05-14,4617.78076171875,4845.257646532481,4431.24971617149,4476.745093134236,2684200
2024-05-15,4640.52880859375,4686.024189070159,4572.285737879136,4617.781118355545,1198400
2024-05-16,4686.02392578125,4686.02392578125,4494.943338516383,4640.528547861043,1500600
2024-05-17,4531.33984375,4777.014895519578,4531.33984375,4686.02413560492,812700
2024-05-20,4504.04248046875,4595.033237649936,4422.150799005682,4531.339707623106,2220400
2024-05-21,4617.78076171875,4640.528450200123,4513.141394704433,4513.141394704433,1596100
2024-05-22,4640.52880859375,4686.024189070159,4549.538047640932,4617.781118355545,1044800
2024-05-27,4540.43896484375,4640.5288017441135,4513.141736598197,4640.5288017441135,399100
2024-05-28,4572.28515625,4640.528218283582,4513.141169154229,4540.438393967662,667900
2024-05-29,4440.3486328125,4617.780596623656,4431.249557745262,4572.285221287461,563600
2024-05-30,4640.52880859375,4640.52880859375,4276.5657647824755,4440.349134497549,3037000
2024-05-31,4504.04248046875,4640.52861624053,4494.943404750631,4640.52861624053,1086200
2024-06-03,4504.04248046875,4572.28554835464,4458.547101878156,4549.537859059344,363400
2024-06-04,4540.43896484375,4572.28573113023,4485.844508352643,4531.339888761899,1110100
2024-06-05,4476.74560546875,4549.538216939786,4349.358535394435,4540.439140505907,1888000
2024-06-06,4494.943359375,4595.033191263917,4422.150754364879,4476.745208122469,1484000
2024-06-07,4467.64599609375,4504.042297487589,4422.1506193514515,4467.64599609375,801000
2024-06-10,4531.33984375,4686.02413560492,4458.547235818273,4467.646311809739,1766900
2024-06-11,4531.33984375,4549.537995732931,4513.141691767069,4540.438919741466,1521600
2024-06-12,4458.546875,4549.53762755102,4394.853348214286,4494.943176020408,1408100
2024-06-13,4449.4482421875,4504.042699146856,4385.754709068252,4449.4482421875,2399000
2024-06-14,4549.53759765625,4617.780661621094,4413.051469726563,4458.546845703126,3481900
2024-06-19,4549.53759765625,4640.528349609375,4513.141296875,4549.53759765625,1164100
2024-06-20,4494.943359375,4663.276258460905,4458.547056869939,4549.537813132591,1986000
2024-06-21,4595.033203125,4663.276270498143,4494.943370977722,4494.943370977722,2245600
2024-06-24,4549.53759765625,4595.032973632813,4494.943146484376,4595.032973632813,463300
2024-06-25,4476.74560546875,4549.538216939786,4476.74560546875,4540.439140505907,706700
2024-06-26,4504.04248046875,4549.537859059344,4476.745253314394,4476.745253314394,448900
2024-06-27,4504.04248046875,4522.240631904987,4494.943404750631,4504.04248046875,142800
2024-06-28,4549.53759765625,4549.53759765625,4413.051469726563,4485.844071289062,822900
2024-07-01,4513.1416015625,4572.2855943249115,4440.348995085686,4572.2855943249115,3106400
2024-07-02,4504.04248046875,4513.141556186869,4467.646177596275,4504.04248046875,1843600
2024-07-03,4476.74560546875,4522.240987638148,4449.448376167111,4522.240987638148,2078500
2024-07-04,4458.546875,4504.04225127551,4440.348724489796,4476.745025510204,1974000
2024-07-05,4458.546875,4467.6459502551015,4367.556122448979,4458.546875,3545700
2024-07-08,4531.33984375,4540.438919741466,4449.448159826808,4458.547235818273,1921700
2024-07-09,4549.53759765625,4549.53759765625,4494.943146484376,4522.240372070312,2503500
2024-07-10,4549.53759765625,4549.53759765625,4504.042221679688,4549.53759765625,1275500
2024-07-11,4640.52880859375,4640.52880859375,4513.141743259804,4540.438971545649,2487700
2024-07-12,4504.04248046875,4686.023994831124,4504.04248046875,4686.023994831124,1751800
2024-07-15,4449.4482421875,4522.240851466641,4431.250089867714,4513.141775306749,1781900
2024-07-16,4340.2587890625,4476.744914504717,4312.961563974057,4449.4476894162735,4403900
2024-07-17,4476.74560546875,4494.943758336509,4349.358535394435,4358.457611828316,1949800
2024-07-18,4540.43896484375,4572.28573113023,4476.745432270792,4476.745432270792,1701200
2024-07-19,4504.04248046875,4540.438783341225,4494.943404750631,4540.438783341225,309500
2024-07-22,4549.53759765625,4572.2852856445315,4504.042221679688,4504.042221679688,583100
2024-07-23,4572.28515625,4595.032843594528,4458.546719527363,4458.546719527363,1422000
2024-07-24,4504.04248046875,4572.28554835464,4440.348950441919,4572.28554835464,2694800
2024-07-25,4449.4482421875,4504.042699146856,4422.151013707822,4504.042699146856,1366400
2024-07-26,4549.53759765625,4572.2852856445315,4476.74499609375,4494.943146484376,2406900
2024-07-29,4663.2763671875,4822.5101943597565,4595.03329839939,4640.528677591464,5853400
2024-07-30,4981.744140625,5049.98721104452,4549.538027968037,4663.276478667237,10582600
2024-07-31,4822.51025390625,5027.239462798497,4777.014874152417,5027.239462798497,3643800
2024-08-01,4822.51025390625,4890.753323536999,4799.762564029334,4822.51025390625,2854400
2024-08-02,4799.76220703125,4845.257583401215,4686.023766106339,4822.5098952162325,6414400
2024-08-05,4595.033203125,4890.753161741955,4467.646144028466,4731.519337871287,3020400
2024-08-06,4540.43896484375,4663.276491948742,4540.43896484375,4617.781111539485,1892700
2024-08-07,4572.28515625,4686.023592972637,4531.33931902985,4540.438393967662,4130100
2024-08-08,4708.771484375,4822.50992602657,4595.033042723429,4595.033042723429,2315900
2024-08-09,4777.0146484375,4822.510026041667,4686.023893229167,4731.519270833333,1684000
2024-08-12,4913.50048828125,4913.50048828125,4777.0143636067705,4777.0143636067705,4229200
2024-08-13,4913.50048828125,5004.491238064236,4845.257425944011,4981.743550618489,5636800
2024-08-14,4777.0146484375,4936.248470052083,4754.266959635416,4890.753092447916,4674900
2024-08-15,4777.0146484375,4845.257714843749,4663.276204427083,4822.510026041667,2111000
2024-08-16,4731.51904296875,4799.762106088492,4686.023667555589,4754.266730675331,2451800
2024-08-19,4708.771484375,4799.762237696255,4640.528419384058,4708.771484375,2770500
2024-08-20,4845.2578125,4868.005501760564,4640.52860915493,4708.77167693662,3716300
2024-08-21,4822.51025390625,4868.005633660083,4777.014874152417,4845.257943783166,1623800
2024-08-22,4754.2666015625,4799.761975740132,4686.0235402960525,4799.761975740132,2107300
2024-08-23,4845.2578125,4845.2578125,4686.023987676056,4754.267055457746,2980300
2024-08-26,4913.50048828125,4913.50048828125,4777.0143636067705,4845.257425944011,7247600
2024-08-27,4845.2578125,4913.50088028169,4845.2578125,4890.753191021126,3606600
2024-08-28,4822.51025390625,4913.501013413916,4754.267184275502,4845.257943783166,4025200
2024-08-29,4777.0146484375,4913.50078125,4731.519270833333,4822.510026041667,4706500
2024-08-30,4494.943359375,4890.753149117535,4494.943359375,4777.01470378922,28051600
2024-09-02,4686.02392578125,4777.014681621662,4513.141489684466,4522.240565268507,3700800
2024-09-03,4549.53759765625,4731.5191015625005,4549.53759765625,4731.5191015625005,2583200
2024-09-04,4686.02392578125,4754.266992661559,4549.537792020631,4549.537792020631,3598400
2024-09-05,4731.51904296875,4822.509793795072,4572.2852290226865,4686.023667555589,3291500
2024-09-06,4686.02392578125,4731.519303701456,4617.78085890094,4731.519303701456,1692200
2024-09-09,4640.52880859375,4708.771879308364,4572.285737879136,4686.024189070159,1581600
2024-09-10,4731.51904296875,4822.509793795072,4640.528292142428,4640.528292142428,2824800
2024-09-11,4890.7529296875,4913.500617732559,4708.771425327035,4731.519113372093,3920600
2024-09-12,4890.7529296875,4936.248305777616,4822.509865552325,4890.7529296875,3929200
2024-09-13,4868.00537109375,4936.248437043662,4822.5099937938085,4890.753059743721,3927600
2024-09-17,5004.49169921875,5186.473215553978,4845.257872425426,4868.005561967329,7747700
2024-09-18,4981.744140625,5027.23952090468,4890.753380065639,5027.23952090468,3575100
2024-09-19,4958.99609375,5004.4914707568805,4913.5007167431195,4981.74378225344,3832900
2024-09-20,4936.24853515625,5004.491602462557,4822.510089645737,5004.491602462557,54113300
2024-09-23,4936.24853515625,5004.491602462557,4845.257778747839,4958.996224258352,2920000
2024-09-24,4890.7529296875,5004.491369912791,4845.257553597384,4958.995993822675,1201400
2024-09-25,4890.7529296875,4890.7529296875,4845.257553597384,4868.005241642442,1145700
2024-09-26,5095.48193359375,5095.48193359375,4868.005061558315,4868.005061558315,4288600
2024-09-27,5231.96826171875,5345.706702190897,4981.743692680027,5095.482133152173,11092700
2024-09-30,5140.97802734375,5413.950311981472,5049.987265797843,5231.968788889657,3944800
2024-10-01,5027.2392578125,5140.977702559389,4958.996190964366,5095.482324660634,1867800
2024-10-02,4822.51025390625,5027.239462798497,4777.014874152417,5004.49177292158,5575400
2024-10-03,4868.00537109375,4913.5007483936915,4754.266927843896,4822.5099937938085,1440200
2024-10-04,4868.00537109375,4868.00537109375,4754.266927843896,4868.00537109375,2749200
2024-10-07,4958.99609375,4958.99609375,4754.266897219037,4868.005339736238,2605300
2024-10-08,4845.2578125,4958.996258802817,4822.510123239436,4958.996258802817,1236800
2024-10-09,4981.744140625,4981.744140625,4822.510309646119,4845.257999785958,1743800
2024-10-10,4913.50048828125,5004.491238064236,4890.752800835504,4981.743550618489,609500
2024-10-11,4868.00537109375,4958.996125693633,4845.257682443779,4913.5007483936915,639700
2024-10-14,4868.00537109375,4913.5007483936915,4822.5099937938085,4890.753059743721,195700
2024-10-15,4958.99609375,5072.734536267201,4845.257651232798,4890.753028239679,2120200
2024-10-16,5140.97802734375,5140.97802734375,4958.996504251936,4958.996504251936,5993400
2024-10-17,4958.99609375,5140.977601777523,4936.24840524656,5095.4822247706425,1984200
2024-10-18,5095.48193359375,5209.2203696114675,4958.995810372488,4981.7434975760325,3697700
2024-10-21,5027.2392578125,5186.473080458145,4981.743879913744,5140.977702559389,1754900
2024-10-22,5095.48193359375,5118.229620797293,4981.7434975760325,5027.23887198312,1678800
2024-10-23,5072.734375,5186.472813901345,5004.491311659192,5095.482062780269,1042200
2024-10-24,5118.22998046875,5140.977669270833,5049.9869140625,5095.482291666666,1681300
2024-10-25,4936.24853515625,5118.23004797307,4913.500846054148,5095.482358870968,603400
2024-10-28,5004.49169921875,5027.239388760653,4936.24863059304,4981.744009676847,897300
2024-10-29,5049.98681640625,5095.482193130631,4936.248374595299,4981.743751319679,1385600
2024-10-30,5049.98681640625,5095.482193130631,4936.248374595299,5049.98681640625,752700
2024-10-31,5186.47314453125,5186.47314453125,4981.743941457648,5027.239319918449,5385100
2024-11-01,5049.98681640625,5209.220634941582,5049.98681640625,5186.472946579392,2217400
2024-11-04,5004.49169921875,5118.2301469282675,5004.49169921875,5049.987078302557,427000
2024-11-05,5049.98681640625,5049.98681640625,4913.500686233108,5004.491439681869,745200
2024-11-06,5027.2392578125,5049.986946761878,4868.005435166855,5049.986946761878,659300
2024-11-07,4845.2578125,5027.239326584508,4845.2578125,4936.248569542254,1411300
2024-11-08,4981.744140625,5027.23952090468,4845.257999785958,4845.257999785958,401900
2024-11-11,4890.7529296875,5027.239057957849,4845.257553597384,4958.995993822675,3532800
2024-11-12,5049.98681640625,5049.98681640625,4890.752997870918,4913.500686233108,686200
2024-11-13,5027.2392578125,5072.734635711256,4913.500813065611,4958.996190964366,999600
2024-11-14,5072.734375,5072.734375,4958.995936098655,5027.238999439462,1026500
2024-11-15,5049.98681640625,5186.472946579392,4936.248374595299,5072.73450476844,1177000
2024-11-18,5072.734375,5095.482062780269,4958.995936098655,5049.986687219731,852100
2024-11-19,5004.49169921875,5095.482457386363,4981.744009676847,5072.73476784446,1312700
2024-11-20,4981.744140625,5049.98721104452,4936.248760345319,4958.99645048516,1577300
2024-11-21,4845.2578125,4981.74394806338,4845.2578125,4981.74394806338,734700
2024-11-22,4822.51025390625,4936.248703290831,4777.014874152417,4845.257943783166,1258400
2024-11-25,5004.49169921875,5004.49169921875,4822.510182883523,4822.510182883523,1207600
2024-11-26,4845.2578125,5027.239326584508,4845.2578125,5027.239326584508,934600
2024-11-28,4868.00537109375,4981.743814343604,4845.257682443779,4913.5007483936915,226300
2024-11-29,5095.48193359375,5095.48193359375,4890.752748761858,4913.500435965401,1490200
2024-12-02,5004.49169921875,5118.2301469282675,4981.744009676847,5095.482457386363,249600
2024-12-03,5004.49169921875,5095.482457386363,4958.996320134944,5072.73476784446,1282800
2024-12-04,4868.00537109375,5027.239191643545,4868.00537109375,4981.743814343604,1802900
2024-12-05,4981.744140625,5004.49183076484,4913.50107020548,4936.248760345319,1018100
2024-12-06,4890.7529296875,5004.491369912791,4890.7529296875,4981.743681867732,698100
2024-12-09,4936.24853515625,4958.996224258352,4868.005467849942,4913.500846054148,1237200
2024-12-10,4958.99609375,5004.4914707568805,4890.753028239679,4936.24840524656,2223100
2024-12-11,4799.76220703125,4958.996024326126,4777.014518846268,4913.500647956162,2607800
2024-12-12,4731.51904296875,4868.005169208233,4686.023667555589,4777.014418381911,2173900
2024-12-13,4708.771484375,4799.762237696255,4686.023796044686,4731.519172705313,1740100
2024-12-16,4549.53759765625,4731.5191015625005,4531.3394472656255,4708.771413574219,2121700
2024-12-17,4663.2763671875,4731.51943597561,4595.03329839939,4617.780987995427,1069600
2024-12-18,4595.033203125,4708.771648746906,4531.339673576733,4663.276270498143,1799200
2024-12-19,4549.53759765625,4640.528349609375,4504.042221679688,4595.032973632813,2611400
2024-12-20,4549.53759765625,4617.780661621094,4540.438522460938,4540.438522460938,1209500
2024-12-23,4513.1416015625,4595.033283848917,4504.042525752898,4549.537904800907,1473700
2024-12-24,4504.04248046875,4540.438783341225,4494.943404750631,4522.240631904987,309000
2024-12-27,4531.33984375,4549.537995732931,4449.448159826808,4513.141691767069,1632500
2024-12-30,4913.50048828125,4913.50048828125,4458.546739366319,4531.339339192708,1855300
2025-01-02,4476.74560546875,4731.519745617377,4476.74560546875,4731.519745617377,2830000
2025-01-03,4458.546875,4504.04225127551,4449.447799744898,4504.04225127551,2785600
2025-01-06,4549.53759765625,4549.53759765625,4422.150544921875,4467.645920898438,1073800
2025-01-07,4513.1416015625,4549.537904800907,4431.249919276083,4549.537904800907,1264300
2025-01-08,4522.240234375,4522.240234375,4403.952260437626,4504.042084538481,1316000
2025-01-09,4549.53759765625,4549.53759765625,4458.546845703126,4504.042221679688,592400
2025-01-10,4549.53759765625,4595.032973632813,4485.844071289062,4485.844071289062,356600
2025-01-13,4522.240234375,4549.537459129779,4458.546709947183,4549.537459129779,578000
2025-01-14,4185.57470703125,4422.150668733017,4094.5839525305705,4094.5839525305705,6542700
2025-01-15,4130.98046875,4221.971227973569,4049.0887854487887,4221.971227973569,3491000
2025-01-16,4149.1787109375,4185.5750154194075,4076.386101973684,4140.079634817022,5783400
2025-01-17,4158.27783203125,4276.565822876778,4140.079679593477,4149.178755812363,3668000
2025-01-20,4140.0791015625,4176.475401356456,4121.880951665522,4158.277251459478,5929100
2025-01-21,4240.16943359375,4267.466661707014,4094.5842169896728,4149.178673216202,3866000
2025-01-22,4322.06103515625,4422.150869654605,4231.070276521382,4240.169352384868,2188200
2025-01-23,4367.55615234375,4403.952453613281,4212.871871948242,4322.060775756836,1278200
2025-01-24,4385.75439453125,4394.853470038576,4312.96179047264,4367.5562435165975,312700
2025-01-30,4376.65478515625,4440.34830593815,4294.763115579522,4385.753859553664,1268600
2025-01-31,4467.64599609375,4549.537674229889,4349.358016563773,4385.754317957612,3631900
2025-02-03,4449.4482421875,4504.042699146856,4376.655632908359,4467.646394507286,2914900
2025-02-04,4595.033203125,4640.528581373762,4449.44799272896,4449.44799272896,925000
2025-02-05,4485.84423828125,4617.7808335248155,4467.646087213172,4617.7808335248155,1135500
2025-02-06,4467.64599609375,4522.240448184509,4431.249694699911,4504.042297487589,1160400
2025-02-07,4549.53759765625,4595.032973632813,4458.546845703126,4467.645920898438,692400
2025-02-10,4540.43896484375,4572.28573113023,4458.547280107089,4549.538040925601,602100
2025-02-11,4549.53759765625,4595.032973632813,4522.240372070312,4540.438522460938,736900
2025-02-12,4540.43896484375,4595.033421334858,4494.943584434494,4549.538040925601,2050900
2025-02-13,4549.53759765625,4595.032973632813,4458.546845703126,4572.2852856445315,603800
2025-02-14,4458.546875,4549.53762755102,4422.150573979592,4467.6459502551015,516400
2025-02-17,4367.55615234375,4458.546905517578,4276.565399169922,4449.447830200195,1064800
2025-02-18,4413.05126953125,4431.249419096327,4340.258671270941,4376.654970401095,695400
2025-02-19,4312.96142578125,4413.0512478985365,4249.267902615704,4413.0512478985365,2394400
2025-02-20,4276.5654296875,4312.961731216755,4203.772826628989,4312.961731216755,5125300
2025-02-21,4240.16943359375,4340.259270009054,4221.97128151824,4276.56573774477,5139700
2025-02-24,4185.57470703125,4267.466386081862,4140.0793297809105,4231.0700842815895,1805400
2025-02-25,4130.98046875,4203.773076128855,4049.0887854487887,4185.574924284141,3784400
2025-02-26,4003.593017578125,4149.178218217329,3948.998567338423,4130.980068137429,3497300
2025-02-27,3958.097900390625,4003.5932785560344,3885.30529532597,4003.5932785560344,2385100
2025-02-28,4149.1787109375,4149.1787109375,3839.810122841283,3948.999036287006,4656700
2025-03-03,4039.989501953125,4176.475633775865,4039.989501953125,4149.1784074113175,1581800
2025-03-04,3930.800537109375,4094.5838928222656,3894.4042358398438,4094.5838928222656,1149200
2025-03-05,4094.584228515625,4121.881456705729,3912.602707248264,3930.800859375,3042400
2025-03-06,4140.0791015625,4149.178176510989,4049.0883520776097,4094.583726820055,1446900
2025-03-07,4185.57470703125,4185.57470703125,4094.5839525305705,4140.0793297809105,480000
2025-03-10,4085.485107421875,4185.574943015729,4012.6924997172537,4185.574943015729,1555600
2025-03-11,4058.187744140625,4103.683122438166,3976.2960632050517,4058.187744140625,960900
2025-03-12,4012.6923828125,4094.584064094388,4012.6923828125,4058.1877613024376,454800
2025-03-13,4003.593017578125,4039.9893177379263,3958.0976423783736,4012.692092618075,383700
2025-03-14,3958.097900390625,4003.5932785560344,3958.097900390625,3985.3951272898707,234200
2025-03-17,3876.206298828125,3967.1970570165786,3867.1072230092796,3967.1970570165786,279900
2025-03-18,3803.41357421875,3903.5034051192433,3803.41357421875,3885.3052540464264,676000
2025-03-19,3666.927490234375,3803.4136251066225,3585.0358093110267,3803.4136251066225,2801900
2025-03-20,3666.927490234375,3703.3237928669746,3548.6395066784276,3685.125641550675,2921400
2025-03-21,3666.927490234375,3666.927490234375,3539.540431020278,3666.927490234375,6249700
2025-03-24,3666.927490234375,3748.8191711577238,3621.4321119436263,3666.927490234375,2060400
2025-03-25,3712.4228515625,3785.215456495098,3594.134868547028,3666.927473479626,635600
2025-03-26,3812.5126953125,3867.107149183323,3703.3237875708533,3712.42286321599,2030400
2025-03-27,4130.98046875,4130.98046875,3748.8192800110132,3867.107267001652,2847400
2025-04-08,3948.998779296875,4049.088610108547,3739.720042145197,3867.1070995418704,3069500
2025-04-09,3921.701416015625,4003.5930929161837,3839.809739115067,3939.8995664379713,2024200
2025-04-10,4039.989501953125,4158.277482866167,3921.7015210400828,4003.5932001337274,1321600
2025-04-11,3821.61181640625,4021.791482979911,3821.61181640625,4012.692407226563,713100
2025-04-14,3967.197265625,3967.197265625,3821.612044868119,3858.008350057339,693600
2025-04-15,3867.107177734375,3985.3951619944855,3867.107177734375,3967.1970105698533,405500
2025-04-16,3885.305419921875,3948.9989513960045,3839.8100402974974,3876.2063439969997,529500
2025-04-17,3839.81005859375,4003.593426021919,3839.81005859375,4003.593426021919,420500
2025-04-21,3748.819091796875,3876.2061483142447,3730.6209408658224,3848.9089219176653,1589100
2025-04-22,3757.918212890625,3803.413590770657,3730.6209861626057,3748.8191373146187,1944100
2025-04-23,4049.088623046875,4076.3858497191013,3757.9182052097963,3757.9182052097963,4105900
2025-04-24,4121.88134765625,4249.26840917322,4049.0887410751243,4103.6831960109685,2584700
2025-04-25,4240.16943359375,4276.56573774477,4149.178673216202,4149.178673216202,2439200
2025-04-28,4394.85302734375,4431.249325706845,4294.763206845238,4431.249325706845,2933200
2025-04-29,4441.80712890625,4507.542118128964,4366.681426937434,4507.542118128964,3026300
2025-04-30,4300.9462890625,4441.806975385508,4225.820589690229,4441.806975385508,5042000
2025-05-02,4225.82080078125,4310.3372167968755,4150.69509765625,4300.94650390625,2472800
2025-05-05,4216.43017578125,4272.774454299485,4150.695184176642,4272.774454299485,1821800
2025-05-06,4207.03955078125,4272.774543762207,4197.6488374982555,4216.430264064244,1577000
2025-05-07,4169.4765625,4225.820840371622,4169.4765625,4216.430127393018,1315600
2025-05-08,4160.0859375,4207.039503386005,4103.741658436795,4207.039503386005,2638100
2025-05-09,4131.91357421875,4160.085712224787,4094.3507235440343,4160.085712224787,622800
2025-05-14,4131.91357421875,4160.085712224787,4000.4435968572443,4131.91357421875,2134300
2025-05-15,4216.43017578125,4244.602315040367,4131.913758003898,4131.913758003898,1660700
2025-05-16,4225.82080078125,4244.602226562501,4141.304384765625,4225.82080078125,3112600
2025-05-19,4423.02587890625,4469.979444499735,4207.039477176221,4225.820903413614,5727700
2025-05-20,4338.50927734375,4451.197830002029,4253.992862850041,4432.416404558983,7820600
2025-05-21,4582.66748046875,4620.230328669314,4319.727543064805,4366.68110331551,6997700
2025-05-22,4676.57470703125,5070.984622082078,4479.369749505836,4582.6675844001,14353700
2025-05-23,4601.44873046875,4629.620865553253,4592.058018773916,4610.839442163584,2990900
2025-05-26,4507.5419921875,4601.449117024739,4423.025579833985,4601.449117024739,1568500
2025-05-27,4432.41650390625,4507.542207362288,4291.555809926178,4498.1514944302835,4876000
2025-05-28,4582.66748046875,4582.66748046875,4282.164694864242,4423.025375616355,9104000
2025-06-02,4366.68115234375,4573.276819766465,4319.72759156586,4573.276819766465,7809900
2025-06-03,4366.68115234375,4404.244000966062,4282.164742943549,4366.68115234375,1879200
2025-06-04,4526.32373046875,4545.105156736255,4347.9001809274505,4366.681607194956,3579300
2025-06-05,4507.5419921875,4545.104842122396,4423.025579833985,4526.323417154948,1819300
2025-06-10,4507.5419921875,4573.276979573568,4404.2441548665365,4507.5419921875,1680800
2025-06-11,4554.49560546875,4601.449168411727,4404.244204051224,4507.5420425257735,2749700
2025-06-12,4582.66748046875,4592.058192518891,4507.541784067623,4554.495344318328,2216800
2025-06-13,4488.7607421875,4582.667870685146,4441.807177938676,4582.667870685146,2250400
2025-06-16,4535.7138671875,4535.7138671875,4469.978883605072,4488.760307485766,1400300
2025-06-17,4535.7138671875,4582.667426889234,4498.151019426113,4545.104579127847,829700
2025-06-18,4535.7138671875,4620.230274650621,4432.416035843686,4573.276714948887,2085100
2025-06-19,4423.02587890625,4535.714436330613,4413.635165787553,4535.714436330613,992300
2025-06-20,4366.68115234375,4451.197561743952,4366.68115234375,4423.025425277217,9046900
2025-06-23,4253.99267578125,4404.244072718337,4253.99267578125,4347.899798866929,1815400
2025-06-24,4404.244140625,4451.197702891791,4272.774166277985,4272.774166277985,1682000
2025-06-25,4413.634765625,4451.197614694149,4366.681204288564,4423.025477892287,4342600
2025-06-26,4479.3701171875,4479.3701171875,4413.635125949948,4413.635125949948,960100
2025-06-30,4573.27734375,4629.621623139117,4451.198071740247,4498.151637897844,3328300
2025-07-01,4423.02587890625,4592.058715042795,4423.02587890625,4582.668001924098,392100
2025-07-02,4516.93310546875,4573.277385370647,4413.635258981939,4441.807398932887,1428500
2025-07-03,4545.10498046875,4582.667831547004,4498.151416620933,4516.932842160059,1379500
2025-07-04,4554.49560546875,4592.058455823131,4488.760617348583,4573.277030645941,1366400
2025-07-07,4441.80712890625,4554.495681859474,4423.025703414046,4498.151405382861,685900
2025-07-08,4413.634765625,4498.151176030586,4413.634765625,4441.806902426862,3375900
2025-07-09,4413.634765625,4498.151176030586,4413.634765625,4451.197614694149,1913900
2025-07-10,4432.41650390625,4460.588642702264,4394.853652178231,4460.588642702264,2050100
2025-07-11,4441.80712890625,4451.197841652352,4413.634990667943,4441.80712890625,1554500
2025-07-14,4413.634765625,4469.979039228723,4413.634765625,4441.806902426862,1851500
2025-07-15,4441.80712890625,4469.979267144556,4413.634990667943,4423.025703414046,2291700
2025-07-16,4366.68115234375,4441.806849588374,4357.290440188172,4441.806849588374,2962100
2025-07-17,4460.58837890625,4460.58837890625,4366.6812551398025,4366.6812551398025,840100
2025-07-18,4413.634765625,4479.369751496011,4413.634765625,4479.369751496011,756900
2025-07-21,4253.99267578125,4413.634785026904,4216.429826546979,4413.634785026904,6407800
2025-07-22,4319.7275390625,4319.7275390625,4207.038994565218,4253.992554772419,2734100
2025-07-23,4413.634765625,4413.634765625,4235.211232546543,4319.727642952128,1413300
2025-07-24,4319.7275390625,4366.681099269701,4291.555402938179,4338.50896314538,1031400
2025-07-25,4357.291015625,4357.291015625,4300.946735250539,4329.118875437769,1434000
2025-07-28,4460.58837890625,4516.932653166118,4329.118405633223,4338.509118009868,1901500
2025-07-29,4648.40234375,4695.355902777778,4507.541666666667,4507.541666666667,10783200
2025-07-30,4695.35595703125,4836.2166357421875,4601.448837890624,4667.1838212890625,7699600
2025-07-31,4685.9658203125,4789.263664046844,4629.621541911949,4695.3565333792585,2978300
2025-08-01,4742.31005859375,4859.69397093518,4676.57506768255,4685.965780669864,1998500
2025-08-04,4765.787109375,4859.694244535099,4718.833541794951,4742.3103255849755,1809500
2025-08-05,4718.83349609375,4812.740630344372,4657.793858830846,4789.263846781717,816800
2025-08-06,4789.263671875,4789.263671875,4657.79368872549,4718.833323759191,1683900
2025-08-07,4685.9658203125,4812.74044671374,4639.0122549787075,4812.74044671374,1766700
2025-08-08,4695.35595703125,4765.786296386718,4667.1838212890625,4695.35595703125,673300
2025-08-11,4695.35595703125,4742.309516601562,4667.1838212890625,4695.35595703125,602400
2025-08-12,4695.35595703125,4765.786296386718,4648.402397460937,4695.35595703125,496100
2025-08-13,4620.23095703125,4695.356663649644,4573.277390394754,4695.356663649644,589700
2025-08-14,4592.05859375,4639.012158103272,4592.05859375,4620.230732361963,1150100
2025-08-15,4657.7939453125,4685.966086110761,4592.058950116558,4601.449663715978,775000
2025-08-19,4582.66748046875,4742.309585321145,4554.495344318328,4695.35602507044,2771200
2025-08-20,4629.62109375,4667.1839423808315,4516.932547857506,4667.1839423808315,950300
2025-08-21,4573.27734375,4629.621623139117,4535.7144908239225,4629.621623139117,1175000
2025-08-22,4667.18408203125,4685.965506908639,4573.276957644303,4573.276957644303,839900
2025-08-25,4535.7138671875,4695.355970173396,4535.7138671875,4667.183834352355,1581100
2025-08-26,4601.44873046875,4676.574424027423,4535.7137486049105,4535.7137486049105,967800
2025-08-27,4601.44873046875,4657.7930006377555,4601.44873046875,4657.7930006377555,209000
2025-08-28,4516.93310546875,4657.793805223493,4479.370252200819,4657.793805223493,1713800
2025-08-29,4695.35595703125,4789.263076171875,4507.54171875,4507.54171875,3961700
2025-09-01,4563.88671875,4639.012426054526,4423.0260175540125,4629.62171264146,6463800
2025-09-02,4563.88671875,4582.668145576132,4516.9331516846705,4563.88671875,7626900
2025-09-03,4648.40234375,4657.793055555556,4545.104513888889,4563.8859375,926200
2025-09-04,4676.57470703125,4676.57470703125,4582.6675844001,4648.402570241905,374900
2025-09-08,4620.23095703125,4685.965950322345,4620.23095703125,4676.575236995045,276900
2025-09-09,4460.58837890625,4507.541940789473,4394.853392269737,4507.541940789473,9499000
2025-09-10,4516.93310546875,4592.058812004613,4385.46311903099,4441.807398932887,5542100
2025-09-11,4507.5419921875,4554.49555460612,4460.58842976888,4516.932704671224,895900
2025-09-12,4507.5419921875,4507.5419921875,4488.7605672200525,4507.5419921875,8417400
2025-09-15,4545.10498046875,4554.495693238314,4479.369991081805,4545.10498046875,872600
2025-09-16,4545.10498046875,4582.667831547004,4488.760703851369,4582.667831547004,518900
2025-09-17,4507.5419921875,4582.667692057292,4460.58842976888,4545.104842122396,1783900
2025-09-18,4526.32373046875,4554.4958698700075,4460.588738532481,4516.933017334997,967400
2025-09-19,4545.10498046875,4545.10498046875,4432.416427233988,4526.323554929623,1910400
2025-09-22,4535.7138671875,4601.448850769928,4507.541731366459,4545.104579127847,486400
2025-09-23,4507.5419921875,4545.104842122396,4507.5419921875,4535.714129638672,557900
2025-09-24,4516.93310546875,4563.886672053664,4460.588825566853,4507.542392151767,2192800
2025-09-25,4319.7275390625,4507.541779891305,4235.211130689539,4507.541779891305,2544100
2025-09-26,4329.11865234375,4432.416494373644,4150.695107019387,4357.2907910791755,7071900
2025-09-29,4310.33740234375,4338.509542228349,4272.774549164284,4319.728115638616,1508300
2025-09-30,4319.7275390625,4376.071811311142,4282.16469089674,4310.33682702106,2204100
2025-10-01,4197.6484375,4319.727698545861,4197.6484375,4319.727698545861,1582300
2025-10-02,4197.6484375,4244.601999440716,4094.350601230425,4207.039149888143,2138000
2025-10-03,4253.99267578125,4282.164812706954,4197.648401929843,4207.039114238411,766000
2025-10-06,4394.853515625,4413.634940905449,4300.946389222757,4319.727814503205,2217200
2025-10-07,4441.80712890625,4451.197841652352,4263.383586730311,4394.853565175739,1158600
2025-10-08,4394.853515625,4451.197791466346,4385.462802984775,4441.807078826122,436200
2025-10-09,4479.3701171875,4479.3701171875,4357.290847746332,4394.8536998820755,1085300
2025-10-10,4366.68115234375,4479.369698210686,4347.899728032594,4479.369698210686,920600
2025-10-13,4413.634765625,4469.979039228723,4329.118355219415,4366.681204288564,1568400
2025-10-14,4272.77392578125,4432.416028502747,4244.601790006868,4413.63460465316,1455700
2025-10-15,4695.35595703125,4695.35595703125,4225.820361328125,4319.7274804687495,7089300
2025-10-16,4765.787109375,4836.217460745073,4516.933201200739,4695.356758004926,8282400
2025-10-17,4695.35595703125,4836.2166357421875,4620.23026171875,4765.786296386718,3283000
2025-10-20,4839.091796875,4839.091796875,4695.356396967822,4743.268196936881,2491500
2025-10-21,4791.1796875,4815.1355859375,4724.103171875,4815.1355859375,3090300
2025-10-22,4791.1796875,4910.9591796875,4781.597328125,4791.1796875,1742100
2025-10-23,4934.91552734375,4982.827328580097,4839.091924871055,4839.091924871055,2149300
2025-10-24,4934.91552734375,4982.827328580097,4791.180123634708,4982.827328580097,2013500
2025-10-27,4910.95947265625,4958.871272389481,4815.135873189786,4934.915372522866,1337500
2025-10-28,4982.8271484375,5126.56254695012,4934.915348933293,4934.915348933293,3975100
2025-10-29,5054.69482421875,5150.518422782138,4982.827125296209,5030.738924577903,2208300
2025-10-30,5174.47412109375,5318.2095133463545,5102.606424967448,5126.562323676216,11461800
2025-10-31,5437.9892578125,5557.76875688326,5126.5625602285245,5270.297959113436,13738500
2025-11-03,5270.2978515625,5485.900945490057,5198.430153586648,5461.945046164773,4181000
2025-11-04,5294.25390625,5461.945206447964,5174.474406108598,5270.298006221719,11455600
2025-11-05,5749.416015625,5869.1955159505205,5318.209814453125,5318.209814453125,10382800
2025-11-06,5701.50390625,5893.15109637605,5629.636209952731,5749.415703781513,3990100
2025-11-07,5821.28369140625,5893.1513913001545,5677.548291618442,5701.504191583076,3876700
2025-11-10,5725.4599609375,5941.063055700837,5581.724564428609,5797.327659191946,5043100
2025-11-11,5749.416015625,5821.283715820312,5581.724715169271,5725.460115559896,2783500
2025-11-12,5773.37158203125,5917.106974115016,5653.592088628112,5797.327480711878,3554300
2025-11-13,5965.01904296875,6012.930842510667,5677.548245717244,5845.239544113956,5680400
2025-11-14,5845.23974609375,6012.931050284965,5797.32794489626,5965.019249087474,1174600
2025-11-17,6036.88671875,6180.622116815476,5749.415922619048,5845.239521329365,3272200
2025-11-18,5917.107421875,6132.71052631579,5869.195620888158,6132.71052631579,2566200
2025-11-19,5869.1953125,5965.018909438776,5701.504017857143,5893.151211734694,2242500
2025-11-20,5965.01904296875,5988.974942739709,5845.239544113956,5869.195443884914,2363400
2025-11-21,5653.591796875,5965.0184636520125,5629.635899430615,5965.0184636520125,3773800
2025-11-24,5749.416015625,5773.371915690104,5605.680615234375,5653.592415364583,2316800
2025-11-25,5701.50390625,5749.415703781513,5581.724412421218,5749.415703781513,3359200
2025-11-26,5653.591796875,5749.415386652542,5557.768207097458,5701.5035917637715,2147100
2025-11-27,5629.63671875,5629.63671875,5509.857214095745,5581.724916888298,1170500
2025-11-28,5941.0634765625,5941.0634765625,5509.857256489416,5629.636762065273,2594800
2025-12-01,5414.033203125,5845.239387444691,5414.033203125,5749.4157909292035,2658200
2025-12-02,5461.94482421875,5581.724315977934,5437.988925866914,5437.988925866914,2046900
2025-12-03,5629.63671875,5701.504421542553,5557.769015957447,5605.6808178191495,1902900
2025-12-04,5557.7685546875,5653.592150457974,5533.812655744881,5629.636251515355,1927400
2025-12-05,5485.90087890625,5557.768576009826,5461.944979871725,5533.812676975301,848200
2025-12-08,5605.6806640625,5653.592464610043,5509.857062967415,5533.8129632411865,1086700
2025-12-09,5557.7685546875,5749.415746228448,5509.856756802263,5653.592150457974,1968500
2025-12-10,5581.724609375,5701.504107430257,5557.768709763948,5581.724609375,2473700
2025-12-11,5461.94482421875,5581.724315977934,5366.121230811404,5581.724315977934,2074100
2025-12-12,5366.12109375,5485.900582449776,5318.209298270089,5461.944684709822,3857800
2025-12-15,5414.033203125,5485.900900511615,5318.209606609514,5390.077303996129,1625300
2025-12-16,5270.2978515625,5414.033247514205,5174.474254261364,5342.165549538352,5461700
2025-12-17,5150.5185546875,5342.165756722384,5150.5185546875,5294.253956213663,4448900
2025-12-18,5342.16552734375,5414.03322502102,5126.56243431194,5150.518333537696,5929600
2025-12-19,5150.5185546875,5366.121656976744,5126.56265443314,5342.165756722384,3198600
2025-12-22,5318.2099609375,5318.2099609375,5126.56275513795,5174.4745565878375,2332900
2025-12-23,5150.5185546875,5342.165756722384,5102.606754178779,5318.209856468024,2121500
2025-12-24,5437.9892578125,5437.9892578125,5126.5625602285245,5150.518460042676,1544000
2025-12-29,5366.12109375,5437.988786969866,5246.341605050223,5437.988786969866,924200
2025-12-30,5414.033203125,5509.856799640487,5270.29780835177,5414.033203125,2763300
2026-01-02,5318.2099609375,5605.680769636824,5318.2099609375,5461.9453652871625,2481300
2026-01-05,5414.033203125,5437.989102253872,5294.253707480642,5342.165505738385,2695500
2026-01-06,5270.2978515625,5390.077348188921,5246.341952237216,5390.077348188921,1086200
2026-01-07,5126.5625,5318.209696261682,5102.60660046729,5318.209696261682,2748300
2026-01-08,5150.5185546875,5222.386255450581,5102.606754178779,5126.56265443314,368700
2026-01-09,5150.5185546875,5150.5185546875,5006.783153161337,5078.650853924419,1633700
2026-01-12,5078.650390625,5150.518084831957,4934.915002211084,5150.518084831957,2261500
2026-01-13,5126.5625,5198.430198598131,5030.738901869159,5078.65070093458,1364700
2026-01-14,5126.5625,5198.430198598131,4982.827102803739,5126.5625,2271000
2026-01-15,5006.78271484375,5126.562205629486,5006.78271484375,5126.562205629486,989600
2026-01-19,4958.87158203125,5054.695187481129,4934.91568066878,5006.78338475619,1455100
2026-01-20,4958.87158203125,5006.78338475619,4910.95977930631,4958.87158203125,2244100
2026-01-21,4934.91552734375,4982.827328580097,4863.047825489229,4958.8714279619235,852200
2026-01-22,4982.8271484375,5078.650747445913,4934.915348933293,4934.915348933293,2795400
2026-01-23,5030.73876953125,5078.65056733631,4934.915173921131,5030.73876953125,930900
2026-01-26,5246.34228515625,5342.165888538099,4934.91557416524,5030.73917754709,4544100
2026-01-27,5126.5625,5366.121495327103,4982.827102803739,5246.341997663551,5365000
2026-01-28,5126.5625,5294.253796728972,4934.915303738318,4982.827102803739,4814300
2026-01-29,4839.091796875,5270.297996596534,4714.521116955445,5030.738996751237,12332000
2026-01-30,4887.00341796875,5006.7829135072,4791.17982153799,4839.09161975337,7370700
2026-02-02,5150.5185546875,5270.2980559593025,4910.959552143895,4934.915452398256,5753800
2026-02-03,5270.2978515625,5294.253750887784,5030.738858309659,5198.430153586648,2916400
2026-02-04,5174.47412109375,5366.121310763889,5150.518222384982,5270.297715928819,2861500
2026-02-05,5294.25390625,5366.121606334842,5174.474406108598,5174.474406108598,934000
2026-02-06,5366.12109375,5533.8123779296875,5198.4298095703125,5294.253400530134,4023500
2026-02-09,5581.724609375,5605.680508986051,5366.121512875537,5414.033312097639,1460500
2026-02-10,5509.85693359375,5581.724632727582,5414.033334748641,5581.724632727582,1792200
2026-02-11,5198.43017578125,5509.856868339574,5198.43017578125,5509.856868339574,9362000
2026-02-12,5174.47412109375,5270.297715928819,5006.782830132379,5198.430019802518,5730600
2026-02-13,5174.47412109375,5222.385918511285,5030.738728841146,5030.738728841146,4292700
2026-02-18,5174.47412109375,5270.297715928819,5030.738728841146,5198.430019802518,3242900
2026-02-19,5126.5625,5222.386098130842,5102.60660046729,5174.47429906542,2325100
2026-02-20,5102.6064453125,5174.474141725352,5102.6064453125,5126.562344116784,1303500
2026-02-23,5078.650390625,5126.562186762972,5054.694492556014,5102.606288693985,1047700
2026-02-24,4982.8271484375,5102.606647198017,4982.8271484375,5054.6948476938105,2199700
2026-02-25,5078.650390625,5126.562186762972,4982.826798349057,4982.826798349057,3186800
2026-02-26,4934.91552734375,5078.650931052791,4863.047825489229,5078.650931052791,4650200
2026-02-27,4958.87158203125,5054.695187481129,4934.91568066878,4934.91568066878,4891100
2026-03-02,4887.00341796875,4982.82701439951,4781.597461894914,4934.91521618413,9747000
2026-03-03,4628.27978515625,4958.871198381697,4609.115065548977,4910.959399363515,9880800
2026-03-04,4494.12646484375,4724.103085645988,4312.061640041978,4628.2794936450555,10061100
2026-03-05,4609.11474609375,4695.355978349143,4350.391049327573,4503.7087955593815,5947500
2026-03-06,4522.87353515625,4637.8618453720865,4455.797020863679,4618.697127002781,5885800
2026-03-09,4283.31494140625,4503.70922250769,4225.820781118918,4407.8856220288035,6269300
2026-03-10,4340.80859375,4398.302747309603,4235.402645557395,4302.4791580435985,6711000
2026-03-11,4359.9736328125,4369.555992445055,4235.4029575892855,4350.3912731799455,8729700
2026-03-12,4369.55615234375,4417.4679522598,4244.985472562021,4340.80907239412,3905700
2026-03-13,4244.9853515625,4359.97366808338,4244.9853515625,4359.97366808338,2157000
2026-03-16,4321.64404296875,4379.138198751039,4120.414497730737,4244.985168592364,4104800
2026-03-17,4407.88525390625,4427.049972401494,4321.64402067765,4359.9734576681385,8844100
2026-03-25,4244.9853515625,4359.97366808338,4158.74411417184,4359.97366808338,7547500
2026-03-26,4168.32666015625,4264.150261539153,4120.414859464799,4264.150261539153,3948600
2026-03-27,4244.9853515625,4244.9853515625,4082.085236491253,4168.326473881913,7855000
2026-03-30,4139.5791015625,4206.655614782263,4110.832024468316,4197.073255750868,3455000
2026-03-31,4158.744140625,4197.073579709102,4091.667622227823,4168.326500396026,2222400
2026-04-01,4312.06201171875,4379.1385319010415,4158.744251302083,4216.238411458333,3241700
2026-04-02,4235.40283203125,4388.720581607042,4235.40283203125,4379.138222258554,1301900
2026-04-06,4197.07373046875,4244.9855310448775,4129.997209662172,4244.9855310448775,1588300
2026-04-07,4206.65576171875,4254.567558549259,4177.908683620444,4216.238121084852,476400
2026-04-08,4292.8974609375,4359.973983764648,4264.150379725865,4340.809262956892,3351200
2026-04-09,4264.150390625,4292.8974719101125,4197.0738676264045,4292.8974719101125,1687900
2026-04-10,4283.31494140625,4379.138541885137,4216.238421071029,4283.31494140625,4314900
2026-04-13,4292.8974609375,4312.062181745257,4216.238577706473,4283.315100533621,2897100
2026-04-14,4331.2265625,4359.973641454646,4302.479483545354,4312.061843196903,3647900
2026-04-15,4359.9736328125,4398.30307134272,4302.47947501717,4340.80891354739,3648700
2026-04-16,4350.3916015625,4379.138682630094,4312.062160139042,4359.973961918365,1347000
2026-04-17,4455.79736328125,4513.29152280746,4350.391404149866,4379.1384839129705,3978600
2026-04-20,4485.17626953125,4622.277727551856,4446.004424382505,4534.141075967181,4735600
2026-04-21,4534.14111328125,4602.691842855696,4455.797422339026,4514.555190545694,3591000
2026-04-22,4465.59033203125,4573.312905830249,4436.211448267886,4534.1410608124315,5201100
2026-04-23,4534.14111328125,4583.105920120141,4485.176306442359,4485.176306442359,4666700
2026-04-24,4406.83251953125,4583.105820312499,4397.039558376736,4534.14101453993,4188400
2026-04-27,4406.83251953125,4514.555092230902,4397.039558376736,4426.418441840277,4209900
2026-04-28,4455.79736328125,4455.79736328125,4397.039595853365,4446.00440204327,3747800
2026-04-29,4524.34814453125,4534.141105883049,4406.832608309659,4504.762221827651,2751900
2026-04-30,4152.21533203125,4514.554877515109,4152.21533203125,4514.554877515109,13037200
2026-05-04,4377.45361328125,4455.7973021095495,4113.043663485738,4220.76623562465,7080700
2026-05-05,4602.69140625,4632.070287566489,4289.316672207447,4377.453316156915,4214700
2026-05-06,4769.171875,4827.929639373717,4563.519699691992,4622.277464065708,5351500
2026-05-07,4847.515625,4847.515625,4749.586016414141,4769.171938131313,2882400
2026-05-08,4661.44921875,4837.722508534664,4632.070337119223,4837.722508534664,945000
2026-05-11,4612.484375,4690.828058651805,4543.933651804671,4651.656216825902,2243800
2026-05-12,4641.86328125,4681.035123285866,4553.726636669304,4612.484399723102,2259000
2026-05-13,4612.484375,4671.242137738854,4494.968849522293,4651.656216825902,1592100
2026-05-14,4612.484375,4612.484375,4612.484375,4612.484375,0
2026-05-15,4612.484375,4612.484375,4612.484375,4612.484375,0
2026-05-18,4504.76220703125,4622.277742866848,4504.76220703125,4602.691820227582,4350900
2026-05-19,4504.76220703125,4553.7270136294155,4446.004439113451,4504.76220703125,2543300
2026-05-20,4504.76220703125,4583.105897588315,4436.211477793818,4436.211477793818,2521500
2026-05-21,4524.34814453125,4563.519989938447,4485.176299124053,4504.762221827651,2903500
2026-05-22,4426.41845703125,4524.348068912473,4406.8325346550055,4524.348068912473,1179600
2026-05-25,4387.24658203125,4485.176193237305,4318.695854187012,4416.625465393066,1873200
2026-05-26,4308.90283203125,4543.933895596591,4220.766183194247,4543.933895596591,3147600
2026-05-27,4308.90283203125,4308.90283203125,4308.90283203125,4308.90283203125,0
2026-05-28,4308.90283203125,4308.90283203125,4308.90283203125,4308.90283203125,0
2026-05-29,4730.0,4730.0,4308.902691511387,4308.902691511387,4229300
2026-06-02,4690.828125,4720.207006784969,4426.418188935282,4720.207006784969,3681600
2026-06-03,4446.00439453125,4690.828425067112,4436.211433309816,4690.828425067112,6929000
2026-06-04,4338.28173828125,4504.762075867664,4279.52397207428,4465.590231729684,1576900
2026-06-05,4181.59423828125,4446.004178406763,4171.80127753586,4338.281610207479,3715700
2026-06-08,4034.699951171875,4201.180288962947,3966.149223846139,4181.59436686988,5585200
2026-06-09,4201.18017578125,4201.18017578125,3985.7350385616987,4005.3209601271124,4723100
2026-06-10,4210.97314453125,4210.97314453125,3926.9772812954216,3926.9772812954216,3781400
2026-06-11,4073.871826171875,4230.5592041015625,4064.0788650512695,4210.973281860352,2384900
2026-06-12,4308.90283203125,4308.90283203125,4073.871768465909,4093.457690429688,3542800
2026-06-15,4269.73095703125,4348.074644316227,4220.766152478139,4308.902800673738,2993800
2026-06-17,4230.55908203125,4426.418298791956,4230.55908203125,4397.03941627785,2844200
2026-06-18,4113.04345703125,4250.144905598959,4083.6645751953124,4250.144905598959,1334400
2026-06-19,4367.66064453125,4367.66064453125,4113.043656285034,4113.043656285034,1965600
2026-06-22,4230.55908203125,4367.660533763744,4152.215395326967,4367.660533763744,978600
2026-06-23,4406.83251953125,4406.83251953125,4201.180335286458,4230.55921875,739200
2026-06-24,4259.93798828125,4475.383127918462,4259.93798828125,4406.832401670259,536200
2026-06-25,4397.03955078125,4494.969162157225,4240.352172579691,4259.938094854886,2580300
2026-06-26,4367.66064453125,4455.797294308786,4367.66064453125,4397.039527790429,996400
2026-06-29,4338.28173828125,4377.45358241923,4220.766205867311,4377.45358241923,753400
2026-06-30,4357.86767578125,4455.797286472964,4240.352142951194,4338.2817536429075,2035800
2026-07-01,4318.69580078125,4406.832449776785,4299.109878782242,4367.660605778769,302700
2026-07-02,4230.55908203125,4308.902768735532,4181.594277841074,4308.902768735532,1295300
2026-07-03,4269.73095703125,4308.902800673738,4230.559113388761,4230.559113388761,2192100
2026-07-06,4230.55908203125,4308.902768735532,4191.387238679109,4259.9379645453555,6236900
2026-07-07,4514.55517578125,4514.55517578125,4230.559297044469,4230.559297044469,1883600
2026-07-08,4651.65625,4661.449210526315,4357.867434210526,4514.554802631579,2720300
2026-07-09,4592.8984375,4651.656200026652,4573.312516657782,4651.656200026652,1879300
2026-07-10,4602.69140625,4602.69140625,4534.1406831781915,4592.89844581117,788400
2026-07-13,4534.14111328125,4602.691842855696,4504.762229177916,4602.691842855696,531600
2026-07-14,4553.72705078125,4622.277780577957,4406.832629788306,4406.832629788306,1863700
2026-07-15,4553.72705078125,4651.656664776546,4524.348166582661,4553.72705078125,817100
2026-07-16,4475.38330078125,4553.726990948099,4416.625533156113,4553.726990948099,742200
2026-07-17,4397.03955078125,4524.348045570016,4377.453628506055,4524.348045570016,2051900
2026-07-20,4543.93408203125,4573.312966182314,4367.6607771248655,4416.625584043306,1951700
2026-07-21,4524.34814453125,4602.691835345644,4485.176299124053,4543.934067234848,1218200
2026-07-22,4514.55517578125,4573.312943795757,4494.969253109748,4524.348137117001,1692000
2026-07-23,4485.17626953125,4563.519959828739,4475.383308244063,4524.348114679994,1523800
2026-07-24,4485.17626953125,4543.934037254367,4436.211463095319,4485.17626953125,2284600
2026-07-27,4641.86328125,4661.449202267932,4485.17591310654,4485.17591310654,1680800
2026-07-28,4553.72705078125,4651.656664776546,4553.72705078125,4651.656664776546,1023200
2026-07-29,4583.10546875,4632.07027076656,4553.7265875400635,4573.3125083466875,1047900
2026-07-30,4592.8984375,4622.277318763327,4563.519556236673,4583.105477078891,227600
2026-07-31,4504.76220703125,4592.898858907948,4504.76220703125,4583.105897588315,2887000
2026-08-03,4494.96923828125,4534.14108349503,4455.79739306747,4504.762199584695,1556500
2026-08-04,4494.96923828125,4543.934044798475,4455.79739306747,4494.96923828125,2529500
2026-08-05,4651.65625,4700.621052631579,4504.761842105263,4534.140723684211,4031100
2026-08-06,4563.51953125,4710.413936762339,4563.51953125,4651.656174557404,2044600
2026-08-07,4651.65625,4651.65625,4583.10552631579,4583.10552631579,905300
2026-08-10,4514.55517578125,4641.863673146014,4514.55517578125,4641.863673146014,991100
2026-08-11,4475.38330078125,4534.141068406387,4426.418494426969,4524.34810713553,1185400
2026-08-12,4534.14111328125,4563.519997384585,4485.176306442359,4504.762229177916,785300
2026-08-13,4563.51953125,4573.312491617489,4504.761769045064,4553.726570882511,3048800
2026-08-14,4553.72705078125,4573.312973580309,4494.969282384072,4563.520012180779,2582900
2026-08-18,4592.8984375,4651.656200026652,4534.140674973348,4553.726595815565,1278900
2026-08-19,4514.55517578125,4632.070711810263,4504.762214445499,4592.898866467259,1952900
2026-08-20,4612.484375,4612.484375,4504.761809978769,4524.34773089172,1870300
2026-08-21,4602.69140625,4612.48436668883,4524.347722739361,4612.48436668883,881800
2026-08-24,4534.14111328125,4612.484804223474,4504.762229177916,4583.105920120141,2878200
2026-08-26,4543.93408203125,4681.035541402883,4524.348159263874,4543.93408203125,2885400
2026-08-27,4573.3125,4622.277301927195,4534.140658458245,4563.519539614561,4797400
2026-08-28,4592.8984375,4651.656200026652,4583.105477078891,4583.105477078891,9142000
2026-08-31,4730.0,4730.0,4583.105590062112,4592.898550724638,8868200
2026-09-01,4730.0,4739.792960662526,4622.277432712215,4720.207039337474,2452200
2026-09-02,4602.69140625,4739.792852393617,4592.89844581117,4729.999891954787,5521200
2026-09-03,4730.0,4739.792960662526,4612.484472049689,4612.484472049689,3321000
2026-09-04,4570.0,4700.0,4550.0,4600.0,4148800
2026-09-07,4590.0,4620.0,4550.0,4580.0,2749300
2026-09-08,4650.0,4650.0,4530.0,4590.0,4270600
2026-09-09,4500.0,4650.0,4500.0,4650.0,2242700
2026-09-10,4450.0,4520.0,4420.0,4520.0,1666100
2026-09-11,4410.0,4450.0,4400.0,4440.0,2782300
2026-09-14,4460.0,4500.0,4400.0,4410.0,1924400
2026-09-15,4550.0,4580.0,4440.0,4460.0,3436200
2026-09-16,4480.0,4620.0,4480.0,4550.0,3467800
2026-09-17,4470.0,4520.0,4430.0,4480.0,1664800
2026-09-18,4500.0,4560.0,4450.0,4470.0,14744400
2026-09-21,4460.0,4530.0,4460.0,4510.0,1606900
2026-09-22,4480.0,4550.0,4460.0,4460.0,4706500
2026-09-23,4550.0,4600.0,4460.0,4460.0,4441500
2026-09-24,4450.0,4580.0,4450.0,4550.0,957000
2026-09-25,4370.0,4500.0,4360.0,4450.0,2479600
2026-09-28,4370.0,4370.0,4320.0,4370.0,1144300
2026-09-29,4330.0,4410.0,4310.0,4410.0,66400
