date,Close,High,Low,Open,Volume
2018-06-01,49.75806427001953,49.75806427001953,49.75806427001953,49.75806427001953,0
2018-06-04,49.75806427001953,49.75806427001953,49.75806427001953,49.75806427001953,10800
2018-06-05,49.75806427001953,49.75806427001953,49.75806427001953,49.75806427001953,176200
2018-06-06,49.75806427001953,49.75806427001953,49.75806427001953,49.75806427001953,1208200
2018-06-07,49.75806427001953,49.75806427001953,49.75806427001953,49.75806427001953,18300
2018-06-08,49.75806427001953,49.75806427001953,49.75806427001953,49.75806427001953,2100
2018-06-11,49.75806427001953,49.75806427001953,49.75806427001953,49.75806427001953,0
2018-06-12,49.75806427001953,49.75806427001953,49.75806427001953,49.75806427001953,0
2018-06-13,49.75806427001953,49.75806427001953,49.75806427001953,49.75806427001953,0
2018-06-14,49.75806427001953,49.75806427001953,49.75806427001953,49.75806427001953,0
2018-06-15,49.75806427001953,49.75806427001953,49.75806427001953,49.75806427001953,0
2018-06-18,49.75806427001953,49.75806427001953,49.75806427001953,49.75806427001953,0
2018-06-19,49.75806427001953,49.75806427001953,49.75806427001953,49.75806427001953,0
2018-06-20,49.75806427001953,49.75806427001953,49.75806427001953,49.75806427001953,33100
2018-06-21,49.75806427001953,49.75806427001953,49.75806427001953,49.75806427001953,33100
2018-06-22,49.75806427001953,49.75806427001953,49.75806427001953,49.75806427001953,137300
2018-06-25,49.75806427001953,49.75806427001953,49.75806427001953,49.75806427001953,13700
2018-06-26,49.75806427001953,49.75806427001953,49.75806427001953,49.75806427001953,101700
2018-06-27,49.75806427001953,49.75806427001953,49.75806427001953,49.75806427001953,3900
2018-06-28,49.75806427001953,49.75806427001953,49.75806427001953,49.75806427001953,2200
2018-06-29,49.75806427001953,49.75806427001953,49.75806427001953,49.75806427001953,37400
2018-07-02,49.75806427001953,49.75806427001953,49.75806427001953,49.75806427001953,3700
2018-07-03,49.75806427001953,49.75806427001953,49.75806427001953,49.75806427001953,30900
2018-07-04,49.75806427001953,49.75806427001953,49.75806427001953,49.75806427001953,2900
2018-07-05,49.75806427001953,49.75806427001953,49.75806427001953,49.75806427001953,12100
2018-07-06,49.75806427001953,49.75806427001953,49.75806427001953,49.75806427001953,28200
2018-07-09,49.75806427001953,49.75806427001953,49.75806427001953,49.75806427001953,21100
2018-07-10,49.75806427001953,49.75806427001953,49.75806427001953,49.75806427001953,297300
2018-07-11,49.75806427001953,49.75806427001953,49.75806427001953,49.75806427001953,7568800
2018-07-12,49.75806427001953,49.75806427001953,49.75806427001953,49.75806427001953,189700
2018-07-13,49.75806427001953,49.75806427001953,49.75806427001953,49.75806427001953,131400
2018-07-16,49.75806427001953,49.75806427001953,49.75806427001953,49.75806427001953,102200
2018-07-17,49.75806427001953,49.75806427001953,49.75806427001953,49.75806427001953,27500
2018-07-18,49.75806427001953,49.75806427001953,49.75806427001953,49.75806427001953,116900
2018-07-19,49.75806427001953,49.75806427001953,49.75806427001953,49.75806427001953,26100
2018-07-20,49.75806427001953,49.75806427001953,49.75806427001953,49.75806427001953,400
2018-07-23,49.75806427001953,49.75806427001953,49.75806427001953,49.75806427001953,28300
2018-07-24,49.75806427001953,49.75806427001953,49.75806427001953,49.75806427001953,24700
2018-07-25,49.75806427001953,49.75806427001953,49.75806427001953,49.75806427001953,79800
2018-07-26,49.75806427001953,49.75806427001953,49.75806427001953,49.75806427001953,792700
2018-07-27,49.75806427001953,49.75806427001953,49.75806427001953,49.75806427001953,229300
2018-07-30,49.75806427001953,49.75806427001953,49.75806427001953,49.75806427001953,5200
2018-07-31,49.75806427001953,49.75806427001953,49.75806427001953,49.75806427001953,77600
2018-08-01,49.75806427001953,49.75806427001953,49.75806427001953,49.75806427001953,16200
2018-08-02,49.75806427001953,49.75806427001953,49.75806427001953,49.75806427001953,320700
2018-08-03,49.75806427001953,49.75806427001953,49.75806427001953,49.75806427001953,7300
2018-08-06,49.75806427001953,49.75806427001953,49.75806427001953,49.75806427001953,61000
2018-08-07,49.75806427001953,49.75806427001953,49.75806427001953,49.75806427001953,600
2018-08-08,49.75806427001953,49.75806427001953,49.75806427001953,49.75806427001953,800
2018-08-09,49.75806427001953,49.75806427001953,49.75806427001953,49.75806427001953,15100
2018-08-10,49.75806427001953,49.75806427001953,49.75806427001953,49.75806427001953,10900
2018-08-13,49.75806427001953,49.75806427001953,49.75806427001953,49.75806427001953,100
2018-08-14,49.75806427001953,49.75806427001953,49.75806427001953,49.75806427001953,81000
2018-08-15,49.75806427001953,49.75806427001953,49.75806427001953,49.75806427001953,1400
2018-08-16,49.75806427001953,49.75806427001953,49.75806427001953,49.75806427001953,1400
2018-08-17,49.75806427001953,49.75806427001953,49.75806427001953,49.75806427001953,0
2018-08-20,49.75806427001953,49.75806427001953,49.75806427001953,49.75806427001953,627600
2018-08-21,49.75806427001953,49.75806427001953,49.75806427001953,49.75806427001953,1400
2018-08-22,49.75806427001953,49.75806427001953,49.75806427001953,49.75806427001953,0
2018-08-23,49.75806427001953,49.75806427001953,49.75806427001953,49.75806427001953,16700
2018-08-24,49.75806427001953,49.75806427001953,49.75806427001953,49.75806427001953,4800
2018-08-27,49.75806427001953,49.75806427001953,49.75806427001953,49.75806427001953,34900
2018-08-28,49.75806427001953,49.75806427001953,49.75806427001953,49.75806427001953,122900
2018-08-29,49.75806427001953,49.75806427001953,49.75806427001953,49.75806427001953,9300
2018-08-30,49.75806427001953,49.75806427001953,49.75806427001953,49.75806427001953,51400
2018-08-31,49.75806427001953,49.75806427001953,49.75806427001953,49.75806427001953,14400
2018-09-03,49.75806427001953,49.75806427001953,49.75806427001953,49.75806427001953,2700
2018-09-04,49.75806427001953,49.75806427001953,49.75806427001953,49.75806427001953,1600
2018-09-05,49.75806427001953,49.75806427001953,49.75806427001953,49.75806427001953,60700
2018-09-06,49.75806427001953,49.75806427001953,49.75806427001953,49.75806427001953,1200
2018-09-07,49.75806427001953,49.75806427001953,49.75806427001953,49.75806427001953,200
2018-09-10,49.75806427001953,49.75806427001953,49.75806427001953,49.75806427001953,168600
2018-09-11,49.75806427001953,49.75806427001953,49.75806427001953,49.75806427001953,0
2018-09-12,49.75806427001953,49.75806427001953,49.75806427001953,49.75806427001953,1024600
2018-09-13,49.75806427001953,49.75806427001953,49.75806427001953,49.75806427001953,200
2018-09-14,49.75806427001953,49.75806427001953,49.75806427001953,49.75806427001953,25000
2018-09-17,49.75806427001953,49.75806427001953,49.75806427001953,49.75806427001953,100
2018-09-18,49.75806427001953,49.75806427001953,49.75806427001953,49.75806427001953,200
2018-09-19,49.75806427001953,49.75806427001953,49.75806427001953,49.75806427001953,6100
2018-09-20,49.75806427001953,49.75806427001953,49.75806427001953,49.75806427001953,300
2018-09-21,49.75806427001953,49.75806427001953,49.75806427001953,49.75806427001953,14000
2018-09-24,49.75806427001953,49.75806427001953,49.75806427001953,49.75806427001953,900
2018-09-25,49.75806427001953,49.75806427001953,49.75806427001953,49.75806427001953,8900
2018-09-26,49.75806427001953,49.75806427001953,49.75806427001953,49.75806427001953,14700
2018-09-27,49.75806427001953,49.75806427001953,49.75806427001953,49.75806427001953,3400
2018-09-28,49.75806427001953,49.75806427001953,49.75806427001953,49.75806427001953,6700
2018-10-01,49.75806427001953,49.75806427001953,49.75806427001953,49.75806427001953,29300
2018-10-02,49.75806427001953,49.75806427001953,49.75806427001953,49.75806427001953,25700
2018-10-03,49.75806427001953,49.75806427001953,49.75806427001953,49.75806427001953,37100
2018-10-04,49.75806427001953,49.75806427001953,49.75806427001953,49.75806427001953,1100
2018-10-05,49.75806427001953,49.75806427001953,49.75806427001953,49.75806427001953,1700
2018-10-08,49.75806427001953,49.75806427001953,49.75806427001953,49.75806427001953,100
2018-10-09,49.75806427001953,49.75806427001953,49.75806427001953,49.75806427001953,900
2018-10-10,49.75806427001953,49.75806427001953,49.75806427001953,49.75806427001953,40300
2018-10-11,49.75806427001953,49.75806427001953,49.75806427001953,49.75806427001953,800
2018-10-12,49.75806427001953,49.75806427001953,49.75806427001953,49.75806427001953,11700
2018-10-15,49.75806427001953,49.75806427001953,49.75806427001953,49.75806427001953,115200
2018-10-16,49.75806427001953,49.75806427001953,49.75806427001953,49.75806427001953,1000
2018-10-17,49.75806427001953,49.75806427001953,49.75806427001953,49.75806427001953,1500
2018-10-18,49.75806427001953,49.75806427001953,49.75806427001953,49.75806427001953,10300
2018-10-19,49.75806427001953,49.75806427001953,49.75806427001953,49.75806427001953,1600
2018-10-22,49.75806427001953,49.75806427001953,49.75806427001953,49.75806427001953,1000
2018-10-23,49.75806427001953,49.75806427001953,49.75806427001953,49.75806427001953,300
2018-10-24,49.75806427001953,49.75806427001953,49.75806427001953,49.75806427001953,5000
2018-10-25,49.75806427001953,49.75806427001953,49.75806427001953,49.75806427001953,4500
2018-10-26,49.75806427001953,49.75806427001953,49.75806427001953,49.75806427001953,1296500
2018-10-29,49.75806427001953,49.75806427001953,49.75806427001953,49.75806427001953,20200
2018-10-30,49.75806427001953,49.75806427001953,49.75806427001953,49.75806427001953,209000
2018-10-31,49.75806427001953,49.75806427001953,49.75806427001953,49.75806427001953,100900
2018-11-01,49.75806427001953,49.75806427001953,49.75806427001953,49.75806427001953,8200
2018-11-02,49.75806427001953,49.75806427001953,49.75806427001953,49.75806427001953,14300
2018-11-05,49.75806427001953,49.75806427001953,49.75806427001953,49.75806427001953,7000
2018-11-06,49.75806427001953,49.75806427001953,49.75806427001953,49.75806427001953,1600
2018-11-07,49.75806427001953,49.75806427001953,49.75806427001953,49.75806427001953,203000
2018-11-08,49.75806427001953,49.75806427001953,49.75806427001953,49.75806427001953,6300
2018-11-09,49.75806427001953,49.75806427001953,49.75806427001953,49.75806427001953,1900
2018-11-12,49.75806427001953,49.75806427001953,49.75806427001953,49.75806427001953,700
2018-11-13,49.75806427001953,49.75806427001953,49.75806427001953,49.75806427001953,500
2018-11-14,49.75806427001953,49.75806427001953,49.75806427001953,49.75806427001953,600
2018-11-15,49.75806427001953,49.75806427001953,49.75806427001953,49.75806427001953,2800
2018-11-16,49.75806427001953,49.75806427001953,49.75806427001953,49.75806427001953,2000
2018-11-19,49.75806427001953,49.75806427001953,49.75806427001953,49.75806427001953,1300
2018-11-20,49.75806427001953,49.75806427001953,49.75806427001953,49.75806427001953,0
2018-11-21,49.75806427001953,49.75806427001953,49.75806427001953,49.75806427001953,583200
2018-11-22,49.75806427001953,49.75806427001953,49.75806427001953,49.75806427001953,142300
2018-11-23,49.75806427001953,49.75806427001953,49.75806427001953,49.75806427001953,2200
2018-11-26,49.75806427001953,49.75806427001953,49.75806427001953,49.75806427001953,800
2018-11-27,49.75806427001953,49.75806427001953,49.75806427001953,49.75806427001953,2000
2018-11-28,49.75806427001953,49.75806427001953,49.75806427001953,49.75806427001953,4300
2018-11-29,49.75806427001953,49.75806427001953,49.75806427001953,49.75806427001953,13000
2018-11-30,49.75806427001953,49.75806427001953,49.75806427001953,49.75806427001953,1100
2018-12-03,49.75806427001953,49.75806427001953,49.75806427001953,49.75806427001953,25000
2018-12-04,49.75806427001953,49.75806427001953,49.75806427001953,49.75806427001953,5100
2018-12-05,49.75806427001953,49.75806427001953,49.75806427001953,49.75806427001953,79200
2018-12-06,49.75806427001953,49.75806427001953,49.75806427001953,49.75806427001953,1700
2018-12-07,49.75806427001953,49.75806427001953,49.75806427001953,49.75806427001953,10300
2018-12-10,49.75806427001953,49.75806427001953,49.75806427001953,49.75806427001953,2100
2018-12-11,49.75806427001953,49.75806427001953,49.75806427001953,49.75806427001953,800
2018-12-12,49.75806427001953,49.75806427001953,49.75806427001953,49.75806427001953,2600
2018-12-13,49.75806427001953,49.75806427001953,49.75806427001953,49.75806427001953,900
2018-12-14,49.75806427001953,49.75806427001953,49.75806427001953,49.75806427001953,700
2018-12-17,49.75806427001953,49.75806427001953,49.75806427001953,49.75806427001953,700
2018-12-18,49.75806427001953,49.75806427001953,49.75806427001953,49.75806427001953,600
2018-12-19,49.75806427001953,49.75806427001953,49.75806427001953,49.75806427001953,215300
2018-12-20,49.75806427001953,49.75806427001953,49.75806427001953,49.75806427001953,5900
2018-12-21,49.75806427001953,49.75806427001953,49.75806427001953,49.75806427001953,32200
2018-12-24,49.75806427001953,49.75806427001953,49.75806427001953,49.75806427001953,0
2018-12-25,49.75806427001953,49.75806427001953,49.75806427001953,49.75806427001953,0
2018-12-26,49.75806427001953,49.75806427001953,49.75806427001953,49.75806427001953,24000
2018-12-27,49.75806427001953,49.75806427001953,49.75806427001953,49.75806427001953,30400
2018-12-28,49.75806427001953,49.75806427001953,49.75806427001953,49.75806427001953,9600
2018-12-31,49.75806427001953,49.75806427001953,49.75806427001953,49.75806427001953,0
2019-01-01,49.75806427001953,49.75806427001953,49.75806427001953,49.75806427001953,0
2019-01-02,49.75806427001953,49.75806427001953,49.75806427001953,49.75806427001953,0
2019-01-03,49.75806427001953,49.75806427001953,49.75806427001953,49.75806427001953,100
2019-01-04,49.75806427001953,49.75806427001953,49.75806427001953,49.75806427001953,6700
2019-01-07,49.75806427001953,49.75806427001953,49.75806427001953,49.75806427001953,653700
2019-01-08,49.75806427001953,49.75806427001953,49.75806427001953,49.75806427001953,65400
2019-01-09,49.75806427001953,49.75806427001953,49.75806427001953,49.75806427001953,32100
2019-01-10,49.75806427001953,49.75806427001953,49.75806427001953,49.75806427001953,324600
2019-01-11,49.75806427001953,49.75806427001953,49.75806427001953,49.75806427001953,2242400
2019-01-14,49.75806427001953,49.75806427001953,49.75806427001953,49.75806427001953,500000
2019-01-15,49.75806427001953,49.75806427001953,49.75806427001953,49.75806427001953,273900
2019-01-16,49.75806427001953,49.75806427001953,49.75806427001953,49.75806427001953,1632000
2019-01-17,49.75806427001953,49.75806427001953,49.75806427001953,49.75806427001953,3967600
2019-01-18,49.75806427001953,49.75806427001953,49.75806427001953,49.75806427001953,1160300
2019-01-21,49.75806427001953,49.75806427001953,49.75806427001953,49.75806427001953,194700
2019-01-22,49.75806427001953,49.75806427001953,49.75806427001953,49.75806427001953,11700
2019-01-23,49.75806427001953,49.75806427001953,49.75806427001953,49.75806427001953,25300
2019-01-24,49.75806427001953,49.75806427001953,49.75806427001953,49.75806427001953,31100
2019-01-25,49.75806427001953,49.75806427001953,49.75806427001953,49.75806427001953,28200
2019-01-28,49.75806427001953,49.75806427001953,49.75806427001953,49.75806427001953,18200
2019-01-29,49.75806427001953,49.75806427001953,49.75806427001953,49.75806427001953,51900
2019-01-30,49.75806427001953,49.75806427001953,49.75806427001953,49.75806427001953,69600
2019-01-31,49.75806427001953,49.75806427001953,49.75806427001953,49.75806427001953,62500
2019-02-01,49.75806427001953,49.75806427001953,49.75806427001953,49.75806427001953,1500
2019-02-04,49.75806427001953,49.75806427001953,49.75806427001953,49.75806427001953,26800
2019-02-05,49.75806427001953,49.75806427001953,49.75806427001953,49.75806427001953,0
2019-02-06,49.75806427001953,49.75806427001953,49.75806427001953,49.75806427001953,60600
2019-02-07,49.75806427001953,49.75806427001953,49.75806427001953,49.75806427001953,148500
2019-02-08,49.75806427001953,49.75806427001953,49.75806427001953,49.75806427001953,100
2019-02-11,49.75806427001953,49.75806427001953,49.75806427001953,49.75806427001953,48700
2019-02-12,49.75806427001953,49.75806427001953,49.75806427001953,49.75806427001953,2800
2019-02-13,49.75806427001953,49.75806427001953,49.75806427001953,49.75806427001953,126400
2019-02-14,49.75806427001953,49.75806427001953,49.75806427001953,49.75806427001953,118900
2019-02-15,49.75806427001953,49.75806427001953,49.75806427001953,49.75806427001953,8800
2019-02-18,49.75806427001953,49.75806427001953,49.75806427001953,49.75806427001953,11500
2019-02-19,49.75806427001953,49.75806427001953,49.75806427001953,49.75806427001953,40200
2019-02-20,49.75806427001953,49.75806427001953,49.75806427001953,49.75806427001953,6400
2019-02-21,49.75806427001953,49.75806427001953,49.75806427001953,49.75806427001953,25000
2019-02-22,49.75806427001953,49.75806427001953,49.75806427001953,49.75806427001953,0
2019-02-25,49.75806427001953,49.75806427001953,49.75806427001953,49.75806427001953,101100
2019-02-26,49.75806427001953,49.75806427001953,49.75806427001953,49.75806427001953,14600
2019-02-27,49.75806427001953,49.75806427001953,49.75806427001953,49.75806427001953,24200
2019-02-28,49.75806427001953,49.75806427001953,49.75806427001953,49.75806427001953,15000
2019-03-01,49.75806427001953,49.75806427001953,49.75806427001953,49.75806427001953,10100
2019-03-04,49.75806427001953,49.75806427001953,49.75806427001953,49.75806427001953,601800
2019-03-05,49.75806427001953,49.75806427001953,49.75806427001953,49.75806427001953,10700
2019-03-06,49.75806427001953,49.75806427001953,49.75806427001953,49.75806427001953,27500
2019-03-07,49.75806427001953,49.75806427001953,49.75806427001953,49.75806427001953,0
2019-03-08,49.75806427001953,49.75806427001953,49.75806427001953,49.75806427001953,516000
2019-03-11,49.75806427001953,49.75806427001953,49.75806427001953,49.75806427001953,8500
2019-03-12,49.75806427001953,49.75806427001953,49.75806427001953,49.75806427001953,170200
2019-03-13,49.75806427001953,49.75806427001953,49.75806427001953,49.75806427001953,165000
2019-03-14,49.75806427001953,49.75806427001953,49.75806427001953,49.75806427001953,1000
2019-03-15,49.75806427001953,49.75806427001953,49.75806427001953,49.75806427001953,21400
2019-03-18,49.75806427001953,49.75806427001953,49.75806427001953,49.75806427001953,550400
2019-03-19,49.75806427001953,49.75806427001953,49.75806427001953,49.75806427001953,100
2019-03-20,49.75806427001953,49.75806427001953,49.75806427001953,49.75806427001953,700
2019-03-21,49.75806427001953,49.75806427001953,49.75806427001953,49.75806427001953,60600
2019-03-22,49.75806427001953,49.75806427001953,49.75806427001953,49.75806427001953,70900
2019-03-25,49.75806427001953,49.75806427001953,49.75806427001953,49.75806427001953,400
2019-03-26,49.75806427001953,49.75806427001953,49.75806427001953,49.75806427001953,11700
2019-03-27,49.75806427001953,49.75806427001953,49.75806427001953,49.75806427001953,1400
2019-03-28,49.75806427001953,49.75806427001953,49.75806427001953,49.75806427001953,1100
2019-03-29,49.75806427001953,49.75806427001953,49.75806427001953,49.75806427001953,11300
2019-04-01,49.75806427001953,49.75806427001953,49.75806427001953,49.75806427001953,13600
2019-04-02,49.75806427001953,49.75806427001953,49.75806427001953,49.75806427001953,1200
2019-04-03,49.75806427001953,49.75806427001953,49.75806427001953,49.75806427001953,0
2019-04-04,49.75806427001953,49.75806427001953,49.75806427001953,49.75806427001953,6800
2019-04-05,49.75806427001953,49.75806427001953,49.75806427001953,49.75806427001953,18600
2019-04-08,49.75806427001953,49.75806427001953,49.75806427001953,49.75806427001953,100
2019-04-09,49.75806427001953,49.75806427001953,49.75806427001953,49.75806427001953,300
2019-04-10,49.75806427001953,49.75806427001953,49.75806427001953,49.75806427001953,1600
2019-04-11,49.75806427001953,49.75806427001953,49.75806427001953,49.75806427001953,100
2019-04-12,49.75806427001953,49.75806427001953,49.75806427001953,49.75806427001953,100
2019-04-15,49.75806427001953,49.75806427001953,49.75806427001953,49.75806427001953,6600
2019-04-16,49.75806427001953,49.75806427001953,49.75806427001953,49.75806427001953,100
2019-04-17,49.75806427001953,49.75806427001953,49.75806427001953,49.75806427001953,0
2019-04-18,49.75806427001953,49.75806427001953,49.75806427001953,49.75806427001953,384400
2019-04-19,49.75806427001953,49.75806427001953,49.75806427001953,49.75806427001953,0
2019-04-22,49.75806427001953,49.75806427001953,49.75806427001953,49.75806427001953,1800
2019-04-23,49.75806427001953,49.75806427001953,49.75806427001953,49.75806427001953,1700
2019-04-24,49.75806427001953,49.75806427001953,49.75806427001953,49.75806427001953,7500
2019-04-25,49.75806427001953,49.75806427001953,49.75806427001953,49.75806427001953,21600
2019-04-26,49.75806427001953,49.75806427001953,49.75806427001953,49.75806427001953,100
2019-04-29,49.75806427001953,49.75806427001953,49.75806427001953,49.75806427001953,100
2019-04-30,49.75806427001953,49.75806427001953,49.75806427001953,49.75806427001953,20200
2019-05-01,49.75806427001953,49.75806427001953,49.75806427001953,49.75806427001953,0
2019-05-02,49.75806427001953,49.75806427001953,49.75806427001953,49.75806427001953,11100
2019-05-03,49.75806427001953,49.75806427001953,49.75806427001953,49.75806427001953,11100
2019-05-06,49.75806427001953,49.75806427001953,49.75806427001953,49.75806427001953,5200
2019-05-07,49.75806427001953,49.75806427001953,49.75806427001953,49.75806427001953,9000
2019-05-08,49.75806427001953,49.75806427001953,49.75806427001953,49.75806427001953,1200
2019-05-09,49.75806427001953,49.75806427001953,49.75806427001953,49.75806427001953,11100
2019-05-10,49.75806427001953,49.75806427001953,49.75806427001953,49.75806427001953,2900
2019-05-13,49.75806427001953,49.75806427001953,49.75806427001953,49.75806427001953,0
2019-05-14,49.75806427001953,49.75806427001953,49.75806427001953,49.75806427001953,82300
2019-05-15,49.75806427001953,49.75806427001953,49.75806427001953,49.75806427001953,100
2019-05-16,49.75806427001953,49.75806427001953,49.75806427001953,49.75806427001953,31900
2019-05-17,49.75806427001953,49.75806427001953,49.75806427001953,49.75806427001953,1200
2019-05-20,49.75806427001953,49.75806427001953,49.75806427001953,49.75806427001953,10600
2019-05-21,49.75806427001953,49.75806427001953,49.75806427001953,49.75806427001953,1100
2019-05-22,49.75806427001953,49.75806427001953,49.75806427001953,49.75806427001953,300
2019-05-23,49.75806427001953,49.75806427001953,49.75806427001953,49.75806427001953,0
2019-05-24,49.75806427001953,49.75806427001953,49.75806427001953,49.75806427001953,400
2019-05-27,49.75806427001953,49.75806427001953,49.75806427001953,49.75806427001953,200
2019-05-28,49.75806427001953,49.75806427001953,49.75806427001953,49.75806427001953,27400
2019-05-29,49.75806427001953,49.75806427001953,49.75806427001953,49.75806427001953,12900
2019-05-30,49.75806427001953,49.75806427001953,49.75806427001953,49.75806427001953,0
2019-05-31,49.75806427001953,49.75806427001953,49.75806427001953,49.75806427001953,500
2019-06-03,49.75806427001953,49.75806427001953,49.75806427001953,49.75806427001953,0
2019-06-04,49.75806427001953,49.75806427001953,49.75806427001953,49.75806427001953,0
2019-06-05,49.75806427001953,49.75806427001953,49.75806427001953,49.75806427001953,0
2019-06-06,49.75806427001953,49.75806427001953,49.75806427001953,49.75806427001953,0
2019-06-07,49.75806427001953,49.75806427001953,49.75806427001953,49.75806427001953,0
2019-06-10,49.75806427001953,49.75806427001953,49.75806427001953,49.75806427001953,3000
2019-06-11,49.75806427001953,49.75806427001953,49.75806427001953,49.75806427001953,2600
2019-06-12,49.75806427001953,49.75806427001953,49.75806427001953,49.75806427001953,500
2019-06-13,49.75806427001953,49.75806427001953,49.75806427001953,49.75806427001953,300
2019-06-14,49.75806427001953,49.75806427001953,49.75806427001953,49.75806427001953,100
2019-06-17,49.75806427001953,49.75806427001953,49.75806427001953,49.75806427001953,20900
2019-06-18,49.75806427001953,49.75806427001953,49.75806427001953,49.75806427001953,1500
2019-06-19,49.75806427001953,49.75806427001953,49.75806427001953,49.75806427001953,73000
2019-06-20,49.75806427001953,49.75806427001953,49.75806427001953,49.75806427001953,60000
2019-06-21,49.75806427001953,49.75806427001953,49.75806427001953,49.75806427001953,2300
2019-06-24,49.75806427001953,49.75806427001953,49.75806427001953,49.75806427001953,0
2019-06-25,49.75806427001953,49.75806427001953,49.75806427001953,49.75806427001953,20000
2019-06-26,49.75806427001953,49.75806427001953,49.75806427001953,49.75806427001953,200
2019-06-27,49.75806427001953,49.75806427001953,49.75806427001953,49.75806427001953,1200
2019-06-28,49.75806427001953,49.75806427001953,49.75806427001953,49.75806427001953,210200
2019-07-01,49.75806427001953,49.75806427001953,49.75806427001953,49.75806427001953,11200
2019-07-02,49.75806427001953,49.75806427001953,49.75806427001953,49.75806427001953,16000
2019-07-03,49.75806427001953,49.75806427001953,49.75806427001953,49.75806427001953,23000
2019-07-04,49.75806427001953,49.75806427001953,49.75806427001953,49.75806427001953,5400
2019-07-05,49.75806427001953,49.75806427001953,49.75806427001953,49.75806427001953,1400
2019-07-08,49.75806427001953,49.75806427001953,49.75806427001953,49.75806427001953,60000
2019-07-09,49.75806427001953,49.75806427001953,49.75806427001953,49.75806427001953,166300
2019-07-10,49.75806427001953,49.75806427001953,49.75806427001953,49.75806427001953,1300
2019-07-11,49.75806427001953,49.75806427001953,49.75806427001953,49.75806427001953,302400
2019-07-12,49.75806427001953,49.75806427001953,49.75806427001953,49.75806427001953,23400
2019-07-15,49.75806427001953,49.75806427001953,49.75806427001953,49.75806427001953,112400
2019-07-16,49.75806427001953,49.75806427001953,49.75806427001953,49.75806427001953,20000
2019-07-17,49.75806427001953,49.75806427001953,49.75806427001953,49.75806427001953,12500
2019-07-18,49.75806427001953,49.75806427001953,49.75806427001953,49.75806427001953,200
2019-07-19,49.75806427001953,49.75806427001953,49.75806427001953,49.75806427001953,0
2019-07-22,49.75806427001953,49.75806427001953,49.75806427001953,49.75806427001953,5200
2019-07-23,49.75806427001953,49.75806427001953,49.75806427001953,49.75806427001953,500
2019-07-24,49.75806427001953,49.75806427001953,49.75806427001953,49.75806427001953,0
2019-07-25,49.75806427001953,49.75806427001953,49.75806427001953,49.75806427001953,700
2019-07-26,49.75806427001953,49.75806427001953,49.75806427001953,49.75806427001953,100
2019-07-29,49.75806427001953,49.75806427001953,49.75806427001953,49.75806427001953,100
2019-07-30,49.75806427001953,49.75806427001953,49.75806427001953,49.75806427001953,3200
2019-07-31,49.75806427001953,49.75806427001953,49.75806427001953,49.75806427001953,21000
2019-08-01,49.75806427001953,49.75806427001953,49.75806427001953,49.75806427001953,100
2019-08-02,49.75806427001953,49.75806427001953,49.75806427001953,49.75806427001953,400
2019-08-05,49.75806427001953,49.75806427001953,49.75806427001953,49.75806427001953,0
2019-08-06,49.75806427001953,49.75806427001953,49.75806427001953,49.75806427001953,24800
2019-08-07,49.75806427001953,49.75806427001953,49.75806427001953,49.75806427001953,500
2019-08-08,49.75806427001953,49.75806427001953,49.75806427001953,49.75806427001953,0
2019-08-09,49.75806427001953,49.75806427001953,49.75806427001953,49.75806427001953,0
2019-08-12,49.75806427001953,49.75806427001953,49.75806427001953,49.75806427001953,0
2019-08-13,49.75806427001953,49.75806427001953,49.75806427001953,49.75806427001953,500
2019-08-14,49.75806427001953,49.75806427001953,49.75806427001953,49.75806427001953,30000
2019-08-15,49.75806427001953,49.75806427001953,49.75806427001953,49.75806427001953,100
2019-08-16,49.75806427001953,49.75806427001953,49.75806427001953,49.75806427001953,0
2019-08-19,49.75806427001953,49.75806427001953,49.75806427001953,49.75806427001953,11500
2019-08-20,49.75806427001953,49.75806427001953,49.75806427001953,49.75806427001953,1300
2019-08-21,49.75806427001953,49.75806427001953,49.75806427001953,49.75806427001953,2600
2019-08-22,49.75806427001953,49.75806427001953,49.75806427001953,49.75806427001953,0
2019-08-23,49.75806427001953,49.75806427001953,49.75806427001953,49.75806427001953,0
2019-08-26,49.75806427001953,49.75806427001953,49.75806427001953,49.75806427001953,0
2019-08-27,49.75806427001953,49.75806427001953,49.75806427001953,49.75806427001953,100
2019-08-28,49.75806427001953,49.75806427001953,49.75806427001953,49.75806427001953,56300
2019-08-29,49.75806427001953,49.75806427001953,49.75806427001953,49.75806427001953,800
2019-08-30,49.75806427001953,49.75806427001953,49.75806427001953,49.75806427001953,4900
2019-09-02,49.75806427001953,49.75806427001953,49.75806427001953,49.75806427001953,0
2019-09-03,49.75806427001953,49.75806427001953,49.75806427001953,49.75806427001953,0
2019-09-04,49.75806427001953,49.75806427001953,49.75806427001953,49.75806427001953,1000
2019-09-05,49.75806427001953,49.75806427001953,49.75806427001953,49.75806427001953,0
2019-09-06,49.75806427001953,49.75806427001953,49.75806427001953,49.75806427001953,0
2019-09-09,49.75806427001953,49.75806427001953,49.75806427001953,49.75806427001953,12100
2019-09-10,49.75806427001953,49.75806427001953,49.75806427001953,49.75806427001953,5000
2019-09-11,49.75806427001953,49.75806427001953,49.75806427001953,49.75806427001953,18200
2019-09-12,49.75806427001953,49.75806427001953,49.75806427001953,49.75806427001953,27500
2019-09-13,49.75806427001953,49.75806427001953,49.75806427001953,49.75806427001953,8500
2019-09-16,49.75806427001953,49.75806427001953,49.75806427001953,49.75806427001953,202200
2019-09-17,49.75806427001953,49.75806427001953,49.75806427001953,49.75806427001953,58300
2019-09-18,49.75806427001953,49.75806427001953,49.75806427001953,49.75806427001953,10100
2019-09-19,49.75806427001953,49.75806427001953,49.75806427001953,49.75806427001953,0
2019-09-20,49.75806427001953,49.75806427001953,49.75806427001953,49.75806427001953,900
2019-09-23,49.75806427001953,49.75806427001953,49.75806427001953,49.75806427001953,700
2019-09-24,49.75806427001953,49.75806427001953,49.75806427001953,49.75806427001953,100200
2019-09-25,49.75806427001953,49.75806427001953,49.75806427001953,49.75806427001953,300
2019-09-26,49.75806427001953,49.75806427001953,49.75806427001953,49.75806427001953,0
2019-09-27,49.75806427001953,49.75806427001953,49.75806427001953,49.75806427001953,0
2019-09-30,49.75806427001953,49.75806427001953,49.75806427001953,49.75806427001953,40000
2019-10-01,49.75806427001953,49.75806427001953,49.75806427001953,49.75806427001953,0
2019-10-02,49.75806427001953,49.75806427001953,49.75806427001953,49.75806427001953,100
2019-10-03,49.75806427001953,49.75806427001953,49.75806427001953,49.75806427001953,250000
2019-10-04,49.75806427001953,49.75806427001953,49.75806427001953,49.75806427001953,30100
2019-10-07,49.75806427001953,49.75806427001953,49.75806427001953,49.75806427001953,0
2019-10-08,49.75806427001953,49.75806427001953,49.75806427001953,49.75806427001953,103200
2019-10-09,49.75806427001953,49.75806427001953,49.75806427001953,49.75806427001953,107000
2019-10-10,49.75806427001953,49.75806427001953,49.75806427001953,49.75806427001953,50000
2019-10-11,49.75806427001953,49.75806427001953,49.75806427001953,49.75806427001953,36700
2019-10-14,49.75806427001953,49.75806427001953,49.75806427001953,49.75806427001953,0
2019-10-15,49.75806427001953,49.75806427001953,49.75806427001953,49.75806427001953,1100
2019-10-16,49.75806427001953,49.75806427001953,49.75806427001953,49.75806427001953,100000
2019-10-17,49.75806427001953,49.75806427001953,49.75806427001953,49.75806427001953,100
2019-10-18,49.75806427001953,49.75806427001953,49.75806427001953,49.75806427001953,274000
2019-10-21,49.75806427001953,49.75806427001953,49.75806427001953,49.75806427001953,89300
2019-10-22,49.75806427001953,49.75806427001953,49.75806427001953,49.75806427001953,0
2019-10-23,49.75806427001953,49.75806427001953,49.75806427001953,49.75806427001953,0
2019-10-24,49.75806427001953,49.75806427001953,49.75806427001953,49.75806427001953,2000
2019-10-25,49.75806427001953,49.75806427001953,49.75806427001953,49.75806427001953,7800
2019-10-28,49.75806427001953,49.75806427001953,49.75806427001953,49.75806427001953,6000
2019-10-29,49.75806427001953,49.75806427001953,49.75806427001953,49.75806427001953,2400
2019-10-30,49.75806427001953,49.75806427001953,49.75806427001953,49.75806427001953,400
2019-10-31,49.75806427001953,49.75806427001953,49.75806427001953,49.75806427001953,60300
2019-11-01,49.75806427001953,49.75806427001953,49.75806427001953,49.75806427001953,143100
2019-11-04,49.75806427001953,49.75806427001953,49.75806427001953,49.75806427001953,2000
2019-11-05,49.75806427001953,49.75806427001953,49.75806427001953,49.75806427001953,4500
2019-11-06,49.75806427001953,49.75806427001953,49.75806427001953,49.75806427001953,13900
2019-11-07,49.75806427001953,49.75806427001953,49.75806427001953,49.75806427001953,154900
2019-11-08,49.75806427001953,49.75806427001953,49.75806427001953,49.75806427001953,0
2019-11-11,49.75806427001953,49.75806427001953,49.75806427001953,49.75806427001953,0
2019-11-12,49.75806427001953,49.75806427001953,49.75806427001953,49.75806427001953,5300
2019-11-13,49.75806427001953,49.75806427001953,49.75806427001953,49.75806427001953,100
2019-11-14,49.75806427001953,49.75806427001953,49.75806427001953,49.75806427001953,300
2019-11-15,49.75806427001953,49.75806427001953,49.75806427001953,49.75806427001953,0
2019-11-18,49.75806427001953,49.75806427001953,49.75806427001953,49.75806427001953,1400
2019-11-19,49.75806427001953,49.75806427001953,49.75806427001953,49.75806427001953,1700
2019-11-20,49.75806427001953,49.75806427001953,49.75806427001953,49.75806427001953,8100
2019-11-21,49.75806427001953,49.75806427001953,49.75806427001953,49.75806427001953,1100
2019-11-22,49.75806427001953,49.75806427001953,49.75806427001953,49.75806427001953,100
2019-11-25,49.75806427001953,49.75806427001953,49.75806427001953,49.75806427001953,100
2019-11-26,49.75806427001953,49.75806427001953,49.75806427001953,49.75806427001953,100
2019-11-27,49.75806427001953,49.75806427001953,49.75806427001953,49.75806427001953,2000
2019-11-28,49.75806427001953,49.75806427001953,49.75806427001953,49.75806427001953,100000
2019-11-29,49.75806427001953,49.75806427001953,49.75806427001953,49.75806427001953,10100
2019-12-02,49.75806427001953,49.75806427001953,49.75806427001953,49.75806427001953,102100
2019-12-03,49.75806427001953,49.75806427001953,49.75806427001953,49.75806427001953,0
2019-12-04,49.75806427001953,49.75806427001953,49.75806427001953,49.75806427001953,0
2019-12-05,49.75806427001953,49.75806427001953,49.75806427001953,49.75806427001953,259300
2019-12-06,49.75806427001953,49.75806427001953,49.75806427001953,49.75806427001953,100
2019-12-09,49.75806427001953,49.75806427001953,49.75806427001953,49.75806427001953,2100
2019-12-10,49.75806427001953,49.75806427001953,49.75806427001953,49.75806427001953,3800
2019-12-11,49.75806427001953,49.75806427001953,49.75806427001953,49.75806427001953,12600
2019-12-12,49.75806427001953,49.75806427001953,49.75806427001953,49.75806427001953,100
2019-12-13,49.75806427001953,49.75806427001953,49.75806427001953,49.75806427001953,5300
2019-12-16,49.75806427001953,49.75806427001953,49.75806427001953,49.75806427001953,4100
2019-12-17,49.75806427001953,49.75806427001953,49.75806427001953,49.75806427001953,2200
2019-12-18,49.75806427001953,49.75806427001953,49.75806427001953,49.75806427001953,30000
2019-12-19,49.75806427001953,49.75806427001953,49.75806427001953,49.75806427001953,1900
2019-12-20,49.75806427001953,49.75806427001953,49.75806427001953,49.75806427001953,100
2019-12-23,49.75806427001953,49.75806427001953,49.75806427001953,49.75806427001953,900
2019-12-26,49.75806427001953,49.75806427001953,49.75806427001953,49.75806427001953,2000
2019-12-27,49.75806427001953,49.75806427001953,49.75806427001953,49.75806427001953,7700
2019-12-30,49.75806427001953,49.75806427001953,49.75806427001953,49.75806427001953,14000
2020-01-02,49.75806427001953,49.75806427001953,49.75806427001953,49.75806427001953,13100
2020-01-03,49.75806427001953,49.75806427001953,49.75806427001953,49.75806427001953,1300
2020-01-06,49.75806427001953,49.75806427001953,49.75806427001953,49.75806427001953,100
2020-01-07,49.75806427001953,49.75806427001953,49.75806427001953,49.75806427001953,1900
2020-01-08,49.75806427001953,49.75806427001953,49.75806427001953,49.75806427001953,0
2020-01-09,49.75806427001953,49.75806427001953,49.75806427001953,49.75806427001953,100
2020-01-10,49.75806427001953,49.75806427001953,49.75806427001953,49.75806427001953,1300
2020-01-13,49.75806427001953,49.75806427001953,49.75806427001953,49.75806427001953,6500
2020-01-14,49.75806427001953,49.75806427001953,49.75806427001953,49.75806427001953,1300
2020-01-15,49.75806427001953,49.75806427001953,49.75806427001953,49.75806427001953,150900
2020-01-16,49.75806427001953,49.75806427001953,49.75806427001953,49.75806427001953,600
2020-01-17,49.75806427001953,49.75806427001953,49.75806427001953,49.75806427001953,400
2020-01-20,49.75806427001953,49.75806427001953,49.75806427001953,49.75806427001953,0
2020-01-21,49.75806427001953,49.75806427001953,49.75806427001953,49.75806427001953,20300
2020-01-22,49.75806427001953,49.75806427001953,49.75806427001953,49.75806427001953,100
2020-01-23,49.75806427001953,49.75806427001953,49.75806427001953,49.75806427001953,9700
2020-01-24,49.75806427001953,49.75806427001953,49.75806427001953,49.75806427001953,300
2020-01-27,49.75806427001953,49.75806427001953,49.75806427001953,49.75806427001953,300
2020-01-28,49.75806427001953,49.75806427001953,49.75806427001953,49.75806427001953,200
2020-01-29,49.75806427001953,49.75806427001953,49.75806427001953,49.75806427001953,0
2020-01-30,49.75806427001953,49.75806427001953,49.75806427001953,49.75806427001953,0
2020-01-31,49.75806427001953,49.75806427001953,49.75806427001953,49.75806427001953,0
2020-02-03,49.75806427001953,49.75806427001953,49.75806427001953,49.75806427001953,1100
2020-02-04,49.75806427001953,49.75806427001953,49.75806427001953,49.75806427001953,100
2020-02-05,49.75806427001953,49.75806427001953,49.75806427001953,49.75806427001953,10000
2020-02-06,49.75806427001953,49.75806427001953,49.75806427001953,49.75806427001953,0
2020-02-07,49.75806427001953,49.75806427001953,49.75806427001953,49.75806427001953,0
2020-02-10,49.75806427001953,49.75806427001953,49.75806427001953,49.75806427001953,0
2020-02-11,49.75806427001953,49.75806427001953,49.75806427001953,49.75806427001953,0
2020-02-12,49.75806427001953,49.75806427001953,49.75806427001953,49.75806427001953,100
2020-02-13,49.75806427001953,49.75806427001953,49.75806427001953,49.75806427001953,100
2020-02-14,49.75806427001953,49.75806427001953,49.75806427001953,49.75806427001953,0
2020-02-17,49.75806427001953,49.75806427001953,49.75806427001953,49.75806427001953,100
2020-02-18,49.75806427001953,49.75806427001953,49.75806427001953,49.75806427001953,0
2020-02-19,49.75806427001953,49.75806427001953,49.75806427001953,49.75806427001953,200
2020-02-20,49.75806427001953,49.75806427001953,49.75806427001953,49.75806427001953,6200
2020-02-21,49.75806427001953,49.75806427001953,49.75806427001953,49.75806427001953,200
2020-02-24,49.75806427001953,49.75806427001953,49.75806427001953,49.75806427001953,0
2020-02-25,49.75806427001953,49.75806427001953,49.75806427001953,49.75806427001953,100
2020-02-26,49.75806427001953,49.75806427001953,49.75806427001953,49.75806427001953,5100
2020-02-27,49.75806427001953,49.75806427001953,49.75806427001953,49.75806427001953,100
2020-02-28,49.75806427001953,49.75806427001953,49.75806427001953,49.75806427001953,200
2020-03-02,49.75806427001953,49.75806427001953,49.75806427001953,49.75806427001953,100
2020-03-03,49.75806427001953,49.75806427001953,49.75806427001953,49.75806427001953,10100
2020-03-04,49.75806427001953,49.75806427001953,49.75806427001953,49.75806427001953,600
2020-03-05,49.75806427001953,49.75806427001953,49.75806427001953,49.75806427001953,500
2020-03-06,49.75806427001953,49.75806427001953,49.75806427001953,49.75806427001953,400
2020-03-09,49.75806427001953,49.75806427001953,49.75806427001953,49.75806427001953,0
2020-03-10,49.75806427001953,49.75806427001953,49.75806427001953,49.75806427001953,0
2020-03-11,49.75806427001953,49.75806427001953,49.75806427001953,49.75806427001953,400
2020-03-12,49.75806427001953,49.75806427001953,49.75806427001953,49.75806427001953,0
2020-03-13,49.75806427001953,49.75806427001953,49.75806427001953,49.75806427001953,100
2020-03-16,49.75806427001953,49.75806427001953,49.75806427001953,49.75806427001953,200
2020-03-17,49.75806427001953,49.75806427001953,49.75806427001953,49.75806427001953,2000
2020-03-18,49.75806427001953,49.75806427001953,49.75806427001953,49.75806427001953,0
2020-03-19,49.75806427001953,49.75806427001953,49.75806427001953,49.75806427001953,0
2020-03-20,49.75806427001953,49.75806427001953,49.75806427001953,49.75806427001953,0
2020-03-23,49.75806427001953,49.75806427001953,49.75806427001953,49.75806427001953,1000
2020-03-24,49.75806427001953,49.75806427001953,49.75806427001953,49.75806427001953,2000
2020-03-26,49.75806427001953,49.75806427001953,49.75806427001953,49.75806427001953,1000
2020-03-27,49.75806427001953,49.75806427001953,49.75806427001953,49.75806427001953,2100
2020-03-30,49.75806427001953,49.75806427001953,49.75806427001953,49.75806427001953,16300
2020-03-31,49.75806427001953,49.75806427001953,49.75806427001953,49.75806427001953,0
2020-04-01,49.75806427001953,49.75806427001953,49.75806427001953,49.75806427001953,0
2020-04-02,49.75806427001953,49.75806427001953,49.75806427001953,49.75806427001953,0
2020-04-03,49.75806427001953,49.75806427001953,49.75806427001953,49.75806427001953,300
2020-04-06,49.75806427001953,49.75806427001953,49.75806427001953,49.75806427001953,104800
2020-04-07,49.75806427001953,49.75806427001953,49.75806427001953,49.75806427001953,100
2020-04-08,49.75806427001953,49.75806427001953,49.75806427001953,49.75806427001953,100
2020-04-09,49.75806427001953,49.75806427001953,49.75806427001953,49.75806427001953,1400
2020-04-13,49.75806427001953,49.75806427001953,49.75806427001953,49.75806427001953,400
2020-04-14,49.75806427001953,49.75806427001953,49.75806427001953,49.75806427001953,5000
2020-04-15,49.75806427001953,49.75806427001953,49.75806427001953,49.75806427001953,300000
2020-04-16,49.75806427001953,49.75806427001953,49.75806427001953,49.75806427001953,10000
2020-04-17,49.75806427001953,49.75806427001953,49.75806427001953,49.75806427001953,0
2020-04-20,49.75806427001953,49.75806427001953,49.75806427001953,49.75806427001953,300
2020-04-21,49.75806427001953,49.75806427001953,49.75806427001953,49.75806427001953,100
2020-04-22,49.75806427001953,49.75806427001953,49.75806427001953,49.75806427001953,100
2020-04-23,49.75806427001953,49.75806427001953,49.75806427001953,49.75806427001953,500
2020-04-24,49.75806427001953,49.75806427001953,49.75806427001953,49.75806427001953,1800
2020-04-27,49.75806427001953,49.75806427001953,49.75806427001953,49.75806427001953,1100
2020-04-28,49.75806427001953,49.75806427001953,49.75806427001953,49.75806427001953,400
2020-04-29,49.75806427001953,49.75806427001953,49.75806427001953,49.75806427001953,200
2020-04-30,49.75806427001953,49.75806427001953,49.75806427001953,49.75806427001953,1900
2020-05-04,49.75806427001953,49.75806427001953,49.75806427001953,49.75806427001953,120200
2020-05-05,49.75806427001953,49.75806427001953,49.75806427001953,49.75806427001953,400
2020-05-06,49.75806427001953,49.75806427001953,49.75806427001953,49.75806427001953,1100
2020-05-08,49.75806427001953,49.75806427001953,49.75806427001953,49.75806427001953,0
2020-05-11,49.75806427001953,49.75806427001953,49.75806427001953,49.75806427001953,100
2020-05-12,49.75806427001953,49.75806427001953,49.75806427001953,49.75806427001953,300
2020-05-13,49.75806427001953,49.75806427001953,49.75806427001953,49.75806427001953,100
2020-05-14,49.75806427001953,49.75806427001953,49.75806427001953,49.75806427001953,0
2020-05-15,49.75806427001953,49.75806427001953,49.75806427001953,49.75806427001953,2400
2020-05-18,49.75806427001953,49.75806427001953,49.75806427001953,49.75806427001953,400
2020-05-19,49.75806427001953,49.75806427001953,49.75806427001953,49.75806427001953,300
2020-05-20,49.75806427001953,49.75806427001953,49.75806427001953,49.75806427001953,200
2020-05-26,49.75806427001953,49.75806427001953,49.75806427001953,49.75806427001953,500
2020-05-27,49.75806427001953,49.75806427001953,49.75806427001953,49.75806427001953,200
2020-05-28,49.75806427001953,49.75806427001953,49.75806427001953,49.75806427001953,20200
2020-05-29,49.75806427001953,49.75806427001953,49.75806427001953,49.75806427001953,0
2020-06-02,49.75806427001953,49.75806427001953,49.75806427001953,49.75806427001953,900
2020-06-03,49.75806427001953,49.75806427001953,49.75806427001953,49.75806427001953,500
2020-06-04,49.75806427001953,49.75806427001953,49.75806427001953,49.75806427001953,200
2020-06-05,49.75806427001953,49.75806427001953,49.75806427001953,49.75806427001953,301400
2020-06-08,49.75806427001953,49.75806427001953,49.75806427001953,49.75806427001953,2100
2020-06-09,49.75806427001953,49.75806427001953,49.75806427001953,49.75806427001953,1400
2020-06-10,49.75806427001953,49.75806427001953,49.75806427001953,49.75806427001953,1000
2020-06-11,49.75806427001953,49.75806427001953,49.75806427001953,49.75806427001953,203300
2020-06-12,49.75806427001953,49.75806427001953,49.75806427001953,49.75806427001953,6100
2020-06-15,49.75806427001953,49.75806427001953,49.75806427001953,49.75806427001953,58600
2020-06-16,49.75806427001953,49.75806427001953,49.75806427001953,49.75806427001953,11800
2020-06-17,49.75806427001953,49.75806427001953,49.75806427001953,49.75806427001953,113400
2020-06-18,49.75806427001953,49.75806427001953,49.75806427001953,49.75806427001953,21900
2020-06-19,49.75806427001953,49.75806427001953,49.75806427001953,49.75806427001953,3000
2020-06-22,49.75806427001953,49.75806427001953,49.75806427001953,49.75806427001953,21200
2020-06-23,49.75806427001953,49.75806427001953,49.75806427001953,49.75806427001953,1000
2020-06-24,49.75806427001953,49.75806427001953,49.75806427001953,49.75806427001953,130000
2020-06-25,49.75806427001953,49.75806427001953,49.75806427001953,49.75806427001953,9500
2020-06-26,49.75806427001953,49.75806427001953,49.75806427001953,49.75806427001953,2200
2020-06-29,49.75806427001953,49.75806427001953,49.75806427001953,49.75806427001953,1800
2020-06-30,49.75806427001953,49.75806427001953,49.75806427001953,49.75806427001953,6100
2020-07-01,49.75806427001953,49.75806427001953,49.75806427001953,49.75806427001953,1100
2020-07-02,49.75806427001953,49.75806427001953,49.75806427001953,49.75806427001953,300
2020-07-03,49.75806427001953,49.75806427001953,49.75806427001953,49.75806427001953,0
2020-07-06,49.75806427001953,49.75806427001953,49.75806427001953,49.75806427001953,30100
2020-07-07,49.75806427001953,49.75806427001953,49.75806427001953,49.75806427001953,0
2020-07-08,49.75806427001953,49.75806427001953,49.75806427001953,49.75806427001953,2200
2020-07-09,49.75806427001953,49.75806427001953,49.75806427001953,49.75806427001953,500
2020-07-10,49.75806427001953,49.75806427001953,49.75806427001953,49.75806427001953,0
2020-07-13,49.75806427001953,49.75806427001953,49.75806427001953,49.75806427001953,100
2020-07-14,49.75806427001953,49.75806427001953,49.75806427001953,49.75806427001953,900
2020-07-15,49.75806427001953,49.75806427001953,49.75806427001953,49.75806427001953,203800
2020-07-16,49.75806427001953,49.75806427001953,49.75806427001953,49.75806427001953,0
2020-07-17,49.75806427001953,49.75806427001953,49.75806427001953,49.75806427001953,10100
2020-07-20,49.75806427001953,49.75806427001953,49.75806427001953,49.75806427001953,1200
2020-07-21,49.75806427001953,49.75806427001953,49.75806427001953,49.75806427001953,0
2020-07-22,49.75806427001953,49.75806427001953,49.75806427001953,49.75806427001953,100
2020-07-23,49.75806427001953,49.75806427001953,49.75806427001953,49.75806427001953,1010000
2020-07-24,49.75806427001953,49.75806427001953,49.75806427001953,49.75806427001953,300
2020-07-27,49.75806427001953,49.75806427001953,49.75806427001953,49.75806427001953,180100
2020-07-28,49.75806427001953,49.75806427001953,49.75806427001953,49.75806427001953,0
2020-07-29,49.75806427001953,49.75806427001953,49.75806427001953,49.75806427001953,100
2020-07-30,49.75806427001953,49.75806427001953,49.75806427001953,49.75806427001953,0
2020-08-03,49.75806427001953,49.75806427001953,49.75806427001953,49.75806427001953,200
2020-08-04,49.75806427001953,49.75806427001953,49.75806427001953,49.75806427001953,400
2020-08-05,49.75806427001953,49.75806427001953,49.75806427001953,49.75806427001953,22200
2020-08-06,49.75806427001953,49.75806427001953,49.75806427001953,49.75806427001953,200
2020-08-07,49.75806427001953,49.75806427001953,49.75806427001953,49.75806427001953,2000
2020-08-10,49.75806427001953,49.75806427001953,49.75806427001953,49.75806427001953,100
2020-08-11,49.75806427001953,49.75806427001953,49.75806427001953,49.75806427001953,0
2020-08-12,49.75806427001953,49.75806427001953,49.75806427001953,49.75806427001953,7000
2020-08-13,49.75806427001953,49.75806427001953,49.75806427001953,49.75806427001953,300
2020-08-14,49.75806427001953,49.75806427001953,49.75806427001953,49.75806427001953,300
2020-08-18,49.75806427001953,49.75806427001953,49.75806427001953,49.75806427001953,200
2020-08-19,49.75806427001953,49.75806427001953,49.75806427001953,49.75806427001953,11700
2020-08-24,49.75806427001953,49.75806427001953,49.75806427001953,49.75806427001953,10000
2020-08-25,49.75806427001953,49.75806427001953,49.75806427001953,49.75806427001953,0
2020-08-26,49.75806427001953,49.75806427001953,49.75806427001953,49.75806427001953,10400
2020-08-27,49.75806427001953,49.75806427001953,49.75806427001953,49.75806427001953,338800
2020-08-28,49.75806427001953,49.75806427001953,49.75806427001953,49.75806427001953,1000
2020-08-31,49.75806427001953,49.75806427001953,49.75806427001953,49.75806427001953,20000
2020-09-01,49.75806427001953,49.75806427001953,49.75806427001953,49.75806427001953,162100
2020-09-02,49.75806427001953,49.75806427001953,49.75806427001953,49.75806427001953,1182900
2020-09-03,49.75806427001953,49.75806427001953,49.75806427001953,49.75806427001953,10108500
2020-09-04,49.75806427001953,49.75806427001953,49.75806427001953,49.75806427001953,82100
2020-09-07,49.75806427001953,49.75806427001953,49.75806427001953,49.75806427001953,2000
2020-09-08,49.75806427001953,49.75806427001953,49.75806427001953,49.75806427001953,1500
2020-09-09,49.75806427001953,49.75806427001953,49.75806427001953,49.75806427001953,7200
2020-09-10,49.75806427001953,49.75806427001953,49.75806427001953,49.75806427001953,0
2020-09-11,49.75806427001953,49.75806427001953,49.75806427001953,49.75806427001953,0
2020-09-14,49.75806427001953,49.75806427001953,49.75806427001953,49.75806427001953,200
2020-09-15,49.75806427001953,49.75806427001953,49.75806427001953,49.75806427001953,2307500
2020-09-16,49.75806427001953,49.75806427001953,49.75806427001953,49.75806427001953,1300
2020-09-17,49.75806427001953,49.75806427001953,49.75806427001953,49.75806427001953,600
2020-09-18,49.75806427001953,49.75806427001953,49.75806427001953,49.75806427001953,900
2020-09-21,49.75806427001953,49.75806427001953,49.75806427001953,49.75806427001953,200
2020-09-22,49.75806427001953,49.75806427001953,49.75806427001953,49.75806427001953,20700
2020-09-23,49.75806427001953,49.75806427001953,49.75806427001953,49.75806427001953,0
2020-09-24,49.75806427001953,49.75806427001953,49.75806427001953,49.75806427001953,400
2020-09-25,49.75806427001953,49.75806427001953,49.75806427001953,49.75806427001953,0
2020-09-28,49.75806427001953,49.75806427001953,49.75806427001953,49.75806427001953,2100
2020-09-29,49.75806427001953,49.75806427001953,49.75806427001953,49.75806427001953,500
2020-09-30,49.75806427001953,49.75806427001953,49.75806427001953,49.75806427001953,0
2020-10-01,49.75806427001953,49.75806427001953,49.75806427001953,49.75806427001953,1000
2020-10-02,49.75806427001953,49.75806427001953,49.75806427001953,49.75806427001953,3000
2020-10-05,49.75806427001953,49.75806427001953,49.75806427001953,49.75806427001953,0
2020-10-06,49.75806427001953,49.75806427001953,49.75806427001953,49.75806427001953,150400
2020-10-07,49.75806427001953,49.75806427001953,49.75806427001953,49.75806427001953,400
2020-10-08,49.75806427001953,49.75806427001953,49.75806427001953,49.75806427001953,50400
2020-10-09,49.75806427001953,49.75806427001953,49.75806427001953,49.75806427001953,140300
2020-10-12,49.75806427001953,49.75806427001953,49.75806427001953,49.75806427001953,200
2020-10-13,49.75806427001953,49.75806427001953,49.75806427001953,49.75806427001953,300
2020-10-14,49.75806427001953,49.75806427001953,49.75806427001953,49.75806427001953,4100
2020-10-15,49.75806427001953,49.75806427001953,49.75806427001953,49.75806427001953,6200
2020-10-16,49.75806427001953,49.75806427001953,49.75806427001953,49.75806427001953,300
2020-10-19,49.75806427001953,49.75806427001953,49.75806427001953,49.75806427001953,51200
2020-10-20,49.75806427001953,49.75806427001953,49.75806427001953,49.75806427001953,20900
2020-10-21,49.75806427001953,49.75806427001953,49.75806427001953,49.75806427001953,11300
2020-10-22,49.75806427001953,49.75806427001953,49.75806427001953,49.75806427001953,0
2020-10-23,49.75806427001953,49.75806427001953,49.75806427001953,49.75806427001953,100
2020-10-26,49.75806427001953,49.75806427001953,49.75806427001953,49.75806427001953,28200
2020-10-27,49.75806427001953,49.75806427001953,49.75806427001953,49.75806427001953,0
2020-11-02,49.75806427001953,49.75806427001953,49.75806427001953,49.75806427001953,2000
2020-11-03,49.75806427001953,49.75806427001953,49.75806427001953,49.75806427001953,10100
2020-11-04,49.75806427001953,49.75806427001953,49.75806427001953,49.75806427001953,200
2020-11-05,49.75806427001953,49.75806427001953,49.75806427001953,49.75806427001953,1300
2020-11-06,49.75806427001953,49.75806427001953,49.75806427001953,49.75806427001953,23200
2020-11-09,49.75806427001953,49.75806427001953,49.75806427001953,49.75806427001953,544000
2020-11-10,49.75806427001953,49.75806427001953,49.75806427001953,49.75806427001953,9800
2020-11-11,49.75806427001953,49.75806427001953,49.75806427001953,49.75806427001953,33000
2020-11-12,49.75806427001953,49.75806427001953,49.75806427001953,49.75806427001953,3800
2020-11-13,49.75806427001953,49.75806427001953,49.75806427001953,49.75806427001953,2200
2020-11-16,49.75806427001953,49.75806427001953,49.75806427001953,49.75806427001953,25000
2020-11-17,49.75806427001953,49.75806427001953,49.75806427001953,49.75806427001953,40100
2020-11-18,49.75806427001953,49.75806427001953,49.75806427001953,49.75806427001953,100
2020-11-19,49.75806427001953,49.75806427001953,49.75806427001953,49.75806427001953,27400
2020-11-20,49.75806427001953,49.75806427001953,49.75806427001953,49.75806427001953,85200
2020-11-23,49.75806427001953,49.75806427001953,49.75806427001953,49.75806427001953,44600
2020-11-24,49.75806427001953,49.75806427001953,49.75806427001953,49.75806427001953,516600
2020-11-25,49.75806427001953,49.75806427001953,49.75806427001953,49.75806427001953,14733100
2020-11-26,49.75806427001953,49.75806427001953,49.75806427001953,49.75806427001953,11822000
2020-11-27,49.75806427001953,49.75806427001953,49.75806427001953,49.75806427001953,2578000
2020-11-30,49.75806427001953,49.75806427001953,49.75806427001953,49.75806427001953,416500
2020-12-01,49.75806427001953,49.75806427001953,49.75806427001953,49.75806427001953,89100
2020-12-02,49.75806427001953,49.75806427001953,49.75806427001953,49.75806427001953,93700
2020-12-03,49.75806427001953,49.75806427001953,49.75806427001953,49.75806427001953,161800
2020-12-04,49.75806427001953,49.75806427001953,49.75806427001953,49.75806427001953,1205800
2020-12-07,49.75806427001953,49.75806427001953,49.75806427001953,49.75806427001953,4903000
2020-12-08,49.75806427001953,49.75806427001953,49.75806427001953,49.75806427001953,635200
2020-12-10,49.75806427001953,49.75806427001953,49.75806427001953,49.75806427001953,114500
2020-12-11,49.75806427001953,49.75806427001953,49.75806427001953,49.75806427001953,64600
2020-12-14,49.75806427001953,49.75806427001953,49.75806427001953,49.75806427001953,196900
2020-12-15,49.75806427001953,49.75806427001953,49.75806427001953,49.75806427001953,86100
2020-12-16,49.75806427001953,49.75806427001953,49.75806427001953,49.75806427001953,216800
2020-12-17,49.75806427001953,49.75806427001953,49.75806427001953,49.75806427001953,5646600
2020-12-18,49.75806427001953,49.75806427001953,49.75806427001953,49.75806427001953,13518200
2020-12-21,49.75806427001953,49.75806427001953,49.75806427001953,49.75806427001953,949300
2020-12-22,49.75806427001953,49.75806427001953,49.75806427001953,49.75806427001953,36800
2020-12-23,49.75806427001953,49.75806427001953,49.75806427001953,49.75806427001953,28200
2020-12-28,49.75806427001953,49.75806427001953,49.75806427001953,49.75806427001953,12300
2020-12-29,49.75806427001953,49.75806427001953,49.75806427001953,49.75806427001953,223800
2020-12-30,49.75806427001953,49.75806427001953,49.75806427001953,49.75806427001953,176500
2021-01-04,49.75806427001953,49.75806427001953,49.75806427001953,49.75806427001953,187300
2021-01-05,49.75806427001953,49.75806427001953,49.75806427001953,49.75806427001953,495700
2021-01-06,49.75806427001953,49.75806427001953,49.75806427001953,49.75806427001953,36900
2021-01-07,49.75806427001953,49.75806427001953,49.75806427001953,49.75806427001953,1400
2021-01-08,49.75806427001953,49.75806427001953,49.75806427001953,49.75806427001953,35700
2021-01-11,49.75806427001953,49.75806427001953,49.75806427001953,49.75806427001953,102900
2021-01-12,49.75806427001953,49.75806427001953,49.75806427001953,49.75806427001953,137700
2021-01-13,49.75806427001953,49.75806427001953,49.75806427001953,49.75806427001953,8004600
2021-01-14,49.75806427001953,49.75806427001953,49.75806427001953,49.75806427001953,42187300
2021-01-15,52.74354934692383,56.72419458065393,49.75806542162625,49.75806542162625,2449468100
2021-01-18,69.66129302978516,69.66129302978516,52.74355043683733,53.73871176583426,3077462900
2021-01-19,65.68064880371094,73.64193956779711,65.68064880371094,71.65161687677556,1056130300
2021-01-20,61.70000076293945,62.69516206556751,61.70000076293945,62.69516206556751,56017400
2021-01-21,57.719356536865234,61.70000181526974,57.719356536865234,57.719356536865234,132579600
2021-01-22,53.73870849609375,53.73870849609375,53.73870849609375,53.73870849609375,82245200
2021-01-25,50.75322723388672,50.75322723388672,50.75322723388672,50.75322723388672,56323000
2021-01-26,49.75806427001953,49.75806427001953,49.75806427001953,49.75806427001953,37766800
2021-01-27,49.75806427001953,49.75806427001953,49.75806427001953,49.75806427001953,6861700
2021-01-28,49.75806427001953,49.75806427001953,49.75806427001953,49.75806427001953,6622200
2021-01-29,49.75806427001953,49.75806427001953,49.75806427001953,49.75806427001953,1528500
2021-02-01,49.75806427001953,49.75806427001953,49.75806427001953,49.75806427001953,5775500
2021-02-02,49.75806427001953,52.7435481262207,49.75806427001953,49.75806427001953,443312000
2021-02-03,49.75806427001953,49.75806427001953,49.75806427001953,49.75806427001953,6276800
2021-02-04,49.75806427001953,49.75806427001953,49.75806427001953,49.75806427001953,672200
2021-02-05,49.75806427001953,49.75806427001953,49.75806427001953,49.75806427001953,5422900
2021-02-08,49.75806427001953,49.75806427001953,49.75806427001953,49.75806427001953,15767200
2021-02-09,49.75806427001953,49.75806427001953,49.75806427001953,49.75806427001953,2839800
2021-02-10,49.75806427001953,49.75806427001953,49.75806427001953,49.75806427001953,2781300
2021-02-11,49.75806427001953,49.75806427001953,49.75806427001953,49.75806427001953,435200
2021-02-15,49.75806427001953,49.75806427001953,49.75806427001953,49.75806427001953,1233400
2021-02-16,49.75806427001953,49.75806427001953,49.75806427001953,49.75806427001953,622400
2021-02-17,49.75806427001953,49.75806427001953,49.75806427001953,49.75806427001953,494900
2021-02-18,49.75806427001953,49.75806427001953,49.75806427001953,49.75806427001953,1953800
2021-02-19,49.75806427001953,49.75806427001953,49.75806427001953,49.75806427001953,529200
2021-02-22,49.75806427001953,49.75806427001953,49.75806427001953,49.75806427001953,1587700
2021-02-23,49.75806427001953,49.75806427001953,49.75806427001953,49.75806427001953,2450600
2021-02-24,49.75806427001953,49.75806427001953,49.75806427001953,49.75806427001953,396600
2021-02-25,49.75806427001953,49.75806427001953,49.75806427001953,49.75806427001953,4023000
2021-02-26,49.75806427001953,49.75806427001953,49.75806427001953,49.75806427001953,2532600
2021-03-01,49.75806427001953,49.75806427001953,49.75806427001953,49.75806427001953,589100
2021-03-02,49.75806427001953,49.75806427001953,49.75806427001953,49.75806427001953,409300
2021-03-03,49.75806427001953,49.75806427001953,49.75806427001953,49.75806427001953,833500
2021-03-04,49.75806427001953,49.75806427001953,49.75806427001953,49.75806427001953,1312700
2021-03-05,49.75806427001953,49.75806427001953,49.75806427001953,49.75806427001953,415500
2021-03-08,49.75806427001953,49.75806427001953,49.75806427001953,49.75806427001953,537800
2021-03-09,49.75806427001953,49.75806427001953,49.75806427001953,49.75806427001953,289900
2021-03-10,49.75806427001953,49.75806427001953,49.75806427001953,49.75806427001953,301300
2021-03-12,49.75806427001953,49.75806427001953,49.75806427001953,49.75806427001953,1498200
2021-03-15,49.75806427001953,49.75806427001953,49.75806427001953,49.75806427001953,408500
2021-03-16,49.75806427001953,49.75806427001953,49.75806427001953,49.75806427001953,2732600
2021-03-17,49.75806427001953,49.75806427001953,49.75806427001953,49.75806427001953,178600
2021-03-18,49.75806427001953,49.75806427001953,49.75806427001953,49.75806427001953,616600
2021-03-19,49.75806427001953,50.753225555419924,49.75806427001953,49.75806427001953,145119700
2021-03-22,49.75806427001953,49.75806427001953,49.75806427001953,49.75806427001953,23861500
2021-03-23,49.75806427001953,53.738709411621095,49.75806427001953,49.75806427001953,829781600
2021-03-24,49.75806427001953,50.753225555419924,49.75806427001953,49.75806427001953,26157700
2021-03-25,49.75806427001953,49.75806427001953,49.75806427001953,49.75806427001953,622900
2021-03-26,49.75806427001953,49.75806427001953,49.75806427001953,49.75806427001953,482500
2021-03-29,49.75806427001953,49.75806427001953,49.75806427001953,49.75806427001953,971400
2021-03-30,49.75806427001953,49.75806427001953,49.75806427001953,49.75806427001953,177100
2021-03-31,49.75806427001953,49.75806427001953,49.75806427001953,49.75806427001953,34700
2021-04-01,49.75806427001953,49.75806427001953,49.75806427001953,49.75806427001953,222200
2021-04-05,49.75806427001953,49.75806427001953,49.75806427001953,49.75806427001953,40700
2021-04-06,49.75806427001953,49.75806427001953,49.75806427001953,49.75806427001953,45000
2021-04-07,49.75806427001953,49.75806427001953,49.75806427001953,49.75806427001953,243300
2021-04-08,49.75806427001953,49.75806427001953,49.75806427001953,49.75806427001953,130400
2021-04-09,49.75806427001953,49.75806427001953,49.75806427001953,49.75806427001953,1255700
2021-04-12,49.75806427001953,49.75806427001953,49.75806427001953,49.75806427001953,247200
2021-04-13,49.75806427001953,49.75806427001953,49.75806427001953,49.75806427001953,55100
2021-04-14,49.75806427001953,49.75806427001953,49.75806427001953,49.75806427001953,139900
2021-04-15,49.75806427001953,49.75806427001953,49.75806427001953,49.75806427001953,57600
2021-04-16,49.75806427001953,49.75806427001953,49.75806427001953,49.75806427001953,222200
2021-04-19,49.75806427001953,49.75806427001953,49.75806427001953,49.75806427001953,49800
2021-04-20,49.75806427001953,49.75806427001953,49.75806427001953,49.75806427001953,31200
2021-04-21,49.75806427001953,49.75806427001953,49.75806427001953,49.75806427001953,37600
2021-04-22,49.75806427001953,49.75806427001953,49.75806427001953,49.75806427001953,87800
2021-04-23,49.75806427001953,49.75806427001953,49.75806427001953,49.75806427001953,355000
2021-04-26,49.75806427001953,49.75806427001953,49.75806427001953,49.75806427001953,147100
2021-04-27,49.75806427001953,49.75806427001953,49.75806427001953,49.75806427001953,126600
2021-04-28,49.75806427001953,49.75806427001953,49.75806427001953,49.75806427001953,169800
2021-04-29,49.75806427001953,49.75806427001953,49.75806427001953,49.75806427001953,31100
2021-04-30,49.75806427001953,49.75806427001953,49.75806427001953,49.75806427001953,47300
2021-05-03,49.75806427001953,49.75806427001953,49.75806427001953,49.75806427001953,543200
2021-05-04,49.75806427001953,49.75806427001953,49.75806427001953,49.75806427001953,572800
2021-05-05,49.75806427001953,49.75806427001953,49.75806427001953,49.75806427001953,142800
2021-05-06,49.75806427001953,49.75806427001953,49.75806427001953,49.75806427001953,50400
2021-05-07,49.75806427001953,49.75806427001953,49.75806427001953,49.75806427001953,459200
2021-05-10,49.75806427001953,49.75806427001953,49.75806427001953,49.75806427001953,247100
2021-05-11,49.75806427001953,49.75806427001953,49.75806427001953,49.75806427001953,132500
2021-05-17,49.75806427001953,49.75806427001953,49.75806427001953,49.75806427001953,137900
2021-05-18,49.75806427001953,49.75806427001953,49.75806427001953,49.75806427001953,655700
2021-05-19,49.75806427001953,49.75806427001953,49.75806427001953,49.75806427001953,71200
2021-05-20,49.75806427001953,49.75806427001953,49.75806427001953,49.75806427001953,56000
2021-05-21,49.75806427001953,49.75806427001953,49.75806427001953,49.75806427001953,49100
2021-05-24,49.75806427001953,49.75806427001953,49.75806427001953,49.75806427001953,104600
2021-05-25,49.75806427001953,49.75806427001953,49.75806427001953,49.75806427001953,23200
2021-05-27,49.75806427001953,49.75806427001953,49.75806427001953,49.75806427001953,15100
2021-05-28,49.75806427001953,49.75806427001953,49.75806427001953,49.75806427001953,58900
2021-05-31,49.75806427001953,49.75806427001953,49.75806427001953,49.75806427001953,93100
2021-06-02,49.75806427001953,49.75806427001953,49.75806427001953,49.75806427001953,139600
2021-06-03,49.75806427001953,49.75806427001953,49.75806427001953,49.75806427001953,15600
2021-06-04,49.75806427001953,49.75806427001953,49.75806427001953,49.75806427001953,1147700
2021-06-07,49.75806427001953,49.75806427001953,49.75806427001953,49.75806427001953,387400
2021-06-08,49.75806427001953,49.75806427001953,49.75806427001953,49.75806427001953,288600
2021-06-09,49.75806427001953,49.75806427001953,49.75806427001953,49.75806427001953,450300
2021-06-10,49.75806427001953,49.75806427001953,49.75806427001953,49.75806427001953,160600
2021-06-11,49.75806427001953,49.75806427001953,49.75806427001953,49.75806427001953,1038300
2021-06-14,49.75806427001953,49.75806427001953,49.75806427001953,49.75806427001953,166900
2021-06-15,49.75806427001953,49.75806427001953,49.75806427001953,49.75806427001953,110500
2021-06-16,49.75806427001953,49.75806427001953,49.75806427001953,49.75806427001953,59700
2021-06-17,49.75806427001953,49.75806427001953,49.75806427001953,49.75806427001953,86400
2021-06-18,49.75806427001953,49.75806427001953,49.75806427001953,49.75806427001953,90100
2021-06-21,49.75806427001953,49.75806427001953,49.75806427001953,49.75806427001953,63200
2021-06-22,49.75806427001953,49.75806427001953,49.75806427001953,49.75806427001953,20800
2021-06-23,49.75806427001953,49.75806427001953,49.75806427001953,49.75806427001953,699600
2021-06-24,49.75806427001953,49.75806427001953,49.75806427001953,49.75806427001953,345900
2021-06-25,49.75806427001953,49.75806427001953,49.75806427001953,49.75806427001953,297800
2021-06-28,49.75806427001953,49.75806427001953,49.75806427001953,49.75806427001953,14600
2021-06-29,49.75806427001953,49.75806427001953,49.75806427001953,49.75806427001953,79200
2021-06-30,49.75806427001953,49.75806427001953,49.75806427001953,49.75806427001953,446000
2021-07-01,49.75806427001953,49.75806427001953,49.75806427001953,49.75806427001953,29000
2021-07-02,49.75806427001953,49.75806427001953,49.75806427001953,49.75806427001953,22500
2021-07-05,49.75806427001953,49.75806427001953,49.75806427001953,49.75806427001953,15000
2021-07-06,49.75806427001953,49.75806427001953,49.75806427001953,49.75806427001953,1624000
2021-07-07,49.75806427001953,49.75806427001953,49.75806427001953,49.75806427001953,272700
2021-07-08,49.75806427001953,49.75806427001953,49.75806427001953,49.75806427001953,169300
2021-07-09,49.75806427001953,49.75806427001953,49.75806427001953,49.75806427001953,20800
2021-07-12,49.75806427001953,49.75806427001953,49.75806427001953,49.75806427001953,674500
2021-07-13,49.75806427001953,49.75806427001953,49.75806427001953,49.75806427001953,7400
2021-07-14,49.75806427001953,49.75806427001953,49.75806427001953,49.75806427001953,7500
2021-07-15,49.75806427001953,49.75806427001953,49.75806427001953,49.75806427001953,66000
2021-07-16,49.75806427001953,49.75806427001953,49.75806427001953,49.75806427001953,2600
2021-07-19,49.75806427001953,49.75806427001953,49.75806427001953,49.75806427001953,26000
2021-07-21,49.75806427001953,49.75806427001953,49.75806427001953,49.75806427001953,12600
2021-07-22,49.75806427001953,49.75806427001953,49.75806427001953,49.75806427001953,44300
2021-07-23,49.75806427001953,49.75806427001953,49.75806427001953,49.75806427001953,745200
2021-07-26,49.75806427001953,49.75806427001953,49.75806427001953,49.75806427001953,15900
2021-07-27,49.75806427001953,49.75806427001953,49.75806427001953,49.75806427001953,12800
2021-07-28,49.75806427001953,49.75806427001953,49.75806427001953,49.75806427001953,127300
2021-07-29,49.75806427001953,49.75806427001953,49.75806427001953,49.75806427001953,141500
2021-07-30,49.75806427001953,49.75806427001953,49.75806427001953,49.75806427001953,15600
2021-08-02,49.75806427001953,49.75806427001953,49.75806427001953,49.75806427001953,463800
2021-08-03,49.75806427001953,49.75806427001953,49.75806427001953,49.75806427001953,170900
2021-08-04,49.75806427001953,49.75806427001953,49.75806427001953,49.75806427001953,107400
2021-08-05,49.75806427001953,49.75806427001953,49.75806427001953,49.75806427001953,6800
2021-08-06,49.75806427001953,49.75806427001953,49.75806427001953,49.75806427001953,20800
2021-08-09,49.75806427001953,49.75806427001953,49.75806427001953,49.75806427001953,8600
2021-08-10,49.75806427001953,49.75806427001953,49.75806427001953,49.75806427001953,552400
2021-08-12,49.75806427001953,49.75806427001953,49.75806427001953,49.75806427001953,22700
2021-08-13,49.75806427001953,49.75806427001953,49.75806427001953,49.75806427001953,2300
2021-08-16,49.75806427001953,49.75806427001953,49.75806427001953,49.75806427001953,248500
2021-08-18,49.75806427001953,49.75806427001953,49.75806427001953,49.75806427001953,107700
2021-08-19,49.75806427001953,49.75806427001953,49.75806427001953,49.75806427001953,67300
2021-08-20,49.75806427001953,49.75806427001953,49.75806427001953,49.75806427001953,72000
2021-08-23,49.75806427001953,49.75806427001953,49.75806427001953,49.75806427001953,6400
2021-08-24,49.75806427001953,49.75806427001953,49.75806427001953,49.75806427001953,9500
2021-08-25,49.75806427001953,49.75806427001953,49.75806427001953,49.75806427001953,199300
2021-08-26,49.75806427001953,49.75806427001953,49.75806427001953,49.75806427001953,30800
2021-08-27,49.75806427001953,49.75806427001953,49.75806427001953,49.75806427001953,566500
2021-08-30,49.75806427001953,49.75806427001953,49.75806427001953,49.75806427001953,40000
2021-08-31,49.75806427001953,49.75806427001953,49.75806427001953,49.75806427001953,77700
2021-09-01,49.75806427001953,49.75806427001953,49.75806427001953,49.75806427001953,55000
2021-09-02,49.75806427001953,49.75806427001953,49.75806427001953,49.75806427001953,3800
2021-09-03,49.75806427001953,49.75806427001953,49.75806427001953,49.75806427001953,24600
2021-09-06,49.75806427001953,49.75806427001953,49.75806427001953,49.75806427001953,262800
2021-09-07,49.75806427001953,49.75806427001953,49.75806427001953,49.75806427001953,57600
2021-09-08,49.75806427001953,49.75806427001953,49.75806427001953,49.75806427001953,93500
2021-09-09,49.75806427001953,49.75806427001953,49.75806427001953,49.75806427001953,71600
2021-09-10,49.75806427001953,49.75806427001953,49.75806427001953,49.75806427001953,399500
2021-09-13,49.75806427001953,49.75806427001953,49.75806427001953,49.75806427001953,134500
2021-09-14,49.75806427001953,49.75806427001953,49.75806427001953,49.75806427001953,38900
2021-09-15,49.75806427001953,49.75806427001953,49.75806427001953,49.75806427001953,40500
2021-09-16,49.75806427001953,49.75806427001953,49.75806427001953,49.75806427001953,5900
2021-09-17,49.75806427001953,49.75806427001953,49.75806427001953,49.75806427001953,17600
2021-09-20,49.75806427001953,49.75806427001953,49.75806427001953,49.75806427001953,38000
2021-09-21,49.75806427001953,49.75806427001953,49.75806427001953,49.75806427001953,3900
2021-09-22,49.75806427001953,49.75806427001953,49.75806427001953,49.75806427001953,18900
2021-09-23,49.75806427001953,49.75806427001953,49.75806427001953,49.75806427001953,38000
2021-09-24,49.75806427001953,49.75806427001953,49.75806427001953,49.75806427001953,385600
2021-09-27,49.75806427001953,49.75806427001953,49.75806427001953,49.75806427001953,227000
2021-09-28,49.75806427001953,49.75806427001953,49.75806427001953,49.75806427001953,1481800
2021-09-29,49.75806427001953,49.75806427001953,49.75806427001953,49.75806427001953,4282300
2021-09-30,49.75806427001953,49.75806427001953,49.75806427001953,49.75806427001953,4153400
2021-10-01,49.75806427001953,49.75806427001953,49.75806427001953,49.75806427001953,904400
2021-10-04,49.75806427001953,52.7435481262207,49.75806427001953,49.75806427001953,953365400
2021-10-05,49.75806427001953,52.7435481262207,49.75806427001953,49.75806427001953,528262700
2021-10-06,49.75806427001953,50.753225555419924,49.75806427001953,49.75806427001953,116973300
2021-10-07,49.75806427001953,49.75806427001953,49.75806427001953,49.75806427001953,3538900
2021-10-08,49.75806427001953,49.75806427001953,49.75806427001953,49.75806427001953,3168400
2021-10-11,49.75806427001953,49.75806427001953,49.75806427001953,49.75806427001953,3460600
2021-10-12,49.75806427001953,49.75806427001953,49.75806427001953,49.75806427001953,12021000
2021-10-13,49.75806427001953,49.75806427001953,49.75806427001953,49.75806427001953,238400
2021-10-14,49.75806427001953,49.75806427001953,49.75806427001953,49.75806427001953,83500
2021-10-15,49.75806427001953,49.75806427001953,49.75806427001953,49.75806427001953,689200
2021-10-18,49.75806427001953,49.75806427001953,49.75806427001953,49.75806427001953,2043900
2021-10-19,49.75806427001953,49.75806427001953,49.75806427001953,49.75806427001953,472100
2021-10-21,49.75806427001953,49.75806427001953,49.75806427001953,49.75806427001953,772100
2021-10-22,49.75806427001953,49.75806427001953,49.75806427001953,49.75806427001953,200300
2021-10-25,49.75806427001953,49.75806427001953,49.75806427001953,49.75806427001953,3435100
2021-10-26,49.75806427001953,49.75806427001953,49.75806427001953,49.75806427001953,178000
2021-10-27,49.75806427001953,49.75806427001953,49.75806427001953,49.75806427001953,170200
2021-10-28,49.75806427001953,49.75806427001953,49.75806427001953,49.75806427001953,16500
2021-10-29,49.75806427001953,49.75806427001953,49.75806427001953,49.75806427001953,156100
2021-11-01,49.75806427001953,49.75806427001953,49.75806427001953,49.75806427001953,27500
2021-11-02,49.75806427001953,49.75806427001953,49.75806427001953,49.75806427001953,141200
2021-11-03,49.75806427001953,49.75806427001953,49.75806427001953,49.75806427001953,511100
2021-11-04,49.75806427001953,49.75806427001953,49.75806427001953,49.75806427001953,156600
2021-11-05,49.75806427001953,49.75806427001953,49.75806427001953,49.75806427001953,24500
2021-11-08,49.75806427001953,49.75806427001953,49.75806427001953,49.75806427001953,10700
2021-11-09,49.75806427001953,49.75806427001953,49.75806427001953,49.75806427001953,277600
2021-11-10,49.75806427001953,49.75806427001953,49.75806427001953,49.75806427001953,482500
2021-11-11,49.75806427001953,49.75806427001953,49.75806427001953,49.75806427001953,882800
2021-11-12,49.75806427001953,49.75806427001953,49.75806427001953,49.75806427001953,250400
2021-11-15,49.75806427001953,49.75806427001953,49.75806427001953,49.75806427001953,104400
2021-11-16,49.75806427001953,49.75806427001953,49.75806427001953,49.75806427001953,228400
2021-11-17,49.75806427001953,49.75806427001953,49.75806427001953,49.75806427001953,663300
2021-11-18,49.75806427001953,49.75806427001953,49.75806427001953,49.75806427001953,869200
2021-11-19,49.75806427001953,49.75806427001953,49.75806427001953,49.75806427001953,155300
2021-11-22,49.75806427001953,49.75806427001953,49.75806427001953,49.75806427001953,79800
2021-11-23,49.75806427001953,49.75806427001953,49.75806427001953,49.75806427001953,140400
2021-11-24,49.75806427001953,49.75806427001953,49.75806427001953,49.75806427001953,1499000
2021-11-25,49.75806427001953,49.75806427001953,49.75806427001953,49.75806427001953,156800
2021-11-26,49.75806427001953,49.75806427001953,49.75806427001953,49.75806427001953,72800
2021-11-29,49.75806427001953,49.75806427001953,49.75806427001953,49.75806427001953,222700
2021-11-30,49.75806427001953,49.75806427001953,49.75806427001953,49.75806427001953,80100
2021-12-01,49.75806427001953,49.75806427001953,49.75806427001953,49.75806427001953,35800
2021-12-02,49.75806427001953,49.75806427001953,49.75806427001953,49.75806427001953,245700
2021-12-03,49.75806427001953,49.75806427001953,49.75806427001953,49.75806427001953,304500
2021-12-06,49.75806427001953,49.75806427001953,49.75806427001953,49.75806427001953,61700
2021-12-07,49.75806427001953,49.75806427001953,49.75806427001953,49.75806427001953,8100
2021-12-08,49.75806427001953,49.75806427001953,49.75806427001953,49.75806427001953,13900
2021-12-09,49.75806427001953,49.75806427001953,49.75806427001953,49.75806427001953,24200
2021-12-10,49.75806427001953,49.75806427001953,49.75806427001953,49.75806427001953,22000
2021-12-13,49.75806427001953,49.75806427001953,49.75806427001953,49.75806427001953,92800
2021-12-14,49.75806427001953,49.75806427001953,49.75806427001953,49.75806427001953,2291700
2021-12-15,49.75806427001953,49.75806427001953,49.75806427001953,49.75806427001953,1354400
2021-12-16,49.75806427001953,49.75806427001953,49.75806427001953,49.75806427001953,578500
2021-12-17,49.75806427001953,49.75806427001953,49.75806427001953,49.75806427001953,173700
2021-12-20,49.75806427001953,49.75806427001953,49.75806427001953,49.75806427001953,225400
2021-12-21,49.75806427001953,49.75806427001953,49.75806427001953,49.75806427001953,51000
2021-12-22,49.75806427001953,49.75806427001953,49.75806427001953,49.75806427001953,97500
2021-12-23,49.75806427001953,49.75806427001953,49.75806427001953,49.75806427001953,347000
2021-12-24,49.75806427001953,49.75806427001953,49.75806427001953,49.75806427001953,182700
2021-12-27,49.75806427001953,49.75806427001953,49.75806427001953,49.75806427001953,9100
2021-12-28,49.75806427001953,49.75806427001953,49.75806427001953,49.75806427001953,454400
2021-12-29,49.75806427001953,49.75806427001953,49.75806427001953,49.75806427001953,19900
2021-12-30,49.75806427001953,49.75806427001953,49.75806427001953,49.75806427001953,191900
2022-01-03,49.75806427001953,49.75806427001953,49.75806427001953,49.75806427001953,25500
2022-01-04,49.75806427001953,49.75806427001953,49.75806427001953,49.75806427001953,7200
2022-01-05,49.75806427001953,49.75806427001953,49.75806427001953,49.75806427001953,41800
2022-01-06,49.75806427001953,49.75806427001953,49.75806427001953,49.75806427001953,19000
2022-01-07,49.75806427001953,49.75806427001953,49.75806427001953,49.75806427001953,219800
2022-01-10,49.75806427001953,49.75806427001953,49.75806427001953,49.75806427001953,157800
2022-01-11,49.75806427001953,49.75806427001953,49.75806427001953,49.75806427001953,6200
2022-01-12,49.75806427001953,49.75806427001953,49.75806427001953,49.75806427001953,7300
2022-01-13,49.75806427001953,49.75806427001953,49.75806427001953,49.75806427001953,37200
2022-01-14,49.75806427001953,49.75806427001953,49.75806427001953,49.75806427001953,6400
2022-01-17,49.75806427001953,49.75806427001953,49.75806427001953,49.75806427001953,16000
2022-01-18,49.75806427001953,49.75806427001953,49.75806427001953,49.75806427001953,119900
2022-01-19,49.75806427001953,49.75806427001953,49.75806427001953,49.75806427001953,87500
2022-01-20,49.75806427001953,49.75806427001953,49.75806427001953,49.75806427001953,114800
2022-01-21,49.75806427001953,49.75806427001953,49.75806427001953,49.75806427001953,476700
2022-01-24,49.75806427001953,49.75806427001953,49.75806427001953,49.75806427001953,26500
2022-01-25,49.75806427001953,49.75806427001953,49.75806427001953,49.75806427001953,75300
2022-01-26,49.75806427001953,49.75806427001953,49.75806427001953,49.75806427001953,13000
2022-01-27,49.75806427001953,49.75806427001953,49.75806427001953,49.75806427001953,21800
2022-01-28,49.75806427001953,49.75806427001953,49.75806427001953,49.75806427001953,38600
2022-01-31,49.75806427001953,49.75806427001953,49.75806427001953,49.75806427001953,33900
2022-02-02,49.75806427001953,49.75806427001953,49.75806427001953,49.75806427001953,54000
2022-02-03,49.75806427001953,49.75806427001953,49.75806427001953,49.75806427001953,12900
2022-02-04,49.75806427001953,49.75806427001953,49.75806427001953,49.75806427001953,208600
2022-02-07,49.75806427001953,49.75806427001953,49.75806427001953,49.75806427001953,14000
2022-02-08,49.75806427001953,49.75806427001953,49.75806427001953,49.75806427001953,1418200
2022-02-09,49.75806427001953,49.75806427001953,49.75806427001953,49.75806427001953,535600
2022-02-10,49.75806427001953,49.75806427001953,49.75806427001953,49.75806427001953,1053100
2022-02-11,49.75806427001953,49.75806427001953,49.75806427001953,49.75806427001953,503400
2022-02-14,49.75806427001953,49.75806427001953,49.75806427001953,49.75806427001953,135000
2022-02-15,49.75806427001953,49.75806427001953,49.75806427001953,49.75806427001953,1893200
2022-02-16,49.75806427001953,49.75806427001953,49.75806427001953,49.75806427001953,677500
2022-02-17,49.75806427001953,49.75806427001953,49.75806427001953,49.75806427001953,85700
2022-02-18,49.75806427001953,49.75806427001953,49.75806427001953,49.75806427001953,69400
2022-02-21,49.75806427001953,49.75806427001953,49.75806427001953,49.75806427001953,17800
2022-02-22,49.75806427001953,49.75806427001953,49.75806427001953,49.75806427001953,15500
2022-02-23,49.75806427001953,49.75806427001953,49.75806427001953,49.75806427001953,251600
2022-02-24,49.75806427001953,49.75806427001953,49.75806427001953,49.75806427001953,22700
2022-02-25,49.75806427001953,49.75806427001953,49.75806427001953,49.75806427001953,63300
2022-03-01,49.75806427001953,49.75806427001953,49.75806427001953,49.75806427001953,213900
2022-03-02,49.75806427001953,49.75806427001953,49.75806427001953,49.75806427001953,106400
2022-03-04,49.75806427001953,49.75806427001953,49.75806427001953,49.75806427001953,506000
2022-03-07,49.75806427001953,49.75806427001953,49.75806427001953,49.75806427001953,3506200
2022-03-08,49.75806427001953,49.75806427001953,49.75806427001953,49.75806427001953,259300
2022-03-09,49.75806427001953,49.75806427001953,49.75806427001953,49.75806427001953,512300
2022-03-10,49.75806427001953,49.75806427001953,49.75806427001953,49.75806427001953,2500
2022-03-11,49.75806427001953,49.75806427001953,49.75806427001953,49.75806427001953,35700
2022-03-14,49.75806427001953,49.75806427001953,49.75806427001953,49.75806427001953,194800
2022-03-15,49.75806427001953,49.75806427001953,49.75806427001953,49.75806427001953,200
2022-03-16,49.75806427001953,49.75806427001953,49.75806427001953,49.75806427001953,18000
2022-03-17,49.75806427001953,49.75806427001953,49.75806427001953,49.75806427001953,5200
2022-03-18,49.75806427001953,49.75806427001953,49.75806427001953,49.75806427001953,140400
2022-03-21,49.75806427001953,49.75806427001953,49.75806427001953,49.75806427001953,5500
2022-03-22,49.75806427001953,49.75806427001953,49.75806427001953,49.75806427001953,1147100
2022-03-23,49.75806427001953,49.75806427001953,49.75806427001953,49.75806427001953,364100
2022-03-24,49.75806427001953,49.75806427001953,49.75806427001953,49.75806427001953,975000
2022-03-25,49.75806427001953,49.75806427001953,49.75806427001953,49.75806427001953,23138200
2022-03-28,49.75806427001953,50.753225555419924,49.75806427001953,49.75806427001953,867792500
2022-03-29,49.75806427001953,50.753225555419924,49.75806427001953,50.753225555419924,447335600
2022-03-30,56.72419357299805,56.72419357299805,49.75806453771759,49.75806453771759,1044222200
2022-03-31,53.73870849609375,59.709676106770836,53.73870849609375,59.709676106770836,943536700
2022-04-01,50.75322723388672,54.73387250713274,50.75322723388672,53.738711188821235,551226900
2022-04-04,53.73870849609375,53.73870849609375,49.75806342230903,49.75806342230903,492185900
2022-04-05,53.73870849609375,55.729031032986114,51.74838595920139,53.73870849609375,531215400
2022-04-06,53.73870849609375,54.73386976453993,52.74354722764757,53.73870849609375,278418500
2022-04-07,57.719356536865234,60.70484049566861,53.73871125846074,54.73387257806186,1725678400
2022-04-08,64.68548583984375,64.68548583984375,57.71935659555289,58.71451791616587,1468218600
2022-04-11,70.65644836425781,78.6177383207939,64.68548089685575,64.68548089685575,2809710500
2022-04-12,66.6758041381836,74.63709418453388,66.6758041381836,70.65644916135874,1258699900
2022-04-13,68.66613006591797,71.65161398182744,67.67096876061481,67.67096876061481,467863700
2022-04-14,73.64193725585938,74.63709857012775,69.6612919987859,69.6612919987859,731925500
2022-04-18,71.651611328125,73.64193386501736,68.66612752278645,70.65645005967882,767285700
2022-04-19,66.6758041381836,73.64193292874009,66.6758041381836,71.65161041715253,1120654100
2022-04-20,62.695159912109375,67.67096625434029,62.695159912109375,66.6758049858941,456510800
2022-04-21,58.714515686035156,61.69999953447762,58.714515686035156,61.69999953447762,494155100
2022-04-22,54.73387145996094,56.72419405850497,54.73387145996094,56.72419405850497,163892200
2022-04-25,52.74354934692383,54.73387196378888,51.7483880384913,51.7483880384913,891055600
2022-04-26,50.75322723388672,53.738711188821235,49.758065915575216,53.738711188821235,357842600
2022-04-27,55.729034423828125,56.724195752825054,49.75806644984654,50.75322777884347,299300300
2022-04-28,55.729034423828125,57.71935708182198,54.73387309483119,56.724195752825054,195443400
2022-05-09,56.72419357299805,58.71451615450675,54.73387099148934,55.72903228224369,152532100
2022-05-10,55.729034423828125,57.71935708182198,53.73871176583426,56.724195752825054,254067500
2022-05-11,55.729034423828125,56.724195752825054,54.73387309483119,55.729034423828125,47171100
2022-05-12,52.74354934692383,58.71451719751898,52.74354934692383,55.7290332722214,282508900
2022-05-13,54.73387145996094,56.72419405850497,51.748387562144885,52.743548861416905,97135000
2022-05-17,53.73870849609375,55.729031032986114,52.74354722764757,54.73386976453993,69071900
2022-05-18,54.73387145996094,57.71935535777699,54.73387145996094,54.73387145996094,60475900
2022-05-19,54.73387145996094,55.72903275923295,53.73871016068892,53.73871016068892,34475100
2022-05-20,54.73387145996094,55.72903275923295,53.73871016068892,54.73387145996094,77617100
2022-05-23,53.73870849609375,56.724192301432296,53.73870849609375,53.73870849609375,99180600
2022-05-24,52.74354934692383,53.73871065535635,51.7483880384913,53.73871065535635,69138400
2022-05-25,54.73387145996094,54.73387145996094,52.743548861416905,53.73871016068892,31365500
2022-05-27,53.73870849609375,54.73386976453993,52.74354722764757,54.73386976453993,38388000
2022-05-30,52.74354934692383,54.73387196378888,52.74354934692383,53.73871065535635,28387600
2022-05-31,53.73870849609375,53.73870849609375,51.74838595920139,52.74354722764757,36211700
2022-06-02,52.74354934692383,53.73871065535635,52.74354934692383,52.74354934692383,20111100
2022-06-03,52.74354934692383,53.73871065535635,50.75322673005878,52.74354934692383,89373300
2022-06-06,53.73870849609375,53.73870849609375,51.74838595920139,52.74354722764757,79592100
2022-06-07,55.729034423828125,58.71451841081892,52.74355043683733,53.73871176583426,343266200
2022-06-08,54.73387145996094,56.72419405850497,53.73871016068892,56.72419405850497,60472800
2022-06-09,53.73870849609375,55.729031032986114,53.73870849609375,53.73870849609375,47185400
2022-06-10,52.74354934692383,54.73387196378888,52.74354934692383,53.73871065535635,71663300
2022-06-13,51.74838638305664,53.73870893625113,51.74838638305664,52.743547659653885,53183500
2022-06-14,51.74838638305664,53.73870893625113,51.74838638305664,52.743547659653885,55742300
2022-06-15,59.709678649902344,60.704839960734056,51.7483881632487,51.7483881632487,1104964900
2022-06-16,58.714515686035156,66.6758059485484,57.719354403221,58.714515686035156,1150218400
2022-06-17,62.695159912109375,62.695159912109375,57.71935356987847,58.714514838324654,442467900
2022-06-20,63.69032287597656,65.68064546585083,62.69516158103943,64.6854841709137,350620300
2022-06-21,62.695159912109375,65.68064371744792,60.70483737521702,63.69032118055556,193963200
2022-06-22,60.704837799072266,64.68548290065077,60.704837799072266,62.69516034986152,122360400
2022-06-23,58.714515686035156,62.69516081729178,56.724193120406845,60.70483825166347,285760900
2022-06-24,60.704837799072266,60.704837799072266,57.719353972888385,57.719353972888385,73161800
2022-06-27,57.719356536865234,60.70484049566861,56.72419521726411,59.70967917606748,77203300
2022-06-28,57.719356536865234,58.71451785646636,55.72903389766299,57.719356536865234,69606900
2022-06-29,53.73870849609375,62.695159912109375,53.73870849609375,62.695159912109375,368633100
2022-06-30,53.73870849609375,54.73386976453993,52.74354722764757,53.73870849609375,80259200
2022-07-01,52.74354934692383,54.73387196378888,51.7483880384913,53.73871065535635,162359800
2022-07-04,52.74354934692383,54.73387196378888,52.74354934692383,52.74354934692383,123351200
2022-07-05,53.73870849609375,55.729031032986114,52.74354722764757,52.74354722764757,135537600
2022-07-06,54.73387145996094,54.73387145996094,52.743548861416905,53.73871016068892,42089200
2022-07-07,54.73387145996094,54.73387145996094,53.73871016068892,54.73387145996094,25458900
2022-07-08,54.73387145996094,54.73387145996094,52.743548861416905,54.73387145996094,98294300
2022-07-11,54.73387145996094,54.73387145996094,53.73871016068892,53.73871016068892,26053300
2022-07-12,56.72419357299805,57.7193548637524,53.73870970073499,54.73387099148934,231045800
2022-07-13,56.72419357299805,58.71451615450675,55.72903228224369,56.72419357299805,174010400
2022-07-14,55.729034423828125,56.724195752825054,54.73387309483119,56.724195752825054,27266500
2022-07-15,54.73387145996094,55.72903275923295,54.73387145996094,55.72903275923295,44003700
2022-07-18,53.73870849609375,55.729031032986114,53.73870849609375,54.73386976453993,33364200
2022-07-19,55.729034423828125,56.724195752825054,53.73871176583426,54.73387309483119,154969900
2022-07-20,55.729034423828125,57.71935708182198,55.729034423828125,55.729034423828125,122064800
2022-07-21,56.72419357299805,57.7193548637524,54.73387099148934,55.72903228224369,131284900
2022-07-22,59.709678649902344,61.70000127156576,56.72419471740723,56.72419471740723,444988600
2022-07-25,60.704837799072266,61.699999074466895,58.71451524828301,60.704837799072266,369929700
2022-07-26,60.704837799072266,64.68548290065077,59.709676523677636,61.699999074466895,695193600
2022-07-27,56.72419357299805,60.70483873601545,56.72419357299805,59.7096774452611,419782100
2022-07-28,55.729034423828125,57.71935708182198,53.73871176583426,56.724195752825054,269039700
2022-07-29,56.72419357299805,58.71451615450675,54.73387099148934,55.72903228224369,126857500
2022-08-01,57.719356536865234,59.70967917606748,56.72419521726411,56.72419521726411,122657600
2022-08-02,56.72419357299805,58.71451615450675,56.72419357299805,58.71451615450675,119844500
2022-08-03,56.72419357299805,60.70483873601545,56.72419357299805,60.70483873601545,183961300
2022-08-04,59.709678649902344,64.68548520406088,56.72419471740723,57.719356028238934,1153936000
2022-08-05,59.709678649902344,61.70000127156576,58.71451733907064,59.709678649902344,189833600
2022-08-08,60.704837799072266,62.69516034986152,59.709676523677636,59.709676523677636,201166400
2022-08-09,69.66129302978516,69.66129302978516,58.71451841081892,60.704841068812776,2029705900
2022-08-10,66.6758041381836,71.65161041715253,65.6806428823898,71.65161041715253,1157463000
2022-08-11,71.651611328125,75.63225640190973,65.68064371744792,66.6758049858941,1296108800
2022-08-12,74.63710021972656,80.60806823730469,70.65645487467448,72.64677754720051,2152904100
2022-08-15,73.64193725585938,80.60806645573797,72.646775941591,75.63225988439612,1373421700
2022-08-16,73.64193725585938,76.62742119866449,71.65161462732263,73.64193725585938,931472900
2022-08-18,74.63710021972656,76.62742289225261,72.64677754720051,74.63710021972656,1022393900
2022-08-19,76.6274185180664,80.60806363588804,74.63709595915559,75.632257238611,1510279700
2022-08-22,71.651611328125,77.62257893880208,71.651611328125,77.62257893880208,669640100
2022-08-23,69.66129302978516,73.64193834577287,66.67580904279436,70.65645435878209,1268467800
2022-08-24,68.66613006591797,71.65161398182744,66.67580745531166,69.66129137122113,784831100
2022-08-25,73.64193725585938,74.63709857012775,68.66613068451753,69.6612919987859,1626301200
2022-08-26,72.64677429199219,75.63225816700557,71.65161300032106,75.63225816700557,630647500
2022-08-29,87.5741958618164,87.5741958618164,68.66613084619695,70.65645347942005,2029637100
2022-08-30,81.60322570800781,89.56451602098419,81.60322570800781,89.56451602098419,2212264800
2022-08-31,79.61289978027344,81.60322227478026,76.62741603851318,76.62741603851318,1501127600
2022-09-01,84.58870697021484,88.5693520041073,77.62257816090303,79.61290067784927,1905078300
2022-09-02,84.58870697021484,91.55483577952666,81.60322319479549,85.58386822868796,1905456100
2022-09-05,88.5693588256836,90.55968149592367,82.59839081496335,84.58871348520343,1513447300
2022-09-06,90.55967712402344,94.54032227233216,88.56935454986908,89.56451583694626,1296945100
2022-09-07,88.5693588256836,92.55000416616375,84.58871348520343,92.55000416616375,1204197800
2022-09-08,85.58386993408203,89.56451504729515,82.59838609917219,89.56451504729515,947255200
2022-09-09,86.57903289794922,88.56935549330437,80.60806511188376,85.58387160027164,697989800
2022-09-12,86.57903289794922,88.56935549330437,83.59354900491648,87.5741941956268,692845900
2022-09-13,83.59355163574219,87.5741969517299,83.59355163574219,86.57903562273297,412731100
2022-09-14,81.60322570800781,84.58870957537395,79.61290312976372,83.5935482862519,691598200
2022-09-15,76.6274185180664,83.59354747425427,76.6274185180664,83.59354747425427,865006100
2022-09-16,71.651611328125,74.63709513346355,71.651611328125,73.64193386501736,893811600
2022-09-19,66.6758041381836,72.6467716729463,66.6758041381836,69.66128790556495,468481500
2022-09-20,65.68064880371094,70.6564555312648,62.69516476717862,64.68548745820016,1800915100
2022-09-21,61.70000076293945,66.67580727607974,61.70000076293945,65.68064597345167,791576400
2022-09-22,64.68548583984375,65.68064716045673,58.71451791616587,61.70000187800481,572019400
2022-09-23,60.704837799072266,65.6806441760454,60.704837799072266,65.6806441760454,286812300
2022-09-26,56.72419357299805,60.70483873601545,56.72419357299805,60.70483873601545,462420900
2022-09-27,58.714515686035156,60.70483825166347,54.733870554778534,56.724193120406845,408797600
2022-09-28,56.72419357299805,60.70483873601545,56.72419357299805,58.71451615450675,176805400
2022-09-29,55.729034423828125,60.704841068812776,55.729034423828125,57.71935708182198,254147700
2022-09-30,57.719356536865234,58.71451785646636,53.73871125846074,55.72903389766299,225152200
2022-10-03,59.709678649902344,59.709678649902344,56.72419471740723,56.72419471740723,313869200
2022-10-04,62.695159912109375,63.69032118055556,60.70483737521702,60.70483737521702,512395000
2022-10-05,66.6758041381836,67.67096539397738,62.69515911500846,63.69032037080224,646060000
2022-10-06,65.68064880371094,69.66129418575402,64.68548745820016,67.67097149473248,348337800
2022-10-07,69.66129302978516,71.65161568777901,66.67580904279436,69.66129302978516,756539400
2022-10-10,65.68064880371094,69.66129418575402,65.68064880371094,69.66129418575402,393763400
2022-10-11,62.695159912109375,67.67096625434029,62.695159912109375,63.69032118055556,619093100
2022-10-12,65.68064880371094,68.66613284024325,61.700003421667844,62.69516476717862,368229200
2022-10-13,64.68548583984375,68.66613112229568,64.68548583984375,66.67580848106971,192902600
2022-10-14,62.695159912109375,67.67096625434029,61.69999864366319,65.68064371744792,223863100
2022-10-17,61.70000076293945,62.69516206556751,58.71451685505529,62.69516206556751,541524300
2022-10-18,63.69032287597656,63.69032287597656,60.70483899116516,62.69516158103943,317783000
2022-10-19,60.704837799072266,63.690321625256146,59.709676523677636,63.690321625256146,579237500
2022-10-20,62.695159912109375,64.68548244900174,59.709676106770836,60.70483737521702,410239900
2022-10-21,65.68064880371094,66.6758101492217,61.700003421667844,62.69516476717862,461785700
2022-10-24,66.6758041381836,69.66128790556495,64.68548162659603,64.68548162659603,456984600
2022-10-25,65.68064880371094,68.66613284024325,63.69032611268939,66.6758101492217,353268100
2022-10-26,63.69032287597656,66.67580676078796,62.69516158103943,66.67580676078796,281414400
2022-10-27,62.695159912109375,65.68064371744792,62.695159912109375,64.68548244900174,320995200
2022-10-28,59.709678649902344,63.69032389322917,58.71451733907064,63.69032389322917,717043100
2022-10-31,60.704837799072266,62.69516034986152,59.709676523677636,59.709676523677636,295219500
2022-11-01,58.714515686035156,61.69999953447762,56.724193120406845,60.70483825166347,458632800
2022-11-02,56.72419357299805,59.7096774452611,56.72419357299805,58.71451615450675,220924500
2022-11-03,58.714515686035156,58.714515686035156,56.724193120406845,57.719354403221,166458800
2022-11-04,57.719356536865234,58.71451785646636,55.72903389766299,57.719356536865234,186292300
2022-11-07,58.714515686035156,59.70967696884931,56.724193120406845,57.719354403221,270201600
2022-11-08,60.704837799072266,62.69516034986152,58.71451524828301,59.709676523677636,426570500
2022-11-09,61.70000076293945,62.69516206556751,60.7048394603114,61.70000076293945,201385700
2022-11-10,60.704837799072266,61.699999074466895,57.719353972888385,61.699999074466895,240965200
2022-11-11,59.709678649902344,62.695162582397465,59.709678649902344,59.709678649902344,165984800
2022-11-14,58.714515686035156,61.69999953447762,57.719354403221,59.70967696884931,169384000
2022-11-15,57.719356536865234,59.70967917606748,55.72903389766299,57.719356536865234,224290600
2022-11-16,56.72419357299805,58.71451615450675,55.72903228224369,57.7193548637524,231790100
2022-11-17,56.72419357299805,56.72419357299805,55.72903228224369,56.72419357299805,59208000
2022-11-18,58.714515686035156,59.70967696884931,55.729031837592686,56.724193120406845,370664900
2022-11-21,58.714515686035156,59.70967696884931,57.719354403221,59.70967696884931,135748700
2022-11-22,58.714515686035156,60.70483825166347,57.719354403221,58.714515686035156,190618500
2022-11-23,59.709678649902344,60.704839960734056,58.71451733907064,58.71451733907064,128900400
2022-11-24,58.714515686035156,61.69999953447762,58.714515686035156,59.70967696884931,178748200
2022-11-25,59.709678649902344,59.709678649902344,58.71451733907064,58.71451733907064,81807100
2022-11-28,56.72419357299805,59.7096774452611,56.72419357299805,59.7096774452611,204402100
2022-11-29,56.72419357299805,57.7193548637524,55.72903228224369,57.7193548637524,97220500
2022-11-30,56.72419357299805,57.7193548637524,56.72419357299805,56.72419357299805,53632100
2022-12-01,58.714515686035156,59.70967696884931,53.73870927196438,53.73870927196438,371442100
2022-12-02,57.719356536865234,60.70484049566861,56.72419521726411,59.70967917606748,288381100
2022-12-05,56.72419357299805,59.7096774452611,56.72419357299805,58.71451615450675,171492100
2022-12-06,55.729034423828125,57.71935708182198,55.729034423828125,56.724195752825054,134795700
2022-12-07,54.73387145996094,56.72419405850497,54.73387145996094,55.72903275923295,119015600
2022-12-08,53.73870849609375,56.724192301432296,51.74838595920139,54.73386976453993,388477800
2022-12-09,53.73870849609375,54.73386976453993,52.74354722764757,53.73870849609375,82597700
2022-12-12,53.73870849609375,54.73386976453993,52.74354722764757,53.73870849609375,60003800
2022-12-13,54.73387145996094,54.73387145996094,53.73871016068892,54.73387145996094,59854500
2022-12-14,53.73870849609375,54.73386976453993,52.74354722764757,54.73386976453993,104600900
2022-12-15,52.74354934692383,54.73387196378888,51.7483880384913,53.73871065535635,159880600
2022-12-16,49.75806427001953,52.7435481262207,49.75806427001953,52.7435481262207,486882100
2022-12-19,50.75322723388672,51.74838855219823,49.758065915575216,49.758065915575216,324324700
2022-12-20,50.75322723388672,51.74838855219823,49.758065915575216,50.75322723388672,81906900
2022-12-21,50.75322723388672,51.74838855219823,49.758065915575216,50.75322723388672,68464700
2022-12-22,51.74838638305664,52.743547659653885,49.75806382986215,52.743547659653885,65782300
2022-12-23,51.74838638305664,52.743547659653885,50.753225106459396,51.74838638305664,55011300
2022-12-26,53.73870849609375,53.73870849609375,50.75322469075521,51.74838595920139,92592100
2022-12-27,52.74354934692383,54.73387196378888,52.74354934692383,53.73871065535635,39849800
2022-12-28,52.74354934692383,54.73387196378888,52.74354934692383,52.74354934692383,73536200
2022-12-29,53.73870849609375,54.73386976453993,52.74354722764757,52.74354722764757,38836800
2022-12-30,52.74354934692383,54.73387196378888,52.74354934692383,53.73871065535635,29720100
2023-01-02,52.74354934692383,54.73387196378888,52.74354934692383,52.74354934692383,32417900
2023-01-03,54.73387145996094,54.73387145996094,52.743548861416905,53.73871016068892,93916000
2023-01-04,52.74354934692383,55.7290332722214,52.74354934692383,54.73387196378888,72806800
2023-01-05,50.75322723388672,53.738711188821235,50.75322723388672,53.738711188821235,146370400
2023-01-06,53.73870849609375,53.73870849609375,50.75322469075521,51.74838595920139,127599100
2023-01-09,52.74354934692383,53.73871065535635,51.7483880384913,53.73871065535635,54311300
2023-01-10,53.73870849609375,53.73870849609375,51.74838595920139,52.74354722764757,94216900
2023-01-11,52.74354934692383,53.73871065535635,52.74354934692383,53.73871065535635,27731100
2023-01-12,52.74354934692383,53.73871065535635,51.7483880384913,52.74354934692383,44262200
2023-01-13,52.74354934692383,53.73871065535635,51.7483880384913,52.74354934692383,25749300
2023-01-16,53.73870849609375,53.73870849609375,51.74838595920139,52.74354722764757,41712300
2023-01-17,53.73870849609375,54.73386976453993,52.74354722764757,53.73870849609375,102016800
2023-01-18,53.73870849609375,54.73386976453993,52.74354722764757,54.73386976453993,57953700
2023-01-19,55.729034423828125,56.724195752825054,53.73871176583426,54.73387309483119,158343800
2023-01-20,54.73387145996094,56.72419405850497,52.743548861416905,56.72419405850497,351409300
2023-01-24,59.709678649902344,60.704839960734056,53.738710784912115,54.73387209574382,545066000
2023-01-25,58.714515686035156,60.70483825166347,57.719354403221,59.70967696884931,209097800
2023-01-26,56.72419357299805,58.71451615450675,55.72903228224369,58.71451615450675,110479800
2023-01-27,57.719356536865234,58.71451785646636,56.72419521726411,56.72419521726411,79643500
2023-01-30,56.72419357299805,58.71451615450675,56.72419357299805,57.7193548637524,62663800
2023-01-31,59.709678649902344,61.70000127156576,56.72419471740723,56.72419471740723,349306000
2023-02-01,59.709678649902344,62.695162582397465,58.71451733907064,59.709678649902344,295168500
2023-02-02,59.709678649902344,61.70000127156576,59.709678649902344,59.709678649902344,79192100
2023-02-03,56.72419357299805,60.70483873601545,56.72419357299805,60.70483873601545,225212200
2023-02-06,55.729034423828125,57.71935708182198,54.73387309483119,56.724195752825054,110842300
2023-02-07,56.72419357299805,57.7193548637524,55.72903228224369,55.72903228224369,72888700
2023-02-08,55.729034423828125,57.71935708182198,54.73387309483119,55.729034423828125,78573400
2023-02-09,54.73387145996094,56.72419405850497,54.73387145996094,55.72903275923295,62519900
2023-02-10,54.73387145996094,56.72419405850497,53.73871016068892,54.73387145996094,90990200
2023-02-13,55.729034423828125,56.724195752825054,54.73387309483119,54.73387309483119,40609200
2023-02-14,57.719356536865234,58.71451785646636,55.72903389766299,56.72419521726411,145641000
2023-02-15,55.729034423828125,57.71935708182198,55.729034423828125,57.71935708182198,37057800
2023-02-16,54.73387145996094,56.72419405850497,54.73387145996094,56.72419405850497,49434300
2023-02-17,54.73387145996094,56.72419405850497,54.73387145996094,54.73387145996094,31048000
2023-02-20,52.74354934692383,55.7290332722214,51.7483880384913,54.73387196378888,165074000
2023-02-21,52.74354934692383,53.73871065535635,52.74354934692383,52.74354934692383,32124200
2023-02-22,52.74354934692383,53.73871065535635,51.7483880384913,52.74354934692383,37174600
2023-02-23,52.74354934692383,53.73871065535635,51.7483880384913,52.74354934692383,33713600
2023-02-24,51.74838638305664,53.73870893625113,51.74838638305664,52.743547659653885,21389500
2023-02-27,50.75322723388672,53.738711188821235,50.75322723388672,51.74838855219823,96488900
2023-02-28,50.75322723388672,51.74838855219823,50.75322723388672,50.75322723388672,47635400
2023-03-01,51.74838638305664,51.74838638305664,50.753225106459396,50.753225106459396,27399600
2023-03-02,50.75322723388672,51.74838855219823,50.75322723388672,51.74838855219823,19562800
2023-03-03,49.75806427001953,51.74838684082031,49.75806427001953,50.753225555419924,127263300
2023-03-06,50.75322723388672,50.75322723388672,49.758065915575216,49.758065915575216,174580300
2023-03-07,49.75806427001953,50.753225555419924,49.75806427001953,50.753225555419924,100490600
2023-03-08,49.75806427001953,49.75806427001953,49.75806427001953,49.75806427001953,11740700
2023-03-09,49.75806427001953,49.75806427001953,49.75806427001953,49.75806427001953,24974400
2023-03-10,49.75806427001953,50.753225555419924,49.75806427001953,49.75806427001953,60598100
2023-03-13,49.75806427001953,49.75806427001953,49.75806427001953,49.75806427001953,8896700
2023-03-14,49.75806427001953,49.75806427001953,49.75806427001953,49.75806427001953,2021300
2023-03-15,49.75806427001953,49.75806427001953,49.75806427001953,49.75806427001953,614400
2023-03-16,49.75806427001953,49.75806427001953,49.75806427001953,49.75806427001953,113000
2023-03-17,49.75806427001953,49.75806427001953,49.75806427001953,49.75806427001953,758300
2023-03-20,49.75806427001953,49.75806427001953,49.75806427001953,49.75806427001953,468900
2023-03-21,49.75806427001953,49.75806427001953,49.75806427001953,49.75806427001953,147200
2023-03-24,49.75806427001953,49.75806427001953,49.75806427001953,49.75806427001953,1301000
2023-03-27,49.75806427001953,49.75806427001953,49.75806427001953,49.75806427001953,16340700
2023-03-28,49.75806427001953,49.75806427001953,49.75806427001953,49.75806427001953,21416300
2023-03-29,49.75806427001953,49.75806427001953,49.75806427001953,49.75806427001953,7665400
2023-03-30,49.75806427001953,49.75806427001953,49.75806427001953,49.75806427001953,662600
2023-03-31,49.75806427001953,49.75806427001953,49.75806427001953,49.75806427001953,621200
2023-04-03,49.75806427001953,49.75806427001953,49.75806427001953,49.75806427001953,2838600
2023-04-04,49.75806427001953,49.75806427001953,49.75806427001953,49.75806427001953,4904000
2023-04-05,49.75806427001953,49.75806427001953,49.75806427001953,49.75806427001953,186400
2023-04-06,49.75806427001953,49.75806427001953,49.75806427001953,49.75806427001953,763300
2023-04-10,49.75806427001953,49.75806427001953,49.75806427001953,49.75806427001953,133900
2023-04-11,49.75806427001953,49.75806427001953,49.75806427001953,49.75806427001953,75300
2023-04-12,49.75806427001953,49.75806427001953,49.75806427001953,49.75806427001953,352700
2023-04-13,49.75806427001953,49.75806427001953,49.75806427001953,49.75806427001953,45200
2023-04-14,49.75806427001953,49.75806427001953,49.75806427001953,49.75806427001953,42100
2023-04-17,49.75806427001953,49.75806427001953,49.75806427001953,49.75806427001953,27900
2023-04-18,49.75806427001953,49.75806427001953,49.75806427001953,49.75806427001953,119200
2023-04-26,49.75806427001953,49.75806427001953,49.75806427001953,49.75806427001953,891100
2023-04-27,49.75806427001953,49.75806427001953,49.75806427001953,49.75806427001953,434800
2023-04-28,49.75806427001953,49.75806427001953,49.75806427001953,49.75806427001953,632000
2023-05-02,49.75806427001953,49.75806427001953,49.75806427001953,49.75806427001953,123700
2023-05-03,49.75806427001953,49.75806427001953,49.75806427001953,49.75806427001953,178500
2023-05-04,49.75806427001953,49.75806427001953,49.75806427001953,49.75806427001953,31000
2023-05-05,49.75806427001953,49.75806427001953,49.75806427001953,49.75806427001953,79000
2023-05-08,49.75806427001953,49.75806427001953,49.75806427001953,49.75806427001953,9313700
2023-05-09,49.75806427001953,49.75806427001953,49.75806427001953,49.75806427001953,524500
2023-05-10,49.75806427001953,49.75806427001953,49.75806427001953,49.75806427001953,274900
2023-05-11,49.75806427001953,49.75806427001953,49.75806427001953,49.75806427001953,428900
2023-05-12,49.75806427001953,49.75806427001953,49.75806427001953,49.75806427001953,512500
2023-05-15,49.75806427001953,49.75806427001953,49.75806427001953,49.75806427001953,202200
2023-05-16,49.75806427001953,49.75806427001953,49.75806427001953,49.75806427001953,1315600
2023-05-17,49.75806427001953,49.75806427001953,49.75806427001953,49.75806427001953,5300
2023-05-19,49.75806427001953,49.75806427001953,49.75806427001953,49.75806427001953,135200
2023-05-22,49.75806427001953,49.75806427001953,49.75806427001953,49.75806427001953,54200
2023-05-23,49.75806427001953,49.75806427001953,49.75806427001953,49.75806427001953,30200
2023-05-24,49.75806427001953,49.75806427001953,49.75806427001953,49.75806427001953,197100
2023-05-25,49.75806427001953,49.75806427001953,49.75806427001953,49.75806427001953,89700
2023-05-26,49.75806427001953,49.75806427001953,49.75806427001953,49.75806427001953,130700
2023-05-29,49.75806427001953,49.75806427001953,49.75806427001953,49.75806427001953,122800
2023-05-30,49.75806427001953,49.75806427001953,49.75806427001953,49.75806427001953,12500
2023-05-31,49.75806427001953,49.75806427001953,49.75806427001953,49.75806427001953,124600
2023-06-05,49.75806427001953,49.75806427001953,49.75806427001953,49.75806427001953,397100
2023-06-06,49.75806427001953,49.75806427001953,49.75806427001953,49.75806427001953,1040600
2023-06-07,49.75806427001953,49.75806427001953,49.75806427001953,49.75806427001953,61300
2023-06-08,49.75806427001953,49.75806427001953,49.75806427001953,49.75806427001953,1359900
2023-06-09,49.75806427001953,49.75806427001953,49.75806427001953,49.75806427001953,119100
2023-06-12,49.75806427001953,49.75806427001953,49.75806427001953,49.75806427001953,768400
2023-06-13,49.75806427001953,49.75806427001953,49.75806427001953,49.75806427001953,155000000
2023-06-14,60.704837799072266,63.690321625256146,54.733870146704504,59.709676523677636,3171820300
2023-06-15,55.729034423828125,70.65645435878209,53.73871176583426,70.65645435878209,1577583100
2023-06-16,53.73870849609375,57.71935356987847,53.73870849609375,55.729031032986114,274439600
2023-06-19,54.73387145996094,56.72419405850497,53.73871016068892,54.73387145996094,217640800
2023-06-20,54.73387145996094,56.72419405850497,54.73387145996094,55.72903275923295,110719600
2023-06-21,54.73387145996094,56.72419405850497,53.73871016068892,55.72903275923295,173180000
2023-06-22,54.73387145996094,55.72903275923295,53.73871016068892,54.73387145996094,96975800
2023-06-23,52.74354934692383,54.73387196378888,51.7483880384913,53.73871065535635,235503800
2023-06-26,51.74838638305664,52.743547659653885,49.75806382986215,52.743547659653885,324096600
2023-06-27,51.74838638305664,52.743547659653885,50.753225106459396,51.74838638305664,131322900
2023-07-03,52.74354934692383,53.73871065535635,50.75322673005878,51.7483880384913,145925900
2023-07-04,52.74354934692383,54.73387196378888,51.7483880384913,52.74354934692383,112145600
2023-07-05,52.74354934692383,54.73387196378888,51.7483880384913,52.74354934692383,143479800
2023-07-06,55.729034423828125,56.724195752825054,51.7483891078404,52.74355043683733,232749400
2023-07-07,53.73870849609375,55.729031032986114,53.73870849609375,54.73386976453993,76883000
2023-07-10,52.74354934692383,54.73387196378888,52.74354934692383,54.73387196378888,54160800
2023-07-11,53.73870849609375,55.729031032986114,52.74354722764757,52.74354722764757,139001400
2023-07-12,53.73870849609375,54.73386976453993,52.74354722764757,53.73870849609375,48245700
2023-07-13,53.73870849609375,54.73386976453993,52.74354722764757,53.73870849609375,67101800
2023-07-14,54.73387145996094,55.72903275923295,53.73871016068892,54.73387145996094,62347200
2023-07-17,54.73387145996094,56.72419405850497,54.73387145996094,54.73387145996094,60654800
2023-07-18,53.73870849609375,55.729031032986114,53.73870849609375,54.73386976453993,74647900
2023-07-20,55.729034423828125,56.724195752825054,53.73871176583426,53.73871176583426,105724600
2023-07-21,55.729034423828125,56.724195752825054,55.729034423828125,56.724195752825054,33301400
2023-07-24,55.729034423828125,57.71935708182198,54.73387309483119,55.729034423828125,163826300
2023-07-25,55.729034423828125,56.724195752825054,54.73387309483119,55.729034423828125,84779200
2023-07-26,54.73387145996094,56.72419405850497,54.73387145996094,55.72903275923295,75637300
2023-07-27,54.73387145996094,55.72903275923295,54.73387145996094,55.72903275923295,62856100
2023-07-28,55.729034423828125,55.729034423828125,53.73871176583426,54.73387309483119,74775800
2023-07-31,54.73387145996094,55.72903275923295,53.73871016068892,55.72903275923295,122240100
2023-08-01,53.73870849609375,54.73386976453993,53.73870849609375,54.73386976453993,112913600
2023-08-02,53.73870849609375,54.73386976453993,52.74354722764757,54.73386976453993,72915200
2023-08-03,57.719356536865234,58.71451785646636,52.74354993885961,53.73871125846074,411931200
2023-08-04,56.72419357299805,58.71451615450675,56.72419357299805,57.7193548637524,142012100
2023-08-07,58.714515686035156,59.70967696884931,55.729031837592686,56.724193120406845,294608600
2023-08-08,60.704837799072266,62.69516034986152,58.71451524828301,59.709676523677636,487848500
2023-08-09,58.714515686035156,62.69516081729178,57.719354403221,61.69999953447762,239143100
2023-08-10,59.709678649902344,60.704839960734056,57.719356028238934,58.71451733907064,152010600
2023-08-11,59.709678649902344,60.704839960734056,58.71451733907064,59.709678649902344,65158100
2023-08-14,60.704837799072266,61.699999074466895,58.71451524828301,59.709676523677636,168937800
2023-08-15,60.704837799072266,61.699999074466895,59.709676523677636,61.699999074466895,82102900
2023-08-16,59.709678649902344,61.70000127156576,57.719356028238934,59.709678649902344,208038100
2023-08-18,59.709678649902344,60.704839960734056,58.71451733907064,59.709678649902344,73131700
2023-08-21,62.695159912109375,63.69032118055556,59.709676106770836,60.70483737521702,475697500
2023-08-22,62.695159912109375,63.69032118055556,61.69999864366319,62.695159912109375,111132200
2023-08-23,60.704837799072266,63.690321625256146,58.71451524828301,61.699999074466895,406371100
2023-08-24,61.70000076293945,62.69516206556751,60.7048394603114,61.70000076293945,139323700
2023-08-25,61.70000076293945,62.69516206556751,60.7048394603114,61.70000076293945,68669500
2023-08-28,62.695159912109375,63.69032118055556,60.70483737521702,61.69999864366319,162199000
2023-08-29,67.67096710205078,70.65645094478832,61.69999941657571,62.69516069748822,1294255900
2023-08-30,67.67096710205078,70.65645094478832,66.67580582113827,68.6661283829633,291171700
2023-08-31,64.68548583984375,68.66613112229568,63.69032451923077,67.67096980168269,267239600
2023-09-01,66.6758041381836,68.66612664977117,64.68548162659603,64.68548162659603,170664500
2023-09-04,69.66129302978516,73.64193834577287,66.67580904279436,67.6709703717913,805692000
2023-09-05,67.67096710205078,71.65161222570083,67.67096710205078,70.65645094478832,370915600
2023-09-06,68.66613006591797,70.65645267652428,67.67096876061481,68.66613006591797,213151800
2023-09-07,67.67096710205078,69.6612896638758,67.67096710205078,68.6661283829633,114173300
2023-09-08,66.6758041381836,69.66128790556495,66.6758041381836,68.66612664977117,132667600
2023-09-11,66.6758041381836,74.63709418453388,66.6758041381836,74.63709418453388,102861100
2023-09-12,65.68064880371094,67.67097149473248,64.68548745820016,67.67097149473248,169689400
2023-09-13,65.68064880371094,67.67097149473248,64.68548745820016,65.68064880371094,136061000
2023-09-14,67.67096710205078,67.67096710205078,65.68064454022576,65.68064454022576,93644100
2023-09-15,66.6758041381836,68.66612664977117,65.6806428823898,67.67096539397738,191360300
2023-09-18,65.68064880371094,67.67097149473248,64.68548745820016,66.6758101492217,199231300
2023-09-19,65.68064880371094,67.67097149473248,64.68548745820016,65.68064880371094,115196200
2023-09-20,65.68064880371094,67.67097149473248,65.68064880371094,65.68064880371094,54904300
2023-09-21,65.68064880371094,66.6758101492217,64.68548745820016,65.68064880371094,44507600
2023-09-22,66.6758041381836,67.67096539397738,64.68548162659603,65.6806428823898,130655700
2023-09-25,76.6274185180664,79.61290235643263,66.67580572351233,69.66128956187855,1464087000
2023-09-26,70.65644836425781,80.60806080992793,70.65644836425781,74.63709334252586,1821746400
2023-09-27,78.61774444580078,79.61290576789952,70.65645386901083,70.65645386901083,708982200
2023-09-29,84.58870697021484,86.57902948716107,77.62257816090303,78.61773941937615,991122800
2023-10-02,81.60322570800781,86.57903215361804,77.62258055151963,84.58870957537395,809770300
2023-10-03,80.60806274414062,82.59838528103299,77.62257893880208,81.60322401258681,411445500
2023-10-04,75.63225555419922,80.6080618406597,74.63709429690712,79.6129005833676,656172700
2023-10-05,74.63710021972656,80.60806823730469,74.63710021972656,75.63226155598959,483452400
2023-10-06,73.64193725585938,77.62258251293285,73.64193725585938,76.62742119866449,287561600
2023-10-09,75.63225555419922,78.61773932607551,73.64193303961503,73.64193303961503,391093600
2023-10-10,76.6274185180664,78.61774107697723,75.632257238611,76.6274185180664,116948200
2023-10-11,75.63225555419922,77.62257806878341,74.63709429690712,76.62741681149132,117275800
2023-10-12,78.61774444580078,79.61290576789952,74.6370991574058,75.63226047950455,216068900
2023-10-13,79.61289978027344,82.59838352203369,77.6225772857666,78.61773853302002,413087600
2023-10-16,79.61289978027344,85.58386726379395,78.61773853302002,80.60806102752686,297655200
2023-10-17,80.60806274414062,84.58870781792535,79.61290147569444,83.59354654947917,133043300
2023-10-18,78.61774444580078,81.60322841209701,77.62258312370204,80.60806708999827,142794400
2023-10-19,78.61774444580078,81.60322841209701,76.62742180160329,78.61774444580078,298824700
2023-10-20,77.6225814819336,79.61290408403445,76.62742018088316,78.61774278298402,154815100
2023-10-23,75.63225555419922,78.61773932607551,74.63709429690712,77.62257806878341,181163600
2023-10-24,76.6274185180664,77.62257979752181,75.632257238611,75.632257238611,60819100
2023-10-25,76.6274185180664,77.62257979752181,75.632257238611,77.62257979752181,54407200
2023-10-26,73.64193725585938,77.62258251293285,73.64193725585938,77.62258251293285,304651800
2023-10-27,75.63225555419922,76.62741681149132,72.64677178232294,74.63709429690712,151360800
2023-10-30,77.6225814819336,79.61290408403445,74.6370975787823,75.63225887983273,219393200
2023-10-31,79.61289978027344,80.60806102752686,77.6225772857666,78.61773853302002,202861600
2023-11-01,81.60322570800781,92.54999988835033,80.60806441888576,84.58870957537395,2288788500
2023-11-02,83.59355163574219,87.5741969517299,81.60322897774833,82.59839030674526,339231300
2023-11-03,86.57903289794922,88.56935549330437,83.59354900491648,84.58871030259407,315043800
2023-11-06,85.58386993408203,89.56451504729515,84.58870865577875,86.5790312123853,274129400
2023-11-07,71.651611328125,87.57419162326389,56.724192301432296,80.60806274414062,4629738400
2023-11-08,76.6274185180664,78.61774107697723,68.66612828242314,71.65161212078937,592465500
2023-11-09,72.64677429199219,79.61290333369007,70.65645170864994,76.6274194586767,520787900
2023-11-10,74.63710021972656,76.62742289225261,71.6516162109375,72.64677754720051,246375500
2023-11-13,72.64677429199219,76.6274194586767,71.65161300032106,74.63709687533444,235857600
2023-11-14,70.65644836425781,74.63709334252586,68.6661258751238,72.64677085339184,409339200
2023-11-15,72.64677429199219,75.63225816700557,68.66612912530769,70.65645170864994,728010000
2023-11-16,73.64193725585938,75.63225988439612,72.646775941591,72.646775941591,274356400
2023-11-17,74.63710021972656,76.62742289225261,73.64193888346354,74.63710021972656,181833800
2023-11-20,72.64677429199219,75.63225816700557,71.65161300032106,74.63709687533444,113195700
2023-11-21,70.65644836425781,73.64193209795886,70.65644836425781,72.64677085339184,116109700
2023-11-22,69.66129302978516,72.64677701677594,68.66613170078823,71.65161568777901,162652400
2023-11-23,72.64677429199219,72.64677429199219,69.66129041697882,69.66129041697882,96101800
2023-11-24,71.651611328125,73.64193386501736,70.65645005967882,73.64193386501736,79749200
2023-11-27,69.66129302978516,72.64677701677594,68.66613170078823,72.64677701677594,304871000
2023-11-28,69.66129302978516,70.65645435878209,66.67580904279436,69.66129302978516,327338600
2023-11-29,68.66613006591797,74.63709789773692,67.67096876061481,70.65645267652428,210415400
2023-11-30,69.66129302978516,70.65645435878209,68.66613170078823,68.66613170078823,171018000
2023-12-01,70.65644836425781,70.65644836425781,67.67096463055678,69.6612871196908,195100100
2023-12-04,78.61774444580078,81.60322841209701,69.66129254691208,71.65161519110957,938384200
2023-12-05,81.60322570800781,83.5935482862519,75.63225797327553,79.61290312976372,718761900
2023-12-06,84.58870697021484,87.57419074563418,80.60806193632237,81.60322319479549,744823600
2023-12-07,79.61289978027344,87.57418975830078,79.61289978027344,85.58386726379395,584351600
2023-12-08,80.60806274414062,82.59838528103299,79.61290147569444,80.60806274414062,238872100
2023-12-11,74.63710021972656,82.59839090983073,72.64677754720051,80.60806823730469,768075500
2023-12-12,74.63710021972656,78.61774556477864,71.6516162109375,75.63226155598959,362704900
2023-12-13,73.64193725585938,75.63225988439612,72.646775941591,73.64193725585938,190828000
2023-12-14,64.68548583984375,74.63709904597356,64.68548583984375,73.64193772536058,1049968500
2023-12-15,60.704837799072266,63.690321625256146,54.733870146704504,59.709676523677636,1677056800
2023-12-18,60.704837799072266,63.690321625256146,58.71451524828301,60.704837799072266,552649800
2023-12-19,59.709678649902344,61.70000127156576,58.71451733907064,60.704839960734056,234550200
2023-12-20,58.714515686035156,61.69999953447762,58.714515686035156,60.70483825166347,188324100
2023-12-21,58.714515686035156,60.70483825166347,58.714515686035156,59.70967696884931,125208400
2023-12-22,59.709678649902344,61.70000127156576,58.71451733907064,58.71451733907064,188568400
2023-12-27,59.709678649902344,61.70000127156576,59.709678649902344,59.709678649902344,162200000
2023-12-28,60.704837799072266,61.699999074466895,59.709676523677636,59.709676523677636,93344700
2023-12-29,59.709678649902344,61.70000127156576,59.709678649902344,61.70000127156576,131923700
2024-01-02,67.67096710205078,69.6612896638758,59.70967685475068,60.704838135663195,509467700
2024-01-03,66.6758041381836,71.65161041715253,65.6806428823898,67.67096539397738,521986500
2024-01-04,67.67096710205078,68.6661283829633,66.67580582113827,66.67580582113827,98695300
2024-01-05,65.68064880371094,67.67097149473248,64.68548745820016,67.67097149473248,151395500
2024-01-08,64.68548583984375,66.67580848106971,63.69032451923077,64.68548583984375,139015000
2024-01-09,65.68064880371094,67.67097149473248,63.69032611268939,64.68548745820016,252558300
2024-01-10,64.68548583984375,67.67096980168269,64.68548583984375,66.67580848106971,138446200
2024-01-11,63.69032287597656,65.68064546585083,63.69032287597656,65.68064546585083,106598300
2024-01-12,61.70000076293945,64.68548467082363,61.70000076293945,64.68548467082363,149202500
2024-01-15,63.69032287597656,63.69032287597656,61.700000286102295,62.69516158103943,115875400
2024-01-16,63.69032287597656,64.6854841709137,61.700000286102295,63.69032287597656,144196100
2024-01-17,63.69032287597656,65.68064546585083,62.69516158103943,63.69032287597656,132476300
2024-01-18,65.68064880371094,66.6758101492217,63.69032611268939,63.69032611268939,117510600
2024-01-19,64.68548583984375,65.68064716045673,63.69032451923077,65.68064716045673,68584200
2024-01-22,62.695159912109375,65.68064371744792,62.695159912109375,65.68064371744792,140939900
2024-01-23,61.70000076293945,63.690323368195564,60.7048394603114,62.69516206556751,187704300
2024-01-24,59.709678649902344,63.69032389322917,58.71451733907064,61.70000127156576,134758800
2024-01-25,58.714515686035156,61.69999953447762,57.719354403221,58.714515686035156,252777800
2024-01-26,56.72419357299805,59.7096774452611,55.72903228224369,59.7096774452611,245609200
2024-01-29,57.719356536865234,59.70967917606748,54.73387257806186,56.72419521726411,233629600
2024-01-30,58.714515686035156,59.70967696884931,56.724193120406845,57.719354403221,182910200
2024-01-31,58.714515686035156,60.70483825166347,57.719354403221,57.719354403221,71805800
2024-02-01,58.714515686035156,60.70483825166347,58.714515686035156,59.70967696884931,60051400
2024-02-02,56.72419357299805,59.7096774452611,56.72419357299805,59.7096774452611,90319400
2024-02-05,57.719356536865234,58.71451785646636,56.72419521726411,57.719356536865234,37354900
2024-02-06,56.72419357299805,57.7193548637524,56.72419357299805,57.7193548637524,66332200
2024-02-07,55.729034423828125,57.71935708182198,55.729034423828125,56.724195752825054,65944500
2024-02-12,55.729034423828125,56.724195752825054,54.73387309483119,55.729034423828125,86506900
2024-02-13,56.72419357299805,57.7193548637524,55.72903228224369,55.72903228224369,76839100
2024-02-15,57.719356536865234,59.70967917606748,56.72419521726411,58.71451785646636,83801100
2024-02-16,57.719356536865234,59.70967917606748,56.72419521726411,57.719356536865234,44529400
2024-02-19,56.72419357299805,58.71451615450675,54.73387099148934,57.7193548637524,68545800
2024-02-20,56.72419357299805,57.7193548637524,55.72903228224369,56.72419357299805,40805700
2024-02-21,55.729034423828125,57.71935708182198,55.729034423828125,56.724195752825054,17864000
2024-02-22,59.709678649902344,60.704839960734056,55.729033406575525,56.72419471740723,238915600
2024-02-23,59.709678649902344,61.70000127156576,58.71451733907064,59.709678649902344,56454800
2024-02-26,58.714515686035156,60.70483825166347,58.714515686035156,59.70967696884931,53130500
2024-02-27,57.719356536865234,58.71451785646636,56.72419521726411,58.71451785646636,60805200
2024-02-28,56.72419357299805,58.71451615450675,55.72903228224369,57.7193548637524,85237100
2024-02-29,56.72419357299805,57.7193548637524,55.72903228224369,56.72419357299805,45306200
2024-03-01,56.72419357299805,57.7193548637524,55.72903228224369,56.72419357299805,37620900
2024-03-04,57.719356536865234,58.71451785646636,56.72419521726411,57.719356536865234,44290000
2024-03-05,56.72419357299805,57.7193548637524,55.72903228224369,57.7193548637524,45720400
2024-03-06,58.714515686035156,58.714515686035156,56.724193120406845,56.724193120406845,47435300
2024-03-07,58.714515686035156,60.70483825166347,57.719354403221,58.714515686035156,96875700
2024-03-08,57.719356536865234,59.70967917606748,57.719356536865234,58.71451785646636,71400200
2024-03-13,57.719356536865234,58.71451785646636,57.719356536865234,57.719356536865234,37404000
2024-03-14,58.714515686035156,58.714515686035156,57.719354403221,57.719354403221,26137300
2024-03-15,56.72419357299805,58.71451615450675,56.72419357299805,58.71451615450675,50635200
2024-03-18,55.729034423828125,57.71935708182198,55.729034423828125,57.71935708182198,61395500
2024-03-19,57.719356536865234,59.70967917606748,55.72903389766299,56.72419521726411,115406400
2024-03-20,59.709678649902344,59.709678649902344,57.719356028238934,58.71451733907064,133200200
2024-03-21,62.695159912109375,65.68064371744792,58.714514838324654,59.709676106770836,407963800
2024-03-22,61.70000076293945,64.68548467082363,61.70000076293945,63.690323368195564,146895500
2024-03-25,60.704837799072266,62.69516034986152,60.704837799072266,62.69516034986152,46781900
2024-03-26,61.70000076293945,62.69516206556751,60.7048394603114,62.69516206556751,40956300
2024-03-27,63.69032287597656,64.6854841709137,61.700000286102295,61.700000286102295,175072700
2024-03-28,62.695159912109375,64.68548244900174,61.69999864366319,63.69032118055556,78822600
2024-04-01,62.695159912109375,65.68064371744792,62.695159912109375,63.69032118055556,204652700
2024-04-02,61.70000076293945,63.690323368195564,61.70000076293945,62.69516206556751,55325700
2024-04-03,62.695159912109375,63.69032118055556,61.69999864366319,61.69999864366319,39061700
2024-04-04,62.695159912109375,64.68548244900174,62.695159912109375,63.69032118055556,56304400
2024-04-05,63.69032287597656,63.69032287597656,55.72903251647949,55.72903251647949,44011600
2024-04-16,63.69032287597656,64.6854841709137,61.700000286102295,63.69032287597656,74935600
2024-04-17,63.69032287597656,66.67580676078796,62.69516158103943,63.69032287597656,101574900
2024-04-18,63.69032287597656,64.6854841709137,61.700000286102295,63.69032287597656,89680000
2024-04-19,62.695159912109375,63.69032118055556,58.714514838324654,62.695159912109375,189195300
2024-04-22,63.69032287597656,65.68064546585083,61.700000286102295,62.69516158103943,85984500
2024-04-23,65.68064880371094,69.66129418575402,63.69032611268939,63.69032611268939,489089700
2024-04-24,64.68548583984375,66.67580848106971,63.69032451923077,65.68064716045673,121697700
2024-04-25,62.695159912109375,65.68064371744792,61.69999864366319,65.68064371744792,121249600
2024-04-26,60.704837799072266,62.69516034986152,60.704837799072266,61.699999074466895,107827800
2024-04-29,60.704837799072266,61.699999074466895,59.709676523677636,60.704837799072266,66688000
2024-04-30,61.70000076293945,63.690323368195564,60.7048394603114,61.70000076293945,78548100
2024-05-02,59.709678649902344,62.695162582397465,59.709678649902344,62.695162582397465,73074200
2024-05-03,59.709678649902344,61.70000127156576,59.709678649902344,59.709678649902344,62599100
2024-05-06,59.709678649902344,60.704839960734056,57.719356028238934,59.709678649902344,178050200
2024-05-07,57.719356536865234,60.70484049566861,57.719356536865234,59.70967917606748,101858700
2024-05-08,57.719356536865234,59.70967917606748,56.72419521726411,58.71451785646636,141976500
2024-05-13,57.719356536865234,58.71451785646636,56.72419521726411,57.719356536865234,40412200
2024-05-14,58.714515686035156,58.714515686035156,57.719354403221,57.719354403221,29401700
2024-05-15,57.719356536865234,58.71451785646636,57.719356536865234,58.71451785646636,36283000
2024-05-16,57.719356536865234,58.71451785646636,57.719356536865234,57.719356536865234,29900600
2024-05-17,58.714515686035156,58.714515686035156,55.729031837592686,57.719354403221,100124400
2024-05-20,59.709678649902344,61.70000127156576,57.719356028238934,58.71451733907064,101691200
2024-05-21,59.709678649902344,60.704839960734056,58.71451733907064,59.709678649902344,50131000
2024-05-22,58.714515686035156,59.70967696884931,58.714515686035156,59.70967696884931,18019600
2024-05-27,57.719356536865234,59.70967917606748,57.719356536865234,58.71451785646636,37584800
2024-05-28,57.719356536865234,59.70967917606748,57.719356536865234,57.719356536865234,72156500
2024-05-29,58.714515686035156,59.70967696884931,57.719354403221,58.714515686035156,35832800
2024-05-30,58.714515686035156,59.70967696884931,57.719354403221,58.714515686035156,67820200
2024-05-31,61.70000076293945,64.68548467082363,58.71451685505529,59.70967815768334,265078500
2024-06-03,60.704837799072266,62.69516034986152,60.704837799072266,61.699999074466895,56689400
2024-06-04,59.709678649902344,61.70000127156576,58.71451733907064,60.704839960734056,88170900
2024-06-05,59.709678649902344,60.704839960734056,59.709678649902344,59.709678649902344,35361000
2024-06-06,59.709678649902344,60.704839960734056,58.71451733907064,59.709678649902344,53217900
2024-06-07,58.714515686035156,60.70483825166347,58.714515686035156,59.70967696884931,16163000
2024-06-10,56.72419357299805,59.7096774452611,55.72903228224369,58.71451615450675,162758800
2024-06-11,57.719356536865234,59.70967917606748,56.72419521726411,57.719356536865234,45258300
2024-06-12,56.72419357299805,58.71451615450675,56.72419357299805,58.71451615450675,55295600
2024-06-13,56.72419357299805,57.7193548637524,56.72419357299805,56.72419357299805,22687900
2024-06-14,56.72419357299805,58.71451615450675,56.72419357299805,56.72419357299805,26839100
2024-06-19,56.72419357299805,58.71451615450675,56.72419357299805,56.72419357299805,26731600
2024-06-20,56.72419357299805,58.71451615450675,56.72419357299805,57.7193548637524,48189400
2024-06-21,57.719356536865234,57.719356536865234,55.72903389766299,57.719356536865234,53608000
2024-06-24,57.719356536865234,58.71451785646636,56.72419521726411,57.719356536865234,17988600
2024-06-25,57.719356536865234,58.71451785646636,55.72903389766299,57.719356536865234,52931100
2024-06-26,59.709678649902344,61.70000127156576,56.72419471740723,57.719356028238934,137431900
2024-06-27,57.719356536865234,60.70484049566861,57.719356536865234,59.70967917606748,47131600
2024-06-28,58.714515686035156,59.70967696884931,57.719354403221,57.719354403221,17328900
2024-07-01,62.695159912109375,64.68548244900174,58.714514838324654,58.714514838324654,199542900
2024-07-02,62.695159912109375,66.6758049858941,61.69999864366319,62.695159912109375,430762600
2024-07-03,67.67096710205078,68.6661283829633,62.69516069748822,63.69032197840073,436148300
2024-07-04,66.6758041381836,68.66612664977117,66.6758041381836,68.66612664977117,98699200
2024-07-05,67.67096710205078,69.6612896638758,65.68064454022576,66.67580582113827,262741500
2024-07-08,68.66613006591797,72.64677528713061,66.67580745531166,67.67096876061481,346167500
2024-07-09,66.6758041381836,69.66128790556495,64.68548162659603,69.66128790556495,165526200
2024-07-10,63.69032287597656,66.67580676078796,62.69516158103943,66.67580676078796,274727800
2024-07-11,69.66129302978516,69.66129302978516,63.69032505580357,64.6854863848005,227032300
2024-07-12,69.66129302978516,72.64677701677594,68.66613170078823,69.66129302978516,213530000
2024-07-15,69.66129302978516,72.64677701677594,67.6709703717913,70.65645435878209,230066200
2024-07-16,69.66129302978516,70.65645435878209,68.66613170078823,69.66129302978516,104054200
2024-07-17,68.66613006591797,71.65161398182744,68.66613006591797,69.66129137122113,141886600
2024-07-18,68.66613006591797,69.66129137122113,67.67096876061481,68.66613006591797,88606200
2024-07-19,65.68064880371094,68.66613284024325,64.68548745820016,68.66613284024325,186711000
2024-07-22,66.6758041381836,67.67096539397738,64.68548162659603,65.6806428823898,165518800
2024-07-23,64.68548583984375,66.67580848106971,64.68548583984375,66.67580848106971,148836600
2024-07-24,63.69032287597656,65.68064546585083,62.69516158103943,64.6854841709137,170403100
2024-07-25,62.695159912109375,65.68064371744792,62.695159912109375,63.69032118055556,86380700
2024-07-26,66.6758041381836,67.67096539397738,63.69032037080224,63.69032037080224,231647100
2024-07-29,66.6758041381836,67.67096539397738,65.6806428823898,66.6758041381836,107677300
2024-07-30,66.6758041381836,66.6758041381836,65.6806428823898,65.6806428823898,67058600
2024-07-31,66.6758041381836,66.6758041381836,64.68548162659603,66.6758041381836,168919100
2024-08-01,66.6758041381836,71.65161041715253,66.6758041381836,67.67096539397738,294681400
2024-08-02,67.67096710205078,68.6661283829633,65.68064454022576,67.67096710205078,97268100
2024-08-05,64.68548583984375,67.67096980168269,62.69516319861779,66.67580848106971,256899300
2024-08-06,65.68064880371094,65.68064880371094,63.69032611268939,64.68548745820016,73608400
2024-08-07,65.68064880371094,66.6758101492217,63.69032611268939,64.68548745820016,44192700
2024-08-08,64.68548583984375,66.67580848106971,64.68548583984375,65.68064716045673,20254700
2024-08-09,66.6758041381836,66.6758041381836,64.68548162659603,65.6806428823898,25684400
2024-08-12,65.68064880371094,66.6758101492217,64.68548745820016,66.6758101492217,66121000
2024-08-13,66.6758041381836,66.6758041381836,65.6806428823898,65.6806428823898,26901700
2024-08-14,66.6758041381836,66.6758041381836,65.6806428823898,65.6806428823898,114539900
2024-08-15,67.67096710205078,68.6661283829633,65.68064454022576,66.67580582113827,164987500
2024-08-16,67.67096710205078,69.6612896638758,67.67096710205078,67.67096710205078,184799200
2024-08-19,66.6758041381836,68.66612664977117,66.6758041381836,67.67096539397738,65025500
2024-08-20,67.67096710205078,68.6661283829633,66.67580582113827,66.67580582113827,74578800
2024-08-21,68.66613006591797,70.65645267652428,66.67580745531166,67.67096876061481,380874800
2024-08-22,65.68064880371094,68.66613284024325,65.68064880371094,68.66613284024325,137455600
2024-08-23,67.67096710205078,68.6661283829633,65.68064454022576,66.67580582113827,70053300
2024-08-26,66.6758041381836,68.66612664977117,66.6758041381836,68.66612664977117,70614700
2024-08-27,66.6758041381836,67.67096539397738,66.6758041381836,67.67096539397738,67283700
2024-08-28,66.6758041381836,67.67096539397738,66.6758041381836,66.6758041381836,53692900
2024-08-29,65.68064880371094,67.67097149473248,65.68064880371094,66.6758101492217,54281800
2024-08-30,66.6758041381836,67.67096539397738,65.6806428823898,65.6806428823898,64890400
2024-09-02,65.68064880371094,67.67097149473248,65.68064880371094,66.6758101492217,85019100
2024-09-03,67.67096710205078,69.6612896638758,65.68064454022576,66.67580582113827,384281200
2024-09-04,66.6758041381836,67.67096539397738,65.6806428823898,67.67096539397738,87019100
2024-09-05,66.6758041381836,67.67096539397738,65.6806428823898,67.67096539397738,36554300
2024-09-06,66.6758041381836,67.67096539397738,65.6806428823898,66.6758041381836,29937100
2024-09-09,64.68548583984375,66.67580848106971,64.68548583984375,66.67580848106971,95120700
2024-09-10,64.68548583984375,66.67580848106971,64.68548583984375,64.68548583984375,65785200
2024-09-11,64.68548583984375,65.68064716045673,63.69032451923077,65.68064716045673,90321500
2024-09-12,64.68548583984375,65.68064716045673,62.69516319861779,65.68064716045673,177420600
2024-09-13,63.69032287597656,64.6854841709137,62.69516158103943,64.6854841709137,66510000
2024-09-17,65.68064880371094,66.6758101492217,62.69516476717862,63.69032611268939,184662300
2024-09-18,65.68064880371094,66.6758101492217,64.68548745820016,65.68064880371094,89794100
2024-09-19,67.67096710205078,68.6661283829633,65.68064454022576,66.67580582113827,248668900
2024-09-20,67.67096710205078,69.6612896638758,66.67580582113827,68.6661283829633,386810800
2024-09-23,71.651611328125,73.64193386501736,67.67096625434029,67.67096625434029,726813600
2024-09-24,70.65644836425781,72.64677085339184,68.6661258751238,72.64677085339184,228340600
2024-09-25,68.66613006591797,71.65161398182744,66.67580745531166,69.66129137122113,292422600
2024-09-26,67.67096710205078,69.6612896638758,66.67580582113827,68.6661283829633,88952900
2024-09-27,68.66613006591797,69.66129137122113,67.67096876061481,68.66613006591797,65204200
2024-09-30,69.66129302978516,71.65161568777901,67.6709703717913,68.66613170078823,284213900
2024-10-01,74.63710021972656,74.63710021972656,68.66613220214843,69.66129353841146,475838100
2024-10-02,70.65644836425781,76.62741583165989,69.6612871196908,74.63709334252586,1240422400
2024-10-03,69.66129302978516,72.64677701677594,69.66129302978516,70.65645435878209,236602800
2024-10-04,69.66129302978516,71.65161568777901,69.66129302978516,69.66129302978516,192765900
2024-10-07,70.65644836425781,72.64677085339184,69.6612871196908,70.65644836425781,357221800
2024-10-08,68.66613006591797,74.63709789773692,68.66613006591797,71.65161398182744,296957100
2024-10-09,66.6758041381836,69.66128790556495,66.6758041381836,68.66612664977117,265203700
2024-10-10,66.6758041381836,68.66612664977117,66.6758041381836,66.6758041381836,164110300
2024-10-11,71.651611328125,71.651611328125,67.67096625434029,67.67096625434029,272575100
2024-10-14,76.6274185180664,76.6274185180664,71.65161212078937,71.65161212078937,519620800
2024-10-15,81.60322570800781,81.60322570800781,76.62741926239758,77.62258055151963,1091671100
2024-10-16,76.6274185180664,82.59838619479885,75.632257238611,82.59838619479885,573171300
2024-10-17,81.60322570800781,83.5935482862519,76.62741926239758,77.62258055151963,707931400
2024-10-18,86.57903289794922,91.55483938633711,81.60322640956133,82.59838770723891,1139405000
2024-10-21,95.53548431396484,97.52580690383911,86.57903265953064,87.57419395446777,1359194900
2024-10-22,108.47257995605469,108.47257995605469,92.54999941204666,96.53064454804867,1615917400
2024-10-23,106.48226165771484,116.43387489675361,102.50161636209933,109.46774562942647,1729245700
2024-10-24,97.52581024169922,107.47742353166852,96.53064891270229,107.47742353166852,1241379400
2024-10-25,89.56451416015625,101.50644938151042,88.56935289171007,98.52096557617188,782297300
2024-10-28,95.53548431396484,97.52580690383911,85.5838713645935,90.55967783927917,778101800
2024-10-29,92.55000305175781,97.52580966744371,91.55484172862063,95.53548702116936,405288300
2024-10-30,93.54515838623047,95.53548090508644,91.5548358673745,92.54999712680248,185939900
2024-10-31,92.55000305175781,96.53064834430653,92.55000305175781,94.54032569803218,239520500
2024-11-01,91.55484008789062,93.54516269849694,88.56935617198114,92.55000139319378,274278600
2024-11-04,94.54032135009766,100.51128901431436,91.55483751798931,91.55483751798931,722672100
2024-11-05,101.50645446777344,101.50645446777344,92.5500026029699,93.54516392128141,760604300
2024-11-06,97.52581024169922,105.48710087367466,96.53064891270229,102.50161688668386,1168204400
2024-11-07,90.55967712402344,97.5258061335637,90.55967712402344,96.53064484648652,690714700
2024-11-08,95.53548431396484,96.53064560890198,90.55967783927917,91.55483913421631,217416900
2024-11-11,100.51129150390625,102.501614107944,94.540323691793,95.53548499381188,828359500
2024-11-12,118.4241943359375,122.4048395237001,97.52580710018383,99.51612969406513,2160148700
2024-11-13,135.34193420410156,144.29838573231416,117.42903114767635,118.42419242858887,2104980400
2024-11-14,123.4000015258789,141.31290497318392,123.4000015258789,135.34193715741557,1166549800
2024-11-15,115.43871307373047,129.37097154814623,106.48226119732035,123.40000363053947,1283921300
2024-11-18,116.43386840820312,139.32257758246527,115.43870713975694,139.32257758246527,751499000
2024-11-19,112.4532241821289,120.41451438971325,111.45806290618086,116.43386928592108,433724900
2024-11-20,121.40967559814453,123.39999814893379,110.46290156880363,112.45322411959289,519913400
2024-11-21,118.4241943359375,127.38064600840336,118.4241943359375,123.40000082064076,885114600
2024-11-22,119.41935729980469,121.40967992146811,114.44355074564616,118.42419598897298,346368800
2024-11-25,116.43386840820312,120.41451348198785,115.43870713975694,120.41451348198785,274381700
2024-11-26,113.4483871459961,122.40483876278526,112.45322585524174,117.4290323090135,372217700
2024-11-28,105.48709869384766,116.43387308660543,103.4967760769826,113.44838916130786,776045100
2024-11-29,105.48709869384766,109.46774392757776,103.4967760769826,106.48226000228019,444448000
2024-12-02,102.5016098022461,110.46289988397395,100.51128728181413,106.48225484311003,322147200
2024-12-03,102.5016098022461,105.48709358289403,101.50644854203011,102.5016098022461,135504200
2024-12-04,114.44355010986328,114.44355010986328,102.50161444622537,102.50161444622537,578842400
2024-12-05,118.4241943359375,122.4048395237001,112.4532265542936,117.42903303899685,515366600
2024-12-06,115.43871307373047,119.41935835213496,114.44355175412934,119.41935835213496,139984300
2024-12-09,119.41935729980469,121.40967992146811,114.44355074564616,115.43871205647787,284756900
2024-12-10,123.4000015258789,125.39032413113502,117.42903371011057,122.40484022325084,686369000
2024-12-11,120.41452026367188,127.38064953512396,119.41935893917872,124.3951655616445,459652900
2024-12-12,122.40483856201172,123.39999985113377,119.41935469464558,121.40967727288967,215281100
2024-12-13,116.43386840820312,122.40483601888022,115.43870713975694,122.40483601888022,185160600
2024-12-16,117.42903137207031,118.42419265488446,110.46290239237122,117.42903137207031,214607200
2024-12-17,113.4483871459961,120.41451618127655,112.45322585524174,117.4290323090135,171656500
2024-12-18,113.4483871459961,116.43387101825914,110.46290327373303,114.44354843675045,78642800
2024-12-19,107.4774169921875,112.45322333441841,105.48709445529514,112.45322333441841,194037100
2024-12-20,107.4774169921875,110.46290079752605,105.48709445529514,109.46773952907986,90957700
2024-12-23,105.48709869384766,108.47258261914523,104.49193738541513,108.47258261914523,148439300
2024-12-24,106.48226165771484,108.47258430552259,102.50161636209933,106.48226165771484,111650100
2024-12-27,104.49193572998047,108.47258090064639,104.49193572998047,106.48225831531343,71505500
2024-12-30,110.46290588378906,111.45806719805744,104.49193799817884,104.49193799817884,98152600
2025-01-02,117.42903137207031,122.40483778614109,105.48709597830045,108.47257982674292,545588100
2025-01-03,118.4241943359375,123.40000082064076,116.4338717420562,117.42903303899685,377489500
2025-01-06,114.44355010986328,120.41451794168223,113.44838880456012,119.41935663637908,206176300
2025-01-07,113.4483871459961,118.42419359976785,112.45322585524174,114.44354843675045,137626000
2025-01-08,107.4774169921875,113.44838460286459,106.48225572374132,113.44838460286459,228421000
2025-01-09,105.48709869384766,110.46290523601029,104.49193738541513,107.4774213107127,138758300
2025-01-10,115.43871307373047,115.43871307373047,105.48709987771922,105.48709987771922,295634600
2025-01-13,110.46290588378906,117.42903508366766,109.46774456952069,116.43387376939928,176472700
2025-01-14,112.4532241821289,114.44354673402499,107.47741780238869,111.45806290618086,200019800
2025-01-15,109.46774291992188,113.44838811700994,108.47258162064986,112.45322681773793,221801800
2025-01-16,114.44355010986328,116.4338727204696,109.46774358334748,110.46290488865064,222760500
2025-01-17,110.46290588378906,116.43387376939928,110.46290588378906,115.43871245513091,113595200
2025-01-20,114.44355010986328,119.41935663637908,108.47258227804433,111.4580661939538,653923400
2025-01-21,112.4532241821289,117.42903056186911,112.4532241821289,115.43870800997303,227510800
2025-01-22,113.4483871459961,116.43387101825914,112.45322585524174,113.4483871459961,189266500
2025-01-23,115.43871307373047,122.40484231093835,114.44355175412934,114.44355175412934,646131300
2025-01-24,112.4532241821289,115.43870800997303,111.45806290618086,114.44354673402499,257645900
2025-01-30,110.46290588378906,113.44838982659418,106.48226062671559,112.45322851232581,212812600
2025-01-31,111.45806884765625,115.43871416364397,110.46290751865932,110.46290751865932,184235700
2025-02-03,111.45806884765625,113.44839150565011,108.47258486066545,113.44839150565011,213698400
2025-02-04,116.43386840820312,128.37580362955728,112.45322333441841,112.45322333441841,2253936600
2025-02-05,112.4532241821289,120.41451438971325,110.46290163023282,118.42419183781716,1075377800
2025-02-06,111.45806884765625,113.44839150565011,108.47258486066545,112.45323017665318,436325500
2025-02-07,109.46774291992188,111.4580655184659,105.48709772283381,111.4580655184659,311155900
2025-02-10,102.5016098022461,109.46773862375797,99.51612602159815,109.46773862375797,479072800
2025-02-11,111.45806884765625,114.44355283464704,104.49193954467773,104.49193954467773,688122100
2025-02-12,109.46774291992188,116.433872014826,105.48709772283381,111.4580655184659,511777200
2025-02-13,117.42903137207031,120.41451522051277,110.46290239237122,112.45322495799954,695106800
2025-02-14,121.40967559814453,124.39515942432841,118.42419177196065,119.41935304735527,756115000
2025-02-17,134.34677124023438,134.34677124023438,120.41451348198785,121.40967475043404,852894200
2025-02-18,143.30322265625,148.2790289984809,132.356448703342,135.34193250868057,964379600
2025-02-19,144.2983856201172,146.28870818039468,138.32741793928477,145.29354690025593,560661300
2025-02-20,144.2983856201172,155.24515970164333,139.3225792194235,144.2983856201172,1183443800
2025-02-21,144.2983856201172,149.2741920208109,141.31290177970098,145.29354690025593,248889100
2025-02-24,139.3225860595703,145.29355403355189,138.32742473057337,144.29839270455497,234125800
2025-02-25,134.34677124023438,148.2790289984809,134.34677124023438,140.31773885091147,525366200
2025-02-26,139.3225860595703,139.3225860595703,129.370972769601,134.34677941458565,289072200
2025-02-27,134.34677124023438,143.30322265625,134.34677124023438,141.31290011935764,273744800
2025-02-28,123.4000015258789,134.34677585478752,120.41451761799473,134.34677585478752,398816900
2025-03-03,134.34677124023438,135.34193250868057,125.39031982421875,126.38548109266493,336767700
2025-03-04,126.38548278808594,135.3419343242495,124.39516022449403,134.34677304245355,347299500
2025-03-05,127.38064575195312,132.3564522266388,125.39032316207886,127.38064575195312,248337100
2025-03-06,128.3758087158203,130.36613133156945,126.38548610007115,128.3758087158203,146845700
2025-03-07,129.3709716796875,134.3467782827524,127.38064903846154,128.37581035907453,339201300
2025-03-10,129.3709716796875,135.34193960336538,128.37581035907453,130.3661330003005,401524900
2025-03-11,126.38548278808594,128.37580535167785,123.39999894269809,125.39032150629,279500000
2025-03-12,122.40483856201172,129.37096758586605,122.40483856201172,127.38064500762195,203222100
2025-03-13,119.41935729980469,124.39516385396323,115.43871205647787,122.40484123229982,327255300
2025-03-14,117.42903137207031,123.39999906895524,115.438708806442,121.40967650332693,168331900
2025-03-17,121.40967559814453,123.39999814893379,116.43386922117139,117.42903049656601,178292400
2025-03-18,108.47257995605469,121.40967664806121,90.55967684404565,121.40967664806121,857783600
2025-03-19,107.4774169921875,110.46290079752605,105.48709445529514,109.46773952907986,213205000
2025-03-20,105.48709869384766,110.46290523601029,104.49193738541513,108.47258261914523,248613700
2025-03-21,103.49677276611328,107.47741787250226,100.51128893632155,106.48225659590501,169932800
2025-03-24,96.53064727783203,104.49193777497283,90.55967940497645,104.49193777497283,324718100
2025-03-25,100.51129150390625,102.501614107944,96.53064629583075,96.53064629583075,152379900
2025-03-26,102.5016098022461,105.48709358289403,100.51128728181413,100.51128728181413,108170300
2025-03-27,105.48709869384766,106.48226000228019,100.51129215168503,102.50161476855008,139114500
2025-04-08,90.55967712402344,95.53548355940934,90.55967712402344,90.55967712402344,275576100
2025-04-09,85.58386993408203,92.54999888220499,82.59838609917219,87.57419249068859,262965400
2025-04-10,92.55000305175781,95.53548702116936,89.56451908234627,92.55000305175781,255898600
2025-04-11,98.52096557617188,100.51128811306424,90.55967542860243,92.5499979654948,204431400
2025-04-14,109.46774291992188,113.44838811700994,100.51129122647372,100.51129122647372,344748700
2025-04-15,106.48226165771484,112.4532296011381,104.49193900990709,111.45806827723422,381461700
2025-04-16,108.47257995605469,115.4387089440582,106.48225738805368,108.47257995605469,444958300
2025-04-17,107.4774169921875,109.46773952907986,106.48225572374132,107.4774169921875,136082000
2025-04-21,109.46774291992188,113.44838811700994,107.47742032137783,107.47742032137783,200681200
2025-04-22,116.43386840820312,116.43386840820312,111.45806206597223,114.44354587131076,412090700
2025-04-23,114.44355010986328,118.42419533107591,112.45322749925695,117.42903402577275,187623000
2025-04-24,111.45806884765625,116.4338754926409,111.45806884765625,115.43871416364397,98367900
2025-04-25,113.4483871459961,115.4387097275048,110.46290327373303,113.4483871459961,145750200
2025-04-28,113.4483871459961,116.43387101825914,111.45806456448739,113.4483871459961,159833600
2025-04-29,128.3758087158203,128.3758087158203,113.44838909770166,113.44838909770166,768154100
2025-04-30,130.3661346435547,132.3564573098685,124.39516664461325,129.37097331039777,574975400
2025-05-02,137.33226013183594,147.28387318486753,132.35645360532013,137.33226013183594,1563426700
2025-05-05,134.34677124023438,139.32257758246527,133.3516099717882,138.3274163140191,206246300
2025-05-06,141.31289672851562,141.31289672851562,135.34192926111356,137.3322517502476,317415700
2025-05-07,142.3080596923828,146.28870471874316,140.31773717920262,142.3080596923828,398798800
2025-05-08,146.28871154785156,153.2548406691778,137.33225982043209,142.30806633566513,787295100
2025-05-09,150.26934814453125,155.2451543744826,143.30321942259934,147.28386440656044,724671900
2025-05-14,168.18226623535156,182.11452497674165,151.26452347794933,153.25484615529078,1434077500
2025-05-15,164.2016143798828,171.16774347478693,160.22096918279473,170.17258217551492,850491900
2025-05-16,162.21128845214844,171.16773996177628,159.22580461560582,165.19677228869105,601378500
2025-05-19,162.21128845214844,165.19677228869105,159.22580461560582,163.20644973099598,279582500
2025-05-20,155.2451629638672,163.20645337227063,153.25484036176633,163.20645337227063,585018800
2025-05-21,156.24032592773438,158.23064855101762,153.25484199280953,156.24032592773438,378990400
2025-05-22,151.26451110839844,161.2161236813194,150.26934985110634,158.2306399094431,755727000
2025-05-23,160.22096252441406,161.21612378232967,150.26934994525791,150.26934994525791,589569300
2025-05-26,162.21128845214844,168.18225612523366,158.2306433367583,161.21612717330092,942175000
2025-05-27,171.16773986816406,177.13870753798372,166.19193347664765,166.19193347664765,1339460000
2025-05-28,166.1919403076172,173.1580695420682,164.20161766920262,172.16290822286092,373122700
2025-06-02,164.2016143798828,169.1774208762429,159.22580788352272,167.18709827769885,358983400
2025-06-03,165.19677734375,168.1822612716491,160.2209707972515,165.19677734375,299024200
2025-06-04,190.0758056640625,192.06612823646105,164.2016122228812,166.1919347952798,1201857400
2025-06-05,183.10968017578125,192.0661319235097,182.1145188704781,191.0709706182065,636998900
2025-06-10,191.0709686279297,201.02258157730103,184.10483956336975,184.10483956336975,1272641100
2025-06-11,201.0225830078125,201.0225830078125,190.0758086856049,195.05161519569927,785792200
2025-06-12,197.04193115234375,205.0032212999132,189.08064100477432,201.02257622612848,1003765200
2025-06-13,194.05645751953125,201.02258676382212,192.0661348783053,196.0467801607572,311502000
2025-06-16,191.0709686279297,203.0129041671753,190.07580733299255,195.05161380767822,414983700
2025-06-17,189.0806427001953,193.0612878096731,183.10967503597863,192.06612653230366,404867700
2025-06-18,184.10484313964844,195.05161759660052,183.10968182538008,189.0806497109903,285382800
2025-06-19,177.1387176513672,186.09516966744755,173.158072310887,185.1000083323275,445941100
2025-06-20,177.1387176513672,184.10484699720746,174.15323364600707,177.1387176513672,326234200
2025-06-23,174.15322875976562,183.10968052455357,165.19677699497768,172.1629061453683,406768800
2025-06-24,179.1290283203125,182.11451212565103,175.14838324652777,177.13870578342014,323464800
2025-06-25,176.1435546875,181.11936131709038,174.15323203566382,180.1241999911723,226321000
2025-06-26,175.1483917236328,180.12419830669057,174.15323040702125,177.1387143568559,250187300
2025-06-30,179.1290283203125,182.11451212565103,173.1580607096354,175.14838324652777,266006900
2025-07-01,176.1435546875,180.1241999911723,170.17258673199152,179.12903866525423,294092300
2025-07-02,173.15806579589844,177.13871098660874,171.16774320054327,177.13871098660874,168048000
2025-07-03,185.10000610351562,186.0951674266528,171.1677475795951,174.15323154900662,537964800
2025-07-04,181.11935424804688,188.08548325758716,180.1241929609697,187.09032197050996,252163200
2025-07-07,184.10484313964844,184.10484313964844,178.13387525403823,182.1145205111117,197244100
2025-07-08,185.10000610351562,187.09032874979,182.11452213410408,184.10484478037844,292617700
2025-07-09,181.11935424804688,186.0951606834328,180.1241929609697,185.0999993963556,152266100
2025-07-10,177.1387176513672,183.10968566208743,176.14355631624713,181.11936299184734,207407000
2025-07-11,175.1483917236328,180.12419830669057,175.1483917236328,178.13387567346746,141335000
2025-07-14,174.15322875976562,179.1290352957589,174.15322875976562,176.14355137416294,326679400
2025-07-15,179.1290283203125,181.11935085720486,171.16773817274307,174.1532219780816,373809000
2025-07-16,189.0806427001953,192.06612653230366,179.12902992650083,179.12902992650083,860160200
2025-07-17,185.10000610351562,192.06613536547587,184.10484478037844,192.06613536547587,437081000
2025-07-18,186.0951690673828,188.08549173120508,181.1193624078271,186.0951690673828,414336300
2025-07-21,212.9645233154297,216.94516861104518,187.09032889392887,187.09032889392887,1682613800
2025-07-22,203.01290893554688,226.896780575023,203.01290893554688,216.94516739190794,1120990000
2025-07-23,220.92581176757812,222.91613439611487,201.02258548221073,205.00323073928422,620339900
2025-07-24,214.954833984375,224.90644666883682,208.98386637369794,222.91612413194446,457602100
2025-07-25,216.94515991210938,224.9064501841134,210.97419220810636,214.95483734410837,426783900
2025-07-28,234.85806274414062,236.84838530976893,220.92580478474244,220.92580478474244,780460700
2025-07-29,230.87742614746094,236.84839406506768,224.9064582298542,234.85807142586543,534942600
2025-07-30,230.87742614746094,238.83871670426993,222.91613559065195,230.87742614746094,476076400
2025-07-31,218.93548583984375,242.81935702237215,212.96451804421164,230.87742143110796,1050506600
2025-08-01,220.92581176757812,224.90645702465162,214.95484388196792,218.93548913904138,244661500
2025-08-04,228.88710021972656,234.8580680515455,214.95484194548234,220.92580977730128,540988800
2025-08-05,214.954833984375,234.85805935329861,214.954833984375,232.86773681640625,602455900
2025-08-06,224.9064483642578,226.89677091615388,216.94515815667344,216.94515815667344,294980800
2025-08-07,224.9064483642578,232.86773857184215,222.9161258123617,224.9064483642578,300905900
2025-08-08,220.92581176757812,226.89677965318836,216.94516651050466,224.90645702465162,170055100
2025-08-11,222.9161376953125,228.88710566929407,216.9451697213309,220.92581503731864,309197500
2025-08-12,226.8967742919922,232.86774203651828,224.90645171048348,226.8967742919922,320992000
2025-08-13,220.92581176757812,230.87742491026182,220.92581176757812,228.88710228172508,142526100
2025-08-14,224.9064483642578,226.89677091615388,220.92580326046564,220.92580326046564,148446600
2025-08-15,218.93548583984375,228.8870988325639,218.93548583984375,226.89677623401988,340679200
2025-08-19,222.9161376953125,224.90646035330636,216.9451697213309,220.92581503731864,222632700
2025-08-20,234.85806274414062,242.81935300665387,220.92580478474244,224.90644991599908,1037956400
2025-08-21,224.9064483642578,240.8290287794265,220.92580326046564,238.83870622753042,711674900
2025-08-22,218.93548583984375,224.90645363547586,218.93548583984375,224.90645363547586,288936100
2025-08-25,224.9064483642578,228.88709346804998,220.92580326046564,220.92580326046564,239543500
2025-08-26,224.9064483642578,234.85806112373822,224.9064483642578,226.89677091615388,432255400
2025-08-27,224.9064483642578,230.87741601994605,224.9064483642578,224.9064483642578,192059300
2025-08-28,228.88710021972656,246.8000037151834,228.88710021972656,232.8677454409392,820568200
2025-08-29,222.9161376953125,228.88710566929407,208.98387908935547,222.9161376953125,534849300
2025-09-01,216.94515991210938,222.9161276161124,210.97419220810636,214.95483734410837,359475100
2025-09-02,222.9161376953125,226.89678301130022,220.92581503731864,220.92581503731864,311846700
2025-09-03,224.9064483642578,230.87741601994605,222.9161258123617,224.9064483642578,251538400
2025-09-04,220.92581176757812,232.86774753879857,220.92581176757812,224.90645702465162,242474500
2025-09-08,214.954833984375,226.89676920572919,214.954833984375,222.91612413194446,256584900
2025-09-09,216.94515991210938,220.92580504811139,212.96451477610736,216.94515991210938,204690600
2025-09-10,216.94515991210938,222.9161276161124,212.96451477610736,220.92580504811139,175539400
2025-09-11,212.9645233154297,220.9258139066607,212.9645233154297,216.94516861104518,182750300
2025-09-12,218.93548583984375,220.92580843838778,212.96451804421164,214.95484064275567,165148800
2025-09-15,224.9064483642578,224.9064483642578,214.95483560477737,220.92580326046564,282187800
2025-09-16,222.9161376953125,230.87742832728793,220.92581503731864,224.90646035330636,386368400
2025-09-17,220.92581176757812,224.90645702465162,218.93548913904138,222.91613439611487,139886500
2025-09-18,214.954833984375,222.91612413194446,212.96451144748264,222.91612413194446,256139200
2025-09-19,212.9645233154297,218.93549125885295,212.9645233154297,214.95484596323743,141667200
2025-09-22,236.848388671875,240.8290338596376,216.94516273306198,218.93548532694328,1315700000
2025-09-23,268.69354248046875,268.69354248046875,246.79999457465277,246.79999457465277,1881689700
2025-09-24,262.72259521484375,278.64517674301607,254.76130445075756,274.664531360973,979935200
2025-09-25,278.6451721191406,280.63549477713445,260.7322681971959,260.7322681971959,1043519600
2025-09-26,276.65484619140625,284.6161367292884,270.6838782879946,280.63549146034734,440012600
2025-09-29,288.5967712402344,290.58709380051187,264.71290051690465,276.65483587856954,765277300
2025-09-30,270.6838684082031,288.5967714646283,268.6935458463781,288.5967714646283,810527100
2025-10-01,292.5774230957031,300.538713520076,268.6935518225845,270.6838744286777,1416319700
2025-10-02,332.3838806152344,338.35484853047814,286.6064599316991,296.558073123772,1508918500
2025-10-03,334.37420654296875,352.2871104649135,330.39356122698103,334.37420654296875,1035475900
2025-10-06,324.4225769042969,350.2967701543328,320.44193178890674,336.3645122504673,630552400
2025-10-07,352.287109375,384.1322718043785,316.46130164194915,324.42259224929376,1426838700
2025-10-08,354.2774353027344,362.2387259836947,338.3548539408137,356.26775797297444,614798700
2025-10-09,352.287109375,380.1516265007062,344.32581876765533,360.2483999823446,836163300
2025-10-10,354.2774353027344,366.21937132417486,348.30646729201413,354.2774353027344,271655900
2025-10-13,360.2483825683594,366.21935023523827,338.35483445647014,348.3064472346016,492341100
2025-10-14,332.3838806152344,398.0645276829154,326.41291269999067,364.22904282986764,2167681500
2025-10-15,316.4613037109375,346.31614368366746,298.54839972729957,332.3838850297268,1548998300
2025-10-16,324.4225769042969,332.3838671350772,316.4612866735166,322.43225434660184,470465200
2025-10-17,298.54840087890625,332.383886311849,290.58711018880206,328.4032409667969,870629700
2025-10-20,314.4709777832031,324.42259100419056,296.5580739854257,304.5193645622157,549602400
2025-10-21,320.4419250488281,330.39353762798424,316.4612800171657,318.4516025329969,455399900
2025-10-22,318.45159912109375,324.42256660461425,310.4903091430664,320.44192161560056,313375200
2025-10-23,318.45159912109375,338.3548240661621,318.45159912109375,318.45159912109375,544770900
2025-10-24,314.4709777832031,324.42259100419056,310.4903324948082,320.4419457157956,296097200
2025-10-27,294.5677490234375,318.4516205658784,284.6161358807538,314.4709753088049,841894200
2025-10-28,306.5096740722656,316.4612868668197,288.59677104206827,294.56773871880074,371583600
2025-10-29,306.5096740722656,314.4709643079089,302.529028954444,308.49999663117643,215079000
2025-10-30,322.4322509765625,324.4225735134549,306.50967068142364,310.4903157552083,487818300
2025-10-31,332.3838806152344,344.32581644572184,316.4612995079178,322.4322674231615,745191900
2025-11-03,334.37420654296875,344.32581983293807,330.39356122698103,338.35485185895647,478019400
2025-11-04,332.3838806152344,338.35484853047814,318.45162214633234,334.37420325364894,359227000
2025-11-05,354.2774353027344,354.2774353027344,318.4516272384129,326.4129179193732,862968300
2025-11-06,340.34515380859375,368.2096693250868,340.34515380859375,358.258056640625,777790500
2025-11-07,346.3161315917969,352.2870993778623,338.35484121037626,340.34516380573143,307839300
2025-11-10,396.0741882324219,398.06451078635365,350.2967694919912,350.2967694919912,1615161300
2025-11-11,443.8419494628906,485.63872497284893,400.05485130960096,400.05485130960096,5426419900
2025-11-12,415.9774169921875,445.8322555322967,410.0064492841657,433.890320116253,1832959300
2025-11-13,427.9193420410156,445.83224473110465,417.9677294354106,421.94837447765264,1399137700
2025-11-14,408.0161437988281,433.8903382836319,404.0354984934737,429.90969297827746,1153394200
2025-11-17,406.02581787109375,425.92904423732386,402.04517259784774,408.0161405077168,769205700
2025-11-18,408.0161437988281,421.94840236756863,396.0742078827649,406.0258211461509,990921200
2025-11-19,423.938720703125,437.87097912998826,415.9774301734888,425.929043335534,1848365600
2025-11-20,410.0064392089844,429.90966441330403,408.0161166885524,427.91934189287207,756349300
2025-11-21,413.9870910644531,417.9677361708421,402.0451557452862,408.01612340486963,612443800
2025-11-24,413.9870910644531,421.9483812772311,410.00644595806415,415.9774136176476,453497700
2025-11-25,415.9774169921875,429.9096749775718,410.0064492841657,413.9870944228469,1108746800
2025-11-26,425.9290466308594,433.89033722209035,413.98711074401285,417.96775603962834,1223314800
2025-11-27,423.938720703125,439.86130176239726,419.95807543830693,427.91936596794307,1025084700
2025-11-28,429.90966796875,435.8806355794271,419.9580552842882,427.91934543185766,469683200
2025-12-01,459.7645263671875,467.72581686705223,429.9096869926948,435.88065486759336,2806600100
2025-12-02,465.7354736328125,469.71611870659723,447.82257080078125,461.75482855902777,1115215500
2025-12-03,457.7742004394531,479.6677491561226,453.7935552182405,467.7258134924847,1018454300
2025-12-04,425.9290466308594,463.7451769392067,425.9290466308594,461.75485429139894,1535688500
2025-12-05,410.0064392089844,423.9386968520081,406.02579416812046,417.9677292907122,1706200200
2025-12-08,455.78387451171875,455.78387451171875,413.98709999317686,413.98709999317686,2159144300
2025-12-09,502.55645751953125,507.5322640296256,463.7451667407952,465.7354893448329,3326214600
2025-12-10,493.6000061035156,542.3629099322903,483.6483930772351,507.5322643403084,3039253300
2025-12-11,542.3629150390625,572.2177543990109,485.63872025516054,493.6000107511468,3356341900
2025-12-12,602.0725708007812,641.8790217628164,557.2903134684917,567.2419262090006,2627668900
2025-12-15,537.3870849609375,616.999986436632,532.4112786187067,612.024180094401,2078258900
2025-12-16,537.3870849609375,562.266116672092,512.508053249783,537.3870849609375,853071300
2025-12-17,557.2903442382812,567.2419575282505,532.4113110133579,547.3387309483119,1221008500
2025-12-18,532.4113159179688,562.2661560629016,522.4597025363245,557.2903493720794,570817700
2025-12-19,542.3629150390625,547.3387215990539,512.5080756791141,542.3629150390625,641676400
2025-12-22,572.2177734375,582.1693868885869,547.3387398097826,552.3145465353261,1311589800
2025-12-23,582.1693725585938,617.0000187800481,557.2903395432693,582.1693725585938,1474119100
2025-12-24,557.2903442382812,602.0726040431431,547.3387309483119,597.0967973981585,1141215600
2025-12-29,686.6613159179688,686.6613159179688,567.2419566278872,572.2177632649739,3462096200
2025-12-30,666.758056640625,741.3951525332322,661.7822502477845,676.7096694263059,2580204500
2026-01-02,746.3709716796875,756.3225846354167,686.6612939453125,686.6612939453125,1993908700
2026-01-05,751.3468017578125,786.1774481969163,731.4435752211816,756.3226083919701,2024925300
2026-01-06,811.0564575195312,821.008070495231,721.4919407382333,756.3225861531824,2537576500
2026-01-07,796.1290283203125,860.8145118713379,786.1774154663086,825.9838668823243,1833637100
2026-01-08,796.1290283203125,830.9596733093261,781.2016090393066,796.1290283203125,745635400
2026-01-09,806.0806274414062,825.9838528103298,796.1290147569445,806.0806274414062,759304200
2026-01-12,786.1774291992188,830.9596878244907,691.6371054347558,821.0080747966525,2030891400
2026-01-13,706.5645141601562,786.1774171641175,701.5887077224087,776.2258042886224,1998906700
2026-01-14,746.3709716796875,771.2500040690104,721.4919392903646,726.4677457682292,1034701400
2026-01-15,761.2984008789062,771.2500139622906,721.4919485453687,751.3467877955219,809404900
2026-01-19,751.3468017578125,771.2500282944433,726.467768587024,771.2500282944433,647145600
2026-01-20,766.274169921875,801.104814009233,756.3225573254871,786.1773951146511,1114679000
2026-01-21,731.4435424804688,761.2983809490593,716.5161232461735,761.2983809490593,741403500
2026-01-22,661.7822875976562,746.3710010499883,656.8064809239896,741.3951943763217,1303478900
2026-01-23,681.6854858398438,691.6370987718122,597.0967759181113,661.7822599759068,1580535300
2026-01-26,626.9515991210938,716.51611328125,626.9515991210938,681.6854688856337,1470064700
2026-01-27,666.758056640625,676.7096694263059,621.9757991050607,636.9032182835821,905348700
2026-01-28,567.241943359375,621.975815087034,567.241943359375,567.241943359375,1844800500
2026-01-29,522.4596557617188,572.2177182152158,483.6483670479911,507.53223702566964,3489631500
2026-01-30,537.3870849609375,577.1935356987848,502.55644056532117,532.4112786187067,1118050000
2026-02-02,457.7742004394531,542.3629113902216,457.7742004394531,537.3871048637059,1427327000
2026-02-03,522.4596557617188,527.4354620070685,398.0644996279762,435.880627092634,2548714600
2026-02-04,502.55645751953125,532.4112965800974,489.6193605932859,502.55645751953125,929693300
2026-02-05,497.5806579589844,522.4596908569335,493.6000126953125,502.55646453857423,515434900
2026-02-06,461.7548522949219,495.59033716136014,459.7645296557196,477.67743340853986,645985500
2026-02-09,497.5806579589844,507.53227111816403,455.78388269042966,469.71614111328125,833371600
2026-02-10,502.55645751953125,532.4112965800974,485.6387153852104,487.62903798924816,1174521900
2026-02-11,562.26611328125,577.1935322179204,502.5564375345686,507.532243846792,1455028300
2026-02-12,562.26611328125,582.1693385301438,552.3145006568031,572.2177259056969,805864200
2026-02-13,617.0,621.9758064516129,537.3870967741935,557.2903225806451,1359097400
2026-02-18,626.9515991210938,651.8306308322483,621.9757927788629,631.9274054633247,783832800
2026-02-19,636.9031982421875,651.8306169509888,626.9515857696533,631.9273920059204,590392700
2026-02-20,612.024169921875,641.8790074790396,607.0483636623476,636.9032012195122,415335700
2026-02-23,612.024169921875,636.9032012195122,607.0483636623476,626.9515887004573,361890500
2026-02-24,557.2903442382812,626.9516372680664,557.2903442382812,612.0242173331125,1070919200
2026-02-25,552.3145141601562,582.1693527634079,537.3870948585304,542.3629012924057,1002859600
2026-02-26,522.4596557617188,567.2419119698661,512.5080432710193,562.2661057245164,747575900
2026-02-27,522.4596557617188,537.3870744977679,497.58062453497024,517.4838495163691,960661700
2026-03-02,497.5806579589844,537.3871105957031,491.60969006347653,502.55646453857423,842103500
2026-03-03,497.5806579589844,522.4596908569335,491.60969006347653,512.508077697754,422285500
2026-03-04,463.74517822265625,502.55646996232065,447.8225969961273,502.55646996232065,1035659600
2026-03-05,465.7354736328125,491.6096666124132,461.75482855902777,487.6290215386285,456001100
2026-03-06,435.8806457519531,465.73548450208693,429.9096780019264,461.7548393354024,557251700
2026-03-09,408.0161437988281,423.93872502024584,378.16130400866996,398.0645305354421,802704300
2026-03-10,457.7742004394531,459.76452305005944,423.9387160591457,435.8806517227836,666843500
2026-03-11,425.9290466308594,461.75485429139894,425.9290466308594,459.76453164359117,567213700
2026-03-12,408.0161437988281,431.90001563095467,404.0354984934737,421.94840236756863,433423400
2026-03-13,394.0838623046875,413.98708767361114,390.10321723090277,406.0257975260417,488103200
2026-03-16,392.0935363769531,411.9967615737528,370.19998866047354,394.0838588966331,456749600
2026-03-17,392.0935363769531,408.0161165343929,386.12256881791325,398.06450393599306,381102100
2026-03-25,457.7742004394531,457.7742004394531,392.0935542894446,398.06452212126356,938460600
2026-03-26,437.8709716796875,471.70645585493605,435.8806490811435,457.7741976651278,780498200
2026-03-27,445.832275390625,465.7355019705636,437.8709847586495,447.82259804861883,1125633800
2026-03-30,453.7935485839844,455.78387116549305,429.9096776058799,441.85161309493213,622885400
2026-03-31,433.89031982421875,461.7548357762328,431.8999972562178,457.7741906402308,572446300
2026-04-01,502.55645751953125,502.55645751953125,445.83226330445547,449.81290851253095,1347419100
2026-04-02,465.7354736328125,489.61934407552087,465.7354736328125,483.64837646484375,931241800
2026-04-06,481.6580810546875,502.5564688690438,459.76453191583806,465.735499862797,1368623500
2026-04-07,473.69677734375,491.6096806886817,473.69677734375,483.6483903131565,573757100
2026-04-08,512.508056640625,517.4838630157767,493.5999924150485,507.5322502654733,1200197000
2026-04-09,497.5806579589844,507.53227111816403,493.6000126953125,502.55646453857423,651785400
2026-04-10,512.508056640625,532.4112821412318,502.5564438903216,502.5564438903216,878531300
2026-04-13,522.4596557617188,527.4354620070685,497.58062453497024,497.58062453497024,749143500
2026-04-14,577.1935424804688,577.1935424804688,527.4354784735318,532.4112848742255,1429141100
2026-04-15,552.3145141601562,592.1209656311585,552.3145141601562,587.1451591972832,805275200
2026-04-16,552.3145141601562,572.2177398956574,542.3629012924057,562.2661270279068,412235800
2026-04-17,547.3386840820312,572.217715176669,547.3386840820312,552.3144903009588,370423000
2026-04-20,547.3386840820312,572.217715176669,542.3628778631037,552.3144903009588,482819100
2026-04-21,557.2903442382812,562.2661508832659,547.3387309483119,547.3387309483119,389718100
2026-04-22,547.3386840820312,567.2419089577415,547.3386840820312,557.2902965198864,337895400
2026-04-23,512.508056640625,552.3145076418385,512.508056640625,552.3145076418385,561316500
2026-04-24,483.64837646484375,522.4596659342448,481.6580539279514,517.4838595920139,823577700
2026-04-27,497.5806579589844,507.53227111816403,489.6193674316406,491.60969006347653,520339700
2026-04-28,502.55645751953125,507.5322640296256,489.6193605932859,502.55645751953125,333518200
2026-04-29,497.5806579589844,507.53227111816403,495.5903353271484,507.53227111816403,191102100
2026-04-30,493.6000061035156,502.5564578271681,465.73548962993004,495.5903287087717,739186500
2026-05-04,491.60968017578125,512.5080673897314,489.61935758397647,497.5806479511956,362815700
2026-05-05,507.5322570800781,512.5080635220396,485.63870873544727,491.60967646580116,407467600
2026-05-06,517.48388671875,532.4113065279447,517.48388671875,522.4596933218149,500418000
2026-05-07,512.508056640625,532.4112821412318,512.508056640625,522.4596693909284,383670500
2026-05-08,471.7064514160156,512.5080643022111,469.7161288362012,512.5080643022111,513066500
2026-05-11,465.7354736328125,497.58063422309027,453.79353841145837,473.69676378038196,446651500
2026-05-12,471.7064514160156,473.69677399583003,455.78387077750034,467.7258062563868,249168200
2026-05-13,481.6580810546875,502.5564688690438,463.7451772138107,469.7161451607696,428713700
2026-05-14,481.6580810546875,481.6580810546875,481.6580810546875,481.6580810546875,0
2026-05-15,481.6580810546875,481.6580810546875,481.6580810546875,481.6580810546875,0
2026-05-18,437.8709716796875,479.6677462491122,421.94839089133524,477.6774236505682,707271300
2026-05-19,386.1225891113281,447.82259046416925,372.19033074133176,445.832267839884,1608515700
2026-05-20,376.17095947265625,390.10321723090277,350.29676649305554,368.2096693250868,1400274000
2026-05-21,332.3838806152344,388.1129144908425,322.4322674231615,388.1129144908425,1178095800
2026-05-22,376.17095947265625,396.0741848415799,318.45160590277777,324.4225735134549,1219258500
2026-05-25,348.30645751953125,382.1419419642857,348.30645751953125,378.1612967354911,649999200
2026-05-26,328.4032287597656,366.2193581321023,328.4032287597656,348.30645474520594,584878500
2026-05-27,328.4032287597656,328.4032287597656,328.4032287597656,328.4032287597656,0
2026-05-28,328.4032287597656,328.4032287597656,328.4032287597656,328.4032287597656,0
2026-05-29,332.3838806152344,348.306461722551,326.41291269999067,332.3838806152344,420970500
2026-06-02,332.3838806152344,350.2967843609656,328.40323533840524,336.3645258920635,429443500
2026-06-03,292.5774230957031,338.3548430358471,282.62581006523703,336.3645204297539,955812900
2026-06-04,284.6161193847656,300.5386994902071,248.7903141475224,290.58708692430616,1067018200
2026-06-05,260.7322692871094,292.57743194813037,260.7322692871094,290.58710928181654,654394600
2026-06-08,248.7903289794922,262.7225874023438,232.8677479248047,252.77097424316406,553025400
2026-06-09,278.6451721191406,280.63549477713445,242.8193642752511,248.7903322492327,1133523000
2026-06-10,300.5386962890625,322.4322437008485,268.69353641737376,278.6451488772765,1512078300
2026-06-11,292.5774230957031,314.47097176272854,282.62581006523703,300.538713520076,619297300
2026-06-12,328.4032287597656,332.3838739568537,298.5483897816051,298.5483897816051,1053314700
2026-06-15,368.2096862792969,404.0354935929582,338.3548468512458,346.31613736539276,2091743300
2026-06-17,356.2677307128906,384.13224596417814,350.2967631590433,374.1806333744326,806719500
2026-06-18,380.151611328125,380.151611328125,346.31612759734946,356.2677404593423,1036989500
2026-06-19,366.2193603515625,386.1225864576257,364.2290377409562,382.141941236413,852859500
2026-06-22,346.3161315917969,368.2096801407036,342.33548640108654,366.21935754534843,458651000
2026-06-23,362.23870849609375,362.23870849609375,340.3451601803958,346.31612790285885,402224800
2026-06-24,320.4419250488281,366.21934291294644,318.4516025329969,362.23869788128394,770348800
2026-06-25,324.4225769042969,336.3645122504673,312.4806415581265,320.44193178890674,726995200
2026-06-26,304.51934814453125,328.40321858723956,294.56773546006946,324.4225735134549,704294700
2026-06-29,306.5096740722656,310.49031919008723,294.56773871880074,304.5193515133548,314439900
2026-06-30,282.62579345703125,308.4999858157736,272.67418101136116,306.50966332663955,676294700
2026-07-01,290.58709716796875,298.54838750133774,272.6741939178885,278.64516166791526,719949600
2026-07-02,298.54840087890625,310.4903369140625,290.58711018880206,292.57743286132813,606614500
2026-07-03,312.48065185546875,320.44194234860174,304.5193613623358,304.5193613623358,443690100
2026-07-06,316.4613037109375,328.4032397000295,306.5096903866942,316.4613037109375,479973500
2026-07-07,308.5,318.4516129032258,308.5,316.4612903225806,228306600
2026-07-08,298.0,310.0,296.0,310.0,274635700
2026-07-09,332.0,348.0,296.0,298.0,1218183600
2026-07-10,338.0,344.0,330.0,334.0,609104200
2026-07-13,346.0,346.0,326.0,334.0,616077000
2026-07-14,358.0,372.0,346.0,346.0,1121442200
2026-07-15,362.0,372.0,356.0,360.0,668309500
2026-07-16,370.0,378.0,354.0,362.0,586030100
2026-07-17,364.0,374.0,362.0,370.0,371196100
2026-07-20,398.0,400.0,364.0,368.0,983502900
2026-07-21,440.0,450.0,392.0,400.0,2196964900
2026-07-22,440.0,448.0,424.0,442.0,1098397600
2026-07-23,472.0,486.0,436.0,438.0,2109888300
2026-07-24,442.0,472.0,438.0,468.0,1067827300
2026-07-27,442.0,456.0,430.0,440.0,818276900
2026-07-28,444.0,456.0,442.0,444.0,612874500
2026-07-29,440.0,462.0,432.0,446.0,1188822300
2026-07-30,450.0,454.0,438.0,446.0,501917500
2026-07-31,460.0,478.0,454.0,460.0,1047770300
2026-08-03,464.0,482.0,460.0,476.0,821725300
2026-08-04,462.0,468.0,454.0,468.0,324727300
2026-08-05,480.0,486.0,464.0,466.0,851079600
2026-08-06,474.0,492.0,472.0,488.0,751764900
2026-08-07,478.0,484.0,474.0,476.0,407688400
2026-08-10,474.0,496.0,472.0,486.0,907154600
2026-08-11,442.0,480.0,440.0,480.0,927242300
2026-08-12,466.0,470.0,444.0,446.0,677386200
2026-08-13,446.0,472.0,446.0,470.0,523309100
2026-08-14,450.0,456.0,440.0,448.0,314956100
2026-08-18,446.0,464.0,446.0,456.0,414084500
2026-08-19,440.0,448.0,438.0,446.0,294317000
2026-08-20,456.0,462.0,448.0,448.0,570585500
2026-08-21,458.0,468.0,454.0,458.0,562486900
2026-08-24,452.0,466.0,450.0,460.0,307233400
2026-08-26,420.0,456.0,420.0,454.0,521980200
2026-08-27,448.0,448.0,414.0,416.0,412535900
2026-08-28,440.0,452.0,434.0,448.0,286745600
2026-08-31,440.0,444.0,436.0,440.0,174728300
2026-09-01,462.0,462.0,444.0,446.0,700502100
2026-09-02,452.0,466.0,450.0,464.0,326353300
2026-09-03,452.0,462.0,448.0,458.0,305643700
2026-09-04,444.0,456.0,440.0,454.0,281563600
2026-09-07,448.0,458.0,442.0,444.0,505584500
2026-09-08,446.0,456.0,440.0,450.0,419498900
2026-09-09,442.0,450.0,440.0,448.0,200690100
2026-09-10,426.0,448.0,424.0,442.0,534951200
2026-09-11,418.0,428.0,412.0,420.0,427867700
2026-09-14,406.0,420.0,384.0,420.0,910546300
2026-09-15,396.0,410.0,392.0,406.0,323426400
2026-09-16,370.0,400.0,370.0,394.0,935627600
2026-09-17,382.0,384.0,366.0,368.0,791954100
2026-09-18,370.0,386.0,366.0,382.0,399468900
2026-09-21,364.0,374.0,362.0,370.0,347703000
2026-09-22,348.0,370.0,344.0,366.0,553298100
2026-09-23,380.0,380.0,346.0,350.0,671123300
2026-09-24,364.0,378.0,362.0,378.0,402434900
2026-09-25,356.0,370.0,354.0,366.0,246426100
2026-09-28,350.0,364.0,348.0,354.0,254505500
2026-09-29,338.0,346.0,336.0,342.0,132231800
