date,Close,High,Low,Open,Volume
2018-06-01,328.7023010253906,328.7023010253906,328.7023010253906,328.7023010253906,0
2018-06-04,330.2455139160156,331.78871725207176,328.70231057995943,328.70231057995943,2414400
2018-06-05,328.7023010253906,331.78870760778864,328.7023010253906,331.78870760778864,2508400
2018-06-06,313.270263671875,330.2454996343904,310.1838571332358,330.2454996343904,4073600
2018-06-07,316.3566589355469,319.4430653641864,314.8134557212272,314.8134557212272,1683600
2018-06-08,320.9862365722656,320.9862365722656,317.8998304513784,317.8998304513784,997200
2018-06-11,320.9862365722656,320.9862365722656,320.9862365722656,320.9862365722656,0
2018-06-12,320.9862365722656,320.9862365722656,320.9862365722656,320.9862365722656,0
2018-06-13,320.9862365722656,320.9862365722656,320.9862365722656,320.9862365722656,0
2018-06-14,320.9862365722656,320.9862365722656,320.9862365722656,320.9862365722656,0
2018-06-15,320.9862365722656,320.9862365722656,320.9862365722656,320.9862365722656,0
2018-06-18,320.9862365722656,320.9862365722656,320.9862365722656,320.9862365722656,0
2018-06-19,320.9862365722656,320.9862365722656,320.9862365722656,320.9862365722656,0
2018-06-20,320.9862365722656,322.5294396327092,314.8134243304913,314.8134243304913,1127000
2018-06-21,320.9862365722656,322.5294396327092,320.9862365722656,320.9862365722656,943600
2018-06-22,320.9862365722656,322.5294396327092,319.443033511822,322.5294396327092,1104900
2018-06-25,320.9862365722656,322.5294396327092,320.9862365722656,322.5294396327092,785600
2018-06-26,320.9862365722656,324.0726426931528,320.9862365722656,320.9862365722656,839600
2018-06-27,320.9862365722656,325.6158457535964,320.9862365722656,322.5294396327092,736100
2018-06-28,316.3566589355469,322.52947179282586,313.2702525069074,322.52947179282586,1012200
2018-06-29,313.270263671875,319.4430767491533,313.270263671875,317.89987347983373,633400
2018-07-02,308.640625,314.8134375,308.640625,314.8134375,679200
2018-07-03,304.0110168457031,313.2702356328819,304.0110168457031,313.2702356328819,347400
2018-07-04,305.55426025390625,308.64066692313764,305.55426025390625,308.64066692313764,401800
2018-07-05,305.55426025390625,308.64066692313764,305.55426025390625,305.55426025390625,526500
2018-07-06,305.55426025390625,307.0974635885219,305.55426025390625,307.0974635885219,430400
2018-07-09,300.92462158203125,308.64063752003204,300.92462158203125,307.0974343324319,652900
2018-07-10,305.55426025390625,305.55426025390625,300.9246502500592,302.46785358467486,602100
2018-07-11,305.55426025390625,305.55426025390625,300.9246502500592,302.46785358467486,752100
2018-07-12,302.46783447265625,305.554240946867,302.46783447265625,304.01103770976164,487100
2018-07-13,302.46783447265625,302.46783447265625,302.46783447265625,302.46783447265625,602200
2018-07-16,300.92462158203125,302.4678247696314,300.92462158203125,302.4678247696314,608000
2018-07-17,288.5790100097656,302.4678393685244,288.5790100097656,302.4678393685244,1401200
2018-07-18,291.6654052734375,293.20860847594247,290.12220207093253,293.20860847594247,618900
2018-07-19,294.7518310546875,307.09745748629746,293.20862775073624,293.20862775073624,877600
2018-07-20,291.6654052734375,294.7518116784474,291.6654052734375,294.7518116784474,719400
2018-07-23,293.2085876464844,294.7517907393606,291.66538455360813,293.2085876464844,855600
2018-07-24,293.2085876464844,294.7517907393606,293.2085876464844,293.2085876464844,1234000
2018-07-25,293.2085876464844,296.29499383223686,293.2085876464844,294.7517907393606,1147800
2018-07-26,297.83819580078125,308.64061741013603,294.7517896266799,294.7517896266799,869500
2018-07-27,293.2085876464844,299.3814000179893,293.2085876464844,297.83819692511304,867300
2018-07-30,294.7518310546875,296.29503435863876,293.20862775073624,294.7518310546875,555100
2018-07-31,297.83819580078125,304.011008148984,294.7517896266799,294.7517896266799,720300
2018-08-01,291.6654052734375,304.01103089347714,291.6654052734375,304.01103089347714,1039700
2018-08-02,296.2950134277344,304.0110294024149,296.2950134277344,300.9246230125427,1741100
2018-08-03,300.92462158203125,308.64063752003204,296.29501201923074,296.29501201923074,6592600
2018-08-06,304.0110168457031,314.81343876407834,302.46781371450663,302.46781371450663,1053500
2018-08-07,308.640625,316.356640625,305.55421875,305.55421875,2743400
2018-08-08,308.640625,316.356640625,308.640625,308.640625,6496200
2018-08-09,308.640625,310.183828125,307.097421875,308.640625,6177400
2018-08-10,308.640625,317.89984375,304.011015625,310.183828125,755100
2018-08-13,307.09747314453125,308.64067652716705,305.5542697618954,308.64067652716705,862800
2018-08-14,299.38140869140625,307.0974243793291,291.6653930034834,305.55422124174453,1244700
2018-08-15,304.0110168457031,305.55421997689956,294.75179805852434,299.3814074521137,2339000
2018-08-16,313.270263671875,313.270263671875,300.92463751731833,304.0110440559575,1203400
2018-08-17,313.270263671875,313.270263671875,313.270263671875,313.270263671875,0
2018-08-20,307.09747314453125,313.2702866750746,305.5542697618954,313.2702866750746,1022500
2018-08-21,311.72705078125,311.72705078125,307.0974411161819,307.0974411161819,1124200
2018-08-22,311.72705078125,311.72705078125,311.72705078125,311.72705078125,0
2018-08-23,314.81341552734375,317.8998215619256,311.72700949276197,311.72700949276197,1124500
2018-08-24,317.89984130859375,317.89984130859375,314.81343508229673,317.89984130859375,497500
2018-08-27,320.9862365722656,322.5294396327092,317.8998304513784,317.8998304513784,1093900
2018-08-28,316.3566589355469,320.9862685785061,314.8134557212272,320.9862685785061,407500
2018-08-29,320.9862365722656,327.15904881404,308.6406120887169,316.3566273909349,3956000
2018-08-30,319.4430847167969,320.98628802460746,319.4430847167969,320.98628802460746,534200
2018-08-31,308.640625,317.89984375,308.640625,317.89984375,605100
2018-09-03,302.46783447265625,311.7270538952886,302.46783447265625,311.7270538952886,755300
2018-09-04,304.0110168457031,313.2702356328819,302.46781371450663,302.46781371450663,1469000
2018-09-05,300.92462158203125,304.01102795723153,300.92462158203125,304.01102795723153,495300
2018-09-06,300.92462158203125,304.01102795723153,300.92462158203125,300.92462158203125,395800
2018-09-07,300.92462158203125,302.4678247696314,299.3814183944311,300.92462158203125,615600
2018-09-10,299.38140869140625,300.9246118289908,299.38140869140625,300.9246118289908,628600
2018-09-11,299.38140869140625,299.38140869140625,299.38140869140625,299.38140869140625,0
2018-09-12,293.2085876464844,307.0974154823705,293.2085876464844,300.9246031108655,1221600
2018-09-13,293.2085876464844,294.7517907393606,291.66538455360813,293.2085876464844,433700
2018-09-14,297.83819580078125,307.09741432308533,296.2949927137306,296.2949927137306,620600
2018-09-17,305.55426025390625,305.55426025390625,291.66543024236506,297.8382435808278,752800
2018-09-18,294.7518310546875,300.9246442704925,294.7518310546875,300.9246442704925,498200
2018-09-19,291.6654052734375,300.92462448846726,291.6654052734375,300.92462448846726,342300
2018-09-20,291.6654052734375,294.7518116784474,291.6654052734375,293.20860847594247,733700
2018-09-21,296.2950134277344,296.2950134277344,291.665403842926,291.665403842926,456600
2018-09-24,296.2950134277344,296.2950134277344,294.7518102327982,296.2950134277344,564100
2018-09-25,293.2085876464844,300.9246031108655,291.66538455360813,300.9246031108655,65500
2018-09-26,294.7518310546875,296.29503435863876,294.7518310546875,294.7518310546875,607600
2018-09-27,293.2085876464844,296.29499383223686,290.1221814607319,294.7517907393606,684500
2018-09-28,293.2085876464844,307.0974154823705,293.2085876464844,293.2085876464844,316500
2018-10-01,294.7518310546875,294.7518310546875,293.20862775073624,293.20862775073624,696200
2018-10-02,291.6654052734375,296.29501488095235,290.12220207093253,296.29501488095235,323900
2018-10-03,293.2085876464844,293.2085876464844,288.57897836785565,291.66538455360813,619400
2018-10-04,287.0357666015625,293.2085787865424,287.0357666015625,291.6653757402974,840300
2018-10-05,288.5790100097656,290.12221327184994,285.492603485597,288.5790100097656,588300
2018-10-08,285.4925842285156,290.12219370249153,285.4925842285156,290.12219370249153,697300
2018-10-09,287.0357666015625,287.0357666015625,285.49256355531753,285.49256355531753,495900
2018-10-10,288.5790100097656,288.5790100097656,287.0358067476813,287.0358067476813,539400
2018-10-11,285.4925842285156,288.57899054449956,285.4925842285156,288.57899054449956,106300
2018-10-12,288.5790100097656,290.12221327184994,285.492603485597,285.492603485597,1381000
2018-10-15,283.9493713378906,288.5789806531823,283.9493713378906,288.5789806531823,49100
2018-10-16,283.9493713378906,288.5789806531823,283.9493713378906,287.0357775480851,445400
2018-10-17,283.9493713378906,283.9493713378906,283.9493713378906,283.9493713378906,617100
2018-10-18,279.3197937011719,287.03581010175674,254.62854121930033,285.49260682163975,1691200
2018-10-19,285.4925842285156,288.57899054449956,279.3197715965477,279.3197715965477,666300
2018-10-22,282.40618896484375,285.49259540161796,282.40618896484375,285.49259540161796,667800
2018-10-23,282.40618896484375,282.40618896484375,280.8629857464566,282.40618896484375,300300
2018-10-24,283.9493713378906,283.9493713378906,282.4061682327934,282.4061682327934,491600
2018-10-25,283.9493713378906,283.9493713378906,280.86296512769616,280.86296512769616,416800
2018-10-26,283.9493713378906,285.49257444298786,280.86296512769616,285.49257444298786,680000
2018-10-29,282.40618896484375,283.9493921832309,280.8629857464566,283.9493921832309,462300
2018-10-30,279.3197937011719,282.40620026140584,279.3197937011719,282.40620026140584,314900
2018-10-31,339.50469970703125,339.50469970703125,271.603759765625,280.862978848544,648700
2018-11-01,282.40618896484375,324.0726758612961,282.40618896484375,324.0726758612961,555600
2018-11-02,280.8630065917969,285.49261659056276,274.690193260109,280.8630065917969,509300
2018-11-05,282.40618896484375,293.20861149355363,277.77657930968235,282.40618896484375,403100
2018-11-06,271.6037292480469,282.40615029768514,271.6037292480469,282.40615029768514,315600
2018-11-07,274.690185546875,276.2333888364642,273.1469822572858,273.1469822572858,1330900
2018-11-08,271.6037292480469,274.69013526222926,262.3445112054998,274.69013526222926,656200
2018-11-09,271.6037292480469,274.69013526222926,270.0605262409557,271.6037292480469,263600
2018-11-12,270.060546875,273.146953125,270.060546875,273.146953125,559400
2018-11-13,256.1717224121094,271.60375388271837,254.62851926504845,271.60375388271837,1866000
2018-11-14,259.25811767578125,259.25811767578125,257.7149145943778,257.7149145943778,1599700
2018-11-15,260.8013610839844,262.34456440400794,259.2581577639608,260.8013610839844,650500
2018-11-16,260.8013610839844,270.0605810041258,259.2581577639608,262.34456440400794,1574500
2018-11-19,256.1717224121094,260.8013318532921,254.62851926504845,260.8013318532921,1360600
2018-11-20,256.1717224121094,256.1717224121094,256.1717224121094,256.1717224121094,0
2018-11-21,253.0853271484375,257.7149367913967,253.08532714843753,257.7149367913967,619200
2018-11-22,246.91246032714844,254.62847471237183,246.91246032714844,253.08527183532715,586100
2018-11-23,248.45570373535156,249.99890686414258,246.91250060656057,248.45570373535156,1325300
2018-11-26,248.45570373535156,251.54210999293358,246.91250060656057,249.99890686414258,369200
2018-11-27,257.7149353027344,263.88774812435673,249.9989192757064,249.9989192757064,1927400
2018-11-28,257.7149353027344,257.7149353027344,256.1717320973288,256.1717320973288,346200
2018-11-29,259.25811767578125,262.3445238385882,257.7149145943778,259.25811767578125,979100
2018-11-30,257.7149353027344,260.8013417135456,257.7149353027344,259.25813850813995,266900
2018-12-03,265.4309387207031,271.60375124909154,251.5421105318291,251.5421105318291,1970100
2018-12-04,266.9741516113281,268.5173547998329,265.43094842282335,265.43094842282335,432700
2018-12-05,268.517333984375,270.0605370532507,265.43092784662355,266.97413091549925,587900
2018-12-06,270.060546875,270.060546875,266.974140625,270.060546875,469700
2018-12-07,285.4925842285156,296.29500633445946,271.6037558065878,271.6037558065878,3647300
2018-12-10,287.0357666015625,287.0357666015625,276.2333452778478,285.49256355531753,887400
2018-12-11,283.9493713378906,287.0357775480851,283.9493713378906,287.0357775480851,311500
2018-12-12,279.3197937011719,282.40620026140584,279.3197937011719,282.40620026140584,692100
2018-12-13,273.1469421386719,279.31975439039326,273.1469421386719,279.31975439039326,563100
2018-12-14,273.1469421386719,276.23334826453254,273.1469421386719,273.1469421386719,713200
2018-12-17,273.1469421386719,276.23334826453254,271.6037390757415,274.6901452016022,433800
2018-12-18,273.1469421386719,274.6901452016022,271.6037390757415,274.6901452016022,385300
2018-12-19,271.6037292480469,273.14693225513804,263.887714212591,273.14693225513804,726400
2018-12-20,273.1469421386719,273.1469421386719,270.06053601281116,271.6037390757415,458100
2018-12-21,274.690185546875,274.690185546875,273.1469822572858,273.1469822572858,370700
2018-12-24,274.690185546875,274.690185546875,274.690185546875,274.690185546875,0
2018-12-25,274.690185546875,274.690185546875,274.690185546875,274.690185546875,0
2018-12-26,274.690185546875,274.690185546875,273.1469822572858,274.690185546875,323800
2018-12-27,271.6037292480469,276.2333382693204,266.9741202267734,274.69013526222926,1049400
2018-12-28,316.3566589355469,316.3566589355469,271.6037657202744,271.6037657202744,1623600
2018-12-31,316.3566589355469,316.3566589355469,316.3566589355469,316.3566589355469,0
2019-01-01,316.3566589355469,316.3566589355469,316.3566589355469,316.3566589355469,0
2019-01-02,279.3197937011719,313.27026586374524,279.3197937011719,291.66541994210763,557500
2019-01-03,285.4925842285156,285.4925842285156,279.3197715965477,279.3197715965477,771000
2019-01-04,285.4925842285156,285.4925842285156,279.3197715965477,285.4925842285156,505000
2019-01-07,291.6654052734375,291.6654052734375,280.86298285590277,285.4925924634176,1507200
2019-01-08,288.5790100097656,291.66541653393426,282.4061969614284,291.66541653393426,844100
2019-01-09,287.0357666015625,288.57896964780747,285.49256355531753,285.49256355531753,636000
2019-01-10,288.5790100097656,288.5790100097656,285.492603485597,287.0358067476813,589500
2019-01-11,282.40618896484375,287.0357986200051,282.40618896484375,285.49259540161796,857400
2019-01-14,282.40618896484375,285.49259540161796,280.8629857464566,282.40618896484375,847300
2019-01-15,280.8630065917969,282.40620992471884,279.3198032588749,282.40620992471884,2132900
2019-01-16,280.8630065917969,282.40620992471884,277.77659992595295,280.8630065917969,1788800
2019-01-17,279.3197937011719,280.86299698128886,279.3197937011719,280.86299698128886,1494100
2019-01-18,285.4925842285156,291.6653968604835,279.3197715965477,279.3197715965477,2042200
2019-01-21,294.7518310546875,300.9246442704925,285.49261123098,285.49261123098,1704400
2019-01-22,296.2950134277344,296.2950134277344,293.2086070378621,294.7518102327982,838500
2019-01-23,293.2085876464844,296.29499383223686,290.1221814607319,296.29499383223686,398700
2019-01-24,293.2085876464844,293.2085876464844,287.0357752749794,293.2085876464844,673100
2019-01-25,293.2085876464844,294.7517907393606,287.0357752749794,293.2085876464844,1056800
2019-01-28,310.183837890625,314.8134474113806,293.2086029811878,293.2086029811878,7774100
2019-01-29,319.4430847167969,324.0726946402287,310.1838648699332,310.1838648699332,6670700
2019-01-30,311.72705078125,316.3566604463181,307.0974411161819,316.3566604463181,1116000
2019-01-31,308.640625,311.72703125,308.640625,310.183828125,891300
2019-02-01,308.640625,308.640625,300.924609375,308.640625,374900
2019-02-04,317.89984130859375,324.0726537611878,308.64062262970265,308.64062262970265,2297900
2019-02-05,317.89984130859375,317.89984130859375,317.89984130859375,317.89984130859375,0
2019-02-06,316.3566589355469,317.89986214986664,313.2702525069074,317.89986214986664,934200
2019-02-07,314.81341552734375,319.44302457921646,314.81341552734375,316.35661854463467,458000
2019-02-08,319.4430847167969,320.98628802460746,316.35667810117565,316.35667810117565,1058000
2019-02-11,314.81341552734375,317.8998215619256,314.81341552734375,317.8998215619256,156000
2019-02-12,308.640625,316.356640625,307.097421875,308.640625,904700
2019-02-13,310.183837890625,319.4430569321362,308.6406347170398,308.6406347170398,2079600
2019-02-14,310.183837890625,313.2702442377954,310.183837890625,310.183837890625,724200
2019-02-15,308.640625,310.183828125,307.097421875,308.640625,488000
2019-02-18,305.55426025390625,308.64066692313764,305.55426025390625,307.0974635885219,178900
2019-02-19,307.09747314453125,308.64067652716705,307.09747314453125,307.09747314453125,444400
2019-02-20,307.09747314453125,310.1838799098029,307.09747314453125,310.1838799098029,353300
2019-02-21,308.640625,310.183828125,308.640625,308.640625,959000
2019-02-22,308.640625,310.183828125,308.640625,308.640625,455600
2019-02-25,308.640625,310.183828125,305.55421875,310.183828125,248600
2019-02-26,310.183837890625,313.2702442377954,305.5542283698694,305.5542283698694,3721900
2019-02-27,310.183837890625,311.7270410642102,307.0974315434546,311.7270410642102,2006000
2019-02-28,308.640625,310.183828125,302.4678125,310.183828125,598300
2019-03-01,307.09747314453125,308.64067652716705,307.09747314453125,307.09747314453125,190700
2019-03-04,307.09747314453125,308.64067652716705,307.09747314453125,307.09747314453125,226600
2019-03-05,305.55426025390625,308.64066692313764,305.55426025390625,307.0974635885219,527300
2019-03-06,307.09747314453125,308.64067652716705,304.01106637925955,304.01106637925955,828700
2019-03-07,307.09747314453125,307.09747314453125,307.09747314453125,307.09747314453125,0
2019-03-08,305.55426025390625,310.1838702577533,304.0110569192906,308.64066692313764,919400
2019-03-11,307.09747314453125,308.64067652716705,305.5542697618954,305.5542697618954,287100
2019-03-12,307.09747314453125,310.1838799098029,307.09747314453125,307.09747314453125,464500
2019-03-13,307.09747314453125,308.64067652716705,307.09747314453125,307.09747314453125,382900
2019-03-14,304.0110168457031,307.09742310809605,304.0110168457031,307.09742310809605,390400
2019-03-15,304.0110168457031,304.0110168457031,304.0110168457031,304.0110168457031,151000
2019-03-18,308.640625,310.183828125,300.924609375,304.011015625,1613700
2019-03-19,307.09747314453125,308.64067652716705,305.5542697618954,307.09747314453125,545000
2019-03-20,305.55426025390625,307.0974635885219,304.0110569192906,307.0974635885219,395500
2019-03-21,304.0110168457031,305.55421997689956,304.0110168457031,305.55421997689956,340600
2019-03-22,307.09747314453125,307.09747314453125,304.01106637925955,304.01106637925955,461900
2019-03-25,305.55426025390625,307.0974635885219,302.46785358467486,307.0974635885219,475000
2019-03-26,305.55426025390625,305.55426025390625,305.55426025390625,305.55426025390625,0
2019-03-27,305.55426025390625,305.55426025390625,305.55426025390625,305.55426025390625,0
2019-03-28,305.55426025390625,307.0974635885219,305.55426025390625,305.55426025390625,571800
2019-03-29,304.0110168457031,307.09742310809605,304.0110168457031,307.09742310809605,318000
2019-04-01,305.55426025390625,307.0974635885219,304.0110569192906,304.0110569192906,264200
2019-04-02,305.55426025390625,305.55426025390625,305.55426025390625,305.55426025390625,0
2019-04-03,305.55426025390625,305.55426025390625,305.55426025390625,305.55426025390625,0
2019-04-04,304.0110168457031,307.09742310809605,304.0110168457031,307.09742310809605,312200
2019-04-05,308.640625,310.183828125,305.55421875,305.55421875,2753100
2019-04-08,307.09747314453125,308.64067652716705,305.5542697618954,308.64067652716705,367100
2019-04-09,305.55426025390625,307.0974635885219,305.55426025390625,305.55426025390625,642500
2019-04-10,302.46783447265625,304.01103770976164,302.46783447265625,302.46783447265625,321500
2019-04-11,304.0110168457031,304.0110168457031,304.0110168457031,304.0110168457031,456100
2019-04-12,299.38140869140625,305.55422124174453,299.38140869140625,305.55422124174453,466800
2019-04-15,297.83819580078125,299.38139888783195,297.83819580078125,297.83819580078125,356000
2019-04-16,296.2950134277344,299.38141981760657,296.2950134277344,297.8382166226705,419900
2019-04-17,296.2950134277344,296.2950134277344,296.2950134277344,296.2950134277344,0
2019-04-18,300.92462158203125,300.92462158203125,293.20860564403046,296.29501201923074,1660500
2019-04-19,300.92462158203125,300.92462158203125,300.92462158203125,300.92462158203125,0
2019-04-22,300.92462158203125,300.92462158203125,299.3814183944311,300.92462158203125,330800
2019-04-23,302.46783447265625,302.46783447265625,300.92463123555086,302.46783447265625,232600
2019-04-24,300.92462158203125,300.92462158203125,297.8382152068309,300.92462158203125,476100
2019-04-25,297.83819580078125,299.38139888783195,296.2949927137306,299.38139888783195,379400
2019-04-26,297.83819580078125,297.83819580078125,296.2949927137306,296.2949927137306,275900
2019-04-29,297.83819580078125,299.38139888783195,297.83819580078125,299.38139888783195,203600
2019-04-30,297.83819580078125,297.83819580078125,294.7517896266799,296.2949927137306,460100
2019-05-01,297.83819580078125,297.83819580078125,297.83819580078125,297.83819580078125,0
2019-05-02,293.2085876464844,299.3814000179893,283.94936908922693,297.83819692511304,1265400
2019-05-03,291.6654052734375,293.20860847594247,287.0357956659226,293.20860847594247,483200
2019-05-06,285.4925842285156,291.6653968604835,285.4925842285156,291.6653968604835,1385600
2019-05-07,285.4925842285156,288.57899054449956,280.86297475453966,287.0357873865076,539300
2019-05-08,285.4925842285156,287.0357873865076,285.4925842285156,287.0357873865076,336600
2019-05-09,287.0357666015625,287.0357666015625,280.8629544165827,285.49256355531753,1725900
2019-05-10,283.9493713378906,288.5789806531823,283.9493713378906,285.49257444298786,5673100
2019-05-13,282.40618896484375,285.49259540161796,282.40618896484375,285.49259540161796,585000
2019-05-14,282.40618896484375,283.9493921832309,280.8629857464566,282.40618896484375,647300
2019-05-15,283.9493713378906,285.49257444298786,280.86296512769616,280.86296512769616,2362800
2019-05-16,283.9493713378906,285.49257444298786,283.9493713378906,283.9493713378906,2312400
2019-05-17,287.0357666015625,287.0357666015625,283.9493605090726,283.9493605090726,2853100
2019-05-20,294.9649353027344,296.550768288233,293.37910231723583,293.37910231723583,2960000
2019-05-21,296.5508117675781,298.13664498558654,294.96497854956965,294.96497854956965,3351500
2019-05-22,294.9649353027344,298.1366012737315,293.37910231723583,296.550768288233,1515400
2019-05-23,296.5508117675781,296.5508117675781,294.96497854956965,294.96497854956965,1113400
2019-05-24,296.5508117675781,298.13664498558654,293.37914533156123,294.96497854956965,422600
2019-05-27,296.5508117675781,298.13664498558654,294.96497854956965,294.96497854956965,517500
2019-05-28,298.1365966796875,298.1365966796875,296.5507637186253,296.5507637186253,343300
2019-05-29,296.5508117675781,298.13664498558654,296.5508117675781,298.13664498558654,195000
2019-05-30,296.5508117675781,296.5508117675781,296.5508117675781,296.5508117675781,0
2019-05-31,294.9649353027344,298.1366012737315,294.9649353027344,296.550768288233,221000
2019-06-03,294.9649353027344,294.9649353027344,294.9649353027344,294.9649353027344,0
2019-06-04,294.9649353027344,294.9649353027344,294.9649353027344,294.9649353027344,0
2019-06-05,294.9649353027344,294.9649353027344,294.9649353027344,294.9649353027344,0
2019-06-06,294.9649353027344,294.9649353027344,294.9649353027344,294.9649353027344,0
2019-06-07,294.9649353027344,294.9649353027344,294.9649353027344,294.9649353027344,0
2019-06-10,290.20745849609375,296.55079092223787,288.6216253895577,296.55079092223787,732500
2019-06-11,287.0357971191406,291.7932965189054,285.4499639858857,285.4499639858857,1815100
2019-06-12,288.62164306640625,288.62164306640625,285.4499766590831,285.4499766590831,367100
2019-06-13,288.62164306640625,288.62164306640625,285.4499766590831,288.62164306640625,220000
2019-06-14,288.62164306640625,288.62164306640625,287.03580986274466,288.62164306640625,199500
2019-06-17,279.1065979003906,288.62159555608577,279.1065979003906,288.62159555608577,712900
2019-06-18,279.1065979003906,283.86409672823817,277.52076495777476,280.6924308430065,1011900
2019-06-20,283.8641357421875,285.44996890275837,282.27830258161663,282.27830258161663,411500
2019-06-21,288.62164306640625,288.62164306640625,283.8641434554215,283.8641434554215,566100
2019-06-24,288.62164306640625,288.62164306640625,288.62164306640625,288.62164306640625,198600
2019-06-25,288.62164306640625,288.62164306640625,288.62164306640625,288.62164306640625,208000
2019-06-26,285.449951171875,288.62161729600695,285.449951171875,288.62161729600695,59900
2019-06-27,291.79327392578125,291.79327392578125,283.8641088734502,285.44994188391644,1058500
2019-06-28,293.3791198730469,293.3791198730469,291.793286792652,291.793286792652,95500
2019-07-01,293.3791198730469,296.5507860338366,290.2074537122572,293.3791198730469,1560300
2019-07-02,293.3791198730469,294.9649529534417,290.2074537122572,293.3791198730469,212000
2019-07-03,294.9649353027344,294.9649353027344,291.79326933173724,293.37910231723583,192400
2019-07-04,296.5508117675781,296.5508117675781,294.96497854956965,294.96497854956965,187500
2019-07-05,285.449951171875,296.5507826063368,283.864118109809,296.5507826063368,443800
2019-07-08,288.62164306640625,290.20747627006784,287.03580986274466,287.03580986274466,529300
2019-07-09,283.8641357421875,291.7933015450419,283.8641357421875,288.62163522390017,367500
2019-07-10,285.449951171875,287.03578423394094,280.69245198567705,285.449951171875,1115000
2019-07-11,283.8641357421875,288.62163522390017,282.27830258161663,287.0358020633293,475300
2019-07-12,282.2782897949219,288.6216221498639,280.69245670618636,285.4499559723929,433400
2019-07-15,282.2782897949219,285.4499559723929,280.69245670618636,282.2782897949219,175800
2019-07-16,282.2782897949219,282.2782897949219,277.52079052871534,282.2782897949219,395200
2019-07-17,282.2782897949219,283.8641228836574,280.69245670618636,282.2782897949219,365900
2019-07-18,282.2782897949219,282.2782897949219,280.69245670618636,282.2782897949219,305500
2019-07-19,280.69244384765625,282.2782768637447,280.69244384765625,282.2782768637447,302000
2019-07-22,279.1065979003906,280.6924308430065,279.1065979003906,280.6924308430065,105600
2019-07-23,277.5207824707031,282.27828159877237,274.34911638532367,279.10661551339285,821000
2019-07-24,277.5207824707031,279.10661551339285,275.9349494280134,277.5207824707031,710500
2019-07-25,277.5207824707031,280.6924485560826,274.34911638532367,279.10661551339285,1508300
2019-07-26,277.5207824707031,277.5207824707031,274.34911638532367,277.5207824707031,548200
2019-07-29,277.5207824707031,277.5207824707031,275.9349494280134,277.5207824707031,50500
2019-07-30,275.9349365234375,279.1066024604885,275.9349365234375,277.520769491963,217700
2019-07-31,275.9349365234375,277.520769491963,275.9349365234375,277.520769491963,120400
2019-08-01,275.9349365234375,277.520769491963,274.349103554912,277.520769491963,196100
2019-08-02,275.9349365234375,275.9349365234375,275.9349365234375,275.9349365234375,26800
2019-08-05,275.9349365234375,275.9349365234375,274.349103554912,275.9349365234375,62800
2019-08-06,275.9349365234375,275.9349365234375,275.9349365234375,275.9349365234375,20700
2019-08-07,275.9349365234375,275.9349365234375,274.349103554912,275.9349365234375,48600
2019-08-08,275.9349365234375,277.520769491963,275.9349365234375,275.9349365234375,1827500
2019-08-09,277.5207824707031,279.10661551339285,275.9349494280134,275.9349494280134,509700
2019-08-12,275.9349365234375,285.4499343345905,275.9349365234375,279.1066024604885,1170500
2019-08-13,290.20745849609375,294.96495781570184,277.5207936438055,277.5207936438055,2669400
2019-08-14,277.5207824707031,291.79327985491074,277.5207824707031,290.207446812221,1637400
2019-08-15,275.9349365234375,279.1066024604885,268.00577168080997,279.1066024604885,1029400
2019-08-16,277.5207824707031,277.5207824707031,272.76328334263394,275.9349494280134,293600
2019-08-19,277.5207824707031,277.5207824707031,274.34911638532367,277.5207824707031,41400
2019-08-20,272.7632751464844,279.1066071266352,272.7632751464844,277.5207741315975,387500
2019-08-21,274.34912109375,277.52078723356215,269.5916218840318,274.34912109375,1053900
2019-08-22,269.5915832519531,275.9349146225873,266.419917566636,275.9349146225873,745400
2019-08-23,269.5915832519531,274.3490817799288,269.5915832519531,272.7632489372702,248300
2019-08-26,269.5915832519531,272.7632489372702,266.419917566636,269.5915832519531,235500
2019-08-27,269.5915832519531,271.17741609461166,266.419917566636,271.17741609461166,513800
2019-08-28,268.00579833984375,269.591631466115,266.4199652135725,269.591631466115,70100
2019-08-29,268.00579833984375,269.591631466115,266.4199652135725,268.00579833984375,60500
2019-08-30,266.4199523925781,268.005785442534,266.4199523925781,268.005785442534,42700
2019-09-02,260.0766296386719,266.41996206888336,260.0766296386719,266.41996206888336,428200
2019-09-03,263.248291015625,266.41995717243975,260.07662485881025,260.07662485881025,241200
2019-09-04,261.6624755859375,264.83414195667615,256.9049760298295,263.2483087713068,765900
2019-09-05,261.6624755859375,263.2483087713068,261.6624755859375,261.6624755859375,2218900
2019-09-06,261.6624755859375,263.2483087713068,261.6624755859375,263.2483087713068,1683000
2019-09-09,261.6624755859375,264.83414195667615,260.0766424005682,263.2483087713068,559800
2019-09-10,261.6624755859375,261.6624755859375,260.0766424005682,261.6624755859375,62200
2019-09-11,260.0766296386719,261.6624627462248,260.0766296386719,261.6624627462248,110800
2019-09-12,261.6624755859375,263.2483087713068,258.49080921519885,261.6624755859375,167800
2019-09-13,258.49078369140625,261.6624497489695,258.49078369140625,260.0766167201879,339300
2019-09-16,260.0766296386719,261.6624627462248,256.90496342356613,261.6624627462248,658300
2019-09-17,261.6624755859375,263.2483087713068,260.0766424005682,260.0766424005682,3542000
2019-09-18,261.6624755859375,261.6624755859375,250.56164328835226,261.6624755859375,1587100
2019-09-19,261.6624755859375,261.6624755859375,252.14747647372158,258.49080921519885,664700
2019-09-20,261.6624755859375,261.6624755859375,256.9049760298295,260.0766424005682,805900
2019-09-23,261.6624755859375,261.6624755859375,256.9049760298295,260.0766424005682,64100
2019-09-24,255.31910705566406,260.07660594490005,250.56160816642807,260.07660594490005,299800
2019-09-25,253.73324584960938,253.73324584960938,250.56158027648925,253.73324584960938,298700
2019-09-26,250.5616455078125,253.73331190664558,248.97581230839597,253.73331190664558,871100
2019-09-27,248.9757843017578,253.73328336484872,247.3899512807275,252.1474503438184,1314400
2019-09-30,248.9757843017578,252.1474503438184,245.8041182596972,250.5616173227881,856100
2019-10-01,247.38992309570312,248.9757559360602,245.80409025534607,248.9757559360602,1338800
2019-10-02,245.8041534423828,247.3899866903982,244.21832019436744,247.3899866903982,1835800
2019-10-03,248.9757843017578,248.97578430175778,245.8041182596972,245.8041182596972,1584500
2019-10-04,252.14744567871094,252.1474456787109,247.3899467036409,247.3899467036409,578100
2019-10-07,252.14744567871094,252.1474456787109,250.56161268702093,250.56161268702093,227400
2019-10-08,252.14744567871094,252.1474456787109,248.9757796953309,250.56161268702093,359500
2019-10-09,252.14744567871094,252.1474456787109,248.9757796953309,250.56161268702093,317900
2019-10-10,260.0766296386719,260.0766296386719,248.97579788580174,248.97579788580174,793900
2019-10-11,261.6624755859375,261.6624755859375,260.0766424005682,260.0766424005682,302700
2019-10-14,261.6624755859375,261.6624755859375,255.31914284446023,261.6624755859375,520100
2019-10-15,261.6624755859375,261.6624755859375,260.0766424005682,261.6624755859375,156200
2019-10-16,263.248291015625,263.248291015625,261.6624579372176,261.6624579372176,325600
2019-10-17,263.248291015625,264.8341240940324,260.07662485881025,263.248291015625,528400
2019-10-18,263.248291015625,263.248291015625,260.07662485881025,263.248291015625,264400
2019-10-21,263.248291015625,263.248291015625,261.6624579372176,261.6624579372176,291200
2019-10-22,261.6624755859375,261.6624755859375,261.6624755859375,261.6624755859375,1300
2019-10-23,264.8341369628906,264.8341369628906,256.90497118555857,260.0766374964914,1654500
2019-10-24,264.8341369628906,266.419970118357,263.24830380742424,264.8341369628906,396700
2019-10-25,266.4199523925781,266.4199523925781,264.83411934262233,264.83411934262233,210700
2019-10-28,268.00579833984375,268.00579833984375,264.8341320873012,266.4199652135725,511600
2019-10-29,266.4199523925781,268.005785442534,264.83411934262233,268.005785442534,218400
2019-10-30,274.34912109375,298.13661714234104,264.8341226743136,264.8341226743136,2305700
2019-10-31,287.0357971191406,290.20746338565044,274.34913205310124,274.34913205310124,1329400
2019-11-01,290.20745849609375,290.20745849609375,282.2782929634136,285.44995917648566,617400
2019-11-04,307.651611328125,310.82327742429123,290.20744779921074,290.20744779921074,2584200
2019-11-05,318.75244140625,334.6107718244714,307.65161011349505,309.2374431553172,7278800
2019-11-06,333.0249328613281,333.0249328613281,318.7524357386998,320.3382687523251,4505600
2019-11-07,325.0957946777344,336.19662669112046,312.4091295195789,334.61079354635103,2329100
2019-11-08,329.8532409667969,331.4390738560603,317.16657785268933,325.09574229900653,2152600
2019-11-11,328.2674560546875,331.43912229676175,326.6816229336504,329.8532891757246,4980800
2019-11-12,328.2674560546875,331.43912229676175,326.6816229336504,329.8532891757246,3699700
2019-11-13,331.4391174316406,331.4391174316406,328.26745123612255,328.26745123612255,2190700
2019-11-14,331.4391174316406,331.4391174316406,328.26745123612255,331.4391174316406,306200
2019-11-15,331.4391174316406,333.0249505293997,326.6816181383635,331.4391174316406,703900
2019-11-18,331.4391174316406,333.0249505293997,326.6816181383635,331.4391174316406,2158500
2019-11-19,329.8532409667969,331.4390738560603,326.68157518827,331.4390738560603,269700
2019-11-20,329.8532409667969,329.8532409667969,328.26740807753345,329.8532409667969,2961300
2019-11-21,333.0249328613281,334.6107658749535,331.4390998477027,333.0249328613281,2171500
2019-11-22,333.0249328613281,333.0249328613281,331.4390998477027,333.0249328613281,1034900
2019-11-25,333.0249328613281,334.6107658749535,325.0957677932013,333.0249328613281,1708200
2019-11-26,331.4391174316406,333.0249505293997,325.0957850406044,331.4391174316406,585400
2019-11-27,329.8532409667969,329.8532409667969,328.26740807753345,329.8532409667969,316300
2019-11-28,329.8532409667969,329.8532409667969,326.68157518827,328.26740807753345,304700
2019-11-29,329.8532409667969,329.8532409667969,325.09574229900653,328.26740807753345,355900
2019-12-02,328.2674560546875,329.8532891757246,328.2674560546875,329.8532891757246,411800
2019-12-03,329.8532409667969,329.8532409667969,328.26740807753345,328.26740807753345,786400
2019-12-04,323.5099182128906,329.8532499425551,323.5099182128906,329.8532499425551,517600
2019-12-05,326.6816101074219,326.6816101074219,321.9241109311002,323.5099439898741,760000
2019-12-06,323.5099182128906,329.8532499425551,323.5099182128906,326.68158407772285,507300
2019-12-09,323.5099182128906,325.09575114530674,323.5099182128906,325.09575114530674,474600
2019-12-10,325.0957946777344,325.0957946777344,321.9241283881955,323.50996153296495,479900
2019-12-11,325.0957946777344,326.6816278225038,325.0957946777344,325.0957946777344,2190500
2019-12-12,325.0957946777344,326.6816278225038,323.50996153296495,325.0957946777344,352500
2019-12-13,326.6816101074219,326.6816101074219,323.5099439898741,325.095777048648,442100
2019-12-16,326.6816101074219,326.6816101074219,323.5099439898741,325.095777048648,1140300
2019-12-17,326.6816101074219,326.6816101074219,321.9241109311002,326.6816101074219,445900
2019-12-18,323.5099182128906,326.68158407772285,323.5099182128906,326.68158407772285,402800
2019-12-19,323.5099182128906,325.09575114530674,323.5099182128906,323.5099182128906,436300
2019-12-20,323.5099182128906,325.09575114530674,323.5099182128906,323.5099182128906,906600
2019-12-23,325.0957946777344,325.0957946777344,323.50996153296495,323.50996153296495,343100
2019-12-26,328.2674560546875,328.2674560546875,325.09578981261325,325.09578981261325,1880800
2019-12-27,342.5399475097656,347.29744678073456,328.2674496968587,328.2674496968587,3094800
2019-12-30,364.7416076660156,366.3274407428244,342.5399445906929,344.1257776675017,6890300
2020-01-02,385.3574523925781,386.94328552999616,356.81245591905383,364.7416216061439,3640700
2020-01-03,388.5290832519531,408.351995662767,386.94325025908796,386.94325025908796,4218300
2020-01-06,388.5290832519531,390.11491624481823,379.0140852947624,390.11491624481823,848200
2020-01-07,379.01409912109375,388.52909742538895,375.842433019662,388.52909742538895,1322300
2020-01-08,372.6707458496094,379.01407769385804,366.3274140053607,379.01407769385804,926200
2020-01-09,393.28662109375,396.4582873928931,364.74162440146165,372.67079014931954,1636500
2020-01-10,391.7007751464844,394.87244134200245,383.7716096576891,393.28660824424344,1007500
2020-01-13,385.3574523925781,391.7007849422502,380.5999529803241,391.7007849422502,802500
2020-01-14,377.4282531738281,385.3574181564716,369.4990881911847,385.3574181564716,1152600
2020-01-15,359.98406982421875,375.84239889136495,356.81240401078946,375.84239889136495,1782300
2020-01-16,361.5699157714844,361.5699157714844,356.8124168797543,359.9840828075744,1311500
2020-01-17,363.15576171875,363.15576171875,356.81242963632644,361.5699286981441,930600
2020-01-20,361.5699157714844,364.74158169930445,356.8124168797543,356.8124168797543,703000
2020-01-21,352.0549621582031,364.7416274612014,352.0549621582031,361.5699611354519,964400
2020-01-22,353.6407775878906,353.6407775878906,348.8832783378293,350.46911142118313,1438100
2020-01-23,350.4691162109375,356.81244863104496,350.4691162109375,356.81244863104496,3461700
2020-01-24,348.8832702636719,350.4691033103249,339.3682719837535,350.4691033103249,1384500
2020-01-27,340.9541015625,348.8832667151163,333.0249364098837,348.8832667151163,1672000
2020-01-28,339.3683166503906,340.95414990576626,336.1966501396393,340.95414990576626,193500
2020-01-29,336.1966247558594,344.1257904340636,336.1966247558594,336.1966247558594,536000
2020-01-30,331.4391174316406,336.19661672491776,329.85328433388156,336.19661672491776,467400
2020-01-31,325.0957946777344,333.02496040158155,323.50996153296495,329.8532941120427,1564800
2020-02-03,325.0957946777344,326.6816278225038,321.9241283881955,326.6816278225038,471000
2020-02-04,328.2674560546875,328.2674560546875,325.09578981261325,328.2674560546875,509000
2020-02-05,347.29742431640625,347.29742431640625,326.68159547570633,328.26742846345246,1326300
2020-02-06,352.0549621582031,352.0549621582031,345.71162950670396,347.29746266957875,887000
2020-02-07,348.8832702636719,353.640769403631,347.2974372170188,352.054936356978,418000
2020-02-10,339.3683166503906,348.8833161826446,339.3683166503906,348.8833161826446,532400
2020-02-11,339.3683166503906,340.95414990576626,339.3683166503906,339.3683166503906,516100
2020-02-12,339.3683166503906,339.3683166503906,336.1966501396393,339.3683166503906,513800
2020-02-13,342.5399475097656,342.5399475097656,339.3682813291196,339.3682813291196,602800
2020-02-14,342.5399475097656,344.1257806000886,342.5399475097656,342.5399475097656,364600
2020-02-17,342.5399475097656,342.5399475097656,339.3682813291196,342.5399475097656,557300
2020-02-18,342.5399475097656,344.1257806000886,339.3682813291196,342.5399475097656,426400
2020-02-19,355.2265930175781,355.2265930175781,342.5399289812361,342.5399289812361,2244000
2020-02-20,348.8832702636719,355.2266024502841,348.8832702636719,355.2266024502841,785700
2020-02-21,348.8832702636719,352.054936356978,348.8832702636719,350.4691033103249,635000
2020-02-24,345.7116394042969,347.2974726125735,345.7116394042969,345.7116394042969,492200
2020-02-25,340.9541015625,345.71160065406974,339.36826853197675,345.71160065406974,761800
2020-02-26,334.61077880859375,340.95411110828275,331.43911265874925,340.95411110828275,622900
2020-02-27,325.0957946777344,333.02496040158155,323.50996153296495,333.02496040158155,1016800
2020-02-28,309.2374572753906,326.6816215319511,309.2374572753906,325.0957884177183,1038100
2020-03-02,312.4090881347656,312.4090881347656,309.2374222653771,310.82325520007134,225200
2020-03-03,309.2374572753906,309.2374572753906,309.2374572753906,309.2374572753906,67500
2020-03-04,310.82330322265625,313.9949695820711,310.82330322265625,310.82330322265625,401800
2020-03-05,320.3382873535156,321.92412045922606,309.2374556135423,309.2374556135423,618300
2020-03-06,317.1665954589844,320.3382614135742,312.40909652709956,315.5807624816894,172300
2020-03-09,307.651611328125,315.5807765685406,307.651611328125,313.99494352045747,491700
2020-03-10,306.0657653808594,307.6515983621074,299.7224334558675,307.6515983621074,112300
2020-03-11,302.8941345214844,306.0658008515523,296.5508018613486,306.0658008515523,313500
2020-03-12,285.449951171875,302.8941148546007,282.27828504774305,301.30828179253473,708700
2020-03-13,285.449951171875,285.449951171875,266.4199544270833,275.93495279947916,171800
2020-03-16,282.2782897949219,285.4499559723929,266.4199589075667,271.17745817377323,138200
2020-03-17,264.8341369628906,280.69246851755474,264.8341369628906,268.00580327382346,62200
2020-03-18,271.1774597167969,272.76329281455594,255.3191287392064,269.5916266190378,112400
2020-03-19,266.4199523925781,271.17745154244557,253.73328799293154,255.31912104288736,50500
2020-03-20,269.5915832519531,269.5915832519531,266.419917566636,266.419917566636,326000
2020-03-23,269.5915832519531,269.5915832519531,253.73325482536762,268.0057504092946,396800
2020-03-24,269.5915832519531,269.5915832519531,268.0057504092946,268.0057504092946,418900
2020-03-26,274.34912109375,274.34912109375,268.0057888141257,269.5916218840318,453000
2020-03-27,277.5207824707031,279.10661551339285,269.5916172572545,274.34911638532367,587900
2020-03-30,258.49078369140625,275.9349470080042,258.49078369140625,269.59161489287766,156300
2020-03-31,260.0766296386719,261.6624627462248,256.90496342356613,260.0766296386719,282000
2020-04-01,261.6624755859375,261.6624755859375,252.14747647372158,258.49080921519885,806500
2020-04-02,261.6624755859375,261.6624755859375,256.9049760298295,256.9049760298295,482200
2020-04-03,263.248291015625,263.248291015625,256.9049587019955,261.6624579372176,925200
2020-04-06,266.4199523925781,266.4199523925781,261.6624532427107,263.2482862926665,828500
2020-04-07,268.00579833984375,268.00579833984375,263.24829896102995,266.4199652135725,967300
2020-04-08,268.00579833984375,272.76329771865755,264.8341320873012,268.00579833984375,1432500
2020-04-09,260.0766296386719,269.59162828398917,260.0766296386719,268.00579517643627,652300
2020-04-13,255.31910705566406,260.07660594490005,255.31910705566406,260.07660594490005,581400
2020-04-14,255.31910705566406,256.9049400187427,252.14744112950675,253.7332740925854,1208000
2020-04-15,255.31910705566406,261.6624389079787,255.31910705566406,256.9049400187427,1869000
2020-04-16,252.14744567871094,255.31911166209093,252.1474456787109,253.73327867040092,1248500
2020-04-17,252.14744567871094,260.07661063716097,250.56161268702093,252.1474456787109,1112000
2020-04-20,253.73324584960938,256.90491142272947,252.1474130630493,256.90491142272947,1944800
2020-04-21,252.14744567871094,253.73327867040092,252.1474456787109,252.1474456787109,1288500
2020-04-22,252.14744567871094,253.73327867040092,252.1474456787109,252.1474456787109,602300
2020-04-23,252.14744567871094,253.73327867040092,252.1474456787109,252.1474456787109,631400
2020-04-24,253.73324584960938,253.73324584960938,252.1474130630493,252.1474130630493,252000
2020-04-27,252.14744567871094,253.73327867040092,250.56161268702093,252.1474456787109,199300
2020-04-28,250.5616455078125,253.73331190664558,248.97581230839597,252.14747870722906,863100
2020-04-29,253.73324584960938,253.73324584960938,250.56158027648925,252.1474130630493,928000
2020-04-30,260.0766296386719,260.0766296386719,252.14746410090748,258.49079653111903,665600
2020-05-04,253.73324584960938,260.0765769958496,250.56158027648925,253.73324584960938,598800
2020-05-05,252.14744567871094,255.31911166209093,248.9757796953309,253.73327867040092,1300100
2020-05-06,252.14744567871094,255.31911166209093,252.1474456787109,252.1474456787109,782000
2020-05-08,253.73324584960938,253.73324584960938,247.38991470336913,252.1474130630493,1714100
2020-05-11,252.14744567871094,255.31911166209093,252.1474456787109,253.73327867040092,614200
2020-05-12,255.31910705566406,256.9049400187427,252.14744112950675,253.7332740925854,838200
2020-05-13,255.31910705566406,255.31910705566406,250.56160816642807,255.31910705566406,624600
2020-05-14,250.5616455078125,256.90497830547866,247.38997910897945,255.3191451060621,3791300
2020-05-15,250.5616455078125,250.5616455078125,248.97581230839597,250.5616455078125,1597600
2020-05-18,252.14744567871094,252.1474456787109,250.56161268702093,250.56161268702093,577300
2020-05-19,250.5616455078125,253.73331190664558,250.5616455078125,252.14747870722906,630400
2020-05-20,250.5616455078125,253.73331190664558,250.5616455078125,250.5616455078125,900900
2020-05-26,245.8041534423828,253.73331968245967,245.8041534423828,250.5616531864289,2677400
2020-05-27,245.8041534423828,248.97581993841357,242.63248694635206,248.97581993841357,2924200
2020-05-28,247.38992309570312,248.9757559360602,244.21825741498898,248.9757559360602,2481100
2020-05-29,247.38992309570312,248.9757559360602,245.80409025534607,247.38992309570312,916500
2020-06-02,253.03077697753906,254.64243797739599,249.8074549778252,251.4191159776821,619700
2020-06-03,254.64244079589844,254.64244079589844,251.4191187605073,251.4191187605073,894500
2020-06-04,256.25408935546875,256.25408935546875,253.0307674767836,254.64242841612617,911500
2020-06-05,256.25408935546875,257.86575029481133,253.0307674767836,256.25408935546875,1479000
2020-06-08,267.5357360839844,270.75905820547814,256.2541086587561,256.2541086587561,2601600
2020-06-09,298.15728759765625,302.99227063978043,267.5357283308699,269.14738934491135,4491500
2020-06-10,296.5456237792969,298.15728477809745,290.0989797840948,298.15728477809745,1075000
2020-06-11,294.9339599609375,298.1572819277237,291.7106379941513,296.5456209443306,1007900
2020-06-12,290.09893798828125,291.7105987548828,290.09893798828125,291.7105987548828,1000600
2020-06-15,286.87567138671875,293.3223156875439,286.87567138671875,291.71065461233763,1652100
2020-06-16,288.4873352050781,290.0989962956093,285.2640130240158,286.875674114547,323000
2020-06-17,288.4873352050781,288.4873352050781,285.2640130240158,288.4873352050781,587600
2020-06-18,288.4873352050781,288.4873352050781,285.2640130240158,288.4873352050781,878400
2020-06-19,304.60394287109375,304.60394287109375,285.2640099903894,285.2640099903894,1426200
2020-06-22,306.2155456542969,317.49717102050784,296.5455810546875,304.6038848876953,4070000
2020-06-23,306.2155456542969,311.0505279541016,302.9922241210938,306.2155456542969,1387300
2020-06-24,306.2155456542969,312.6621887207031,306.2155456542969,306.2155456542969,1216400
2020-06-25,299.7689514160156,304.6039345033707,299.7689514160156,301.380612445134,893300
2020-06-26,301.380615234375,301.380615234375,299.7689541903409,299.7689541903409,856000
2020-06-29,294.9339599609375,299.76894291111677,288.48731602736507,298.1572819277237,1071100
2020-06-30,290.09893798828125,291.7105987548828,288.4872772216797,291.7105987548828,400400
2020-07-01,282.0406799316406,291.71064610072546,278.817357875279,290.0989850725446,903400
2020-07-02,278.81732177734375,282.0406434163882,277.2056609578215,278.81732177734375,861200
2020-07-03,273.98236083984375,278.81734367819394,272.370699893727,277.2056827320772,1230100
2020-07-06,273.98236083984375,273.98236083984375,270.7590389476103,273.98236083984375,823900
2020-07-07,273.98236083984375,273.98236083984375,270.7590389476103,273.98236083984375,2130700
2020-07-08,273.98236083984375,273.98236083984375,270.7590389476103,273.98236083984375,1152700
2020-07-09,273.98236083984375,273.98236083984375,267.53571705537684,273.98236083984375,5028400
2020-07-10,272.3707275390625,273.9823886487611,267.5357442099667,273.9823886487611,1379700
2020-07-13,269.1473693847656,275.59401296284386,269.1473693847656,272.37069117380474,4406500
2020-07-14,269.1473693847656,272.37069117380474,267.53570849024607,269.1473693847656,1847500
2020-07-15,280.42901611328125,286.8756601618624,269.1473890282642,272.3707110525548,10510400
2020-07-16,282.0406799316406,293.32230712890623,278.817357875279,280.4290189034598,5525800
2020-07-17,273.98236083984375,285.26398746266085,270.7590389476103,282.0406655704274,5874000
2020-07-20,285.2640075683594,298.15729604602535,275.5940412101099,275.5940412101099,9378800
2020-07-21,291.71063232421875,294.93395422835374,282.0406666118137,286.8756494680162,7114300
2020-07-22,291.71063232421875,298.1572761324888,286.8756494680162,291.71063232421875,4264000
2020-07-23,288.4873352050781,291.71065738614044,285.2640130240158,291.71065738614044,2178400
2020-07-24,285.2640075683594,290.0989907474841,283.65234650865114,288.48732968777585,2271300
2020-07-27,285.2640075683594,293.3223128669006,283.65234650865114,286.8756686280676,2745400
2020-07-28,282.0406799316406,286.875663016183,278.817357875279,285.26400198800224,3057400
2020-07-29,290.09893798828125,294.933920288086,278.81731262207035,282.04063415527344,3143100
2020-07-30,294.9339599609375,301.3806038945099,285.2639940605789,290.0989770107582,6097100
2020-08-03,307.8272399902344,335.2254760103076,290.0989696243047,298.1572743360909,18288100
2020-08-04,301.380615234375,314.2739035866477,296.5456321022727,307.8272594105114,8374100
2020-08-05,309.43890380859375,311.0505647659302,301.3805990219116,301.3805990219116,6720100
2020-08-06,309.43890380859375,311.0505647659302,306.2155818939209,309.43890380859375,3405300
2020-08-07,327.16717529296875,332.0021581790717,309.43890471059115,309.43890471059115,9820600
2020-08-10,348.1188049316406,351.3421271995262,327.1672101903845,327.1672101903845,11198700
2020-08-11,349.73040771484375,354.5653903099799,343.28376425466234,349.73040771484375,5374200
2020-08-12,338.44879150390625,349.7304178873698,335.2254696800595,349.7304178873698,3742100
2020-08-13,356.1770935058594,359.4004156190346,340.0604829399834,340.0604829399834,5765700
2020-08-14,344.89544677734375,359.40039547358714,343.28378581109445,356.17707354108865,5612500
2020-08-18,344.89544677734375,349.73042967609155,344.89544677734375,344.89544677734375,1518800
2020-08-19,341.672119140625,348.1187628979953,340.0604582012824,346.5071019586527,1768100
2020-08-24,330.3905334472656,346.5071448349371,327.16721116973133,344.89548369616995,3594300
2020-08-25,335.2254943847656,343.2837995382456,330.3905112926777,330.3905112926777,4640500
2020-08-26,354.5654296875,361.0120738636364,336.837158203125,336.837158203125,8806000
2020-08-27,344.89544677734375,356.17707354108865,340.06046387859595,356.17707354108865,7683500
2020-08-28,346.5071105957031,349.7304325547329,343.2837886366733,346.5071105957031,2328000
2020-08-31,349.73040771484375,390.02192934097786,348.1187468497984,362.6236946352067,22763200
2020-09-01,370.6820373535156,370.6820373535156,351.34210496985395,352.9537660018257,13012200
2020-09-02,388.4103088378906,399.69193606554717,370.6820374801446,372.29369851266694,26655800
2020-09-03,388.4103088378906,394.8569529679801,380.35200367527875,390.021969870413,13908700
2020-09-04,378.7403259277344,391.63361361889133,378.7403259277344,386.79863073470744,5820600
2020-09-07,377.128662109375,381.9636449569311,373.9053402110043,380.3519840077457,4645900
2020-09-08,378.7403259277344,381.9636478505236,373.90534304355054,378.7403259277344,5075800
2020-09-09,359.4004211425781,380.35201520021724,359.4004211425781,378.74035411886035,8278200
2020-09-10,335.2254943847656,362.62373190659747,335.2254943847656,362.62373190659747,7910700
2020-09-11,354.5654296875,359.40041281960225,314.2739035866477,325.5555308948864,11123800
2020-09-14,373.90533447265625,380.35197817046065,354.565403379243,354.565403379243,9166100
2020-09-15,372.293701171875,378.7403453480113,354.5654296875,375.5170232599432,24614500
2020-09-16,365.8470153808594,373.9053196844025,359.4003719380248,372.2936588236939,9149600
2020-09-17,372.293701171875,385.1869895241477,361.0120738636364,365.8470569957386,28945100
2020-09-18,388.4103088378906,391.63363090293535,372.29369851266694,373.9053595451893,20158100
2020-09-21,381.96368408203125,399.6919563390031,381.96368408203125,393.2453118819225,20877700
2020-09-22,367.4587097167969,378.7403367695055,365.847048709267,378.7403367695055,10888100
2020-09-23,365.8470153808594,370.68199796298524,361.01203279873346,370.68199796298524,7956900
2020-09-24,359.4004211425781,367.4587265493624,354.5654378985076,365.84706546800555,10925300
2020-09-25,380.3520202636719,381.9636813664841,356.17710372148935,357.7887648243015,15301500
2020-09-28,370.6820373535156,386.7986476732337,370.6820373535156,381.96366457731824,9104300
2020-09-29,372.293701171875,380.35200639204544,370.6820401278409,372.293701171875,7965500
2020-09-30,369.0703430175781,373.905325677197,364.2353603579592,373.905325677197,5353800
2020-10-01,396.4685974121094,399.6919193422891,370.68202197067137,370.68202197067137,17230100
2020-10-02,398.08026123046875,439.1776161348289,388.41029537061934,394.85693927718563,30996100
2020-10-05,394.8569641113281,402.9152695013553,391.63364195531733,399.69194734534443,7790800
2020-10-06,399.6919250488281,415.0027044357792,394.85694208452776,394.85694208452776,10255000
2020-10-07,406.94439697265625,410.9735494179301,394.8569396368348,399.6919225711634,8853300
2020-10-08,399.6919250488281,410.9735519655289,396.4686030726279,406.9443994952786,6382900
2020-10-09,401.3035888671875,406.9444023653206,396.4686058687876,399.6919278677209,7596800
2020-10-12,423.0610046386719,423.0610046386719,399.6919205729167,401.30358154296874,14273000
2020-10-13,410.9735412597656,423.06099835564106,402.915236529182,423.06099835564106,8869900
2020-10-14,402.915283203125,419.03189453125,401.3036220703125,410.97358886718746,8324800
2020-10-15,383.5753479003906,402.91528140797334,375.51704227223115,402.91528140797334,14797900
2020-10-16,388.4103088378906,390.021969870413,380.35200367527875,381.9636647078012,6552200
2020-10-19,386.79864501953125,396.4686111450195,385.18698399861654,390.02196706136067,6405700
2020-10-20,390.02197265625,394.85695578835225,385.1869895241477,386.7986505681818,5432700
2020-10-21,398.08026123046875,399.69192220711034,390.02195634726087,390.02195634726087,10623600
2020-10-22,391.6336364746094,401.30360280731577,390.0219754191583,399.6919417518647,6197800
2020-10-23,394.8569641113281,399.69194734534443,390.0219808773119,393.2453030333227,5483100
2020-10-26,396.4685974121094,399.6919193422891,391.6336145168397,394.8569364470195,5327100
2020-10-27,401.3035888671875,410.9735548639872,396.4686058687876,402.9152498666541,14096200
2020-11-02,378.7403259277344,401.303579387259,378.7403259277344,401.303579387259,14699900
2020-11-03,381.96368408203125,386.79866742484177,377.12870073922073,380.35202296776106,8030600
2020-11-04,377.128662109375,383.57530590611645,372.2936792618189,381.9636449569311,6468600
2020-11-05,381.96368408203125,385.1870063105716,377.12870073922073,377.12870073922073,6629900
2020-11-06,398.08026123046875,401.3035831837519,380.35199048741146,381.96365146405304,13528100
2020-11-09,393.2452697753906,401.3035744839027,390.0219478919858,398.0802526004979,9098400
2020-11-10,393.2452697753906,399.6919135422003,391.6336088336882,393.2452697753906,11328300
2020-11-11,393.2452697753906,399.6919135422003,390.0219478919858,393.2452697753906,11059100
2020-11-12,419.0318908691406,443.20680765005255,393.2453129695012,393.2453129695012,37708100
2020-11-13,419.0318908691406,435.1485020564152,415.00273807232196,419.0318908691406,12000000
2020-11-16,415.002685546875,423.06099012060076,406.9443809731493,419.0318378337379,6406500
2020-11-17,410.9735412597656,419.03184599034927,406.94438889447383,415.0026936250574,8179700
2020-11-18,406.94439697265625,419.0318543084777,402.9152445273824,410.9735494179301,7459200
2020-11-19,419.0318908691406,431.11934925959656,406.94443247868463,406.94443247868463,17972700
2020-11-20,415.002685546875,431.11929469432647,415.002685546875,419.0318378337379,11657000
2020-11-23,415.002685546875,419.0318378337379,406.9443809731493,415.002685546875,7082800
2020-11-24,415.002685546875,423.06099012060076,415.002685546875,419.0318378337379,7151100
2020-11-25,427.0901794433594,427.0901794433594,406.9444162620688,415.002721534585,16045300
2020-11-26,447.2359313964844,475.43999914220865,427.0901687209671,427.0901687209671,40331100
2020-11-27,499.61492919921875,499.61492919921875,447.23594468639743,451.2650973412298,34974900
2020-11-30,507.6731872558594,527.8189486549014,475.4399690173921,499.61488269624255,27640000
2020-12-01,511.7024230957031,511.7024230957031,487.5275054691345,495.5858113446574,12004900
2020-12-02,507.6731872558594,519.7606440952846,499.61488269624255,511.7023395356678,8715500
2020-12-03,495.58575439453125,507.6732118187881,491.556601919779,507.6732118187881,10229500
2020-12-04,495.58575439453125,495.58575439453125,475.4399920207698,491.556601919779,11645300
2020-12-07,503.6440734863281,523.7898364257812,495.5857683105468,495.5857683105468,19779100
2020-12-08,503.6440734863281,535.8772941894531,499.6149208984375,503.6440734863281,33055800
2020-12-10,495.58575439453125,507.6732118187881,491.556601919779,503.64405934403584,9486600
2020-12-11,499.61492919921875,507.6732345088835,495.5857765443863,495.5857765443863,12201100
2020-12-14,499.61492919921875,507.6732345088835,499.61492919921875,499.61492919921875,9631400
2020-12-15,495.58575439453125,499.6149068692836,491.556601919779,499.6149068692836,7368900
2020-12-16,511.7024230957031,547.9647995355562,491.55665840689596,495.5858113446574,25051900
2020-12-17,499.61492919921875,531.848150437878,495.5857765443863,511.70238716371597,9275200
2020-12-18,507.6731872558594,507.6731872558594,495.58573041643416,499.61488269624255,8420800
2020-12-21,515.7314453125,535.8772048950195,507.6731414794922,507.6731414794922,19382000
2020-12-22,499.61492919921875,527.8189977830456,495.5857765443863,519.7606924733808,16101500
2020-12-23,487.52740478515625,511.70231741913096,467.381644256844,499.6148611021436,21788400
2020-12-28,503.6440734863281,523.7898364257812,487.5274631347656,487.5274631347656,27917900
2020-12-29,491.55657958984375,511.7023410484439,487.5274272981237,503.6440364650038,10080100
2020-12-30,491.55657958984375,495.5857318815638,479.46912271468364,491.55657958984375,10919300
2021-01-04,515.7314453125,515.7314453125,475.43992614746094,491.55653381347656,16205900
2021-01-05,551.9939575195312,572.1397223925069,511.7024277735801,515.7315807481752,86798000
2021-01-06,539.9064331054688,580.1979579640858,515.7315181902985,560.0521955347773,58446000
2021-01-07,535.8773193359375,572.1396943285949,531.8481665589755,539.9064721128995,44346500
2021-01-08,523.7898559570312,547.9647723858172,515.7315504807692,535.8773141714242,21688400
2021-01-11,511.7024230957031,531.8481877845104,511.7024230957031,523.7898819089875,13913400
2021-01-12,495.58575439453125,527.8189741925496,487.52744944502666,511.7023642935404,24649400
2021-01-13,539.9064331054688,539.9064331054688,495.58575576098997,495.58575576098997,49196400
2021-01-14,531.84814453125,543.9356023615056,519.7606867009943,539.9064497514204,24130100
2021-01-15,515.7314453125,535.8772048950195,507.6731414794922,531.8480529785156,21965600
2021-01-18,495.58575439453125,515.7315167682927,491.556601919779,515.7315167682927,17648000
2021-01-19,483.498291015625,523.7898152669271,475.4399861653646,495.58574829101565,39862800
2021-01-20,475.44000244140625,483.4983075675318,471.4108498783435,479.46915500446903,26598700
2021-01-21,491.55657958984375,507.67318875672385,475.4399704229636,475.4399704229636,49900700
2021-01-22,471.4108581542969,499.6149265908787,463.3525528867021,491.55662132328393,28271400
2021-01-25,447.2359313964844,471.41084660710516,443.20677886138094,467.3816940720017,16335700
2021-01-26,439.1776428222656,475.44001700025086,435.14849013582284,443.20679550870847,32014200
2021-01-27,467.3817138671875,467.3817138671875,427.0901868096713,439.1776449269262,32162900
2021-01-28,447.2359313964844,491.5566092826225,439.17762632627745,475.43999914220865,27337900
2021-01-29,447.2359313964844,455.2942364666913,431.1193212560705,447.2359313964844,17925600
2021-02-01,463.3525390625,463.3525390625,439.17762398097824,447.2359290081522,25261100
2021-02-02,455.2942199707031,479.4691343054307,455.2942199707031,463.35252474894565,26876800
2021-02-03,467.3817138671875,471.4108665729391,451.26510304418105,455.29425574993263,22377800
2021-02-04,467.3817138671875,471.4108665729391,455.29425574993263,467.3817138671875,21575700
2021-02-05,471.4108581542969,483.4983160556891,467.38170552049945,467.38170552049945,20425900
2021-02-08,479.4692077636719,479.4692077636719,467.38174874441967,471.41090175083707,22166000
2021-02-09,483.498291015625,495.58574829101565,471.4108337402344,479.4691385904948,31445700
2021-02-10,467.3817138671875,487.5274773959456,467.3817138671875,483.49832469019395,20518700
2021-02-11,471.4108581542969,479.4691634218917,463.3525528867021,467.38170552049945,23786200
2021-02-15,475.44000244140625,483.4983075675318,467.38169731528075,467.38169731528075,19409600
2021-02-16,483.498291015625,499.6149007161459,475.4399861653646,475.4399861653646,27158400
2021-02-17,467.3817138671875,483.49832469019395,463.35256116143586,483.49832469019395,12995900
2021-02-18,463.3525390625,475.43999660326085,459.32338654891305,467.38169157608695,15926900
2021-02-19,471.4108581542969,475.4400107880943,447.23594235151245,459.32340025290466,21731700
2021-02-22,479.4692077636719,487.5275137765067,467.38174874441967,471.41090175083707,26405900
2021-02-23,483.498291015625,491.55659586588547,479.4691385904948,479.4691385904948,20994100
2021-02-24,479.4692077636719,495.58581978934154,471.41090175083707,483.4983607700893,27762000
2021-02-25,475.44000244140625,483.4983075675318,471.4108498783435,479.46915500446903,19464700
2021-02-26,451.2651062011719,475.44002260480613,451.2651062011719,471.4108698708671,15795300
2021-03-01,459.3233947753906,467.3816999468887,451.26508960389253,451.26508960389253,20302800
2021-03-02,459.3233947753906,471.41085253263776,455.2942421896416,459.3233947753906,22206900
2021-03-03,455.2942199707031,459.3233723598244,447.2359151924606,459.3233723598244,12999600
2021-03-04,455.2942199707031,459.3233723598244,447.2359151924606,451.2650675815819,7575500
2021-03-05,459.3233947753906,463.35254736113967,451.26508960389253,451.26508960389253,19906800
2021-03-08,491.55657958984375,491.55657958984375,459.3233612560835,463.35251354780354,59626500
2021-03-09,495.58575439453125,519.760669243045,487.52744944502666,495.58575439453125,71759200
2021-03-10,499.61492919921875,507.6732345088835,495.5857765443863,495.5857765443863,26694000
2021-03-12,523.7898559570312,527.8190086951622,499.61493952824515,499.61493952824515,47277900
2021-03-15,531.84814453125,543.9356023615056,523.7898393110795,523.7898393110795,37157000
2021-03-16,515.7314453125,535.8772048950195,515.7314453125,531.8480529785156,20171700
2021-03-17,519.7606811523438,519.7606811523438,503.64407088405403,515.7315285852713,21285400
2021-03-18,511.7024230957031,535.8773407222718,507.6732701579417,519.7607289712261,18717500
2021-03-19,503.6440734863281,511.70237866210937,499.6149208984375,511.70237866210937,18790500
2021-03-22,507.6731872558594,511.7023395356678,491.5565781366258,503.644034976051,18330800
2021-03-23,515.7314453125,523.7897491455078,507.6731414794922,507.6731414794922,32323200
2021-03-24,503.6440734863281,519.7606838378906,495.5857683105468,515.73153125,19369600
2021-03-25,495.58575439453125,503.64405934403584,483.4982969702744,499.6149068692836,19007500
2021-03-26,511.7024230957031,515.7315760334645,491.55665840689596,495.5858113446574,33915400
2021-03-29,495.58575439453125,511.7023642935404,491.556601919779,511.7023642935404,9457800
2021-03-30,479.4692077636719,495.58581978934154,475.4400547572545,495.58581978934154,13962000
2021-03-31,463.3525390625,483.4983016304348,451.26508152173915,479.46914911684786,17743300
2021-04-01,495.58575439453125,499.6149068692836,459.3233821217607,463.35253459651295,25538900
2021-04-05,499.61492919921875,499.61492919921875,487.52747123472153,495.5857765443863,16231200
2021-04-06,511.7024230957031,511.7024230957031,487.5275054691345,499.61496428241884,18744400
2021-04-07,515.7314453125,523.7897491455078,503.6439895629883,511.7022933959961,26515700
2021-04-08,507.6731872558594,519.7606440952846,503.644034976051,515.7314918154761,13280500
2021-04-09,507.6731872558594,511.7023395356678,499.61488269624255,507.6731872558594,16467400
2021-04-12,491.55657958984375,515.731493340164,483.4982750064037,507.67318875672385,12560100
2021-04-13,475.44000244140625,491.5566126936573,467.38169731528075,491.5566126936573,17095800
2021-04-14,471.4108581542969,483.4983160556891,467.38170552049945,475.4400107880943,18895500
2021-04-15,483.498291015625,487.52744344075523,471.4108337402344,475.4399861653646,22014300
2021-04-16,475.44000244140625,487.5274601305946,467.38169731528075,483.4983075675318,19526600
2021-04-19,477.4981994628906,489.84729082831024,473.38183567441746,485.730927039837,24016200
2021-04-20,502.1964111328125,502.1964111328125,473.38186295306093,477.49822697873975,25799500
2021-04-21,543.3599853515625,547.4763488769531,493.963623046875,502.19635009765625,50151400
2021-04-22,535.1272583007812,555.7090759277344,522.7781677246094,543.3599853515625,54776500
2021-04-23,543.3599853515625,551.5927124023438,535.1272583007812,535.1272583007812,20357000
2021-04-26,539.24365234375,547.4763798604484,526.8945610687023,543.3600161020993,19267900
2021-04-27,543.3599853515625,547.4763488769531,531.0108947753906,539.2436218261719,22192500
2021-04-28,535.1272583007812,555.7090759277344,535.1272583007812,547.4763488769531,29329000
2021-04-29,522.7782592773438,539.2437162624569,518.6618950310655,531.0109877699003,23645000
2021-04-30,522.7782592773438,531.0109877699003,506.3128022922306,522.7782592773438,23297000
2021-05-03,506.3127136230469,522.7781677246094,502.19635009765625,518.6618041992188,13367400
2021-05-04,485.73089599609375,514.5454406738281,485.73089599609375,506.3127136230469,28761700
2021-05-05,493.9637145996094,493.9637145996094,477.4982574462891,485.73098602294925,24584800
2021-05-06,485.73089599609375,498.0799865722656,481.6145324707031,489.8472595214844,26393300
2021-05-07,477.4981994628906,489.84729082831024,477.4981994628906,485.730927039837,19913400
2021-05-10,481.61456298828125,493.96365434695514,477.49819920205664,477.49819920205664,32501800
2021-05-11,481.61456298828125,485.73092677450586,477.49819920205664,481.61456298828125,28910000
2021-05-17,465.14910888671875,489.8472916594649,452.8000175003457,481.6145640685495,29980000
2021-05-18,477.4981994628906,481.61456325136385,452.80001673205146,465.14910809747107,28410500
2021-05-19,469.26544189453125,481.6145324707031,465.1490783691406,477.4981689453125,27064500
2021-05-20,469.26544189453125,473.3818054199219,456.9163513183594,469.26544189453125,17280300
2021-05-21,456.9163818359375,469.2654732369088,452.80001803561373,469.2654732369088,17139000
2021-05-24,432.21820068359375,456.9163835797991,428.10183686755954,456.9163835797991,12304000
2021-05-25,428.1018371582031,436.3345647958609,423.98547333937427,428.1018371582031,21677800
2021-05-27,428.1018371582031,440.45092861468976,423.98547333937427,428.1018371582031,14890100
2021-05-28,428.1018371582031,432.21820097703204,419.8691095205454,428.1018371582031,21310100
2021-05-31,436.3345642089844,436.3345642089844,423.98547276910745,428.10183658239976,18220900
2021-06-02,448.68365478515625,448.68365478515625,436.334563369051,436.334563369051,23745300
2021-06-03,444.5672607421875,461.03271484375,440.4508972167969,448.6836242675781,29947600
2021-06-04,436.3345642089844,448.68365564886125,423.98547276910745,448.68365564886125,27269900
2021-06-07,432.21820068359375,436.334564499628,428.10183686755954,436.334564499628,22180600
2021-06-08,415.75274658203125,432.2182018922107,415.75274658203125,432.2182018922107,19445900
2021-06-09,423.9854736328125,423.9854736328125,415.7527459894569,415.7527459894569,40764100
2021-06-10,415.75274658203125,423.98547423712097,408.3432916924505,423.98547423712097,8638300
2021-06-11,408.3432922363281,415.75274713577767,406.6967467031171,415.75274713577767,27201700
2021-06-14,396.81744384765625,408.34326171875,391.8778076171875,406.69671630859375,20903400
2021-06-15,380.3520202636719,396.81747568634165,378.7054747214049,395.1709301440747,13590100
2021-06-16,380.3520202636719,391.87783905954075,378.7054747214049,383.64511134820583,27833700
2021-06-17,370.47271728515625,380.35198974609375,367.17962646484375,378.7054443359375,23203200
2021-06-18,419.8691101074219,444.5672930549173,367.179653152765,370.47274421243105,131437900
2021-06-21,461.0327453613281,477.4982005528041,408.3432887486049,456.9163815634591,115659500
2021-06-22,469.26544189453125,502.19635009765625,448.6836242675781,465.1490783691406,121490400
2021-06-23,448.68365478515625,469.2654738119983,444.56729097978786,469.2654738119983,32808500
2021-06-24,444.5672607421875,448.6836242675781,432.2181701660156,448.6836242675781,29869800
2021-06-25,415.75274658203125,444.5672933748453,415.75274658203125,444.5672933748453,29300900
2021-06-28,403.40362548828125,423.9854431152344,403.40362548828125,415.7527160644531,25501000
2021-06-29,408.3432922363281,408.3432922363281,395.17092797064015,401.75711010348414,27226300
2021-06-30,411.6363830566406,419.8691107177734,405.0502009277344,408.3432919921875,27622600
2021-07-01,428.1018371582031,428.1018371582031,409.9898363553561,411.63638188288763,25927200
2021-07-02,428.1018371582031,440.45092861468976,428.1018371582031,428.1018371582031,33549900
2021-07-05,448.68365478515625,465.1491100066299,428.1018357583142,428.1018357583142,48097400
2021-07-06,436.3345642089844,456.91638327544587,432.21820039569207,448.68365564886125,24055500
2021-07-07,428.1018371582031,440.45092861468976,428.1018371582031,436.3345647958609,23214600
2021-07-08,419.8691101074219,432.2182015811696,419.8691101074219,428.101837756587,30937800
2021-07-09,423.9854736328125,428.1018374544903,415.7527459894569,419.8691098111347,33463400
2021-07-12,440.4508972167969,448.6836242675781,419.86907958984375,423.9854431152344,33303100
2021-07-13,432.21820068359375,444.56729213169643,415.75274541945686,440.4509283156622,20915400
2021-07-14,436.3345642089844,440.4509280222767,428.10183658239976,432.21820039569207,40823900
2021-07-15,448.68365478515625,456.91638239589304,436.334563369051,436.334563369051,39604000
2021-07-16,436.3345642089844,461.0327470887382,436.3345642089844,448.68365564886125,26034700
2021-07-19,440.4508972167969,452.79998779296875,436.33453369140625,436.33453369140625,28202600
2021-07-21,444.5672607421875,448.6836242675781,436.33453369140625,440.4508972167969,26793800
2021-07-22,444.5672607421875,448.6836242675781,440.4508972167969,444.5672607421875,24483000
2021-07-23,444.5672607421875,444.5672607421875,436.33453369140625,444.5672607421875,25768900
2021-07-26,465.14910888671875,473.3818364776341,444.5672899094303,444.5672899094303,40759100
2021-07-27,452.79998779296875,473.3818054199219,452.79998779296875,465.1490783691406,29695600
2021-07-28,452.79998779296875,461.03271484375,444.5672607421875,456.9163513183594,32050500
2021-07-29,444.5672607421875,456.9163513183594,444.5672607421875,452.79998779296875,35523400
2021-07-30,444.5672607421875,448.6836242675781,423.9854431152344,444.5672607421875,30752400
2021-08-02,432.21820068359375,444.56729213169643,428.10183686755954,444.56729213169643,31754800
2021-08-03,432.21820068359375,432.21820068359375,419.86910923549107,432.21820068359375,29784800
2021-08-04,432.21820068359375,436.334564499628,428.10183686755954,432.21820068359375,27312900
2021-08-05,423.9854736328125,440.4509289195237,423.9854736328125,432.2182012761681,32924800
2021-08-06,423.9854736328125,436.3345650978459,423.9854736328125,423.9854736328125,32186400
2021-08-09,423.9854736328125,432.2182012761681,415.7527459894569,423.9854736328125,37041000
2021-08-10,419.8691101074219,423.9854739320044,411.6363824582567,423.9854739320044,21259300
2021-08-12,428.1018371582031,436.3345647958609,419.8691095205454,419.8691095205454,34196100
2021-08-13,465.14910888671875,465.14910888671875,428.10183472759957,428.10183472759957,48510400
2021-08-16,444.5672607421875,473.3818054199219,440.4508972167969,465.1490783691406,22335600
2021-08-18,432.21820068359375,444.56729213169643,423.98547305152533,444.56729213169643,18597500
2021-08-19,409.98980712890625,432.2181701660156,409.98980712890625,432.2181701660156,18126500
2021-08-20,408.3432922363281,415.75274713577767,408.3432922363281,409.9898377695392,25678900
2021-08-23,436.3345642089844,436.3345642089844,408.34329027859667,409.9898358039136,36693500
2021-08-24,419.8691101074219,436.33456540575213,415.7527462828393,436.33456540575213,13853900
2021-08-25,415.75274658203125,428.10183806466586,411.63638275448636,419.86911040957614,18940900
2021-08-26,419.8691101074219,428.101837756587,411.6363824582567,415.7527462828393,35092000
2021-08-27,423.9854736328125,432.2182012761681,415.7527459894569,419.8691098111347,32284300
2021-08-30,423.9854736328125,423.9854736328125,415.7527459894569,423.9854736328125,24887000
2021-08-31,436.3345642089844,436.3345642089844,415.7527451425228,423.98547276910745,35824500
2021-09-01,440.4508972167969,440.4508972167969,432.2181701660156,436.33453369140625,29489600
2021-09-02,428.1018371582031,440.45092861468976,419.8691095205454,440.45092861468976,21242400
2021-09-03,428.1018371582031,436.3345647958609,423.98547333937427,428.1018371582031,27648600
2021-09-06,428.1018371582031,428.1018371582031,415.75274570171655,428.1018371582031,20704700
2021-09-07,419.8691101074219,428.101837756587,411.6363824582567,428.101837756587,23510200
2021-09-08,419.8691101074219,423.9854739320044,415.7527462828393,415.7527462828393,28190800
2021-09-09,432.21820068359375,436.334564499628,419.86910923549107,419.86910923549107,34833000
2021-09-10,428.1018371582031,436.3345647958609,428.1018371582031,432.21820097703204,31011600
2021-09-13,428.1018371582031,432.21820097703204,419.8691095205454,428.1018371582031,28197000
2021-09-14,423.9854736328125,432.2182012761681,419.8691098111347,428.1018374544903,25161200
2021-09-15,419.8691101074219,423.9854739320044,415.7527462828393,423.9854739320044,29558000
2021-09-16,419.8691101074219,423.9854739320044,415.7527462828393,419.8691101074219,24462000
2021-09-17,415.75274658203125,423.98547423712097,411.63638275448636,423.98547423712097,18475800
2021-09-20,405.0502014160156,419.86911122391865,403.4036558818042,415.75274738839005,24103600
2021-09-21,405.0502014160156,406.69674695022707,403.4036558818042,405.0502014160156,11189000
2021-09-22,403.40362548828125,408.34326171875,403.40362548828125,405.0501708984375,14989600
2021-09-23,409.98980712890625,409.98980712890625,403.40362548828125,405.0501708984375,32002300
2021-09-24,411.6363830566406,419.8691107177734,408.3432919921875,409.98983752441404,36801100
2021-09-27,415.75274658203125,415.75274658203125,408.3432916924505,411.63638275448636,29796500
2021-09-28,440.4508972167969,440.4508972167969,409.98980712890625,415.7527160644531,57010400
2021-09-29,436.3345642089844,452.80001946215356,428.10183658239976,440.4509280222767,39870000
2021-09-30,444.5672607421875,448.6836242675781,428.101806640625,436.33453369140625,46975200
2021-10-01,456.9163818359375,473.3818370372326,444.5672904349662,444.5672904349662,55591900
2021-10-04,456.9163818359375,461.03274563626127,448.68365423528996,456.9163818359375,35154700
2021-10-05,489.8472900390625,489.84729003906256,456.9163797843356,456.9163797843356,54263300
2021-10-06,518.661865234375,568.0582333519345,489.8473171657986,489.8473171657986,123206000
2021-10-07,485.73089599609375,531.0108947753906,485.73089599609375,518.6618041992188,54202100
2021-10-08,493.9637145996094,498.08007888793946,461.0328002929688,485.73098602294925,54530000
2021-10-11,489.8472900390625,518.6618365119485,481.6145624753808,498.08001760274425,54056300
2021-10-12,493.9637145996094,498.08007888793946,485.73098602294925,489.84735031127934,27227500
2021-10-13,489.8472900390625,510.42910894826684,481.6145624753808,493.9636538209034,50028000
2021-10-14,502.1964111328125,514.5455032098489,489.8473190557761,489.8473190557761,51848300
2021-10-15,506.3127136230469,506.3127136230469,485.73089599609375,502.19635009765625,50172400
2021-10-18,502.1964111328125,510.4291391841701,498.0800471071337,510.4291391841701,42368100
2021-10-19,498.0799560546875,510.4290458742252,489.847229508329,502.1963193278667,42789400
2021-10-21,493.9637145996094,510.42917175292973,485.73098602294925,498.08007888793946,66115300
2021-10-22,493.9637145996094,493.9637145996094,473.381893157959,493.9637145996094,31517000
2021-10-25,489.8472900390625,502.1963813845851,477.49819869353996,493.9636538209034,63183200
2021-10-26,489.8472900390625,498.08001760274425,485.73092625722165,493.9636538209034,57736200
2021-10-27,477.4981994628906,493.9636546167834,477.4981994628906,493.9636546167834,22870400
2021-10-28,465.14910888671875,485.7309278640072,461.03274509126106,477.4982002730918,25102200
2021-10-29,477.4981994628906,481.61456325136385,452.80001673205146,465.14910809747107,36760100
2021-11-01,469.26544189453125,485.73089599609375,465.1490783691406,477.4981689453125,22740500
2021-11-02,481.61456298828125,493.96365434695514,465.14910784338275,469.26547162960736,39869000
2021-11-03,493.9637145996094,493.9637145996094,473.381893157959,481.61462173461916,31860300
2021-11-04,485.73089599609375,506.3127136230469,485.73089599609375,493.963623046875,34724400
2021-11-05,481.61456298828125,489.8472905607305,477.49819920205664,489.8472905607305,39645100
2021-11-08,493.9637145996094,498.08007888793946,473.381893157959,481.61462173461916,33301300
2021-11-09,473.3818054199219,498.0799865722656,473.3818054199219,493.963623046875,25995800
2021-11-10,473.3818054199219,477.4981689453125,465.1490783691406,477.4981689453125,37636700
2021-11-11,477.4981994628906,481.61456325136385,469.26547188594424,477.4981994628906,36160300
2021-11-12,477.4981994628906,489.84729082831024,473.38183567441746,477.4981994628906,34564200
2021-11-15,473.3818054199219,481.6145324707031,469.26544189453125,477.4981689453125,31466200
2021-11-16,481.61456298828125,489.8472905607305,469.26547162960736,473.381835415832,38998400
2021-11-17,477.4981994628906,485.730927039837,469.26547188594424,481.61456325136385,27415200
2021-11-18,489.8472900390625,489.84729003906256,473.38183491169906,477.49819869353996,26775000
2021-11-19,481.61456298828125,493.96365434695514,473.381835415832,489.8472905607305,33908300
2021-11-22,485.73089599609375,489.8472595214844,473.3818054199219,481.6145324707031,26396400
2021-11-23,481.61456298828125,489.8472905607305,481.61456298828125,485.73092677450586,31676600
2021-11-24,485.73089599609375,489.8472595214844,477.4981689453125,481.6145324707031,27974700
2021-11-25,493.9637145996094,498.08007888793946,481.61462173461916,485.73098602294925,38819400
2021-11-26,477.4981994628906,498.0800184052566,469.26547188594424,493.9636546167834,31274800
2021-11-29,452.79998779296875,477.4981689453125,448.6836242675781,477.4981689453125,22893000
2021-11-30,436.3345642089844,456.91638327544587,432.21820039569207,452.80001946215356,26116800
2021-12-01,423.9854736328125,440.4509289195237,415.7527459894569,436.3345650978459,23672200
2021-12-02,432.21820068359375,436.334564499628,411.63638160342265,423.98547305152533,40017700
2021-12-03,419.8691101074219,436.33456540575213,415.7527462828393,432.2182015811696,12215700
2021-12-06,411.6363830566406,436.3345660400391,409.98983752441404,419.8691107177734,59658300
2021-12-07,428.1018371582031,432.21820097703204,411.63638188288763,411.63638188288763,20328100
2021-12-08,419.8691101074219,432.2182015811696,415.7527462828393,428.101837756587,10128900
2021-12-09,415.75274658203125,423.98547423712097,411.63638275448636,423.98547423712097,25976300
2021-12-10,395.1709289550781,419.8691120147705,391.8778378804525,411.63638432820636,42547300
2021-12-13,400.1105651855469,406.6967473285188,395.1709285783179,395.1709285783179,26687200
2021-12-14,395.1709289550781,403.40365664164227,395.1709289550781,403.40365664164227,12860200
2021-12-15,393.5243835449219,400.1105656963013,393.5243835449219,395.17092908276675,19891200
2021-12-16,386.93817138671875,395.1708984375,385.2916259765625,393.52435302734375,11960000
2021-12-17,396.81744384765625,403.40362548828125,386.93817138671875,386.93817138671875,60648100
2021-12-20,388.5847473144531,400.11056609072926,386.9382017749851,398.4640205512613,11387200
2021-12-21,386.93817138671875,395.1708984375,386.93817138671875,388.584716796875,25466000
2021-12-22,390.2313232421875,395.1709602452531,388.58477757449896,388.58477757449896,19752500
2021-12-23,390.2313232421875,395.1709602452531,386.93823190681036,391.87786890987604,26046000
2021-12-24,390.2313232421875,393.5244145775646,386.93823190681036,390.2313232421875,28435100
2021-12-27,411.6363830566406,411.6363830566406,390.23129113769534,391.87783666992186,25354000
2021-12-28,411.6363830566406,419.8691107177734,406.69674645996093,415.752746887207,15651600
2021-12-29,401.757080078125,419.86907958984375,400.11053466796875,415.7527160644531,17932300
2021-12-30,411.6363830566406,419.8691107177734,400.1105643310547,401.75710986328124,27660000
2022-01-03,408.3432922363281,419.86911096880516,406.6967467031171,411.6363833027502,33040300
2022-01-04,409.98980712890625,419.86907958984375,408.34326171875,411.6363525390625,17097800
2022-01-05,403.40362548828125,419.86907958984375,398.4639892578125,409.98980712890625,24101000
2022-01-06,415.75274658203125,423.98547423712097,403.40365509939664,403.40365509939664,28781700
2022-01-07,436.3345642089844,436.3345642089844,415.7527451425228,415.7527451425228,38947000
2022-01-10,432.21820068359375,444.56729213169643,423.98547305152533,440.4509283156622,17562700
2022-01-11,432.21820068359375,436.334564499628,423.98547305152533,432.21820068359375,25368900
2022-01-12,423.9854736328125,440.4509289195237,415.7527459894569,432.2182012761681,25439600
2022-01-13,423.9854736328125,432.2182012761681,415.7527459894569,419.8691098111347,22616900
2022-01-14,436.3345642089844,440.4509280222767,419.86910895581514,423.98547276910745,25070000
2022-01-17,423.9854736328125,440.4509289195237,419.8691098111347,440.4509289195237,18250600
2022-01-18,419.8691101074219,432.2182015811696,411.6363824582567,423.9854739320044,16589200
2022-01-19,428.1018371582031,436.3345647958609,415.75274570171655,415.75274570171655,22567200
2022-01-20,432.21820068359375,436.334564499628,428.10183686755954,428.10183686755954,27471600
2022-01-21,423.9854736328125,440.4509289195237,423.9854736328125,432.2182012761681,14539300
2022-01-24,428.1018371582031,432.21820097703204,419.8691095205454,423.98547333937427,27822800
2022-01-25,423.9854736328125,436.3345650978459,419.8691098111347,432.2182012761681,29028100
2022-01-26,436.3345642089844,440.4509280222767,419.86910895581514,423.98547276910745,29324400
2022-01-27,423.9854736328125,440.4509289195237,423.9854736328125,436.3345650978459,18387300
2022-01-28,428.1018371582031,432.21820097703204,415.75274570171655,423.98547333937427,26653400
2022-01-31,493.9637145996094,493.9637145996094,428.1018859863281,432.2182502746582,69082300
2022-02-02,469.26544189453125,498.0799865722656,461.03271484375,493.963623046875,23445200
2022-02-03,461.0327453613281,473.38183675493514,448.6836539677211,465.1491091591971,27732600
2022-02-04,456.9163818359375,461.03274563626127,444.5672904349662,461.03274563626127,18373100
2022-02-07,473.3818054199219,489.8472595214844,456.9163513183594,456.9163513183594,37669500
2022-02-08,473.3818054199219,502.19635009765625,465.1490783691406,477.4981689453125,34919500
2022-02-09,465.14910888671875,477.4982002730918,456.9163812958034,473.3818364776341,24001200
2022-02-10,461.0327453613281,481.6145643506731,452.8000177655901,469.2654729570661,29530500
2022-02-11,477.4981994628906,481.61456325136385,456.9163805205247,461.03274430899785,19887100
2022-02-14,493.9637145996094,498.08007888793946,469.26552886962895,477.4982574462891,32404300
2022-02-15,510.4291076660156,514.5454714375157,485.73092503701486,493.96365258001515,31441300
2022-02-16,506.3127136230469,514.5454406738281,493.963623046875,510.4290771484375,26200300
2022-02-17,526.89453125,526.89453125,485.73089599609375,502.19635009765625,24787200
2022-02-18,526.89453125,539.2436218261719,514.5454406738281,522.7781677246094,26520500
2022-02-21,514.5454711914062,539.2436538085938,506.3127436523437,526.8945625,24322800
2022-02-22,498.0799560546875,522.7781356937629,489.847229508329,514.5454091474045,18455000
2022-02-23,531.0109252929688,535.1272890549297,502.19637895924177,510.42910648316376,25970700
2022-02-24,514.5454711914062,543.3600175781249,502.1963798828125,543.3600175781249,35871800
2022-02-25,514.5454711914062,531.0109262695313,510.429107421875,526.8945625,20038500
2022-03-01,543.3599853515625,551.5927124023438,518.6618041992188,526.89453125,26067000
2022-03-02,609.2218627929688,613.3382267307591,547.4764037261139,555.7091316016945,46480300
2022-03-04,613.3381958007812,633.9200144518142,596.8727408799549,613.3381958007812,32915700
2022-03-07,613.3381958007812,625.6872869914009,592.7563771497482,613.3381958007812,25572100
2022-03-08,580.4072875976562,625.6872887577571,572.1745601140016,613.338197532275,20572600
2022-03-09,588.6400146484375,596.872742126038,555.7091047380354,584.5236509096372,27984100
2022-03-10,580.4072875976562,596.8727425649656,547.4763776630374,596.8727425649656,19756500
2022-03-11,572.174560546875,592.7563792715828,572.174560546875,580.4072880367581,22244200
2022-03-14,555.7091674804688,580.4073527018229,555.7091674804688,572.1746242947048,22070600
2022-03-15,555.7091674804688,563.9418958875867,547.4764390733507,555.7091674804688,20834000
2022-03-16,559.825439453125,576.2908935546875,555.7090759277344,555.7090759277344,20660300
2022-03-17,563.9418334960938,580.4072884886805,559.8254697479471,568.0581972442404,21450600
2022-03-18,559.825439453125,576.2908935546875,539.2436218261719,576.2908935546875,23469800
2022-03-21,535.1272583007812,563.9418029785156,535.1272583007812,559.825439453125,16596100
2022-03-22,563.9418334960938,563.9418334960938,514.5454685183337,522.778196014627,25646200
2022-03-23,572.174560546875,576.2909242918165,559.8254693120504,568.0581968019335,26220000
2022-03-24,559.825439453125,580.4072570800781,555.7090759277344,572.1745300292969,20662200
2022-03-25,568.0581665039062,576.2908935546875,559.825439453125,559.825439453125,25021500
2022-03-28,547.4763793945312,576.290925678454,539.2436518848391,568.0581981687617,24330100
2022-03-29,522.7782592773438,555.7091732475701,522.7782592773438,555.7091732475701,27835800
2022-03-30,543.3599853515625,543.3599853515625,522.7781677246094,526.89453125,26994100
2022-03-31,526.89453125,547.4763488769531,526.89453125,543.3599853515625,11167800
2022-04-01,522.7782592773438,559.8255374938484,518.6618950310655,559.8255374938484,18703600
2022-04-04,539.24365234375,543.3600161020993,522.7781973103531,522.7781973103531,23977900
2022-04-05,543.3599853515625,543.3599853515625,526.89453125,539.2436218261719,25178000
2022-04-06,526.89453125,547.4763488769531,522.7781677246094,547.4763488769531,25676200
2022-04-07,506.3127136230469,535.1272583007812,498.0799865722656,531.0108947753906,24052200
2022-04-08,526.89453125,535.1272583007812,502.19635009765625,506.3127136230469,15804000
2022-04-11,531.0109252929688,539.2436528168907,522.7781977690468,526.8945615310078,22569700
2022-04-12,563.9418334960938,563.9418334960938,514.5454685183337,531.0109235109204,32686000
2022-04-13,555.7091674804688,576.2909884982638,551.5928032769096,568.0582600911458,24641000
2022-04-14,551.5927734375,568.0582293610075,543.3600454757463,559.8255013992538,22450100
2022-04-18,559.825439453125,588.6399841308594,555.7090759277344,555.7090759277344,24951800
2022-04-19,543.3599853515625,572.1745300292969,535.1272583007812,559.825439453125,18469500
2022-04-20,518.661865234375,551.592777312748,518.661865234375,539.2436852833581,27129400
2022-04-21,535.1272583007812,539.2436218261719,518.6618041992188,518.6618041992188,24216700
2022-04-22,531.0109252929688,539.2436528168907,518.6618340070858,535.1272890549297,23666000
2022-04-25,498.0799560546875,518.6617724205837,493.9635927815083,518.6617724205837,16533900
2022-04-26,510.4291076660156,514.5454714375157,477.4981974940146,498.08001635151527,23729600
2022-04-27,510.4291076660156,522.778198980516,506.3127438945155,510.4291076660156,16985700
2022-04-28,498.0799560546875,502.1963193278667,477.4981396887913,477.4981396887913,31004400
2022-05-09,498.08001708984375,515.1083937424879,485.3087346003606,506.59420541616583,23046300
2022-05-10,468.2803649902344,498.08002458052204,464.02327076305045,498.08002458052204,23594300
2022-05-11,468.2803649902344,485.3087418989702,468.2803649902344,472.53745921741836,24337000
2022-05-12,459.7661437988281,476.79451949508103,446.99486202663843,476.79451949508103,19486300
2022-05-13,464.0232849121094,472.537473626093,446.99490748414206,459.76619055511753,24791600
2022-05-17,468.2803649902344,485.3087418989702,446.9948938543146,468.2803649902344,23396500
2022-05-18,455.5090637207031,481.05162804149023,455.5090637207031,481.05162804149023,10530300
2022-05-19,476.7945861816406,489.5658697400774,451.252019064767,455.50911358424594,18874700
2022-05-20,510.8513488769531,515.1084434509277,485.3087814331054,498.0800651550293,27784000
2022-05-23,489.5658264160156,523.6225795579993,485.30873227326765,515.1083912725034,14987600
2022-05-24,485.3087158203125,493.82290381716007,476.7945278234649,493.82290381716007,16490100
2022-05-25,476.7945861816406,489.5658697400774,472.53749166216164,485.3087752205985,16064900
2022-05-27,476.7945861816406,493.82296425955633,476.7945861816406,476.7945861816406,16272800
2022-05-30,476.7945861816406,481.05168070111955,468.2803971426827,481.05168070111955,15126800
2022-05-31,472.5374450683594,481.05163326778927,464.0232568689295,476.7945391680743,21959200
2022-06-02,481.0516357421875,481.0516357421875,472.53744749896293,472.53744749896293,24975200
2022-06-03,472.5374450683594,489.56582146721917,472.5374450683594,485.3087273675042,18586300
2022-06-06,472.5374450683594,485.3087273675042,468.2803509686444,472.5374450683594,12806100
2022-06-07,468.2803649902344,476.7945534446023,464.02327076305045,472.53745921741836,19180600
2022-06-08,472.5374450683594,476.7945391680743,464.0232568689295,472.5374450683594,19056600
2022-06-09,472.5374450683594,472.5374450683594,464.0232568689295,472.5374450683594,13718000
2022-06-10,451.25201416015625,472.53748652620135,446.9949196869472,468.2803920529923,21028100
2022-06-13,442.7378234863281,446.99491794292743,425.7094456599309,434.2236345731295,19351800
2022-06-14,438.480712890625,446.99490149044294,429.96652429080706,442.737807190534,13086100
2022-06-15,424.006591796875,438.4807124003828,424.006591796875,438.4807124003828,6940400
2022-06-16,425.7094421386719,434.22363098144535,424.0066043701172,424.0066043701172,21183400
2022-06-17,417.1952209472656,429.96650322116153,410.38387040118783,425.7094091298629,37064300
2022-06-20,424.006591796875,424.006591796875,417.19524092463604,417.19524092463604,32947300
2022-06-21,438.480712890625,442.737807190534,424.00659227093445,425.70942999089806,36461900
2022-06-22,424.006591796875,446.99490099068146,422.30375407881525,446.99490099068146,26554500
2022-06-23,429.9665222167969,429.9665222167969,417.1952393786742,424.006590225673,18894600
2022-06-24,415.49237060546875,434.22358403440387,415.49237060546875,429.9664900732822,17339500
2022-06-27,415.49237060546875,420.6008833588147,412.0866954365715,418.89804577436604,22634400
2022-06-28,413.78955078125,417.195226096322,410.383875466178,417.195226096322,19898700
2022-06-29,415.49237060546875,424.006558527712,413.78953302102013,413.78953302102013,26771800
2022-06-30,420.6009216308594,424.00659710965175,412.0867329338784,413.7895706732746,27003900
2022-07-01,417.1952209472656,422.30373385682395,417.1952209472656,422.30373385682395,21149200
2022-07-04,403.5725402832031,418.8980797876286,400.1668648377753,418.8980797876286,18285200
2022-07-05,417.1952209472656,420.60089622030455,401.8696822185906,401.8696822185906,25462800
2022-07-06,406.97821044921875,415.49239895234047,405.2753727485944,415.49239895234047,16859400
2022-07-07,406.97821044921875,410.38388585046744,403.57253504797006,410.38388585046744,25351500
2022-07-08,424.006591796875,429.9665238100841,408.6810523343373,410.3838900523971,25156500
2022-07-11,424.006591796875,438.4807124003828,418.8980786426958,425.70942951493475,20046100
2022-07-12,417.1952209472656,429.96650322116153,412.0867080377073,425.7094091298629,13710700
2022-07-13,406.97821044921875,417.1952366529648,406.97821044921875,417.1952366529648,16635800
2022-07-14,400.1668395996094,406.97819006087934,400.1668395996094,406.97819006087934,14705000
2022-07-15,398.4639892578125,403.572501940605,396.76115169688165,403.572501940605,10948000
2022-07-18,420.6009216308594,422.30375937025553,400.16686875810507,405.27538197629366,32073200
2022-07-19,425.7094421386719,438.48072540283204,420.60092883300786,425.7094421386719,20494600
2022-07-20,425.7094421386719,434.22363098144535,422.30376660156253,429.9665365600586,22936800
2022-07-21,429.9665222167969,434.22361649617113,420.6009148021736,425.7094279374227,26415000
2022-07-22,446.994873046875,446.994873046875,425.7094029017857,429.9664969308036,20901000
2022-07-25,434.2236022949219,446.9948847153608,429.9665081547756,446.9948847153608,16431700
2022-07-26,434.2236022949219,442.7377905752145,429.9665081547756,434.2236022949219,19624700
2022-07-27,442.7378234863281,446.99491794292743,434.2236345731295,434.2236345731295,21553600
2022-07-28,446.994873046875,455.5090611049107,438.4806849888393,446.994873046875,23678500
2022-07-29,451.25201416015625,464.0232975797833,451.25201416015625,455.50910863336526,28445800
2022-08-01,455.5090637207031,472.5374399345612,451.2519696672386,459.76615777416765,23086000
2022-08-02,438.480712890625,459.7661843901699,438.480712890625,455.50909009026094,21124500
2022-08-03,451.25201416015625,455.50910863336526,438.48073074052917,446.9949196869472,16941800
2022-08-04,446.994873046875,455.5090611049107,442.7377790178571,451.2519670758929,24956600
2022-08-05,451.25201416015625,455.50910863336526,438.48073074052917,451.25201416015625,24323900
2022-08-08,455.5090637207031,459.76615777416765,442.7377815603096,451.2519696672386,24159600
2022-08-09,446.994873046875,459.7661551339286,446.994873046875,459.7661551339286,20302300
2022-08-10,455.5090637207031,459.76615777416765,446.99487561377407,446.99487561377407,24557100
2022-08-11,451.25201416015625,459.76620310657427,446.9949196869472,455.50910863336526,22066700
2022-08-12,455.5090637207031,459.76615777416765,446.99487561377407,455.5090637207031,14335400
2022-08-15,455.5090637207031,459.76615777416765,446.99487561377407,455.5090637207031,21117700
2022-08-16,451.25201416015625,455.50910863336526,446.9949196869472,455.50910863336526,17057500
2022-08-18,434.2236022949219,455.50907299565336,434.2236022949219,451.25197885550705,18684500
2022-08-19,451.25201416015625,455.50910863336526,425.7094473209021,434.22363626732016,29020200
2022-08-22,451.25201416015625,455.50910863336526,438.48073074052917,451.25201416015625,23078200
2022-08-23,446.994873046875,451.2519670758929,438.4806849888393,438.4806849888393,20819400
2022-08-24,455.5090637207031,455.5090637207031,442.7377815603096,451.2519696672386,23599200
2022-08-25,455.5090637207031,459.76615777416765,451.2519696672386,455.5090637207031,25344900
2022-08-26,459.7661437988281,464.02323772289134,446.99486202663843,455.5090498747649,21008200
2022-08-29,442.7378234863281,451.25201239952673,438.4807290297288,446.99491794292743,17909500
2022-08-30,438.480712890625,446.99490149044294,438.480712890625,446.99490149044294,19029700
2022-08-31,429.9665222167969,442.7378050549196,425.7094279374227,438.48071077554533,19526200
2022-09-01,438.480712890625,438.480712890625,425.70942999089806,434.223618590716,21201800
2022-09-02,422.3037414550781,438.4806992930751,417.1952284536054,438.4806992930751,21054200
2022-09-05,424.006591796875,429.9665238100841,417.19524092463604,422.30375407881525,23687100
2022-09-06,429.9665222167969,429.9665222167969,422.3037525139233,424.006590225673,14737000
2022-09-07,417.1952209472656,429.96650322116153,415.49238331074616,429.96650322116153,20439500
2022-09-08,410.3838806152344,420.6009066886427,410.3838806152344,417.19523133083993,10188400
2022-09-09,408.6810607910156,417.1952495574951,406.9782230377197,413.78957405090335,23651400
2022-09-12,422.3037414550781,424.00657912223573,408.68104011781753,408.68104011781753,24126800
2022-09-13,425.7094421386719,434.22363098144535,422.30376660156253,425.7094421386719,15818300
2022-09-14,434.2236022949219,434.2236022949219,420.60090104645377,425.7094140146293,19689100
2022-09-15,425.7094421386719,434.22363098144535,425.7094421386719,434.22363098144535,13155800
2022-09-16,424.006591796875,434.2236181052334,418.8980786426958,429.9665238100841,18444100
2022-09-19,418.8980712890625,429.9665162621475,418.8980712890625,424.00658435356326,15776500
2022-09-20,417.1952209472656,422.30373385682395,413.7895456742267,418.8980585837851,19665000
2022-09-21,417.1952209472656,420.60089622030455,412.0867080377073,417.1952209472656,27256600
2022-09-22,424.006591796875,425.70942951493475,413.7895654885166,422.30375407881525,26009100
2022-09-23,424.006591796875,425.70942951493475,418.8980786426958,425.70942951493475,22245700
2022-09-26,418.8980712890625,425.7094220417302,410.38388284822787,424.00658435356326,12757400
2022-09-27,410.3838806152344,418.89806900974133,408.681042936333,418.89806900974133,19993500
2022-09-28,410.3838806152344,415.4923936519385,408.681042936333,412.0867182941358,19072000
2022-09-29,415.49237060546875,417.1952081899174,408.6810202676742,410.38385785212284,29595600
2022-09-30,412.08673095703125,417.19524415071345,406.97821776334905,417.19524415071345,23233400
2022-10-03,422.3037414550781,424.00657912223573,410.38387778497514,413.78955311929025,18790300
2022-10-04,424.006591796875,429.9665238100841,418.8980786426958,424.006591796875,17535100
2022-10-05,425.7094421386719,434.22363098144535,424.0066043701172,434.22363098144535,20811800
2022-10-06,429.9665222167969,434.22361649617113,425.7094279374227,429.9665222167969,15346600
2022-10-07,429.9665222167969,434.22361649617113,424.006590225673,434.22361649617113,19915400
2022-10-10,434.2236022949219,438.4806964350682,422.30373870251225,429.9665081547756,20392800
2022-10-11,420.6009216308594,438.4807178945194,420.6009216308594,434.2236235460289,16940000
2022-10-12,415.49237060546875,422.30372094326333,410.38385785212284,420.6008833588147,21027300
2022-10-13,412.08673095703125,418.89808188194087,412.08673095703125,415.4924064194861,11825100
2022-10-14,412.08673095703125,418.89808188194087,408.68105549457647,412.08673095703125,11715500
2022-10-17,412.08673095703125,415.4924064194861,403.57254230089427,412.08673095703125,11697500
2022-10-18,405.2753601074219,413.78954834497273,403.5725224599117,412.08671069746254,11418900
2022-10-19,424.006591796875,425.70942951493475,406.9782146162776,406.9782146162776,18624800
2022-10-20,459.7661437988281,459.7661437988281,424.00655483669703,425.7093924063223,44868100
2022-10-21,438.480712890625,459.7661843901699,438.480712890625,459.7661843901699,16858700
2022-10-24,425.7094421386719,446.9949142456055,425.7094421386719,438.48072540283204,10576300
2022-10-25,434.2236022949219,442.7377905752145,425.7094140146293,425.7094140146293,14802000
2022-10-26,459.7661437988281,493.8228951913339,451.25195595070164,459.7661437988281,61364100
2022-10-27,472.5374450683594,481.05163326778927,459.76616276921453,464.0232568689295,41253100
2022-10-28,472.5374450683594,485.3087273675042,468.2803509686444,485.3087273675042,17913500
2022-10-31,472.5374450683594,481.05163326778927,468.2803509686444,476.7945391680743,20066100
2022-11-01,476.7945861816406,476.7945861816406,468.2803971426827,472.53749166216164,17125900
2022-11-02,493.82293701171875,498.08003129630254,472.5374655887998,476.7945598733836,24444000
2022-11-03,506.5942077636719,506.5942077636719,485.3087368492319,493.82292521500784,27588600
2022-11-04,502.33709716796875,510.8512852555615,493.82290908037606,510.8512852555615,17984000
2022-11-07,523.62255859375,523.62255859375,502.3370887322155,506.5941827045224,32293200
2022-11-08,527.8796997070312,527.8796997070312,515.1084166496031,523.6226053545552,23637300
2022-11-09,515.1083374023438,532.1367121925039,502.33705630972366,527.8796184949638,27078000
2022-11-10,510.8513488769531,515.1084434509277,498.0800651550293,515.1084434509277,23378900
2022-11-11,510.8513488769531,519.3655380249023,506.59425430297847,510.85134887695307,22881100
2022-11-14,523.62255859375,523.62255859375,506.5941827045224,515.1083706491362,25661900
2022-11-15,498.08001708984375,523.6225820688101,498.08001708984375,523.6225820688101,15943300
2022-11-16,510.8513488769531,510.85134887695307,493.8229705810547,498.0800651550293,19030300
2022-11-17,502.33709716796875,510.8512852555615,493.82290908037606,510.8512852555615,16599400
2022-11-18,502.33709716796875,510.8512852555615,493.82290908037606,502.3370971679688,14665300
2022-11-21,515.1083374023438,515.1083374023438,493.8228689146436,502.33705630972366,22319200
2022-11-22,510.8513488769531,519.3655380249023,510.85134887695307,515.1084434509277,30298200
2022-11-23,515.1083374023438,519.3654310998837,506.5941500072637,515.1083374023438,26887200
2022-11-24,506.5942077636719,523.6225844952238,506.5942077636719,515.1083961294479,24118600
2022-11-25,510.8513488769531,515.1084434509277,502.3371597290039,506.59425430297847,23740200
2022-11-28,519.365478515625,523.6225726018187,510.8512903432377,515.1083844294313,26322600
2022-11-29,519.365478515625,523.6225726018187,515.1083844294313,519.365478515625,33048600
2022-11-30,519.365478515625,527.8796666880123,519.365478515625,519.365478515625,26612500
2022-12-01,527.8796997070312,527.8796997070312,515.1084166496031,519.3655110020792,23834200
2022-12-02,515.1083374023438,532.1367121925039,510.8512437048037,527.8796184949638,11088400
2022-12-05,502.33709716796875,519.3654733431541,493.82290908037606,515.1083792993578,20268000
2022-12-06,519.365478515625,519.365478515625,502.3371021708504,502.3371021708504,19273700
2022-12-07,519.365478515625,523.6225726018187,510.8512903432377,519.365478515625,19032500
2022-12-08,544.9080200195312,553.4222078323364,515.1083626747131,519.3654565811157,28596100
2022-12-09,527.8796997070312,544.9080771169355,515.1084166496031,544.9080771169355,18612700
2022-12-12,527.8796997070312,532.1367940595073,515.1084166496031,527.8796997070312,21743700
2022-12-13,527.8796997070312,532.1367940595073,515.1084166496031,532.1367940595073,21003500
2022-12-14,519.365478515625,532.1367607742059,515.1083844294313,515.1083844294313,21119300
2022-12-15,510.8513488769531,527.8797271728515,506.59425430297847,519.3655380249023,23120000
2022-12-16,510.8513488769531,519.3655380249023,502.3371597290039,510.85134887695307,20824000
2022-12-19,527.8796997070312,527.8796997070312,510.851322297127,515.1084166496031,19919400
2022-12-20,523.62255859375,532.1367465383638,515.1083706491362,527.879652566057,15934300
2022-12-21,523.62255859375,532.1367465383638,515.1083706491362,527.879652566057,19711500
2022-12-22,515.1083374023438,527.8796184949638,506.5941500072637,523.6225247974238,18250100
2022-12-23,519.365478515625,523.6225726018187,510.8512903432377,515.1083844294313,19604600
2022-12-26,523.62255859375,527.879652566057,515.1083706491362,515.1083706491362,15653400
2022-12-27,519.365478515625,523.6225726018187,510.8512903432377,519.365478515625,13856900
2022-12-28,515.1083374023438,523.6225247974238,506.5941500072637,519.3654310998837,9314000
2022-12-29,510.8513488769531,515.1084434509277,502.3371597290039,515.1084434509277,11219600
2022-12-30,510.8513488769531,515.1084434509277,506.59425430297847,510.85134887695307,16789700
2023-01-02,519.365478515625,519.365478515625,510.8512903432377,510.8512903432377,16640700
2023-01-03,519.365478515625,523.6225726018187,515.1083844294313,519.365478515625,8526400
2023-01-04,532.1367797851562,540.6509682617187,515.1084028320313,519.3654970703125,20564400
2023-01-05,515.1083374023438,536.3938058900438,510.8512437048037,532.1367121925039,25433900
2023-01-06,544.9080200195312,544.9080200195312,515.1083626747131,515.1083626747131,27469800
2023-01-09,540.6510009765625,553.4222844641979,536.3939064806841,544.908095472441,17600000
2023-01-10,540.6510009765625,549.1651899683194,527.8797174889272,540.6510009765625,18207600
2023-01-11,557.6793212890625,561.9364153447042,536.3938510108541,544.9080391221374,17095900
2023-01-12,536.3939208984375,557.6793939499628,532.1368262881324,557.6793939499628,16284100
2023-01-13,557.6793212890625,561.9364153447042,536.3938510108541,536.3938510108541,15673300
2023-01-16,557.6793212890625,566.1935094003459,549.1651331777791,553.4222272334208,13689200
2023-01-17,544.9080200195312,566.1934895515442,544.9080200195312,566.1934895515442,20027800
2023-01-18,557.6793212890625,561.9364153447042,527.8796628995706,544.9080391221374,18902100
2023-01-19,557.6793212890625,566.1935094003459,544.9080391221374,566.1935094003459,20648900
2023-01-20,553.4222412109375,557.6793353740985,544.9080528846154,553.4222412109375,16747700
2023-01-24,553.4222412109375,557.6793353740985,540.6509587214543,553.4222412109375,19398600
2023-01-25,566.1935424804688,566.1935424804688,549.165165263011,553.4222595673755,21162500
2023-01-26,561.9364013671875,570.4505892666904,553.4222134676846,566.1934953169389,16274500
2023-01-27,553.4222412109375,566.1935237004207,553.4222412109375,561.9364295372596,25403800
2023-01-30,570.4506225585938,578.9648109549906,557.6793399639984,557.6793399639984,32388900
2023-01-31,578.9647827148438,583.2218767053942,566.1935007431928,570.4505947337432,27446700
2023-02-01,570.4506225585938,578.9648109549906,561.9364341621967,578.9648109549906,35583000
2023-02-02,574.707763671875,578.9648582175926,561.9364800347222,570.4506691261574,42777500
2023-02-03,561.9364013671875,574.7076832164418,553.4222134676846,574.7076832164418,28660600
2023-02-06,570.4506225585938,578.9648109549906,557.6793399639984,561.9364341621967,45135300
2023-02-07,570.4506225585938,574.7077167567921,561.9364341621967,566.1935283603952,42102300
2023-02-08,574.707763671875,578.9648582175926,566.1935745804398,570.4506691261574,50204900
2023-02-09,566.1935424804688,578.964825393562,557.6793538717399,574.7077310891976,35575300
2023-02-10,557.6793212890625,570.4506034559876,544.9080391221374,566.1935094003459,24541500
2023-02-13,574.707763671875,574.707763671875,544.9081018518518,553.422290943287,32925100
2023-02-14,574.707763671875,583.2219527633101,561.9364800347222,578.9648582175926,37990800
2023-02-15,561.9364013671875,578.9647771661931,557.6793074174361,578.9647771661931,29080500
2023-02-16,561.9364013671875,566.1934953169389,549.1651195179332,561.9364013671875,38644200
2023-02-17,574.707763671875,583.2219527633101,561.9364800347222,561.9364800347222,41686700
2023-02-20,578.9647827148438,587.4789706959444,570.4505947337432,574.7076887242935,39866300
2023-02-21,570.4506225585938,587.4789993513875,566.1935283603952,587.4789993513875,32819700
2023-02-22,553.4222412109375,570.4506178635817,544.9080528846154,570.4506178635817,38986100
2023-02-23,566.1935424804688,570.4506367848331,553.4222595673755,553.4222595673755,49287800
2023-02-24,570.4506225585938,578.9648109549906,566.1935283603952,566.1935283603952,46654500
2023-02-27,566.1935424804688,578.964825393562,561.9364481761044,570.4506367848331,39253000
2023-02-28,566.1935424804688,574.7077310891976,553.4222595673755,570.4506367848331,31765200
2023-03-01,566.1935424804688,578.964825393562,561.9364481761044,566.1935424804688,40567200
2023-03-02,566.1935424804688,574.7077310891976,557.6793538717399,570.4506367848331,31576500
2023-03-03,587.4789428710938,587.4789428710938,557.679286348647,566.1934739264889,36785900
2023-03-06,574.707763671875,595.9932364004629,574.707763671875,587.4790473090277,37393400
2023-03-07,583.221923828125,587.4790181626369,574.7077351591013,574.7077351591013,47774900
2023-03-08,574.707763671875,587.4790473090277,566.1935745804398,587.4790473090277,37297200
2023-03-09,578.9647827148438,587.4789706959444,574.7076887242935,574.7076887242935,39353900
2023-03-10,574.707763671875,587.4790473090277,566.1935745804398,578.9648582175926,30970600
2023-03-13,561.9364013671875,583.2218711159446,553.4222134676846,570.4505892666904,25555600
2023-03-14,544.9080200195312,557.679301738739,540.6509261131287,553.4222078323364,23595600
2023-03-15,570.4506225585938,570.4506225585938,540.6509631712045,544.908057369403,39736100
2023-03-16,574.707763671875,578.9648582175926,557.6793854890046,570.4506691261574,37546800
2023-03-17,587.4789428710938,587.4789428710938,561.936380137568,574.7076615043309,40718300
2023-03-20,583.221923828125,587.4790181626369,566.1935464900776,587.4790181626369,37417800
2023-03-21,587.4789428710938,595.9931304489357,578.9647552932519,583.2218490821728,36588700
2023-03-24,591.736083984375,600.250272243143,578.964801596223,587.478989854991,35423400
2023-03-27,617.2786254882812,621.5357194571659,587.4789677060884,595.9931556438578,49097600
2023-03-28,600.2503051757812,617.2786826275765,595.9932108128324,617.2786826275765,37923800
2023-03-29,591.736083984375,608.7644605019109,591.736083984375,604.5073663725269,42072600
2023-03-30,587.4789428710938,600.2502242378566,583.2218490821728,587.4789428710938,37451000
2023-03-31,604.5073852539062,604.5073852539062,583.221913942149,583.221913942149,45251700
2023-04-03,595.9932250976562,608.764508492606,587.4790361676897,604.5074140276228,39791000
2023-04-04,604.5073852539062,604.5073852539062,587.4790082045005,600.2502909915548,50603800
2023-04-05,583.221923828125,608.7644898351962,578.9648294936131,595.9932068316606,41452600
2023-04-06,583.221923828125,591.7361124971487,578.9648294936131,583.221923828125,46568100
2023-04-10,587.4789428710938,591.7360366600147,570.4505677154099,583.2218490821728,45856500
2023-04-11,587.4789428710938,587.4789428710938,574.7076615043309,587.4789428710938,44438800
2023-04-12,600.2503051757812,617.2786826275765,583.221927723986,587.4790220869348,51404000
2023-04-13,595.9932250976562,608.764508492606,591.7361306326729,600.2503195626394,46198400
2023-04-14,600.2503051757812,608.7644939016789,591.7361164498836,591.7361164498836,45865300
2023-04-17,595.9932250976562,608.764508492606,583.2219417027064,600.2503195626394,38102700
2023-04-18,595.9932250976562,604.5074140276228,587.4790361676897,595.9932250976562,41314400
2023-04-26,570.4506225585938,595.9931877477845,561.9364341621967,595.9931877477845,27404200
2023-04-27,544.9080200195312,570.4505834579468,540.6509261131287,566.1934895515442,18411500
2023-04-28,527.8796997070312,553.4222658218875,519.3655110020792,544.9080771169355,15625400
2023-05-02,532.1367797851562,540.6509682617187,515.1084028320313,527.879685546875,50706600
2023-05-03,515.1083374023438,540.6508995875839,506.5941500072637,536.3938058900438,22029600
2023-05-04,510.8513488769531,523.622632598877,506.59425430297847,515.1084434509277,17748400
2023-05-05,519.365478515625,519.365478515625,498.08000808465675,506.594196257044,35638400
2023-05-08,506.5942077636719,532.1367728609998,498.08001939789585,527.8796786781119,14010800
2023-05-09,498.08001708984375,510.8512995793269,489.5658287635216,506.59420541616583,13538300
2023-05-10,498.08001708984375,502.3371112530048,489.5658287635216,498.08001708984375,11243200
2023-05-11,489.5658264160156,506.59420298700746,485.30873227326765,498.0800147015116,18058800
2023-05-12,485.3087158203125,493.82290381716007,481.0516218218887,489.5658098187363,13495100
2023-05-15,493.82293701171875,506.5942198654701,485.3087484425512,485.3087484425512,38330200
2023-05-16,493.82293701171875,502.3371255808863,489.56584272713496,493.82293701171875,35331100
2023-05-17,506.5942077636719,510.85130194655983,489.5658310321199,498.08001939789585,53216200
2023-05-19,493.82293701171875,510.8513141500539,481.0516541579674,510.8513141500539,9844000
2023-05-22,485.3087158203125,502.3370918140077,476.7945278234649,476.7945278234649,33485600
2023-05-23,485.3087158203125,493.82290381716007,476.7945278234649,485.3087158203125,55379500
2023-05-24,481.0516357421875,493.82291810702435,472.53744749896293,485.3087298637998,23981200
2023-05-25,493.82293701171875,493.82293701171875,472.5374655887998,481.0516541579674,51831200
2023-05-26,481.0516357421875,502.3371063502489,472.53744749896293,476.7945416205752,20758700
2023-05-29,481.0516357421875,489.56582398541207,472.53744749896293,489.56582398541207,50101900
2023-05-30,493.82293701171875,506.5942198654701,476.7945598733836,481.0516541579674,56314900
2023-05-31,485.3087158203125,506.5941858124315,472.5374338250411,493.82290381716007,19589600
2023-06-05,455.5090637207031,489.56581614841923,455.5090637207031,485.30872209495476,15276000
2023-06-06,472.5374450683594,476.7945391680743,451.25197456978464,459.76616276921453,49653600
2023-06-07,468.2803649902344,485.3087418989702,459.7661765358665,472.53745921741836,27998400
2023-06-08,481.0516357421875,485.3087298637998,464.02325925573837,472.53744749896293,41885400
2023-06-09,476.7945861816406,489.5658697400774,468.2803971426827,485.3087752205985,35375600
2023-06-12,481.0516357421875,489.56582398541207,472.53744749896293,476.7945416205752,28748800
2023-06-13,472.5374450683594,485.3087273675042,472.5374450683594,481.05163326778927,26558300
2023-06-14,481.0516357421875,481.0516357421875,472.53744749896293,476.7945416205752,42576900
2023-06-15,476.7945861816406,481.05168070111955,468.2803971426827,481.05168070111955,36491800
2023-06-16,472.5374450683594,476.7945391680743,468.2803509686444,476.7945391680743,25585700
2023-06-19,495.0392761230469,495.0392761230469,472.53749084472656,486.03856201171874,28650900
2023-06-20,495.0392761230469,495.0392761230469,481.5382049560547,495.0392761230469,15162300
2023-06-21,490.53887939453125,495.0392360862242,481.53816601114534,495.0392360862242,15542500
2023-06-22,477.0378723144531,490.53894417240934,472.53751502846774,490.53894417240934,28628800
2023-06-23,477.0378723144531,481.5382296004385,468.0371577424823,477.0378723144531,55168000
2023-06-26,481.53814697265625,481.53814697265625,472.53743394513,477.0377904588931,39120000
2023-06-27,481.53814697265625,486.03850348641936,472.53743394513,481.53814697265625,52080000
2023-07-03,499.5395812988281,499.5395812988281,481.53815494571717,481.53815494571717,37331500
2023-07-04,499.5395812988281,513.0406510636614,495.0392247105504,504.03993788710585,22697700
2023-07-05,513.0407104492188,517.5410675584225,495.03928201240404,504.03999623081137,36396100
2023-07-06,508.5403747558594,517.5410893533083,495.03930285968613,513.0407320545838,39668600
2023-07-07,517.541015625,531.042085597826,504.0399456521739,508.5403023097826,43591600
2023-07-10,535.54248046875,540.042837447479,513.040695575105,522.041409532563,60367400
2023-07-11,558.0442504882812,562.5446073470578,526.541752476846,531.0421093356225,70608200
2023-07-12,549.0435180664062,567.0449448882556,544.5431613609438,567.0449448882556,47394000
2023-07-13,540.0428466796875,558.0442749023438,531.0421325683594,549.0435607910157,44173800
2023-07-14,544.5431518554688,549.0435084823735,526.5417253478499,540.042795228564,54404500
2023-07-17,540.0428466796875,553.5439178466797,531.0421325683594,544.5432037353515,50749400
2023-07-18,549.0435180664062,553.5438747718686,531.0420912445568,540.0428046554815,53908400
2023-07-20,562.5446166992188,562.5446166992188,549.0435458984375,553.5439028320312,35563300
2023-07-21,585.04638671875,589.5467435396635,558.0442457932692,562.5446026141827,70812700
2023-07-24,576.0455932617188,594.0470180511475,571.5452370643616,585.0463056564331,50728400
2023-07-25,576.0455932617188,594.0470180511475,576.0455932617188,580.5459494590759,56797100
2023-07-26,558.0442504882812,576.0456779233871,553.5438936295049,576.0456779233871,41159300
2023-07-27,562.5446166992188,567.0449736328125,553.5439028320312,558.0442597656249,41721000
2023-07-28,553.5438842773438,567.0449546255717,540.0428139291158,562.544597842829,40687700
2023-07-31,526.541748046875,553.5438889723557,517.5410344050481,549.0435321514423,26659100
2023-08-01,517.541015625,526.5417289402174,504.0399456521739,522.0413722826087,39601700
2023-08-02,526.541748046875,531.0421048677885,513.0406775841346,517.5410344050481,47324900
2023-08-03,526.541748046875,535.5424616887019,513.0406775841346,526.541748046875,38866500
2023-08-04,544.5431518554688,544.5431518554688,522.0413687209452,531.0420819747546,45196400
2023-08-07,540.0428466796875,549.0435607910157,531.0421325683594,544.5432037353515,48522600
2023-08-08,526.541748046875,544.5431753305288,522.0413912259615,540.0428185096154,28299800
2023-08-09,522.0413818359375,535.5424520558324,522.0413818359375,526.5417385759025,39397600
2023-08-10,535.54248046875,535.54248046875,526.541766511292,526.541766511292,37735600
2023-08-11,531.0421142578125,540.0428280587923,522.0414004568327,535.5424711583024,22338700
2023-08-14,535.54248046875,535.54248046875,522.041409532563,531.042123490021,26055600
2023-08-15,531.0421142578125,535.5424711583024,526.5417573573226,535.5424711583024,34169700
2023-08-16,526.541748046875,535.5424616887019,517.5410344050481,531.0421048677885,23501300
2023-08-18,540.0428466796875,544.5432037353515,522.0414184570312,526.5417755126954,47672700
2023-08-21,535.54248046875,540.042837447479,531.042123490021,540.042837447479,18767400
2023-08-22,558.0442504882812,562.5446073470578,535.542466194399,535.542466194399,74095300
2023-08-23,549.0435180664062,567.0449448882556,544.5431613609438,562.5445881827933,47400200
2023-08-24,549.0435180664062,553.5438747718686,531.0420912445568,553.5438747718686,42724400
2023-08-25,544.5431518554688,549.0435084823735,535.5424386016593,549.0435084823735,42097900
2023-08-28,553.5438842773438,553.5438842773438,540.0428139291158,553.5438842773438,43144300
2023-08-29,531.0421142578125,558.0442556607521,526.5417573573226,553.5438987602622,28492200
2023-08-30,522.0413818359375,535.5424520558324,513.0406683560076,531.0420953158674,23725700
2023-08-31,535.54248046875,540.042837447479,522.041409532563,526.541766511292,28856600
2023-09-01,535.54248046875,540.042837447479,526.541766511292,535.54248046875,35530000
2023-09-04,531.0421142578125,535.5424711583024,526.5417573573226,535.5424711583024,31091600
2023-09-05,531.0421142578125,535.5424711583024,526.5417573573226,531.0421142578125,46070200
2023-09-06,531.0421142578125,535.5424711583024,522.0414004568327,531.0421142578125,46458200
2023-09-07,531.0421142578125,535.5424711583024,526.5417573573226,531.0421142578125,43924900
2023-09-08,517.541015625,531.042085597826,513.0406589673913,531.042085597826,26204200
2023-09-11,522.0413818359375,522.0413818359375,499.5395981361126,517.5410250959725,39500600
2023-09-12,535.54248046875,535.54248046875,513.040695575105,522.041409532563,52136400
2023-09-13,535.54248046875,535.54248046875,526.541766511292,535.54248046875,50979100
2023-09-14,522.0413818359375,535.5424520558324,522.0413818359375,535.5424520558324,38325400
2023-09-15,535.54248046875,535.54248046875,522.041409532563,522.041409532563,57492600
2023-09-18,526.541748046875,535.5424616887019,522.0413912259615,535.5424616887019,39251800
2023-09-19,526.541748046875,526.541748046875,517.5410344050481,522.0413912259615,45443700
2023-09-20,549.0435180664062,562.5445881827933,517.5410211281699,526.5417345390945,84425200
2023-09-21,540.0428466796875,558.0442749023438,531.0421325683594,549.0435607910157,31109500
2023-09-22,544.5431518554688,549.0435084823735,526.5417253478499,540.042795228564,54174200
2023-09-25,562.5446166992188,567.0449736328125,540.04283203125,544.5431889648437,75338200
2023-09-26,544.5431518554688,562.5445783630876,535.5424386016593,562.5445783630876,41294200
2023-09-27,531.0421142578125,544.5431849592823,526.5417573573226,540.0428280587923,41060500
2023-09-29,549.0435180664062,553.5438747718686,526.5417345390945,531.0420912445568,59474800
2023-10-02,558.0442504882812,562.5446073470578,535.542466194399,549.0435367707283,61193900
2023-10-03,576.0455932617188,580.5459494590759,549.0434560775757,558.04416847229,70715900
2023-10-04,553.5438842773438,576.045668191057,540.0428139291158,576.045668191057,51995600
2023-10-05,540.0428466796875,553.5439178466797,540.0428466796875,553.5439178466797,46763500
2023-10-06,553.5438842773438,553.5438842773438,540.0428139291158,544.5431707118585,49241300
2023-10-09,549.0435180664062,558.0442314773309,540.0428046554815,558.0442314773309,43914400
2023-10-10,558.0442504882812,562.5446073470578,544.5431799119519,544.5431799119519,54235900
2023-10-11,549.0435180664062,562.5445881827933,544.5431613609438,558.0442314773309,37026300
2023-10-12,544.5431518554688,553.5438651092782,531.0420819747546,549.0435084823735,37979500
2023-10-13,540.0428466796875,544.5432037353515,531.0421325683594,544.5432037353515,42894800
2023-10-16,540.0428466796875,540.0428466796875,526.5417755126954,540.0428466796875,44218700
2023-10-17,553.5438842773438,558.0442410600864,535.5424571463732,540.0428139291158,55836300
2023-10-18,540.0428466796875,553.5439178466797,535.5424896240235,553.5439178466797,41341900
2023-10-19,526.541748046875,544.5431753305288,522.0413912259615,540.0428185096154,51629600
2023-10-20,535.54248046875,535.54248046875,513.040695575105,522.041409532563,45928900
2023-10-23,517.541015625,535.5424422554348,504.0399456521739,535.5424422554348,33704800
2023-10-24,531.0421142578125,531.0421142578125,508.5403297553628,517.5410435563426,40302200
2023-10-25,517.541015625,531.042085597826,508.5403023097826,531.042085597826,41961000
2023-10-26,522.0413818359375,526.5417385759025,508.5403116160426,517.5410250959725,59115200
2023-10-27,522.0413818359375,526.5417385759025,513.0406683560076,522.0413818359375,48195000
2023-10-30,517.541015625,522.0413722826087,508.5403023097826,522.0413722826087,46482700
2023-10-31,513.0407104492188,517.5410675584225,490.5389249032004,517.5410675584225,49691400
2023-11-01,495.0392761230469,513.0407043457031,490.53891906738284,513.0407043457031,34846600
2023-11-02,499.5395812988281,499.5395812988281,490.5388681222727,499.5395812988281,49687300
2023-11-03,499.5395812988281,504.03993788710585,490.5388681222727,499.5395812988281,46682300
2023-11-06,508.5403747558594,508.5403747558594,495.03930285968613,499.5396601584106,46881300
2023-11-07,508.5403747558594,508.5403747558594,499.5396601584106,504.040017457135,45124900
2023-11-08,504.03997802734375,504.03997802734375,495.03926413399836,504.03997802734375,36258100
2023-11-09,504.03997802734375,508.5403349740165,499.53962108067105,504.03997802734375,46216700
2023-11-10,499.5395812988281,504.03993788710585,495.0392247105504,499.5395812988281,42444900
2023-11-13,495.0392761230469,504.039990234375,490.53891906738284,499.539633178711,47097000
2023-11-14,495.0392761230469,499.539633178711,486.03856201171874,495.0392761230469,35241500
2023-11-15,499.5395812988281,508.5402944753836,490.5388681222727,495.0392247105504,51247600
2023-11-16,499.5395812988281,504.03993788710585,490.5388681222727,499.5395812988281,48507300
2023-11-17,490.53887939453125,499.5395927779171,486.0385227028383,499.5395927779171,42596900
2023-11-20,495.0392761230469,495.0392761230469,486.03856201171874,490.53891906738284,52322300
2023-11-21,495.0392761230469,495.0392761230469,486.03856201171874,495.0392761230469,46843400
2023-11-22,486.0385437011719,495.0392574734158,481.5381868150499,495.0392574734158,43558100
2023-11-23,486.0385437011719,486.0385437011719,477.0378299289279,486.0385437011719,48289200
2023-11-24,495.0392761230469,504.039990234375,481.5382049560547,481.5382049560547,54928100
2023-11-27,499.5395812988281,499.5395812988281,486.03851153399495,495.0392247105504,48423700
2023-11-28,490.53887939453125,499.5395927779171,490.53887939453125,499.5395927779171,49068500
2023-11-29,499.5395812988281,499.5395812988281,486.03851153399495,490.5388681222727,52230800
2023-11-30,504.03997802734375,504.03997802734375,477.0378363473075,499.53962108067105,39817200
2023-12-01,486.0385437011719,504.03997124565973,481.5381868150499,504.03997124565973,39142600
2023-12-04,486.0385437011719,495.0392574734158,481.5381868150499,486.0385437011719,49063300
2023-12-05,481.53814697265625,495.0392165139457,477.0377904588931,486.03850348641936,51803500
2023-12-06,477.0378723144531,486.03858688642396,477.0378723144531,481.5382296004385,49202900
2023-12-07,477.0378723144531,486.03858688642396,472.53751502846774,472.53751502846774,50023500
2023-12-08,495.0392761230469,495.0392761230469,477.03784790039066,477.03784790039066,55057100
2023-12-11,490.53887939453125,499.5395927779171,481.53816601114534,499.5395927779171,52710200
2023-12-12,490.53887939453125,490.53887939453125,477.0378093194524,490.53887939453125,47087800
2023-12-13,481.53814697265625,495.0392165139457,477.0377904588931,495.0392165139457,47651000
2023-12-14,477.0378723144531,481.5382296004385,472.53751502846774,481.5382296004385,59432400
2023-12-15,481.53814697265625,486.03850348641936,472.53743394513,477.0377904588931,43927700
2023-12-18,490.53887939453125,495.0392360862242,481.53816601114534,481.53816601114534,73022800
2023-12-19,495.0392761230469,499.539633178711,490.53891906738284,495.0392761230469,43798600
2023-12-20,495.0392761230469,499.539633178711,486.03856201171874,495.0392761230469,53227900
2023-12-21,495.0392761230469,499.539633178711,486.03856201171874,490.53891906738284,40352500
2023-12-22,495.0392761230469,499.539633178711,490.53891906738284,495.0392761230469,48121300
2023-12-27,486.0385437011719,499.5396143595377,481.5381868150499,490.5389005872938,43137500
2023-12-28,486.0385437011719,490.5389005872938,481.5381868150499,486.0385437011719,50486700
2023-12-29,499.5395812988281,499.5395812988281,486.03851153399495,486.03851153399495,51835400
2024-01-02,490.53887939453125,499.5395927779171,486.0385227028383,499.5395927779171,51391000
2024-01-03,477.0378723144531,490.53894417240934,477.0378723144531,490.53894417240934,30905000
2024-01-04,490.53887939453125,495.0392360862242,477.0378093194524,477.0378093194524,123572400
2024-01-05,486.0385437011719,499.5396143595377,486.0385437011719,490.5389005872938,50411800
2024-01-08,486.0385437011719,495.0392574734158,477.0378299289279,486.0385437011719,42104200
2024-01-09,477.0378723144531,486.03858688642396,468.0371577424823,481.5382296004385,45172400
2024-01-10,481.53814697265625,481.53814697265625,472.53743394513,481.53814697265625,51196600
2024-01-11,481.53814697265625,481.53814697265625,472.53743394513,481.53814697265625,52568600
2024-01-12,490.53887939453125,495.0392360862242,472.5374526277595,481.53816601114534,64030100
2024-01-15,495.0392761230469,499.539633178711,490.53891906738284,490.53891906738284,47818200
2024-01-16,495.0392761230469,499.539633178711,490.53891906738284,490.53891906738284,49688600
2024-01-17,486.0385437011719,495.0392574734158,481.5381868150499,490.5389005872938,36938500
2024-01-18,495.0392761230469,495.0392761230469,481.5382049560547,481.5382049560547,55146000
2024-01-19,490.53887939453125,495.0392360862242,486.0385227028383,495.0392360862242,41826500
2024-01-22,486.0385437011719,490.5389005872938,481.5381868150499,490.5389005872938,43940500
2024-01-23,477.0378723144531,486.03858688642396,477.0378723144531,486.03858688642396,36286800
2024-01-24,468.0371398925781,477.03785412128155,463.53678277822644,477.03785412128155,45893500
2024-01-25,468.0371398925781,472.53749700692987,463.53678277822644,468.0371398925781,52782900
2024-01-26,463.5367736816406,472.5374877337113,459.0364166556053,472.5374877337113,33660600
2024-01-29,463.5367736816406,468.037130707676,459.0364166556053,463.5367736816406,19892600
2024-01-30,459.036376953125,463.53673358992035,454.53602031632965,463.53673358992035,29082600
2024-01-31,459.036376953125,463.53673358992035,454.53602031632965,459.036376953125,44382300
2024-02-01,459.036376953125,463.53673358992035,454.53602031632965,454.53602031632965,48366500
2024-02-02,459.036376953125,463.53673358992035,454.53602031632965,459.036376953125,50767300
2024-02-05,481.53814697265625,481.53814697265625,459.03636440384054,463.53672091760365,59036200
2024-02-06,468.0371398925781,481.5382112356333,468.0371398925781,481.5382112356333,31557000
2024-02-07,472.5374450683594,477.03780168805804,463.53673182896205,468.0370884486607,37361100
2024-02-12,463.5367736816406,472.5374877337113,463.5367736816406,468.037130707676,21372100
2024-02-13,463.5367736816406,499.5396298899234,459.0364166556053,499.5396298899234,52589400
2024-02-15,463.5367736816406,472.5374877337113,441.0349885514639,441.0349885514639,54709800
2024-02-16,463.5367736816406,472.5374877337113,463.5367736816406,463.5367736816406,47701300
2024-02-19,463.5367736816406,468.037130707676,459.0364166556053,468.037130707676,31749900
2024-02-20,459.036376953125,463.53673358992035,454.53602031632965,463.53673358992035,50383800
2024-02-21,472.5374450683594,472.5374450683594,454.5360185895647,459.0363752092634,44180300
2024-02-22,468.0371398925781,472.53749700692987,463.53678277822644,472.53749700692987,30052300
2024-02-23,468.0371398925781,472.53749700692987,459.0364256638747,463.53678277822644,24184400
2024-02-26,463.5367736816406,468.037130707676,459.0364166556053,468.037130707676,28916600
2024-02-27,454.5360412597656,463.5367549480778,450.0356844156095,463.5367549480778,31493500
2024-02-28,459.036376953125,463.53673358992035,450.0356636795343,454.53602031632965,40685200
2024-02-29,463.5367736816406,468.037130707676,459.0364166556053,468.037130707676,26272200
2024-03-01,468.0371398925781,468.0371398925781,441.0349972064679,441.0349972064679,36032600
2024-03-04,459.036376953125,468.0370902267157,454.53602031632965,468.0370902267157,30640000
2024-03-05,481.53814697265625,481.53814697265625,459.03636440384054,459.03636440384054,48259900
2024-03-06,504.03997802734375,504.03997802734375,472.53747940063477,477.0378363473075,52949100
2024-03-07,531.0421142578125,531.0421142578125,495.039259053893,504.0399728548729,43697200
2024-03-08,526.541748046875,535.5424616887019,517.5410344050481,531.0421048677885,48260600
2024-03-13,526.541748046875,531.0421048677885,513.0406775841346,531.0421048677885,41002300
2024-03-14,549.0435180664062,553.5438747718686,517.5410211281699,526.5417345390945,69233000
2024-03-15,567.0449829101562,571.5453399173797,544.5431978740389,549.0435548812624,47725500
2024-03-18,576.0455932617188,585.0463056564331,562.5445246696472,571.5452370643616,79433600
2024-03-19,589.5467529296875,603.0478236074666,567.0449684667224,585.0463960370945,83382800
2024-03-20,603.0478515625,603.0478515625,580.5460660564365,594.0471373600747,59476200
2024-03-21,553.5438842773438,607.5481656702553,553.5438842773438,598.5474521047701,55285200
2024-03-22,540.0428466796875,580.5460601806641,522.0414184570312,553.5439178466797,63029900
2024-03-25,585.04638671875,585.04638671875,535.5424616887019,585.04638671875,67551400
2024-03-26,580.5460205078125,585.0463772559351,553.543880019077,585.0463772559351,54454700
2024-03-27,576.0455932617188,580.5459494590759,562.5445246696472,580.5459494590759,36378500
2024-03-28,585.04638671875,589.5467435396635,562.5446026141827,576.0456730769231,40280600
2024-04-01,607.5481567382812,607.5481567382812,562.5445895724827,585.046373155382,37343700
2024-04-02,612.0485229492188,612.0485229492188,585.0463822308708,607.5481661628274,36057000
2024-04-03,643.551025390625,643.551025390625,598.5474571814904,612.0485276442307,67044100
2024-04-04,630.0499877929688,639.050701904297,612.0485595703125,639.050701904297,29466300
2024-04-05,607.5481567382812,630.0499403211805,603.0478000217014,630.0499403211805,30280800
2024-04-16,571.5453491210938,607.548205758643,567.0449920414001,607.548205758643,23540700
2024-04-17,571.5453491210938,594.047134519562,567.0449920414001,576.0457062007874,36162800
2024-04-18,585.04638671875,589.5467435396635,562.5446026141827,571.5453162560096,33129000
2024-04-19,589.5467529296875,598.5474667148735,567.0449684667224,585.0463960370945,35139200
2024-04-22,612.0485229492188,612.0485229492188,580.5460254444795,589.5467390172621,42031200
2024-04-23,621.0491943359375,630.0499072973279,603.0477684131566,612.048481374547,43128800
2024-04-24,630.0499877929688,639.050701904297,612.0485595703125,621.0492736816407,35044100
2024-04-25,589.5467529296875,634.5503218556179,589.5467529296875,621.0492511778388,32614600
2024-04-26,612.0485229492188,625.5495933083927,585.0463822308708,589.5467390172621,32057800
2024-04-29,603.0478515625,625.5496370685634,585.0464231576492,612.0485657649253,21257000
2024-04-30,571.5453491210938,603.0478486789493,567.0449920414001,603.0478486789493,22343700
2024-05-02,612.0485229492188,612.0485229492188,562.5445982989143,571.5453118716969,56955200
2024-05-03,612.0485229492188,612.0485229492188,589.5467390172621,612.0485229492188,25733800
2024-05-06,603.0478515625,616.548922866138,585.0464231576492,612.0485657649253,39203100
2024-05-07,603.0478515625,603.0478515625,594.0471373600747,603.0478515625,27830500
2024-05-08,585.04638671875,603.0478140024038,585.04638671875,598.5474571814904,21780000
2024-05-13,625.549560546875,634.5502736482689,580.5459950399055,598.5474212426933,50254200
2024-05-14,625.549560546875,625.549560546875,607.5481343440872,621.049203996178,35734000
2024-05-15,589.5467529296875,625.5496080704318,589.5467529296875,621.0492511778388,24343500
2024-05-16,598.5474853515625,612.048556449718,589.5467712861255,589.5467712861255,38564400
2024-05-17,589.5467529296875,616.5488942852458,580.5460391445014,603.0478236074666,41156200
2024-05-20,585.04638671875,603.0478140024038,580.5460298978365,589.5467435396635,22596200
2024-05-21,585.04638671875,594.0471003605769,576.0456730769231,585.04638671875,33077300
2024-05-22,585.04638671875,589.5467435396635,576.0456730769231,585.04638671875,24746200
2024-05-27,585.04638671875,603.0478140024038,576.0456730769231,585.04638671875,35979800
2024-05-28,585.04638671875,594.0471003605769,580.5460298978365,580.5460298978365,44607400
2024-05-29,589.5467529296875,594.0471098222805,576.0456822519084,585.0463960370945,26217700
2024-05-30,598.5474853515625,598.5474853515625,585.046414253407,589.5467712861255,38349900
2024-05-31,571.5453491210938,598.5474915992556,571.5453491210938,598.5474915992556,30085000
2024-06-03,589.5467529296875,598.5474667148735,571.5453253593154,580.5460391445014,39674900
2024-06-04,598.5474853515625,607.5481994169995,585.046414253407,589.5467712861255,33383100
2024-06-05,589.5467529296875,603.0478236074666,585.0463960370945,594.0471098222805,35473300
2024-06-06,603.0478515625,603.0478515625,589.5467802588619,589.5467802588619,31402000
2024-06-07,594.047119140625,603.0478330669981,589.5467621774385,603.0478330669981,20857900
2024-06-10,594.047119140625,598.5474761038115,576.0456912878788,594.047119140625,38236800
2024-06-11,594.047119140625,594.047119140625,585.0464052142519,589.5467621774385,31351000
2024-06-12,589.5467529296875,594.0471098222805,576.0456822519084,589.5467529296875,25661700
2024-06-13,598.5474853515625,603.047842384281,576.0457001879699,585.046414253407,34282600
2024-06-14,605.0635375976562,609.7178725022536,591.1005328838642,600.4092026930589,22475400
2024-06-19,605.0635375976562,605.0635375976562,586.4461979792668,600.4092026930589,32703500
2024-06-20,577.1375122070312,605.0635208622102,572.4831774311681,605.0635208622102,25504000
2024-06-21,577.1375122070312,586.4461817587576,558.5201731035786,577.1375122070312,31404000
2024-06-24,572.483154296875,581.791823472434,567.8288197090956,572.483154296875,29215800
2024-06-25,567.828857421875,572.4831923187757,558.5201876280738,567.828857421875,29307900
2024-06-26,567.828857421875,572.4831923187757,567.828857421875,567.828857421875,19899300
2024-06-27,572.483154296875,577.1374888846545,567.8288197090956,567.8288197090956,31330100
2024-06-28,577.1375122070312,581.7918469828944,567.8288426553049,572.4831774311681,36170600
2024-07-01,609.7178955078125,614.3722305880248,577.1375499463263,581.7918850265386,42937600
2024-07-02,586.4462280273438,609.7179037427146,586.4462280273438,609.7179037427146,29893000
2024-07-03,581.7918701171875,591.1005400390625,572.4832001953125,586.446205078125,22544200
2024-07-04,577.1375122070312,581.7918469828944,572.4831774311681,581.7918469828944,32048600
2024-07-05,581.7918701171875,581.7918701171875,572.4832001953125,577.13753515625,25527000
2024-07-08,591.1005249023438,591.1005249023438,577.1375203770915,581.7918552188422,35317800
2024-07-09,581.7918701171875,591.1005400390625,577.13753515625,591.1005400390625,23653800
2024-07-10,581.7918701171875,591.1005400390625,581.7918701171875,581.7918701171875,25853100
2024-07-11,577.1375122070312,586.4461817587576,577.1375122070312,581.7918469828944,29421100
2024-07-12,591.1005249023438,595.7548597440945,577.1375203770915,577.1375203770915,34572200
2024-07-15,591.1005249023438,595.7548597440945,581.7918552188422,591.1005249023438,23772800
2024-07-16,591.1005249023438,591.1005249023438,581.7918552188422,591.1005249023438,27994700
2024-07-17,600.4091796875,600.4091796875,586.446175508721,591.1005102349807,28310700
2024-07-18,591.1005249023438,600.4091945858452,586.446190060593,600.4091945858452,29870000
2024-07-19,591.1005249023438,595.7548597440945,586.446190060593,595.7548597440945,28371900
2024-07-22,600.4091796875,600.4091796875,586.446175508721,591.1005102349807,25867000
2024-07-23,600.4091796875,605.0635144137597,586.446175508721,605.0635144137597,31111600
2024-07-24,600.4091796875,600.4091796875,591.1005102349807,600.4091796875,25902200
2024-07-25,642.2982177734375,651.606887596241,581.7918639252151,600.409203570822,39853200
2024-07-26,660.91552734375,665.5698620433539,628.3351844465228,642.2981885453345,48145500
2024-07-29,646.9525756835938,660.9155809141749,632.9895704530127,660.9155809141749,33077000
2024-07-30,651.6068725585938,656.2612073625837,637.6438681466238,651.6068725585938,36655400
2024-07-31,637.6438598632812,660.9155335809193,628.335190376226,651.606864093864,33384700
2024-08-01,651.6068725585938,660.9155421665736,632.9895333426339,632.9895333426339,35524200
2024-08-02,660.91552734375,660.91552734375,642.2981885453345,646.9525232449383,33269200
2024-08-05,651.6068725585938,674.8785465785435,632.9895333426339,660.9155421665736,38058900
2024-08-06,674.8785400390625,674.8785400390625,642.2981967268319,651.6068662446121,44428200
2024-08-07,702.8045654296875,702.8045654296875,665.5698864665252,674.8785562073158,42760600
2024-08-08,716.767578125,716.767578125,684.1872336647727,702.8045733563312,43326700
2024-08-09,716.767578125,735.3849178165584,707.4589082792207,716.767578125,37512300
2024-08-12,707.4589233398438,730.730598449707,698.1502532958984,716.7675933837891,39441900
2024-08-13,730.7305908203125,730.7305908203125,702.8045809800458,702.8045809800458,42631000
2024-08-14,721.421875,735.3848790322581,721.421875,730.7305443548387,31677900
2024-08-15,712.11328125,735.3849571078432,702.8046109068628,721.4219515931372,28977800
2024-08-16,726.0762329101562,726.0762329101562,702.8045587784205,712.1132284311149,34852000
2024-08-19,702.8045654296875,726.0762397816638,698.1502305592923,726.0762397816638,22523200
2024-08-20,721.421875,726.0762096774193,698.1502016129033,702.8045362903226,36514100
2024-08-21,707.4589233398438,721.4219284057617,698.1502532958984,721.4219284057617,30313200
2024-08-22,721.421875,721.421875,698.1502016129033,707.458870967742,38245900
2024-08-23,726.0762329101562,730.7305677365034,721.4218980838091,721.4218980838091,33413400
2024-08-26,730.7305908203125,740.0392607670681,721.4219208735569,726.0762558469347,33045800
2024-08-27,730.7305908203125,735.3849257936903,712.1132509268014,730.7305908203125,28302100
2024-08-28,730.7305908203125,735.3849257936903,721.4219208735569,735.3849257936903,23826700
2024-08-29,716.767578125,735.3849178165584,716.767578125,726.0762479707791,27702200
2024-08-30,735.3849487304688,744.6936189675632,712.1132731377323,716.7676082562797,44349700
2024-09-02,744.6935424804688,767.9652156829834,730.7305385589599,767.9652156829834,32392700
2024-09-03,726.0762329101562,744.6935722155449,716.767563257462,744.6935722155449,22751000
2024-09-04,721.421875,740.0392137096775,721.421875,726.0762096774193,27683100
2024-09-05,786.5825805664062,786.5825805664062,716.7675586226424,721.4218934188933,50554600
2024-09-06,791.2369384765625,823.817283002068,772.6195987477022,786.5826035443474,50184600
2024-09-09,749.3479614257812,791.2369779029988,735.3849559333753,786.5826427388635,19307200
2024-09-10,749.3479614257812,763.3109669181871,730.7306207692401,749.3479614257812,38696300
2024-09-11,758.6566162109375,763.3109512797163,740.0392759358225,749.34794607338,44055400
2024-09-12,781.9282836914062,781.9282836914062,749.3479385375977,754.0022735595703,51874400
2024-09-13,781.9282836914062,786.5826187133789,763.3109436035156,786.5826187133789,24620400
2024-09-17,767.9652099609375,781.9282137784091,767.9652099609375,777.2738791725852,29994700
2024-09-18,772.61962890625,781.9282991340361,758.6566235645707,772.61962890625,32844800
2024-09-19,772.61962890625,786.5826342479291,763.3109586784639,777.273964020143,33026900
2024-09-20,781.9282836914062,805.1999588012695,772.6196136474609,781.9282836914062,41889400
2024-09-23,767.9652099609375,781.9282137784091,754.002206143466,781.9282137784091,43068200
2024-09-24,763.3109130859375,767.9652479218274,754.0022434141578,763.3109130859375,40353600
2024-09-25,805.199951171875,805.199951171875,763.3109363710261,763.3109363710261,45602400
2024-09-26,791.2369384765625,814.5086131376379,781.9282686121323,805.1999432732077,36472500
2024-09-27,781.9282836914062,795.8912887573242,763.3109436035156,791.2369537353516,34129100
2024-09-30,763.3109130859375,781.928252429497,758.6565782500477,781.928252429497,31513400
2024-10-01,791.2369384765625,795.8912734087776,758.656593951057,763.310928883272,41223800
2024-10-02,786.5825805664062,791.2369153626572,772.6195761776535,791.2369153626572,34592800
2024-10-03,809.854248046875,809.854248046875,781.9282394935345,786.5825742524246,40458500
2024-10-04,791.2369384765625,809.8542782054228,791.2369384765625,809.8542782054228,23568100
2024-10-07,907.5952758789062,916.9039453751001,786.5825724283853,795.8912419245793,57055000
2024-10-08,842.4346313476562,916.9039910247972,833.1259613880136,907.5953210651545,30323900
2024-10-09,847.0889282226562,865.7062673044729,833.1259239112939,865.7062673044729,32526500
2024-10-10,875.0150146484375,893.6323553856383,842.4346683583361,842.4346683583361,27967000
2024-10-11,898.2866821289062,902.9410172694705,856.3976658638278,875.0150064260849,43745200
2024-10-14,907.5952758789062,916.9039453751001,875.0149326422276,893.6322716346153,34380500
2024-10-15,930.866943359375,935.5212780761719,888.9779309082031,907.5952697753906,28412300
2024-10-16,977.4102783203125,977.4102783203125,916.9039277576265,935.5212663922991,50769900
2024-10-17,986.7190551757812,1000.6820606735517,940.1757035165463,944.8300386824698,30287300
2024-10-18,1023.9536743164062,1023.9536743164062,986.7189952503551,986.7189952503551,22906500
2024-10-21,1037.916748046875,1089.1144351702635,1023.9537424677691,1023.9537424677691,27602800
2024-10-22,1056.5340576171875,1061.1883926727699,977.410361672288,1047.2253875060228,25724400
2024-10-23,1089.1143798828125,1089.1143798828125,1051.8797002286992,1056.5340351854634,30753400
2024-10-24,1042.571044921875,1107.7317352294922,1023.9537048339844,1098.4230651855469,41446800
2024-10-25,1061.1883544921875,1070.4970242684349,1023.9536753871985,1042.571014939693,33793200
2024-10-28,1061.1883544921875,1084.4600289328057,1037.9166800515693,1065.8426893803112,33749800
2024-10-29,1047.225341796875,1061.1883463541667,1033.2623372395833,1061.1883463541667,28621800
2024-10-30,1023.9536743164062,1047.2253487326882,1014.6450045498934,1047.2253487326882,35538100
2024-10-31,1023.9536743164062,1033.262344082919,1005.3363347833806,1023.9536743164062,23411100
2024-11-01,996.0276489257812,1023.9536577741676,982.064644501588,1023.9536577741676,28061700
2024-11-04,1019.29931640625,1028.6079859624715,972.7559686251427,996.0276425156964,34143200
2024-11-05,1056.5340576171875,1065.8427277283522,1014.6450421169466,1019.2993771725289,28872900
2024-11-06,1056.5340576171875,1061.1883926727699,1033.262382339276,1056.5340576171875,20466100
2024-11-07,1089.1143798828125,1131.00339449369,1042.571030315171,1047.225365271935,31562900
2024-11-08,1131.00341796875,1131.00341796875,1056.5340571148406,1089.1144024884259,28854100
2024-11-11,1200.818359375,1219.4356982800389,1117.0403343023256,1135.6576732073645,16819800
2024-11-12,1275.2877197265625,1275.2877197265625,1191.5096943430658,1200.818363830121,22055400
2024-11-13,1047.225341796875,1303.2137586805557,1033.2623372395833,1279.9420844184028,34395300
2024-11-14,1089.1143798828125,1098.4230497963408,1042.571030315171,1051.8797002286992,19894500
2024-11-15,1079.8057861328125,1103.0774625580887,1042.5711038523707,1089.114456702923,30642900
2024-11-18,1112.385986328125,1140.311994353099,1061.1883049490064,1079.8056436323222,25996500
2024-11-19,1135.65771484375,1163.5837242251537,1089.114365874744,1112.3860403592469,20973500
2024-11-20,1117.0404052734375,1149.620750427246,1103.0774002075195,1140.3120803833008,14048400
2024-11-21,1084.4600830078125,1140.312104450275,1079.8057478876074,1117.0404288492489,19077800
2024-11-22,1014.64501953125,1084.4600438109233,1014.64501953125,1084.4600438109233,15880800
2024-11-25,1023.9536743164062,1056.534018499201,1000.6819999001243,1014.6450045498934,22336000
2024-11-26,1047.225341796875,1061.1883463541667,1000.6819932725695,1023.9536675347222,22696100
2024-11-28,1075.1513671875,1075.1513671875,1037.9166878043832,1047.2253576501623,23421100
2024-11-29,1056.5340576171875,1126.3490834509223,1056.5340576171875,1075.1513978395167,29144600
2024-12-02,1042.571044921875,1098.4230651855469,1028.608039855957,1051.8797149658203,19331500
2024-12-03,1056.5340576171875,1075.1513978395167,1033.262382339276,1056.5340576171875,16721500
2024-12-04,1056.5340576171875,1075.1513978395167,1042.5710524504404,1061.1883926727699,24640600
2024-12-05,1093.7686767578125,1103.0773463472406,1061.1883331948138,1061.1883331948138,25125900
2024-12-06,1089.1143798828125,1112.3860546666333,1079.8057099692842,1098.4230497963408,27233800
2024-12-09,1140.31201171875,1140.31201171875,1065.842655851403,1089.1143295599488,23546400
2024-12-10,1103.077392578125,1158.9294124554983,1103.077392578125,1144.966407486155,15059400
2024-12-11,1019.29931640625,1107.731677190354,1019.29931640625,1103.0773424122433,12765900
2024-12-12,982.064697265625,1033.2623829050651,977.410362207494,1033.2623829050651,10497700
2024-12-13,1000.6820068359375,1000.6820068359375,963.4473275118096,986.7190020893896,21304500
2024-12-16,958.7930297851562,1000.6820456495564,935.521354304934,1000.6820456495564,10237200
2024-12-17,949.4843139648438,958.7929837095971,921.5583047305837,940.1756442200905,11170200
2024-12-18,982.064697265625,982.064697265625,930.8670116261848,949.4843518587085,13963200
2024-12-19,926.212646484375,968.1016606469849,912.249641763505,968.1016606469849,23749200
2024-12-20,865.706298828125,926.212653047295,856.3976289482528,926.212653047295,9974700
2024-12-23,856.3976440429688,902.9409942626953,847.0889739990234,865.7063140869141,16339300
2024-12-24,856.3976440429688,875.0149841308594,837.7803039550781,861.0519790649414,23325200
2024-12-27,861.0519409179688,879.66928018106,847.0889364706504,856.3976061021959,10275300
2024-12-30,884.3236083984375,893.6322779605264,861.0519344932155,870.3606040553043,13562300
2025-01-02,837.7802734375,888.9779568142361,837.7802734375,884.3236219618055,17856800
2025-01-03,861.0519409179688,865.7062757337416,819.1629275760135,837.7802668391048,17078900
2025-01-06,865.706298828125,870.3606337680612,842.4346241284443,861.0519638881889,33681600
2025-01-07,884.3236083984375,884.3236083984375,847.0889301500822,865.7062692742599,23940400
2025-01-08,888.9779663085938,907.5953059171507,875.0149616021761,884.3236314064545,20491500
2025-01-09,884.3236083984375,884.3236083984375,856.3975997121711,884.3236083984375,14473600
2025-01-10,893.6322631835938,907.5952672958374,865.7062549591064,884.3235937754313,14150500
2025-01-13,1000.6820068359375,1000.6820068359375,884.3236339480378,898.2866386945858,30353700
2025-01-14,986.7190551757812,1019.2994013372457,958.7930441802403,1005.3363958394752,13370900
2025-01-15,1023.9536743164062,1023.9536743164062,963.4473208340731,986.7189952503551,21287300
2025-01-16,1019.29931640625,1051.8796598530253,1005.3363120719179,1023.9536511843608,20629500
2025-01-17,935.5213012695312,1023.9536630810791,921.5582967729712,1023.9536630810791,10735800
2025-01-20,935.5213012695312,944.8299709339047,916.9039619407844,935.5213012695312,25173200
2025-01-21,912.2496337890625,940.1756429866869,907.5952989227917,930.8669732541454,14175300
2025-01-22,902.9409790039062,949.4843284370974,902.9409790039062,912.2496488905444,17217100
2025-01-23,912.2496337890625,921.5583035216039,893.6322943239795,912.2496337890625,18099500
2025-01-24,912.2496337890625,912.2496337890625,898.2866291902503,912.2496337890625,16594200
2025-01-30,912.2496337890625,916.9039686553332,902.940964056521,912.2496337890625,16626500
2025-01-31,907.5952758789062,921.558280123197,902.9409411308093,912.2496106270031,8948400
2025-02-03,856.3976440429688,902.9409942626953,828.4716339111328,902.9409942626953,20314000
2025-02-04,851.7432861328125,875.0149606173156,837.7802814421107,856.3976210297132,10648100
2025-02-05,861.0519409179688,861.0519409179688,837.7802668391048,851.7432712864232,16815600
2025-02-06,861.0519409179688,875.0149453652872,847.0889364706504,875.0149453652872,15821200
2025-02-07,833.1259765625,861.0519869500698,833.1259765625,861.0519869500698,18135700
2025-02-10,851.7432861328125,865.7062908235143,819.1629418545082,833.12594654521,29594400
2025-02-11,851.7432861328125,865.7062908235143,833.12594654521,851.7432861328125,21515900
2025-02-12,851.7432861328125,851.7432861328125,837.7802814421107,851.7432861328125,19278600
2025-02-13,842.4346313476562,851.7433013072988,833.1259613880136,851.7433013072988,10755600
2025-02-14,837.7802734375,847.0889431423611,833.1259385850694,842.4346082899306,8959200
2025-02-17,837.7802734375,837.7802734375,828.4716037326389,837.7802734375,22727700
2025-02-18,870.360595703125,870.360595703125,833.1259178120822,842.4345872848429,18203600
2025-02-19,847.0889282226562,879.6692716158353,842.4345934522021,870.3606020749271,14649800
2025-02-20,861.0519409179688,865.7062757337416,837.7802668391048,847.0889364706504,20022100
2025-02-21,870.360595703125,870.360595703125,851.7432567576036,865.7062609667447,13914900
2025-02-24,893.6322631835938,907.5952672958374,870.3605896631876,875.0149243672688,15624400
2025-02-25,930.866943359375,930.866943359375,875.0149267578125,902.9409350585938,15580500
2025-02-26,916.9039916992188,935.5213316321978,902.9409867494844,930.866996648953,14656000
2025-02-27,907.5952758789062,921.558280123197,847.0889241536458,921.558280123197,14929600
2025-02-28,847.0889282226562,912.2496150090145,847.0889282226562,912.2496150090145,12533900
2025-03-03,865.706298828125,893.632308467742,847.0889590683804,847.0889590683804,18620600
2025-03-04,828.4716186523438,865.7062981423367,823.8172837160946,865.7062981423367,13900500
2025-03-05,805.199951171875,828.4716260612356,795.8912812161308,828.4716260612356,15590400
2025-03-06,805.199951171875,814.5086211276192,791.2369462382587,809.8542861497472,20442100
2025-03-07,772.61962890625,805.1999747035015,763.3109586784639,805.1999747035015,13177400
2025-03-10,772.61962890625,800.5456395896084,758.6566235645707,772.61962890625,23114100
2025-03-11,763.3109130859375,786.5825872653868,749.347908578268,781.928252429497,14489100
2025-03-12,763.3109130859375,763.3109130859375,740.0392389064882,763.3109130859375,14513900
2025-03-13,754.0022583007812,763.3109281563464,740.0392535174334,763.3109281563464,12292300
2025-03-14,754.0022583007812,758.6565932285638,744.693588445216,758.6565932285638,9950200
2025-03-17,716.767578125,754.0022575081168,716.767578125,754.0022575081168,9210400
2025-03-18,684.1871948242188,726.0762067522322,674.8785255068825,716.7675374348959,14194300
2025-03-19,679.5328979492188,693.4959027016,665.5698931968376,684.1872328666792,9986400
2025-03-20,688.8416137695312,688.8416137695312,674.8786080850138,684.1872785413588,20854600
2025-03-21,674.8785400390625,693.4958790746228,656.2612010035022,693.4958790746228,12817700
2025-03-24,670.2242431640625,674.8785781860352,651.6069030761719,674.8785781860352,17128500
2025-03-25,707.4589233398438,707.4589233398438,656.2612380981445,674.8785781860352,12266600
2025-03-26,726.0762329101562,726.0762329101562,688.841554299379,707.4588936047677,16587400
2025-03-27,707.4589233398438,726.0762634277344,688.8415832519531,726.0762634277344,12143700
2025-04-08,656.26123046875,660.9155654366135,605.0635458222519,637.6438905972961,13131600
2025-04-09,660.91552734375,660.91552734375,623.680849746919,656.2611926441461,21929000
2025-04-10,665.5699462890625,735.3849756200831,660.9156110003278,726.0763050426136,23558200
2025-04-11,642.2982177734375,674.8785621532496,632.9895479506341,670.2242272418479,16979300
2025-04-14,670.2242431640625,679.5329132080078,637.6438980102539,651.6069030761719,19170200
2025-04-15,684.1871948242188,688.8415294828869,665.5698561895462,679.5328601655506,18649400
2025-04-16,670.2242431640625,693.4959182739258,665.5699081420898,684.1872482299805,11891900
2025-04-17,670.2242431640625,679.5329132080078,660.9155731201172,670.2242431640625,21890100
2025-04-21,656.26123046875,679.5329053080674,651.6068955008866,679.5329053080674,13499300
2025-04-22,660.91552734375,660.91552734375,646.9525232449383,656.2611926441461,14643200
2025-04-23,670.2242431640625,674.8785781860352,651.6069030761719,660.9155731201172,21821600
2025-04-24,684.1871948242188,684.1871948242188,670.2241908482143,670.2241908482143,21805400
2025-04-25,716.767578125,716.767578125,684.1872336647727,688.8415685876623,34380000
2025-04-28,740.0392456054688,744.6935804834906,707.458901459316,726.0762409714033,27218000
2025-04-29,716.767578125,781.9282670454545,707.4589082792207,767.9652622767857,45651100
2025-04-30,712.11328125,726.0762867647059,702.8046109068628,721.4219515931372,21618200
2025-05-02,712.11328125,726.0762867647059,698.1502757352941,712.11328125,32961200
2025-05-05,735.3849487304688,744.6936189675632,712.1132731377323,712.1132731377323,32258400
2025-05-06,721.421875,735.3848790322581,716.7675403225807,735.3848790322581,15781200
2025-05-07,721.421875,726.0762096774193,707.458870967742,716.7675403225807,36502000
2025-05-08,716.767578125,730.7305828936688,707.4589082792207,721.4219130478896,18000300
2025-05-09,721.421875,721.421875,712.1132056451613,716.7675403225807,16183500
2025-05-14,730.7305908203125,730.7305908203125,716.7675859001791,726.0762558469347,24278400
2025-05-15,730.7305908203125,735.3849257936903,726.0762558469347,730.7305908203125,24467200
2025-05-16,730.7305908203125,740.0392607670681,726.0762558469347,740.0392607670681,19267100
2025-05-19,763.3109130859375,763.3109130859375,730.7305692347085,730.7305692347085,33295700
2025-05-20,740.0392456054688,772.6195897516214,735.3849107274469,767.9652548735996,29724800
2025-05-21,754.0022583007812,754.0022583007812,740.0392535174334,740.0392535174334,17829800
2025-05-22,740.0392456054688,758.656585117556,735.3849107274469,758.656585117556,14174800
2025-05-23,730.7305908203125,735.3849257936903,726.0762558469347,730.7305908203125,10642700
2025-05-26,707.4589233398438,730.730598449707,707.4589233398438,730.730598449707,25788700
2025-05-27,730.7305908203125,730.7305908203125,707.4589159534236,707.4589159534236,24689900
2025-05-28,730.7305908203125,740.0392607670681,716.7675859001791,740.0392607670681,20785900
2025-06-02,735.3849487304688,740.039283849016,716.7676082562797,740.039283849016,18861700
2025-06-03,763.3109130859375,763.3109130859375,721.4218995629287,735.3849040705983,21139900
2025-06-04,749.3479614257812,772.6196372464576,744.6936262616459,767.9653020823224,19682900
2025-06-05,735.3849487304688,754.0022892046578,735.3849487304688,754.0022892046578,19806500
2025-06-10,740.0392456054688,754.0022502395342,735.3849107274469,744.6935804834906,22939000
2025-06-11,763.3109130859375,767.9652479218274,744.693573742378,744.693573742378,34390400
2025-06-12,749.3479614257812,767.9653020823224,749.3479614257812,763.3109669181871,21250800
2025-06-13,740.0392456054688,754.0022502395342,735.3849107274469,754.0022502395342,17932500
2025-06-16,749.3479614257812,754.0022965899165,735.3849559333753,744.6936262616459,22565300
2025-06-17,744.6935424804688,754.0022117614745,735.3848731994628,749.3478771209717,19143700
2025-06-18,753.3304443359375,758.1287274208797,743.7338781660529,753.3304443359375,20316000
2025-06-19,719.7424926757812,753.3304756673177,710.1459261067708,753.3304756673177,17102500
2025-06-20,724.540771484375,724.540771484375,700.549355210058,710.1459217197848,19511100
2025-06-23,714.9442138671875,714.9442138671875,686.1545139799182,710.1459305526427,21050900
2025-06-24,719.7424926757812,734.1373425292968,714.944209391276,714.944209391276,25660700
2025-06-25,719.7424926757812,729.3390592447917,695.7510762532552,724.5407759602864,19549500
2025-06-26,748.5321655273438,748.5321655273438,719.7424668532151,719.7424668532151,26280200
2025-06-30,748.5321655273438,767.7252979767628,738.9355993026342,753.3304486396985,18348400
2025-07-01,748.5321655273438,753.3304486396985,738.9355993026342,738.9355993026342,23983200
2025-07-02,762.9270629882812,762.9270629882812,743.7339293281987,748.5322127432194,22147000
2025-07-03,758.1287841796875,767.725351068038,753.3305007355123,762.9270676238627,21746000
2025-07-04,758.1287841796875,762.9270676238627,748.532217291337,762.9270676238627,11367200
2025-07-07,743.73388671875,758.1287361391129,738.9356035786291,758.1287361391129,19190900
2025-07-08,758.1287841796875,758.1287841796875,729.3390835146361,738.9356504029865,27178600
2025-07-09,825.3047485351562,839.6995988003043,748.5322137876999,758.1287806311319,53812700
2025-07-10,815.7081298828125,873.2875272863051,815.7081298828125,844.4978285845589,61131200
2025-07-11,825.3047485351562,834.9013153785883,815.7081816917242,815.7081816917242,24867800
2025-07-14,820.5064697265625,844.4978869700292,815.7081862778691,834.9013200726425,22125400
2025-07-15,830.10302734375,839.6995941338512,801.3133269734466,820.5064605536488,37576400
2025-07-16,926.0686645507812,930.8669477867957,839.6995663025218,839.6995663025218,57940400
2025-07-17,954.8583984375,959.6566818467337,902.0772809359297,926.068697982098,48389800
2025-07-18,926.0686645507812,959.6566472028821,911.673814842738,959.6566472028821,31086400
2025-07-21,1017.236083984375,1017.236083984375,916.4721322689416,930.8669825140036,64613200
2025-07-22,1022.0343627929688,1031.630929579757,983.6480956458149,1026.832646186363,45105000
2025-07-23,1017.236083984375,1084.412051794664,1017.236083984375,1022.0343673993956,31460600
2025-07-24,1055.622314453125,1074.8154474431817,998.0429154829545,1022.0343317205255,36196200
2025-07-25,1026.8326416015625,1065.2189085773218,1012.4377914856527,1055.622341833382,28927800
2025-07-28,1022.0343627929688,1055.6223465467283,1007.639512612786,1026.832646186363,31431600
2025-07-29,1055.622314453125,1079.613730690696,1007.639481977983,1022.0343317205255,37792800
2025-07-30,1189.9742431640625,1223.5622258340159,1113.2017113470263,1113.2017113470263,60082600
2025-07-31,1319.5279541015625,1372.309072265625,1194.7725838955967,1209.1674343039772,79361000
2025-08-01,1329.12451171875,1348.317645461981,1276.3433939248646,1329.12451171875,44407200
2025-08-04,1319.5279541015625,1338.7210879794034,1281.1416863458808,1329.124521040483,26160400
2025-08-05,1362.71240234375,1401.0986671985036,1319.5278543821523,1329.1244205958405,46753600
2025-08-06,1362.71240234375,1367.510685450594,1333.9227037026849,1362.71240234375,30455400
2025-08-07,1386.703857421875,1386.703857421875,1333.9227417414575,1362.7124412035034,43873300
2025-08-08,1425.090087890625,1429.888371014836,1386.7038228969382,1391.502106021149,46480100
2025-08-11,1391.502197265625,1429.8884647764007,1348.317646316002,1425.0901813375538,24793700
2025-08-12,1391.502197265625,1420.2918978987068,1381.905630387931,1410.6953310210129,37726300
2025-08-13,1449.08154296875,1477.8712424979306,1396.3004271652526,1410.6952769298427,52834800
2025-08-14,1468.274658203125,1482.6695077933516,1425.090109432445,1449.081525416156,40151800
2025-08-15,1429.888427734375,1468.2746942507342,1410.6952944761956,1468.2746942507342,22058400
2025-08-19,1525.8541259765625,1545.047259636645,1429.8884576761498,1429.8884576761498,39253500
2025-08-20,1559.4420166015625,1593.0299984975961,1501.8626190655048,1530.6523178335337,50706900
2025-08-21,1607.4249267578125,1617.0214934847247,1549.8455263963385,1559.442093123251,56011200
2025-08-22,1607.4249267578125,1612.2232101212687,1564.2403764867072,1607.4249267578125,50403500
2025-08-25,1612.22314453125,1650.609409877232,1588.231728690011,1607.4248613630023,49490600
2025-08-26,1511.459228515625,1593.0300440228175,1420.2918464781746,1593.0300440228175,53846400
2025-08-27,1497.0643310546875,1564.2402946276543,1439.4849337064302,1501.8626141670422,58483700
2025-08-28,1559.4420166015625,1583.4334322415866,1477.8712034254809,1487.4677696814904,47391400
2025-08-29,1559.4420166015625,1564.2402997295674,1501.8626190655048,1535.4506009615384,37944900
2025-09-01,1492.26611328125,1559.4420797955186,1449.0815633792204,1559.4420797955186,37623400
2025-09-02,1535.45068359375,1535.45068359375,1482.669566345215,1497.0644165039062,40828100
2025-09-03,1612.22314453125,1621.8197108677455,1530.6523306710378,1549.845463344029,46304700
2025-09-04,1559.4420166015625,1617.0214141376202,1540.2488840895433,1617.0214141376202,43266200
2025-09-08,1597.828369140625,1621.8197860946884,1501.8627013243713,1559.4421020141235,35297400
2025-09-09,1789.7596435546875,1808.9527764614402,1559.4420486736553,1597.8283144871607,66966700
2025-09-10,1593.030029296875,1780.16307490705,1593.030029296875,1775.3647916862762,34771000
2025-09-11,1612.22314453125,1626.6179940359932,1540.2488970075335,1593.0300118582588,35654700
2025-09-12,1593.030029296875,1626.618011842291,1549.8454803099114,1621.8197286215172,18908400
2025-09-15,1578.63525390625,1612.223238031915,1564.2404035666793,1593.0301042458207,21905700
2025-09-16,1583.4334716796875,1588.2317549272018,1559.4420554421165,1578.6351884321732,33094400
2025-09-17,1545.0472412109375,1588.231791431119,1525.8541077797458,1583.433508073321,21371300
2025-09-18,1487.4677734375,1545.0471711189516,1473.0729240171372,1545.0471711189516,24816900
2025-09-19,1545.0472412109375,1545.0472412109375,1453.8798574127766,1487.4678409173623,23388500
2025-09-22,1569.03857421875,1573.8368573203363,1525.8540263044724,1545.047158710818,21264500
2025-09-23,1535.45068359375,1569.0386672973632,1511.4592666625977,1569.0386672973632,23199100
2025-09-24,1506.660888671875,1530.6523040965862,1477.8711901622214,1530.6523040965862,18584400
2025-09-25,1597.828369140625,1597.828369140625,1506.660984715184,1506.660984715184,45576100
2025-09-26,1597.828369140625,1602.6266525314377,1554.6438186233108,1597.828369140625,30202200
2025-09-29,1597.828369140625,1602.6266525314377,1569.038668795749,1597.828369140625,28846000
2025-09-30,1583.4334716796875,1597.8283214222301,1559.4420554421165,1597.8283214222301,37721400
2025-10-01,1535.45068359375,1645.8112014770506,1516.257550048828,1593.0300842285155,64858100
2025-10-02,1597.828369140625,1607.4249359222504,1482.6695677611206,1535.45068506006,24965800
2025-10-03,1621.8197021484375,1631.4162684333396,1588.2317201512806,1597.8282864361825,38557700
2025-10-06,1621.8197021484375,1626.6179852908886,1593.0300032937316,1621.8197021484375,33104500
2025-10-07,1631.416259765625,1631.416259765625,1597.828277946921,1621.8196935317096,26984800
2025-10-08,1617.021484375,1636.2146177206973,1573.8369343471809,1631.416334384273,27205200
2025-10-09,1708.1888427734375,1765.7682419680477,1612.2231774490872,1617.0214607153046,72246400
2025-10-10,1717.785400390625,1717.785400390625,1665.0042847361644,1703.390550666681,57426100
2025-10-13,1593.030029296875,1746.575092361634,1477.8712319983056,1688.9956937123493,40706300
2025-10-14,1583.4334716796875,1621.8197376598011,1530.6523559570312,1593.0300381747159,33180000
2025-10-15,1626.6180419921875,1679.3991583990137,1535.4506591076695,1583.4334922047842,83337200
2025-10-16,1799.356201171875,1799.356201171875,1631.4162890625,1679.39912109375,43955000
2025-10-17,1727.3819580078125,1804.1544894748265,1665.0042761908637,1789.7596398247613,38477500
2025-10-20,1784.96142578125,1847.339110015541,1698.5923245337704,1727.3820249495968,38306000
2025-10-21,1780.1630859375,1871.3304676971024,1708.1888371799191,1871.3304676971024,34232800
2025-10-22,1871.3304443359375,1890.5235770983572,1727.3819486177883,1727.3819486177883,30081200
2025-10-23,1823.34765625,1967.2961554276317,1804.154523026316,1871.3304893092106,41144200
2025-10-24,1655.40771484375,1799.356211786685,1636.2145819180255,1775.364795629529,48882900
2025-10-27,1583.4334716796875,1669.8025701349432,1501.862656471946,1655.4077203924005,31334700
2025-10-28,1573.8369140625,1626.6180300828887,1549.8454976895962,1617.0214635337272,32235400
2025-10-29,1679.399169921875,1679.399169921875,1573.8369363839286,1573.8369363839286,35689300
2025-10-30,1765.7681884765625,1799.3561703225841,1660.2059598176377,1679.3990923010786,38403500
2025-10-31,1808.9527587890625,1832.9441746881216,1727.3819447322612,1770.5664933505677,30174700
2025-11-03,1708.1888427734375,1818.5493578964406,1708.1888427734375,1808.9527913640054,25847400
2025-11-04,1698.59228515625,1760.9699679444739,1641.012885659428,1712.9871350304556,30516700
2025-11-05,1736.978515625,1741.776798817334,1617.0214358166436,1698.592250086326,45097900
2025-11-06,1741.77685546875,1871.3305058755166,1727.3820054235537,1818.54938904313,38498600
2025-11-07,1688.9957275390625,1751.373410658403,1669.802594271573,1746.5751273415306,24499700
2025-11-10,1621.8197021484375,1688.9956661427516,1602.6265695786335,1688.9956661427516,26887900
2025-11-11,1612.22314453125,1636.214560372489,1583.4334455217634,1631.416277204241,25343400
2025-11-12,1602.6265869140625,1626.6180028858298,1588.231737331002,1612.2231533027693,20352100
2025-11-13,1564.2403564453125,1602.6266228611485,1559.4420731433331,1593.0300562571895,20402200
2025-11-14,1540.2489013671875,1583.4334500036507,1525.8540518216996,1583.4334500036507,16478400
2025-11-17,1540.2489013671875,1549.845467730846,1525.8540518216996,1540.2489013671875,17713000
2025-11-18,1564.2403564453125,1578.6352063512509,1516.2575234255178,1530.6523733314561,31809100
2025-11-19,1607.4249267578125,1612.2232101212687,1569.0386598501632,1573.8369432136194,22324900
2025-11-20,1602.6265869140625,1684.1974012180717,1588.231737331002,1612.2231533027693,28017600
2025-11-21,1626.6180419921875,1641.0128919213219,1602.62662544363,1612.2231920630531,18884700
2025-11-24,1602.6265869140625,1665.0042684406576,1602.6265869140625,1645.8111356632437,85597200
2025-11-25,1549.845458984375,1617.0214231508803,1549.845458984375,1607.4248568413796,24547600
2025-11-26,1607.4249267578125,1612.2232101212687,1554.6438097597947,1554.6438097597947,27504000
2025-11-27,1564.2403564453125,1597.8283395591689,1545.0472232373945,1597.8283395591689,16185500
2025-11-28,1626.6180419921875,1626.6180419921875,1554.6437923465155,1564.2403589659384,27590200
2025-12-01,1612.22314453125,1655.4076930454798,1602.6265781947545,1626.6179940359932,30743900
2025-12-02,1669.8026123046875,1669.8026123046875,1607.4249285116964,1612.223211880388,25058000
2025-12-03,1674.600830078125,1722.5836618855212,1641.0128478129477,1665.0042637166457,29944000
2025-12-04,1674.600830078125,1698.592245981823,1641.0128478129477,1698.592245981823,19360900
2025-12-05,1645.8111572265625,1684.197423284325,1631.4163074549017,1679.3991400271045,18650800
2025-12-08,1573.8369140625,1665.004296279535,1564.2403475133385,1665.004296279535,23567800
2025-12-09,1549.845458984375,1593.0300073771284,1530.6523263653735,1578.6351579128773,15895500
2025-12-10,1492.26611328125,1554.6437964730708,1463.4764133465635,1549.845513150623,28200500
2025-12-11,1324.326171875,1468.2746688179348,1281.1416227921197,1468.2746688179348,88879200
2025-12-12,1410.6953125,1463.4764296343537,1333.9227784863945,1333.9227784863945,43092900
2025-12-15,1410.6953125,1415.4935958758504,1343.5193452380952,1410.6953125,29924000
2025-12-16,1410.6953125,1439.485012755102,1396.300462372449,1405.8970291241496,23562600
2025-12-17,1434.6866455078125,1434.6866455078125,1391.5020976497178,1410.6952300310932,21441900
2025-12-18,1420.2918701171875,1439.4850034971494,1405.897020082216,1434.686720152159,25068700
2025-12-19,1506.660888671875,1506.660888671875,1420.291793142914,1420.291793142914,26632700
2025-12-22,1415.4935302734375,1487.4677775754767,1391.5021145060912,1487.4677775754767,16627800
2025-12-23,1492.26611328125,1506.6609632485934,1415.493580122086,1420.2918634445339,25690100
2025-12-24,1468.274658203125,1492.2660741868362,1439.4849590226715,1487.4677909900938,18403500
2025-12-29,1487.4677734375,1487.4677734375,1449.0815083165323,1468.2746408770163,22458900
2025-12-30,1477.8712158203125,1501.8626316615514,1458.6780831473213,1487.467782156808,16212500
2026-01-02,1444.2833251953125,1487.4678764469995,1439.485041722903,1487.4678764469995,12925400
2026-01-05,1439.4849853515625,1477.8712516276041,1429.888418782552,1444.2832686360678,15363100
2026-01-06,1477.8712158203125,1497.0643484933034,1449.0815168108259,1449.0815168108259,20702300
2026-01-07,1439.4849853515625,1473.0729683430989,1420.2918522135417,1473.0729683430989,18890200
2026-01-08,1439.4849853515625,1477.8712516276041,1439.4849853515625,1444.2832686360678,21280300
2026-01-09,1429.888427734375,1453.8798443070996,1420.2918611052853,1439.484994363465,15662600
2026-01-12,1396.3004150390625,1439.4849639577963,1381.9055653994844,1434.6866807446038,21243100
2026-01-13,1405.89697265625,1429.8883885718858,1367.510707191233,1396.3004062899959,22417400
2026-01-14,1391.502197265625,1425.0901813375538,1377.1073469490839,1405.897047582166,24254200
2026-01-15,1391.502197265625,1396.300480704472,1381.905630387931,1381.905630387931,18632900
2026-01-19,1468.274658203125,1492.2660741868362,1391.502127055249,1391.502127055249,22741200
2026-01-20,1492.26611328125,1501.8626799261456,1449.0815633792204,1463.4764133465635,23009400
2026-01-21,1463.4764404296875,1492.2661408971567,1439.485023373463,1492.2661408971567,12181800
2026-01-22,1463.4764404296875,1482.669574074667,1439.485023373463,1468.2747238409324,20889300
2026-01-23,1458.6781005859375,1468.2746670371607,1396.3004186529863,1463.476383811549,19703100
2026-01-26,1425.090087890625,1468.2746360085227,1401.0986722695707,1468.2746360085227,17397500
2026-01-27,1482.6695556640625,1497.0644057190534,1415.4935887407717,1425.0901554440989,19702200
2026-01-28,1429.888427734375,1482.6695441943689,1381.9055945889263,1482.6695441943689,13683900
2026-01-29,1314.7296142578125,1425.0901293232494,1285.9399146755247,1425.0901293232494,30738500
2026-01-30,1319.5279541015625,1362.7125053267046,1319.5279541015625,1343.5193714488637,38750200
2026-02-02,1319.5279541015625,1343.5193714488637,1281.1416863458808,1343.5193714488637,9876700
2026-02-03,1401.0987548828125,1401.0987548828125,1305.133086740154,1338.7210705900845,4020800
2026-02-04,1386.703857421875,1396.3004239092236,1362.7124412035034,1396.3004239092236,6316700
2026-02-05,1386.703857421875,1396.3004239092236,1362.7124412035034,1386.703857421875,8934400
2026-02-06,1381.9056396484375,1386.703923119439,1343.5193718804253,1386.703923119439,7069000
2026-02-09,1338.7210693359375,1391.502186764953,1324.3262191280244,1391.502186764953,14971900
2026-02-10,1348.317626953125,1357.914193693005,1329.1244934733652,1338.7210602132452,11803400
2026-02-11,1343.519287109375,1357.9141366141182,1329.1244376046316,1343.519287109375,11081400
2026-02-12,1343.519287109375,1357.9141366141182,1324.3261544363838,1353.1158534458705,8898400
2026-02-13,1343.519287109375,1348.3175702776227,1309.9313049316406,1348.3175702776227,16555500
2026-02-18,1348.317626953125,1391.5021772825846,1338.7210602132452,1372.3090438028248,15107100
2026-02-19,1348.317626953125,1367.5107604328848,1324.3262101034254,1348.317626953125,15231100
2026-02-20,1348.317626953125,1353.115910323065,1329.1244934733652,1343.5193435831852,7412600
2026-02-23,1357.9141845703125,1367.510751245721,1333.922767881791,1353.1159012326082,9701600
2026-02-24,1343.519287109375,1367.510702950614,1324.3261544363838,1357.9141366141182,10808000
2026-02-25,1338.7210693359375,1348.3176361412131,1319.5279357253864,1343.5193527385754,5731000
2026-02-26,1295.5364990234375,1338.7210489908855,1276.3433657045719,1338.7210489908855,11041700
2026-02-27,1324.326171875,1357.9141544950182,1276.3433395606885,1295.536472486413,17999800
2026-03-02,1281.1416015625,1319.527866777856,1257.1501858029026,1295.5364510182585,5712600
2026-03-03,1319.5279541015625,1357.9142218572442,1285.9399698153409,1305.1331036931817,7624500
2026-03-04,1281.1416015625,1319.527866777856,1237.9570531952247,1319.527866777856,8075400
2026-03-05,1333.9227294921875,1343.519295891412,1271.545047897229,1285.9398974960657,5776200
2026-03-06,1348.317626953125,1367.5107604328848,1309.9313599936054,1333.9227768433052,6247900
2026-03-09,1319.5279541015625,1357.9142218572442,1276.3434028764204,1348.3176549183238,8398100
2026-03-10,1252.3519287109375,1319.5278942356622,1233.1587957038732,1319.5278942356622,8803900
2026-03-11,1295.5364990234375,1314.7296323423031,1252.3519490559895,1261.9485157154224,5717700
2026-03-12,1333.9227294921875,1357.9141454902485,1295.5364638952901,1300.3347470949022,6035400
2026-03-13,1290.7381591796875,1353.1158397348397,1276.343309820806,1353.1158397348397,3305700
2026-03-16,1295.5364990234375,1305.1330656828704,1252.3519490559895,1295.5364990234375,3760200
2026-03-17,1329.12451171875,1343.5193620261734,1295.5365276680957,1295.5365276680957,3067900
2026-03-25,1506.660888671875,1506.660888671875,1285.9398667645303,1319.5278483591262,18642800
2026-03-26,1468.274658203125,1497.0643573835785,1429.8883926291871,1497.0643573835785,13609400
2026-03-27,1535.45068359375,1549.8455337524413,1468.2747161865234,1468.2747161865234,15821900
2026-03-30,1660.2060546875,1684.197471662753,1530.6524030211344,1554.6438199963873,27612500
2026-03-31,1621.8197021484375,1679.3990998578495,1569.0385875814766,1660.2059672880455,22435100
2026-04-01,1602.6265869140625,1655.4077020519508,1583.4334541366486,1655.4077020519508,8308600
2026-04-02,1602.6265869140625,1674.6008348293647,1583.4334541366486,1612.2231533027693,13286000
2026-04-06,1631.416259765625,1631.416259765625,1530.6523143095128,1602.6265610638786,6852200
2026-04-07,1607.4249267578125,1631.4163435750934,1564.2403764867072,1631.4163435750934,4375900
2026-04-08,1597.828369140625,1612.223219313063,1545.0472518416855,1602.6266525314377,8964600
2026-04-09,1612.22314453125,1626.6179940359932,1573.836879185268,1597.8282950265066,4827800
2026-04-10,1593.030029296875,1621.8197286215172,1578.6351796345539,1612.22316217997,3251800
2026-04-13,1650.6094970703125,1712.9871815526208,1588.2318125880042,1593.0300960097202,36639300
2026-04-14,1684.1973876953125,1698.5922371627937,1660.205971916177,1674.6008213836583,14187900
2026-04-15,1631.416259765625,1703.3905065199908,1617.021410414752,1703.3905065199908,15032500
2026-04-16,1569.03857421875,1655.407670047305,1554.6437249139908,1650.6093869457186,7957000
2026-04-17,1597.828369140625,1612.223219313063,1559.4421020141235,1569.038668795749,6557100
2026-04-20,1607.4249267578125,1645.8111936654618,1593.030076667444,1617.0214934847247,5658900
2026-04-21,1645.8111572265625,1645.8111572265625,1602.6266079115799,1607.4248911688,6426600
2026-04-22,1645.8111572265625,1665.0042902554437,1626.6180241976813,1650.6094404837827,5154400
2026-04-23,1679.399169921875,1688.9957366071428,1650.6094698660713,1650.6094698660713,10447200
2026-04-24,1636.214599609375,1684.1974324424946,1621.8197497594392,1684.1974324424946,8163600
2026-04-27,1784.96142578125,1784.96142578125,1631.4163568968415,1636.2146402994792,21730500
2026-04-28,1698.59228515625,1780.1631011100812,1645.8111689508298,1780.1631011100812,20003500
2026-04-29,1775.3648681640625,1799.3562853014148,1679.3991996146538,1698.5923333245355,33391600
2026-04-30,1684.1973876953125,1789.7596171235086,1684.1973876953125,1780.1630508118544,17446000
2026-05-04,1679.399169921875,1703.3905866350447,1641.0129031808035,1684.1974532645088,9190400
2026-05-05,1645.8111572265625,1684.197423284325,1641.012873969342,1679.3991400271045,8736400
2026-05-06,1679.399169921875,1693.7940199497766,1636.2146198381695,1636.2146198381695,5602100
2026-05-07,1602.6265869140625,1684.1974012180717,1588.231737331002,1679.399118023718,17691200
2026-05-08,1593.030029296875,1617.0214454007435,1559.442046751459,1602.6265957384223,6571600
2026-05-11,1597.828369140625,1636.2146362671265,1549.8455352324982,1583.433518968187,4507000
2026-05-12,1612.22314453125,1626.6179940359932,1564.2403128487722,1602.6265781947545,3668100
2026-05-13,1540.2489013671875,1588.23173318548,1516.2574854580412,1564.2403172763336,20307000
2026-05-14,1540.2489013671875,1540.2489013671875,1540.2489013671875,1540.2489013671875,0
2026-05-15,1540.2489013671875,1540.2489013671875,1540.2489013671875,1540.2489013671875,0
2026-05-18,1439.4849853515625,1545.047217610677,1391.5021525065104,1540.2489343261718,24511400
2026-05-19,1223.562255859375,1439.4850068933824,1223.562255859375,1439.4850068933824,23911500
2026-05-20,1218.763916015625,1252.3518979530634,1117.9999702033094,1209.1673497477855,23084100
2026-05-21,1228.3604736328125,1237.9570398330688,1194.7724919319153,1218.7639074325562,7336400
2026-05-22,1228.3604736328125,1247.5536060333252,1180.3776426315308,1228.3604736328125,22861700
2026-05-25,1189.9742431640625,1233.1587923111454,1170.7811102098035,1233.1587923111454,6274900
2026-05-26,1151.5880126953125,1189.974279785156,1127.5965957641602,1189.974279785156,11098000
2026-05-27,1151.5880126953125,1151.5880126953125,1151.5880126953125,1151.5880126953125,0
2026-05-28,1151.5880126953125,1151.5880126953125,1151.5880126953125,1151.5880126953125,0
2026-05-29,1141.991455078125,1185.176005900407,1141.991455078125,1151.5880219275211,47660300
2026-06-02,1161.1845703125,1189.9742704028924,1141.991436918905,1151.5880036157025,3540800
2026-06-03,1146.7896728515625,1180.3776549016081,1055.6222930014383,1175.5793717516017,9758200
2026-06-04,1103.6051025390625,1146.7896500297215,1036.4291397758152,1146.7896500297215,8081100
2026-06-05,1079.61376953125,1118.000036892361,1070.0172026909722,1103.6051866319444,12503700
2026-06-08,1031.630859375,1089.2102561773256,1002.8411609738373,1070.0171239098838,16223300
2026-06-09,1055.622314453125,1065.2188809481534,1017.2360484730114,1031.630898215554,4409900
2026-06-10,1065.2188720703125,1089.2102881079322,1036.429172825169,1089.2102881079322,6619200
2026-06-11,1050.8240966796875,1089.2103650515483,1002.8412612148616,1065.2189473191352,14725600
2026-06-12,1098.806884765625,1122.7983014635645,1055.6223347093342,1060.420618048922,7343000
2026-06-15,1103.6051025390625,1156.3862161387567,1089.2102533755094,1108.4033855935802,11653800
2026-06-17,1084.4119873046875,1151.5879511200221,1060.4205716563538,1132.3948186013552,20925900
2026-06-18,1118.0,1122.7982832618025,1079.6137339055795,1089.2103004291846,6416600
2026-06-19,1140.0,1140.0,1110.0,1125.0,5486700
2026-06-22,1120.0,1140.0,1110.0,1135.0,4908400
2026-06-23,1125.0,1125.0,1105.0,1120.0,5280600
2026-06-24,1110.0,1135.0,1105.0,1125.0,7649600
2026-06-25,1135.0,1140.0,1105.0,1115.0,6128800
2026-06-26,1115.0,1145.0,1110.0,1135.0,5771400
2026-06-29,1120.0,1140.0,1115.0,1125.0,1857400
2026-06-30,1115.0,1140.0,1110.0,1140.0,5083000
2026-07-01,1135.0,1150.0,1110.0,1120.0,6164600
2026-07-02,1140.0,1155.0,1120.0,1155.0,1980200
2026-07-03,1145.0,1165.0,1140.0,1140.0,1712500
2026-07-06,1150.0,1155.0,1130.0,1145.0,1461400
2026-07-07,1150.0,1155.0,1130.0,1145.0,1326900
2026-07-08,1145.0,1160.0,1135.0,1160.0,997200
2026-07-09,1150.0,1150.0,1120.0,1145.0,3298900
2026-07-10,1170.0,1185.0,1150.0,1150.0,2914100
2026-07-13,1185.0,1185.0,1170.0,1170.0,2375900
2026-07-14,1210.0,1225.0,1180.0,1190.0,4074800
2026-07-15,1210.0,1225.0,1185.0,1205.0,1861500
2026-07-16,1215.0,1215.0,1195.0,1210.0,1919500
2026-07-17,1215.0,1220.0,1195.0,1220.0,2694600
2026-07-20,1220.0,1225.0,1210.0,1215.0,3418500
2026-07-21,1230.0,1240.0,1200.0,1215.0,6939000
2026-07-22,1260.0,1260.0,1210.0,1230.0,3692900
2026-07-23,1350.0,1360.0,1240.0,1260.0,13331100
2026-07-24,1310.0,1365.0,1310.0,1350.0,17331300
2026-07-27,1255.0,1305.0,1230.0,1305.0,8171500
2026-07-28,1340.0,1340.0,1260.0,1260.0,7663100
2026-07-29,1315.0,1355.0,1300.0,1350.0,3500600
2026-07-30,1360.0,1390.0,1325.0,1325.0,9461700
2026-07-31,1335.0,1370.0,1335.0,1360.0,4205800
2026-08-03,1390.0,1405.0,1325.0,1335.0,11337800
2026-08-04,1375.0,1400.0,1345.0,1390.0,6194200
2026-08-05,1375.0,1410.0,1370.0,1400.0,6176900
2026-08-06,1350.0,1385.0,1350.0,1375.0,2406600
2026-08-07,1380.0,1380.0,1350.0,1365.0,2520400
2026-08-10,1320.0,1380.0,1305.0,1380.0,5484800
2026-08-11,1280.0,1330.0,1275.0,1325.0,7088000
2026-08-12,1320.0,1320.0,1280.0,1280.0,2126200
2026-08-13,1280.0,1320.0,1270.0,1320.0,3388900
2026-08-14,1335.0,1340.0,1255.0,1280.0,4576600
2026-08-18,1360.0,1375.0,1340.0,1340.0,4191100
2026-08-19,1360.0,1375.0,1345.0,1365.0,3208000
2026-08-20,1420.0,1425.0,1360.0,1360.0,9469700
2026-08-21,1440.0,1475.0,1430.0,1430.0,9998600
2026-08-24,1460.0,1475.0,1440.0,1440.0,4008300
2026-08-26,1470.0,1510.0,1455.0,1460.0,6210800
2026-08-27,1565.0,1565.0,1460.0,1470.0,8573000
2026-08-28,1550.0,1565.0,1520.0,1545.0,2985100
2026-08-31,1600.0,1620.0,1535.0,1550.0,6045900
2026-09-01,1710.0,1720.0,1620.0,1690.0,13355700
2026-09-02,1700.0,1730.0,1650.0,1720.0,6479500
2026-09-03,1635.0,1705.0,1635.0,1705.0,13580900
2026-09-04,1640.0,1680.0,1635.0,1650.0,8964600
2026-09-07,1660.0,1750.0,1640.0,1750.0,4462100
2026-09-08,1655.0,1695.0,1640.0,1660.0,4316300
2026-09-09,1695.0,1695.0,1650.0,1660.0,3884100
2026-09-10,1665.0,1725.0,1660.0,1695.0,2911100
2026-09-11,1625.0,1660.0,1610.0,1655.0,3691600
2026-09-14,1650.0,1665.0,1580.0,1625.0,4238400
2026-09-15,1600.0,1650.0,1580.0,1650.0,1569400
2026-09-16,1595.0,1635.0,1580.0,1600.0,7676600
2026-09-17,1660.0,1700.0,1595.0,1595.0,6683600
2026-09-18,1690.0,1690.0,1665.0,1670.0,4103300
2026-09-21,1650.0,1710.0,1630.0,1690.0,6050300
2026-09-22,1540.0,1665.0,1510.0,1655.0,9180000
2026-09-23,1515.0,1550.0,1495.0,1540.0,5355700
2026-09-24,1600.0,1600.0,1485.0,1500.0,5804300
2026-09-25,1575.0,1600.0,1575.0,1600.0,2561300
2026-09-28,1565.0,1575.0,1555.0,1575.0,5986300
2026-09-29,1520.0,1550.0,1520.0,1545.0,498900
