date,Close,High,Low,Open,Volume
2018-06-01,815.8870849609375,815.8870849609375,815.8870849609375,815.8870849609375,0
2018-06-04,815.8870849609375,815.8870849609375,815.8870849609375,815.8870849609375,2000
2018-06-05,815.8870849609375,815.8870849609375,815.8870849609375,815.8870849609375,2000
2018-06-06,815.8870849609375,815.8870849609375,815.8870849609375,815.8870849609375,2000
2018-06-07,815.8870849609375,815.8870849609375,815.8870849609375,815.8870849609375,2000
2018-06-08,815.8870849609375,815.8870849609375,815.8870849609375,815.8870849609375,2000
2018-06-11,815.8870849609375,815.8870849609375,815.8870849609375,815.8870849609375,0
2018-06-12,815.8870849609375,815.8870849609375,815.8870849609375,815.8870849609375,0
2018-06-13,815.8870849609375,815.8870849609375,815.8870849609375,815.8870849609375,0
2018-06-14,815.8870849609375,815.8870849609375,815.8870849609375,815.8870849609375,0
2018-06-15,815.8870849609375,815.8870849609375,815.8870849609375,815.8870849609375,0
2018-06-18,815.8870849609375,815.8870849609375,815.8870849609375,815.8870849609375,0
2018-06-19,815.8870849609375,815.8870849609375,815.8870849609375,815.8870849609375,0
2018-06-20,815.8870849609375,815.8870849609375,815.8870849609375,815.8870849609375,5000
2018-06-21,815.8870849609375,815.8870849609375,815.8870849609375,815.8870849609375,2000
2018-06-22,815.8870849609375,815.8870849609375,815.8870849609375,815.8870849609375,2000
2018-06-25,815.8870849609375,815.8870849609375,797.6549713305254,799.9339855343269,113000
2018-06-26,815.8870849609375,815.8870849609375,815.8870849609375,815.8870849609375,2000
2018-06-27,815.8870849609375,815.8870849609375,815.8870849609375,815.8870849609375,52000
2018-06-28,815.8870849609375,815.8870849609375,815.8870849609375,815.8870849609375,2000
2018-06-29,815.8870849609375,815.8870849609375,815.8870849609375,815.8870849609375,2000
2018-07-02,820.4451904296875,820.4451904296875,820.4451904296875,820.4451904296875,5000
2018-07-03,767.4542846679688,767.4542846679688,767.4542846679688,767.4542846679688,46000
2018-07-04,767.4542846679688,767.4542846679688,767.4542846679688,767.4542846679688,30000
2018-07-05,767.4542846679688,810.851997193836,767.4542846679688,810.851997193836,23000
2018-07-06,762.8860473632812,774.3064971741088,751.4655975524537,751.4655975524537,61000
2018-07-09,772.0224609375,803.999722633136,772.0224609375,803.999722633136,84000
2018-07-10,772.0224609375,772.0224609375,749.1815597263313,749.1815597263313,157000
2018-07-11,772.0224609375,772.0224609375,772.0224609375,772.0224609375,50000
2018-07-12,772.0224609375,774.3065510586168,772.0224609375,774.3065510586168,103000
2018-07-13,772.0224609375,776.5906411797337,772.0224609375,776.5906411797337,177000
2018-07-16,803.999755859375,803.999755859375,803.999755859375,803.999755859375,71000
2018-07-17,785.72705078125,785.72705078125,785.72705078125,785.72705078125,150000
2018-07-18,767.4542846679688,803.9997267950149,767.4542846679688,803.9997267950149,152000
2018-07-19,767.4542846679688,767.4542846679688,751.4656537373861,751.4656537373861,233000
2018-07-20,813.1360473632812,813.1360473632812,813.1360473632812,813.1360473632812,50000
2018-07-23,813.1360473632812,813.1360473632812,813.1360473632812,813.1360473632812,10000
2018-07-24,813.1360473632812,813.1360473632812,813.1360473632812,813.1360473632812,10000
2018-07-25,813.1360473632812,813.1360473632812,813.1360473632812,813.1360473632812,10000
2018-07-26,813.1360473632812,813.1360473632812,813.1360473632812,813.1360473632812,11000
2018-07-27,813.1360473632812,813.1360473632812,813.1360473632812,813.1360473632812,5000
2018-07-30,813.1360473632812,813.1360473632812,813.1360473632812,813.1360473632812,5000
2018-07-31,813.1360473632812,813.1360473632812,813.1360473632812,813.1360473632812,5000
2018-08-01,817.7042236328125,817.7042236328125,817.7042236328125,817.7042236328125,5000
2018-08-02,813.1360473632812,813.1360473632812,813.1360473632812,813.1360473632812,44000
2018-08-03,817.7042236328125,817.7042236328125,817.7042236328125,817.7042236328125,5000
2018-08-06,817.7042236328125,817.7042236328125,744.6133433080918,817.7042236328125,106000
2018-08-07,817.7042236328125,817.7042236328125,817.7042236328125,817.7042236328125,5000
2018-08-08,817.7042236328125,817.7042236328125,817.7042236328125,817.7042236328125,13000
2018-08-09,817.7042236328125,817.7042236328125,794.8633235313373,794.8633235313373,11000
2018-08-10,817.7042236328125,817.7042236328125,817.7042236328125,817.7042236328125,5000
2018-08-13,817.7042236328125,817.7042236328125,817.7042236328125,817.7042236328125,5000
2018-08-14,817.7042236328125,817.7042236328125,817.7042236328125,817.7042236328125,5000
2018-08-15,817.7042236328125,817.7042236328125,817.7042236328125,817.7042236328125,5000
2018-08-16,817.7042236328125,817.7042236328125,817.7042236328125,817.7042236328125,5000
2018-08-17,817.7042236328125,817.7042236328125,817.7042236328125,817.7042236328125,0
2018-08-20,817.7042236328125,817.7042236328125,817.7042236328125,817.7042236328125,5000
2018-08-21,817.7042236328125,817.7042236328125,817.7042236328125,817.7042236328125,5000
2018-08-22,817.7042236328125,817.7042236328125,817.7042236328125,817.7042236328125,0
2018-08-23,817.7042236328125,817.7042236328125,817.7042236328125,817.7042236328125,6000
2018-08-24,817.7042236328125,817.7042236328125,817.7042236328125,817.7042236328125,5000
2018-08-27,817.7042236328125,817.7042236328125,817.7042236328125,817.7042236328125,5000
2018-08-28,813.1360473632812,813.1360473632812,813.1360473632812,813.1360473632812,5000
2018-08-29,813.1360473632812,813.1360473632812,813.1360473632812,813.1360473632812,5000
2018-08-30,808.56787109375,813.1360511564266,808.56787109375,813.1360511564266,13000
2018-08-31,808.56787109375,808.56787109375,808.56787109375,808.56787109375,150000
2018-09-03,813.1360473632812,813.1360473632812,813.1360473632812,813.1360473632812,25000
2018-09-04,813.1360473632812,813.1360473632812,813.1360473632812,813.1360473632812,25000
2018-09-05,808.56787109375,808.56787109375,808.56787109375,808.56787109375,25000
2018-09-06,808.56787109375,808.56787109375,808.56787109375,808.56787109375,30000
2018-09-07,808.56787109375,808.56787109375,808.56787109375,808.56787109375,51000
2018-09-10,808.56787109375,808.56787109375,808.56787109375,808.56787109375,50000
2018-09-11,808.56787109375,808.56787109375,808.56787109375,808.56787109375,0
2018-09-12,808.56787109375,808.56787109375,808.56787109375,808.56787109375,5000
2018-09-13,808.56787109375,808.56787109375,808.56787109375,808.56787109375,15000
2018-09-14,813.1360473632812,813.1360473632812,813.1360473632812,813.1360473632812,5000
2018-09-17,808.56787109375,808.56787109375,808.56787109375,808.56787109375,5000
2018-09-18,803.999755859375,803.999755859375,803.999755859375,803.999755859375,105000
2018-09-19,813.1360473632812,813.1360473632812,813.1360473632812,813.1360473632812,5000
2018-09-20,808.56787109375,808.56787109375,808.56787109375,808.56787109375,30000
2018-09-21,803.999755859375,813.1361167214133,803.999755859375,813.1361167214133,101000
2018-09-24,808.56787109375,808.56787109375,808.56787109375,808.56787109375,15000
2018-09-25,803.999755859375,803.999755859375,803.999755859375,803.999755859375,30000
2018-09-26,803.999755859375,808.5679362903942,803.999755859375,808.5679362903942,25000
2018-09-27,808.56787109375,808.56787109375,808.56787109375,808.56787109375,25000
2018-09-28,808.56787109375,808.56787109375,803.9996910310734,803.9996910310734,26000
2018-10-01,803.999755859375,803.999755859375,803.999755859375,803.999755859375,35000
2018-10-02,803.999755859375,803.999755859375,803.999755859375,803.999755859375,50000
2018-10-03,803.999755859375,808.5679362903942,803.999755859375,808.5679362903942,37000
2018-10-04,799.4315185546875,799.4315185546875,799.4315185546875,799.4315185546875,75000
2018-10-05,808.56787109375,808.56787109375,808.56787109375,808.56787109375,125000
2018-10-08,785.72705078125,785.72705078125,740.0452455032704,740.0452455032704,1459000
2018-10-09,817.7042236328125,817.7042236328125,803.9996835719273,808.5678635922224,262000
2018-10-10,813.1360473632812,813.1360473632812,813.1360473632812,813.1360473632812,190000
2018-10-11,808.56787109375,808.56787109375,808.56787109375,808.56787109375,7000
2018-10-12,808.56787109375,808.56787109375,808.56787109375,808.56787109375,7000
2018-10-15,806.2837524414062,806.2837524414062,806.2837524414062,806.2837524414062,20000
2018-10-16,808.56787109375,808.56787109375,808.56787109375,808.56787109375,15000
2018-10-17,808.56787109375,808.56787109375,808.56787109375,808.56787109375,10000
2018-10-18,813.1360473632812,813.1360473632812,813.1360473632812,813.1360473632812,8000
2018-10-19,808.56787109375,808.56787109375,808.56787109375,808.56787109375,17000
2018-10-22,808.56787109375,808.56787109375,808.56787109375,808.56787109375,15000
2018-10-23,808.56787109375,808.56787109375,808.56787109375,808.56787109375,18000
2018-10-24,808.56787109375,808.56787109375,808.56787109375,808.56787109375,18000
2018-10-25,803.999755859375,813.1361167214133,803.999755859375,813.1361167214133,29000
2018-10-26,803.999755859375,803.999755859375,803.999755859375,803.999755859375,14000
2018-10-29,808.56787109375,808.56787109375,808.56787109375,808.56787109375,6000
2018-10-30,813.1360473632812,813.1360473632812,813.1360473632812,813.1360473632812,2000
2018-10-31,781.1588134765625,781.1588134765625,781.1588134765625,781.1588134765625,100000
2018-11-01,808.56787109375,808.56787109375,808.56787109375,808.56787109375,137000
2018-11-02,808.56787109375,808.56787109375,808.56787109375,808.56787109375,105000
2018-11-05,808.56787109375,808.56787109375,808.56787109375,808.56787109375,0
2018-11-06,803.999755859375,803.999755859375,803.999755859375,803.999755859375,6000
2018-11-07,799.4315185546875,799.4315185546875,799.4315185546875,799.4315185546875,35000
2018-11-08,803.999755859375,803.999755859375,803.999755859375,803.999755859375,10000
2018-11-09,799.4315185546875,799.4315185546875,799.4315185546875,799.4315185546875,50000
2018-11-12,799.4315185546875,799.4315185546875,799.4315185546875,799.4315185546875,118000
2018-11-13,792.579345703125,792.579345703125,792.579345703125,792.579345703125,50000
2018-11-14,794.8633422851562,794.8633422851562,794.8633422851562,794.8633422851562,77000
2018-11-15,808.56787109375,808.56787109375,808.56787109375,808.56787109375,15000
2018-11-16,808.56787109375,808.56787109375,808.56787109375,808.56787109375,15000
2018-11-19,808.56787109375,808.56787109375,808.56787109375,808.56787109375,15000
2018-11-20,808.56787109375,808.56787109375,808.56787109375,808.56787109375,0
2018-11-21,806.2837524414062,810.8519323419241,772.0224031875222,778.874673038299,276000
2018-11-22,803.999755859375,803.999755859375,803.999755859375,803.999755859375,30000
2018-11-23,801.7156982421875,801.7156982421875,801.7156982421875,801.7156982421875,50000
2018-11-26,810.8519287109375,810.8519287109375,799.4314790107834,799.4314790107834,8000
2018-11-27,797.1474609375,799.4315510834527,797.1474609375,799.4315510834527,128000
2018-11-28,794.8633422851562,794.8633422851562,794.8633422851562,794.8633422851562,90000
2018-11-29,810.8519287109375,810.8519287109375,810.8519287109375,810.8519287109375,10000
2018-11-30,806.2837524414062,808.5678423916652,806.2837524414062,808.5678423916652,11000
2018-12-03,806.2837524414062,806.2837524414062,806.2837524414062,806.2837524414062,48000
2018-12-04,799.4315185546875,803.9996986607143,769.7383478655134,769.7383478655134,49000
2018-12-05,794.8633422851562,794.8633422851562,794.8633422851562,794.8633422851562,55000
2018-12-06,788.0111083984375,794.8633789062501,762.8861165364584,769.7383870442709,155000
2018-12-07,790.2951049804688,790.2951049804688,758.317846397444,758.317846397444,204000
2018-12-10,785.72705078125,785.72705078125,758.3179676144623,762.8861481422603,190000
2018-12-11,785.72705078125,785.72705078125,785.72705078125,785.72705078125,120000
2018-12-12,783.4429321289062,785.7270223100401,783.4429321289062,785.7270223100401,208000
2018-12-13,783.4429321289062,783.4429321289062,783.4429321289062,783.4429321289062,50000
2018-12-14,781.1588134765625,783.4429035744472,778.8747233786778,778.8747233786778,53000
2018-12-17,803.999755859375,813.1361167214133,767.4543124112215,767.4543124112215,38000
2018-12-18,794.8633422851562,794.8633422851562,794.8633422851562,794.8633422851562,35000
2018-12-19,785.72705078125,785.72705078125,785.72705078125,785.72705078125,35000
2018-12-20,781.1588134765625,781.1588134765625,781.1588134765625,781.1588134765625,55000
2018-12-21,803.999755859375,803.999755859375,803.999755859375,803.999755859375,15000
2018-12-24,803.999755859375,803.999755859375,803.999755859375,803.999755859375,0
2018-12-25,803.999755859375,803.999755859375,803.999755859375,803.999755859375,0
2018-12-26,803.999755859375,803.999755859375,803.999755859375,803.999755859375,10000
2018-12-27,803.999755859375,803.999755859375,803.999755859375,803.999755859375,10000
2018-12-28,767.4542846679688,767.4542846679688,767.4542846679688,767.4542846679688,100000
2018-12-31,767.4542846679688,767.4542846679688,767.4542846679688,767.4542846679688,0
2019-01-01,767.4542846679688,767.4542846679688,767.4542846679688,767.4542846679688,0
2019-01-02,803.999755859375,803.999755859375,772.0224928422407,803.999755859375,28000
2019-01-03,799.4315185546875,799.4315185546875,799.4315185546875,799.4315185546875,10000
2019-01-04,803.999755859375,803.999755859375,803.999755859375,803.999755859375,10000
2019-01-07,803.999755859375,803.999755859375,803.999755859375,803.999755859375,10000
2019-01-08,803.999755859375,803.999755859375,803.999755859375,803.999755859375,10000
2019-01-09,803.999755859375,803.999755859375,803.999755859375,803.999755859375,5000
2019-01-10,801.7156982421875,813.136149784099,801.7156982421875,813.136149784099,7000
2019-01-11,803.999755859375,803.999755859375,803.999755859375,803.999755859375,5000
2019-01-14,803.999755859375,803.999755859375,803.999755859375,803.999755859375,5000
2019-01-15,803.999755859375,803.999755859375,803.999755859375,803.999755859375,5000
2019-01-16,803.999755859375,803.999755859375,803.999755859375,803.999755859375,0
2019-01-17,803.999755859375,803.999755859375,803.999755859375,803.999755859375,0
2019-01-18,803.999755859375,803.999755859375,803.999755859375,803.999755859375,0
2019-01-21,797.1474609375,813.1360919591691,776.5906496239255,813.1360919591691,31000
2019-01-22,799.4315185546875,813.1360588727679,799.4315185546875,813.1360588727679,6000
2019-01-23,799.4315185546875,799.4315185546875,799.4315185546875,799.4315185546875,0
2019-01-24,799.4315185546875,799.4315185546875,799.4315185546875,799.4315185546875,0
2019-01-25,799.4315185546875,799.4315185546875,799.4315185546875,799.4315185546875,0
2019-01-28,799.4315185546875,799.4315185546875,799.4315185546875,799.4315185546875,0
2019-01-29,781.1588134765625,813.1360748469481,767.4542728892544,813.1360748469481,16000
2019-01-30,794.8633422851562,794.8633422851562,794.8633422851562,794.8633422851562,1000
2019-01-31,794.8633422851562,803.9997025413074,794.8633422851562,803.9997025413074,2000
2019-02-01,794.8633422851562,794.8633422851562,794.8633422851562,794.8633422851562,0
2019-02-04,794.8633422851562,794.8633422851562,794.8633422851562,794.8633422851562,0
2019-02-05,794.8633422851562,794.8633422851562,794.8633422851562,794.8633422851562,0
2019-02-06,794.8633422851562,794.8633422851562,794.8633422851562,794.8633422851562,0
2019-02-07,794.8633422851562,794.8633422851562,794.8633422851562,794.8633422851562,0
2019-02-08,794.8633422851562,794.8633422851562,794.8633422851562,794.8633422851562,0
2019-02-11,794.8633422851562,794.8633422851562,794.8633422851562,794.8633422851562,0
2019-02-12,794.8633422851562,794.8633422851562,794.8633422851562,794.8633422851562,0
2019-02-13,794.8633422851562,794.8633422851562,794.8633422851562,794.8633422851562,0
2019-02-14,794.8633422851562,794.8633422851562,794.8633422851562,794.8633422851562,0
2019-02-15,808.56787109375,808.56787109375,808.56787109375,808.56787109375,1000
2019-02-18,808.56787109375,813.1360511564266,808.56787109375,808.56787109375,6000
2019-02-19,803.999755859375,803.999755859375,803.999755859375,803.999755859375,200000
2019-02-20,803.999755859375,803.999755859375,803.999755859375,803.999755859375,0
2019-02-21,794.8633422851562,794.8633422851562,794.8633422851562,794.8633422851562,5000
2019-02-22,776.5906372070312,776.5906372070312,776.5906372070312,776.5906372070312,309000
2019-02-25,776.5906372070312,776.5906372070312,776.5906372070312,776.5906372070312,0
2019-02-26,785.72705078125,803.9997728924419,785.72705078125,803.9997728924419,7000
2019-02-27,769.73828125,769.73828125,730.9087537091989,769.73828125,37000
2019-02-28,772.0224609375,772.0224609375,772.0224609375,772.0224609375,2000
2019-03-01,767.4542846679688,776.5906451997303,767.4542846679688,772.0224649338495,11000
2019-03-04,762.8860473632812,767.4542272876123,730.9087878929641,767.4542272876123,39000
2019-03-05,762.8860473632812,762.8860473632812,762.8860473632812,762.8860473632812,3000
2019-03-06,758.3179321289062,758.3179321289062,749.1815715008471,749.1815715008471,68000
2019-03-07,758.3179321289062,758.3179321289062,758.3179321289062,758.3179321289062,0
2019-03-08,765.1702270507812,767.4543172807836,758.3179563607742,758.3179563607742,24000
2019-03-11,765.1702270507812,765.1702270507812,765.1702270507812,765.1702270507812,0
2019-03-12,765.1702270507812,765.1702270507812,765.1702270507812,765.1702270507812,0
2019-03-13,765.1702270507812,765.1702270507812,765.1702270507812,765.1702270507812,0
2019-03-14,730.9088134765625,730.9088134765625,730.9088134765625,730.9088134765625,19000
2019-03-15,730.9088134765625,730.9088134765625,730.9088134765625,730.9088134765625,1000
2019-03-18,730.9088134765625,767.4542541503906,730.9088134765625,746.8974437713623,47000
2019-03-19,730.9088134765625,730.9088134765625,730.9088134765625,730.9088134765625,0
2019-03-20,728.6246948242188,728.6246948242188,719.4883350145107,719.4883350145107,4000
2019-03-21,728.6246948242188,728.6246948242188,728.6246948242188,728.6246948242188,0
2019-03-22,728.6246948242188,728.6246948242188,728.6246948242188,728.6246948242188,0
2019-03-25,712.6361083984375,730.9088291266025,698.9315678523137,730.9088291266025,20000
2019-03-26,712.6361083984375,721.77246876252,694.3633876702725,717.2042885804788,29000
2019-03-27,712.6361083984375,712.6361083984375,712.6361083984375,712.6361083984375,0
2019-03-28,703.499755859375,721.7724767907873,685.2270349279627,698.931575626522,45000
2019-03-29,703.499755859375,703.499755859375,703.499755859375,703.499755859375,0
2019-04-01,746.8974609375,746.8974609375,737.7611005590596,737.7611005590596,2000
2019-04-02,730.9088134765625,776.5906143188477,730.9088134765625,767.4542541503906,109000
2019-04-03,730.9088134765625,730.9088134765625,730.9088134765625,730.9088134765625,0
2019-04-04,730.9088134765625,730.9088134765625,730.9088134765625,730.9088134765625,0
2019-04-05,730.9088134765625,730.9088134765625,730.9088134765625,730.9088134765625,0
2019-04-08,730.9088134765625,730.9088134765625,730.9088134765625,730.9088134765625,0
2019-04-09,730.9088134765625,730.9088134765625,730.9088134765625,730.9088134765625,0
2019-04-10,767.4542846679688,767.4542846679688,767.4542846679688,767.4542846679688,1000
2019-04-11,767.4542846679688,767.4542846679688,767.4542846679688,767.4542846679688,0
2019-04-12,730.9088134765625,733.1929035186768,730.9088134765625,733.1929035186768,4000
2019-04-15,776.5906372070312,776.5906372070312,776.5906372070312,776.5906372070312,5000
2019-04-16,785.72705078125,785.72705078125,785.72705078125,785.72705078125,360000
2019-04-17,785.72705078125,785.72705078125,785.72705078125,785.72705078125,0
2019-04-18,758.3179321289062,762.8861124429358,730.9088502447289,762.8861124429358,96000
2019-04-19,758.3179321289062,758.3179321289062,758.3179321289062,758.3179321289062,0
2019-04-22,758.3179321289062,758.3179321289062,758.3179321289062,758.3179321289062,5000
2019-04-23,758.3179321289062,758.3179321289062,758.3179321289062,758.3179321289062,3000
2019-04-24,758.3179321289062,758.3179321289062,758.3179321289062,758.3179321289062,2000
2019-04-25,721.7725219726562,733.192973269692,698.9316193785849,733.192973269692,45000
2019-04-26,756.0337524414062,756.0337524414062,756.0337524414062,756.0337524414062,5000
2019-04-29,753.7496337890625,753.7496337890625,753.7496337890625,753.7496337890625,2000
2019-04-30,753.7496337890625,753.7496337890625,753.7496337890625,753.7496337890625,2000
2019-05-01,753.7496337890625,753.7496337890625,753.7496337890625,753.7496337890625,0
2019-05-02,776.5906372070312,776.5906372070312,776.5906372070312,776.5906372070312,2000
2019-05-03,776.5906372070312,776.5906372070312,776.5906372070312,776.5906372070312,8000
2019-05-06,749.1814575195312,749.1814575195312,749.1814575195312,749.1814575195312,10000
2019-05-07,767.4542846679688,767.4542846679688,749.1815636044457,749.1815636044457,4000
2019-05-08,767.4542846679688,767.4542846679688,767.4542846679688,767.4542846679688,5000
2019-05-09,767.4542846679688,767.4542846679688,767.4542846679688,767.4542846679688,7000
2019-05-10,767.4542846679688,767.4542846679688,767.4542846679688,767.4542846679688,11000
2019-05-13,767.4542846679688,767.4542846679688,767.4542846679688,767.4542846679688,5000
2019-05-14,813.1360473632812,813.1360473632812,813.1360473632812,813.1360473632812,30000
2019-05-15,803.999755859375,803.999755859375,803.999755859375,803.999755859375,3000
2019-05-16,801.7156982421875,801.7156982421875,801.7156982421875,801.7156982421875,15000
2019-05-17,794.8633422851562,794.8633422851562,794.8633422851562,794.8633422851562,47000
2019-05-20,813.1360473632812,813.1360473632812,813.1360473632812,813.1360473632812,2000
2019-05-21,813.1360473632812,813.1360473632812,813.1360473632812,813.1360473632812,2000
2019-05-22,806.2837524414062,806.2837524414062,806.2837524414062,806.2837524414062,2000
2019-05-23,806.2837524414062,806.2837524414062,806.2837524414062,806.2837524414062,2000
2019-05-24,806.2837524414062,806.2837524414062,806.2837524414062,806.2837524414062,2000
2019-05-27,724.0565795898438,724.0565795898438,724.0565795898438,724.0565795898438,88000
2019-05-28,730.9088134765625,730.9088134765625,721.7724533081055,721.7724533081055,1036000
2019-05-29,721.7725219726562,721.7725219726562,721.7725219726562,721.7725219726562,102000
2019-05-30,721.7725219726562,721.7725219726562,721.7725219726562,721.7725219726562,0
2019-05-31,721.7725219726562,721.7725219726562,710.3520706756206,721.7725219726562,114000
2019-06-03,721.7725219726562,721.7725219726562,721.7725219726562,721.7725219726562,0
2019-06-04,721.7725219726562,721.7725219726562,721.7725219726562,721.7725219726562,0
2019-06-05,721.7725219726562,721.7725219726562,721.7725219726562,721.7725219726562,0
2019-06-06,721.7725219726562,721.7725219726562,721.7725219726562,721.7725219726562,0
2019-06-07,721.7725219726562,721.7725219726562,721.7725219726562,721.7725219726562,0
2019-06-10,721.7725219726562,721.7725219726562,721.7725219726562,721.7725219726562,312000
2019-06-11,721.7725219726562,721.7725219726562,721.7725219726562,721.7725219726562,81000
2019-06-12,721.7725219726562,721.7725219726562,721.7725219726562,721.7725219726562,25000
2019-06-13,721.7725219726562,721.7725219726562,721.7725219726562,721.7725219726562,18000
2019-06-14,721.7725219726562,721.7725219726562,721.7725219726562,721.7725219726562,25000
2019-06-17,721.7725219726562,721.7725219726562,721.7725219726562,721.7725219726562,2000
2019-06-18,721.7725219726562,721.7725219726562,721.7725219726562,721.7725219726562,5000
2019-06-19,721.7725219726562,721.7725219726562,721.7725219726562,721.7725219726562,0
2019-06-20,712.6361083984375,712.6361083984375,712.6361083984375,712.6361083984375,20000
2019-06-21,712.6361083984375,712.6361083984375,712.6361083984375,712.6361083984375,25000
2019-06-24,710.35205078125,710.35205078125,710.35205078125,710.35205078125,45000
2019-06-25,710.35205078125,710.35205078125,710.35205078125,710.35205078125,25000
2019-06-26,710.35205078125,710.35205078125,710.35205078125,710.35205078125,30000
2019-06-27,710.35205078125,710.35205078125,710.35205078125,710.35205078125,6000
2019-06-28,703.499755859375,710.3520262086547,657.8179535308442,657.8179535308442,3114000
2019-07-01,682.94287109375,703.4996799226589,682.94287109375,703.4996799226589,139000
2019-07-02,685.2269287109375,685.2269287109375,682.9428389485677,682.9428389485677,206000
2019-07-03,685.2269287109375,685.2269287109375,685.2269287109375,685.2269287109375,25000
2019-07-04,685.2269287109375,685.2269287109375,685.2269287109375,685.2269287109375,51000
2019-07-05,685.2269287109375,685.2269287109375,685.2269287109375,685.2269287109375,100000
2019-07-08,685.2269287109375,698.9314672851563,685.2269287109375,698.9314672851563,42000
2019-07-09,682.94287109375,682.94287109375,682.94287109375,682.94287109375,75000
2019-07-10,685.2269287109375,685.2269287109375,682.9428389485677,682.9428389485677,51000
2019-07-11,666.9542846679688,666.9542846679688,666.9542846679688,666.9542846679688,2410000
2019-07-12,685.2269287109375,685.2269287109375,666.9542106119792,666.9542106119792,814000
2019-07-15,685.2269287109375,685.2269287109375,685.2269287109375,685.2269287109375,2000
2019-07-16,685.2269287109375,685.2269287109375,685.2269287109375,685.2269287109375,0
2019-07-17,685.2269287109375,685.2269287109375,685.2269287109375,685.2269287109375,0
2019-07-18,676.0906372070312,676.0906372070312,593.8633975467167,641.8292873485668,1025000
2019-07-19,676.0906372070312,676.0906372070312,673.8065472164669,673.8065472164669,240000
2019-07-22,676.0906372070312,676.0906372070312,676.0906372070312,676.0906372070312,25000
2019-07-23,676.0906372070312,676.0906372070312,676.0906372070312,676.0906372070312,25000
2019-07-24,676.0906372070312,676.0906372070312,676.0906372070312,676.0906372070312,25000
2019-07-25,676.0906372070312,676.0906372070312,676.0906372070312,676.0906372070312,26000
2019-07-26,676.0906372070312,676.0906372070312,676.0906372070312,676.0906372070312,0
2019-07-29,666.9542846679688,666.9542846679688,666.9542846679688,666.9542846679688,55000
2019-07-30,666.9542846679688,666.9542846679688,666.9542846679688,666.9542846679688,200000
2019-07-31,664.670166015625,676.0906156035223,664.670166015625,666.9542559332044,112000
2019-08-01,662.3860473632812,662.3860473632812,657.8178677262931,657.8178677262931,296000
2019-08-02,662.3860473632812,662.3860473632812,662.3860473632812,662.3860473632812,2500000
2019-08-05,662.3860473632812,662.3860473632812,662.3860473632812,662.3860473632812,125000
2019-08-06,662.3860473632812,662.3860473632812,662.3860473632812,662.3860473632812,500000
2019-08-07,657.8179321289062,662.3861122131348,657.8179321289062,662.3861122131348,1002000
2019-08-08,657.8179321289062,657.8179321289062,657.8179321289062,657.8179321289062,1100000
2019-08-09,662.3860473632812,662.3860473632812,662.3860473632812,662.3860473632812,250000
2019-08-12,662.3860473632812,662.3860473632812,662.3860473632812,662.3860473632812,251000
2019-08-13,660.1019897460938,660.1019897460938,657.8178998161765,657.8178998161765,300000
2019-08-14,662.3860473632812,662.3860473632812,662.3860473632812,662.3860473632812,500000
2019-08-15,662.3860473632812,662.3860473632812,662.3860473632812,662.3860473632812,500000
2019-08-16,685.2269287109375,685.2269287109375,660.1019413248698,660.1019413248698,1031000
2019-08-19,666.9542846679688,666.9542846679688,662.3861046359964,662.3861046359964,513000
2019-08-20,664.670166015625,664.670166015625,664.670166015625,664.670166015625,222000
2019-08-21,657.8179321289062,657.8179321289062,657.8179321289062,657.8179321289062,325000
2019-08-22,655.5338134765625,655.5338134765625,655.5338134765625,655.5338134765625,255000
2019-08-23,655.5338134765625,655.5338134765625,655.5338134765625,655.5338134765625,350000
2019-08-26,648.6815185546875,657.8178779709507,648.6815185546875,657.8178779709507,2006000
2019-08-27,648.6815185546875,648.6815185546875,648.6815185546875,648.6815185546875,500000
2019-08-28,641.8292846679688,641.8292846679688,641.8292846679688,641.8292846679688,1000
2019-08-29,639.5452270507812,639.5452270507812,639.5452270507812,639.5452270507812,7000
2019-08-30,634.97705078125,634.97705078125,634.97705078125,634.97705078125,5000
2019-09-02,657.8179321289062,657.8179321289062,657.8179321289062,657.8179321289062,30000
2019-09-03,657.8179321289062,657.8179321289062,657.8179321289062,657.8179321289062,10000
2019-09-04,657.8179321289062,657.8179321289062,657.8179321289062,657.8179321289062,10000
2019-09-05,657.8179321289062,657.8179321289062,657.8179321289062,657.8179321289062,0
2019-09-06,648.6815185546875,648.6815185546875,648.6815185546875,648.6815185546875,25000
2019-09-09,657.8179321289062,657.8179321289062,657.8179321289062,657.8179321289062,10000
2019-09-10,575.5906982421875,639.5452202690972,552.7497975182912,639.5452202690972,416000
2019-09-11,557.3179321289062,575.5906512150999,557.3179321289062,575.5906512150999,714000
2019-09-12,557.3179321289062,571.0224714435515,552.7497523573578,557.3179321289062,209000
2019-09-13,511.63616943359375,566.4543304443359,502.4998092651367,566.4543304443359,1096000
2019-09-16,497.931640625,511.63618119266056,497.931640625,511.63618119266056,52000
2019-09-17,486.51116943359375,548.1815993617957,486.51116943359375,497.9316194202978,105000
2019-09-18,493.3634338378906,509.35206363819265,486.51116392347546,488.79525389494717,67000
2019-09-19,500.2156677246094,500.2156677246094,493.3633983037243,493.3633983037243,8000
2019-09-20,465.954345703125,486.5111550723805,433.9770866842831,486.5111550723805,91000
2019-09-23,421.18621826171875,465.9543846279318,401.99986124762745,447.6816636621306,795000
2019-09-24,516.204345703125,523.0566157788302,411.13620454231193,419.35892863315814,355000
2019-09-25,539.0452880859375,539.0452880859375,507.0680252333819,516.2043860483979,558000
2019-09-26,548.181640625,548.181640625,509.35210774739585,539.0452799479167,317000
2019-09-27,541.3292846679688,543.6133744766944,520.7724763894382,543.6133744766944,17000
2019-09-30,497.931640625,541.3293524225917,497.931640625,541.3293524225917,84000
2019-10-01,529.908935546875,529.908935546875,475.0907698006465,497.9316721949084,124000
2019-10-02,525.3406982421875,525.3406982421875,511.6361582880435,511.6361582880435,71000
2019-10-03,475.0907897949219,475.0907897949219,475.0907897949219,475.0907897949219,3000
2019-10-04,520.7724609375,520.7724609375,463.6702174136513,463.6702174136513,64000
2019-10-07,520.7724609375,520.7724609375,520.7724609375,520.7724609375,1000
2019-10-08,511.63616943359375,511.63616943359375,511.63616943359375,511.63616943359375,13000
2019-10-09,511.63616943359375,511.63616943359375,511.63616943359375,511.63616943359375,5000
2019-10-10,511.63616943359375,511.63616943359375,511.63616943359375,511.63616943359375,2000
2019-10-11,511.63616943359375,511.63616943359375,511.63616943359375,511.63616943359375,4000
2019-10-14,511.63616943359375,511.63616943359375,511.63616943359375,511.63616943359375,2000
2019-10-15,511.63616943359375,511.63616943359375,491.07935905456543,491.07935905456543,17000
2019-10-16,511.63616943359375,511.63616943359375,504.783899307251,504.783899307251,3000
2019-10-17,511.63616943359375,511.63616943359375,511.63616943359375,511.63616943359375,2000
2019-10-18,511.63616943359375,511.63616943359375,511.63616943359375,511.63616943359375,2000
2019-10-21,511.63616943359375,511.63616943359375,511.63616943359375,511.63616943359375,2000
2019-10-22,507.06793212890625,507.06793212890625,507.06793212890625,507.06793212890625,3000
2019-10-23,507.06793212890625,507.06793212890625,507.06793212890625,507.06793212890625,3000
2019-10-24,507.06793212890625,507.06793212890625,507.06793212890625,507.06793212890625,1000
2019-10-25,511.63616943359375,511.63616943359375,507.06798934936523,507.06798934936523,4000
2019-10-28,511.63616943359375,511.63616943359375,511.63616943359375,511.63616943359375,0
2019-10-29,511.63616943359375,511.63616943359375,511.63616943359375,511.63616943359375,0
2019-10-30,502.49981689453125,502.49981689453125,484.2270962801847,484.2270962801847,3000
2019-10-31,550.4656372070312,550.4656372070312,493.3633926834803,493.3633926834803,92000
2019-11-01,529.908935546875,539.0452965045797,529.908935546875,539.0452965045797,6000
2019-11-04,511.63616943359375,511.63616943359375,511.63616943359375,511.63616943359375,2000
2019-11-05,511.63616943359375,511.63616943359375,511.63616943359375,511.63616943359375,2000
2019-11-06,511.63616943359375,511.63616943359375,511.63616943359375,511.63616943359375,0
2019-11-07,502.49981689453125,502.49981689453125,502.49981689453125,502.49981689453125,2000
2019-11-08,502.49981689453125,502.49981689453125,502.49981689453125,502.49981689453125,0
2019-11-11,502.49981689453125,502.49981689453125,502.49981689453125,502.49981689453125,0
2019-11-12,502.49981689453125,502.49981689453125,502.49981689453125,502.49981689453125,0
2019-11-13,502.49981689453125,502.49981689453125,502.49981689453125,502.49981689453125,0
2019-11-14,502.49981689453125,502.49981689453125,502.49981689453125,502.49981689453125,2000
2019-11-15,502.49981689453125,502.49981689453125,502.49981689453125,502.49981689453125,5000
2019-11-18,511.63616943359375,511.63616943359375,511.63616943359375,511.63616943359375,2000
2019-11-19,511.63616943359375,511.63616943359375,511.63616943359375,511.63616943359375,0
2019-11-20,511.63616943359375,511.63616943359375,511.63616943359375,511.63616943359375,0
2019-11-21,511.63616943359375,511.63616943359375,511.63616943359375,511.63616943359375,0
2019-11-22,511.63616943359375,511.63616943359375,511.63616943359375,511.63616943359375,2000
2019-11-25,511.63616943359375,511.63616943359375,511.63616943359375,511.63616943359375,0
2019-11-26,511.63616943359375,511.63616943359375,511.63616943359375,511.63616943359375,0
2019-11-27,511.63616943359375,511.63616943359375,511.63616943359375,511.63616943359375,0
2019-11-28,511.63616943359375,511.63616943359375,511.63616943359375,511.63616943359375,2000
2019-11-29,511.63616943359375,511.63616943359375,511.63616943359375,511.63616943359375,1000
2019-12-02,511.63616943359375,511.63616943359375,475.0907287597656,479.65890884399414,36000
2019-12-03,511.63616943359375,511.63616943359375,511.63616943359375,511.63616943359375,0
2019-12-04,511.63616943359375,511.63616943359375,511.63616943359375,511.63616943359375,0
2019-12-05,511.63616943359375,511.63616943359375,511.63616943359375,511.63616943359375,0
2019-12-06,511.63616943359375,511.63616943359375,511.63616943359375,511.63616943359375,0
2019-12-09,511.63616943359375,511.63616943359375,511.63616943359375,511.63616943359375,0
2019-12-10,511.63616943359375,511.63616943359375,511.63616943359375,511.63616943359375,0
2019-12-11,584.72705078125,584.72705078125,511.63616943359375,511.63616943359375,5000
2019-12-12,584.72705078125,584.72705078125,584.72705078125,584.72705078125,0
2019-12-13,548.181640625,548.181640625,548.181640625,548.181640625,25000
2019-12-16,548.181640625,548.181640625,548.181640625,548.181640625,0
2019-12-17,502.49981689453125,511.6361772017046,479.658916126598,481.94300620339135,113000
2019-12-18,502.49981689453125,502.49981689453125,477.3748260498047,502.49981689453125,34000
2019-12-19,509.35211181640625,509.35211181640625,509.35211181640625,509.35211181640625,2000
2019-12-20,511.63616943359375,511.63616943359375,511.63616943359375,511.63616943359375,200000
2019-12-23,472.8066711425781,472.8066711425781,456.8180397512832,468.2384907450653,69000
2019-12-26,513.9202270507812,516.2043169487847,465.9543391927083,472.8066088867187,36000
2019-12-27,513.9202270507812,513.9202270507812,488.79523817274304,511.63613715277774,41000
2019-12-30,509.35211181640625,516.2043823789588,484.22711975371357,511.63620200392376,76000
2020-01-02,509.35211181640625,509.35211181640625,509.35211181640625,509.35211181640625,2000
2020-01-03,516.204345703125,516.204345703125,509.35207562741977,509.35207562741977,26000
2020-01-06,516.204345703125,516.204345703125,516.204345703125,516.204345703125,0
2020-01-07,516.204345703125,516.204345703125,516.204345703125,516.204345703125,0
2020-01-08,516.204345703125,516.204345703125,488.7952654003042,488.7952654003042,48000
2020-01-09,511.63616943359375,511.63616943359375,488.7952690124512,488.7952690124512,15000
2020-01-10,481.9429931640625,486.5111731940536,481.9429931640625,486.5111731940536,38000
2020-01-13,470.5225524902344,475.09073261149877,456.81801212644115,475.09073261149877,66000
2020-01-14,504.7838439941406,504.7838439941406,468.23840732488156,468.23840732488156,8000
2020-01-15,504.7838439941406,504.7838439941406,504.7838439941406,504.7838439941406,1000
2020-01-16,504.7838439941406,504.7838439941406,504.7838439941406,504.7838439941406,0
2020-01-17,502.49981689453125,502.49981689453125,479.658916126598,502.49981689453125,53000
2020-01-20,461.3861999511719,479.6589207413173,459.10210985240366,479.6589207413173,36000
2020-01-21,461.3861999511719,477.3748306425491,456.8180197536355,461.3861999511719,42000
2020-01-22,516.204345703125,516.204345703125,461.3861850974834,461.3861850974834,25000
2020-01-23,516.204345703125,516.204345703125,497.93162550124447,497.93162550124447,14000
2020-01-24,516.204345703125,516.204345703125,516.204345703125,516.204345703125,0
2020-01-27,497.931640625,497.931640625,497.931640625,497.931640625,15000
2020-01-28,497.931640625,497.931640625,497.931640625,497.931640625,3000
2020-01-29,502.49981689453125,502.49981689453125,502.49981689453125,502.49981689453125,7000
2020-01-30,502.49981689453125,502.49981689453125,502.49981689453125,502.49981689453125,4000
2020-01-31,509.35211181640625,509.35211181640625,502.4998412538537,502.4998412538537,55000
2020-02-03,529.908935546875,529.908935546875,509.3521233920393,509.3521233920393,36000
2020-02-04,529.908935546875,529.908935546875,529.908935546875,529.908935546875,0
2020-02-05,484.2270202636719,484.2270202636719,484.2270202636719,484.2270202636719,3000
2020-02-06,484.2270202636719,484.2270202636719,472.80657167254753,472.80657167254753,3000
2020-02-07,529.908935546875,529.908935546875,484.2271307583513,484.2271307583513,10000
2020-02-10,493.3634338378906,493.3634338378906,493.3634338378906,493.3634338378906,2000
2020-02-11,470.5225524902344,470.5225524902344,470.5225524902344,470.5225524902344,5000
2020-02-12,447.681640625,475.09072066326536,447.681640625,475.09072066326536,20000
2020-02-13,502.49981689453125,502.49981689453125,502.49981689453125,502.49981689453125,57000
2020-02-14,502.49981689453125,502.49981689453125,502.49981689453125,502.49981689453125,0
2020-02-17,456.8179931640625,459.1020831298828,456.8179931640625,456.8179931640625,4000
2020-02-18,502.49981689453125,502.49981689453125,502.49981689453125,502.49981689453125,12000
2020-02-19,502.49981689453125,502.49981689453125,502.49981689453125,502.49981689453125,2000
2020-02-20,502.49981689453125,502.49981689453125,502.49981689453125,502.49981689453125,0
2020-02-21,475.0907897949219,475.0907897949219,475.0907897949219,475.0907897949219,3000
2020-02-24,500.2156677246094,500.2156677246094,448.5952380872753,452.24978177841393,563000
2020-02-25,461.3861999511719,461.3861999511719,456.8180197536355,456.8180197536355,63000
2020-02-26,461.3861999511719,461.3861999511719,461.3861999511719,461.3861999511719,3000
2020-02-27,461.3861999511719,461.3861999511719,461.3861999511719,461.3861999511719,2000
2020-02-28,459.10211181640625,459.10211181640625,459.10211181640625,459.10211181640625,12000
2020-03-02,456.8179931640625,456.8179931640625,456.8179931640625,456.8179931640625,2000
2020-03-03,456.8179931640625,456.8179931640625,456.8179931640625,456.8179931640625,2000
2020-03-04,456.8179931640625,456.8179931640625,438.54527343750004,438.54527343750004,195000
2020-03-05,479.65887451171875,479.65887451171875,427.5816252790178,439.45889264787945,355000
2020-03-06,447.681640625,475.09072066326536,447.681640625,475.09072066326536,7000
2020-03-09,454.07708740234375,454.07708740234375,439.4589115503568,439.4589115503568,7000
2020-03-10,456.8179931640625,456.8179931640625,429.4089135742188,429.4089135742188,57000
2020-03-11,456.8179931640625,456.8179931640625,420.27255371093753,421.18618969726566,61000
2020-03-12,456.8179931640625,456.8179931640625,456.8179931640625,456.8179931640625,0
2020-03-13,456.8179931640625,456.8179931640625,456.8179931640625,456.8179931640625,0
2020-03-16,470.5225524902344,470.5225524902344,470.5225524902344,470.5225524902344,922000
2020-03-17,456.8179931640625,456.8179931640625,456.8179931640625,456.8179931640625,30000
2020-03-18,456.8179931640625,456.8179931640625,456.8179931640625,456.8179931640625,0
2020-03-19,456.8179931640625,456.8179931640625,456.8179931640625,456.8179931640625,0
2020-03-20,456.8179931640625,456.8179931640625,424.84073364257813,424.84073364257813,688000
2020-03-23,456.8179931640625,456.8179931640625,424.84073364257813,433.9770935058594,8000
2020-03-24,456.8179931640625,456.8179931640625,456.8179931640625,456.8179931640625,8000
2020-03-26,456.8179931640625,456.8179931640625,424.84073364257813,456.8179931640625,87000
2020-03-27,456.8179931640625,456.8179931640625,456.8179931640625,456.8179931640625,5000
2020-03-30,456.8179931640625,456.8179931640625,427.5816416015625,456.8179931640625,9000
2020-03-31,456.8179931640625,456.8179931640625,456.8179931640625,456.8179931640625,2000
2020-04-01,456.8179931640625,456.8179931640625,456.8179931640625,456.8179931640625,2000
2020-04-02,456.8179931640625,456.8179931640625,456.8179931640625,456.8179931640625,5000
2020-04-03,456.8179931640625,456.8179931640625,438.54527343750004,438.54527343750004,11000
2020-04-06,456.8179931640625,456.8179931640625,456.8179931640625,456.8179931640625,2000
2020-04-07,455.90435791015625,455.90435791015625,444.02709006880946,444.02709006880946,3000
2020-04-08,456.8179931640625,456.8179931640625,456.8179931640625,456.8179931640625,5000
2020-04-09,456.8179931640625,456.8179931640625,456.8179931640625,456.8179931640625,2000
2020-04-13,454.07708740234375,454.07708740234375,454.07708740234375,454.07708740234375,3000
2020-04-14,470.5225524902344,470.5225524902344,470.5225524902344,470.5225524902344,1000
2020-04-15,452.24981689453125,452.24981689453125,452.24981689453125,452.24981689453125,3000
2020-04-16,452.24981689453125,452.24981689453125,452.24981689453125,452.24981689453125,2000
2020-04-17,447.681640625,447.681640625,421.1861965880102,422.0998325892857,1223000
2020-04-20,437.6316223144531,452.24979759009244,435.80435040499816,447.6816178164552,165000
2020-04-21,442.1997985839844,442.1997985839844,435.8043469515714,437.63161884654653,41000
2020-04-22,452.24981689453125,452.24981689453125,452.24981689453125,452.24981689453125,5000
2020-04-23,452.24981689453125,452.24981689453125,452.24981689453125,452.24981689453125,0
2020-04-24,452.24981689453125,452.24981689453125,452.24981689453125,452.24981689453125,0
2020-04-27,452.24981689453125,456.8179968631629,452.24981689453125,452.24981689453125,11723000
2020-04-28,548.181640625,548.181640625,452.24985351562503,452.24985351562503,10052000
2020-04-29,511.63616943359375,534.4770698547363,511.63616943359375,534.4770698547363,25000
2020-04-30,511.63616943359375,511.63616943359375,511.63616943359375,511.63616943359375,0
2020-05-04,511.63616943359375,511.63616943359375,511.63616943359375,511.63616943359375,0
2020-05-05,511.63616943359375,511.63616943359375,511.63616943359375,511.63616943359375,0
2020-05-06,477.3748474121094,477.3748474121094,477.3748474121094,477.3748474121094,1000
2020-05-08,444.027099609375,447.68164363908176,444.027099609375,447.68164363908176,400000
2020-05-11,412.9635314941406,434.8907986531215,412.9635314941406,434.8907986531215,2629000
2020-05-12,399.2589416503906,412.96348198163975,384.64076529705824,412.96348198163975,256000
2020-05-13,371.849853515625,392.86348160127454,371.849853515625,390.1225735901029,8153000
2020-05-14,411.13623046875,411.13623046875,362.71351888020837,362.71351888020837,69000
2020-05-15,382.81353759765625,411.13625756311535,382.81353759765625,411.13625756311535,2787000
2020-05-18,397.4316711425781,401.9998512706537,374.5907705022001,374.5907705022001,26000
2020-05-19,399.2589416503906,401.08621369455716,392.8634894958077,392.8634894958077,5000
2020-05-20,394.6907653808594,394.6907653808594,394.6907653808594,394.6907653808594,1000
2020-05-26,411.13623046875,413.877138671875,388.2953287760417,388.2953287760417,91000
2020-05-27,455.90435791015625,455.90435791015625,455.90435791015625,455.90435791015625,87000
2020-05-28,424.8407897949219,456.81805354292675,424.8407897949219,455.9044174358409,70000
2020-05-29,455.90435791015625,455.90435791015625,395.60438271562657,424.84073432509547,1060000
2020-06-02,456.8179931640625,456.8179931640625,456.8179931640625,456.8179931640625,100000
2020-06-03,425.7543640136719,455.90435116485463,425.7543640136719,445.8543554477937,43000
2020-06-04,419.3589172363281,419.3589172363281,397.4316535899842,419.3589172363281,90000
2020-06-05,419.3589172363281,419.3589172363281,419.3589172363281,419.3589172363281,2000
2020-06-08,447.681640625,447.681640625,410.22256457270413,410.22256457270413,31000
2020-06-09,446.76800537109375,447.6816413738976,446.76800537109375,447.6816413738976,11000
2020-06-10,447.681640625,447.681640625,447.681640625,447.681640625,10000
2020-06-11,437.6316223144531,437.6316223144531,437.6316223144531,437.6316223144531,1000
2020-06-12,437.6316223144531,438.5452582691806,437.6316223144531,438.5452582691806,2000
2020-06-15,437.6316223144531,437.6316223144531,437.6316223144531,437.6316223144531,0
2020-06-16,437.6316223144531,437.6316223144531,437.6316223144531,437.6316223144531,0
2020-06-17,429.4089660644531,429.4089660644531,429.4089660644531,429.4089660644531,2000
2020-06-18,429.4089660644531,429.4089660644531,429.4089660644531,429.4089660644531,4000
2020-06-19,420.2725524902344,420.2725524902344,420.2725524902344,420.2725524902344,21000
2020-06-22,420.2725524902344,420.2725524902344,415.7043725718623,415.7043725718623,12000
2020-06-23,414.7907409667969,429.4089168598999,414.7907409667969,420.2725569267105,13000
2020-06-24,452.24981689453125,452.24981689453125,414.7907411517519,414.7907411517519,9000
2020-06-25,452.24981689453125,452.24981689453125,452.24981689453125,452.24981689453125,0
2020-06-26,452.24981689453125,452.24981689453125,452.24981689453125,452.24981689453125,0
2020-06-29,447.681640625,447.681640625,447.681640625,447.681640625,10000
2020-06-30,447.681640625,447.681640625,447.681640625,447.681640625,10000
2020-07-01,447.681640625,447.681640625,447.681640625,447.681640625,0
2020-07-02,447.681640625,447.681640625,447.681640625,447.681640625,0
2020-07-03,447.681640625,447.681640625,447.681640625,447.681640625,20000
2020-07-06,447.681640625,447.681640625,447.681640625,447.681640625,0
2020-07-07,416.6180114746094,446.76799914711404,416.6180114746094,446.76799914711404,1076000
2020-07-08,416.6180114746094,416.6180114746094,416.6180114746094,416.6180114746094,11000
2020-07-09,416.6180114746094,416.6180114746094,416.6180114746094,416.6180114746094,0
2020-07-10,411.13623046875,411.13623046875,411.13623046875,411.13623046875,10000
2020-07-13,411.13623046875,411.13623046875,411.13623046875,411.13623046875,0
2020-07-14,411.13623046875,411.13623046875,411.13623046875,411.13623046875,1000
2020-07-15,419.3589172363281,419.3589172363281,419.3589172363281,419.3589172363281,1000
2020-07-16,419.3589172363281,419.3589172363281,419.3589172363281,419.3589172363281,1000
2020-07-17,438.5452880859375,438.5452880859375,438.5452880859375,438.5452880859375,2000
2020-07-20,438.5452880859375,438.5452880859375,438.5452880859375,438.5452880859375,0
2020-07-21,438.5452880859375,438.5452880859375,438.5452880859375,438.5452880859375,0
2020-07-22,433.97711181640625,438.54529194078947,433.97711181640625,437.63165591591286,9000
2020-07-23,433.97711181640625,433.97711181640625,433.97711181640625,433.97711181640625,0
2020-07-24,428.4952697753906,428.4952697753906,428.4952697753906,428.4952697753906,1000
2020-07-27,428.4952697753906,428.4952697753906,428.4952697753906,428.4952697753906,0
2020-07-28,428.4952697753906,428.4952697753906,428.4952697753906,428.4952697753906,0
2020-07-29,420.2725524902344,420.2725524902344,420.2725524902344,420.2725524902344,1000
2020-07-30,411.13623046875,411.13623046875,411.13623046875,411.13623046875,1000
2020-08-03,410.2225646972656,410.2225646972656,405.654384689501,405.654384689501,42000
2020-08-04,401.9998779296875,409.30896661931814,401.9998779296875,409.30896661931814,224000
2020-08-05,391.9498596191406,392.8634956555489,391.9498596191406,392.8634956555489,16000
2020-08-06,391.9498596191406,391.9498596191406,383.72713529146637,391.03622358273236,2931000
2020-08-07,447.681640625,447.681640625,376.4180325255102,391.9498445471939,32524000
2020-08-10,448.59527587890625,450.42254787841296,438.54527988161914,444.9407318798927,3788000
2020-08-11,456.8179931640625,475.090712890625,429.4089135742188,444.9407253417969,14242000
2020-08-12,500.2156677246094,500.2156677246094,438.54524293664383,447.6816021644906,2915000
2020-08-13,465.954345703125,500.21569465188423,465.954345703125,500.21569465188423,59000
2020-08-14,455.90435791015625,475.09071365387024,454.9907219223603,472.80662368438044,58000
2020-08-18,446.76800537109375,455.9043653991325,446.76800537109375,446.76800537109375,36000
2020-08-19,479.65887451171875,479.65887451171875,454.9907038225446,454.9907038225446,12000
2020-08-24,479.65887451171875,479.65887451171875,479.65887451171875,479.65887451171875,0
2020-08-25,479.65887451171875,479.65887451171875,479.65887451171875,479.65887451171875,25000
2020-08-26,513.9202270507812,548.1815755208333,475.0906987847222,475.0906987847222,1218000
2020-08-27,504.7838439941406,513.9202031614554,504.7838439941406,513.9202031614554,12000
2020-08-28,525.3406982421875,525.3406982421875,504.78388831097146,504.78388831097146,2990000
2020-08-31,497.931640625,525.3407217603211,497.931640625,504.78391090883025,3166000
2020-09-01,475.0907897949219,479.6589704660269,475.0907897949219,477.3748801304744,2020000
2020-09-02,568.7384643554688,568.7384643554688,465.95440453219123,465.95440453219123,26198000
2020-09-03,637.2611694335938,637.2611694335938,548.181651125672,571.0225532559084,251000
2020-09-04,593.8634643554688,637.2611790583684,593.8634643554688,637.2611790583684,15000
2020-09-07,593.8634643554688,593.8634643554688,593.8634643554688,593.8634643554688,2000
2020-09-08,593.8634643554688,593.8634643554688,593.8634643554688,593.8634643554688,2000
2020-09-09,593.8634643554688,593.8634643554688,593.8634643554688,593.8634643554688,1000
2020-09-10,589.2952270507812,593.8634071054385,552.7497866135235,593.8634071054385,48000
2020-09-11,589.2952270507812,589.2952270507812,589.2952270507812,589.2952270507812,0
2020-09-14,589.2952270507812,589.2952270507812,589.2952270507812,589.2952270507812,0
2020-09-15,589.2952270507812,589.2952270507812,589.2952270507812,589.2952270507812,0
2020-09-16,566.454345703125,589.2952467395413,566.454345703125,577.8747962213332,203000
2020-09-17,616.704345703125,616.704345703125,566.4543619791667,566.4543619791667,3000
2020-09-18,676.0906372070312,685.2269971692884,616.7042974523596,621.2724774334881,670000
2020-09-21,673.8065795898438,676.0906696901483,673.8065795898438,676.0906696901483,3000
2020-09-22,673.8065795898438,673.8065795898438,673.8065795898438,673.8065795898438,1000
2020-09-23,669.2384033203125,669.2384033203125,666.9543132065913,666.9543132065913,4000
2020-09-24,669.2384033203125,669.2384033203125,669.2384033203125,669.2384033203125,0
2020-09-25,623.5565795898438,630.4088496952266,623.5565795898438,630.4088496952266,4000
2020-09-28,623.5565795898438,623.5565795898438,623.5565795898438,623.5565795898438,1000
2020-09-29,685.2269287109375,685.2269287109375,685.2269287109375,685.2269287109375,30000
2020-09-30,685.2269287109375,685.2269287109375,685.2269287109375,685.2269287109375,1000
2020-10-01,685.2269287109375,685.2269287109375,685.2269287109375,685.2269287109375,0
2020-10-02,682.94287109375,685.2269609636288,682.94287109375,682.94287109375,42000
2020-10-05,682.94287109375,682.94287109375,682.94287109375,682.94287109375,30000
2020-10-06,682.94287109375,682.94287109375,682.94287109375,682.94287109375,0
2020-10-07,682.94287109375,682.94287109375,682.94287109375,682.94287109375,0
2020-10-08,680.6588134765625,680.6588134765625,637.2611038924864,637.2611038924864,13000
2020-10-09,680.6588134765625,680.6588134765625,680.6588134765625,680.6588134765625,0
2020-10-12,634.97705078125,634.97705078125,634.97705078125,634.97705078125,2000
2020-10-13,630.4088745117188,630.4088745117188,630.4088745117188,630.4088745117188,31000
2020-10-14,703.499755859375,703.499755859375,657.8179535308442,657.8179535308442,221000
2020-10-15,703.499755859375,703.499755859375,703.499755859375,703.499755859375,0
2020-10-16,682.94287109375,682.94287109375,682.94287109375,682.94287109375,5000
2020-10-19,682.94287109375,682.94287109375,682.94287109375,682.94287109375,0
2020-10-20,680.6588134765625,680.6588134765625,680.6588134765625,680.6588134765625,1000
2020-10-21,730.9088134765625,730.9088134765625,730.9088134765625,730.9088134765625,200000
2020-10-22,730.9088134765625,730.9088134765625,721.7724533081055,721.7724533081055,100000
2020-10-23,689.7952270507812,726.3406695435378,689.7952270507812,712.6361286087541,265000
2020-10-26,710.35205078125,730.9088625401929,694.3634194131832,694.3634194131832,47000
2020-10-27,730.9088134765625,730.9088134765625,698.9315528869629,701.2156429290771,243000
2020-11-02,840.5451049804688,840.5451049804688,730.908786939538,730.908786939538,33000
2020-11-03,877.090576171875,1007.2837085723877,840.5451354980469,840.5451354980469,4198000
2020-11-04,886.2269287109375,968.4541695191688,867.9542085313306,877.090568621134,240000
2020-11-05,867.9542236328125,959.317826120477,867.9542236328125,959.317826120477,1163000
2020-11-06,877.090576171875,886.226936340332,858.8178558349609,872.5223960876465,616000
2020-11-09,877.090576171875,886.226936340332,867.954216003418,877.090576171875,8414000
2020-11-10,886.2269287109375,886.2269287109375,867.9542085313306,886.2269287109375,3849000
2020-11-11,851.965576171875,895.3632864862601,851.965576171875,895.3632864862601,110000
2020-11-12,845.11328125,867.9541807432432,845.11328125,854.2496410472974,104000
2020-11-13,822.2724609375,845.1133626302084,822.2724609375,845.1133626302084,32000
2020-11-16,858.8179321289062,858.8179321289062,799.4315857582905,822.2724882085273,287000
2020-11-17,799.4315185546875,867.9542201450893,799.4315185546875,799.4315185546875,6814000
2020-11-18,749.1814575195312,822.2723314238757,749.1814575195312,817.7041518048542,270000
2020-11-19,765.1702270507812,767.4543172807836,749.1815954407649,749.1815954407649,12000
2020-11-20,762.8860473632812,762.8860473632812,751.4655975524537,751.4655975524537,69000
2020-11-23,762.8860473632812,765.1701373254468,762.8860473632812,762.8860473632812,603000
2020-11-24,785.72705078125,819.9884047397347,765.1702384061592,785.72705078125,1126000
2020-11-25,785.72705078125,813.1361339480378,785.72705078125,785.72705078125,119000
2020-11-26,783.4429321289062,794.8633830345755,774.3065714043709,794.8633830345755,136000
2020-11-27,783.4429321289062,783.4429321289062,776.5906615855047,783.4429321289062,26000
2020-11-30,760.6019897460938,778.8747102204744,760.6019897460938,778.8747102204744,107000
2020-12-01,774.3065185546875,776.5906085799226,760.601978403277,760.601978403277,770000
2020-12-02,781.1588134765625,810.8519847490634,781.1588134765625,810.8519847490634,719000
2020-12-03,776.5906372070312,806.283808629653,772.0224569881664,781.1588174258961,5144000
2020-12-04,808.56787109375,810.8519611250882,776.5906106550141,781.1587907176906,283000
2020-12-07,845.11328125,845.11328125,808.5678420608108,813.1360219594595,2405000
2020-12-08,911.3518676757812,913.6359575697055,822.272361812735,849.6814405398261,6207000
2020-12-10,1014.1358642578125,1014.1358642578125,931.9086320206926,931.9086320206926,4110000
2020-12-11,1050.681396484375,1082.6586563773776,1004.9995966372283,1009.5677766219429,6367000
2020-12-14,1144.3291015625,1167.1700017932883,1059.8177707085829,1059.8177707085829,2235000
2020-12-15,1119.2042236328125,1151.1814871651786,1096.363321109694,1151.1814871651786,896000
2020-12-16,1279.0904541015625,1279.0904541015625,1114.6359671456473,1114.6359671456473,5433000
2020-12-17,1256.2493896484375,1288.2266468394887,1233.4084916548297,1279.0902876420455,6535000
2020-12-18,1297.363037109375,1297.363037109375,1221.9880719252035,1256.2494197361907,1857000
2020-12-21,1327.05615234375,1361.3174987898021,1299.6470751869083,1311.067524002259,1330000
2020-12-22,1247.1131591796875,1329.3404004442823,1237.976799039177,1329.3404004442823,2321000
2020-12-23,1242.5450439453125,1244.8291340996238,1160.317798390108,1244.8291340996238,2608000
2020-12-28,1212.8516845703125,1247.1130315920727,1199.1471457616085,1244.8289417906221,992000
2020-12-29,1187.7269287109375,1212.8519214336688,1187.7269287109375,1212.8519214336688,644000
2020-12-30,1279.0904541015625,1279.0904541015625,1169.4541294642859,1169.4541294642859,2977000
2021-01-04,1406.99951171875,1534.9085582386365,1279.0904651988637,1279.0904651988637,2769000
2021-01-05,1391.0108642578125,1416.1358552378388,1377.306323723253,1416.1358552378388,2395000
2021-01-06,1391.0108642578125,1434.4085759505851,1343.0449723868535,1391.0108642578125,2074000
2021-01-07,1425.272216796875,1464.1017483442258,1404.7154059776892,1416.1358564327925,3669000
2021-01-08,1489.2266845703125,1507.4994046263898,1425.2721643740415,1425.2721643740415,5991000
2021-01-11,1685.6585693359375,1827.272161881775,1534.9086159806911,1534.9086159806911,11564800
2021-01-12,1685.6585693359375,1754.181275406504,1598.8631416465532,1726.7721929782774,6003000
2021-01-13,1735.908447265625,1749.6129876387747,1635.408484529194,1685.6584658974095,10469600
2021-01-14,1740.4765625,1799.8629019028872,1690.2265830052495,1740.4765625,7717200
2021-01-15,1726.772216796875,1763.3176605386077,1694.7949535228588,1745.0449386677415,22909200
2021-01-18,1731.34033203125,1964.3175271066953,1685.6585290752803,1726.772151735653,8135700
2021-01-19,1758.74951171875,1813.567678317776,1671.9540812702921,1731.340428419237,9630700
2021-01-20,1754.18115234375,1767.8856925964355,1726.772071838379,1754.18115234375,9630900
2021-01-21,1763.3175048828125,1795.2947653340552,1740.4766045604963,1754.181144753886,13819800
2021-01-22,1818.1356201171875,2028.271897819174,1713.0674812661944,1767.8856406667126,19618600
2021-01-25,1713.0675048828125,1836.408365234375,1694.7947848307292,1827.2720052083334,18762900
2021-01-26,1617.1357421875,1754.1811440677966,1598.8630219367938,1735.9084238170904,12199300
2021-01-27,1708.4993896484375,1708.4993896484375,1507.4994614545037,1617.1357859239222,27262300
2021-01-28,1735.908447265625,1754.1811677631579,1617.1357640316612,1699.3630062705593,24664700
2021-01-29,1735.908447265625,1754.1811677631579,1667.3857453998767,1726.7720870168587,12296500
2021-02-01,1872.9539794921875,1891.2267012433308,1717.6358446074696,1735.908566358613,29703600
2021-02-02,1891.2266845703125,1955.1812101354922,1836.4085198001585,1882.0903237752868,10500800
2021-02-03,1936.9080810546875,1946.044439927587,1882.0899278172908,1918.6353633088886,18081200
2021-02-04,1918.635498046875,1964.3172956194196,1872.9537004743304,1955.1809361049106,16573600
2021-02-05,1936.9080810546875,1964.317157673386,1872.9535689443912,1891.2262866901901,7359600
2021-02-08,1927.77197265625,1946.0446927762143,1882.0901723563388,1936.908332716232,16796800
2021-02-09,1882.0902099609375,1946.0447316586392,1872.9538497184087,1927.7720111735816,23698300
2021-02-10,1891.2266845703125,1927.7721277504152,1827.2721590051328,1900.3630453653382,17892600
2021-02-11,1872.9539794921875,1927.7721447456174,1872.9539794921875,1891.2267012433308,9769400
2021-02-15,1900.3631591796875,1918.6358818641077,1854.6813524686374,1882.0904364952676,13960000
2021-02-16,1909.4993896484375,1927.77211108048,1872.9539467843526,1872.9539467843526,20586600
2021-02-17,1955.180908203125,2092.226298965026,1900.3627518983644,1909.4991112824912,11454900
2021-02-18,2028.271728515625,2183.589833852407,1955.180855415963,1955.180855415963,24536700
2021-02-19,2064.8173828125,2128.7719035190817,2028.2719424087388,2037.408302509679,10615300
2021-02-22,2092.2265625,2110.499283569869,2037.408399290393,2073.953841430131,16852200
2021-02-23,2037.408447265625,2101.3629725161154,2037.408447265625,2101.3629725161154,21860000
2021-02-24,1973.4537353515625,2064.817334210431,1936.908295808015,2064.817334210431,13445800
2021-02-25,2000.8626708984375,2019.135389354131,1964.3172339870505,2000.8626708984375,11079500
2021-02-26,1927.77197265625,2000.8628531361078,1909.4992525362854,2000.8628531361078,6979000
2021-03-01,1927.77197265625,1982.5901330161432,1909.4992525362854,1936.908332716232,15635100
2021-03-02,2046.544677734375,2101.362838745117,1927.7719955444336,1936.9083557128906,33568200
2021-03-03,1927.77197265625,2073.9537336159656,1918.6356125962677,2064.8173735559835,12877600
2021-03-04,1964.3175048828125,2000.8629468341205,1872.953900004542,1927.7720629315043,21052400
2021-03-05,1982.59033203125,2064.8175808251726,1854.6812783518144,1918.6358051915322,22165700
2021-03-08,1964.3175048828125,2028.2720282976015,1955.1811443949853,1991.7265863462935,5089100
2021-03-09,1964.3175048828125,2028.2720282976015,1955.1811443949853,1973.4538653706395,8662300
2021-03-10,1991.7265625,2037.4083643922017,1955.1811209862385,1982.5902021215595,6178500
2021-03-12,1964.3175048828125,2055.6811097610826,1964.3175048828125,2055.6811097610826,23592300
2021-03-15,2064.8173828125,2110.499183317201,1973.4537818030972,1991.7265020049779,21429300
2021-03-16,2064.8173828125,2256.6809449322454,2046.5446626106193,2083.0901030143805,69609700
2021-03-17,2009.999267578125,2174.453753107244,2009.999267578125,2092.226510342685,62951700
2021-03-18,1973.4537353515625,2119.6354935257523,1973.4537353515625,2028.2718946668836,53761300
2021-03-19,1973.4537353515625,2028.2718946668836,1964.3173754656757,2000.8628150092231,93218100
2021-03-22,2174.453857421875,2201.862939658285,1982.5902817670037,2000.863003257944,34073400
2021-03-23,2274.953857421875,2348.0447444073166,2183.5902486900727,2192.726609563253,67726500
2021-03-24,2229.271728515625,2357.1807621189805,2192.7262903432375,2302.3626048603996,40700000
2021-03-25,2220.135498046875,2284.0900185667438,2101.362817081404,2284.0900185667438,22776100
2021-03-26,2210.999267578125,2284.0901524567407,2165.31746452899,2284.0901524567407,12685500
2021-03-29,2229.271728515625,2274.953526231109,2192.7262903432375,2210.999009429431,17316100
2021-03-30,2110.499267578125,2265.81739549513,2092.226546646713,2220.135593166599,15861000
2021-03-31,2073.953857421875,2137.908381659554,2000.8629725788135,2110.499299843406,20919100
2021-04-01,2238.408447265625,2247.5448082748726,2083.090310108418,2101.3630321269134,35691100
2021-04-05,2174.453857421875,2329.7719900948664,2147.044775185465,2284.090186367516,22175800
2021-04-06,2220.135498046875,2265.8172984182097,2128.771897304205,2192.726417824074,18140300
2021-04-07,2265.8173828125,2320.635545299899,2220.135580739667,2247.544661983367,45156700
2021-04-08,2192.7265625,2320.6356119791667,2174.4538411458334,2284.0901692708335,29275900
2021-04-09,2201.862548828125,2210.998907951893,2137.908034961748,2192.726189704357,32121100
2021-04-12,2128.77197265625,2210.999216235247,2110.4992518609174,2210.999216235247,14617500
2021-04-13,2110.499267578125,2156.181069906656,2083.0901861810066,2128.7719885095376,13855400
2021-04-14,2174.453857421875,2192.726578912815,2110.499332203585,2137.908414439995,14048100
2021-04-15,2329.771728515625,2448.544404871324,2192.7263327205883,2210.9990521599266,125730600
2021-04-16,2329.771728515625,2411.9989659926473,2293.226289636949,2348.0444479549633,57755100
2021-04-19,2238.408447265625,2357.181140385842,2192.726642219388,2338.9084183673467,56648300
2021-04-20,2229.271728515625,2274.953526231109,2192.7262903432375,2247.544447601819,20416200
2021-04-21,2183.590087890625,2229.271888892521,2165.3173674898667,2220.1355286921416,28701400
2021-04-22,2183.590087890625,2201.8628082913833,2064.8174052856957,2183.590087890625,49829700
2021-04-23,2147.044677734375,2183.590119057513,2101.362876080452,2147.044677734375,12722700
2021-04-26,2101.36279296875,2201.8627526324726,2064.8173530910326,2147.0445928158965,22171100
2021-04-27,1982.59033203125,2101.3630247335827,1973.4539710541474,2101.3630247335827,50697400
2021-04-28,2037.408447265625,2055.681168765765,1918.6357575147142,1964.3175612650643,36753800
2021-04-29,2083.08984375,2119.6352796052633,2009.9989720394738,2092.226202713816,27545200
2021-04-30,2046.544677734375,2092.22647857666,2000.8628768920898,2083.090118408203,20304600
2021-05-03,2037.408447265625,2083.0902510159754,2019.135725765485,2073.953890265905,14374900
2021-05-04,2028.271728515625,2055.6808059279983,2000.8626511032517,2028.271728515625,7403600
2021-05-05,2028.271728515625,2073.9535242029137,2009.9990102407094,2028.271728515625,13922300
2021-05-06,2073.953857421875,2073.953857421875,2019.135693789579,2046.544775605727,25454800
2021-05-07,2064.8173828125,2119.6355434181414,2046.5446626106193,2092.2264631153207,10275400
2021-05-10,2064.8173828125,2083.0901030143805,2037.408302509679,2064.8173828125,18997300
2021-05-11,1982.59033203125,2055.68121984807,1973.4539710541474,2055.68121984807,14950800
2021-05-17,1854.68115234375,1982.5901973329742,1845.544791987377,1982.5901973329742,34352900
2021-05-18,2009.999267578125,2019.1356278852984,1845.5447820490058,1845.5447820490058,42628700
2021-05-19,2073.953857421875,2119.6356604487887,1964.3175301572826,2000.8629725788135,61781800
2021-05-20,2064.8173828125,2110.499183317201,2055.6810227115598,2073.9537429134402,28157300
2021-05-21,2055.680908203125,2083.0899869791665,2009.9991102430554,2073.9536273871527,21546700
2021-05-24,2028.271728515625,2073.9535242029137,2000.8626511032517,2028.271728515625,18042000
2021-05-25,2083.08984375,2101.3625616776317,1964.3171772203948,1964.3171772203948,39880500
2021-05-27,2165.317138671875,2220.1352940812894,2009.9990316785336,2083.089905557753,81487400
2021-05-28,2156.18115234375,2229.2720388638772,2128.7720698987023,2229.2720388638772,29271800
2021-05-31,2147.044677734375,2192.726479388298,2128.771957072806,2174.4537587267287,17052800
2021-06-02,2137.908203125,2210.9990818643164,2128.7718432825855,2174.453642494658,16344300
2021-06-03,2110.499267578125,2192.7265117694806,2110.499267578125,2137.9083489752434,20478600
2021-06-04,2073.953857421875,2147.0447422649368,2073.953857421875,2110.499299843406,21965100
2021-06-07,2092.2265625,2137.9083651746723,2073.953841430131,2073.953841430131,14421100
2021-06-08,2009.999267578125,2110.499230957031,2009.999267578125,2092.226510342685,24644800
2021-06-09,2073.953857421875,2092.2265786326407,1982.590251368048,2055.68113621111,33497900
2021-06-10,2073.953857421875,2119.6356604487887,2055.68113621111,2083.090218027258,22161500
2021-06-11,2064.8173828125,2073.9537429134402,2028.2719424087388,2073.9537429134402,11754100
2021-06-14,1991.7265625,2064.817445527523,1982.5902021215595,2064.817445527523,14794000
2021-06-15,2028.271728515625,2046.5444467905404,1964.3172145534206,1991.726291965794,19100400
2021-06-16,1982.59033203125,2037.4084978938652,1982.59033203125,2037.4084978938652,13724000
2021-06-17,2119.6357421875,2192.7266298491377,1982.590327821929,2000.8630497373383,96479800
2021-06-18,2119.6357421875,2174.4539079337283,2028.2721326104524,2156.181186018319,74243400
2021-06-21,2110.499267578125,2165.317430372362,2037.4083838524757,2119.6356280438313,36260900
2021-06-22,2238.408447265625,2284.090252311862,2110.4993931361605,2119.635754145408,129166600
2021-06-23,2284.08984375,2411.998875,2274.9534843750002,2284.08984375,177999700
2021-06-24,2320.6357421875,2411.999354084646,2284.090297428642,2311.4993809977855,102048300
2021-06-25,2320.6357421875,2357.181186946358,2256.681213859498,2348.0448257566436,51221400
2021-06-28,2320.6357421875,2421.1357152743603,2293.2266586183564,2329.7721033772145,78670000
2021-06-29,2293.2265625,2357.1810881474103,2201.8629544322707,2329.7720057270917,67384300
2021-06-30,2284.08984375,2311.498921875,2247.54440625,2302.3625625,39655200
2021-07-01,2284.08984375,2348.044359375,2256.6807656250003,2284.08984375,44985000
2021-07-02,2274.953857421875,2320.635661787776,2274.953857421875,2284.090218295055,27706600
2021-07-05,2375.453857421875,2411.9993013822113,2256.6811645507814,2274.9538865309496,87717900
2021-07-06,2558.180908203125,2622.135430908203,2384.5900608607703,2393.72642124721,179702700
2021-07-07,2549.044677734375,2612.9992036990366,2530.7719560301857,2567.317399438564,66100600
2021-07-08,2558.180908203125,2622.135430908203,2530.771827043806,2558.180908203125,98263800
2021-07-09,2521.635498046875,2704.3627080502715,2512.4991375467052,2567.3173005477242,171956300
2021-07-12,2411.9990234375,2558.180782433712,2411.9990234375,2539.9080625591855,98219100
2021-07-13,2284.08984375,2430.27159375,2247.54440625,2402.862515625,155819300
2021-07-14,2329.771728515625,2338.908088235294,2247.544491038603,2284.0899299172797,103537000
2021-07-15,2348.04443359375,2384.5898722489055,2293.2262756110163,2338.908073929961,65413900
2021-07-16,2293.2265625,2357.1810881474103,2284.0902016932273,2348.0447273406376,51728100
2021-07-19,2210.999267578125,2311.4992342862215,2210.999267578125,2293.2265130665673,47469300
2021-07-21,2201.862548828125,2256.680703570734,2137.908034961748,2210.998907951893,85889800
2021-07-22,2366.31689453125,2375.4532531973937,2238.4078732052367,2256.680590537524,124194200
2021-07-23,2357.180908203125,2393.7263486403826,2302.362747547238,2375.453628421754,74248200
2021-07-26,2393.726318359375,2448.5444783218036,2357.1808783844226,2402.862678353113,94052500
2021-07-27,2393.726318359375,2466.8171983092793,2366.3172383781607,2411.999038346851,59866000
2021-07-28,2393.726318359375,2411.999038346851,2375.453598371899,2393.726318359375,43417100
2021-07-29,2466.8173828125,2539.908268229167,2393.7264973958336,2411.99921875,116778900
2021-07-30,2512.498779296875,2512.498779296875,2448.544264914773,2466.8169833096595,50749700
2021-08-02,2503.36279296875,2558.1809563184306,2485.09007185219,2512.49915352703,63104500
2021-08-03,2494.226318359375,2539.9081190619277,2466.8172379378434,2521.6353987809066,43117200
2021-08-04,2466.8173828125,2503.3628255208337,2421.1355794270835,2503.3628255208337,67150000
2021-08-05,2485.090087890625,2631.271857766544,2475.95372727338,2475.95372727338,151872200
2021-08-06,2375.453857421875,2558.1810772235576,2320.63569148137,2512.499272273137,179509200
2021-08-09,2210.999267578125,2384.5901191648372,2210.999267578125,2375.45375855501,135944200
2021-08-10,2064.8173828125,2220.1355045284845,2064.8173828125,2220.1355045284845,98670000
2021-08-12,2119.6357421875,2165.3175469760236,1946.0448839911098,2046.544854525862,113115800
2021-08-13,2073.953857421875,2174.453824081085,2055.68113621111,2147.0447422649368,43453100
2021-08-16,1936.9080810546875,2092.2261818939783,1936.9080810546875,2073.9534641481796,72482000
2021-08-18,1804.43115234375,1927.7720159216772,1804.43115234375,1900.3629351265822,150662700
2021-08-19,1717.6358642578125,1818.1358350388548,1681.0904203374337,1786.158571608523,158881800
2021-08-20,1854.68115234375,1891.2265937692428,1676.5221253944737,1731.3402875327126,109018500
2021-08-23,2009.999267578125,2019.1356278852984,1818.1357011274858,1854.681142356179,76298900
2021-08-24,2019.1353759765625,2046.5444534785067,1973.4535801399886,2009.9990168092477,36109200
2021-08-25,1936.9080810546875,2028.2716697836822,1927.771722181788,2019.1353109107827,26176600
2021-08-26,1872.9539794921875,1955.1812273723324,1854.6812577410442,1936.908505621189,24749200
2021-08-27,1918.635498046875,1946.0445765904017,1827.2719029017856,1872.9537004743304,23860500
2021-08-30,1936.9080810546875,1973.4535165462853,1927.771722181788,1936.9080810546875,17364100
2021-08-31,1982.59033203125,1991.7266930083524,1909.4994442144298,1936.9085271457373,32678500
2021-09-01,1909.4993896484375,1991.7266360926287,1900.3630289324162,1991.7266360926287,14451100
2021-09-02,1863.8173828125,1946.044620289522,1845.544663373162,1909.4991814108457,25947800
2021-09-03,1863.8173828125,1882.0901022518383,1836.4083036534928,1863.8173828125,20775000
2021-09-06,1909.4993896484375,1909.4993896484375,1845.5448646362888,1872.9539467843526,23230000
2021-09-07,1891.2266845703125,1927.7721277504152,1872.9539629802612,1909.4994061603638,12736000
2021-09-08,1799.8631591796875,1891.2267713207884,1795.2949785726325,1891.2267713207884,27482100
2021-09-09,1754.18115234375,1836.4083938598633,1740.4766120910645,1804.4311332702637,25591700
2021-09-10,1827.27197265625,1854.681052246094,1735.9083740234375,1754.1810937500002,39764200
2021-09-13,1767.8856201171875,1827.2719587774548,1763.317440220244,1818.1355989835677,20157700
2021-09-14,1786.1583251953125,1804.4310446346508,1772.453785615809,1772.453785615809,22432200
2021-09-15,1795.294677734375,1818.1355769421914,1781.5901382096852,1790.7264978928117,12145700
2021-09-16,1758.74951171875,1804.4313172179382,1754.181331168831,1795.2949561181006,26160100
2021-09-17,1763.3175048828125,1854.6811061720773,1754.181144753886,1758.7493248183491,58637900
2021-09-20,1781.590087890625,1818.1355255909455,1763.3173690404647,1763.3173690404647,14008300
2021-09-21,1808.999267578125,1845.544707327178,1767.8856478604403,1790.7265477035985,21222400
2021-09-22,1767.8856201171875,1836.408318571342,1763.317440220244,1808.9992391896803,15760200
2021-09-23,1781.590087890625,1813.5673458784054,1767.8855487530047,1772.4537284655448,19263900
2021-09-24,1772.453857421875,1799.8629376912854,1767.8856773769733,1781.5902175116785,16731700
2021-09-27,1758.74951171875,1781.590414468344,1754.181331168831,1772.4540533685065,8551200
2021-09-28,1713.0675048828125,1763.3174850260416,1694.7947848307292,1758.7493050130208,24200400
2021-09-29,1621.703857421875,1713.0674550231074,1607.99931778169,1713.0674550231074,53690700
2021-09-30,1589.7266845703125,1662.8175666195223,1571.4539640580101,1621.7039454668418,57619400
2021-10-01,1544.044921875,1612.567625508506,1530.3403811482988,1589.7267242973371,51849300
2021-10-04,1484.658447265625,1576.0220440204328,1475.5220875901443,1553.1811448317308,70349700
2021-10-05,1466.3856201171875,1548.6128511517961,1452.6810816114194,1480.0901586229556,94795600
2021-10-06,1566.8858642578125,1576.0222249823478,1466.3858962879235,1475.522257012459,76598200
2021-10-07,1548.613037109375,1585.158477513136,1512.0675967056138,1576.0221174121957,47325100
2021-10-08,1562.317626953125,1594.2948883235106,1539.4767259742782,1553.1812665615862,26205800
2021-10-11,1484.658447265625,1576.0220440204328,1470.953907752404,1566.885684344952,37097600
2021-10-12,1388.726806640625,1507.4994940506783,1384.158626355623,1498.3631334806744,79943600
2021-10-13,1361.317626953125,1425.2721463401847,1347.6130870844695,1393.2948866466547,49340500
2021-10-14,1521.2039794921875,1530.3403397293778,1361.317675341357,1361.317675341357,71134000
2021-10-15,1516.6358642578125,1580.5903886542262,1498.3631430016942,1530.3404051999012,40466400
2021-10-18,1516.6358642578125,1539.4767658279602,1493.7949626876648,1516.6358642578125,12838400
2021-10-19,1489.2266845703125,1534.9084847105062,1466.3857845002158,1516.6357646544286,26158000
2021-10-21,1580.5902099609375,1580.5902099609375,1480.0902544142882,1489.2266140094382,52933100
2021-10-22,1512.0675048828125,1598.8629205709499,1507.4993251097526,1580.5902014787105,36465200
2021-10-25,1639.9765625,1681.090181058496,1489.2266277855153,1512.0675269846797,155383000
2021-10-26,1703.93115234375,1717.6356924430295,1626.2720917811664,1639.976631880446,93100900
2021-10-27,1699.3631591796875,1754.1813256048388,1658.249534360824,1708.499520250546,76474400
2021-10-28,1740.4765625,1749.6129224081365,1671.9538631889764,1694.7947629593177,55209300
2021-10-29,1758.74951171875,1763.3176922686687,1703.931345119724,1745.0449700689935,36712700
2021-11-01,1694.7947998046875,1767.885680658798,1690.2266197513056,1758.7493205520343,37547900
2021-11-02,1690.2265625,1731.3401815878378,1671.9538429054055,1699.3629222972975,27147700
2021-11-03,1699.3631591796875,1722.204061856834,1676.5222565025413,1690.226798108829,17897100
2021-11-04,1754.18115234375,1772.453872680664,1703.9311714172363,1708.4993515014648,36353200
2021-11-05,1804.43115234375,1808.9993324762659,1754.181170886076,1763.3175311511077,46238300
2021-11-08,1772.453857421875,1836.4083780504993,1767.8856773769733,1808.999297781089,33103100
2021-11-09,1900.3631591796875,1900.3631591796875,1767.885919717642,1772.454100388747,50302100
2021-11-10,1882.0902099609375,1918.6356509310529,1863.8174894758797,1900.362930445995,30852400
2021-11-11,1795.294677734375,1872.953735040951,1786.1583180512484,1872.953735040951,37954100
2021-11-12,1735.908447265625,1795.294788882607,1731.3402671412418,1790.7266087582236,34702100
2021-11-15,1795.294677734375,1836.4082963084447,1722.2038002693623,1735.9083397940522,33661900
2021-11-16,1836.408447265625,1845.5448076997823,1795.2948253119168,1795.2948253119168,23947600
2021-11-17,1818.1356201171875,1863.8174196176194,1804.431080267058,1836.4083399173603,27996800
2021-11-18,1808.999267578125,1845.544707327178,1799.8629076408617,1818.1356275153883,15886100
2021-11-19,1845.5447998046875,1854.6811601997601,1808.9993582243967,1808.9993582243967,22505700
2021-11-22,1845.5447998046875,1854.6811601997601,1808.9993582243967,1854.6811601997601,16754800
2021-11-23,1836.408447265625,1854.6811681339395,1818.1357263973102,1845.5448076997823,17047400
2021-11-24,1790.7265625,1836.4083625637757,1786.1583824936226,1836.4083625637757,18712600
2021-11-25,1699.3631591796875,1818.1358531008484,1694.7949786442582,1790.7267698882729,36252800
2021-11-26,1699.3631591796875,1745.0449645339802,1676.5222565025413,1694.7949786442582,31011400
2021-11-29,1731.34033203125,1763.3175941004288,1662.8176275972955,1699.3630699620712,18271600
2021-11-30,1758.74951171875,1758.74951171875,1685.6586229200486,1731.340428419237,31500900
2021-12-01,1754.18115234375,1758.7493324279785,1699.3629913330078,1758.7493324279785,28221200
2021-12-02,1767.8856201171875,1790.7265196019057,1726.772001044695,1754.1810804263566,27680600
2021-12-03,1763.3175048828125,1777.0220450762022,1713.0675241737167,1749.6129646894228,16205500
2021-12-06,1795.294677734375,1808.9992172590648,1735.9083397940522,1763.3174188434318,23964500
2021-12-07,1790.7265625,1827.2720025510205,1772.4538424744899,1795.2947425063776,27047700
2021-12-08,1891.2266845703125,1900.3630453653382,1795.294896222543,1795.294896222543,59951900
2021-12-09,1936.9080810546875,1955.1807988004864,1891.2262866901901,1891.2262866901901,45727000
2021-12-10,1936.9080810546875,1946.044439927587,1891.2262866901901,1946.044439927587,25404300
2021-12-13,2037.408447265625,2064.8175295158353,1936.9084790148543,1936.9084790148543,56711100
2021-12-14,2009.999267578125,2119.635591264205,1964.3174660422585,2037.408348499645,49482800
2021-12-15,2009.999267578125,2046.5447088068183,1973.453826349432,2009.999267578125,19882100
2021-12-16,2046.544677734375,2083.090118408203,2009.9992370605469,2019.135597229004,36833800
2021-12-17,2009.999267578125,2055.6810691139917,2009.999267578125,2046.5447088068183,17143900
2021-12-20,2073.953857421875,2083.090218027258,1991.7266119734306,2009.999333184196,24825000
2021-12-21,2037.408447265625,2092.2266117660456,2000.8630042653447,2073.953890265905,38040200
2021-12-22,2055.680908203125,2147.044504123264,2019.1354698350694,2037.408189019097,53740300
2021-12-23,2083.08984375,2110.4989206414475,2037.408048930921,2055.6807668585525,36741100
2021-12-24,2064.8173828125,2110.499183317201,2064.8173828125,2101.362823216261,19648200
2021-12-27,2092.2265625,2101.3629230349343,2046.5447598253274,2064.8174808951967,22334000
2021-12-28,2092.2265625,2119.6356441048033,2073.953841430131,2092.2265625,26761700
2021-12-29,2055.680908203125,2137.90814453125,2046.544548611111,2092.2263465711803,34896600
2021-12-30,2083.08984375,2119.6352796052633,2055.6807668585525,2064.8171258223683,46671700
2022-01-03,2238.408447265625,2238.408447265625,2083.090310108418,2083.090310108418,83408300
2022-01-04,2247.544677734375,2265.817398691565,2201.8628753414,2238.40831725578,54541000
2022-01-05,2247.544677734375,2329.7719220417302,2220.13559629859,2247.544677734375,90701000
2022-01-06,2210.999267578125,2247.544710017433,2147.0447433093364,2220.1356281879516,40451300
2022-01-07,2256.68115234375,2265.817513284413,2210.999347640435,2210.999347640435,34114100
2022-01-10,2119.6357421875,2274.9538784684805,2119.6357421875,2238.4084346376617,65682500
2022-01-11,1973.4537353515625,2137.908213297526,1973.4537353515625,2128.7718534116393,103722900
2022-01-12,1964.3175048828125,2019.1356678097745,1936.9084234193313,1973.4538653706395,64235000
2022-01-13,1827.27197265625,1991.7264501953125,1827.27197265625,1982.5900903320314,87736100
2022-01-14,1946.044677734375,1964.3173977131016,1786.158377920518,1827.2719978726525,63330600
2022-01-17,1822.7037353515625,1955.1809491991698,1818.135555563714,1946.0445896234728,51234200
2022-01-18,1731.34033203125,1836.4084788299804,1708.4994305532653,1822.7039379431894,64446500
2022-01-19,1694.7947998046875,1758.7493205520343,1676.52207959116,1731.3402402317429,43772200
2022-01-20,1703.93115234375,1717.6356924430295,1649.112991946632,1694.7947922775638,48262500
2022-01-21,1808.999267578125,1854.6810672644413,1685.658408425071,1703.9311282995975,84626900
2022-01-24,1690.2265625,1822.703779560811,1690.2265625,1808.9992398648649,58334500
2022-01-25,1576.022216796875,1703.9312662760417,1576.022216796875,1703.9312662760417,103354300
2022-01-26,1617.1357421875,1658.249362751589,1585.158481748764,1589.7266618114406,84709500
2022-01-27,1594.294921875,1644.54490508596,1571.4540204154728,1617.1358233345272,49973400
2022-01-28,1603.431396484375,1617.1359383346687,1553.1814096999644,1580.590493400552,24969900
2022-01-31,1639.9765625,1649.112922179666,1585.1584044220056,1607.99930362117,91652100
2022-02-02,1909.4993896484375,1909.4993896484375,1639.9767485258112,1639.9767485258112,158954900
2022-02-03,1822.7037353515625,1918.6355108963814,1786.1582970487743,1909.4991513206844,51663500
2022-02-04,1808.999267578125,1822.70380748402,1772.453827829072,1808.999267578125,23347900
2022-02-07,1799.8631591796875,1872.9540488925684,1799.8631591796875,1808.9995203937976,35922200
2022-02-08,1813.5675048828125,1845.5447656741972,1804.4311446567026,1804.4311446567026,27105800
2022-02-09,1808.999267578125,1854.6810672644413,1808.999267578125,1827.2719874526515,21219600
2022-02-10,1763.3175048828125,1827.272025785298,1758.7493248183491,1818.1356656563714,25550500
2022-02-11,1690.2265625,1763.3174408783784,1671.9538429054055,1758.7492609797298,46334400
2022-02-14,1621.703857421875,1694.794735502861,1598.8629580215668,1690.2265556227992,39078000
2022-02-15,1612.5675048828125,1649.1129440869556,1589.7266053802232,1649.1129440869556,43504700
2022-02-16,1603.431396484375,1639.9768414184919,1589.726854634081,1626.272299568198,48754200
2022-02-17,1658.24951171875,1667.3858726648589,1607.9995265151515,1612.567706988206,72192300
2022-02-18,1749.613037109375,1754.1812173629244,1630.8403505170938,1658.2494320383894,74962500
2022-02-21,1891.2266845703125,1900.3630453653382,1758.7494530424403,1758.7494530424403,158542900
2022-02-22,1900.3631591796875,1973.454049917368,1872.9540751530574,1882.0904364952676,104364700
2022-02-23,1936.9080810546875,1982.5898754191849,1909.499004435989,1918.6353633088886,75606300
2022-02-24,1891.2266845703125,1991.7266533155948,1822.70397860762,1936.9084885454408,83323700
2022-02-25,1891.2266845703125,1991.7266533155948,1854.6812413902098,1900.3630453653382,83857500
2022-03-01,2019.1353759765625,2037.4080943111921,1900.3627068014707,1918.6354251361001,95430200
2022-03-02,2000.8626708984375,2046.5444670376712,1964.3172339870505,2019.135389354131,58918300
2022-03-04,2046.544677734375,2137.9082794189453,2000.8628768920898,2019.135597229004,108754600
2022-03-07,1991.7265625,2083.0901662844035,1982.5902021215595,2009.9992832568807,62145800
2022-03-08,1854.68115234375,2055.6810801839597,1854.68115234375,1991.7265576893474,81511300
2022-03-09,1854.68115234375,2000.8629180457206,1836.4084316310039,1854.68115234375,110086800
2022-03-10,1964.3175048828125,1973.4538653706395,1872.953900004542,1882.090260492369,87613900
2022-03-11,1973.4537353515625,1991.726455123336,1900.3628562644676,1964.3173754656757,68918600
2022-03-14,2019.1353759765625,2037.4080943111921,1927.771784303415,1973.4535801399886,87694000
2022-03-15,1991.7265625,2028.2720040137615,1973.4538417431193,2019.135643635321,65620100
2022-03-16,2028.271728515625,2101.362601615287,1973.4535736908783,2073.9535242029137,170180600
2022-03-17,2019.1353759765625,2092.2262493150806,2019.1353759765625,2064.817171813136,105353300
2022-03-18,2009.999267578125,2055.6810691139917,1946.044745427912,2028.2719881924716,925083400
2022-03-21,2055.680908203125,2064.817267795139,1991.7263910590277,2019.1354698350694,38341500
2022-03-22,2073.953857421875,2073.953857421875,2037.4084150003441,2064.817496816492,37186100
2022-03-23,2083.08984375,2092.226202713816,2046.5444078947369,2083.08984375,23590600
2022-03-24,2064.8173828125,2092.2264631153207,2046.5446626106193,2083.0901030143805,32716300
2022-03-25,2073.953857421875,2101.362939238023,2046.544775605727,2073.953857421875,30681300
2022-03-28,2064.8173828125,2092.2264631153207,2064.8173828125,2083.0901030143805,26173400
2022-03-29,2064.8173828125,2092.2264631153207,2055.6810227115598,2073.9537429134402,38039400
2022-03-30,2183.590087890625,2192.7264480910044,2064.8174052856957,2064.8174052856957,46585900
2022-03-31,2238.408447265625,2265.8175302933673,2165.3175591916456,2183.5902812101403,46655500
2022-04-01,2247.544677734375,2284.0901196487553,2201.8628753414,2238.40831725578,34854300
2022-04-04,2320.6357421875,2320.6357421875,2274.9539362389273,2274.9539362389273,32110800
2022-04-05,2485.090087890625,2485.090087890625,2320.635596780216,2329.771957397461,92180500
2022-04-06,2631.271728515625,2649.544448852539,2466.8172454833984,2475.9536056518555,88039400
2022-04-07,2549.044677734375,2631.271925403226,2448.544708361335,2631.271925403226,67229000
2022-04-08,2594.72607421875,2631.2715118838028,2485.0897612235917,2549.044277137434,34771600
2022-04-11,2475.95361328125,2640.408096820226,2475.95361328125,2594.726295837177,19763200
2022-04-12,2475.95361328125,2549.044494854128,2402.862731708372,2475.95361328125,35751500
2022-04-13,2466.8173828125,2521.6355468750003,2448.5446614583334,2475.9537434895833,26599000
2022-04-14,2503.36279296875,2503.36279296875,2348.0446634779883,2475.9537112939097,40679800
2022-04-18,2466.8173828125,2530.7719075520836,2466.8173828125,2503.3628255208337,18763300
2022-04-19,2503.36279296875,2567.3173168767107,2466.8173507356296,2475.9537112939097,42586400
2022-04-20,2485.090087890625,2558.180972828585,2485.090087890625,2521.6355303596047,41369100
2022-04-21,2576.45361328125,2640.408135596742,2494.2263703041885,2494.2263703041885,66201900
2022-04-22,2549.044677734375,2731.7718947762655,2521.6355951780915,2576.4537602906585,60088700
2022-04-25,2622.13525390625,2631.271613675958,2475.9534975909187,2539.9080159788764,39443100
2022-04-26,2649.544189453125,2695.2259858230063,2622.135111631196,2640.4078301791487,37837000
2022-04-27,2740.90771484375,2804.8622281901044,2658.6804833984374,2676.953201497396,78596100
2022-04-28,2731.771484375,2804.8623602111206,2704.3624059364547,2777.4532817725753,51257100
2022-05-09,2549.044677734375,2731.7718947762655,2549.044677734375,2731.7718947762655,53613600
2022-05-10,2375.453857421875,2457.681106332632,2375.453857421875,2457.681106332632,94890100
2022-05-11,2338.908203125,2430.2718048095703,2247.5446014404297,2375.453643798828,64074100
2022-05-12,2183.590087890625,2338.9082112970714,2183.590087890625,2338.9082112970714,70635700
2022-05-13,2037.408447265625,2037.408447265625,2037.408447265625,2037.408447265625,87956100
2022-05-17,1900.3631591796875,1900.3631591796875,1900.3631591796875,1900.3631591796875,75221900
2022-05-18,1767.8856201171875,1827.2719587774548,1767.8856201171875,1767.8856201171875,201879800
2022-05-19,1772.453857421875,1813.5674778259906,1644.5448161646264,1676.5220764789385,302365400
2022-05-20,1827.27197265625,1863.817412109375,1790.726533203125,1790.726533203125,168989100
2022-05-23,1731.34033203125,1845.5448394211742,1708.4994305532653,1836.4084788299804,96448700
2022-05-24,1713.0675048828125,1767.8856650390626,1690.2266048177082,1758.7493050130208,61095500
2022-05-25,1667.3857421875,1745.044804152397,1662.8175620719178,1717.635723458904,49895600
2022-05-27,1703.93115234375,1717.6356924430295,1671.953892112098,1681.0902521782843,40028400
2022-05-30,1713.0675048828125,1731.3402249348958,1685.6584248046875,1717.6356848958333,35246300
2022-05-31,1749.613037109375,1749.613037109375,1690.2266938132343,1717.63577533453,35997400
2022-06-02,1703.93115234375,1740.4765926084954,1699.362972310657,1740.4765926084954,27302100
2022-06-03,1699.3631591796875,1722.204061856834,1699.3631591796875,1708.499520250546,20749600
2022-06-06,1617.1357421875,1708.499343441031,1603.4312019994702,1699.3629833156779,70922200
2022-06-07,1594.294921875,1639.9767247940545,1589.7267415830945,1621.7040036264327,49345000
2022-06-08,1658.24951171875,1685.6585945570764,1603.4313460420972,1607.9995265151515,57422600
2022-06-09,1635.408447265625,1671.9538874279854,1626.272087225035,1667.3857074076902,38640600
2022-06-10,1621.703857421875,1644.544756822183,1594.2947781415053,1626.2720373019365,21412000
2022-06-13,1521.2039794921875,1598.863041508305,1516.6357993735924,1598.863041508305,38817000
2022-06-14,1498.3629150390625,1525.7719927531916,1470.9538373249331,1512.067453896127,28882000
2022-06-15,1603.431396484375,1612.5677577179042,1498.3632422987891,1498.3632422987891,48754500
2022-06-16,1580.5902099609375,1658.249266519712,1580.5902099609375,1630.8401877342621,37168000
2022-06-17,1607.99951171875,1607.99951171875,1534.908624822443,1576.0222487016156,20581400
2022-06-20,1585.15869140625,1630.8404980750179,1566.8859687387428,1621.7041367412644,13664400
2022-06-21,1598.863037109375,1598.863037109375,1557.749416155134,1585.1584967912947,15967400
2022-06-22,1548.613037109375,1607.9993777654865,1548.613037109375,1603.4311977150164,13292900
2022-06-23,1521.2039794921875,1548.6130602037583,1498.3630788992116,1548.6130602037583,23716500
2022-06-24,1525.7720947265625,1553.1811742725488,1512.0675549535695,1530.3402746508937,18813600
2022-06-27,1521.2039794921875,1548.6130602037583,1516.6357993735924,1525.7721596107826,11635500
2022-06-28,1521.2039794921875,1530.3403397293778,1466.3858180690456,1530.3403397293778,20835400
2022-06-29,1521.2039794921875,1539.476699966568,1489.2267186620213,1521.2039794921875,23130500
2022-06-30,1466.3856201171875,1548.6128511517961,1466.3856201171875,1539.4764921479507,28237000
2022-07-01,1425.272216796875,1484.6585591634114,1402.4313158866687,1470.9540186172876,19879200
2022-07-04,1416.135986328125,1443.5450699344758,1370.4541803175405,1425.272347530242,12128600
2022-07-05,1448.1131591796875,1466.3858804311662,1416.1358969895998,1420.7040773024696,11880400
2022-07-06,1406.99951171875,1448.1131338144278,1402.4313314858969,1443.5449535815746,13376600
2022-07-07,1438.9766845703125,1438.9766845703125,1402.4312449621777,1420.703964766245,6660700
2022-07-08,1507.499267578125,1512.0674471768466,1443.5447531960228,1443.5447531960228,27054500
2022-07-11,1512.0675048828125,1525.7720442019922,1480.0902464713936,1502.931145336693,14145000
2022-07-12,1530.3404541015625,1585.1586196216185,1512.0677322615438,1525.7722736415578,43749400
2022-07-13,1466.3856201171875,1548.6128511517961,1466.3856201171875,1548.6128511517961,15491700
2022-07-14,1484.658447265625,1512.0675262920674,1438.9766488882212,1461.8175480769232,13393400
2022-07-15,1553.1812744140625,1553.1812744140625,1484.658571131089,1489.226751349954,21786700
2022-07-18,1594.294921875,1594.294921875,1553.181299247851,1562.317659831662,29359100
2022-07-19,1671.953857421875,1671.953857421875,1580.5902586556522,1598.8629784088969,50138300
2022-07-20,1694.7947998046875,1731.3402402317429,1662.8175394310142,1690.2266197513056,50219700
2022-07-21,1703.93115234375,1708.4993323768433,1662.8175320459115,1703.93115234375,23886300
2022-07-22,1790.7265625,1804.4311025191328,1703.9311423788267,1708.499322385204,65711100
2022-07-25,1699.3631591796875,1795.2949504237022,1690.226798108829,1790.7267698882729,30369600
2022-07-26,1644.544921875,1731.3403483072918,1617.13583984375,1685.658544921875,48586800
2022-07-27,1644.544921875,1676.5221842447918,1630.840380859375,1644.544921875,18089400
2022-07-28,1703.93115234375,1726.7720525092159,1658.2493520128185,1658.2493520128185,45049600
2022-07-29,1713.0675048828125,1754.181125,1671.953884765625,1722.2038649088543,35553000
2022-08-01,1708.4993896484375,1740.476650952018,1694.7948490897602,1713.0675698346633,21320400
2022-08-02,1681.0902099609375,1722.2038292262864,1681.0902099609375,1713.0674693895423,11060700
2022-08-03,1758.74951171875,1777.0222339184252,1671.9540812702921,1676.522261820211,41879900
2022-08-04,1900.3631591796875,1918.6358818641077,1777.022281059852,1781.590461730957,122156900
2022-08-05,1900.3631591796875,1946.0449658907378,1863.8177138108474,1900.3631591796875,37636700
2022-08-08,1882.0902099609375,1927.7720111735816,1845.5447689908221,1909.4992906885238,23842400
2022-08-09,1927.77197265625,1964.317412896179,1863.8174522363743,1882.0901723563388,45989200
2022-08-10,1991.7265625,2000.8629228784403,1845.544796444954,1927.7720398509175,57328000
2022-08-11,2055.680908203125,2101.362706163194,2009.9991102430554,2009.9991102430554,72081900
2022-08-12,1918.635498046875,2009.9990931919642,1918.635498046875,2000.8627336774553,74098600
2022-08-15,1813.5675048828125,1909.4992872569662,1790.7266043175377,1900.3629270308563,65491400
2022-08-16,1808.999267578125,1845.544707327178,1763.3174678918087,1813.5674475467567,47651600
2022-08-18,1749.613037109375,1813.567560659065,1726.7721358416286,1808.9993804055157,42726200
2022-08-19,1735.908447265625,1777.0220683850741,1735.908447265625,1749.6129876387747,27545600
2022-08-22,1685.6585693359375,1749.6130950017996,1681.090388931233,1735.9085537876863,26533100
2022-08-23,1722.203857421875,1731.3402174081978,1681.0902374834218,1681.0902374834218,17274500
2022-08-24,1754.18115234375,1763.317512512207,1722.2038917541504,1726.772071838379,16890200
2022-08-25,1772.453857421875,1777.0220374667767,1754.181137242268,1772.453857421875,13588200
2022-08-26,1772.453857421875,1786.1583975565802,1763.3174973320715,1772.453857421875,11200800
2022-08-29,1703.93115234375,1735.9084125754023,1685.6584322113774,1735.9084125754023,19595700
2022-08-30,1735.908447265625,1754.1811677631579,1699.3630062705593,1708.4993665193256,16279200
2022-08-31,1745.0447998046875,1745.0447998046875,1713.0675390752822,1735.908439596286,9881500
2022-09-01,1717.6358642578125,1754.1813081781916,1717.6358642578125,1745.044947198097,5992200
2022-09-02,1685.6585693359375,1726.7721929782774,1685.6585693359375,1722.204012573573,12340100
2022-09-05,1676.5220947265625,1685.658454915808,1658.2493743480713,1685.658454915808,20779000
2022-09-06,1685.6585693359375,1722.204012573573,1681.090388931233,1681.090388931233,20420500
2022-09-07,1667.3857421875,1699.3630029965752,1653.6812018407534,1694.794822880993,29483700
2022-09-08,1690.2265625,1703.931102195946,1676.5220228040541,1681.0902027027028,28699000
2022-09-09,1681.0902099609375,1703.931109552798,1662.8174902874491,1699.3629296344259,17025300
2022-09-12,1671.953857421875,1699.3629370517417,1649.1129577303193,1694.7947571134307,14896600
2022-09-13,1658.24951171875,1699.3631359762398,1653.6813312456957,1671.9540531379132,17648500
2022-09-14,1649.1129150390625,1649.1129150390625,1621.7038361187456,1644.5447352190097,18612400
2022-09-15,1607.99951171875,1649.1131355979226,1607.99951171875,1644.5449551669033,31216800
2022-09-16,1672.13623046875,1672.13623046875,1557.6063516695206,1607.9994983411814,89493700
2022-09-19,1626.32421875,1676.717363556338,1617.1618287852111,1672.1361685739437,15275700
2022-09-20,1580.51220703125,1630.9053498641304,1580.51220703125,1626.3241550611413,18032800
2022-09-21,1585.093505859375,1589.6747009630149,1557.6063352375363,1585.093505859375,15692100
2022-09-22,1562.1875,1580.512280058651,1557.6063049853374,1580.512280058651,23750500
2022-09-23,1539.2816162109375,1562.1875926426478,1525.5380303519112,1562.1875926426478,22346000
2022-09-26,1475.144775390625,1530.1191148461762,1470.5635804359956,1530.1191148461762,43393700
2022-09-27,1484.3072509765625,1511.7944222909434,1443.0764940049914,1475.1448605384358,49377000
2022-09-28,1452.2388916015625,1488.888453534725,1452.2388916015625,1484.3072582930797,21983500
2022-09-29,1429.332763671875,1475.1447112254607,1429.332763671875,1475.1447112254607,24060000
2022-09-30,1392.683349609375,1424.7517162122224,1383.5209591514185,1420.1705209832442,49328100
2022-10-03,1447.6575927734375,1456.8199826011175,1388.1020588935176,1392.6832538073577,23515900
2022-10-04,1420.17041015625,1479.7259434853831,1420.17041015625,1475.1447486139114,33299000
2022-10-05,1488.888427734375,1507.2132083834135,1420.1705003004809,1429.332890625,37571600
2022-10-06,1511.7943115234375,1548.4438705906723,1498.0507268732244,1502.6319217566288,40780400
2022-10-07,1507.213134765625,1511.7943297041224,1488.8883550116357,1511.7943297041224,11289500
2022-10-10,1507.213134765625,1534.700304396609,1479.725965134641,1502.6319398271278,25049000
2022-10-11,1493.4696044921875,1516.3755800212089,1484.307214280579,1511.7943849154044,10734300
2022-10-12,1424.7515869140625,1502.631898738947,1424.7515869140625,1498.0507039257184,27987200
2022-10-13,1415.58935546875,1438.495332094458,1401.8457694933254,1415.58935546875,14588600
2022-10-14,1388.1019287109375,1438.4950680370773,1388.1019287109375,1429.332679068688,17232800
2022-10-17,1388.1019287109375,1406.4267066477157,1356.033567321576,1388.1019287109375,20739900
2022-10-18,1365.196044921875,1433.9139666461303,1333.1276814505557,1397.2644083931941,37424300
2022-10-19,1388.1019287109375,1411.00790113191,1351.4523728373815,1374.3583452583541,23818500
2022-10-20,1392.683349609375,1401.8457400673315,1369.7773734644838,1397.2645448383532,12614400
2022-10-21,1401.8458251953125,1443.0765847598805,1383.5210431666155,1392.683434180964,29736400
2022-10-24,1406.4268798828125,1456.820025416073,1406.4268798828125,1420.1704650282472,22540700
2022-10-25,1406.4268798828125,1424.7516600767253,1392.6832947373778,1415.589269979769,11612400
2022-10-26,1511.7943115234375,1530.119091057055,1411.0080240885416,1415.589218971946,56575500
2022-10-27,1479.7259521484375,1530.1190960296535,1475.1447572501452,1511.7943164364842,16550800
2022-10-28,1452.2388916015625,1488.888453534725,1443.076501118272,1488.888453534725,17705800
2022-10-31,1415.58935546875,1479.7260900207323,1415.58935546875,1475.1448946955907,62696900
2022-11-01,1475.144775390625,1525.537919891547,1443.07641070822,1447.6576056628494,70472500
2022-11-02,1511.7943115234375,1539.2814808238636,1498.0507268732244,1502.6319217566288,50904300
2022-11-03,1530.1190185546875,1575.9309652180016,1488.8882665577048,1511.794239889362,47955000
2022-11-04,1502.6319580078125,1543.8627129531487,1475.144788044255,1534.7003229652962,40924200
2022-11-07,1484.3072509765625,1525.5380079481338,1475.1448605384358,1502.6320318528165,24550300
2022-11-08,1562.1875,1566.7686950146629,1488.888379765396,1498.0507697947214,41148500
2022-11-09,1598.8370361328125,1598.8370361328125,1566.7686715112375,1575.931061403116,56169700
2022-11-10,1603.418212890625,1612.5806026785715,1548.4438741629465,1589.6746282087054,47451600
2022-11-11,1598.8370361328125,1653.811375484084,1589.674646240934,1649.2301805381446,81285700
2022-11-14,1525.5379638671875,1612.5806705142643,1520.9567687804993,1598.8370852541996,49224300
2022-11-15,1553.02490234375,1557.606096745944,1488.8881807130347,1525.5377359305862,43272300
2022-11-16,1553.02490234375,1566.768485550332,1530.11893033278,1562.1872911481378,23767400
2022-11-17,1530.1190185546875,1557.6061865526758,1516.3754345556933,1557.6061865526758,19741600
2022-11-18,1530.1190185546875,1553.0249918863444,1525.5378238883561,1543.8626025536817,22002500
2022-11-21,1553.02490234375,1594.2556519634954,1539.281319137168,1539.281319137168,46435700
2022-11-22,1520.9566650390625,1562.1874180069888,1516.3754702648484,1553.0250284585607,21368100
2022-11-23,1493.4696044921875,1539.28155555023,1488.8884093863833,1525.5379702328173,23007900
2022-11-24,1447.6575927734375,1502.6319317395173,1447.6575927734375,1493.4695419118375,34600300
2022-11-25,1433.9140625,1461.4012330271564,1429.3328674121406,1447.6576477635783,16767900
2022-11-28,1360.614990234375,1443.076504794034,1351.4525997277462,1429.332919034091,69059600
2022-11-29,1268.990966796875,1360.614863316505,1268.990966796875,1360.614863316505,106662300
2022-11-30,1181.9483642578125,1291.897049305051,1181.9483642578125,1264.4098780432414,153318600
2022-12-01,1159.042236328125,1214.016571648036,1140.7174578881545,1195.6917932080657,71709200
2022-12-02,1168.2047119140625,1204.8542715035233,1145.2987371706495,1159.0423220166974,56086500
2022-12-05,1090.324462890625,1195.6919530019038,1090.324462890625,1177.3671721129858,59956000
2022-12-06,1039.93115234375,1090.3242918846365,1017.0251798251652,1053.674735854901,82354700
2022-12-07,1039.93115234375,1085.7430973809196,1026.1875688325993,1039.93115234375,41487500
2022-12-08,1030.768798828125,1058.2559667968749,994.1192415364583,1049.0935774739582,37817400
2022-12-09,1026.1876220703125,1049.0935957772392,1012.4440378461566,1030.768816811698,21135000
2022-12-12,957.4697265625,1030.7688443854665,957.4697265625,1026.187649521531,48974200
2022-12-13,1035.35009765625,1071.9996586352322,943.7261952087943,957.4697805759126,89297900
2022-12-14,984.9569702148438,1062.837288789971,966.6321893736374,1049.093703159066,51151500
2022-12-15,971.2133178710938,998.700487244804,957.4697331842386,984.9569025579489,20752800
2022-12-16,971.2133178710938,998.700487244804,943.7261484973835,952.8885382886203,117902600
2022-12-19,929.9826049804688,998.700531456858,925.4014098820428,975.7945559647283,50881300
2022-12-20,925.4014282226562,948.3074041687616,920.8202330334352,929.9826234118773,24509500
2022-12-21,916.2389526367188,943.7261212158203,907.0765631103516,929.9825369262695,26210300
2022-12-22,952.8885498046875,957.4697447556715,916.2389901968148,925.401380098783,57381000
2022-12-23,934.563720703125,952.8884995404411,929.9825259937959,943.726110121783,16421600
2022-12-26,925.4014282226562,943.7262089795405,916.2390378442141,939.1450137903195,10114100
2022-12-27,957.4697265625,971.2133111543062,925.4013625149521,929.9825573788876,31938200
2022-12-28,911.6577758789062,971.2133089765232,897.9141913179177,962.0509192691976,47098900
2022-12-29,939.1449584960938,952.8885432545732,897.9142042206555,911.6577889791349,39772500
2022-12-30,943.7262573242188,957.4698435959306,939.1450619003148,943.7262573242188,26364600
2023-01-02,934.563720703125,948.3073048311121,929.9825259937959,943.726110121783,6511300
2023-01-03,943.7262573242188,948.3074527481227,925.4014756286028,934.5638664764108,20895800
2023-01-04,929.9826049804688,948.3073853741726,920.8202147836167,943.7261902757466,14361100
2023-01-05,897.9142456054688,939.14500178123,865.8458796909877,929.9826115199497,57328200
2023-01-06,897.9142456054688,925.4014163893096,884.1706602135483,897.9142456054688,19390400
2023-01-09,911.6577758789062,920.820165586232,888.751801610592,907.0765810252434,16640000
2023-01-10,907.0765380859375,916.2389273595328,888.7517595387468,911.6577327227352,10120000
2023-01-11,902.4954833984375,929.9826554816386,897.9142880512373,911.6578740928379,15327600
2023-01-12,934.563720703125,934.563720703125,907.0765524471507,907.0765524471507,23233200
2023-01-13,925.4014282226562,939.1450137903195,916.2390378442141,934.5638186010984,14633800
2023-01-16,916.2389526367188,952.8885107421875,907.0765631103516,929.9825369262695,17451600
2023-01-17,925.4014282226562,952.8885993579827,920.8202330334352,925.4014282226562,41902700
2023-01-18,920.8201904296875,939.144970338736,916.2389954524253,934.5637753614739,9672300
2023-01-19,925.4014282226562,929.9826234118773,911.657842654993,920.8202330334352,9508000
2023-01-20,939.1449584960938,939.1449584960938,925.4013737376143,925.4013737376143,17599500
2023-01-24,975.7945556640625,984.9569458580912,943.7261899849618,948.3073850819762,52787800
2023-01-25,989.5380859375,1007.8628653067129,957.4697220413773,989.5380859375,46847800
2023-01-26,1026.1876220703125,1035.3500115530833,989.53806413923,989.53806413923,66798200
2023-01-27,998.7005004882812,1044.512450051964,994.1193055319129,1030.7688651828591,30510800
2023-01-30,971.2133178710938,1003.2816821404223,957.4697331842386,998.700487244804,27001300
2023-01-31,989.5380859375,998.7004756221064,966.6321117259838,966.6321117259838,15902100
2023-02-01,998.7005004882812,1017.0252803137543,984.9569156191765,989.5381105755447,22529400
2023-02-02,1007.8629150390625,1026.1876953125,1003.2817199707031,1012.4441101074219,36809400
2023-02-03,1076.580810546875,1085.7432004238697,1030.7688611619017,1030.7688611619017,84171800
2023-02-06,1067.4185791015625,1085.743361575409,1044.5126010092542,1076.5809703384857,40616400
2023-02-07,1058.256103515625,1076.5808845288825,1053.6749082623107,1067.4184940222538,24311000
2023-02-08,1071.99951171875,1081.161900707799,1058.2559282351763,1071.99951171875,15477500
2023-02-09,998.7005004882812,1081.16200970291,998.7005004882812,1071.9996197901735,40477700
2023-02-10,989.5380859375,994.1192807798033,943.7261375144676,971.213306568287,32543600
2023-02-13,1003.2816772460938,1017.0252618659032,980.3757028797445,980.3757028797445,21334100
2023-02-14,984.9569702148438,1017.025336686955,975.7945797942406,1012.4441414766534,21717900
2023-02-15,980.3756713867188,1007.8628397433557,980.3756713867188,989.5380608389311,11160900
2023-02-16,994.1193237304688,1007.8629088511664,980.375738609771,989.5381286902361,15362600
2023-02-17,984.9569702148438,1007.8629462663517,980.3757750045422,994.119360635447,10264200
2023-02-20,966.6321411132812,984.9569210395995,952.8885561685427,984.9569210395995,18253700
2023-02-21,952.8885498046875,980.3757195105919,939.1449649517352,966.6321346576397,20113300
2023-02-22,925.4014282226562,952.8885993579827,920.8202330334352,943.7262089795405,31525800
2023-02-23,907.0765380859375,943.7260951803188,888.7517595387468,929.9825112699258,35270800
2023-02-24,902.4954833984375,925.4014601344385,897.9142880512373,907.0766787456377,26371500
2023-02-27,888.7518310546875,916.2390010873067,875.0082460383779,907.0766110764337,29509800
2023-02-28,870.4270629882812,893.3330383300781,856.6834777832031,888.7518432617187,37715000
2023-03-01,875.0082397460938,893.3330196360644,861.2646548286159,870.4270447736011,21625300
2023-03-02,870.4270629882812,888.7518432617187,865.8458679199218,879.589453125,13457800
2023-03-03,870.4270629882812,884.1706481933594,865.8458679199218,870.4270629882812,12304200
2023-03-06,847.5210571289062,884.1706163561022,847.5210571289062,870.4270316459036,23362600
2023-03-07,792.5467529296875,861.2646794842848,792.5467529296875,852.1022892770051,58764500
2023-03-08,774.2220458984375,801.709219125601,746.734872671274,792.5468280498798,64155300
2023-03-09,797.1279296875,810.8715146821121,774.2219546964799,778.8031496946838,25413800
2023-03-10,797.1279296875,806.290319683908,778.8031496946838,797.1279296875,16547100
2023-03-13,801.7091064453125,829.1962758091519,792.5467166573661,797.1279115513394,25285000
2023-03-14,751.3159790039062,806.2903189310214,746.73478400998,806.2903189310214,31894200
2023-03-15,714.6663818359375,769.6407189002404,714.6663818359375,760.4783293895232,26150300
2023-03-16,691.7604370117188,714.6664117472061,682.5980471175237,714.6664117472061,26212000
2023-03-17,691.7604370117188,723.828801641401,682.5980471175237,700.9228269059137,85705400
2023-03-20,668.8544921875,700.9228582512842,664.2732970355308,696.341663099315,17763100
2023-03-21,678.016845703125,691.7604304133234,664.2732609929265,668.854455896326,22727500
2023-03-24,691.7604370117188,700.9228269059137,678.0168521704263,678.0168521704263,18337300
2023-03-27,678.016845703125,700.9228202201224,678.016845703125,696.3416253167229,12911500
2023-03-28,732.9911499023438,742.1535392761231,682.5980083465577,682.5980083465577,54085200
2023-03-29,742.1536254882812,755.8972111454717,723.8288446120274,737.5724302692179,44199100
2023-03-30,714.6663818359375,751.315939878806,710.0851870805789,742.1535503680889,29516600
2023-03-31,723.8287963867188,737.5723811282387,705.5040167313588,714.6664065590388,21581800
2023-04-03,728.4100341796875,765.0595956478479,723.8288389961674,723.8288389961674,33774500
2023-04-04,755.8971557617188,769.6407404119318,732.991181344697,732.991181344697,43196300
2023-04-05,769.6408081054688,783.384393964495,755.8972222464425,760.4784175327845,33792500
2023-04-06,751.3159790039062,769.6407589796113,742.1535890160537,769.6407589796113,20514800
2023-04-10,700.9229125976562,751.3160631765727,700.9229125976562,751.3160631765727,48086800
2023-04-11,710.085205078125,710.085205078125,682.5980358492943,696.3416204637097,17863100
2023-04-12,700.9229125976562,714.6664991191789,696.341717090482,714.6664991191789,10839200
2023-04-13,732.9911499023438,737.5723445892335,700.9227870941162,700.9227870941162,25557300
2023-04-14,723.8287963867188,751.3159658697587,723.8287963867188,742.1535760420787,24738400
2023-04-17,714.6663818359375,728.4099661020132,705.5039923252203,723.8287713466547,18851900
2023-04-18,700.9229125976562,719.2476946263531,696.341717090482,714.6664991191789,8270700
2023-04-26,678.016845703125,700.9228202201224,668.854455896326,700.9228202201224,25698900
2023-04-27,659.6920776367188,682.5980525546604,645.9484926859537,682.5980525546604,51194600
2023-04-28,645.9484252929688,673.4355923267121,636.786036281721,659.6920088098404,48409400
2023-05-02,632.2048950195312,664.2732592596525,627.6237001280854,650.5296745853148,37843300
2023-05-03,623.0425415039062,632.2049318201402,604.7177608714385,623.0425415039062,30292900
2023-05-04,636.7860717773438,650.529656060308,618.4612927333914,618.4612927333914,23986700
2023-05-05,636.7860717773438,641.3672665383318,609.2989032114152,627.6236822553675,23314400
2023-05-08,641.3673706054688,659.6921526227678,636.786175101144,636.786175101144,21309100
2023-05-09,664.2732543945312,668.8544492524245,645.9484749629579,645.9484749629579,25878500
2023-05-10,664.2732543945312,673.4356441103179,650.5296698208513,668.8544492524245,21334500
2023-05-11,655.1109008789062,668.8544862120301,645.9485106568236,664.2732911009889,8796400
2023-05-12,641.3673706054688,655.110957118443,636.786175101144,655.110957118443,9976000
2023-05-15,641.3673706054688,645.9485661097934,623.0425885881696,641.3673706054688,10675300
2023-05-16,600.1365966796875,641.3673552302004,600.1365966796875,641.3673552302004,31686500
2023-05-17,586.3929443359375,604.7177238464355,572.649359703064,600.136528968811,20275900
2023-05-19,618.4613647460938,618.4613647460938,572.6494118019386,590.9741929796007,22286700
2023-05-22,632.2048950195312,636.7860899109771,609.2989205623019,623.0425052366395,15282400
2023-05-23,604.7177124023438,650.5296603116121,604.7177124023438,632.2048811479048,32474300
2023-05-24,586.3929443359375,623.0425033569336,577.2305545806885,604.7177238464355,22324100
2023-05-25,568.0681762695312,600.1365410589402,563.4869812996156,586.3929561491935,18726300
2023-05-26,545.1622314453125,581.8117932231486,540.581036223083,572.6494027786896,25569700
2023-05-29,535.999755859375,549.7433393429487,517.6749778812767,545.1621448484241,36776300
2023-05-30,558.9057006835938,577.2304777551869,535.9997293441022,535.9997293441022,30926100
2023-05-31,545.1622314453125,568.06820755646,540.581036223083,563.4870123342305,16569300
2023-06-05,558.9057006835938,563.486894951492,540.5809236120004,554.3245064156954,13629700
2023-06-06,563.4869384765625,572.6493277200839,554.3245492330411,558.9057438548018,26192900
2023-06-07,568.0681762695312,572.6493712394469,549.743396389869,563.4869812996156,22797900
2023-06-08,563.4869384765625,572.6493277200839,558.9057438548018,568.0681330983232,20758600
2023-06-09,572.6493530273438,586.3929375,558.9057685546875,563.4869633789062,44145300
2023-06-12,595.555419921875,600.1366154597356,568.0682466947115,577.2306377704326,34057200
2023-06-13,632.2048950195312,650.5296745853148,600.1365307794101,604.717725670856,79020600
2023-06-14,632.2048950195312,664.2732592596525,623.0425052366395,641.367284802423,50798700
2023-06-15,627.6237182617188,645.9484983569514,618.4613282141024,632.2049132855269,18841000
2023-06-16,705.5040283203125,705.5040283203125,623.0425185166396,627.6237135057326,100790200
2023-06-19,687.1792602539062,723.8288208007813,678.0168701171875,710.0852355957031,48483800
2023-06-20,668.8544921875,696.341663099315,659.6921018835616,691.7604679473459,27879800
2023-06-21,700.9229125976562,710.0853036120047,655.110957525914,664.2733485402624,46546000
2023-06-22,664.2732543945312,705.5040081155711,664.2732543945312,700.9228132576777,52062100
2023-06-23,659.6602783203125,682.7253230168269,655.0472693810096,668.8862961989182,19135400
2023-06-26,650.4342041015625,673.4992468001994,636.5951784823803,664.2732297207447,30256600
2023-06-27,655.0472412109375,659.6602499518596,641.2082149881712,650.4342324700153,17149400
2023-07-03,668.8862915039062,678.1123093177532,655.0472647831358,655.0472647831358,20809600
2023-07-04,687.3383178710938,701.1773444054111,664.2732736472316,673.4992913367764,50356800
2023-07-05,691.9513549804688,705.7903820800781,687.3383459472656,687.3383459472656,24257200
2023-07-06,687.3383178710938,696.5643355606387,673.4992913367764,696.5643355606387,21466100
2023-07-07,678.1123046875,691.9513313137755,673.4992958120748,682.7253135629252,17475800
2023-07-10,664.2732543945312,687.338297949897,664.2732543945312,678.1122805277507,14920200
2023-07-11,701.1773681640625,710.4033861662211,664.2732961554276,664.2732961554276,55979700
2023-07-12,687.3383178710938,710.403362094956,682.7253090263214,710.403362094956,30005700
2023-07-13,696.5643310546875,724.2423839442778,691.9513222397559,696.5643310546875,62263700
2023-07-14,710.4033813476562,719.6293992872362,682.7253275289164,701.1773634080763,45094900
2023-07-17,719.6293334960938,742.6943762363532,715.0163249480419,715.0163249480419,66685400
2023-07-18,701.1773681640625,724.2424131694593,696.5643591629831,719.6294041683799,24322700
2023-07-20,687.3383178710938,724.2423886292734,687.3383178710938,705.7903532501836,34684000
2023-07-21,668.8862915039062,687.3383271316002,650.4342558762123,687.3383271316002,47943400
2023-07-24,655.0472412109375,678.112284915548,650.4342324700153,668.8862674337038,29087700
2023-07-25,655.0472412109375,673.4992761746258,655.0472412109375,659.6602499518596,19749400
2023-07-26,659.6602783203125,673.4993051382212,655.0472693810096,668.8862961989182,15646200
2023-07-27,655.0472412109375,668.8862674337038,655.0472412109375,659.6602499518596,10567800
2023-07-28,613.5301513671875,659.660237936149,608.9171427102914,655.0472292792527,56581000
2023-07-31,599.6912231445312,622.7562701885516,599.6912231445312,613.5302513709435,24775400
2023-08-01,576.6260986328125,590.465125,572.01308984375,585.8521162109375,33540900
2023-08-02,576.6260986328125,599.691142578125,572.01308984375,576.6260986328125,37926100
2023-08-03,585.8521118164062,595.078129325326,558.174059289647,576.6260943074865,15174200
2023-08-04,567.4000244140625,590.4650660569106,562.7870160854928,585.8520577283409,17529400
2023-08-07,576.6260986328125,581.239107421875,567.4000810546875,572.01308984375,9565300
2023-08-08,572.0131225585938,585.8521497172694,572.0131225585938,576.6261316114856,7678900
2023-08-09,576.6260986328125,576.6260986328125,567.4000810546875,567.4000810546875,13326900
2023-08-10,585.8521118164062,585.8521118164062,572.0130855530266,576.6260943074865,17159100
2023-08-11,581.2391357421875,604.3041808113219,581.2391357421875,585.8521447560144,25660500
2023-08-14,572.0131225585938,585.8521497172694,562.78710445281,585.8521497172694,19558100
2023-08-15,567.4000244140625,576.6260410712017,562.7870160854928,576.6260410712017,10974900
2023-08-16,567.4000244140625,572.0130327426322,562.7870160854928,567.4000244140625,13417600
2023-08-18,567.4000244140625,576.6260410712017,562.7870160854928,576.6260410712017,10380700
2023-08-21,567.4000244140625,567.4000244140625,562.7870160854928,567.4000244140625,8817200
2023-08-22,562.7869873046875,567.3999953973489,562.7869873046875,567.3999953973489,7057900
2023-08-23,562.7869873046875,572.0130034900103,558.1739792120261,562.7869873046875,18494700
2023-08-24,544.3350830078125,567.4001288979741,544.3350830078125,562.7871197199418,31271000
2023-08-25,544.3350830078125,548.9480921858449,539.7220738297802,544.3350830078125,12824000
2023-08-28,548.9480590820312,558.1740768817292,544.3350501821823,544.3350501821823,14732800
2023-08-29,539.7219848632812,553.5610101161859,535.1089764456464,548.948001698551,24737200
2023-08-30,535.1090087890625,548.9480348784348,535.1090087890625,539.7220174855199,13961500
2023-08-31,525.8829956054688,539.7220218056126,525.8829956054688,535.1090130722314,16223800
2023-09-01,544.3350830078125,562.7871197199418,525.8830462956832,530.4960554737156,45003100
2023-09-04,553.5610961914062,562.7871144612631,544.3350779215494,544.3350779215494,24867200
2023-09-05,548.9480590820312,553.5610679818802,544.3350501821823,553.5610679818802,7296000
2023-09-06,530.4960327148438,553.5610776154891,530.4960327148438,553.5610776154891,27950800
2023-09-07,539.7219848632812,562.7870269514557,525.8829596103766,530.4959680280115,35553800
2023-09-08,530.4960327148438,548.9480686353601,530.4960327148438,544.335059655231,18471100
2023-09-11,553.5610961914062,562.7871144612631,535.1090596516927,535.1090596516927,58312600
2023-09-12,539.7219848632812,553.5610101161859,535.1089764456464,553.5610101161859,47317800
2023-09-13,525.8829956054688,544.3350305389939,525.8829956054688,544.3350305389939,49161900
2023-09-14,530.4960327148438,539.722050675102,525.8830237347147,530.4960327148438,25536800
2023-09-15,502.8179626464844,535.1090244678182,502.8179626464844,535.1090244678182,98200600
2023-09-18,493.5919189453125,507.4309447101343,488.97891035703856,507.4309447101343,29925200
2023-09-19,498.2049560546875,502.8179649070457,488.97893834997103,493.59194720232927,18765500
2023-09-20,516.656982421875,521.2699911934989,498.2049473353795,498.2049473353795,44498400
2023-09-21,502.8179626464844,521.2699979729608,502.8179626464844,521.2699979729608,15882700
2023-09-22,507.43096923828125,512.0439780495384,498.204951615767,507.43096923828125,21427800
2023-09-25,502.8179626464844,512.0439803097227,498.20495381486523,507.43097147810346,23945500
2023-09-26,530.4960327148438,539.722050675102,498.20496985394027,502.8179788340693,96123500
2023-09-27,535.1090087890625,544.3350261819774,521.2699826996902,530.4960000926051,47570300
2023-09-29,539.7219848632812,553.5610101161859,525.8829596103766,535.1089764456464,28113000
2023-10-02,558.1741333007812,558.1741333007812,539.7220958362926,548.9481145685369,27424700
2023-10-03,548.9480590820312,562.7870857815783,544.3350501821823,558.1740768817292,17398000
2023-10-04,539.7219848632812,548.948001698551,516.6569427751068,544.3349932809161,50374100
2023-10-05,535.1090087890625,553.5610435748922,535.1090087890625,544.3350261819774,27524800
2023-10-06,595.0781860351562,595.0781860351562,535.1090665122335,544.3350849003755,81660900
2023-10-09,585.8521118164062,604.3041468342458,576.6260943074865,599.6911380797859,42637400
2023-10-10,590.4651489257812,618.1432027816772,576.6261219978333,585.8521399497986,65203900
2023-10-11,562.7869873046875,599.6910520459785,562.7869873046875,590.4650358606558,90582700
2023-10-12,595.0781860351562,595.0781860351562,558.1741124825885,562.7871216766595,56077700
2023-10-13,567.4000244140625,599.6910827140498,567.4000244140625,595.0780743854801,27585800
2023-10-16,562.7869873046875,572.0130034900103,530.4959306560579,567.3999953973489,52524300
2023-10-17,558.1741333007812,576.6261707652699,553.561123934659,567.4001520330255,16094600
2023-10-18,553.5610961914062,562.7871144612631,535.1090596516927,558.1741053263346,42731700
2023-10-19,535.1090087890625,553.5610435748922,535.1090087890625,548.9480348784348,21968400
2023-10-20,530.4960327148438,535.1090416949728,512.0439967943274,535.1090416949728,18252200
2023-10-23,516.656982421875,535.1090175083705,512.0439736502511,530.4960087367466,16295600
2023-10-24,507.43096923828125,525.8830044833096,507.43096923828125,516.6569868607954,21051900
2023-10-25,507.43096923828125,521.2699956720526,498.204951615767,507.43096923828125,21419300
2023-10-26,498.2049560546875,516.6569914641203,498.2049560546875,502.8179649070457,13478500
2023-10-27,498.2049560546875,512.0439826117621,493.59194720232927,502.8179649070457,10389800
2023-10-30,465.9139099121094,507.43099099338644,453.9200864886293,498.20497297532484,56534800
2023-10-31,461.3008728027344,470.526890258789,455.7652623291015,465.91388153076167,15014900
2023-11-01,455.7652587890625,470.52688660409285,448.3844448815473,461.3008692196989,24987800
2023-11-02,470.5268859863281,479.75290335860905,455.7652581906786,455.7652581906786,22930500
2023-11-03,493.5919189453125,502.8179361218604,470.52687600394273,479.7528931804907,23646100
2023-11-06,498.2049560546875,507.4309737594039,488.97893834997103,502.8179649070457,12337300
2023-11-07,493.5919189453125,502.8179361218604,484.3659017687646,498.20492753358644,11103200
2023-11-08,498.2049560546875,507.4309737594039,479.7529206452546,493.59194720232927,10905600
2023-11-09,512.0440063476562,525.8830335462416,498.20497914907094,498.20497914907094,24892800
2023-11-10,516.656982421875,521.2699911934989,507.4309648786272,512.0439736502511,9936400
2023-11-13,512.0440063476562,525.8830335462416,502.81798821526604,521.2700244800465,9319700
2023-11-14,498.2049560546875,512.0439826117621,484.36592949761285,512.0439826117621,20727600
2023-11-15,535.1090087890625,544.3350261819774,521.2699826996902,530.4960000926051,81638000
2023-11-16,535.1090087890625,544.3350261819774,521.2699826996902,535.1090087890625,34025600
2023-11-17,530.4960327148438,539.722050675102,521.2700147545856,530.4960327148438,16181200
2023-11-20,535.1090087890625,535.1090087890625,521.2699826996902,530.4960000926051,14242700
2023-11-21,535.1090087890625,539.7220174855199,521.2699826996902,539.7220174855199,23507600
2023-11-22,544.3350830078125,544.3350830078125,525.8830462956832,535.1090646517479,23338900
2023-11-23,576.6260986328125,590.465125,544.335037109375,544.335037109375,77087700
2023-11-24,581.2391357421875,585.8521447560144,562.78709968688,576.6261267283606,39426700
2023-11-27,581.2391357421875,608.9171898251487,567.4001087007068,581.2391357421875,79773600
2023-11-28,585.8521118164062,590.4651205708661,572.0130855530266,590.4651205708661,39755100
2023-11-29,567.4000244140625,590.4650660569106,562.7870160854928,585.8520577283409,33601200
2023-11-30,595.0781860351562,618.1432320055112,572.0131400648014,572.0131400648014,271101000
2023-12-01,604.30419921875,604.30419921875,572.0131351383587,595.0781809100667,50472100
2023-12-04,595.0781860351562,613.5302228114402,590.4651768410853,604.3042044232982,32551400
2023-12-05,581.2391357421875,599.691171797495,576.6261267283606,599.691171797495,20053600
2023-12-06,558.1741333007812,585.8521894975141,558.1741333007812,585.8521894975141,27785100
2023-12-07,558.1741333007812,576.6261707652699,535.1090864701704,562.7871426669034,41420400
2023-12-08,535.1090087890625,572.0130783607219,530.4960000926051,553.5610435748922,42934900
2023-12-11,507.43096923828125,548.9480485395951,498.204951615767,535.1090221058239,24844200
2023-12-12,498.2049560546875,507.4309737594039,488.97893834997103,507.4309737594039,32545500
2023-12-13,512.0440063476562,512.0440063476562,484.3659519504856,498.20497914907094,30633700
2023-12-14,530.4960327148438,553.5610776154891,516.6570057744566,521.2700147545856,31062500
2023-12-15,525.8829956054688,548.9480392723752,512.0439694053248,535.1090130722314,102288700
2023-12-18,525.8829956054688,530.4960043388501,507.4309606719435,530.4960043388501,17453900
2023-12-19,521.27001953125,530.4960375760509,516.6570105088496,530.4960375760509,7540500
2023-12-20,521.27001953125,530.4960375760509,512.0440014864491,516.6570105088496,13076100
2023-12-21,512.0440063476562,525.8830335462416,507.43099728146115,521.2700244800465,14662400
2023-12-22,502.8179626464844,525.88300680458,498.20495381486523,512.0439803097227,11602800
2023-12-27,516.656982421875,525.8829999651227,502.81795610700334,507.4309648786272,19977700
2023-12-28,521.27001953125,525.8830285536504,512.0440014864491,521.27001953125,11681700
2023-12-29,544.3350830078125,544.3350830078125,521.270037117651,525.8830462956832,42760200
2024-01-02,539.7219848632812,553.5610101161859,525.8829596103766,544.3349932809161,19676600
2024-01-03,530.4960327148438,539.722050675102,525.8830237347147,535.1090416949728,6593100
2024-01-04,521.27001953125,530.4960375760509,521.27001953125,530.4960375760509,7807400
2024-01-05,521.27001953125,535.1090465984514,521.27001953125,525.8830285536504,14253400
2024-01-08,512.0440063476562,525.8830335462416,512.0440063476562,525.8830335462416,11534900
2024-01-09,512.0440063476562,535.1090516786318,507.43099728146115,521.2700244800465,25473400
2024-01-10,530.4960327148438,539.722050675102,512.0439967943274,512.0439967943274,24430600
2024-01-11,516.656982421875,535.1090175083705,516.656982421875,535.1090175083705,19648600
2024-01-12,512.0440063476562,525.8830335462416,507.43099728146115,516.6570154138514,17365200
2024-01-15,502.8179626464844,512.0439803097227,498.20495381486523,512.0439803097227,29217100
2024-01-16,507.43096923828125,516.6569868607954,502.81796042702416,502.81796042702416,20503600
2024-01-17,507.43096923828125,512.0439780495384,498.204951615767,512.0439780495384,16556200
2024-01-18,512.0440063476562,512.0440063476562,502.81798821526604,507.43099728146115,12058300
2024-01-19,493.5919189453125,512.0439532984083,493.5919189453125,512.0439532984083,18941000
2024-01-22,493.5919189453125,507.4309447101343,479.7528931804907,498.20492753358644,47978800
2024-01-23,493.5919189453125,493.5919189453125,479.7528931804907,493.5919189453125,21612300
2024-01-24,484.36590576171875,493.5919230143229,475.13988850911454,493.5919230143229,16254800
2024-01-25,479.7529296875,484.36593862680286,475.1399207481971,484.36593862680286,9345300
2024-01-26,457.6105041503906,479.7529478996031,452.07489321308753,479.7529478996031,40243500
2024-01-29,433.62286376953125,461.3009189037566,431.7776600939162,459.4557152281416,37488000
2024-01-30,431.7776184082031,446.53924638797076,429.9324149107322,435.468025403145,52517600
2024-01-31,428.0872497558594,442.84887905778555,422.55163876763703,433.62286074408166,91994000
2024-02-01,455.7652587890625,459.4556657428201,426.24200315900174,429.9324101127593,89369800
2024-02-02,446.53924560546875,470.52689103055593,437.31322813428136,459.4556700651311,67344700
2024-02-05,426.24200439453125,448.3844461812601,426.24200439453125,446.53924269903274,54135600
2024-02-06,437.3132629394531,442.8488738627374,424.39683745178996,429.93244837507416,37702900
2024-02-07,435.468017578125,452.0748487569518,435.468017578125,437.31322104243907,38815000
2024-02-12,437.3132629394531,444.6940775038321,435.4680592983584,435.4680592983584,14174400
2024-02-13,428.0872497558594,441.00367539504475,428.0872497558594,441.00367539504475,20928700
2024-02-15,433.62286376953125,442.8488821476064,431.7776600939162,433.62286376953125,30744400
2024-02-16,420.7063903808594,441.0036285132693,418.8611869142767,439.15842504668655,48612000
2024-02-19,420.7063903808594,429.932407713773,418.8611869142767,420.7063903808594,18849600
2024-02-20,429.9324035644531,435.46801391077656,420.7063863205807,420.7063863205807,30380000
2024-02-21,431.7776184082031,433.6228219056741,420.7063974233774,433.6228219056741,20893500
2024-02-22,426.24200439453125,435.4680218056683,415.1707835011668,431.77761484121345,21169300
2024-02-23,435.468017578125,435.468017578125,428.0872037208686,431.7776106494968,14894300
2024-02-26,426.24200439453125,435.4680218056683,422.5515974300764,435.4680218056683,13298900
2024-02-27,429.9324035644531,429.9324035644531,422.5515897693552,424.3967932181297,10611400
2024-02-28,422.5516052246094,433.6228263221974,422.5516052246094,429.9324192896681,16423800
2024-02-29,433.62286376953125,437.31327112076127,418.861234364611,424.3968453914561,47007400
2024-03-01,437.3132629394531,437.3132629394531,426.24204109288473,429.93244837507416,19032300
2024-03-04,426.24200439453125,437.3132252878957,426.24200439453125,437.3132252878957,12915300
2024-03-05,420.7063903808594,429.932407713773,417.01598344769394,428.08720424719024,17757300
2024-03-06,433.62286376953125,435.46806744514623,417.016030688996,420.70643804022603,36360400
2024-03-07,424.3968200683594,435.468041461447,424.3968200683594,435.468041461447,17851100
2024-03-08,428.0872497558594,435.46806440682246,422.55163876763703,426.2420460931186,19791700
2024-03-13,420.7063903808594,429.932407713773,420.7063903808594,428.08720424719024,23699000
2024-03-14,417.0160217285156,426.24203990835,417.0160217285156,422.5516326364163,12944900
2024-03-15,381.9571228027344,420.706396130548,381.9571228027344,417.0159891469467,114326500
2024-03-18,413.32562255859375,418.8612335750035,385.6475674765451,387.49277114868164,86684900
2024-03-19,402.2543640136719,417.0159920508708,402.2543640136719,415.17078854622093,23902900
2024-03-20,400.4091796875,415.17080843173966,398.56397609447004,404.09958687355993,27625200
2024-03-21,398.5639953613281,411.48042113692674,398.5639953613281,402.25440272578487,26009000
2024-03-22,409.6351623535156,420.7063829576647,402.2543486174162,402.2543486174162,36921800
2024-03-25,405.94476318359375,411.4803735906428,400.4091527765448,411.4803735906428,17639200
2024-03-26,405.94476318359375,407.7899666526101,400.4091527765448,407.7899666526101,10557600
2024-03-27,398.5639953613281,409.63521745469836,398.5639953613281,405.9448100902416,16888200
2024-03-28,402.2543640136719,405.9447710229716,393.0283464904225,400.409160509022,22244300
2024-04-01,404.0995788574219,404.0995788574219,385.64754329315605,402.25437530099526,31078000
2024-04-02,402.2543640136719,402.2543640136719,393.0283464904225,394.8735499950724,17226900
2024-04-03,391.18316650390625,400.4091845818286,391.18316650390625,398.5639809662441,13740100
2024-04-04,394.87353515625,394.87353515625,387.49272141501166,393.0283317209404,7491300
2024-04-05,396.7187805175781,396.7187805175781,389.33796599632086,391.18316962663516,6043700
2024-04-16,380.1119384765625,394.87356715526397,376.4215313068871,394.87356715526397,25707300
2024-04-17,367.1955261230469,385.6475626116422,361.6599151764683,380.1119516650636,27188100
2024-04-18,359.8146667480469,369.04068384415064,357.9694633288261,367.1954804249299,19675700
2024-04-19,341.3626403808594,357.96947153452277,337.67223345782304,357.96947153452277,35023300
2024-04-22,343.2078857421875,348.74349680254534,333.98186730825773,341.36268205540154,17850000
2024-04-23,343.2078857421875,357.9695152364751,341.36268205540154,343.2078857421875,20567100
2024-04-24,341.3626403808594,346.8982507654138,337.67223345782304,343.20784384237754,12143600
2024-04-25,337.6722717285156,341.3626790698109,332.13666071657275,341.3626790698109,9322900
2024-04-26,322.91064453125,335.82707031250004,322.91064453125,335.82707031250004,14111700
2024-04-29,345.05303955078125,345.05303955078125,322.9105985100894,322.9105985100894,27004400
2024-04-30,356.1242980957031,363.50511256400785,339.5174655420175,345.05307639324604,28052600
2024-05-02,348.74346923828125,370.8859117296007,348.74346923828125,369.0407081886574,43725600
2024-05-03,346.89825439453125,357.9694752794631,345.0530509137093,348.7434578753532,16755900
2024-05-06,369.0406799316406,381.95710372924805,350.5886459350586,350.5886459350586,52697700
2024-05-07,405.94476318359375,411.4803735906428,369.04069380326706,370.8858972722834,92702400
2024-05-08,383.80230712890625,418.8611717224121,380.11190032958984,405.9447479248047,73535500
2024-05-13,396.7187805175781,400.4091877782068,380.1119478447493,381.9571514750636,34605600
2024-05-14,393.02838134765625,400.4091960208517,389.3379740110586,396.718788684254,14162700
2024-05-15,383.80230712890625,400.4091377258301,381.95710372924805,400.4091377258301,18807300
2024-05-16,394.87353515625,409.6351626387266,383.8023145443925,385.6475179797021,62230000
2024-05-17,407.78997802734375,422.5516061912295,393.028349863458,396.7187569044294,92386700
2024-05-20,415.1708068847656,415.1708068847656,404.0995853678386,413.3256032986111,22949300
2024-05-21,407.78997802734375,418.861199150258,398.56396042491514,415.1707921092866,30500400
2024-05-22,407.78997802734375,415.1707921092866,402.25436746588656,407.78997802734375,16849700
2024-05-27,417.0160217285156,424.39683627238315,396.7187817328799,405.9447999127143,78801200
2024-05-28,405.94476318359375,426.24200134277345,404.0995597145774,418.8611874667081,69604700
2024-05-29,396.7187805175781,409.63520592977835,391.18316962663516,407.79000229946405,38440000
2024-05-30,389.3379211425781,402.25434506673946,383.80231088936614,396.7187348135275,24524100
2024-05-31,391.18316650390625,402.25438819741305,387.4927592727374,387.4927592727374,47908000
2024-06-03,389.3379211425781,400.40914164900215,387.4927177248408,391.1831245603155,28282700
2024-06-04,389.3379211425781,402.25434506673946,389.3379211425781,391.1831245603155,23881900
2024-06-05,363.505126953125,396.71879337523796,363.505126953125,393.0283859950032,49157300
2024-06-06,372.7311096191406,372.7311096191406,363.5050920543104,363.5050920543104,18005000
2024-06-07,359.8146667480469,376.42149752103364,359.8146667480469,369.04068384415064,14748400
2024-06-10,352.4338684082031,361.6598859058,348.74346140916435,357.96947890676125,16276800
2024-06-11,346.89825439453125,359.8146787602851,345.0530509137093,350.58866135617524,11045100
2024-06-12,341.3626403808594,350.58865768845016,333.9818265347867,350.58865768845016,20271700
2024-06-13,350.58868408203125,359.81470208418995,339.5174624794408,341.3626660798725,25916900
2024-06-14,337.6722717285156,354.2791047643443,332.13666071657275,350.58869742304904,17241900
2024-06-19,324.7558288574219,341.36266101490367,322.91062528436834,339.5174574418501,28342100
2024-06-20,345.05303955078125,363.50507375135777,324.7558019301471,324.7558019301471,62090300
2024-06-21,350.58868408203125,359.81470208418995,343.20786968030427,343.20786968030427,68058000
2024-06-24,357.969482421875,363.50509297479056,350.58866835132085,352.4338718689594,35011400
2024-06-25,363.562744140625,363.562744140625,352.3761981670673,361.6983198116987,14545800
2024-06-26,359.83392333984375,374.7493191259513,357.96949886658035,365.42719675963406,28841900
2024-06-27,363.562744140625,367.29159279847755,357.96947115384614,359.83389548277245,13899500
2024-06-28,361.6983337402344,372.8848801445715,361.6983337402344,365.4271825416801,21690600
2024-07-01,365.42718505859375,371.02045829928653,363.56276064502947,363.56276064502947,11386400
2024-07-02,361.6983337402344,369.1560313431258,359.83390933951154,367.29160694240295,12708600
2024-07-03,369.156005859375,371.02043013139206,361.6983087713068,361.6983087713068,10522700
2024-07-04,391.5291442871094,397.1224177769252,369.156050327846,369.156050327846,93873200
2024-07-05,387.8002624511719,398.98680848341724,387.8002624511719,393.39353546729456,23503900
2024-07-08,415.76666259765625,419.4955115895635,387.800295158352,387.800295158352,100531400
2024-07-09,410.1733703613281,415.76664359352804,406.4445215398615,415.76664359352804,27106100
2024-07-10,400.85125732421875,423.22435075626817,400.85125732421875,410.1733795875727,43813600
2024-07-11,415.76666259765625,415.76666259765625,398.9868421340737,402.7156911259809,82957900
2024-07-12,404.580078125,419.4954727102534,404.580078125,415.76662406394007,25808800
2024-07-15,412.03778076171875,413.90220510905687,404.5800833723664,406.44450771970446,19785900
2024-07-16,410.1733703613281,412.03779477206143,402.7156727183949,412.03779477206143,17445900
2024-07-17,415.76666259765625,430.68205856528516,410.1733891097954,410.1733891097954,75552200
2024-07-18,400.85125732421875,417.6310773982558,400.85125732421875,417.6310773982558,44882900
2024-07-19,393.3935241699219,404.58006988091495,391.52909988475636,402.71564559574944,26206600
2024-07-22,395.25799560546875,400.85126912818765,391.5291465903228,393.39357109789574,12501100
2024-07-23,408.3089294433594,412.03777811407497,395.25795909585474,395.25795909585474,47090500
2024-07-24,402.7156982421875,415.7666699444806,395.2580001265914,410.1733963577836,68033800
2024-07-25,402.7156982421875,402.7156982421875,393.3935755976924,397.1224246554905,17742500
2024-07-26,397.1224060058594,406.4445282125697,395.2579815645173,400.8512548885435,11483400
2024-07-29,398.98681640625,402.7156651577103,393.3935432790596,397.12239203051985,13880800
2024-07-30,393.3935241699219,400.8512213105839,387.8002513144254,398.9867970254184,21020500
2024-07-31,380.34259033203125,395.2579860313266,378.4781658696193,393.39356156891466,42740800
2024-08-01,374.7492980957031,384.07141993887984,369.1560249897971,382.2069955702445,25574700
2024-08-02,374.7492980957031,387.8002686761505,371.0204493584325,371.0204493584325,47725700
2024-08-05,352.376220703125,385.9358607700893,344.91852291046627,376.6137385292659,61921500
2024-08-06,361.6983337402344,372.8848801445715,352.3762117366201,352.3762117366201,40275900
2024-08-07,367.2916259765625,380.3425974579632,363.5627769818766,363.5627769818766,38515400
2024-08-08,361.6983337402344,371.0204557438487,361.6983337402344,369.1560313431258,18939900
2024-08-09,363.562744140625,369.15601712740386,361.6983198116987,361.6983198116987,12452100
2024-08-12,363.562744140625,367.29159279847755,359.83389548277245,363.562744140625,19962400
2024-08-13,365.42718505859375,369.15603388572225,361.69833623146525,363.56276064502947,26917500
2024-08-14,372.8848571777344,378.4781300354004,367.29158432006835,367.29158432006835,55064800
2024-08-15,369.156005859375,374.7492786754261,367.29158158735794,372.88485440340907,16002800
2024-08-16,372.8848571777344,376.6137057495117,369.156008605957,369.156008605957,14455800
2024-08-19,372.8848571777344,374.74928146362305,369.156008605957,372.8848571777344,10532800
2024-08-20,387.8002624511719,389.66468678987945,372.8848677415114,372.8848677415114,95179700
2024-08-21,382.2070007324219,393.393547095322,382.2070007324219,389.66469830768864,44754000
2024-08-22,369.156005859375,384.0714000355114,367.29158158735794,382.2069757634943,41701300
2024-08-23,372.8848571777344,376.6137057495117,369.156008605957,371.0204328918457,13889200
2024-08-26,374.7492980957031,376.6137224643385,372.8848737270678,374.7492980957031,12169200
2024-08-27,374.7492980957031,374.7492980957031,369.1560249897971,374.7492980957031,13070800
2024-08-28,372.8848571777344,374.74928146362305,371.0204328918457,374.74928146362305,12189800
2024-08-29,365.42718505859375,374.74930712641503,365.42718505859375,372.88488271285075,18174500
2024-08-30,374.7492980957031,374.7492980957031,367.29160062116176,367.29160062116176,14329500
2024-09-02,391.5291442871094,395.25799328031997,371.02047482445124,372.88489932105654,85392200
2024-09-03,382.2070007324219,404.58009345822217,382.2070007324219,393.393547095322,66697500
2024-09-04,374.7492980957031,382.2069955702445,372.8848737270678,382.2069955702445,25504300
2024-09-05,376.61376953125,380.3426187345297,372.8849203279703,374.7493449296102,11893500
2024-09-06,374.7492980957031,380.34257120160913,374.7492980957031,376.6137224643385,10674500
2024-09-09,367.2916259765625,376.6137484632773,365.42720147921955,374.7493239659343,31367100
2024-09-10,367.2916259765625,371.0204749712484,363.5627769818766,369.15605047390545,19233300
2024-09-11,371.0204772949219,371.0204772949219,363.5627792588431,367.2916282768825,13963200
2024-09-12,376.61376953125,380.3426187345297,371.02049572633047,371.02049572633047,21430400
2024-09-13,382.2070007324219,382.2070007324219,376.61372755097176,378.47815194478846,13269500
2024-09-17,378.4781494140625,384.0714225581127,378.4781494140625,382.2069981767626,8419500
2024-09-18,387.8002624511719,393.39353546729456,378.4781407576341,380.3425650963417,59474200
2024-09-19,382.2070007324219,391.52912270150534,382.2070007324219,391.52912270150534,21563500
2024-09-20,367.2916259765625,387.80029544733503,367.2916259765625,384.0714464526491,53248300
2024-09-23,378.4781494140625,378.4781494140625,367.2916031259621,367.2916031259621,31677900
2024-09-24,372.8848571777344,380.3425543212891,371.0204328918457,378.4781300354004,14224200
2024-09-25,385.93585205078125,385.93585205078125,371.0204568024419,372.88488120848433,71674900
2024-09-26,387.8002624511719,389.66468678987945,382.20698943504925,385.93583811246435,33179600
2024-09-27,384.0714416503906,389.6647150724837,380.3425927023286,387.8002905984527,21498000
2024-09-30,385.93585205078125,391.5291252689085,382.2070032386964,387.80027645682367,29802300
2024-10-01,389.6647033691406,391.5291277871748,382.2070056970039,385.9358545330723,26829800
2024-10-02,376.61376953125,393.39359094600866,372.8849203279703,391.52916634436883,48485700
2024-10-03,380.34259033203125,380.34259033203125,369.15604355755977,376.61374140720744,22515100
2024-10-04,372.8848571777344,382.20697860717775,372.8848571777344,380.3425543212891,9600800
2024-10-07,398.98681640625,404.5800895334404,372.88487514602804,372.88487514602804,215636300
2024-10-08,421.35992431640625,421.35992431640625,393.39355765823774,404.58010432150513,176105800
2024-10-09,408.3089294433594,423.2243241262218,404.5800807726438,421.359899790864,61144600
2024-10-10,402.7156982421875,415.7666699444806,402.7156982421875,410.1733963577836,23085000
2024-10-11,404.580078125,410.17335109447004,398.9868051555299,410.17335109447004,26301000
2024-10-14,410.1733703613281,415.76664359352804,400.8512483076616,406.4445215398615,31540300
2024-10-15,410.1733703613281,415.76664359352804,406.4445215398615,413.90221918279474,21092300
2024-10-16,404.580078125,412.03777541762673,400.8512294786866,412.03777541762673,17815800
2024-10-17,400.85125732421875,406.4445306822311,400.85125732421875,406.4445306822311,22171300
2024-10-18,408.3089294433594,408.3089294433594,398.98680776657034,402.715656437286,15587300
2024-10-21,470.7671813964844,480.0893038003752,406.444536809638,408.30896129041616,250345400
2024-10-22,470.7671813964844,494.07248740621134,466.106120194539,470.7671813964844,114878100
2024-10-23,453.0551452636719,470.7671776916755,453.0551452636719,470.7671776916755,65565800
2024-10-24,475.42822265625,480.08928366268384,449.3262810202206,453.05512982536766,116873600
2024-10-25,458.6484069824219,489.41140988977946,458.6484069824219,475.4282267500715,48810300
2024-10-28,449.3262634277344,462.377233734764,430.68202013197777,456.783960746037,58976100
2024-10-29,462.3772888183594,480.0893220593852,441.8686187498031,449.32631695655084,70698500
2024-10-30,454.9195251464844,464.24164656342055,451.19067657970993,462.3772222800333,26602700
2024-10-31,475.42822265625,475.42822265625,453.05512982536766,454.9195542279412,56929000
2024-11-01,451.1907043457031,489.4114045072193,447.46185554945765,475.4282215212987,75058400
2024-11-04,445.5974426269531,456.7839893037804,438.1397448424016,453.0551404115046,35622000
2024-11-05,419.4955139160156,454.9195795355903,419.4955139160156,445.59745700412327,67960400
2024-11-06,428.8175964355469,432.5464451002038,415.7666261092476,421.359899106233,54185500
2024-11-07,419.4955139160156,428.81763644748264,419.4955139160156,428.81763644748264,21249400
2024-11-08,440.004150390625,441.868574756687,419.4954823639433,419.4954823639433,43583600
2024-11-11,456.78399658203125,458.64842105787625,430.6820539202009,440.00417629942604,47438000
2024-11-12,462.3772888183594,466.1061379217332,449.32631695655084,458.6484397149855,30997300
2024-11-13,466.1061096191406,475.4282318115234,458.6484118652344,462.3772607421875,29041600
2024-11-14,466.1061096191406,475.4282318115234,451.19071411132813,462.3772607421875,22643300
2024-11-15,449.3262634277344,466.1060823939153,445.59741476858306,466.1060823939153,18105500
2024-11-18,428.8175964355469,453.0551127558169,428.8175964355469,447.4618397588315,20641400
2024-11-19,443.7330017089844,449.3262748397699,428.81760669355634,428.81760669355634,36285800
2024-11-20,454.9195251464844,458.6483737132589,440.00413087938654,441.86855516277376,28637500
2024-11-21,447.46185302734375,460.5128237406413,445.59742863972986,456.78397496541345,16012200
2024-11-22,451.1907043457031,466.10609953068507,447.46185554945765,449.32627994758036,31922300
2024-11-25,441.86859130859375,460.5128356676061,440.0041668726925,451.19071348809996,29820400
2024-11-26,449.3262634277344,451.19068775731006,438.1397174502804,440.00414177985607,24679000
2024-11-28,456.78399658203125,475.4282413404815,443.73302525111603,449.32629867865114,69341900
2024-11-29,453.0551452636719,466.10611652641137,447.4618718653549,458.6484186619888,32080000
2024-12-02,475.42822265625,484.7503446691177,447.4618566176471,447.4618566176471,70931300
2024-12-03,512.7167358398438,522.0388583096591,470.76718472567467,475.4282459605824,188426000
2024-12-04,503.39459228515625,517.3777754041884,494.0724702058015,512.716714364511,58298400
2024-12-05,494.07244873046875,508.05563124170845,484.75032705630895,503.39457040462855,29904800
2024-12-06,536.0220336914062,540.6830948539402,494.07248322860056,494.07248322860056,80798500
2024-12-09,536.0220336914062,550.0052171790081,522.0388502038044,540.6830948539402,48611600
2024-12-10,577.9715576171875,577.9715576171875,531.3609481319304,540.6830700289818,121387400
2024-12-11,559.3273315429688,582.6326370239258,545.3441482543946,582.6326370239258,57306600
2024-12-12,568.6494140625,577.9715356045082,554.6662317494877,559.3272925204918,41626700
2024-12-13,545.3441162109375,573.3104811448318,526.6998729216747,573.3104811448318,38624500
2024-12-16,536.0220336914062,550.0052171790081,512.7167278787365,545.3441560164742,35712300
2024-12-17,517.3778076171875,540.6831142666103,512.716746287303,536.0220529367258,46939300
2024-12-18,522.038818359375,531.3609401157925,498.73351396833147,517.3777574811663,36183200
2024-12-19,494.07244873046875,517.3777529158682,475.4282053821492,508.05563124170845,53947800
2024-12-20,489.411376953125,498.7334984188988,475.4281947544643,494.0724376860119,18937700
2024-12-23,508.0556335449219,512.7166944031321,480.0892683956601,503.39457268671157,32946500
2024-12-24,480.0893249511719,512.7167548022223,480.0893249511719,508.05569339492945,30412700
2024-12-27,453.0551452636719,489.41142235273196,453.0551452636719,484.75036118746783,52177600
2024-12-30,458.6484069824219,466.1061046569328,445.5974360520278,456.78398256379415,22650200
2025-01-02,489.411376953125,489.411376953125,458.6483761160714,462.37722470238094,36661200
2025-01-03,489.411376953125,498.7334984188988,484.75031622023806,494.0724376860119,15034500
2025-01-06,512.7167358398438,512.7167358398438,489.4114296653054,498.7335521351207,26429000
2025-01-07,489.411376953125,517.3777413504464,484.75031622023806,512.7166806175595,19107400
2025-01-08,489.411376953125,494.0724376860119,475.4281947544643,489.411376953125,13040600
2025-01-09,484.7503662109375,508.05567227877106,475.4282437838041,484.7503662109375,18362900
2025-01-10,489.411376953125,498.7334984188988,480.0892554873512,484.75031622023806,10956400
2025-01-13,466.1061096191406,489.41141510009766,466.1061096191406,489.41141510009766,23854600
2025-01-14,503.39459228515625,508.0556533248336,458.64840630425346,466.1061039677373,47796900
2025-01-15,526.6998901367188,587.2936828073148,512.7167072127351,517.3777681873963,235198900
2025-01-16,498.7335205078125,536.0220080224153,494.07245956848715,531.36094708309,63571500
2025-01-17,503.39459228515625,512.716714364511,494.0724702058015,498.7335312454789,27796900
2025-01-20,512.7167358398438,540.6831032492897,494.07249090021304,508.05567460493603,53083000
2025-01-21,522.038818359375,536.0220009940011,512.7166966029575,522.038818359375,36348500
2025-01-22,517.3778076171875,531.3609916068413,517.3778076171875,522.038868947072,17144400
2025-01-23,517.3778076171875,536.0220529367258,517.3778076171875,522.038868947072,18365100
2025-01-24,503.39459228515625,517.3777754041884,503.39459228515625,517.3777754041884,12708900
2025-01-30,536.0220336914062,540.6830948539402,498.73354439113456,498.73354439113456,28975900
2025-01-31,526.6998901367188,540.6830730607024,522.0388291620576,536.0220120860412,28786600
2025-02-03,498.7335205078125,526.6998861437646,489.4113986291618,526.6998861437646,34860500
2025-02-04,512.7167358398438,526.6999195445667,503.39461337002837,503.39461337002837,23003000
2025-02-05,531.3609008789062,536.0219614129318,508.0555982087788,517.3777192768298,27918500
2025-02-06,536.0220336914062,554.6662783415421,512.7167278787365,536.0220336914062,30568500
2025-02-07,550.0051879882812,554.6662489034362,517.3777615821967,536.0220052428165,47680200
2025-02-10,536.0220336914062,568.649461829144,536.0220336914062,550.0052171790081,57891000
2025-02-11,540.68310546875,554.6662892308728,522.0388604525863,536.0220442147091,50135000
2025-02-12,559.3273315429688,568.6494537353516,536.0220260620117,540.6830871582031,66693400
2025-02-13,573.3104858398438,582.6326075608168,550.0051815374111,568.6494249793571,55865600
2025-02-14,577.9715576171875,591.9547404627646,568.649435720136,577.9715576171875,42882900
2025-02-17,568.6494140625,591.9547179175205,568.6494140625,577.9715356045082,37144700
2025-02-18,582.6326293945312,582.6326293945312,554.6662631835937,568.6494462890624,30507200
2025-02-19,587.293701171875,605.9379456535219,577.9715789310516,582.6326400514633,49315300
2025-02-20,596.6158447265625,601.2769060134888,582.6326608657837,587.29372215271,16170700
2025-02-21,596.6158447265625,601.2769060134888,573.3105382919312,601.2769060134888,20403200
2025-02-24,596.6158447265625,605.937967300415,577.9715995788574,596.6158447265625,18842100
2025-02-25,517.3778076171875,619.9211568746481,517.3778076171875,596.6158502252252,112812800
2025-02-26,517.3778076171875,531.3609916068413,475.42825564822635,517.3778076171875,140603700
2025-02-27,526.6998901367188,526.6998901367188,489.41140233942895,517.3777681873963,40748300
2025-02-28,508.0556335449219,526.6998769777631,489.4113901120807,508.0556335449219,54229800
2025-03-03,522.038818359375,526.6998792375837,503.3945748465402,512.7166966029575,46802200
2025-03-04,503.39459228515625,522.0388364438658,494.0724702058015,522.0388364438658,20301300
2025-03-05,512.7167358398438,512.7167358398438,494.07249090021304,503.39461337002837,21294300
2025-03-06,536.0220336914062,545.3441560164742,512.7167278787365,517.3777890412704,33028300
2025-03-07,503.39459228515625,540.6830806025753,503.39459228515625,536.0220195628979,53686800
2025-03-10,512.7167358398438,512.7167358398438,498.7335521351207,508.05567460493603,16480000
2025-03-11,503.39459228515625,508.0556533248336,489.41140916612414,494.0724702058015,17046700
2025-03-12,494.07244873046875,508.05563124170845,494.07244873046875,503.39457040462855,9665000
2025-03-13,484.7503662109375,503.39461106520434,484.7503662109375,498.73354985163763,16921500
2025-03-14,475.42822265625,489.41140567555146,458.64840303308824,484.7503446691177,47453300
2025-03-17,484.7503662109375,489.4114274245042,466.10612135667066,480.0893049973708,23316800
2025-03-18,458.6484069824219,484.75034884321013,428.8176162843782,484.75034884321013,59651300
2025-03-19,489.411376953125,503.3945591517857,454.9195275297619,460.5128004092262,68180900
2025-03-20,498.7335205078125,512.7167033257886,484.75033768983644,489.4113986291618,46311200
2025-03-21,498.7335205078125,517.3777642651139,480.0892767505111,498.7335205078125,94975300
2025-03-24,480.0893249511719,512.7167548022223,462.37729160345873,512.7167548022223,21445700
2025-03-25,464.2416687011719,489.41139772713905,464.2416687011719,480.0892758656697,14829400
2025-03-26,494.07244873046875,508.05563124170845,480.0892662192291,498.73350956754865,21972300
2025-03-27,508.0556335449219,512.7166944031321,475.42820753744985,494.072450970291,26602300
2025-04-08,449.3262634277344,460.51280940518836,440.00414177985607,451.19068775731006,56130400
2025-04-09,447.46185302734375,458.64839935302734,438.1397310892741,438.1397310892741,35840200
2025-04-10,484.7503662109375,484.7503662109375,456.7839989295373,464.241696871244,63970000
2025-04-11,475.42822265625,484.7503446691177,464.24167624080883,480.08928366268384,13497100
2025-04-14,480.0893249511719,489.4114477657577,475.4282635438789,475.4282635438789,10869500
2025-04-15,470.7671813964844,494.07248740621134,466.106120194539,484.75036500232056,15332100
2025-04-16,462.3772888183594,475.4282606801679,462.3772888183594,470.76719930095055,11750000
2025-04-17,480.0893249511719,480.0893249511719,464.2417161663759,466.1061407292931,18308900
2025-04-21,475.42822265625,480.08928366268384,470.7671616498162,480.08928366268384,7715900
2025-04-22,470.7671813964844,484.75036500232056,466.106120194539,475.4282425984298,15703500
2025-04-23,470.7671813964844,480.0893038003752,470.7671813964844,480.0893038003752,22958000
2025-04-24,470.7671813964844,480.0893038003752,466.106120194539,475.4282425984298,13151700
2025-04-25,498.7335205078125,508.0556423864632,466.10609393253503,470.7671548718604,36598200
2025-04-28,503.39459228515625,522.0388364438658,503.39459228515625,508.0556533248336,26587200
2025-04-29,498.7335205078125,517.3777642651139,494.07245956848715,512.7167033257886,22435900
2025-04-30,498.7335205078125,512.7167033257886,498.7335205078125,498.7335205078125,16400400
2025-05-02,540.68310546875,554.6662892308728,522.0388604525863,522.0388604525863,87096100
2025-05-05,554.666259765625,577.9715647977941,540.6830767463235,559.3273207720589,56129400
2025-05-06,554.666259765625,559.3273207720589,545.3441377527573,554.666259765625,20704600
2025-05-07,554.666259765625,573.3105037913604,545.3441377527573,563.9883817784927,73451400
2025-05-08,567.49658203125,592.1703464673913,557.6270762567934,562.5618291440218,70183300
2025-05-09,577.3661499023438,587.2356567382812,562.5618896484375,582.3009033203125,26446800
2025-05-14,572.4313354492188,592.1703470164332,567.4965825574151,587.2355941246295,39376900
2025-05-15,567.49658203125,587.235593580163,557.6270762567934,577.3660878057066,57199500
2025-05-16,557.6271362304688,577.3661499023438,552.6923828125,577.3661499023438,31005900
2025-05-19,562.5618286132812,577.3660872609992,557.6270757307086,557.6270757307086,24772200
2025-05-20,542.8228759765625,572.431396484375,537.8881225585938,562.5618896484375,80350000
2025-05-21,532.953369140625,552.6923828125,528.0186157226562,542.8228759765625,51508800
2025-05-22,528.0185546875,542.8228132301401,528.0185546875,532.9533075350467,55630300
2025-05-23,537.8881225585938,552.6923828125,537.8881225585938,542.8228759765625,25718500
2025-05-26,542.8228759765625,552.6923828125,532.953369140625,542.8228759765625,34030600
2025-05-27,542.8228759765625,547.7576293945312,532.953369140625,547.7576293945312,19380400
2025-05-28,562.5618286132812,562.5618286132812,532.9533113178454,542.8228170829907,54023400
2025-06-02,562.5618286132812,577.3660872609992,552.692322848136,567.4965814958539,66592800
2025-06-03,552.6923828125,567.4966430664062,547.7576293945312,562.5618896484375,18990300
2025-06-04,567.49658203125,567.49658203125,547.757570482337,562.5618291440218,31670400
2025-06-05,557.6271362304688,572.431396484375,552.6923828125,567.4966430664062,16427500
2025-06-10,572.4313354492188,582.300841232826,557.627076773808,557.627076773808,68933400
2025-06-11,562.5618286132812,577.3660872609992,557.6270757307086,577.3660872609992,24555800
2025-06-12,562.5618286132812,572.4313343784265,552.692322848136,567.4965814958539,24392100
2025-06-13,542.8228759765625,562.5618896484375,542.8228759765625,562.5618896484375,28468600
2025-06-16,532.953369140625,547.7576293945312,532.953369140625,542.8228759765625,26048100
2025-06-17,547.7576293945312,547.7576293945312,528.0186157226562,537.8881225585938,19520300
2025-06-18,532.953369140625,557.6271362304688,532.953369140625,547.7576293945312,17505300
2025-06-19,513.21435546875,542.8228759765625,513.21435546875,537.8881225585938,30903400
2025-06-20,503.3448486328125,523.0838623046875,503.3448486328125,513.21435546875,203270000
2025-06-23,479.65802001953125,498.4100825305829,475.71021738562564,493.47532923820086,53807000
2025-06-24,479.65802001953125,491.5014279212481,479.65802001953125,485.57972397038964,34739300
2025-06-25,465.8406982421875,485.5797108795683,457.94509318723516,483.60580961583025,49492100
2025-06-26,467.8146057128906,475.71021087260186,461.8929018431072,465.8407044229628,26786000
2025-06-30,477.6841125488281,487.55361900644857,467.81460609120774,467.81460609120774,28466900
2025-07-01,475.710205078125,481.631908875778,471.7624025463563,473.73630381224064,12757300
2025-07-02,471.7624206542969,477.6841246792462,463.86681528769776,475.7102233375964,23096500
2025-07-03,471.7624206542969,473.73632199594664,465.8407166293475,471.7624206542969,20333900
2025-07-04,465.8406982421875,471.76240203340177,463.86679697844943,471.76240203340177,15287000
2025-07-07,469.78851318359375,471.76241449949123,465.84071055179885,465.84071055179885,9444600
2025-07-08,471.7624206542969,473.73632199594664,467.8146179709973,467.8146179709973,10508900
2025-07-09,475.710205078125,477.6841063440093,465.8406987487033,471.7624025463563,24354700
2025-07-10,481.63189697265625,491.5014030581615,473.736292104252,479.6579957555552,38990700
2025-07-11,483.6058349609375,489.5275390625,479.6580322265625,483.6058349609375,27992100
2025-07-14,483.6058349609375,498.41009521484375,479.6580322265625,489.5275390625,31131800
2025-07-15,485.5797119140625,487.55361318200585,475.71020557434576,483.60581064611915,23935600
2025-07-16,513.21435546875,513.21435546875,487.55363769531255,487.55363769531255,47940700
2025-07-17,537.8881225585938,537.8881225585938,508.27960205078125,513.21435546875,65384200
2025-07-18,572.4313354492188,582.300841232826,537.8880652065935,542.8228180983971,162878000
2025-07-21,606.974609375,626.7136210619918,567.4965860010162,572.4313389227642,183740100
2025-07-22,597.1051635742188,626.7136840820312,597.1051635742188,616.8441772460938,109402300
2025-07-23,602.0398559570312,611.9093617923924,577.3660913686283,611.9093617923924,41119800
2025-07-24,582.3009033203125,611.909423828125,577.3661499023438,602.0399169921875,35697200
2025-07-25,602.0398559570312,611.9093617923924,572.4313384509477,587.2355972039894,75035600
2025-07-28,611.9093627929688,621.7788686444683,602.0398569414692,611.9093627929688,71474500
2025-07-29,602.0398559570312,606.9746088747117,592.17035012167,606.9746088747117,42345800
2025-07-30,626.7136840820312,646.4526977539062,592.17041015625,611.909423828125,150772700
2025-07-31,616.8441162109375,631.648375,616.8441162109375,631.648375,70853200
2025-08-01,656.3221435546875,656.3221435546875,616.8441198822251,621.7788728412829,168985300
2025-08-04,750.08251953125,769.821533203125,646.4526977539062,676.0612182617188,333503500
2025-08-05,784.625732421875,809.2994975923742,755.017214217276,759.9519672513758,251799400
2025-08-06,769.8214721679688,784.6257312481221,759.9519661145333,769.8214721679688,69292700
2025-08-07,794.4953002929688,824.1038208007812,769.821533203125,769.821533203125,132726400
2025-08-08,868.5165405273438,868.5165405273438,769.8214791037819,799.4299975308505,117986300
2025-08-11,947.4725952148438,977.0811138153076,858.6470394134521,878.3860518137614,300786300
2025-08-12,937.6030883789062,1006.6896317331415,917.8640759919818,947.4725945723684,253907500
2025-08-13,962.2769165039062,982.0159301757812,932.6683959960938,942.5379028320312,132224200
2025-08-14,1001.7549438476562,1036.2982177734375,967.211669921875,967.211669921875,148293500
2025-08-15,942.537841796875,1016.5591382730693,942.537841796875,1006.6896320762434,111979700
2025-08-19,1065.90673828125,1080.7109985351562,912.9293823242188,942.5379028320312,281353500
2025-08-20,1070.841552734375,1075.7763064336118,1006.6897546442973,1070.841552734375,142933500
2025-08-21,1036.298095703125,1110.3193882533483,1021.4938371930804,1085.6456240699404,130041300
2025-08-22,1154.7322998046875,1179.4060668945312,1046.167724609375,1056.0372314453125,199003300
2025-08-25,1361.991943359375,1416.2742309570312,1164.601806640625,1164.601806640625,377309600
2025-08-26,1342.2529296875,1411.3394775390625,1292.9053955078125,1371.8614501953125,180799400
2025-08-27,1273.1663818359375,1352.1224365234375,1238.6231079101562,1352.1224365234375,241203400
2025-08-28,1283.035888671875,1292.9053955078125,1233.6883544921875,1287.9706420898438,110932700
2025-08-29,1199.14501953125,1253.427304365998,1169.5365005304784,1248.4925511992028,211317800
2025-09-01,1233.688232421875,1233.688232421875,1115.2541621093749,1149.7974326171875,149591000
2025-09-02,1297.840087890625,1312.6443474483128,1253.4273092175617,1253.4273092175617,175574400
2025-09-03,1322.513916015625,1361.991943359375,1292.9053955078125,1312.6444091796875,124195700
2025-09-04,1287.9705810546875,1337.3181128958634,1278.1010746864524,1327.4486065276283,101163600
2025-09-08,1228.7535400390625,1297.8400844589296,1213.9492805205196,1292.905331286082,80582400
2025-09-09,1223.8187255859375,1268.2315019176851,1199.1449609571887,1213.949219734438,68163500
2025-09-10,1213.94921875,1248.4924892022357,1169.5364424542684,1243.5577362804877,91576800
2025-09-11,1204.0797119140625,1248.4924881731877,1184.34070024334,1228.7534765024654,67840100
2025-09-12,1209.0145263671875,1243.557798549107,1189.2755136918047,1209.0145263671875,36666400
2025-09-15,1253.4273681640625,1273.1663818359375,1218.8840942382812,1233.6883544921875,91933500
2025-09-16,1134.9931640625,1263.2967391304348,1134.9931640625,1263.2967391304348,153001600
2025-09-17,1110.3194580078125,1164.6017426215278,1051.102420247396,1134.9932237413195,196855600
2025-09-18,1228.7535400390625,1233.6882932119101,1115.2542170635668,1125.123723409262,182644000
2025-09-19,1209.0145263671875,1248.4925517179527,1199.1450200294962,1228.75353904257,147564000
2025-09-22,1218.884033203125,1253.427305399165,1189.275514177948,1218.884033203125,94589200
2025-09-23,1209.0145263671875,1233.6882922114157,1194.2102668606506,1218.8840327048788,58479100
2025-09-24,1189.2755126953125,1213.9492785188665,1164.6017468717582,1209.0145253541557,71663300
2025-09-25,1209.0145263671875,1287.970577068718,1199.1450200294962,1204.0797731983419,130615700
2025-09-26,1297.840087890625,1327.4486070060004,1223.8187901021863,1243.55780284577,197126800
2025-09-29,1278.10107421875,1445.8826824173505,1268.2315678541265,1347.187618771115,324621700
2025-09-30,1238.6231689453125,1292.9054592178163,1238.6231689453125,1283.035951895543,72325300
2025-10-01,1544.5777587890625,1544.5777587890625,1218.8840460731578,1238.6230589650309,471810400
2025-10-02,1519.904052734375,1677.816162109375,1470.5565185546875,1628.4686279296875,609757800
2025-10-03,1480.4259033203125,1544.5776924641928,1470.5563972981772,1539.642939453125,231517000
2025-10-06,1485.3607177734375,1539.6430031405732,1450.8174452670785,1480.4259645582433,214102400
2025-10-07,1465.6217041015625,1514.9692362261942,1455.7521976766361,1485.360716951415,220248000
2025-10-08,1406.4046630859375,1495.230220754523,1337.3181182325932,1465.621701531661,456159700
2025-10-09,1426.1436767578125,1490.2954684458803,1386.665651103617,1426.1436767578125,240880300
2025-10-10,1406.4046630859375,1500.1649739583333,1401.4699098821272,1460.6869483278508,225713500
2025-10-13,1366.9266357421875,1431.0784273113154,1357.057129346937,1381.7308953350632,133501500
2025-10-14,1292.9052734375,1352.1223088621182,1213.9492262046756,1347.1875559100667,260191700
2025-10-15,1352.1224365234375,1352.1224365234375,1258.3621215820312,1307.7096557617188,140818800
2025-10-16,1366.9266357421875,1445.8826869041911,1366.9266357421875,1401.4699081255642,199695500
2025-10-17,1228.7535400390625,1386.665641570187,1223.8187868662149,1381.7308883973394,155960200
2025-10-20,1322.513916015625,1337.3181762695312,1209.0145874023438,1238.6231079101562,94952600
2025-10-21,1283.035888671875,1352.1224365234375,1273.1663818359375,1352.1224365234375,79497100
2025-10-22,1228.7535400390625,1302.7748376317772,1223.8187868662149,1302.7748376317772,103728600
2025-10-23,1189.2755126953125,1268.231563330686,1164.6017468717582,1228.7535380129991,112948500
2025-10-24,1085.645751953125,1199.1450805664062,1085.645751953125,1184.3408203125,232872200
2025-10-27,1056.037109375,1105.3846378504672,986.9505695093458,1095.5151321553737,233853900
2025-10-28,1164.601806640625,1184.3408203125,1065.90673828125,1105.384765625,297310400
2025-10-29,1134.9931640625,1174.471187160326,1100.4498938519023,1164.6016813858696,96268500
2025-10-30,1169.5364990234375,1174.471252183874,1115.2542142586367,1139.9279800608188,106502600
2025-10-31,1169.5364990234375,1184.3407585047469,1139.9279800608188,1169.5364990234375,91458900
2025-11-03,1189.2755126953125,1248.4925506718425,1174.47125320118,1213.9492785188665,185586200
2025-11-04,1149.7974853515625,1184.3407574436694,1144.862732195547,1184.3407574436694,81420300
2025-11-05,1199.14501953125,1199.14501953125,1120.1889688625258,1134.9932283629116,89036900
2025-11-06,1159.6671142578125,1184.3408826462767,1154.7323605801196,1184.3408826462767,50170800
2025-11-07,1258.362060546875,1268.2315669041054,1174.4712565104167,1184.340762867647,321201700
2025-11-10,1278.10107421875,1287.9705805833737,1248.4925551248793,1273.1663210364384,188788300
2025-11-11,1253.4273681640625,1287.9706420898438,1248.4926147460938,1287.9706420898438,91967700
2025-11-12,1268.2315673828125,1283.0358269242463,1253.427307841379,1258.3620610218568,62092800
2025-11-13,1243.557861328125,1283.035888671875,1218.8840942382812,1273.1663818359375,88015200
2025-11-14,1213.94921875,1243.5577362804877,1174.4711953760163,1243.5577362804877,122691700
2025-11-17,1194.2103271484375,1228.7536010742188,1189.2755737304688,1213.9493408203125,58884000
2025-11-18,1174.4713134765625,1223.81884765625,1174.4713134765625,1194.2103271484375,75202400
2025-11-19,1164.601806640625,1184.3408203125,1154.7322998046875,1179.4060668945312,54472700
2025-11-20,1149.7344970703125,1184.4247620681238,1144.778744927768,1174.5132577830348,46891200
2025-11-21,1248.849609375,1258.7611142113094,1149.7345610119048,1154.6903134300594,183978500
2025-11-24,1283.539794921875,1283.539794921875,1229.026521778475,1263.716786506093,178782900
2025-11-25,1243.893798828125,1357.8760991191484,1233.9822944549926,1323.185833813185,421288200
2025-11-26,1258.7611083984375,1263.716860793707,1224.0708416315513,1243.8938512126292,124025900
2025-11-27,1253.8052978515625,1313.2743238366168,1238.938041355299,1273.6283065132473,202247900
2025-11-28,1214.1593017578125,1263.7168242785397,1214.1593017578125,1253.805319774394,95412900
2025-12-01,1199.2919921875,1219.1150003228306,1189.3804881198346,1204.2477442213326,59266700
2025-12-02,1283.539794921875,1293.4512991297659,1209.203513362693,1219.1150175705839,231518100
2025-12-03,1278.5841064453125,1318.2301252498182,1268.672601744186,1293.4513634970021,165720000
2025-12-04,1278.5841064453125,1303.3628681981286,1273.6283540947493,1293.4513634970021,57700400
2025-12-05,1333.0972900390625,1347.964546061803,1278.5840179556808,1278.5840179556808,233707200
2025-12-08,1303.36279296875,1357.8760656784696,1293.45128883971,1357.8760656784696,137432400
2025-12-09,1323.185791015625,1328.1415430419008,1288.4955268316949,1303.3627829105221,103931200
2025-12-10,1407.43359375,1422.300850022007,1303.3627998459506,1328.1415602992956,448331500
2025-12-11,1362.8319091796875,1466.9027095170454,1338.0531471946022,1432.212442737926,405084300
2025-12-12,1343.0087890625,1392.5663089541051,1313.2742771275368,1387.6105569649446,154530400
2025-12-15,1338.0531005859375,1367.7876139322916,1308.3185872395834,1357.876109483507,83136500
2025-12-16,1456.9910888671875,1456.9910888671875,1347.964544802296,1357.876048808195,361183100
2025-12-17,1323.185791015625,1486.7256078827247,1323.185791015625,1466.9025997776218,394233200
2025-12-18,1224.07080078125,1367.7876154478745,1214.1592963214828,1338.0531020685728,219938100
2025-12-19,1214.1593017578125,1243.8938152702488,1189.3805404974491,1229.0265585140307,135570000
2025-12-22,1129.9114990234375,1219.1150384200246,1129.9114990234375,1214.1592862313253,168830400
2025-12-23,1100.177001953125,1149.734524563626,1100.177001953125,1129.9115155194256,104937800
2025-12-24,1075.398193359375,1124.9557137906827,1070.4424413162442,1105.1327056181597,84930000
2025-12-29,1105.1326904296875,1119.9999463547506,1080.3539305545823,1085.3096825296034,50097000
2025-12-30,1075.398193359375,1110.0884576612905,1075.398193359375,1105.1327056181597,61981200
2026-01-02,1090.2655029296875,1095.2212552157314,1070.4424937855113,1090.2655029296875,60691000
2026-01-05,1065.4866943359375,1105.1327108693677,1050.6194381359012,1095.2212067360101,83847600
2026-01-06,1115.044189453125,1124.955693359375,1065.486669921875,1065.486669921875,131699800
2026-01-07,1149.7344970703125,1199.292018495757,1124.9557363575902,1139.8229927852237,193106100
2026-01-08,1139.822998046875,1199.2920240319293,1139.822998046875,1174.5132632048233,106776200
2026-01-09,1129.9114990234375,1174.513268721731,1124.9557468347382,1154.690259966934,63809800
2026-01-12,1055.5751953125,1124.9557245818662,1045.6636911311618,1124.9557245818662,122897200
2026-01-13,1006.0177001953125,1085.309735678687,1006.0177001953125,1060.5309745901325,87268000
2026-01-14,1035.752197265625,1035.752197265625,1001.0619322854366,1006.0176844254635,74793300
2026-01-15,1040.7080078125,1065.4867699032739,1025.8407505580358,1040.7080078125,66492700
2026-01-19,1025.8406982421875,1055.5752112347147,1010.9734417459239,1055.5752112347147,65533600
2026-01-20,1030.7965087890625,1065.4867759117712,1025.8407563429612,1030.7965087890625,65348400
2026-01-21,1065.4866943359375,1065.4866943359375,1015.9291736691497,1035.7521819358649,67109600
2026-01-22,1035.752197265625,1090.265470805921,1035.752197265625,1075.3982143858402,74163300
2026-01-23,1025.8406982421875,1050.6194590692935,1015.9291939113451,1040.707954738451,42110600
2026-01-26,1001.0619506835938,1045.6637207635558,996.1061984524869,1030.796464070235,63680600
2026-01-27,1030.7965087890625,1045.6637661273662,1010.9734990046575,1015.9292514507587,41146300
2026-01-28,877.1681518554688,1010.9734631554554,877.1681518554688,1010.9734631554554,168469200
2026-01-29,847.4336547851562,877.1681689881442,748.3186074418632,837.5221500508269,206258500
2026-01-30,966.3717041015625,966.3717041015625,847.4336482121394,862.3009051983173,99785700
2026-02-02,822.6548461914062,941.5928962431758,822.6548461914062,941.5928962431758,91039700
2026-02-03,867.2566528320312,872.2124051339285,773.0973590959821,822.6548821149554,93792200
2026-02-04,882.1239013671875,882.1239013671875,847.4336355830845,867.2566446025719,48999000
2026-02-05,901.9468994140625,921.7699081923936,877.1681384411487,882.1238906357314,63190800
2026-02-06,847.4336547851562,887.0796737224734,842.4779024179916,872.2124166209795,49977800
2026-02-09,847.4336547851562,872.2124166209795,827.6106453164977,847.4336547851562,30037400
2026-02-10,887.0796508789062,892.0354031184532,847.4336329625305,847.4336329625305,43865000
2026-02-11,916.8141479492188,916.8141479492188,887.0796350427576,892.0353871938345,52533300
2026-02-12,916.8141479492188,926.7256522513725,896.9911393449113,916.8141479492188,51990400
2026-02-13,916.8141479492188,931.6814044024493,896.9911393449113,911.8583957981419,28178100
2026-02-18,971.3274536132812,981.2389582419883,911.8584258410395,921.7699304697466,100309500
2026-02-19,981.2389526367188,1015.929218639027,976.2832003506746,981.2389526367188,69834300
2026-02-20,961.4159545898438,991.1504686493234,951.5044499033505,986.1947163060768,26610700
2026-02-23,981.2389526367188,981.2389526367188,966.3716957785866,966.3716957785866,23526200
2026-02-24,916.8141479492188,986.1946780642947,911.8583957981419,981.2389259132179,57112500
2026-02-25,911.8583984375,936.637159264606,901.9468941066576,926.7256549337636,32681700
2026-02-26,892.035400390625,931.681418185764,877.168143717448,911.8584092881945,38961600
2026-02-27,882.1239013671875,896.991158131803,867.2566446025719,877.1681491123156,34062000
2026-03-02,822.6548461914062,867.2566149608199,822.6548461914062,857.345110789839,53260200
2026-03-03,812.7433471679688,842.4778598692359,797.8760908173352,827.6106035186024,40628200
2026-03-04,773.0973510742188,802.8318645770734,753.2743420723157,797.8761123265975,52355100
2026-03-05,763.1858520507812,797.8761180530895,758.2300997647372,778.0531089089134,35804400
2026-03-06,728.4955444335938,763.185808454241,718.5840404276945,758.2300564512914,35679800
2026-03-09,698.7610473632812,728.4955600170379,654.1592783826462,669.0265347095246,55740000
2026-03-10,723.539794921875,738.4070509819135,703.7167868418236,713.6282908818494,23222100
2026-03-11,738.4071044921875,753.2743616296141,728.4955997339031,733.4513521130453,30529600
2026-03-12,718.5840454101562,743.3628055967133,708.6725413355334,738.4070535594019,16446400
2026-03-13,698.7610473632812,718.584055799119,693.8052952543218,708.6725515812001,18472100
2026-03-16,703.716796875,733.451309419014,673.9822843309859,698.7610447843309,25962600
2026-03-17,787.964599609375,787.964599609375,698.7610600309552,703.7168122297563,61158100
2026-03-25,827.610595703125,837.5220998432821,773.0973229322605,787.9645791424963,52683800
2026-03-26,837.5220947265625,882.1238630847818,827.6105906469581,837.5220947265625,75576500
2026-03-27,812.7433471679688,852.3893641029916,807.7875950510909,847.4336119861138,25188500
2026-03-30,792.9203491210938,812.7433578491211,783.0088447570802,787.964596939087,28969300
2026-03-31,758.2301025390625,807.7876255808313,753.2743502348857,792.9203686683006,41375300
2026-04-01,753.2743530273438,787.9646192851819,748.3186007047955,787.9646192851819,54917700
2026-04-02,728.4955444335938,763.185808454241,723.5397924306441,753.2743044483418,31806100
2026-04-06,733.4513549804688,743.3628597775021,723.5398501834354,728.4956025819521,15219500
2026-04-07,713.6282958984375,743.3628082275391,708.6725438435873,733.4513041178385,23008400
2026-04-08,778.0531005859375,783.008852818969,733.4513304886544,733.4513304886544,56758900
2026-04-09,807.78759765625,812.7433497891104,763.1858284605061,778.0530848590874,51904700
2026-04-10,867.2566528320312,872.2124051339285,817.6991298130581,822.6548821149554,77098600
2026-04-13,916.8141479492188,916.8141479492188,867.2566264384502,867.2566264384502,124626200
2026-04-14,911.8583984375,941.5929114300271,906.9026462720788,936.637159264606,65493000
2026-04-15,911.8583984375,926.7256549337636,901.9468941066576,916.8141506029211,30665000
2026-04-16,946.5486450195312,951.5043970876964,906.9026284742106,921.7698846787058,54282000
2026-04-17,941.5928955078125,966.3716559159128,931.6813913445724,956.4601517526727,57127600
2026-04-20,906.9026489257812,946.5486663651596,906.9026489257812,941.5929141852374,29920400
2026-04-21,896.9911499023438,916.8141587399647,896.9911499023438,906.9026543211542,24857700
2026-04-22,896.9911499023438,921.7699109493699,896.9911499023438,901.946902111749,12755500
2026-04-23,862.3009033203125,906.902674181708,857.3451510023797,901.9469218637752,25806700
2026-04-24,842.4778442382812,882.1238604377297,822.654836138557,862.3008523380055,27961400
2026-04-27,822.6548461914062,872.2123670463102,822.6548461914062,842.4778545333678,27833500
2026-04-28,817.6990966796875,842.4778571851326,787.9645840731534,822.6548487807765,55908100
2026-04-29,807.78759765625,827.6106061876917,807.78759765625,817.6991019219709,10704900
2026-04-30,817.6990966796875,817.6990966796875,792.9203361742425,807.7875924775095,35379300
2026-05-04,807.78759765625,837.5221104534126,807.78759765625,812.7433497891104,30933000
2026-05-05,807.78759765625,812.7433497891104,792.9203412576687,807.78759765625,20998900
2026-05-06,797.8760986328125,822.6548594599185,797.8760986328125,812.7433551290761,21362600
2026-05-07,807.78759765625,817.6991019219709,783.0088369919479,807.78759765625,36043300
2026-05-08,753.2743530273438,797.8761239302786,753.2743530273438,797.8761239302786,46034200
2026-05-11,728.4955444335938,753.2743044483418,718.5840404276945,753.2743044483418,30463500
2026-05-12,743.3628540039062,743.3628540039062,703.7168351236979,728.4955969238281,18270600
2026-05-13,723.539794921875,743.3628030019264,718.5840429018622,723.539794921875,21387100
2026-05-14,723.539794921875,723.539794921875,723.539794921875,723.539794921875,0
2026-05-15,723.539794921875,723.539794921875,723.539794921875,723.539794921875,0
2026-05-18,693.8052978515625,718.5840584891183,673.9822893415178,718.5840584891183,31182300
2026-05-19,698.7610473632812,753.2743205618351,688.8495431453623,693.8052952543218,42338900
2026-05-20,688.8495483398438,718.5840612178226,678.9380440471841,698.7610526325034,30187100
2026-05-21,664.07080078125,708.6725709829758,644.2477918027053,698.7610664937033,37299500
2026-05-22,654.1593017578125,664.0708063299005,619.4690357555043,664.0708063299005,21747000
2026-05-25,644.247802734375,669.0265643780048,639.292050405649,664.0708120492789,20493300
2026-05-26,649.2035522460938,664.0708091677601,639.2920476316496,644.2477999388717,17431200
2026-05-27,649.2035522460938,649.2035522460938,649.2035522460938,649.2035522460938,0
2026-05-28,649.2035522460938,649.2035522460938,649.2035522460938,649.2035522460938,0
2026-05-29,609.5574951171875,659.1150150454141,609.5574951171875,654.1592630525915,83031300
2026-06-02,599.64599609375,639.2920123644111,599.64599609375,614.5132521952479,30118600
2026-06-03,560.0,609.5575221238938,535.221238938053,604.6017699115044,65370600
2026-06-04,555.0,560.0,510.0,550.0,74189600
2026-06-05,520.0,555.0,505.0,545.0,41726700
2026-06-08,490.0,520.0,482.0,510.0,60627200
2026-06-09,535.0,540.0,482.0,490.0,63739700
2026-06-10,540.0,555.0,515.0,530.0,72209800
2026-06-11,525.0,550.0,510.0,530.0,36381300
2026-06-12,550.0,570.0,530.0,530.0,34198900
2026-06-15,590.0,615.0,565.0,575.0,49066800
2026-06-17,580.0,610.0,555.0,600.0,32912000
2026-06-18,570.0,585.0,560.0,580.0,11175400
2026-06-19,550.0,590.0,550.0,570.0,213478300
2026-06-22,550.0,565.0,540.0,540.0,22638800
2026-06-23,545.0,560.0,535.0,550.0,27830700
2026-06-24,520.0,605.0,510.0,555.0,165271000
2026-06-25,530.0,550.0,515.0,520.0,76351200
2026-06-26,505.0,530.0,496.0,530.0,59199200
2026-06-29,510.0,520.0,500.0,505.0,22842000
2026-06-30,486.0,520.0,484.0,520.0,41669500
2026-07-01,482.0,492.0,476.0,484.0,36960100
2026-07-02,515.0,520.0,484.0,484.0,36435200
2026-07-03,525.0,535.0,515.0,520.0,21564800
2026-07-06,515.0,530.0,505.0,525.0,14475700
2026-07-07,515.0,535.0,515.0,520.0,24235600
2026-07-08,496.0,520.0,496.0,515.0,21221600
2026-07-09,510.0,510.0,492.0,496.0,14822200
2026-07-10,505.0,520.0,500.0,510.0,12979800
2026-07-13,510.0,510.0,500.0,505.0,21821000
2026-07-14,520.0,535.0,510.0,515.0,31348400
2026-07-15,515.0,525.0,510.0,520.0,23613300
2026-07-16,530.0,535.0,510.0,515.0,35118000
2026-07-17,535.0,545.0,520.0,525.0,42204000
2026-07-20,540.0,550.0,530.0,540.0,31837100
2026-07-21,550.0,555.0,535.0,540.0,50936000
2026-07-22,540.0,565.0,530.0,560.0,83587500
2026-07-23,535.0,570.0,530.0,540.0,89056900
2026-07-24,515.0,535.0,510.0,535.0,45654900
2026-07-27,520.0,520.0,500.0,515.0,37232000
2026-07-28,515.0,530.0,515.0,520.0,17189300
2026-07-29,510.0,525.0,494.0,520.0,36370600
2026-07-30,525.0,525.0,505.0,510.0,23173800
2026-07-31,530.0,545.0,525.0,530.0,23917700
2026-08-03,520.0,525.0,505.0,520.0,47286000
2026-08-04,530.0,535.0,520.0,520.0,60098100
2026-08-05,530.0,550.0,525.0,540.0,40154800
2026-08-06,530.0,540.0,515.0,535.0,62962600
2026-08-07,530.0,535.0,520.0,535.0,44167700
2026-08-10,515.0,530.0,515.0,530.0,75023600
2026-08-11,505.0,515.0,505.0,510.0,43027300
2026-08-12,510.0,515.0,505.0,505.0,24974500
2026-08-13,500.0,515.0,498.0,510.0,35640900
2026-08-14,505.0,515.0,494.0,500.0,40820200
2026-08-18,520.0,520.0,500.0,505.0,21840400
2026-08-19,525.0,540.0,515.0,520.0,68442100
2026-08-20,550.0,565.0,525.0,530.0,82409400
2026-08-21,540.0,565.0,535.0,560.0,47671000
2026-08-24,525.0,545.0,520.0,540.0,31003900
2026-08-26,500.0,535.0,498.0,530.0,61787200
2026-08-27,510.0,515.0,492.0,496.0,39160700
2026-08-28,515.0,525.0,510.0,510.0,33662700
2026-08-31,515.0,520.0,505.0,520.0,49869400
2026-09-01,535.0,535.0,510.0,515.0,52530400
2026-09-02,520.0,540.0,510.0,530.0,50241800
2026-09-03,535.0,535.0,515.0,520.0,47833500
2026-09-04,515.0,540.0,515.0,540.0,34794900
2026-09-07,510.0,515.0,500.0,500.0,43367600
2026-09-08,520.0,525.0,505.0,510.0,26460300
2026-09-09,515.0,520.0,505.0,520.0,31399400
2026-09-10,500.0,520.0,500.0,515.0,27456800
2026-09-11,500.0,505.0,494.0,500.0,52096800
2026-09-14,496.0,505.0,488.0,500.0,45695500
2026-09-15,492.0,500.0,492.0,496.0,21766400
2026-09-16,484.0,496.0,484.0,492.0,24777600
2026-09-17,494.0,494.0,482.0,484.0,26492000
2026-09-18,468.0,496.0,468.0,496.0,86712000
2026-09-21,464.0,476.0,464.0,474.0,29043500
2026-09-22,448.0,470.0,444.0,464.0,50666700
2026-09-23,446.0,450.0,440.0,450.0,43447900
2026-09-24,430.0,448.0,430.0,446.0,53465200
2026-09-25,420.0,438.0,418.0,426.0,27548200
2026-09-28,408.0,420.0,408.0,420.0,34360900
2026-09-29,402.0,408.0,402.0,406.0,1396800
