date,Close,High,Low,Open,Volume
2018-06-01,1757.0496826171875,1757.0496826171875,1757.0496826171875,1757.0496826171875,0
2018-06-04,1982.955810546875,2108.4593428599683,1807.2508653085445,1815.6177674627506,101854000
2018-06-05,2125.193359375,2158.6609713336616,1999.6898145300197,1999.6898145300197,37090300
2018-06-06,2225.59619140625,2317.6321241335763,2141.9271616541355,2175.3947735549814,55791200
2018-06-07,2141.92724609375,2434.76886177063,2141.92724609375,2225.596279144287,69590800
2018-06-08,2200.49560546875,2317.6322536686075,2175.394895140209,2300.8984467829137,35133500
2018-06-11,2200.49560546875,2200.49560546875,2200.49560546875,2200.49560546875,0
2018-06-12,2200.49560546875,2200.49560546875,2200.49560546875,2200.49560546875,0
2018-06-13,2200.49560546875,2200.49560546875,2200.49560546875,2200.49560546875,0
2018-06-14,2200.49560546875,2200.49560546875,2200.49560546875,2200.49560546875,0
2018-06-15,2200.49560546875,2200.49560546875,2200.49560546875,2200.49560546875,0
2018-06-18,2200.49560546875,2200.49560546875,2200.49560546875,2200.49560546875,0
2018-06-19,2200.49560546875,2200.49560546875,2200.49560546875,2200.49560546875,0
2018-06-20,2108.459716796875,2200.4956568157863,2100.092813158792,2141.9273313492063,24450900
2018-06-21,2150.293701171875,2208.8620120987352,2108.4591933669744,2141.9267996108947,22124600
2018-06-22,2175.39453125,2225.5959435096156,2141.9269230769232,2175.39453125,22747900
2018-06-25,2158.660888671875,2217.229207356771,2066.624959309896,2208.8623046875,17903100
2018-06-26,2091.725830078125,2158.661056640625,2091.725830078125,2133.5603466796874,8873900
2018-06-27,2125.193359375,2183.7616803026576,2091.7257474163384,2133.5602623646655,9582200
2018-06-28,2083.359130859375,2183.7619805393447,2058.2584184393827,2158.6612681193524,19745600
2018-06-29,2108.459716796875,2141.9273313492063,2049.8913913302954,2083.3590058826267,9407600
2018-07-02,2116.826416015625,2133.5602216758275,2100.0926103554225,2133.5602216758275,4758900
2018-07-03,2083.359130859375,2141.927459839357,2066.62532257938,2116.826747419365,6862100
2018-07-04,1974.5888671875,2083.3585929224046,1924.3874553098517,2066.6247889631886,23853700
2018-07-05,2016.423583984375,2083.3588066892507,1941.1214584413901,1957.855264117609,13741300
2018-07-06,2049.8916015625,2091.7261240433672,1991.3232700892856,2024.7908880739797,4077000
2018-07-09,2192.12890625,2217.2296189169847,2041.5246302480916,2049.8915344704196,16784600
2018-07-10,2233.963134765625,2250.696941018551,2175.3948128803836,2208.862425386236,10272100
2018-07-11,2217.2294921875,2242.3302034198114,2175.3949734669814,2233.9632996757077,9753400
2018-07-12,2334.3662109375,2384.567634828629,2208.8626512096776,2217.229555191532,12865400
2018-07-13,2334.3662109375,2376.200730846774,2334.3662109375,2342.7331149193546,6060200
2018-07-16,2242.330322265625,2359.4669808914414,2233.9634180780668,2334.3662683287666,8230000
2018-07-17,2284.164306640625,2292.531208862752,2183.761479975103,2242.329795529991,8886000
2018-07-18,2376.200439453125,2476.6032749229753,2292.5314098949166,2309.265215806558,15362500
2018-07-19,2342.73291015625,2459.8695556640623,2309.265297154018,2401.301232910156,17674200
2018-07-20,2384.567626953125,2418.035242770011,2342.733107182017,2342.733107182017,9439800
2018-07-23,2493.337158203125,2493.337158203125,2384.5674164023176,2401.301222833211,10532600
2018-07-24,2493.337158203125,2568.6392871421453,2451.5026421258913,2501.7040614185717,13567800
2018-07-25,2401.301025390625,2484.97005066556,2392.9341228631315,2484.97005066556,12412100
2018-07-26,2367.83349609375,2443.1356214112193,2342.7327876545937,2426.401815785115,10838000
2018-07-27,2409.668212890625,2418.0351164076064,2342.7329847547744,2384.567502339681,5143800
2018-07-30,2359.466796875,2451.502735760195,2342.7329898049643,2426.402025155142,9288400
2018-07-31,2300.8984375,2342.7329545454545,2259.0639204545455,2342.7329545454545,21364700
2018-08-01,2284.164306640625,2334.365719973386,2259.0635999742444,2334.365719973386,15953400
2018-08-02,2284.164306640625,2334.365719973386,2275.7974044184984,2284.164306640625,5633200
2018-08-03,2284.164306640625,2309.2650133070056,2275.7974044184984,2284.164306640625,7399200
2018-08-06,2384.567626953125,2384.567626953125,2275.7978755482454,2309.2654913651313,17878400
2018-08-07,2551.9052734375,2577.0059810450816,2392.9341252561476,2401.301027792008,37255300
2018-08-08,2551.9052734375,2577.0059810450816,2501.703858222336,2577.0059810450816,9554100
2018-08-09,2643.94140625,2652.3083094343356,2551.90547122231,2551.90547122231,15917200
2018-08-10,2568.638916015625,2669.0417400944116,2560.2720140090596,2660.674838087846,5235500
2018-08-13,2384.567626953125,2535.1718981291115,2359.4669150904606,2535.1718981291115,17348500
2018-08-14,2284.164306640625,2376.2002310840203,2275.7974044184984,2376.2002310840203,29144200
2018-08-15,2443.135498046875,2443.135498046875,2208.8622311108734,2284.164352626017,22130500
2018-08-16,2418.03466796875,2434.7684718993296,2309.2649424199826,2434.7684718993296,7460900
2018-08-17,2418.03466796875,2418.03466796875,2418.03466796875,2418.03466796875,0
2018-08-20,2501.7041015625,2543.5386183110368,2418.0350680654265,2434.7688747648413,12618000
2018-08-21,2551.9052734375,2551.9052734375,2476.6031506147538,2510.0707607581967,4937600
2018-08-22,2551.9052734375,2551.9052734375,2551.9052734375,2551.9052734375,0
2018-08-23,2501.7041015625,2610.4738451086955,2493.3371982127924,2577.006231709866,14541100
2018-08-24,2468.236328125,2510.070842161017,2409.6680084745763,2501.703939353814,6117300
2018-08-27,2493.337158203125,2526.804771064912,2434.768835694998,2434.768835694998,4275500
2018-08-28,2459.869384765625,2577.006022135417,2451.5024820963545,2510.07080078125,6397600
2018-08-29,2585.373046875,2593.7399499393205,2409.6680825242715,2459.869500910194,8017000
2018-08-30,2635.57470703125,2643.9416108630953,2577.006380208333,2577.006380208333,11992200
2018-08-31,2660.675537109375,2660.675537109375,2518.438165628685,2535.171974038178,7370100
2018-09-03,2577.006103515625,2643.941326983563,2543.5384917816555,2618.8406181830865,2539500
2018-09-04,2434.7685546875,2568.6389906840636,2409.6678479381444,2568.6389906840636,6036200
2018-09-05,2342.73291015625,2426.40194266183,2300.8983939034597,2426.40194266183,14109500
2018-09-06,2367.83349609375,2434.768718598167,2300.8982735893333,2300.8982735893333,10835200
2018-09-07,2468.236328125,2484.9701337394067,2342.7327860169494,2367.8334944385592,7403400
2018-09-10,2426.401611328125,2501.703730300377,2392.9340028960128,2476.603023976293,5620500
2018-09-11,2426.401611328125,2426.401611328125,2426.401611328125,2426.401611328125,0
2018-09-12,2451.50244140625,2526.8045641798208,2418.034831284663,2434.768636345457,12825200
2018-09-13,2484.97021484375,2501.704021004314,2459.869505602904,2468.2364086831863,4560200
2018-09-14,2535.171875,2551.9056827557756,2510.071163366337,2510.071163366337,4797800
2018-09-17,2484.97021484375,2526.80473024516,2426.401893281776,2526.80473024516,6516700
2018-09-18,2476.603515625,2510.0711307010138,2434.7689967799834,2434.7689967799834,4052500
2018-09-19,2501.7041015625,2526.804811611622,2476.603391513378,2484.970294863085,4756700
2018-09-20,2443.135498046875,2510.070717171447,2392.934083703446,2510.070717171447,8065300
2018-09-21,2384.567626953125,2484.9704744037826,2367.833819044682,2426.4021467242324,11863200
2018-09-24,2351.099609375,2418.0348295707295,2325.9989018016013,2384.567219472865,10457800
2018-09-25,2334.3662109375,2376.200730846774,2317.6324029737902,2359.4669228830644,4363600
2018-09-26,2351.099609375,2376.2003169483987,2334.3658043260675,2334.3658043260675,4273200
2018-09-27,2359.466796875,2401.3013145500886,2342.7329898049643,2376.2006039450353,3706100
2018-09-28,2309.26513671875,2384.5672607421875,2309.26513671875,2359.466552734375,6762500
2018-10-01,2342.73291015625,2359.466716657366,2300.8983939034597,2334.366006905692,10859200
2018-10-02,2300.8984375,2342.7329545454545,2259.0639204545455,2342.7329545454545,9743700
2018-10-03,2392.934326171875,2409.6681326486014,2292.5314873115167,2300.89839054988,14016000
2018-10-04,2334.3662109375,2401.3014427923385,2309.2654989919356,2401.3014427923385,6546700
2018-10-05,2401.301025390625,2443.1355380280925,2309.265097588197,2334.3658051706775,8638400
2018-10-08,2451.50244140625,2484.9700515278373,2376.2003186326792,2376.2003186326792,10076200
2018-10-09,2409.668212890625,2501.7041515774195,2392.934405856662,2468.236537509494,15968600
2018-10-10,2367.83349609375,2426.401815785115,2367.83349609375,2409.668010159011,9933100
2018-10-11,2300.8984375,2342.7329545454545,2275.797727272727,2300.8984375,9511500
2018-10-12,2317.632080078125,2401.30110823979,2225.596149100293,2267.430663181126,15622400
2018-10-15,2309.26513671875,2367.833455403646,2309.26513671875,2317.632039388021,2780100
2018-10-16,2334.3662109375,2334.3662109375,2292.531691028226,2309.2654989919356,2483000
2018-10-17,2367.83349609375,2409.668010159011,2342.7327876545937,2359.466593280698,8749500
2018-10-18,2367.83349609375,2376.200398906802,2309.2651764023854,2367.83349609375,4661200
2018-10-19,2325.9990234375,2367.833538247527,2300.898314551484,2367.833538247527,9249500
2018-10-22,2401.301025390625,2426.4017329731055,2325.998902643184,2342.732707698171,10679900
2018-10-23,2359.466796875,2401.3013145500886,2325.999182734929,2401.3013145500886,4845500
2018-10-24,2309.26513671875,2351.0996500651045,2292.5313313802085,2334.3658447265625,3900500
2018-10-25,2292.53125,2325.998859489051,2242.3298357664235,2242.3298357664235,3488300
2018-10-26,2309.26513671875,2325.998942057292,2275.797526041667,2300.8982340494795,4862700
2018-10-29,2242.330322265625,2342.733172516325,2233.9634180780668,2309.2655557660914,7137900
2018-10-30,2200.49560546875,2292.5315433400665,2175.394895140209,2217.229412354444,6401200
2018-10-31,2192.12890625,2225.596523139313,2158.661289360687,2208.8627146946565,4664500
2018-11-01,1857.452392578125,2233.9630126953125,1832.3516845703125,2225.596110026042,52029600
2018-11-02,1748.6827392578125,1932.7546065481085,1673.3806117299641,1882.5531881962097,88668000
2018-11-05,1757.0496826171875,1790.5172956194197,1706.8482631138393,1731.9489728655133,28898300
2018-11-06,1865.8192138671875,1874.1861161715246,1765.4163862151415,1782.1501908238158,38982100
2018-11-07,1807.2509765625,1899.2869059244792,1782.1502685546875,1882.5531005859375,25946000
2018-11-08,1899.2867431640625,1907.6536451163272,1790.5170177846228,1840.7184294982103,32014800
2018-11-09,1899.2867431640625,1924.3874490208564,1840.7184294982103,1890.919841211798,14170300
2018-11-12,1832.3519287109375,1907.6540627675515,1807.251217358733,1899.2871589834833,13115400
2018-11-13,1773.7835693359375,1798.8842802227666,1748.6828584491082,1798.8842802227666,20623800
2018-11-14,1790.517333984375,1807.2511408440419,1757.0497202650408,1773.783527124708,15557900
2018-11-15,1807.2509765625,1840.7185872395835,1790.5171712239585,1790.5171712239585,10707200
2018-11-16,1840.7186279296875,1874.186239346591,1782.1503079501067,1807.2510165127842,16645400
2018-11-19,1832.3519287109375,1874.1864476312787,1790.5174097905965,1849.085736279074,9953700
2018-11-20,1832.3519287109375,1832.3519287109375,1832.3519287109375,1832.3519287109375,0
2018-11-21,1823.9847412109375,1849.0854486587946,1798.8840337630807,1815.6178387283187,4971200
2018-11-22,1849.085693359375,1907.654018488405,1823.9849825897907,1849.085693359375,10282500
2018-11-23,1857.452392578125,1882.5531005859375,1849.0854899088542,1849.0854899088542,4753800
2018-11-26,1849.085693359375,1882.5533077188206,1823.9849825897907,1874.1864041289593,5444200
2018-11-27,1840.7186279296875,1857.4524336381394,1823.9848222212358,1849.0855307839136,4738600
2018-11-28,1698.4814453125,1832.3519040563424,1681.7476379695197,1823.9850003848524,18635700
2018-11-29,1715.215087890625,1757.0496022294208,1698.4812821551068,1706.848185022866,12457900
2018-11-30,1706.8482666015625,1723.582073136872,1631.5461371926701,1706.8482666015625,17929200
2018-12-03,1690.114501953125,1715.2152123781714,1660.8303397905709,1673.3806950030942,10873300
2018-12-04,1656.6466064453125,1681.7473126035748,1652.4631554189355,1681.7473126035748,11990300
2018-12-05,1581.3446044921875,1644.0963745117188,1568.7942504882812,1644.0963745117188,24077800
2018-12-06,1631.546142578125,1660.8303041115785,1572.9778195112178,1581.3447228064904,22524900
2018-12-07,1639.9130859375,1690.1145069355866,1635.7296341876593,1639.9130859375,15009300
2018-12-10,1602.2620849609375,1648.2800560694764,1589.7117292040634,1639.9131522315602,6676500
2018-12-11,1572.977783203125,1610.6288471627743,1568.794331652053,1610.6288471627743,7964300
2018-12-12,1602.2620849609375,1618.99589263677,1572.977921528231,1577.1613734471891,11163500
2018-12-13,1627.3626708984375,1665.013735263697,1602.261961321598,1623.1792193022975,20301500
2018-12-14,1606.4453125,1639.9129231770835,1606.4453125,1627.3625691731772,8055500
2018-12-17,1598.0784912109375,1618.9957489493006,1581.3446850202472,1614.812297401628,7817200
2018-12-18,1618.9957275390625,1618.9957275390625,1581.3446641079215,1606.4453730620155,5999700
2018-12-19,1706.8482666015625,1706.8482666015625,1623.1792339250153,1631.5461371926701,27021900
2018-12-20,1681.7474365234375,1757.049560546875,1673.3805338541667,1690.1143391927085,31897000
2018-12-21,1715.215087890625,1723.581990758384,1673.3805735518292,1681.7474764195883,19388400
2018-12-24,1715.215087890625,1715.215087890625,1715.215087890625,1715.215087890625,0
2018-12-25,1715.215087890625,1715.215087890625,1715.215087890625,1715.215087890625,0
2018-12-26,1623.17919921875,1715.2151331950708,1614.8122961299935,1715.2151331950708,8224700
2018-12-27,1673.380615234375,1706.8482275390627,1648.2799060058594,1648.2799060058594,15916700
2018-12-28,1656.6466064453125,1690.114214656329,1635.7293513134273,1690.114214656329,22007600
2018-12-31,1656.6466064453125,1656.6466064453125,1656.6466064453125,1656.6466064453125,0
2019-01-01,1656.6466064453125,1656.6466064453125,1656.6466064453125,1656.6466064453125,0
2019-01-02,1656.6466064453125,1690.114214656329,1635.7293513134273,1690.114214656329,5313100
2019-01-03,1690.114501953125,1698.4814054281405,1648.2799845780476,1656.646888053063,11314600
2019-01-04,1706.8482666015625,1740.3158796721814,1665.013750263289,1681.7475567985985,18759700
2019-01-07,1790.517333984375,1807.2511408440419,1690.1144928263725,1690.1144928263725,51722500
2019-01-08,1832.3519287109375,1840.7188324950057,1765.416698438392,1790.5174097905965,32563100
2019-01-09,1882.552978515625,1899.2867827690973,1840.7184678819444,1849.0853700086805,28621800
2019-01-10,1882.552978515625,1899.2867827690973,1849.0853700086805,1882.552978515625,13872500
2019-01-11,1840.7186279296875,1890.9200450550427,1840.7186279296875,1882.5531422008169,11299600
2019-01-14,1765.4166259765625,1840.7187569423875,1765.4166259765625,1840.7187569423875,13180700
2019-01-15,1832.3519287109375,1849.085736279074,1773.78360222246,1773.78360222246,20372700
2019-01-16,1932.7548828125,1949.4886913216992,1832.3520317573052,1832.3520317573052,40171200
2019-01-17,1924.3875732421875,1982.9558906886887,1924.3875732421875,1949.4882807192594,21537800
2019-01-18,1916.02099609375,1966.2224195721888,1907.6540921806768,1924.387900006823,11992000
2019-01-21,1882.552978515625,1957.8550976562499,1865.8191742621527,1932.7543912760416,11608400
2019-01-22,1899.2867431640625,1949.48815487765,1815.6177236414167,1857.4522334027395,22784000
2019-01-23,1941.12158203125,1982.9560988853718,1899.2870651771282,1899.2870651771282,27481400
2019-01-24,1949.488525390625,1974.589236017972,1932.754718305727,1966.2223324755232,15091400
2019-01-25,1832.3519287109375,1982.9561968241653,1815.618121142801,1974.5892930400971,37595300
2019-01-28,1782.150146484375,1857.452265349912,1757.0494401958629,1857.452265349912,32743000
2019-01-29,1723.5819091796875,1815.6178363688941,1706.8481042361955,1782.1502264819098,29299200
2019-01-30,1765.4166259765625,1773.7835294172096,1723.5821087733264,1731.9490122139737,16156100
2019-01-31,1815.617919921875,1815.617919921875,1773.7834056379609,1790.5172113515264,11999900
2019-02-01,1757.0496826171875,1832.3518118722097,1757.0496826171875,1815.6180053710937,10715500
2019-02-04,1773.7835693359375,1790.5173765938237,1748.6828584491082,1765.4166657069943,16082100
2019-02-05,1773.7835693359375,1773.7835693359375,1773.7835693359375,1773.7835693359375,0
2019-02-06,1840.7186279296875,1857.4524336381394,1782.1503079501067,1782.1503079501067,40880800
2019-02-07,1815.617919921875,1865.819337062572,1798.8841142083093,1849.0855313490063,28062500
2019-02-08,1823.9847412109375,1849.0854486587946,1790.5171312804616,1807.2509362456997,21432400
2019-02-11,1782.150146484375,1840.7184611575706,1765.4163422920335,1815.6177548690582,23067700
2019-02-12,1731.9488525390625,1790.5171712239585,1706.84814453125,1782.1502685546875,21694700
2019-02-13,1690.114501953125,1765.4166332282641,1669.1972432655864,1748.6828262782333,15619400
2019-02-14,1715.215087890625,1765.4165050971799,1669.1971221179497,1715.215087890625,43970600
2019-02-15,1957.8553466796875,2041.524378589076,1715.2151541424614,1715.2151541424614,211910100
2019-02-18,2116.826416015625,2158.6609301661315,1974.5890679039032,1974.5890679039032,95862900
2019-02-19,2183.76171875,2225.596234434866,2100.092687380268,2141.927203065134,59416800
2019-02-20,2192.12890625,2233.963427361641,2133.5605766937024,2233.963427361641,30943600
2019-02-21,2217.2294921875,2242.3302034198114,2150.29426223467,2175.3949734669814,16555400
2019-02-22,2208.8623046875,2217.229207356771,2150.2939860026045,2217.229207356771,14537900
2019-02-25,2167.02783203125,2192.1285405103768,2158.6609292048747,2192.1285405103768,11932100
2019-02-26,2091.725830078125,2150.2941533203125,2016.4237001953124,2141.9272499999997,31258600
2019-02-27,2008.0567626953125,2116.8265040079755,1974.5891499837242,2091.725794474284,22082600
2019-02-28,2008.0567626953125,2041.524375406901,1949.4884404500326,2008.0567626953125,28718100
2019-03-01,2083.359130859375,2116.826747419365,1999.6900894594,2016.423897739395,23691300
2019-03-04,2049.8916015625,2116.8268375318876,2024.7908880739797,2100.0930285395407,9909200
2019-03-05,2008.0567626953125,2049.8912785847983,1991.3229563395184,2049.8912785847983,14575000
2019-03-06,2024.7904052734375,2033.1573077745675,2008.0566002711776,2008.0566002711776,3207900
2019-03-07,2024.7904052734375,2024.7904052734375,2024.7904052734375,2024.7904052734375,0
2019-03-08,1966.2222900390625,2033.1575169340092,1932.754676591589,2016.4237102102725,20327500
2019-03-11,2008.0567626953125,2049.8912785847983,1974.5891499837242,1999.6898595174155,11314900
2019-03-12,2058.25830078125,2074.9921081046746,1999.689975149263,2024.7906861344004,11946700
2019-03-13,2192.12890625,2233.963427361641,2074.992247137405,2108.4598640267177,35771200
2019-03-14,2141.92724609375,2158.6610527038574,2091.7258262634277,2133.5603427886963,8467900
2019-03-15,2167.02783203125,2200.495443336752,2108.4595122466217,2108.4595122466217,12313300
2019-03-18,2259.063720703125,2275.797526041667,2150.2939860026045,2158.660888671875,21103300
2019-03-19,2217.2294921875,2284.1647221403305,2183.761877211085,2259.064010908019,10211800
2019-03-20,2259.063720703125,2275.797526041667,2183.7615966796875,2217.229207356771,13744500
2019-03-21,2242.330322265625,2309.2655557660914,2233.9634180780668,2284.1648432034167,10669000
2019-03-22,2225.59619140625,2275.797609257519,2217.2292884310386,2259.063803307096,2572000
2019-03-25,2167.02783203125,2233.963054642254,2133.560220725748,2225.5961518158783,8303100
2019-03-26,2242.330322265625,2259.064130640742,2158.661280390042,2158.661280390042,8179200
2019-03-27,2242.330322265625,2267.4310348283,2183.761992952717,2250.6972264531832,5639200
2019-03-28,2242.330322265625,2259.064130640742,2183.761992952717,2259.064130640742,6086000
2019-03-29,2242.330322265625,2259.064130640742,2192.1288971402755,2242.330322265625,2525300
2019-04-01,2267.4306640625,2300.898275340175,2192.1285386877307,2259.063761243081,8439600
2019-04-02,2242.330322265625,2284.1648432034167,2217.2296097029503,2284.1648432034167,4412800
2019-04-03,2242.330322265625,2242.330322265625,2242.330322265625,2242.330322265625,0
2019-04-04,2200.49560546875,2259.0639295686788,2192.128702025903,2233.9632192401377,4286200
2019-04-05,2208.8623046875,2225.596110026042,2150.2939860026045,2208.8623046875,5133300
2019-04-08,2116.826416015625,2192.1285414865365,2100.0926103554225,2192.1285414865365,7210800
2019-04-09,2133.560302734375,2150.2941090303307,2108.4595932904413,2116.826496438419,6235800
2019-04-10,2158.660888671875,2183.7615966796875,2100.0925699869795,2133.5601806640625,5073500
2019-04-11,2233.963134765625,2284.164553524403,2133.5602972480688,2183.7617160068467,12387200
2019-04-12,2351.099609375,2418.0348295707295,2267.430584130338,2267.430584130338,25336100
2019-04-15,2317.632080078125,2376.2003997912907,2300.8982744457917,2359.4665941589574,10623500
2019-04-16,2309.26513671875,2342.7327473958335,2250.6968180338545,2317.632039388021,19715400
2019-04-17,2309.26513671875,2309.26513671875,2309.26513671875,2309.26513671875,0
2019-04-18,2384.567626953125,2409.6683388157894,2334.3662032277957,2359.4669150904606,33758200
2019-04-19,2384.567626953125,2384.567626953125,2384.567626953125,2384.567626953125,0
2019-04-22,2342.73291015625,2409.6681361607143,2275.7976841517857,2384.5674264090403,34552200
2019-04-23,2451.50244140625,2476.6031489974403,2317.632000919902,2317.632000919902,28490600
2019-04-24,2401.301025390625,2493.3369531930534,2401.301025390625,2484.97005066556,11371700
2019-04-25,2392.934326171875,2451.5026488404174,2367.8336164567854,2401.301229410238,6940600
2019-04-26,2401.301025390625,2434.768635500599,2359.4665127531575,2367.833415280651,7321000
2019-04-29,2426.401611328125,2468.236121868265,2401.300905004041,2401.300905004041,12936000
2019-04-30,2443.135498046875,2451.502400437447,2401.300986094018,2426.4016932657323,9537500
2019-05-01,2443.135498046875,2443.135498046875,2443.135498046875,2443.135498046875,0
2019-05-02,2325.9990234375,2443.1356649055756,2309.2652175134895,2443.1356649055756,11696900
2019-05-03,2325.9990234375,2351.099732323516,2208.8623819694244,2342.732829361511,14894300
2019-05-06,2384.567626953125,2409.6683388157894,2259.0640676398025,2342.733107182017,21344400
2019-05-07,2493.337158203125,2568.6392871421453,2426.4019324795513,2426.4019324795513,43528900
2019-05-08,2476.603515625,2543.538745777027,2459.8697080869933,2484.9704193940033,12287700
2019-05-09,2476.603515625,2526.8049382390204,2451.50280431799,2468.2366118559967,11767700
2019-05-10,2451.50244140625,2510.0707591190276,2376.2003186326792,2484.9700515278373,15030400
2019-05-13,2309.26513671875,2468.236287434896,2275.797526041667,2459.869384765625,14260300
2019-05-14,2317.632080078125,2351.099691342791,2250.6968575487927,2275.797565997292,15250000
2019-05-15,2217.2294921875,2351.0999520931605,2116.826647258255,2325.999240860849,14982700
2019-05-16,2141.92724609375,2233.963182449341,2133.5603427886963,2217.2293758392334,6731200
2019-05-17,2125.193359375,2175.394777312992,2024.7905234990158,2141.927165354331,7490000
2019-05-20,2217.2294921875,2284.1647221403305,2049.8914173054245,2108.459743514151,9392800
2019-05-21,2233.963134765625,2275.79765039794,2192.1286191333097,2217.229328512699,5280300
2019-05-22,2208.8623046875,2242.3299153645835,2158.660888671875,2233.9630126953125,2000400
2019-05-23,2292.53125,2334.365761861314,2183.7615191605837,2242.3298357664235,10154800
2019-05-24,2334.3662109375,2384.567634828629,2292.531691028226,2309.2654989919356,7215000
2019-05-27,2351.099609375,2409.6679270462632,2351.099609375,2367.8334144239325,9575700
2019-05-28,2334.3662109375,2392.934538810484,2292.531691028226,2384.567634828629,4355000
2019-05-29,2426.401611328125,2443.135415544181,2334.365688139817,2334.365688139817,9654100
2019-05-30,2426.401611328125,2426.401611328125,2426.401611328125,2426.401611328125,0
2019-05-31,2392.934326171875,2493.3371650322333,2334.3660035033326,2426.4019391253278,20433200
2019-06-03,2392.934326171875,2392.934326171875,2392.934326171875,2392.934326171875,0
2019-06-04,2392.934326171875,2392.934326171875,2392.934326171875,2392.934326171875,0
2019-06-05,2392.934326171875,2392.934326171875,2392.934326171875,2392.934326171875,0
2019-06-06,2392.934326171875,2392.934326171875,2392.934326171875,2392.934326171875,0
2019-06-07,2392.934326171875,2392.934326171875,2392.934326171875,2392.934326171875,0
2019-06-10,2459.869384765625,2526.804606119792,2434.7686767578125,2468.236287434896,14450100
2019-06-11,2459.869384765625,2510.07080078125,2443.1355794270835,2493.3369954427085,5801400
2019-06-12,2426.401611328125,2493.336828192349,2392.9340028960128,2493.336828192349,6123100
2019-06-13,2392.934326171875,2401.301229410238,2351.099809980059,2384.567422933512,8567800
2019-06-14,2392.934326171875,2451.5026488404174,2376.2005196951486,2392.934326171875,5537200
2019-06-17,2384.567626953125,2426.4021467242324,2359.4669150904606,2426.4021467242324,2026100
2019-06-18,2434.7685546875,2451.5023591870704,2384.5671411887884,2384.5671411887884,6053800
2019-06-19,2468.236328125,2468.236328125,2426.401814088983,2443.13561970339,7574200
2019-06-20,2501.7041015625,2551.905521660744,2493.3371982127924,2551.905521660744,10083200
2019-06-21,2426.401611328125,2543.538240840517,2384.567100787985,2510.070632408405,8630700
2019-06-24,2392.934326171875,2468.2364553171437,2367.8336164567854,2434.768842363691,2968700
2019-06-25,2392.934326171875,2426.4019391253278,2367.8336164567854,2367.8336164567854,4768200
2019-06-26,2443.135498046875,2451.502400437447,2401.300986094018,2401.300986094018,4080800
2019-06-27,2443.135498046875,2468.2362052185895,2418.0347908751605,2451.502400437447,4830300
2019-06-28,2493.337158203125,2518.4378678494654,2434.768835694998,2468.236448556785,16338700
2019-07-01,2501.7041015625,2543.5386183110368,2468.2364881636704,2510.071004912207,7193000
2019-07-02,2476.603515625,2518.438034470017,2476.603515625,2510.0711307010138,4694000
2019-07-03,2392.934326171875,2501.7040682705965,2384.567422933512,2476.603358555507,7888800
2019-07-04,2384.567626953125,2426.4021467242324,2359.4669150904606,2401.301434861568,7483000
2019-07-05,2426.401611328125,2443.135415544181,2351.099492355873,2384.567100787985,8873400
2019-07-08,2392.934326171875,2451.5026488404174,2384.567422933512,2443.135745602054,3213600
2019-07-09,2451.50244140625,2459.869343936647,2401.3010262238695,2418.034831284663,2796200
2019-07-10,2418.03466796875,2468.236079760489,2401.3008640381704,2468.236079760489,4467600
2019-07-11,2426.401611328125,2459.8692197602372,2401.300905004041,2459.8692197602372,4126000
2019-07-12,2392.934326171875,2443.135745602054,2384.567422933512,2443.135745602054,5579900
2019-07-15,2451.50244140625,2459.869343936647,2392.934123693473,2401.3010262238695,7362100
2019-07-16,2459.869384765625,2484.9700927734375,2434.7686767578125,2451.5024820963545,7216200
2019-07-17,2493.337158203125,2526.804771064912,2434.768835694998,2459.869545341338,9777300
2019-07-18,2602.106689453125,2652.308104683732,2484.970053915042,2493.3369564534764,21650300
2019-07-19,2602.106689453125,2635.574299606863,2577.0059818378213,2618.840494529994,10942200
2019-07-22,2593.73974609375,2627.207355720766,2577.005941280242,2602.106648500504,8278100
2019-07-23,2643.94140625,2694.142825356013,2585.373083959652,2593.7399871439875,17721600
2019-07-24,2610.473876953125,2677.4091045673076,2610.473876953125,2643.9414907602163,7569800
2019-07-25,2719.243408203125,2752.7110193810095,2518.4377411358173,2610.473671875,27474800
2019-07-26,2652.308349609375,2761.0780926532925,2610.473833054022,2744.3442860311516,14060600
2019-07-29,2735.977294921875,2794.545616219897,2652.3082644961296,2660.675167538704,9457500
2019-07-30,2761.078125,2861.4809659090906,2694.1428977272726,2752.711221590909,47197900
2019-07-31,2702.509521484375,2811.2792545472134,2694.1426189410795,2811.2792545472134,14222200
2019-08-01,2744.34423828125,2811.279463605183,2660.675206626334,2702.509722453792,17978100
2019-08-02,2727.610107421875,2744.3439117618864,2702.5094009118575,2744.3439117618864,10374400
2019-08-05,2618.840576171875,2828.0131461536544,2551.905353777706,2694.1427013653156,19561200
2019-08-06,2627.20751953125,2710.8765488156846,2577.006101960589,2585.3730048890325,17576600
2019-08-07,2761.078125,2769.445028409091,2652.308380681818,2652.308380681818,11495800
2019-08-08,2802.91259765625,2802.91259765625,2744.3442747201493,2777.8118878264927,17136900
2019-08-09,2769.44482421875,2853.1138521407665,2727.6103102577417,2836.380046556363,6504300
2019-08-12,2811.27978515625,2844.7474016462056,2735.9776480538508,2769.445264543806,8831500
2019-08-13,2794.545654296875,2886.581589019227,2761.078041670565,2811.2794606100297,13759200
2019-08-14,2811.27978515625,2844.7474016462056,2761.078360421317,2844.7474016462056,8527800
2019-08-15,2777.81201171875,2811.279626317771,2744.344397119729,2811.279626317771,11339100
2019-08-16,2719.243408203125,2769.4448249699517,2660.6750886418267,2761.0779221754806,13561000
2019-08-19,2719.243408203125,2744.3441165865383,2685.7757970252405,2719.243408203125,12462100
2019-08-20,2719.243408203125,2769.4448249699517,2702.5096026141828,2719.243408203125,10764600
2019-08-21,2735.977294921875,2735.977294921875,2685.775876666428,2719.243488836726,12651500
2019-08-22,2802.91259765625,2819.6464042094217,2744.3442747201493,2752.711177996735,14523300
2019-08-23,2786.1787109375,2828.013226116742,2719.2434866507133,2828.013226116742,6255300
2019-08-26,2777.81201171875,2794.5458190182603,2685.7760715714417,2761.0782044192392,7539300
2019-08-27,2828.013427734375,2844.7472349990753,2735.9774877785226,2744.344391410873,11016600
2019-08-28,2786.1787109375,2844.7470321884384,2752.711098794107,2828.013226116742,7011500
2019-08-29,2836.380126953125,2844.7470299824854,2761.0779996888828,2761.0779996888828,7206800
2019-08-30,2911.6826171875,2961.884041621767,2836.380480536099,2844.7473846084768,16924800
2019-09-02,3028.81884765625,3053.919556338484,2911.6822071391575,2928.4160129273137,18483100
2019-09-03,2928.416259765625,3062.2867173549107,2911.6824525669645,3028.8191029575896,8704600
2019-09-04,2928.416259765625,2970.250777762277,2894.948645368304,2928.416259765625,13015700
2019-09-05,2945.150146484375,2978.617761785334,2911.6825311834164,2953.5170503096147,8878100
2019-09-06,2735.977294921875,3003.7181922842606,2635.5744584109807,2986.984386199111,50259300
2019-09-09,2744.34423828125,2836.380173101658,2694.1428192883004,2735.9773351157583,28767900
2019-09-10,2744.34423828125,3012.085139576982,2727.610431950267,2836.380173101658,30773800
2019-09-11,2735.977294921875,2769.4449070921733,2702.5096827515767,2744.3441979644494,14896900
2019-09-12,2802.91259765625,2853.114017315765,2744.3442747201493,2752.711177996735,25527900
2019-09-13,2886.58154296875,2894.9484459918476,2811.2794157608696,2811.2794157608696,16207500
2019-09-16,2828.013427734375,2886.581753160827,2769.4451023079237,2886.581753160827,8829600
2019-09-17,2878.214599609375,2911.6822112327395,2853.113890891851,2853.113890891851,15618500
2019-09-18,2928.416259765625,2970.250777762277,2894.948645368304,2903.315548967634,15169200
2019-09-19,2903.315185546875,2970.2504059629414,2886.5813804428585,2920.0489906508915,6187000
2019-09-20,2853.11376953125,2945.149697580645,2819.64615933147,2911.682087380865,9784500
2019-09-23,2836.380126953125,2903.315351188007,2794.545611806324,2869.847739070566,6534300
2019-09-24,2752.7109375,2869.847573138298,2727.610229863222,2861.480670592705,7695900
2019-09-25,2761.078125,2786.178835227273,2694.1428977272726,2752.711221590909,6192200
2019-09-26,2928.416259765625,2936.7831633649553,2752.7112841796875,2761.078187779018,14984500
2019-09-27,2928.416259765625,2970.250777762277,2878.214838169643,2920.0493561662947,14775500
2019-09-30,2878.214599609375,2894.948405421057,2828.0131821743275,2894.948405421057,8336900
2019-10-01,2886.58154296875,2903.3153490149457,2836.380124830163,2878.214639945652,6286600
2019-10-02,2886.58154296875,2920.0491550611414,2853.1139308763586,2853.1139308763586,8620400
2019-10-03,2828.013427734375,2861.481042263776,2727.6105841461726,2853.1141386314257,10902400
2019-10-04,2802.91259765625,2878.2147271455224,2777.8118878264927,2836.3802107625934,8835800
2019-10-07,2802.91259765625,2828.0133074860073,2735.9773714435632,2811.2795009328356,7013200
2019-10-08,2886.58154296875,2886.58154296875,2769.44490064538,2769.44490064538,8264800
2019-10-09,2878.214599609375,2961.883628667787,2869.8476967035335,2886.581502515216,9908300
2019-10-10,2920.049072265625,2928.4159750514864,2878.214558336318,2903.3152666939022,8978700
2019-10-11,2920.049072265625,2945.149780623209,2878.214558336318,2886.5814611221795,8844000
2019-10-14,2920.049072265625,2961.883586194932,2886.5814611221795,2953.5166834090705,10066700
2019-10-15,2953.516845703125,2970.250652194361,2928.416135966271,2928.416135966271,12183000
2019-10-16,2953.516845703125,2970.250652194361,2844.747103510092,2970.250652194361,9894100
2019-10-17,2953.516845703125,2970.250652194361,2911.6823294750357,2970.250652194361,7245900
2019-10-18,2961.883544921875,2970.250447591146,2911.68212890625,2961.883544921875,4672200
2019-10-21,2928.416259765625,2936.7831633649553,2886.581741768973,2920.0493561662947,8987300
2019-10-22,2945.150146484375,2961.8839541348543,2903.3156273581767,2928.4163388338957,7836700
2019-10-23,2911.6826171875,2953.517137549389,2903.315713115122,2936.7833294046336,11054400
2019-10-24,2886.58154296875,2920.0491550611414,2878.214639945652,2903.3153490149457,7440900
2019-10-25,2836.380126953125,2945.1498663348084,2828.0132239237646,2869.847739070566,11250900
2019-10-28,2894.948486328125,2970.250614585215,2869.847776909095,2869.847776909095,12915400
2019-10-29,2945.150146484375,2961.8839541348543,2911.6825311834164,2920.049435008656,10084300
2019-10-30,2970.250732421875,2978.617635893486,2928.4162150638203,2945.1500220070425,18887100
2019-10-31,2970.250732421875,2970.250732421875,2886.581697705766,2970.250732421875,10474300
2019-11-01,2945.150146484375,2970.2508579600944,2886.5818197076974,2970.2508579600944,9657500
2019-11-04,2970.250732421875,3020.4521532515405,2945.1500220070425,2945.1500220070425,26170300
2019-11-05,2928.416259765625,2978.617681361607,2903.315548967634,2970.250777762277,17822800
2019-11-06,2945.150146484375,2995.3515694358134,2928.4163388338957,2936.7832426591353,11876400
2019-11-07,2928.416259765625,2970.250777762277,2886.581741768973,2970.250777762277,9760400
2019-11-08,2886.58154296875,3120.854827615489,2861.4808338994562,3037.185797384511,71413500
2019-11-11,2761.078125,2928.416193181818,2727.6105113636363,2886.5816761363635,21046300
2019-11-12,2894.948486328125,2911.6822926074783,2777.8118423726514,2794.5456486520047,25200300
2019-11-13,2878.214599609375,2936.7829199502635,2853.113890891851,2894.948405421057,17493000
2019-11-14,2911.6826171875,2953.517137549389,2878.2150008979884,2920.0495212598776,22803200
2019-11-15,2911.6826171875,2945.150233477011,2894.948809042744,2928.4164253322556,19547400
2019-11-18,2911.6826171875,2961.884041621767,2844.7473846084768,2928.4164253322556,19152500
2019-11-19,2953.516845703125,2970.250652194361,2920.0492327206534,2953.516845703125,20500100
2019-11-20,2970.250732421875,2970.250732421875,2928.4162150638203,2970.250732421875,10459700
2019-11-21,2928.416259765625,2970.250777762277,2894.948645368304,2970.250777762277,23152800
2019-11-22,2961.883544921875,2995.3511555989585,2936.7828369140625,2953.5166422526045,40647700
2019-11-25,2970.250732421875,3003.718346308319,2936.7831185354316,2970.250732421875,36810500
2019-11-26,2920.049072265625,2970.2504889807933,2903.3152666939022,2970.2504889807933,218231500
2019-11-27,2836.380126953125,2920.0491572467276,2761.0779996888828,2920.0491572467276,22229100
2019-11-28,2702.509521484375,2811.2792545472134,2660.6750087678984,2802.9123520039184,16174300
2019-11-29,2794.545654296875,2802.9125574534523,2568.6392690692833,2660.6752037916353,8546700
2019-12-02,2836.380126953125,2853.1139330118453,2802.912514835684,2811.2794178650443,9834600
2019-12-03,2861.480712890625,2869.847615559896,2828.013102213542,2844.7469075520835,13072800
2019-12-04,2853.11376953125,2869.84757463114,2828.013061881415,2861.480672081195,10036900
2019-12-05,2802.91259765625,2844.747114039179,2761.078081273321,2819.6464042094217,10002900
2019-12-06,2844.74658203125,2844.74658203125,2761.077564912684,2836.3796803193936,10281300
2019-12-09,2735.977294921875,2836.3801314327698,2719.243488836726,2836.3801314327698,7995800
2019-12-10,2761.078125,2794.5457386363637,2727.6105113636363,2735.977414772727,9858500
2019-12-11,2761.078125,2777.8119318181816,2735.977414772727,2752.711221590909,6693500
2019-12-12,2727.610107421875,2761.0777161018977,2710.876303081863,2761.0777161018977,9334700
2019-12-13,2710.87646484375,2769.444783528646,2694.1426595052085,2769.444783528646,10939400
2019-12-16,2685.775634765625,2744.3439507885514,2669.041830187646,2694.1425370546144,8656200
2019-12-17,2769.44482421875,2769.44482421875,2677.4088935045315,2685.7757962967335,7381000
2019-12-18,2786.1787109375,2811.2794200450453,2727.6103896865616,2769.4449048658034,12475400
2019-12-19,2694.142578125,2802.9123095399846,2694.142578125,2786.17850470691,4637100
2019-12-20,2777.81201171875,2777.81201171875,2694.142975221197,2719.2436861704628,11562300
2019-12-23,2769.44482421875,2802.912435387557,2719.24340746554,2786.1786298031534,5436300
2019-12-26,2727.610107421875,2761.0777161018977,2719.2432052518693,2719.2432052518693,3863700
2019-12-27,2719.243408203125,2735.9772137920672,2694.1426998197117,2735.9772137920672,4899800
2019-12-30,2635.57470703125,2719.2437453497023,2635.57470703125,2694.143033854167,5075500
2020-01-02,2685.775634765625,2694.1425370546144,2627.2073187426986,2652.3080256096673,3718200
2020-01-03,2677.4091796875,2702.50989074707,2669.0422760009765,2702.50989074707,3907700
2020-01-06,2710.87646484375,2719.243367513021,2643.9412434895835,2652.3081461588545,3513500
2020-01-07,2719.243408203125,2735.9772137920672,2694.1426998197117,2719.243408203125,3419200
2020-01-08,2761.078125,2761.078125,2669.0421874999997,2719.2436079545455,6944000
2020-01-09,2752.7109375,2769.4447425911853,2694.142619680851,2761.0778400455924,9408900
2020-01-10,2752.7109375,2752.7109375,2702.5095222264436,2727.610229863222,7746400
2020-01-13,2769.44482421875,2769.44482421875,2719.24340746554,2752.7110186343466,9256500
2020-01-14,2786.1787109375,2786.1787109375,2735.97729272241,2777.8118079016517,10518100
2020-01-15,2719.243408203125,2802.9124361478366,2702.5096026141828,2761.0779221754806,11805100
2020-01-16,2786.1787109375,2794.5456139733483,2685.7758745073197,2719.2434866507133,7904800
2020-01-17,2811.27978515625,2836.3804975237167,2752.711456298828,2761.078360421317,7431600
2020-01-20,2811.27978515625,2828.013593401228,2794.5459769112726,2811.27978515625,4466800
2020-01-21,2761.078125,2786.178835227273,2727.6105113636363,2786.178835227273,4644000
2020-01-22,2677.4091796875,2744.3444091796873,2660.675372314453,2744.3444091796873,5932000
2020-01-23,2694.142578125,2710.876382958075,2660.6749684588513,2677.4087732919256,3442100
2020-01-24,2669.0419921875,2735.977214562108,2652.308186593848,2677.4088949843263,4855800
2020-01-27,2560.272216796875,2685.7757568359375,2543.5384114583335,2643.9412434895835,7645600
2020-01-28,2551.9052734375,2585.3728835809425,2510.0707607581967,2510.0707607581967,8042100
2020-01-29,2518.437744140625,2577.0060637718025,2510.0708413361713,2568.6391609673487,3538400
2020-01-30,2459.869384765625,2551.9053141276045,2426.401774088542,2551.9053141276045,6612800
2020-01-31,2426.401611328125,2501.703730300377,2376.200198679957,2501.703730300377,12812900
2020-02-03,2376.200439453125,2468.2363719671544,2351.0997305856627,2468.2363719671544,6528100
2020-02-04,2376.200439453125,2426.40185718805,2351.0997305856627,2351.0997305856627,15726100
2020-02-05,2418.03466796875,2434.7684718993296,2367.833256177011,2384.567060107591,25188300
2020-02-06,2418.03466796875,2468.236079760489,2401.3008640381704,2426.40156993404,30048700
2020-02-07,2426.401611328125,2451.502317652209,2392.9340028960128,2418.034709220097,39432100
2020-02-10,2342.73291015625,2426.40194266183,2259.0638776506694,2426.40194266183,26809000
2020-02-11,2392.934326171875,2409.6681326486014,2334.3660035033326,2376.2005196951486,28109900
2020-02-12,2392.934326171875,2409.6681326486014,2334.3660035033326,2409.6681326486014,14918400
2020-02-13,2267.4306640625,2392.934206353782,2217.229247145987,2384.5673035343634,16894300
2020-02-14,2192.12890625,2259.064140028626,2133.5605766937024,2259.064140028626,25077200
2020-02-17,2217.2294921875,2233.9632996757077,2141.9273584905663,2183.761877211085,17448000
2020-02-18,2275.797607421875,2309.265219295726,2200.49548070571,2217.2292866426355,11817200
2020-02-19,2309.26513671875,2317.632039388021,2233.9630126953125,2275.797526041667,7839900
2020-02-20,2242.330322265625,2334.3662683287666,2225.5965138905085,2300.898651578533,14956100
2020-02-21,2175.39453125,2233.9628455528846,2158.6607271634616,2225.5959435096156,13942600
2020-02-24,2108.459716796875,2141.9273313492063,2100.092813158792,2133.560427711124,13293200
2020-02-25,2158.660888671875,2175.394694010417,2033.1573486328125,2074.991861979167,13474300
2020-02-26,2125.193359375,2175.394777312992,2091.7257474163384,2158.6609713336616,12914700
2020-02-27,2058.25830078125,2133.5604337366617,2024.7906861344004,2091.7259154280996,9745400
2020-02-28,2167.02783203125,2167.02783203125,1916.0207472399857,1991.322872677365,30542000
2020-03-02,2108.459716796875,2183.7618495396205,2033.1575840541295,2175.394945901538,11254300
2020-03-03,2091.725830078125,2150.2941533203125,2049.8913134765626,2116.8265400390624,15310400
2020-03-04,2125.193359375,2150.294068343996,2049.891232468012,2091.7257474163384,12409200
2020-03-05,2074.991943359375,2158.6609733335436,2041.5243313697079,2125.193361343876,10332200
2020-03-06,1932.7548828125,2049.891542376894,1924.3879785579006,2049.891542376894,22686000
2020-03-09,1757.0496826171875,1874.1863281249998,1757.0496826171875,1874.1863281249998,19039800
2020-03-10,1782.150146484375,1840.7184611575706,1669.1969681860696,1669.1969681860696,19489400
2020-03-11,1669.197265625,1832.3518855733084,1618.9958441024437,1757.0497532894738,24564900
2020-03-12,1560.4273681640625,1610.62878483422,1514.4094028830848,1581.3446251099613,15832400
2020-03-13,1506.04248046875,1572.9777018229167,1451.6576131184897,1497.6755777994792,20056500
2020-03-16,1401.456298828125,1506.0425897854477,1401.456298828125,1506.0425897854477,9633300
2020-03-17,1317.787353515625,1397.2729399181549,1305.2369977678572,1388.9060360863095,27694000
2020-03-18,1267.5859375,1351.2549762788778,1225.7514181105612,1338.7046204620463,18421000
2020-03-19,1179.7333984375,1255.0355302526596,1179.7333984375,1255.0355302526596,4997000
2020-03-20,1334.52099609375,1334.52099609375,1100.2477177826215,1179.7332943524686,43914600
2020-03-23,1242.485107421875,1296.869977443708,1242.485107421875,1296.869977443708,16354800
2020-03-24,1179.7333984375,1334.521113835328,1158.8161395999557,1238.301723182624,37792500
2020-03-26,1472.5750732421875,1472.5750732421875,1200.6506989218972,1229.9348623102362,49825000
2020-03-27,1506.04248046875,1748.6826578776042,1472.5748697916667,1506.04248046875,33266600
2020-03-30,1506.04248046875,1543.6935424804688,1401.4561971028647,1526.9597371419272,23104200
2020-03-31,1673.380615234375,1782.1503552246095,1547.877069091797,1547.877069091797,15755800
2020-04-01,1631.546142578125,1757.0496920072114,1585.5281744541264,1665.0137557592147,12908300
2020-04-02,1715.215087890625,1740.3157964939023,1598.078447741997,1673.3805735518292,10830400
2020-04-03,1798.8841552734375,1807.251058321221,1698.4813187000364,1740.3158339389536,16417900
2020-04-06,1991.322998046875,2033.1575148125655,1798.884220924698,1798.884220924698,17230100
2020-04-07,1907.6541748046875,2158.661303068462,1865.8196534273918,2049.8915474874934,26475200
2020-04-08,1849.085693359375,1890.9202113086822,1782.1504646404835,1890.9202113086822,17191900
2020-04-09,1798.8841552734375,1932.7546040379725,1765.4165430823039,1849.085573560138,13564400
2020-04-13,1815.617919921875,1840.7186284922234,1773.7834056379609,1823.9848227786579,6483900
2020-04-14,1899.2867431640625,1949.48815487765,1815.6177236414167,1815.6177236414167,14478900
2020-04-15,1865.8192138671875,2033.1572599539309,1857.4523115628504,1957.8551392148963,17678000
2020-04-16,1773.7835693359375,1882.5533165121976,1765.4166657069943,1865.8195092543115,16145900
2020-04-17,2008.0567626953125,2016.4236658732098,1823.9848927815756,1823.9848927815756,14347300
2020-04-20,1966.2222900390625,2074.992033743351,1924.3877732297208,2024.790613572141,14988800
2020-04-21,1924.3875732421875,1966.222085703974,1890.919963272758,1966.222085703974,14017300
2020-04-22,2141.92724609375,2233.963182449341,1874.1863403320312,1907.653953552246,22452100
2020-04-23,2016.423583984375,2175.3947379084543,2016.423583984375,2141.9271265560164,15180600
2020-04-24,1991.322998046875,2133.5603550502233,1974.5891913405987,2008.0568047531513,13346800
2020-04-27,2074.991943359375,2108.4595553490426,2016.4236223774574,2024.790525374874,12819400
2020-04-28,2133.560302734375,2175.394818474265,2058.2581744025733,2100.092690142463,12994700
2020-04-29,2167.02783203125,2284.1644716005067,2091.7257065938707,2091.7257065938707,21013300
2020-04-30,2125.193359375,2250.6969042199803,2125.193359375,2192.128583292323,19337500
2020-05-04,2049.8916015625,2141.9275510204084,2033.157792570153,2141.9275510204084,18170500
2020-05-05,2024.7904052734375,2100.092527783607,1999.6896977700478,2066.624917779087,13024700
2020-05-06,1941.12158203125,2041.5244224811422,1924.3877752896012,2041.5244224811422,22750500
2020-05-08,1991.322998046875,2033.1575148125655,1957.8553846343225,1966.2222879874605,15509100
2020-05-11,2008.0567626953125,2116.8265040079755,1991.3229563395184,1991.3229563395184,34528100
2020-05-12,1916.02099609375,2049.8914587029203,1907.6540921806768,2049.8914587029203,39079300
2020-05-13,2008.0567626953125,2033.157472229004,1882.5532150268555,1907.653924560547,22512700
2020-05-14,1966.2222900390625,2049.891323657746,1966.2222900390625,2008.0568068484042,8810500
2020-05-15,2058.25830078125,2066.6252044429625,1966.2223605024135,1991.3230714875508,16102900
2020-05-18,2100.092529296875,2150.293944339828,2049.891114253922,2058.2580167610804,19642400
2020-05-19,2074.991943359375,2158.6609733335436,2024.790525374874,2141.9271673387098,22573900
2020-05-20,2008.0567626953125,2091.725794474284,1991.3229563395184,2066.6250849405924,15726700
2020-05-26,2033.1572265625,2100.092443897891,2008.0565200617284,2024.7903243955761,20617900
2020-05-27,2200.49560546875,2225.596315797291,2033.1575366118109,2058.2582469403515,21257300
2020-05-28,2083.359130859375,2225.596501239332,2083.359130859375,2200.49578881934,24822200
2020-05-29,2167.02783203125,2167.02783203125,2049.8911924619933,2091.7257065938707,39056100
2020-06-02,2167.027587890625,2234.483699575936,2133.299532047969,2183.8916158119528,15722700
2020-06-03,2175.459716796875,2192.323745609254,2141.7316591721174,2183.8917312030644,11365900
2020-06-04,2234.484130859375,2251.348162035672,2175.460021742335,2183.8920373304836,27762400
2020-06-05,2301.93994140625,2318.803970281021,2200.7557681576236,2234.4838259071657,20842500
2020-06-08,2276.64404296875,2369.396207682292,2268.2120279947917,2327.2361328125003,15718800
2020-06-09,2234.484130859375,2318.804286740861,2226.0521152712263,2301.940255564564,10685100
2020-06-10,2226.052001953125,2327.236183860085,2150.163865522905,2242.9160322709517,19467600
2020-06-11,2150.163818359375,2234.4839680989585,2133.2997884114584,2226.051953125,11626200
2020-06-12,2158.595947265625,2175.4599781036377,2048.9797468185425,2082.707808494568,11645400
2020-06-15,2133.2998046875,2209.1879400321145,2099.571744534338,2150.163834764081,16195500
2020-06-16,2200.756103515625,2209.188119237907,2150.164009181932,2158.5960249042146,16326800
2020-06-17,2268.2119140625,2276.643928612918,2200.7557976591543,2234.483855860827,14320500
2020-06-18,2318.80419921875,2318.80419921875,2217.6200159801137,2276.6441228693184,9497600
2020-06-19,2352.532470703125,2360.964486727151,2285.0763425109208,2301.940374558972,16779000
2020-06-22,2293.508056640625,2369.3961908677047,2242.9159671559055,2352.532161039465,9454900
2020-06-23,2268.2119140625,2335.6680304658457,2226.0518413104087,2327.2360159154273,7044600
2020-06-24,2268.2119140625,2318.8040013650093,2251.3478849616636,2268.2119140625,7548000
2020-06-25,2226.052001953125,2268.2120777476916,2217.6199867942114,2268.2120777476916,8159900
2020-06-26,2318.80419921875,2344.100245028409,2242.916061789773,2268.212107599432,10432300
2020-06-29,2335.668212890625,2377.828288935582,2268.2120912186933,2318.804182472642,9168700
2020-06-30,2335.668212890625,2377.828288935582,2301.9401520546594,2360.9642585175993,9112600
2020-07-01,2301.93994140625,2360.9640424679487,2276.6438980940934,2360.9640424679487,4448900
2020-07-02,2293.508056640625,2318.8041013829848,2285.076041726505,2301.940071554745,5566100
2020-07-03,2335.668212890625,2352.5322433086076,2293.5081368456677,2301.9401520546594,4611100
2020-07-06,2487.4443359375,2588.6285123146185,2335.668071371822,2352.532100768008,24444700
2020-07-07,2445.2841796875,2512.740294989224,2419.9881364493535,2512.740294989224,15060700
2020-07-08,2495.876708984375,2512.740740801837,2436.852597623258,2453.7166294407198,8637100
2020-07-09,2462.148193359375,2538.036322606753,2445.2841646377356,2504.308265163474,9827200
2020-07-10,2411.556396484375,2470.580504090636,2411.556396484375,2445.284457973667,4576800
2020-07-13,2479.012451171875,2495.876481451956,2419.988345191592,2419.988345191592,5843900
2020-07-14,2504.30859375,2504.30859375,2445.284485479798,2470.580531881313,4121300
2020-07-15,2470.580322265625,2521.172410776184,2453.7162927621052,2504.308381272664,5143600
2020-07-16,2419.98828125,2495.8764155052263,2419.98828125,2470.580370753484,6349200
2020-07-17,2403.12451171875,2445.2845908717104,2344.1004009046055,2403.12451171875,5311100
2020-07-20,2419.98828125,2436.852311084495,2386.2602215810107,2403.124251415505,3809200
2020-07-21,2394.6923828125,2445.2844754071302,2394.6923828125,2419.988429109815,9268000
2020-07-22,2360.96435546875,2462.1485421316966,2352.5323399135045,2445.284511021205,11019600
2020-07-23,2377.828369140625,2419.9884466076574,2360.964338153812,2369.3963536472183,10565300
2020-07-24,2327.236083984375,2411.5562319548235,2310.372054390285,2386.2601875636888,11446400
2020-07-27,2360.96435546875,2377.828386579241,2335.668308803013,2360.96435546875,5974800
2020-07-28,2301.93994140625,2394.692100217491,2285.075912531479,2377.82807134272,14211600
2020-07-29,2141.73193359375,2285.0761968657725,2141.73193359375,2276.644181379183,57573700
2020-07-30,2108.00390625,2158.596,2032.115765625,2141.73196875,60590100
2020-08-03,2006.8197021484375,2116.4359043666295,1964.6596243722097,2108.003888811384,38058800
2020-08-04,2057.41162109375,2065.843635934298,1973.0914726882684,2006.819532050461,36354000
2020-08-05,2091.1396484375,2091.1396484375,2006.8195013230848,2057.411589591734,32538000
2020-08-06,2133.2998046875,2150.163834764081,2091.1397294960475,2116.435774610919,20712500
2020-08-07,2057.41162109375,2158.595799180328,2032.1155765721055,2133.2997546586835,26103200
2020-08-10,2065.843994140625,2082.7080267458546,2023.6839126275509,2065.843994140625,6831200
2020-08-11,2032.1156005859375,2082.707690227081,2006.8195557653657,2074.2756752868904,17850500
2020-08-12,2048.9794921875,2065.8435209297836,2032.115463445216,2048.9794921875,9634000
2020-08-13,2200.756103515625,2200.756103515625,2057.4118362368295,2074.2758676813937,58717500
2020-08-14,2150.163818359375,2226.051953125,2133.2997884114584,2200.7559082031253,47890100
2020-08-18,2124.867919921875,2167.027997698103,2116.4359043666295,2150.1639665876114,19770700
2020-08-19,2124.867919921875,2175.4600132533483,2116.4359043666295,2124.867919921875,17607900
2020-08-24,2099.572021484375,2158.5961345381525,2091.1400053338352,2133.3000860865336,13155200
2020-08-25,2091.1396484375,2141.731736706149,2091.1396484375,2141.731736706149,9946700
2020-08-26,2141.73193359375,2141.73193359375,2091.139840674213,2108.003871647392,14089700
2020-08-27,2141.73193359375,2175.459995540108,2116.4358871339814,2158.595964566929,21293200
2020-08-28,2150.163818359375,2183.8918782552087,2141.7318033854167,2167.0278483072916,17994200
2020-08-31,2057.41162109375,2175.4598288614243,2032.1155765721055,2150.16378433978,30595700
2020-09-01,2040.547607421875,2099.5717117687886,2015.251562701769,2099.5717117687886,20611800
2020-09-02,2032.1156005859375,2065.8436603467,2032.1156005859375,2040.547615526128,15335700
2020-09-03,1973.091552734375,2065.843719743256,1964.6595375517495,2048.979689378005,33632500
2020-09-04,1939.3634033203125,1973.0914625084918,1914.067358929178,1973.0914625084918,23127600
2020-09-07,1897.2032470703125,1973.091376953125,1888.771232638889,1964.6593625217015,25311600
2020-09-08,1888.771484375,1922.499546595982,1880.3394688197545,1905.635515485491,16285100
2020-09-09,1846.6114501953125,1871.907497458262,1812.8833871780464,1871.907497458262,22900900
2020-09-10,1720.131103515625,1838.1793165019915,1720.131103515625,1838.1793165019915,27586900
2020-09-11,1846.6114501953125,1871.907497458262,1618.947024828767,1661.1071036003495,38634100
2020-09-14,1914.0672607421875,1930.9312894711936,1855.0431601906664,1880.3392032841755,22762500
2020-09-15,1855.0433349609375,1922.4994562322443,1838.1793046431108,1914.0674410733309,17481300
2020-09-16,1796.01904296875,1863.475157258656,1787.5870286825118,1855.0431429724179,12124900
2020-09-17,1762.2911376953125,1821.3152427855862,1753.8591226824162,1796.0191977468976,11929300
2020-09-18,1812.88330078125,1838.179346838663,1762.2912086664246,1762.2912086664246,14899900
2020-09-21,1736.9949951171875,1821.3151405112258,1720.1309660383797,1812.8831259718218,9385900
2020-09-22,1711.69921875,1745.4272821736454,1686.403171182266,1720.1312346059112,8424800
2020-09-23,1673.755126953125,1753.8592766057934,1648.4590796943876,1720.1312135941434,22773800
2020-09-24,1627.37890625,1677.9709965997408,1618.94689119171,1644.2429363665804,14736500
2020-09-25,1656.890869140625,1677.9709056436864,1627.378818036339,1644.242847238788,18214300
2020-09-28,1694.8349609375,1711.6989903995645,1635.8108578202734,1673.754924109919,20240900
2020-09-29,1677.9710693359375,1720.131146454931,1669.5390539121388,1711.6991310311323,11958900
2020-09-30,1711.69921875,1720.1312346059112,1665.3231315424878,1694.8351870381773,13929900
2020-10-01,1855.0433349609375,1871.907365278764,1720.1310924183238,1728.5631075772371,31801300
2020-10-02,1770.7232666015625,1855.043422154018,1745.4272199358259,1855.043422154018,22525200
2020-10-05,1762.2911376953125,1804.4512127597936,1753.8591226824162,1804.4512127597936,7714500
2020-10-06,1787.58740234375,1812.8834504901238,1779.1553862949586,1796.0194183925412,8640800
2020-10-07,1838.17919921875,1838.17919921875,1762.2910671409118,1770.723081816227,16304900
2020-10-08,1855.0433349609375,1880.3393804376774,1821.315274325284,1855.0433349609375,23602800
2020-10-09,1855.0433349609375,1888.7713955965908,1846.6113198020241,1871.907365278764,17913200
2020-10-12,1863.4754638671875,1888.7715108880088,1846.611432519973,1880.3394952144017,14458100
2020-10-13,1846.6114501953125,1855.043465949629,1796.0193556694135,1846.6114501953125,10805900
2020-10-14,1863.4754638671875,1880.3394952144017,1838.179416846366,1846.611432519973,21953100
2020-10-15,1796.01904296875,1863.475157258656,1796.01904296875,1863.475157258656,18152600
2020-10-16,1796.01904296875,1821.3150858274648,1779.1550143962736,1796.01904296875,8366500
2020-10-19,1796.01904296875,1838.1791143999412,1770.7230001100352,1821.3150858274648,10254500
2020-10-20,1762.2911376953125,1812.88322777269,1753.8591226824162,1796.0191977468976,12525000
2020-10-21,1728.5631103515625,1796.0192317311357,1720.1310951791158,1779.1552013862424,11580300
2020-10-22,1779.1552734375,1779.1552734375,1720.1311648400474,1728.5631803539693,15297300
2020-10-23,1745.4271240234375,1804.4512296667422,1736.9951089315368,1796.0192145748415,13956000
2020-10-26,1720.131103515625,1770.7231947954963,1711.6990883023132,1745.4271491555608,13638200
2020-10-27,1711.69921875,1736.995266317734,1686.403171182266,1686.403171182266,16338100
2020-11-02,1694.8349609375,1720.131005130597,1686.4029462064675,1703.2669756685323,21849400
2020-11-03,1694.8349609375,1728.5630198616293,1694.8349609375,1720.131005130597,24213900
2020-11-04,1673.755126953125,1720.1312135941434,1669.5391190766688,1694.8351663354063,27511600
2020-11-05,1779.1552734375,1821.315351007109,1686.4031027843603,1703.2671338122038,95943600
2020-11-06,1838.17919921875,1855.0432285693807,1787.5871111668578,1812.8831551928038,71675400
2020-11-09,1796.01904296875,1880.3391858311327,1796.01904296875,1855.0431429724179,72118100
2020-11-10,1846.6114501953125,1863.4754817039454,1812.8833871780464,1829.7474186866796,62591600
2020-11-11,1973.091552734375,1989.955583099626,1787.5872187166133,1804.4512490818643,138426900
2020-11-12,1930.931640625,1998.3877678084061,1914.0676088291484,1981.5237360125545,35445500
2020-11-13,1930.931640625,1956.2276883187774,1897.203577033297,1922.4996247270742,22623400
2020-11-16,1956.2276611328125,1981.5237084750472,1939.3636295713227,1956.2276611328125,22309600
2020-11-17,1939.3634033203125,1998.3875068996263,1930.9313885232675,1981.5234773055365,47270300
2020-11-18,1939.3634033203125,1964.659447711447,1930.9313885232675,1939.3634033203125,20395100
2020-11-19,1939.3634033203125,1956.227432914402,1922.4993737262228,1939.3634033203125,18962300
2020-11-20,1939.3634033203125,1981.5234773055365,1930.9313885232675,1947.7954181173573,32517100
2020-11-23,2048.9794921875,2065.8435209297836,1956.227334104938,1964.6593484760801,86246300
2020-11-24,2108.00390625,2192.3240625,2074.27584375,2192.3240625,78027200
2020-11-25,2099.572021484375,2141.7321022370734,2057.4119407316766,2133.3000860865336,56208700
2020-11-26,2141.73193359375,2167.0279800535186,2082.707825187623,2082.707825187623,41247500
2020-11-27,2133.2998046875,2158.5958498023715,2116.435774610919,2158.5958498023715,44053700
2020-11-30,2032.1156005859375,2124.8677649280344,2006.8195557653657,2116.435749987844,358988600
2020-12-01,2065.843994140625,2150.164157166773,2040.5479452327804,2082.7080267458546,87903400
2020-12-02,2074.27587890625,2108.0039419778964,2032.1158000666921,2074.27587890625,110992200
2020-12-03,2040.547607421875,2082.7076819553845,2032.115592515173,2082.7076819553845,66043400
2020-12-04,2065.843994140625,2091.140043048469,2006.8198800223213,2040.5479452327804,83546400
2020-12-07,2124.867919921875,2141.731951032366,2065.8438110351562,2065.8438110351562,65723500
2020-12-08,2091.1396484375,2158.595766129032,2082.7076337260582,2141.731736706149,47643100
2020-12-10,2040.547607421875,2108.0037266754907,2023.6835776084708,2091.1396968620866,42946600
2020-12-11,2074.27587890625,2108.0039419778964,2048.9798316025153,2048.9798316025153,34539400
2020-12-14,2209.188232421875,2251.348313193285,2065.8439577990816,2091.1400062619277,245113700
2020-12-15,2276.64404296875,2301.9400878906254,2167.0278483072916,2234.4839680989585,173537800
2020-12-16,2445.2841796875,2495.876266163793,2285.0759058459053,2310.3719490840517,252281100
2020-12-17,2352.532470703125,2479.012711063508,2301.940374558972,2445.284646967406,101866300
2020-12-18,2352.532470703125,2386.260534799227,2285.0763425109208,2352.532470703125,88493100
2020-12-21,2445.2841796875,2487.4442517510774,2344.1000067349137,2352.532021147629,128295300
2020-12-22,2327.236083984375,2512.7404095193615,2310.372054390285,2487.4443651282268,97458400
2020-12-23,2285.076171875,2377.8283412130995,2192.3240025369005,2344.100279635609,61822500
2020-12-28,2369.396240234375,2377.828255324177,2251.3480289771464,2310.3721346057605,58886400
2020-12-29,2403.12451171875,2462.148622532895,2369.396448396382,2419.9885433799345,81822400
2020-12-30,2301.93994140625,2411.556129092262,2301.93994140625,2403.1241146548764,48118500
2021-01-04,2394.6923828125,2394.6923828125,2242.9161050286093,2352.532305650308,35547100
2021-01-05,2369.396240234375,2403.124300593583,2335.668179875167,2386.260270413979,24647900
2021-01-06,2310.3720703125,2403.124233719206,2276.6440108918796,2386.260204008896,37062700
2021-01-07,2301.93994140625,2369.3960569053343,2293.5079269688645,2327.2359847184066,44467300
2021-01-08,2369.396240234375,2428.4203458629895,2310.3721346057605,2327.236164785365,64480200
2021-01-11,2352.532470703125,2419.9885988953292,2344.1004546790996,2394.692550823253,41151700
2021-01-12,2327.236083984375,2377.828172766644,2318.8040691873302,2360.9641431725545,38200300
2021-01-13,2318.80419921875,2369.396290838068,2276.6441228693184,2352.5322602982956,33432500
2021-01-14,2276.64404296875,2344.100162760417,2276.64404296875,2327.2361328125003,30861900
2021-01-15,2192.32373046875,2310.3719313401443,2192.32373046875,2285.075888296274,57119200
2021-01-18,2091.1396484375,2192.3238249747983,2091.1396484375,2192.3238249747983,74290200
2021-01-19,2217.6201171875,2242.9161641516157,2040.547788438688,2108.0039136763307,89602800
2021-01-20,2167.027587890625,2242.9157135366,2133.299532047969,2234.483699575936,36460700
2021-01-21,2150.163818359375,2209.1879231770836,2124.8677734375,2192.323893229167,25922500
2021-01-22,2048.9794921875,2158.5956790123455,2040.547477816358,2150.1636646412035,43953400
2021-01-25,2023.6837158203125,2099.571855163574,1973.0916229248046,2023.6837158203125,42651600
2021-01-26,1930.931640625,2057.4118790938865,1914.0676088291484,2023.6838155021835,49666000
2021-01-27,1981.523681640625,1998.3877129737366,1905.6355406416224,1939.3636033078458,44536800
2021-01-28,1914.0672607421875,1989.9553900227147,1871.9071889196723,1939.3633038356966,37148300
2021-01-29,1871.9073486328125,1989.9555598078548,1855.0433184649494,1947.7954843881967,40832800
2021-02-01,1947.7957763671875,1956.2277927150976,1829.747547496449,1871.9076292359985,32512600
2021-02-02,1914.0672607421875,1989.9553900227147,1888.7712176486784,1964.6593469292056,21978200
2021-02-03,1973.091552734375,2006.8196134648772,1905.6354312733706,1947.7955071864983,26217900
2021-02-04,2032.1156005859375,2065.8436603467,1964.6594810644126,1973.0914960046032,57229100
2021-02-05,1998.387451171875,2057.4115531052216,1989.9554366099683,2040.5475239814082,29994800
2021-02-08,1973.091552734375,2040.5476741953792,1964.6595375517495,2023.6836438301282,27172800
2021-02-09,1964.65966796875,2023.683778165236,1947.7956364840397,2006.8197466805257,30931900
2021-02-10,1973.091552734375,2023.6836438301282,1939.3634920038728,1956.227522369124,24148800
2021-02-11,1973.091552734375,2006.8196134648772,1956.227522369124,1981.5235679170005,6941700
2021-02-15,1939.3634033203125,1998.3875068996263,1930.9313885232675,1998.3875068996263,24967300
2021-02-16,1863.4754638671875,1964.6596519504735,1838.179416846366,1939.363604929652,113296400
2021-02-17,1821.315185546875,1888.7713035300926,1812.8831707989727,1880.3392887821904,54910900
2021-02-18,1838.17919921875,1871.9072579200115,1821.3151698681193,1829.7471845434345,32259100
2021-02-19,1804.4512939453125,1846.6113709066515,1787.587263160777,1838.1793555143838,39768500
2021-02-22,1796.01904296875,1829.747100113703,1787.5870286825118,1812.8830715412266,30665800
2021-02-23,1871.9073486328125,1888.7713788006756,1796.0192128774281,1804.4512279613598,63740500
2021-02-24,1821.315185546875,1897.2033182779949,1812.8831707989727,1888.7713035300926,50930400
2021-02-25,1871.9073486328125,1880.3393637167442,1829.7472732131546,1846.6113033810177,38663200
2021-02-26,1855.0433349609375,1863.4753501198506,1821.315274325284,1829.7472894841974,35677300
2021-03-01,1871.9073486328125,1888.7713788006756,1846.6113033810177,1855.0433184649494,20313400
2021-03-02,1897.2032470703125,1914.0672759331596,1880.3392182074654,1880.3392182074654,34594800
2021-03-03,1888.771484375,1914.0675310407366,1880.3394688197545,1905.635515485491,14698600
2021-03-04,1871.9073486328125,1880.3393637167442,1838.179288297086,1871.9073486328125,19508600
2021-03-05,1846.6114501953125,1871.907497458262,1838.179434440996,1855.043465949629,20833400
2021-03-08,1838.17919921875,1871.9072579200115,1821.3151698681193,1863.475243244696,20290100
2021-03-09,1796.01904296875,1855.0431429724179,1796.01904296875,1855.0431429724179,20511500
2021-03-10,1787.58740234375,1829.7474825877064,1787.58740234375,1812.8834504901238,13536300
2021-03-12,1812.88330078125,1829.747331486192,1796.0192700763082,1804.451285428779,15503900
2021-03-15,1812.88330078125,1829.747331486192,1796.0192700763082,1821.3153161337211,11779100
2021-03-16,1871.9073486328125,1956.2274994721283,1804.4512279613598,1812.8832430452915,91487900
2021-03-17,1863.4754638671875,1897.2035265616162,1838.179416846366,1871.9074795407946,16411000
2021-03-18,1863.4754638671875,1897.2035265616162,1855.0434481935802,1863.4754638671873,24453800
2021-03-19,1863.4754638671875,1880.3394952144017,1846.611432519973,1855.0434481935802,18277000
2021-03-22,1821.315185546875,1880.3392887821904,1812.8831707989727,1871.907274034288,23015000
2021-03-23,1812.88330078125,1838.179346838663,1812.88330078125,1821.3153161337211,8768900
2021-03-24,1753.8592529296875,1829.7473936814529,1728.5632060124324,1804.4513467641978,37687100
2021-03-25,1762.2911376953125,1770.7231527082088,1694.8350175921428,1753.8591226824162,25301000
2021-03-26,1770.7232666015625,1787.5872977120534,1745.4272199358259,1779.155282156808,13398300
2021-03-29,1762.2911376953125,1787.5871827340013,1753.8591226824162,1779.155167721105,12245400
2021-03-30,1728.5631103515625,1779.1552013862424,1720.1310951791158,1770.7231862137958,18449300
2021-03-31,1762.2911376953125,1762.2911376953125,1720.1310626308314,1745.4271076695202,14612300
2021-04-01,1762.2911376953125,1779.155167721105,1736.995092656624,1762.2911376953125,9835300
2021-04-05,1745.4271240234375,1787.5871994829408,1745.4271240234375,1779.1551843910402,7686500
2021-04-06,1821.315185546875,1829.7472002947773,1745.4270528157551,1753.8590675636574,20579200
2021-04-07,1855.0433349609375,1855.0433349609375,1796.019228848544,1829.7472894841974,20134200
2021-04-08,1821.315185546875,1888.7713035300926,1821.315185546875,1855.0432445384838,18247200
2021-04-09,1821.315185546875,1855.0432445384838,1804.4511560510705,1846.6112297905815,18518700
2021-04-12,1745.4271240234375,1829.7472749424442,1728.5630938396362,1821.3152598505435,16509400
2021-04-13,1720.131103515625,1762.2911795821844,1711.6990883023132,1745.4271491555608,18775300
2021-04-14,1745.4271240234375,1753.8591391153382,1720.1310787477355,1736.9951089315368,12979800
2021-04-15,1728.5631103515625,1745.4271406964558,1711.6990800066692,1745.4271406964558,22275200
2021-04-16,1694.8349609375,1753.8590640547263,1694.8349609375,1753.8590640547263,47488800
2021-04-19,1711.69921875,1753.8592980295566,1703.2672028940888,1720.1312346059112,27001500
2021-04-20,1711.69921875,1728.5632504618227,1694.8351870381773,1711.69921875,19262600
2021-04-21,1703.2672119140625,1720.1312437151917,1694.8351960134978,1703.2672119140625,11897000
2021-04-22,1736.9949951171875,1736.9949951171875,1703.2669369595721,1703.2669369595721,14378700
2021-04-23,1720.131103515625,1736.995133942249,1703.2670730890013,1720.131103515625,11515600
2021-04-26,1711.69921875,1745.4272821736454,1703.2672028940888,1736.995266317734,11699600
2021-04-27,1703.2672119140625,1736.995275516321,1703.2672119140625,1736.995275516321,11219900
2021-04-28,1728.5631103515625,1736.9951255240092,1703.2670648342225,1703.2670648342225,17312000
2021-04-29,1762.2911376953125,1787.5871827340013,1728.5630776437276,1728.5630776437276,26099500
2021-04-30,1762.2911376953125,1779.155167721105,1745.4271076695202,1770.7231527082088,33397400
2021-05-03,1736.9949951171875,1762.2910387353988,1736.9949951171875,1753.859024195995,8858000
2021-05-04,1738.450927734375,1755.5785230815118,1729.8871300608066,1755.5785230815118,10799500
2021-05-05,1764.142333984375,1772.7061317221633,1729.887143033222,1738.4509407710102,10294200
2021-05-06,1738.450927734375,1772.7061184286483,1738.450927734375,1764.14232075508,5918700
2021-05-07,1738.450927734375,1747.0147254079434,1729.8871300608066,1738.450927734375,9839900
2021-05-10,1738.450927734375,1755.5785230815118,1738.450927734375,1738.450927734375,5405300
2021-05-11,1729.88720703125,1738.4510050858603,1721.32340897664,1738.4510050858603,10231300
2021-05-17,1695.6319580078125,1755.578542381826,1695.6319580078125,1729.8871490786773,20517300
2021-05-18,1764.142333984375,1764.142333984375,1699.9138509509633,1699.9138509509633,18465100
2021-05-19,1764.142333984375,1789.8337271977396,1721.323345295434,1755.5785362465867,28031700
2021-05-20,1901.1632080078125,1909.7270062420819,1755.578638025232,1764.1424362595017,134303900
2021-05-21,1918.2906494140625,1943.9820420401438,1849.780269077846,1901.1630543300084,70443200
2021-05-24,1909.726806640625,1926.8544013190162,1866.907819944647,1918.2906039798206,29168300
2021-05-25,1961.109619140625,1986.8010115311135,1892.5992394326556,1909.726834359648,68743200
2021-05-27,2046.7476806640625,2063.875276318155,1952.5459045665534,1969.673500220646,68682000
2021-05-28,2021.056640625,2063.875637248411,1978.237644001589,2046.7480385990466,32188200
2021-05-31,2106.6943359375,2183.7685189596036,2038.1839510289633,2038.1839510289633,101613500
2021-06-02,2209.4599609375,2218.0237592357075,2098.1305830608044,2123.8219779554265,63670500
2021-06-03,2192.33251953125,2252.2791118621826,2132.3859272003174,2209.460117340088,56949100
2021-06-04,2183.768310546875,2218.023499731924,2123.821729473039,2192.3321078431372,28430900
2021-06-07,2218.023681640625,2243.715075636462,2166.64089364895,2183.768489646175,39327600
2021-06-08,2081.0029296875,2192.332304526749,2063.8753335583847,2175.2047083976336,82070400
2021-06-09,2115.258056640625,2140.9494500411183,2029.6200786389802,2055.3114720394738,34257300
2021-06-10,2200.89599609375,2226.587389044261,2081.0028289913666,2132.3856148923883,61336900
2021-06-11,2200.89599609375,2235.151186694431,2183.7684007934095,2226.587389044261,30540200
2021-06-14,2123.822021484375,2183.7686108004664,2106.6944245369205,2183.7686108004664,22979600
2021-06-15,2140.949462890625,2175.204654296875,2098.1304736328125,2106.694271484375,26247200
2021-06-16,2277.970458984375,2295.098056420348,2140.949679496593,2175.2048743685386,98526200
2021-06-17,2218.023681640625,2295.097863628137,2175.2046916475624,2269.4064696322994,58230800
2021-06-18,2209.4599609375,2252.2789524285367,2115.258179657219,2218.0237592357075,37770000
2021-06-21,2312.225341796875,2346.4805320457176,2123.8217954282404,2175.2045808015046,80185500
2021-06-22,2380.73583984375,2397.863435813849,2320.7892539484037,2329.353051933453,68415700
2021-06-23,2355.04443359375,2389.2996253551137,2320.7892418323863,2380.7358274147728,37422900
2021-06-24,2337.916748046875,2380.7357361063414,2320.7891528230884,2380.7357361063414,16817100
2021-06-25,2337.916748046875,2355.0443432706616,2320.7891528230884,2355.0443432706616,14812100
2021-06-28,2252.27880859375,2380.7357748633553,2243.715010842443,2346.4805838581274,24892100
2021-06-29,2252.27880859375,2312.2253928528994,2235.151213091136,2252.27880859375,25759600
2021-06-30,2286.533935546875,2337.9167206153443,2235.151150478406,2252.278745501229,21387400
2021-07-01,2260.8427734375,2312.2255637428975,2226.587579900568,2286.534168590199,35634200
2021-07-02,2252.27880859375,2286.533999598978,2252.27880859375,2269.406404096364,10735800
2021-07-05,2183.768310546875,2277.9700808057596,2158.0769186580883,2252.278688916973,43171800
2021-07-06,2218.023681640625,2277.970267630912,2192.3322876447874,2226.5874796392372,36414100
2021-07-07,2226.58740234375,2252.278795447716,2218.023604642428,2218.023604642428,11669900
2021-07-08,2192.33251953125,2260.8429107666016,2158.077323913574,2235.1515140533447,28020700
2021-07-09,2226.58740234375,2235.151200045072,2175.2046161358176,2183.7684138371396,16354900
2021-07-12,2235.151123046875,2329.3528945162834,2218.023528234255,2252.2787178594945,34004200
2021-07-13,2089.56689453125,2286.5342657370647,2081.003095783171,2269.4066682409066,49178300
2021-07-14,2132.3857421875,2140.949540348896,2021.0563660893574,2072.439155057731,41389000
2021-07-15,2123.822021484375,2166.641013853012,2106.6944245369205,2140.9496184318295,17350000
2021-07-16,2132.3857421875,2158.0771366716867,2106.6943477033133,2115.258145864709,11208600
2021-07-19,2115.258056640625,2123.821854440789,2081.002865439967,2123.821854440789,16181200
2021-07-21,2115.258056640625,2149.513247841283,2098.130461040296,2115.258056640625,21375100
2021-07-22,2149.51318359375,2175.2045762263447,2132.3855885053536,2140.949386049552,20560000
2021-07-23,2098.130615234375,2166.6410026705994,2089.566816804847,2149.513405811543,23954700
2021-07-26,2063.875,2115.2577800829877,2063.875,2098.130186721992,23519000
2021-07-27,2081.0029296875,2115.25812194573,2063.8753335583847,2063.8753335583847,10169500
2021-07-28,2055.311767578125,2106.6945617675783,2038.184169514974,2089.566963704427,20385100
2021-07-29,2175.205078125,2183.7688776451773,2072.439483882874,2072.439483882874,36647700
2021-07-30,2303.661376953125,2312.2251738934715,2200.8958136689707,2200.8958136689707,67138900
2021-08-02,2269.40625,2337.9166273584906,2243.714858490566,2312.2252358490564,32009200
2021-08-03,2277.970458984375,2303.661855138334,2260.842861548402,2295.098056420348,18290200
2021-08-04,2286.533935546875,2303.6615305696982,2243.7149479898176,2286.533935546875,14578300
2021-08-05,2235.151123046875,2295.097704891044,2183.7683386090157,2295.097704891044,30263300
2021-08-06,2218.023681640625,2269.4064696322994,2209.4598836420123,2235.15127763785,13753100
2021-08-09,2192.33251953125,2269.4067096710205,2158.077323913574,2226.587715148926,22512400
2021-08-10,2175.205078125,2226.587875246063,2140.949880044291,2140.949880044291,21559000
2021-08-12,2235.151123046875,2260.8425152658046,2192.3321360153254,2200.8959334216356,19451900
2021-08-13,2200.89599609375,2277.9701749452825,2183.7684007934095,2260.842579644942,12413900
2021-08-16,2218.023681640625,2252.278873635075,2140.949499653113,2200.8960856434,27167400
2021-08-18,2295.09814453125,2295.09814453125,2158.0773597831158,2192.3325559701493,40629100
2021-08-19,2226.58740234375,2269.406390850361,2183.7684138371396,2269.406390850361,28576300
2021-08-20,2312.225341796875,2329.352936921296,2200.8959734881364,2226.5873661747682,34938900
2021-08-23,2337.916748046875,2372.171938494448,2329.3529504349817,2329.3529504349817,23561300
2021-08-24,2260.8427734375,2355.0445556640625,2235.151378284801,2355.0445556640625,19932700
2021-08-25,2295.09814453125,2303.6619435780085,2252.279149297458,2260.8429483442164,10913100
2021-08-26,2277.970458984375,2312.22565385632,2243.7152641124294,2295.098056420348,12159400
2021-08-27,2269.40625,2295.0976415094337,2200.8958726415094,2260.8424528301884,13789800
2021-08-30,2286.533935546875,2303.6615305696982,2269.406340524052,2269.406340524052,7667200
2021-08-31,2286.533935546875,2312.2253280811096,2269.406340524052,2277.9701380354636,10498000
2021-09-01,2286.533935546875,2303.6615305696982,2260.8425430126404,2295.0977330582864,6824400
2021-09-02,2295.09814453125,2346.4809388118006,2286.5343454844915,2295.09814453125,12373000
2021-09-03,2277.970458984375,2312.22565385632,2269.4066602663884,2303.661855138334,7800200
2021-09-06,2260.8427734375,2295.097966974432,2252.278975053267,2277.970370205966,8181800
2021-09-07,2260.8427734375,2277.970370205966,2226.587579900568,2260.8427734375,6058200
2021-09-08,2235.151123046875,2269.4063126721144,2209.4597308279454,2252.2787178594945,13956400
2021-09-09,2269.40625,2295.0976415094337,2183.7682783018868,2235.1510613207547,22673400
2021-09-10,2303.661376953125,2337.91656471451,2243.714798370702,2269.4061891917404,15163300
2021-09-13,2320.7890625,2329.3528597785976,2277.9700761070108,2295.0976706642064,17860500
2021-09-14,2526.320556640625,2603.3947431144065,2312.2255942134534,2312.2255942134534,116986300
2021-09-15,2569.139404296875,2603.3945963541664,2500.6290201822917,2517.7566162109374,43293600
2021-09-16,2543.447998046875,2569.1393919665406,2534.884200073653,2569.1393919665406,18520800
2021-09-17,2569.139404296875,2594.8307983398436,2534.884212239583,2560.575606282552,33427400
2021-09-20,2552.01171875,2569.139314177852,2466.3737416107383,2569.139314177852,11036600
2021-09-21,2586.26708984375,2637.6498797081954,2500.6291067363413,2509.192905047082,34245200
2021-09-22,2560.57568359375,2637.6498680497493,2552.0118853208614,2603.394674958194,35953900
2021-09-23,2552.01171875,2594.830707319631,2543.4479210360737,2586.2669096057048,9249000
2021-09-24,2526.320556640625,2569.139549126059,2500.6291611493643,2569.139549126059,9800500
2021-09-27,2474.937744140625,2569.1395267895764,2414.9911551822015,2526.3205346764166,40972800
2021-09-28,2517.7568359375,2543.4482322225767,2440.6826470822707,2466.374043367347,22298400
2021-09-29,2517.7568359375,2526.3206346991924,2466.374043367347,2517.7568359375,10395600
2021-09-30,2603.394775390625,2611.9585739938834,2440.682601928711,2483.501594945004,41813700
2021-10-01,2569.139404296875,2689.032576497396,2552.0118082682293,2594.8307983398436,34983200
2021-10-04,2577.703369140625,2603.3947648463454,2534.8843762977576,2569.1395705720515,17253000
2021-10-05,2500.629150390625,2560.575739612318,2440.682561168932,2552.011941152076,31680200
2021-10-06,2466.373779296875,2526.320364210341,2457.8099814520942,2526.320364210341,14592800
2021-10-07,2457.81005859375,2500.629049161585,2414.9910680259145,2492.065251048018,17549500
2021-10-08,2569.139404296875,2586.2670003255207,2457.810030110677,2457.810030110677,65443700
2021-10-11,2740.4150390625,2783.2340240478516,2560.5753021240234,2577.702896118164,75346600
2021-10-12,2766.10693359375,2800.362127817821,2680.468948033572,2740.4155379256968,56112700
2021-10-13,2697.596435546875,2748.979224795387,2629.086049882192,2740.415426587301,36103300
2021-10-14,2714.72412109375,2740.415516561514,2671.905128647476,2697.5965241152403,24245000
2021-10-15,2697.596435546875,2723.2878301711307,2671.905040922619,2714.7240319630455,22726200
2021-10-18,2646.213623046875,2689.0326137110637,2620.5222286483618,2689.0326137110637,22277300
2021-10-19,2637.64990234375,2680.468894264915,2586.2671120383525,2646.213700727983,19802500
2021-10-21,2637.64990234375,2689.0326926491475,2603.394708806818,2637.64990234375,33226100
2021-10-22,2663.34130859375,2689.032703853497,2620.522316494172,2654.7775101738343,47481700
2021-10-25,2637.64990234375,2680.468894264915,2586.2671120383525,2663.341297496449,29079900
2021-10-26,2637.64990234375,2654.777499112216,2603.394708806818,2637.64990234375,24317500
2021-10-27,2629.0859375,2637.6497353420195,2586.2669482899023,2629.0859375,19021100
2021-10-28,2586.26708984375,2629.0860813974546,2534.8842999793046,2629.0860813974546,20802100
2021-10-29,2637.64990234375,2646.213700727983,2586.2671120383525,2586.2671120383525,21820500
2021-11-01,2569.139404296875,2654.777384440104,2560.575606282552,2637.6497884114583,28091000
2021-11-02,2526.320556640625,2577.7033476231463,2500.6291611493643,2569.139549126059,15638300
2021-11-03,2577.703369140625,2577.703369140625,2509.192980592037,2526.320577729184,19998700
2021-11-04,2543.447998046875,2594.830785886206,2526.3204021004317,2594.830785886206,11877000
2021-11-05,2560.57568359375,2569.139481866639,2509.1928939564173,2526.320490502195,12762000
2021-11-08,2560.57568359375,2569.139481866639,2534.884288775084,2569.139481866639,8211000
2021-11-09,2603.394775390625,2637.6499698036596,2560.5757823743315,2569.1395809775904,24071600
2021-11-10,2594.8310546875,2611.9586524082097,2569.1396581064355,2611.9586524082097,16039700
2021-11-11,2569.139404296875,2586.2670003255207,2534.884212239583,2586.2670003255207,22255600
2021-11-12,2569.139404296875,2586.2670003255207,2552.0118082682293,2569.139404296875,10078900
2021-11-15,2517.7568359375,2577.7034272693454,2517.7568359375,2560.575829745961,10881400
2021-11-16,2500.629150390625,2534.8843442315924,2500.629150390625,2500.629150390625,16379200
2021-11-17,2509.19287109375,2526.3204674834683,2466.3738801194536,2526.3204674834683,9186000
2021-11-18,2449.246337890625,2509.1929265802555,2449.246337890625,2509.1929265802555,13955300
2021-11-19,2552.01171875,2569.139314177852,2449.2461461828857,2449.2461461828857,26488700
2021-11-22,2534.88427734375,2569.1394702808275,2517.756680875211,2569.1394702808275,11473700
2021-11-23,2517.7568359375,2543.4482322225767,2509.193037175808,2534.8844334608843,8565200
2021-11-24,2543.447998046875,2569.1393919665406,2500.629008180766,2500.629008180766,13356900
2021-11-25,2577.703369140625,2629.0861605520663,2552.0119734349046,2560.575772003478,37675300
2021-11-26,2526.320556640625,2577.7033476231463,2492.0653626522776,2577.7033476231463,18250800
2021-11-29,2569.139404296875,2603.3945963541664,2526.3204142252603,2526.3204142252603,54572300
2021-11-30,2629.0859375,2706.160118078176,2577.7031504478828,2586.2669482899023,44680000
2021-12-01,2629.0859375,2671.9049267100977,2603.3945439739414,2629.0859375,33311700
2021-12-02,2697.596435546875,2714.7240319630455,2603.3946552579364,2637.649848090278,41740000
2021-12-03,2689.03271484375,2723.2879086634157,2654.7775210240843,2697.5965132986667,15129800
2021-12-06,2671.905029296875,2723.287818321815,2646.213634784405,2697.5964238093447,16071200
2021-12-07,2671.905029296875,2697.5964238093447,2620.522240271935,2671.905029296875,17040200
2021-12-08,2671.905029296875,2671.905029296875,2654.777432955228,2671.905029296875,9262900
2021-12-09,2663.34130859375,2697.596502273412,2620.522316494172,2671.9051070136657,7168600
2021-12-10,2671.905029296875,2680.4688274676982,2646.213634784405,2663.3412311260518,18387300
2021-12-13,2714.72412109375,2748.979315050769,2671.905128647476,2671.905128647476,19935500
2021-12-14,2731.851318359375,2740.4151155956115,2680.4685349419574,2723.287521123139,11155800
2021-12-15,2680.468994140625,2740.415585063898,2680.468994140625,2740.415585063898,8638400
2021-12-16,2714.72412109375,2731.8517180722592,2689.0327256259857,2697.5965241152403,8021900
2021-12-17,2766.10693359375,2774.670732149768,2706.1603437016256,2714.724142257643,17248100
2021-12-20,2723.28759765625,2766.106585040782,2663.3410153179047,2766.106585040782,8881600
2021-12-21,2714.72412109375,2740.415516561514,2689.0327256259857,2723.2879195830046,9417700
2021-12-22,2689.03271484375,2714.724110208499,2680.468916388834,2714.724110208499,2688400
2021-12-23,2646.213623046875,2697.596411843902,2637.6498249140373,2689.0326137110637,4728500
2021-12-24,2637.64990234375,2663.341297496449,2629.086103959517,2646.213700727983,4162400
2021-12-27,2646.213623046875,2654.7774211797127,2586.2670361170103,2646.213623046875,6706700
2021-12-28,2629.0859375,2654.7773310260586,2620.5221396579805,2646.213533184039,4260700
2021-12-29,2680.468994140625,2706.160390250599,2629.086201920677,2637.6500006240017,9613900
2021-12-30,2714.72412109375,2714.72412109375,2654.7775316689667,2680.468927136731,12685800
2022-01-03,2706.16015625,2731.8515501384495,2680.468762361551,2723.287752175633,2956000
2022-01-04,2689.03271484375,2723.2879086634157,2680.468916388834,2706.160311753583,5378900
2022-01-05,2646.213623046875,2680.468815578226,2509.1928529214706,2671.9050174453882,14991300
2022-01-06,2543.447998046875,2646.2135737255367,2534.884200073653,2646.2135737255367,17719500
2022-01-07,2586.26708984375,2603.394686465232,2534.8842999793046,2543.4480982900454,10497500
2022-01-10,2569.139404296875,2646.213586425781,2569.139404296875,2586.2670003255207,8623900
2022-01-11,2509.19287109375,2620.5222476269196,2500.6290728988906,2552.011862068046,11313900
2022-01-12,2526.320556640625,2569.139549126059,2517.7567581435383,2560.5757506289724,4834600
2022-01-13,2586.26708984375,2620.5222830867137,2526.320501668564,2526.320501668564,5549100
2022-01-14,2646.213623046875,2697.596411843902,2586.2670361170103,2620.5222286483618,8096800
2022-01-17,2611.958251953125,2680.4686323322235,2603.3944544057376,2646.213442142674,4413700
2022-01-18,2560.57568359375,2680.468859414193,2526.320490502195,2611.9584732310827,6792900
2022-01-19,2611.958251953125,2611.958251953125,2552.011669121414,2552.011669121414,2529100
2022-01-20,2620.522216796875,2654.7774091733045,2603.39462060866,2611.9584187027676,4194100
2022-01-21,2611.958251953125,2637.649644595287,2603.3944544057376,2620.5220495005124,3348400
2022-01-24,2560.57568359375,2620.5222715039718,2543.4480870479724,2611.9584732310827,5831400
2022-01-25,2517.7568359375,2594.8310247927297,2517.7568359375,2560.575829745961,12342400
2022-01-26,2637.64990234375,2654.777499112216,2517.7567249644885,2517.7567249644885,12754900
2022-01-27,2706.16015625,2723.287752175633,2629.085974584652,2654.7773684731014,15885900
2022-01-28,2817.489501953125,2826.053299831402,2740.415321048632,2740.415321048632,51019400
2022-01-31,2843.18115234375,2886.000145601939,2817.4897563888367,2817.4897563888367,20971300
2022-02-02,2834.617431640625,2868.872627189152,2774.6708394307025,2843.1812305277567,16930200
2022-02-03,2800.362060546875,2860.3086489989487,2748.9792704450974,2834.61725394806,5710100
2022-02-04,2731.851318359375,2826.053087957974,2723.287521123139,2800.3616962492656,8016600
2022-02-07,2663.34130859375,2800.3620833123996,2663.34130859375,2731.851695953075,9868800
2022-02-08,2629.0859375,2697.5963202361563,2620.5221396579805,2654.7773310260586,13228900
2022-02-09,2629.0859375,2654.7773310260586,2611.958341815961,2646.213533184039,11534500
2022-02-10,2646.213623046875,2689.0326137110637,2611.958430515524,2629.0860267811995,12514900
2022-02-11,2637.64990234375,2663.341297496449,2611.958507191051,2646.213700727983,5340100
2022-02-14,2552.01171875,2629.0858981753354,2534.884123322148,2629.0858981753354,14164900
2022-02-15,2552.01171875,2594.830707319631,2543.4479210360737,2552.01171875,6084200
2022-02-16,2552.01171875,2577.7031118917785,2526.3203256082215,2560.5755164639263,9880500
2022-02-17,2500.629150390625,2543.448142691834,2492.065351930383,2534.8843442315924,11488200
2022-02-18,2526.320556640625,2552.0119521318857,2500.6291611493643,2500.6291611493643,8214100
2022-02-21,2466.373779296875,2552.011757744683,2466.373779296875,2526.320364210341,22300400
2022-02-22,2449.246337890625,2526.3205233487215,2432.118741122159,2474.937733043324,25197800
2022-02-23,2466.373779296875,2500.6289706759985,2449.2461836073135,2457.8099814520942,29196400
2022-02-24,2372.171875,2500.628835740072,2363.6080776173285,2474.9374435920577,36924000
2022-02-25,2449.246337890625,2483.501531427557,2380.7359508167615,2380.7359508167615,39163600
2022-03-01,2466.373779296875,2509.1927685207793,2449.2461836073135,2483.5013749864365,22596900
2022-03-02,2372.171875,2474.9374435920577,2372.171875,2457.8098488267146,26674200
2022-03-04,2346.480712890625,2414.9910986684536,2320.789318223939,2372.1721075573105,14606900
2022-03-07,2260.8427734375,2346.4807572798295,2226.587579900568,2346.4807572798295,41669900
2022-03-08,2218.023681640625,2337.916853621199,2166.64089364895,2260.842671633687,36394400
2022-03-09,2277.970458984375,2286.534257702361,2183.768673086525,2218.0238679584704,25089400
2022-03-10,2295.09814453125,2312.225742624767,2235.1515512039414,2312.225742624767,18200200
2022-03-11,2389.29931640625,2397.863113239247,2277.9699575772847,2295.097551243279,27237700
2022-03-14,2346.480712890625,2397.8635022239964,2329.353116446168,2389.2997040017676,13297000
2022-03-15,2260.8427734375,2337.9169588955965,2252.278975053267,2337.9169588955965,23263000
2022-03-16,2312.225341796875,2329.352936921296,2286.533949110243,2286.533949110243,18929100
2022-03-17,2260.8427734375,2346.4807572798295,2252.278975053267,2320.7893621271305,22038500
2022-03-18,2269.40625,2312.2252358490564,2260.8424528301884,2260.8424528301884,13142300
2022-03-21,2303.661376953125,2329.3527677741636,2277.9699861320864,2277.9699861320864,15822900
2022-03-22,2329.353271484375,2337.917070276597,2303.661875107709,2312.2256738999313,9367800
2022-03-23,2312.225341796875,2346.4805320457176,2286.533949110243,2329.352936921296,18760400
2022-03-24,2363.6083984375,2372.1721969825635,2295.0980100769925,2329.3532042572465,19910800
2022-03-25,2363.6083984375,2380.735995527627,2312.2256071671195,2372.1721969825635,28565500
2022-03-28,2389.29931640625,2432.1183005712364,2372.171722740255,2372.171722740255,28344700
2022-03-29,2363.6083984375,2397.8635926177535,2355.0445998924365,2389.29979407269,14517600
2022-03-30,2320.7890625,2380.7356434501844,2312.225265221402,2363.608048892989,11013600
2022-03-31,2269.40625,2320.789033018868,2260.8424528301884,2320.789033018868,22069300
2022-04-01,2235.151123046875,2269.4063126721144,2218.023528234255,2260.8425152658046,19629400
2022-04-04,2295.09814453125,2303.6619435780085,2235.1515512039414,2235.1515512039414,16122000
2022-04-05,2312.225341796875,2329.352936921296,2295.0977466724535,2295.0977466724535,16777500
2022-04-06,2312.225341796875,2363.6081271701387,2295.0977466724535,2303.6615442346642,16466700
2022-04-07,2277.970458984375,2337.9170500102796,2277.970458984375,2320.789452574307,15861600
2022-04-08,2303.661376953125,2329.3527677741636,2277.9699861320864,2286.533783072433,15891300
2022-04-11,2209.4599609375,2303.661742217781,2183.768566042878,2303.661742217781,32565300
2022-04-12,2200.89599609375,2235.151186694431,2183.7684007934095,2209.4597937439203,14278200
2022-04-13,2329.353271484375,2380.736064237707,2209.4600883932676,2218.0238871854895,49700000
2022-04-14,2320.7890625,2363.608048892989,2303.6614679428044,2355.044251614391,21968200
2022-04-18,2517.7568359375,2526.3206346991924,2329.3532631802723,2337.917061941964,73450800
2022-04-19,2526.320556640625,2526.320556640625,2457.81016866393,2517.7567581435383,24148700
2022-04-20,2723.28759765625,2808.9255724253144,2534.884053164308,2543.4478506412147,95096000
2022-04-21,2774.67041015625,2826.0531955295137,2671.904839409722,2723.287624782986,50212200
2022-04-22,2706.16015625,2766.1067419897154,2680.468762361551,2766.1067419897154,33912400
2022-04-25,2817.489501953125,2817.489501953125,2706.160129535524,2757.542916805186,40134600
2022-04-26,2740.4150390625,2894.5633850097656,2740.4150390625,2826.053009033203,42770200
2022-04-27,2723.28759765625,2757.5427875638757,2680.468610271718,2706.160002702437,23364600
2022-04-28,2731.851318359375,2783.234101776793,2714.7237238869025,2757.542710068084,21720800
2022-05-09,2603.394775390625,2697.59656002647,2560.5757823743315,2697.59656002647,25744500
2022-05-10,2560.57568359375,2671.9050611413045,2552.0118853208614,2603.394674958194,57369100
2022-05-11,2605.009033203125,2613.7214379964466,2561.4470092365177,2596.296628409804,20468200
2022-05-12,2430.7607421875,2605.00882406474,2430.7607421875,2605.00882406474,21577500
2022-05-13,2483.035400390625,2491.7478053042764,2387.1989463404607,2465.6105905633226,29174700
2022-05-17,2430.7607421875,2500.459974938396,2395.911125812052,2483.035166750672,16414900
2022-05-18,2361.0615234375,2456.8979690382844,2317.4995027098707,2456.8979690382844,21749900
2022-05-19,2317.499755859375,2352.3493762482376,2282.650135470512,2326.2121609565907,17144000
2022-05-20,2343.63671875,2352.349122908922,2300.07469795539,2317.499506273234,15492000
2022-05-23,2265.22509765625,2361.061544095553,2247.8002892127406,2352.3491398737983,23738300
2022-05-24,2265.22509765625,2326.211927208534,2247.8002892127406,2326.211927208534,13737100
2022-05-25,2239.087890625,2291.3623160870625,2239.087890625,2265.2251033560315,11908400
2022-05-27,2326.2119140625,2352.3491265800562,2256.51268068235,2273.9374890273875,27422300
2022-05-30,2343.63671875,2352.349122908922,2291.3622937964683,2352.349122908922,13122600
2022-05-31,2300.074951171875,2361.061786998402,2300.074951171875,2343.6369767622514,27409400
2022-06-02,2334.92431640625,2361.061528903335,2247.8002747493,2300.07469974347,42788300
2022-06-03,2300.074951171875,2387.1990023526278,2291.3625460537996,2343.6369767622514,23988000
2022-06-06,2239.087890625,2291.3623160870625,2221.663082137646,2291.3623160870625,38358200
2022-06-07,2256.512939453125,2282.650154968026,2230.375723938224,2247.8005342814913,23493100
2022-06-08,2326.2119140625,2334.9243182350187,2239.0878723373125,2265.225084854869,38782400
2022-06-09,2265.22509765625,2326.211927208534,2265.22509765625,2326.211927208534,26752200
2022-06-10,2230.375732421875,2265.225353240967,2221.663327217102,2230.375732421875,27034000
2022-06-13,2099.689453125,2178.1010924533193,2082.2646443853732,2178.1010924533193,40408400
2022-06-14,2125.82666015625,2151.963873190958,2082.264638431737,2099.6894471215423,23564400
2022-06-15,2099.689453125,2143.2514749740662,2038.702622536307,2125.82666623444,33293500
2022-06-16,2073.55224609375,2151.963885651917,2073.55224609375,2151.963885651917,20872600
2022-06-17,2029.990234375,2064.8398521325107,1960.2909988599786,2047.4150432537554,47456300
2022-06-20,2021.2777099609375,2029.9901138831829,1942.8660746607286,2029.9901138831829,31233700
2022-06-21,2178.10107421875,2195.5258828125,2029.990201171875,2029.990201171875,52556300
2022-06-22,2160.67626953125,2186.813482469128,2117.11424796812,2178.101078156502,25184700
2022-06-23,2326.2119140625,2326.2119140625,2178.101043129682,2178.101043129682,63068800
2022-06-24,2291.3623046875,2369.7739424904944,2273.9374962868346,2334.9243256891637,28862400
2022-06-27,2334.92431640625,2334.92431640625,2247.8002747493,2291.362295577775,19883200
2022-06-28,2291.3623046875,2352.349134089829,2273.9374962868346,2343.636729889496,7069900
2022-06-29,2221.6630859375,2282.649915747549,2204.238277420343,2273.9375114889704,13093700
2022-06-30,2265.22509765625,2308.787118765024,2186.813459660457,2221.663076547476,11701200
2022-07-01,2230.375732421875,2273.9377584457397,2212.950922012329,2265.225353240967,5317700
2022-07-04,2090.977294921875,2265.2254028320312,2090.977294921875,2239.088186645508,17278200
2022-07-05,2073.55224609375,2108.4018636751575,2047.4150329076942,2090.9770548844535,18523700
2022-07-06,1951.5787353515625,2056.1275961739675,1951.5787353515623,2056.1275961739675,31908700
2022-07-07,1969.003662109375,1995.1408788630392,1925.4416341866013,1951.5788509402655,21830400
2022-07-08,2003.85302734375,2038.7026452105977,1977.715813943614,1995.140622877038,29937200
2022-07-11,1960.2908935546875,2012.5653173828125,1942.866085611979,2012.5653173828125,9276700
2022-07-12,2003.85302734375,2021.2778362771737,1960.29100501019,1969.003409476902,16428700
2022-07-13,2003.85302734375,2064.8398586107337,1969.003409476902,2003.8530273437498,30265600
2022-07-14,1986.4283447265625,2056.127584892407,1969.0035346851014,2003.8531547680236,12930000
2022-07-15,2021.2777099609375,2056.127325649919,1969.003286427465,1986.4280942719556,17830600
2022-07-18,2038.70263671875,2056.1274455795938,1995.14061456664,2038.70263671875,14579700
2022-07-19,2178.10107421875,2178.10107421875,2047.4150097656252,2082.264626953125,37510200
2022-07-20,2204.23828125,2265.225111166008,2134.5390470602765,2195.5258769762845,30210700
2022-07-21,2143.25146484375,2195.525890815549,2125.826656186484,2178.1010821582827,11081000
2022-07-22,2143.25146484375,2160.676273501016,2125.826656186484,2143.25146484375,8307200
2022-07-25,2134.539306640625,2151.964117307079,2117.114495974171,2143.2517119738523,17109500
2022-07-26,2073.55224609375,2108.4018636751575,2064.8398416983982,2090.9770548844535,14518000
2022-07-27,2064.83984375,2090.9770569620255,2056.1274393459917,2073.5522481540083,11660800
2022-07-28,2073.55224609375,2117.1142680705093,2047.4150329076942,2108.4018636751575,32689100
2022-07-29,2064.83984375,2090.9770569620255,2029.9902261339664,2073.5522481540083,58053600
2022-08-01,2099.689453125,2125.82666623444,2064.839835645747,2064.839835645747,35009600
2022-08-02,2090.977294921875,2117.1145111083983,2047.415267944336,2117.1145111083983,26158200
2022-08-03,2247.800537109375,2282.650157839753,2073.5524334574857,2090.9772438226746,88429400
2022-08-04,2256.512939453125,2291.3625601396598,2212.9509135949565,2265.2253446247587,32466400
2022-08-05,2265.22509765625,2291.3623103215145,2230.3754807692308,2273.9375018780047,17187800
2022-08-08,2282.650146484375,2291.3625516236284,2239.0881207881084,2265.225336205868,22856700
2022-08-09,2273.937744140625,2334.9245801903735,2265.225338990661,2282.650149290589,30914100
2022-08-10,2369.77392578125,2378.486329920152,2195.5258430032172,2247.800267836627,50292300
2022-08-11,2395.911376953125,2404.6237819602275,2343.6369469105116,2395.911376953125,36698700
2022-08-12,2413.336181640625,2422.048586628497,2378.4865616891357,2387.1989666770082,19249000
2022-08-15,2378.486572265625,2413.336192372081,2343.6369521591687,2413.336192372081,9640700
2022-08-16,2300.074951171875,2395.911407470703,2265.225330699574,2378.4865972345524,21999600
2022-08-18,2265.22509765625,2291.3623103215145,2247.8002892127406,2291.3623103215145,9904800
2022-08-19,2265.22509765625,2317.499522986779,2239.0878849909855,2265.22509765625,12535600
2022-08-22,2204.23828125,2273.9375154397235,2186.813472702569,2265.225111166008,14000100
2022-08-23,2317.499755859375,2334.9245660538063,2212.9508946927867,2212.9508946927867,39933600
2022-08-24,2326.2119140625,2352.3491265800562,2273.9374890273875,2352.3491265800562,23467000
2022-08-25,2334.92431640625,2361.061528903335,2308.787103909165,2334.92431640625,15040200
2022-08-26,2352.34912109375,2352.34912109375,2317.4995044849534,2334.924312789352,12082800
2022-08-29,2300.074951171875,2326.2121665261006,2239.088115345348,2308.7873562899504,13251100
2022-08-30,2378.486572265625,2395.911382318853,2326.212142105941,2343.6369521591687,17098700
2022-08-31,2291.3623046875,2378.486346690827,2282.649900487167,2378.486346690827,19630000
2022-09-01,2334.92431640625,2343.636720571945,2300.07469974347,2300.07469974347,11250000
2022-09-02,2291.3623046875,2334.9243256891637,2291.3623046875,2334.9243256891637,21418900
2022-09-05,2300.074951171875,2334.924571644176,2273.937735817649,2291.3625460537996,16940500
2022-09-06,2282.650146484375,2343.6369824591484,2273.9377413451216,2300.074956762882,22382200
2022-09-07,2282.650146484375,2317.499767041388,2265.225336205868,2273.9377413451216,22786300
2022-09-08,2352.34912109375,2369.773929398148,2282.649887876157,2300.0746961805553,28372200
2022-09-09,2326.2119140625,2361.061530752575,2300.0747015449438,2352.3491265800562,18614800
2022-09-12,2300.074951171875,2334.924571644176,2291.3625460537996,2326.2121665261006,16463100
2022-09-13,2308.786865234375,2343.6364782945166,2291.362058704304,2308.786865234375,16819600
2022-09-14,2256.512939453125,2300.0749653112935,2256.512939453125,2282.650154968026,19206100
2022-09-15,2247.800537109375,2317.4997785701307,2247.800537109375,2265.225347474564,24934100
2022-09-16,2178.10107421875,2247.8003085937503,2151.963861328125,2247.8003085937503,31295200
2022-09-19,2221.6630859375,2239.0878944546566,2195.5258731617646,2204.238277420343,22894600
2022-09-20,2221.6630859375,2239.0878944546566,2212.9506816789217,2239.0878944546566,12464600
2022-09-21,2195.52587890625,2221.663091750372,2160.676261780754,2221.663091750372,12837600
2022-09-22,2221.6630859375,2221.6630859375,2178.101064644608,2186.8134689031863,10729100
2022-09-23,2178.10107421875,2221.6630957031252,2160.6762656250003,2221.6630957031252,12470300
2022-09-26,2143.25146484375,2204.238295144182,2090.977038871951,2169.388677829649,28413300
2022-09-27,2204.23828125,2230.375494071146,2151.9638556077075,2151.9638556077075,16469200
2022-09-28,2178.10107421875,2221.6630957031252,2169.388669921875,2212.95069140625,8953900
2022-09-29,2134.539306640625,2212.9509546396685,2134.539306640625,2195.5261439732144,12664700
2022-09-30,2143.25146484375,2169.388677829649,2099.6894432005843,2134.539060515117,12160200
2022-10-03,2134.539306640625,2169.388927973533,2117.114495974171,2125.826901307398,2761100
2022-10-04,2178.10107421875,2195.5258828125,2143.25145703125,2160.6762656250003,6192400
2022-10-05,2212.95068359375,2230.3754921259842,2186.8134707953986,2221.663087859867,9602600
2022-10-06,2221.6630859375,2230.3754901960783,2204.238277420343,2212.9506816789217,5034500
2022-10-07,2195.52587890625,2221.663091750372,2169.388666062128,2221.663091750372,5445600
2022-10-10,2178.10107421875,2204.238287109375,2151.963861328125,2178.10107421875,5459800
2022-10-11,2186.8134765625,2204.2382851406874,2143.251455117032,2204.2382851406874,4056500
2022-10-12,2134.539306640625,2178.1013333067604,2108.402090640944,2178.1013333067604,11140800
2022-10-13,2151.964111328125,2160.6765166371456,2125.8268954010628,2134.5393007100834,5175800
2022-10-14,2073.55224609375,2178.1010988379726,2056.127437303046,2178.1010988379726,12226000
2022-10-17,2090.977294921875,2090.977294921875,2012.5656463623047,2047.415267944336,4916100
2022-10-18,2160.67626953125,2169.388673843876,2082.264630717616,2108.401843655494,9206800
2022-10-19,2169.388671875,2204.2382890938757,2134.539054656125,2178.101076179719,7218800
2022-10-20,2230.375732421875,2247.800542831421,2169.3888959884644,2169.3888959884644,12214500
2022-10-21,2151.964111328125,2212.95094849127,2151.964111328125,2186.813732564208,11031300
2022-10-24,2090.977294921875,2160.6765380859374,2082.2648895263674,2143.251727294922,18789600
2022-10-25,2090.977294921875,2125.8269165039064,2090.977294921875,2108.4021057128907,11384000
2022-10-26,2108.402099609375,2125.8269103499483,2082.264883498515,2090.9772888688017,7115200
2022-10-27,2108.402099609375,2125.8269103499483,2090.9772888688017,2108.402099609375,8364700
2022-10-28,2134.539306640625,2151.964117307079,2117.114495974171,2117.114495974171,7293600
2022-10-31,2195.52587890625,2204.238283187624,2134.539048936632,2160.676261780754,17517800
2022-11-01,2151.964111328125,2204.2385431822495,2134.5393007100834,2195.526137873229,10588200
2022-11-02,2117.1142578125,2169.3886839313273,2099.6894491062244,2169.3886839313273,15276800
2022-11-03,2117.1142578125,2117.1142578125,2082.264640399949,2090.9770447530864,16686100
2022-11-04,2117.1142578125,2134.5390665187756,2082.264640399949,2125.826662165638,19945700
2022-11-07,2143.25146484375,2160.676273501016,2117.1142518578504,2134.539060515117,8277100
2022-11-08,2125.82666015625,2160.6762775358607,2108.401851466445,2160.6762775358607,4257500
2022-11-09,2125.82666015625,2143.2514688460556,2117.1142558113474,2125.82666015625,6960600
2022-11-10,2090.977294921875,2125.8269165039064,2082.2648895263674,2099.689700317383,13292200
2022-11-11,2090.977294921875,2117.1145111083983,2047.415267944336,2108.4021057128907,23069900
2022-11-14,2090.977294921875,2108.4021057128907,2073.5524841308593,2090.977294921875,4714800
2022-11-15,2082.2646484375,2090.977052824268,2064.8398396639645,2090.977052824268,4742700
2022-11-16,1969.003662109375,2082.2649347085867,1960.2912565248203,2082.2649347085867,23812300
2022-11-17,2003.85302734375,2021.2778362771737,1960.29100501019,1969.003409476902,22945900
2022-11-18,1995.1407470703125,2021.2779620974345,1986.4283420612717,2012.5655570883937,6242100
2022-11-21,1977.7158203125,2003.8530337968064,1969.0034158177314,2003.8530337968064,4327800
2022-11-22,1986.4283447265625,2021.2779648094845,1969.0035346851014,1977.715939705832,7665200
2022-11-23,1986.4283447265625,2003.8531547680236,1977.715939705832,1995.140749747293,2941600
2022-11-24,1977.7158203125,1995.1406293020375,1969.0034158177314,1986.4282248072689,9087600
2022-11-25,1925.4415283203125,1986.428364058965,1925.4415283203123,1969.0035538479212,21914900
2022-11-28,1925.4415283203125,1960.2911487423994,1916.7291232147907,1934.153933425834,10058200
2022-11-29,1916.72900390625,1934.1538130326705,1881.8793856534091,1916.72900390625,12380200
2022-11-30,1890.591796875,1951.578629032258,1890.5917968749998,1916.729010656682,12061000
2022-12-01,1960.2908935546875,1969.0032975260417,1890.591661783854,1890.591661783854,19018000
2022-12-02,2003.85302734375,2003.8530273437498,1934.1537916100542,1969.003409476902,22752600
2022-12-05,2003.85302734375,2038.7026452105977,1977.715813943614,2003.8530273437498,27456300
2022-12-06,1995.1407470703125,2012.5655570883937,1969.0035320431905,2003.853152079353,20697100
2022-12-07,1934.15380859375,1995.1406403962555,1934.15380859375,1977.7158313098255,16954800
2022-12-08,1890.591796875,1934.15381984447,1855.7421784994237,1934.15381984447,26063000
2022-12-09,1803.4677734375,1899.3042251660627,1803.4677734375,1890.591820463466,32015900
2022-12-12,1803.4677734375,1847.029796950483,1777.33055932971,1803.4677734375,27706600
2022-12-13,1759.90576171875,1829.6049998066212,1751.1933569577661,1803.4677855236696,31302700
2022-12-14,1812.18017578125,1820.8925804725059,1768.61815232497,1777.3305570162258,19776200
2022-12-15,1786.0428466796875,1812.180059070122,1777.3304425495428,1812.180059070122,10583600
2022-12-16,1751.1932373046875,1794.7552581331622,1751.1932373046875,1768.6180456360773,19216200
2022-12-19,1786.0428466796875,1803.4676549399771,1759.9056342892532,1759.9056342892532,14663400
2022-12-20,1829.60498046875,1847.0297898065478,1786.042957124256,1786.042957124256,16152400
2022-12-21,1803.4677734375,1829.6049875452898,1794.7553687349032,1829.6049875452898,11443400
2022-12-22,1829.60498046875,1847.0297898065478,1803.4677664620538,1820.8925757998513,42673100
2022-12-23,1812.18017578125,1829.604985163762,1803.467771089994,1820.8925804725059,18530800
2022-12-26,1812.18017578125,1820.8925804725059,1786.042961707482,1812.18017578125,7811300
2022-12-27,1855.7421875,1916.7290199530516,1803.4677596830986,1812.180164319249,32160300
2022-12-28,1873.1668701171875,1890.591678211301,1838.3172539289608,1855.7420620230741,14405100
2022-12-29,1864.45458984375,1908.0166129709403,1838.3173759674357,1873.166994469188,14047000
2022-12-30,1864.45458984375,1899.3042083455023,1864.45458984375,1873.166994469188,11469100
2023-01-02,1890.591796875,1890.5917968749998,1847.0297739055297,1855.7421784994237,6972100
2023-01-03,2047.4151611328125,2073.5523759557846,1890.59187219498,1890.59187219498,46974300
2023-01-04,2038.70263671875,2056.1274455795938,2012.565423427484,2038.70263671875,14346400
2023-01-05,1995.1407470703125,2047.4151771245565,1916.7291019889465,2038.7027721155157,23833000
2023-01-06,1969.003662109375,1986.4284732784845,1934.154039771156,1977.7160676939297,14351800
2023-01-09,1995.1407470703125,2021.2779620974345,1969.0035320431905,1969.0035320431905,10488600
2023-01-10,2003.85302734375,2029.9902407438858,1986.428218410326,1995.140622877038,8435100
2023-01-11,2021.2777099609375,2038.7025178054282,1986.4280942719556,1995.1404981942012,10083900
2023-01-12,1995.1407470703125,2029.990367106475,1969.0035320431905,2021.2779620974345,10153300
2023-01-13,1977.7158203125,2003.8530337968064,1960.2910113229627,2003.8530337968064,5970600
2023-01-16,1995.1407470703125,2047.4151771245565,1977.715937052231,1977.715937052231,16139700
2023-01-17,2003.85302734375,2038.7026452105977,1995.140622877038,2012.5654318104619,12973000
2023-01-18,2047.4151611328125,2090.977185837766,2012.5655413688496,2012.5655413688496,18923000
2023-01-19,2099.689453125,2125.82666623444,2047.4150269061204,2064.839835645747,31522500
2023-01-20,2056.12744140625,2108.40186788268,2047.4150369935116,2099.6894634699415,13269100
2023-01-24,2056.12744140625,2073.5522502317267,2021.2778237552966,2056.12744140625,8925500
2023-01-25,2029.990234375,2064.8398521325107,2021.2778299356223,2056.127447693133,10480300
2023-01-26,2003.85302734375,2047.4150496773098,1977.715813943614,2021.2778362771737,18032000
2023-01-27,1995.1407470703125,2038.7027721155157,1995.1407470703125,2012.5655570883937,10512200
2023-01-30,1951.5787353515625,1995.1407606942312,1942.8663302830287,1995.1407606942312,13090300
2023-01-31,2003.85302734375,2029.9902407438858,1951.5786005434782,1951.5786005434782,16644400
2023-02-01,1986.4283447265625,2029.990369830215,1977.715939705832,2003.8531547680236,8365700
2023-02-02,1942.8662109375,2003.8530426709642,1934.153806404148,1986.4282336042602,20424400
2023-02-03,1951.5787353515625,1977.7159505571638,1942.8663302830287,1951.5787353515623,8345500
2023-02-06,2003.85302734375,2029.9902407438858,1934.1537916100542,1942.8661960767663,25165800
2023-02-07,2012.5654296875,2038.702643060065,1986.428216314935,2003.8530252299784,12082000
2023-02-08,1986.4283447265625,2021.2779648094845,1969.0035346851014,2021.2779648094845,10777900
2023-02-09,1951.5787353515625,2003.853165762765,1951.5787353515623,1986.4283556256973,13029600
2023-02-10,1960.2908935546875,1977.715701497396,1925.441277669271,1951.5784895833333,13840200
2023-02-13,2003.85302734375,2021.2778362771737,1951.5786005434782,1960.29100501019,14418200
2023-02-14,1977.7158203125,2012.565438291575,1969.0034158177314,2003.8530337968064,7385500
2023-02-15,1969.003662109375,1995.1408788630392,1951.5788509402655,1977.7160676939297,6466900
2023-02-16,1986.4283447265625,2003.8531547680236,1977.715939705832,1977.715939705832,10073700
2023-02-17,1960.2908935546875,2003.8529134114583,1960.2908935546875,1986.4281054687501,13281300
2023-02-20,2038.70263671875,2082.26465887086,1977.715805705796,1977.715805705796,62751200
2023-02-21,2047.4151611328125,2073.5523759557846,2029.990351250831,2038.7027561918217,19666000
2023-02-22,1986.4283447265625,2047.4151798716762,1986.4283447265625,2047.4151798716762,13594500
2023-02-23,1977.7158203125,2003.8530337968064,1960.2910113229627,1995.1406293020375,15443600
2023-02-24,1986.4283447265625,1995.140749747293,1960.2911296643708,1995.140749747293,7644100
2023-02-27,1890.591796875,1977.71584281394,1890.5917968749998,1977.71584281394,36713500
2023-02-28,1820.892578125,1890.5918155651914,1812.180173444976,1890.5918155651914,53205600
2023-03-01,1794.75537109375,1838.3173946639868,1786.0429663797026,1829.6049899499394,29548100
2023-03-02,1812.18017578125,1829.604985163762,1794.755366398738,1803.467771089994,17353200
2023-03-03,1820.892578125,1855.7421968450956,1803.467768764952,1829.6049828050238,17107100
2023-03-06,1794.75537109375,1829.6049899499394,1786.0429663797026,1829.6049899499394,14658900
2023-03-07,1812.18017578125,1812.18017578125,1786.042961707482,1803.467771089994,21597200
2023-03-08,1794.75537109375,1812.1801805218447,1777.3305616656553,1812.1801805218447,11512700
2023-03-09,1803.4677734375,1820.8925828426932,1794.7553687349032,1794.7553687349032,7914500
2023-03-10,1803.4677734375,1812.1801781400966,1768.6181546271134,1794.7553687349032,9468400
2023-03-13,1803.4677734375,1829.6049875452898,1768.6181546271134,1803.4677734375,20014400
2023-03-14,1759.90576171875,1812.1801902846535,1751.1933569577661,1803.4677855236696,17463500
2023-03-15,1655.35693359375,1786.0430072985198,1655.35693359375,1742.4809827302631,49887700
2023-03-16,1629.2197265625,1685.8503587692178,1620.5073216076203,1655.356941427139,23769800
2023-03-17,1698.9188232421875,1786.0428654597356,1642.2881958007813,1642.2881958007813,52254700
2023-03-20,1655.35693359375,1716.3437679893093,1655.35693359375,1698.9189581620067,14084200
2023-03-21,1786.0428466796875,1786.0428466796875,1664.06918885766,1664.06918885766,19655100
2023-03-24,1742.48095703125,1794.7553857421876,1733.7685522460938,1786.0429809570312,13530400
2023-03-27,1733.7684326171875,1768.6180493532113,1733.7684326171875,1751.1932409851995,8846300
2023-03-28,1786.0428466796875,1803.4676549399771,1738.124623963891,1751.1932301591082,15172800
2023-03-29,1777.33056640625,1794.7553758808212,1751.1933521943934,1786.0429711435356,11055300
2023-03-30,1759.90576171875,1812.1801902846535,1742.480952196782,1786.0429760017016,16152600
2023-03-31,1725.05615234375,1768.6181763928346,1720.6999499388417,1759.9057715830177,14574000
2023-04-03,1751.1932373046875,1759.9056414703823,1733.7684289732974,1733.7684289732974,7457900
2023-04-04,1729.412353515625,1751.193365524638,1725.0561511138224,1751.193365524638,13960400
2023-04-05,1729.412353515625,1742.4809607210327,1707.631341506612,1729.412353515625,8278600
2023-04-06,1707.63134765625,1751.1933718311543,1707.63134765625,1729.4123597437022,10536600
2023-04-10,1633.5758056640625,1707.6312421875,1620.50719921875,1703.2750400390626,37120100
2023-04-11,1585.65771484375,1642.288347516741,1550.808094737294,1637.932145003434,67119800
2023-04-12,1598.726318359375,1611.7949258663998,1576.945305847667,1585.6577108523502,44743900
2023-04-13,1568.2327880859375,1603.0824055989583,1559.5203837076824,1603.0824055989583,37007100
2023-04-14,1572.5889892578125,1594.3700001893612,1563.876584885193,1576.9451914441222,20828000
2023-04-17,1555.1641845703125,1585.6575999540441,1550.8079823726364,1572.5889933610163,24663400
2023-04-18,1563.876708984375,1581.3015191123345,1555.164303920395,1559.520506452385,19317400
2023-04-26,1537.7393798828125,1572.5889975572104,1524.6707732549132,1568.2327953479107,35643700
2023-04-27,1533.3831787109375,1563.8765941966665,1529.0269764986906,1550.8079875599256,35508500
2023-04-28,1524.6707763671875,1542.0955852399552,1511.6021697126116,1537.7393830217634,31675900
2023-05-02,1507.2459716796875,1537.7393872917044,1489.8211627585351,1524.67078060084,18970400
2023-05-03,1585.65771484375,1603.082524896978,1476.7526520110748,1507.2460696042237,65730000
2023-05-04,1594.3702392578125,1611.7950506158215,1568.2330222207993,1590.0140364183103,59075600
2023-05-05,1581.3013916015625,1603.0824025051654,1546.4517741557981,1594.3699981437242,26565600
2023-05-08,1576.9453125,1607.4387301450276,1559.520502417127,1581.3015150207182,15453500
2023-05-09,1659.713134765625,1681.4941470328904,1585.6576930569227,1585.6576930569227,74317200
2023-05-10,1655.35693359375,1677.1379458778783,1611.7949090254936,1677.1379458778783,39121900
2023-05-11,1703.2750244140625,1733.7684391733937,1685.8502159801592,1698.9188223055867,49376300
2023-05-12,1711.987548828125,1720.6999536567669,1685.8503343421994,1703.2751439994831,21202800
2023-05-15,1690.20654296875,1711.987555120409,1668.4255308170907,1711.987555120409,33842700
2023-05-16,1705.3453369140625,1718.7031332867575,1687.5349417504692,1709.7979357049608,8171000
2023-05-17,1745.418701171875,1754.3238986268334,1696.440115169603,1705.3453126245615,20789100
2023-05-19,1789.9447021484375,1807.7550971946905,1727.6083194865516,1736.513517009678,37180000
2023-05-22,1789.9447021484375,1807.7550971946905,1754.3239120559313,1789.9447021484375,22524200
2023-05-23,1727.6082763671875,1789.94465747322,1723.1556777167566,1789.94465747322,16178000
2023-05-24,1732.0609130859375,1767.6817030722807,1718.7031168410588,1736.5135118342305,16879800
2023-05-25,1749.871337890625,1763.2291343630725,1736.5135414181775,1740.9661402423267,11609300
2023-05-26,1727.6082763671875,1776.5868615219274,1727.6082763671875,1758.7764669202038,14067100
2023-05-29,1732.0609130859375,1758.776505575695,1727.6083143376447,1727.6083143376447,7673400
2023-05-30,1754.323974609375,1798.8499638126586,1736.5135789280614,1736.5135789280614,21507800
2023-05-31,1767.6817626953125,1789.9447571876967,1732.0609715074977,1763.2291637968356,24005100
2023-06-05,1767.6817626953125,1776.5869604922661,1745.4187682029283,1772.1343615937894,14185600
2023-06-06,1754.323974609375,1789.9447659720017,1740.9661778483899,1767.6817713703601,18194000
2023-06-07,1825.5654296875,1843.3758241234755,1736.513457507622,1758.7764505525915,41848200
2023-06-08,1887.90185546875,1896.8070529002064,1825.5654734485554,1825.5654734485554,47900300
2023-06-09,1825.5654296875,1878.9966129954269,1825.5654296875,1878.9966129954269,14773900
2023-06-12,1816.660400390625,1861.1863905962775,1807.7552023494943,1834.470796472886,11549900
2023-06-13,1825.5654296875,1878.9966129954269,1781.0394435975609,1781.0394435975609,28018200
2023-06-14,1789.9447021484375,1852.2810848103234,1781.0395046253109,1852.2810848103234,25797500
2023-06-15,1798.849853515625,1816.6602481048885,1781.0394589263615,1807.7550508102568,13298100
2023-06-16,1798.849853515625,1843.375839988784,1798.849853515625,1807.7550508102568,16935800
2023-06-19,1754.323974609375,1834.4707551752854,1745.4187767687183,1807.7551616533153,18131300
2023-06-20,1749.871337890625,1776.5869308355202,1736.5135414181775,1754.3239367147742,11849900
2023-06-21,1740.966064453125,1754.3238603440698,1727.6082685621805,1745.41866308344,13067500
2023-06-22,1718.7030029296875,1754.3237905551732,1709.797806023316,1740.965995195616,14034400
2023-06-23,1718.7030029296875,1727.608199836059,1705.3452075701302,1718.7030029296875,10522100
2023-06-26,1763.22900390625,1772.1342008956753,1714.2504204644097,1718.7030189591223,19824700
2023-06-27,1740.966064453125,1781.039452125959,1740.966064453125,1767.6816562350145,11248300
2023-07-03,1745.418701171875,1754.3238986268334,1727.6083062619578,1740.9661024443956,7452600
2023-07-04,1758.7764892578125,1763.2290879647944,1732.0608970159217,1745.4186931368672,11185800
2023-07-05,1781.0394287109375,1798.8498229980469,1740.9660415649414,1758.7764358520508,23977100
2023-07-06,1816.660400390625,1852.281192555147,1781.039608226103,1781.039608226103,32329200
2023-07-07,1834.470703125,1834.470703125,1789.944715185073,1825.5655055370146,23596300
2023-07-10,1807.755126953125,1852.2811153017242,1807.755126953125,1834.4707199622844,8067900
2023-07-11,1816.660400390625,1834.470796472886,1789.9448062672334,1816.660400390625,11391000
2023-07-12,1825.5654296875,1852.2810213414634,1816.6602324695123,1834.4706269054877,6093400
2023-07-13,1789.9447021484375,1843.3758872871967,1781.0395046253109,1825.5654922409437,11336800
2023-07-14,1807.755126953125,1816.6603246228449,1781.0395339439656,1789.9447316136855,8069800
2023-07-17,1807.755126953125,1834.4707199622844,1807.755126953125,1816.6603246228449,10644700
2023-07-18,1781.0394287109375,1816.6602172851562,1781.0394287109375,1807.7550201416016,10963200
2023-07-20,1843.3758544921875,1861.1862492215805,1767.6816768922668,1781.0394729393115,17754200
2023-07-21,1834.470703125,1861.1862958889565,1825.5655055370146,1843.3759007129854,8991100
2023-07-24,1825.5654296875,1843.3758241234755,1807.7550352515243,1834.4706269054877,8609900
2023-07-25,1816.660400390625,1825.5655984317555,1789.9448062672334,1825.5655984317555,11453600
2023-07-26,1843.3758544921875,1870.091446586277,1798.8498676687047,1825.5654597627943,19164800
2023-07-27,1843.3758544921875,1887.9018413156703,1825.5654597627943,1852.281051856884,28069900
2023-07-28,2003.6693115234375,2030.38490234375,1870.091357421875,1878.9965543619792,117144400
2023-07-31,2021.479736328125,2066.005721709802,1994.764145099119,2021.479736328125,55651900
2023-08-01,2030.3851318359375,2066.005923622533,1941.333152369449,2021.4799338892885,49265400
2023-08-02,2039.2901611328125,2048.1953583429995,2003.6693722920645,2048.1953583429995,25295200
2023-08-03,2021.479736328125,2048.1953275571313,2003.6693421754544,2021.479736328125,13027300
2023-08-04,2021.479736328125,2039.2901304807958,1976.9537509464483,2021.479736328125,16506500
2023-08-07,2021.479736328125,2021.479736328125,1985.8589480227836,2021.479736328125,10282500
2023-08-08,2074.9111328125,2083.8163308074036,2012.574746848176,2021.4799448430792,23182300
2023-08-09,2074.9111328125,2119.437122787017,2074.9111328125,2083.8163308074036,34842900
2023-08-10,2074.9111328125,2092.7215288023067,2057.100736822693,2074.9111328125,15824400
2023-08-11,2030.3851318359375,2101.6267154091283,2003.6695379959908,2083.8163195158304,16952100
2023-08-14,1994.7642822265625,2030.3850729806081,1976.9538868495395,2030.3850729806081,21743600
2023-08-15,2030.3851318359375,2039.2903297825862,1976.9539441560444,1994.764340049342,19205500
2023-08-16,2092.721435546875,2101.626633144947,2039.2902499584443,2039.2902499584443,31353500
2023-08-18,2155.05810546875,2155.05810546875,2074.911316422392,2092.721713988249,69293500
2023-08-21,2137.24755859375,2163.9631530761717,2074.911171468099,2163.9631530761717,39489000
2023-08-22,2128.342041015625,2155.0576314886243,2101.6264505426257,2137.2472378399584,16854700
2023-08-23,2137.24755859375,2155.0579549153645,2119.4371622721355,2128.3423604329428,21327800
2023-08-24,2119.43701171875,2146.15260430344,2101.62661666229,2137.24740677521,6029500
2023-08-25,2119.43701171875,2128.34220924698,2066.00582654937,2128.34220924698,10925500
2023-08-28,2190.6787109375,2208.4891069613823,2128.3423248539125,2128.3423248539125,44942700
2023-08-29,2217.394287109375,2226.2994850495734,2181.773495348582,2208.4890891691766,36006500
2023-08-30,2279.730712890625,2279.730712890625,2217.394326210022,2226.299524307251,42600800
2023-08-31,2226.29931640625,2279.7305,2181.773330078125,2279.7305,20503200
2023-09-01,2172.8681640625,2226.2993484246927,2146.1525718814037,2226.2993484246927,17859400
2023-09-04,2181.7734375,2199.583832908163,2146.1526466836735,2172.8682397959183,10722900
2023-09-05,2217.394287109375,2270.825474750565,2181.773495348582,2199.5838912289782,23143900
2023-09-06,2208.48876953125,2244.109556136593,2181.773179577243,2235.204359485257,11197000
2023-09-07,2030.3851318359375,2208.4890907689146,2012.5747359426398,2208.4890907689146,56869100
2023-09-08,2083.816162109375,2101.6265566573184,1985.8589920956863,2030.384978465545,48709800
2023-09-11,2128.342041015625,2155.0576314886243,2083.8160568939593,2083.8160568939593,28746600
2023-09-12,2092.721435546875,2137.247423537234,2083.8162379488035,2128.3422259391623,13401000
2023-09-13,2119.43701171875,2137.24740677521,2074.9110240776,2092.72141913406,14602100
2023-09-14,2128.342041015625,2137.2472378399584,2066.005663245293,2119.436844191292,25568300
2023-09-15,2092.721435546875,2137.247423537234,2092.721435546875,2137.247423537234,15771400
2023-09-18,2074.9111328125,2119.437122787017,2074.9111328125,2101.6267267972103,10314400
2023-09-19,2048.1953125,2083.816100543478,2048.1953125,2074.9109035326087,11495400
2023-09-20,2083.816162109375,2110.53175393129,2039.2901757395166,2048.1953730134883,23689300
2023-09-21,2092.721435546875,2119.4370283410904,2083.8162379488035,2092.721435546875,13913600
2023-09-22,2163.962890625,2199.5836789480454,2092.7213139789096,2092.7213139789096,20290800
2023-09-25,2119.43701171875,2226.2993820575107,2119.43701171875,2190.67859194459,13019600
2023-09-26,2083.816162109375,2163.96293757512,2074.9109648354033,2128.3421484792334,6963900
2023-09-27,2101.626708984375,2119.4371048232256,2057.1007193872483,2083.8163131455244,6493700
2023-09-29,2119.43701171875,2137.24740677521,2092.72141913406,2110.53181419052,5154400
2023-10-02,2146.152587890625,2190.6785751912603,2110.531798050117,2119.436995510244,20058500
2023-10-03,2172.8681640625,2181.773361456199,2137.2473744877047,2146.1525718814037,9120600
2023-10-04,2110.53173828125,2181.773315944752,2092.7213438653744,2172.8681187368143,6605200
2023-10-05,2110.53173828125,2199.5837103606277,2101.626541073312,2128.3421326971256,14876300
2023-10-06,2101.626708984375,2146.1526985815017,2101.626708984375,2110.5319069038,2608100
2023-10-09,2101.626708984375,2137.247500662076,2101.626708984375,2101.626708984375,2834200
2023-10-10,2110.53173828125,2128.3421326971256,2101.626541073312,2119.436935489188,4889600
2023-10-11,2119.43701171875,2172.86819688813,2110.53181419052,2110.53181419052,13453400
2023-10-12,2119.43701171875,2155.05780183167,2110.53181419052,2128.34220924698,5419400
2023-10-13,2119.43701171875,2155.05780183167,2110.53181419052,2137.24740677521,13912700
2023-10-16,2119.43701171875,2137.24740677521,2092.72141913406,2119.43701171875,6976100
2023-10-17,2119.43701171875,2137.24740677521,2110.53181419052,2119.43701171875,9155300
2023-10-18,2048.1953125,2137.2472826086955,2003.6693274456522,2137.2472826086955,24625900
2023-10-19,1994.7642822265625,2048.195468357631,1985.8590845380509,2048.195468357631,8571400
2023-10-20,1959.1434326171875,1994.7642223011364,1941.3330377752131,1994.7642223011364,17707000
2023-10-23,1941.3330078125,1959.143402379587,1852.281034977064,1959.143402379587,27495200
2023-10-24,1950.2384033203125,1959.1436015089896,1896.8072141882492,1941.3332051316352,8637100
2023-10-25,1896.8070068359375,1968.048584557475,1878.996612405553,1959.1433873422827,15718800
2023-10-26,1861.1861572265625,1896.8069449246786,1807.7549756793885,1896.8069449246786,21167700
2023-10-27,1887.90185546875,1905.7122503316627,1834.4706708800118,1861.1862631743809,6418000
2023-10-30,1825.5654296875,1896.8070074314023,1816.6602324695123,1878.9966129954269,7205600
2023-10-31,2021.479736328125,2021.479736328125,1781.0394152670706,1825.5654006487473,23836800
2023-11-01,1834.470703125,1959.1434693567962,1834.470703125,1959.1434693567962,13000300
2023-11-02,1807.755126953125,1870.0915106411637,1807.755126953125,1870.0915106411637,12297600
2023-11-03,1825.5654296875,1843.3758241234755,1798.8498380335366,1816.6602324695123,17993200
2023-11-06,1878.9967041015625,1923.5226923504147,1843.375913502481,1843.375913502481,31670100
2023-11-07,1878.9967041015625,1896.8070994011034,1843.375913502481,1878.9967041015625,12598100
2023-11-08,1923.5224609375,1941.3328540943287,1852.2808883101852,1887.9016746238426,6942500
2023-11-09,1932.4278564453125,1985.8590414161506,1923.5226589501726,1941.3330539404521,13540600
2023-11-10,1976.953857421875,2012.5746476456925,1905.7122769742398,1932.427869642103,14327900
2023-11-13,1959.1434326171875,2039.2902094060726,1923.5226429332388,1976.953827459162,13008500
2023-11-14,1923.5224609375,1959.1432472511574,1923.5224609375,1959.1432472511574,5152700
2023-11-15,1914.617431640625,1994.7642078488373,1905.712234284157,1941.333023710029,12540100
2023-11-16,1870.091552734375,1914.6175420851935,1861.1863548642114,1914.6175420851935,19703100
2023-11-17,1852.2811279296875,1905.7123143122747,1852.2811279296875,1870.09152339055,10755900
2023-11-20,1861.1861572265625,1887.9017480001496,1852.2809603020335,1852.2809603020335,2841100
2023-11-21,1843.3758544921875,1870.091446586277,1825.5654597627943,1861.1862492215805,7170000
2023-11-22,1843.3758544921875,1905.7122360450633,1834.4706571274908,1843.3758544921875,15668700
2023-11-23,1861.1861572265625,1896.8069449246786,1825.5653695284466,1852.2809603020335,25714200
2023-11-24,1852.2811279296875,1878.9967211209812,1834.4707324688252,1861.1863256601187,12956200
2023-11-27,1870.091552734375,1878.9967506045386,1843.3759591238838,1861.1863548642114,9003200
2023-11-28,1914.617431640625,1932.427826353561,1861.1862475018168,1870.0914448582848,16657100
2023-11-29,1923.5224609375,1932.4276575159142,1887.9016746238426,1923.5224609375,9142700
2023-11-30,1887.90185546875,1932.4278426260319,1887.90185546875,1932.4278426260319,13509400
2023-12-01,1852.2811279296875,1896.8071165818435,1852.2811279296875,1887.9019188514123,15771700
2023-12-04,1843.3758544921875,1870.091446586277,1807.7550650334013,1852.281051856884,26251100
2023-12-05,1825.5654296875,1852.2810213414634,1816.6602324695123,1843.3758241234755,16769300
2023-12-06,1905.7122802734375,1932.427872987551,1834.4706997024678,1834.4706997024678,37650700
2023-12-07,1843.3758544921875,1914.61743340976,1807.7550650334013,1914.61743340976,31625900
2023-12-08,1816.660400390625,1852.281192555147,1807.7552023494943,1843.3759945140164,19201100
2023-12-11,1732.0609130859375,1825.5654868000884,1723.1557155893518,1816.6602893035026,24475600
2023-12-12,1718.7030029296875,1745.4185936488018,1709.797806023316,1732.0607982892445,20299700
2023-12-13,1714.2506103515625,1736.5136052911932,1691.9876154119318,1718.7032093394887,14930200
2023-12-14,1732.0609130859375,1763.229104323988,1714.250518092766,1714.250518092766,13505600
2023-12-15,1718.7030029296875,1754.3237905551732,1714.2504044765017,1736.5133967424304,19400100
2023-12-18,1687.534912109375,1727.6083005235819,1678.6297146839956,1718.7031030982025,19988200
2023-12-19,1732.0609130859375,1749.8713080791092,1687.5349256030086,1687.5349256030086,11357800
2023-12-20,1758.7764892578125,1776.5868840857397,1718.7031008949764,1736.5134957229036,32212600
2023-12-21,1763.22900390625,1772.1342008956753,1749.8712084221117,1763.22900390625,30809900
2023-12-22,1789.9447021484375,1816.6602947178171,1758.7765108174945,1767.681708340621,39439900
2023-12-27,1754.323974609375,1807.7551616533153,1749.8713756890465,1789.9447659720017,16322000
2023-12-28,1754.323974609375,1758.7765735297032,1745.4187767687183,1754.323974609375,22839400
2023-12-29,1781.0394287109375,1781.0394287109375,1749.871238708496,1754.3238372802734,13669900
2024-01-02,1781.0394287109375,1816.6602172851562,1767.6816329956055,1781.0394287109375,17268500
2024-01-03,1825.5654296875,1843.3758241234755,1781.0394435975609,1781.0394435975609,33557500
2024-01-04,1861.1861572265625,1896.8069449246786,1816.6601726039175,1825.5653695284466,43128400
2024-01-05,1870.091552734375,1887.9019484747023,1843.3759591238838,1861.1863548642114,27968900
2024-01-08,1878.9967041015625,1923.5226923504147,1870.0915064517922,1896.8070994011034,19284900
2024-01-09,1878.9967041015625,1896.8070994011034,1870.0915064517922,1878.9967041015625,10259600
2024-01-10,1914.617431640625,1941.333023710029,1870.0914448582848,1878.996642214753,42369900
2024-01-11,2030.3851318359375,2057.100725675884,1923.5227564761512,1932.4279544228002,77067500
2024-01-12,1959.1434326171875,2030.3850119850854,1941.3330377752131,2030.3850119850854,37004700
2024-01-15,2030.3851318359375,2066.005923622533,1941.333152369449,1959.1435482627467,28710100
2024-01-16,2021.479736328125,2048.1953275571313,2003.6693421754544,2003.6693421754544,13345100
2024-01-17,2003.6693115234375,2021.4797054036458,1976.9537207031249,2021.4797054036458,27231600
2024-01-18,2066.005859375,2092.7214523841594,1985.8590803475215,1985.8590803475215,31273400
2024-01-19,2110.53173828125,2155.057724320939,2039.290160617748,2066.0057522415614,57782800
2024-01-22,2137.24755859375,2181.7735493977866,2092.7215677897134,2128.3423604329428,35148500
2024-01-23,2163.962890625,2172.8680877057614,2119.4369052211932,2137.247299382716,19456100
2024-01-24,2092.721435546875,2163.9630163314496,2092.721435546875,2163.9630163314496,15076600
2024-01-25,2101.626708984375,2155.0578965009267,2048.195521467823,2092.7215110649495,18441600
2024-01-26,2074.9111328125,2101.6267267972103,2039.2903408328862,2101.6267267972103,7485500
2024-01-29,2057.1005859375,2110.5317699878246,2048.195388595779,2074.9109806209417,11378200
2024-01-30,2003.6693115234375,2066.0056901041667,1968.0485237630207,2057.1004931640623,37224300
2024-01-31,2066.005859375,2074.9110570447197,2012.574673356681,2012.574673356681,10921200
2024-02-01,2048.1953125,2092.721297554348,2039.2901154891306,2048.1953125,10339400
2024-02-02,2057.1005859375,2074.9109806209417,1994.7642045454547,2048.195388595779,10264900
2024-02-05,2021.479736328125,2074.9109187861372,2021.479736328125,2057.1005246334666,8450200
2024-02-06,2110.53173828125,2110.53173828125,2021.4797662018725,2039.290160617748,19271700
2024-02-07,2048.1953125,2110.531691576087,2030.384918478261,2110.531691576087,19165300
2024-02-12,2074.9111328125,2083.8163308074036,2030.3851428379828,2057.100736822693,14789900
2024-02-13,2057.1005859375,2101.626572646104,2021.479796570617,2101.626572646104,17949400
2024-02-15,2057.1005859375,2092.7213753043834,2048.195388595779,2066.005783279221,14818800
2024-02-16,2021.479736328125,2083.8161158624725,2003.6693421754544,2074.9109187861372,21980100
2024-02-19,1959.1434326171875,2012.574617143111,1950.2382351962003,2012.574617143111,19932100
2024-02-20,1968.048828125,1994.764423076923,1950.2384314903845,1959.1436298076922,10218500
2024-02-21,1985.8590087890625,2012.574600835552,1959.1434167425728,1968.0486140914027,13076000
2024-02-22,2057.1005859375,2074.9109806209417,1985.8590072037339,1985.8590072037339,19314000
2024-02-23,2083.816162109375,2092.7213593833467,2003.6693866436297,2083.816162109375,18017000
2024-02-26,2039.2901611328125,2119.436936024495,2030.3849639226255,2083.816147183747,11997000
2024-02-27,2074.9111328125,2083.8163308074036,2021.4799448430792,2048.1955388277897,6817000
2024-02-28,2074.9111328125,2101.6267267972103,2048.1955388277897,2083.8163308074036,11323100
2024-02-29,2119.43701171875,2146.15260430344,2066.00582654937,2074.9110240776,33510600
2024-03-01,2279.730712890625,2350.972297668457,2137.247543334961,2137.247543334961,151823300
2024-03-04,2217.394287109375,2333.1618603319525,2199.5838912289782,2288.635870630961,34192700
2024-03-05,2261.920166015625,2270.8253635196234,2181.773388479638,2217.3941784956323,27310600
2024-03-06,2137.24755859375,2208.4891438802083,2092.7215677897134,2199.583945719401,56279900
2024-03-07,2146.152587890625,2172.868180271006,2119.436995510244,2119.436995510244,18712000
2024-03-08,2190.6787109375,2253.0150970210875,2155.057918889736,2155.057918889736,37508200
2024-03-13,2199.583740234375,2244.1097268787953,2163.9629509188385,2208.4889375632592,16938500
2024-03-14,2172.8681640625,2217.3941510309937,2146.1525718814037,2217.3941510309937,15293000
2024-03-15,2137.24755859375,2190.678747558594,2128.3423604329428,2172.8683512369794,22191300
2024-03-18,2146.152587890625,2155.057785350752,2119.436995510244,2155.057785350752,11745500
2024-03-19,2199.583740234375,2199.583740234375,2137.247358932186,2146.1525562610705,13058300
2024-03-20,2172.8681640625,2208.4889536372953,2155.0577692751026,2199.5837562435963,10560500
2024-03-21,2137.24755859375,2199.583945719401,2128.3423604329428,2190.678747558594,22103100
2024-03-22,2128.342041015625,2181.773221961624,2119.436844191292,2155.0576314886243,16212000
2024-03-25,2146.152587890625,2172.868180271006,2128.342192970371,2172.868180271006,26681100
2024-03-26,2128.342041015625,2181.773221961624,2128.342041015625,2181.773221961624,17637200
2024-03-27,2030.3851318359375,2155.0579030890212,1959.1435482627467,2155.0579030890212,90965400
2024-03-28,2012.57470703125,2039.290300487417,1994.7643113938052,2030.3851026686946,16894400
2024-04-01,2021.479736328125,2048.1953275571313,1976.9537509464483,2012.5745392517897,44328600
2024-04-02,2048.1953125,2066.0057065217393,2003.6693274456522,2039.2901154891306,26378000
2024-04-03,2021.479736328125,2066.005721709802,2021.479736328125,2057.1005246334666,13027600
2024-04-04,2083.816162109375,2110.53175393129,2039.2901757395166,2048.1953730134883,14852100
2024-04-05,2048.1953125,2110.531691576087,2048.1953125,2101.6264945652174,12443700
2024-04-16,2021.479736328125,2048.1953275571313,1976.9537509464483,2048.1953275571313,16666400
2024-04-17,1887.90185546875,2039.290211803508,1878.9966580372936,2021.4798169405954,22034500
2024-04-18,1950.2384033203125,2003.6695924523758,1887.9020159995719,1887.9020159995719,21685400
2024-04-19,1950.2384033203125,1976.953997886344,1852.281223244863,1932.428006942958,41032300
2024-04-22,2048.1953125,2074.9109035326087,1976.9537364130435,1985.8589334239132,33345400
2024-04-23,2128.342041015625,2155.0576314886243,2039.2900727722933,2066.005663245293,26506900
2024-04-24,2119.43701171875,2172.86819688813,2083.81622160583,2128.34220924698,24318700
2024-04-25,2119.43701171875,2199.5837894728206,2101.62661666229,2146.15260430344,26956000
2024-04-26,2119.43701171875,2137.24740677521,2083.81622160583,2119.43701171875,12354600
2024-04-29,2172.8681640625,2235.2045458183916,2074.9109927318136,2137.2473744877047,53577000
2024-04-30,2199.583740234375,2244.1097268787953,2163.9629509188385,2199.583740234375,54566800
2024-05-02,2155.05810546875,2199.5840993833935,2128.342509119964,2199.5840993833935,20110600
2024-05-03,2208.48876953125,2226.2991628339214,2163.9627862745715,2163.9627862745715,27834200
2024-05-06,2146.152587890625,2235.2045624918956,2146.152587890625,2226.2993650317685,19427500
2024-05-07,2163.962890625,2199.5836789480454,2137.247299382716,2155.0576935442386,8681600
2024-05-08,2208.48876953125,2226.2991628339214,2146.1523929719,2163.9627862745715,36134700
2024-05-13,2324.256591796875,2359.8773824757545,2217.394219760237,2217.394219760237,66807800
2024-05-14,2315.351318359375,2359.8773052509014,2253.014936711238,2333.1617131159855,29590100
2024-05-15,2297.540771484375,2333.1615586391713,2235.204393963481,2315.3511650617734,30721600
2024-05-16,2160.127685546875,2305.3463534827993,2132.899185308889,2305.3463534827993,56882300
2024-05-17,2214.584716796875,2232.737050541112,2160.1277155641646,2160.1277155641646,32066800
2024-05-20,2232.7373046875,2269.041976308435,2205.508800971799,2223.661136782266,41465900
2024-05-21,2241.813232421875,2314.4225678849316,2232.737065488993,2250.889399354757,32093400
2024-05-22,2241.813232421875,2278.1179001534033,2214.584731623229,2241.813232421875,15021700
2024-05-27,2232.7373046875,2269.041976308435,2196.432633066565,2232.7373046875,14872500
2024-05-28,2214.584716796875,2287.1940517738217,2196.432383052638,2241.8132174132297,23942800
2024-05-29,2187.3564453125,2223.661116603994,2169.204109666753,2214.5849487811206,12753300
2024-05-30,2205.508544921875,2223.660878624936,2141.9753769611625,2196.4323780703444,12911700
2024-05-31,2096.594482421875,2178.2799817370133,2051.2136494690208,2169.203815146442,46339600
2024-06-03,2105.6708984375,2141.9755691002156,2060.2900601091055,2087.518563106142,8246100
2024-06-04,2078.442138671875,2151.051471027224,2078.442138671875,2105.670638305131,20388800
2024-06-05,2096.594482421875,2169.203815146442,2087.5183158313043,2087.5183158313043,26625800
2024-06-06,2042.1376953125,2114.747035590278,2033.0615277777779,2105.6708680555557,16631700
2024-06-07,2023.9852294921875,2069.3660642341647,2014.909062543792,2060.2898972857693,13475400
2024-06-10,2023.9852294921875,2042.1375633889784,1996.7567286470012,2033.061396440583,6153700
2024-06-11,2014.9091796875,2042.1376821157094,1978.6045097832207,2014.9091796875,7662700
2024-06-12,1978.6044921875,2033.061496559633,1951.3759900014334,2005.8329943735664,11288500
2024-06-13,1960.4521484375,2005.8329852068866,1942.2998137297454,1987.6806504991318,5778900
2024-06-14,1887.8427734375,1978.6044452373799,1878.766606257512,1951.3759436974158,17354900
2024-06-19,1933.2236328125,1960.4521346830986,1878.7666290713028,1887.8427963615025,21624600
2024-06-20,1942.2996826171875,1978.6043495819947,1924.147349134784,1942.2996826171875,20261800
2024-06-21,1978.6044921875,2005.8329943735664,1924.147487815367,1942.299822606078,22542800
2024-06-24,1960.4521484375,1996.7568178530091,1951.3759810836227,1978.6044831452546,11920500
2024-06-25,1960.4521484375,2023.9853199146412,1933.223646375868,1969.5283157913773,24987800
2024-06-26,1978.6044921875,2014.9091617689219,1969.5283247921445,1978.6044921875,15587200
2024-06-27,1996.7568359375,2014.9091708096591,1969.5283336292614,1987.6806685014203,13170500
2024-06-28,1960.4521484375,1996.7568178530091,1951.3759810836227,1987.6806504991318,23093800
2024-07-01,1978.6044921875,1996.756826978211,1951.3759900014334,1960.452157396789,17656000
2024-07-02,1987.6805419921875,2014.9090425674228,1960.452041416952,1969.5282082753638,28766500
2024-07-03,1969.5281982421875,2023.9851991152434,1960.4520314300116,1996.7566986787156,14716100
2024-07-04,2005.8328857421875,2005.8328857421875,1951.3758843193225,1978.604385030755,17834000
2024-07-05,1978.6044921875,2014.9091617689219,1951.3759900014334,2005.8329943735664,15812300
2024-07-08,2005.8328857421875,2005.8328857421875,1960.4520512231334,1987.6805519345658,16997900
2024-07-09,2060.2900390625,2078.442374208425,2005.8330336247245,2014.909201197687,18838000
2024-07-10,2060.2900390625,2078.442374208425,2033.0615363436123,2060.2900390625,17274900
2024-07-11,2060.2900390625,2087.5185417813877,2033.0615363436123,2069.3662066354623,14115400
2024-07-12,2069.3662109375,2123.8232164884867,2023.9853729783442,2078.442378529331,26838800
2024-07-15,2033.0614013671875,2087.518403189523,2033.0614013671875,2078.4422362191335,12011400
2024-07-16,2033.0614013671875,2033.0614013671875,1996.7567334856305,2033.0614013671875,15377100
2024-07-17,2033.0614013671875,2051.213735307966,2014.9090674264091,2042.1375683375768,14377600
2024-07-18,2033.0614013671875,2042.1375683375768,2005.8329004560198,2033.0614013671875,9450200
2024-07-19,1978.6044921875,2023.9853291642776,1960.452157396789,2014.9091617689219,23923900
2024-07-22,1996.7568359375,2014.9091708096591,1978.6045010653409,1996.7568359375,14478300
2024-07-23,2042.1376953125,2042.1376953125,1996.756857638889,2005.8330251736113,20722100
2024-07-24,2005.8328857421875,2051.2137202612416,1996.7567188383766,2042.1375533574305,8864100
2024-07-25,1987.6805419921875,2005.8328757090112,1978.6043751337756,1996.7567088505994,10370600
2024-07-26,1978.6044921875,1996.756826978211,1969.5283247921445,1996.756826978211,13159800
2024-07-29,1969.5281982421875,1987.6805318665395,1960.4520314300116,1969.5281982421875,11877000
2024-07-30,1969.5281982421875,1987.6805318665395,1951.3758646178358,1987.6805318665395,9632600
2024-07-31,1969.5281982421875,1996.7566986787156,1942.2996978056597,1978.6043650543636,13824100
2024-08-01,1969.5281982421875,1996.7566986787156,1951.3758646178358,1960.4520314300116,9289100
2024-08-02,1969.5281982421875,1987.6805318665395,1942.2996978056597,1969.5281982421875,17463200
2024-08-05,1887.8427734375,1969.5282780573918,1887.8427734375,1951.3759436974158,34132200
2024-08-06,1987.6805419921875,1996.7567088505994,1905.995040266481,1924.1473739833048,27207800
2024-08-07,1969.5281982421875,2033.0613659274195,1960.4520314300116,2023.9851991152434,22667000
2024-08-08,1942.2996826171875,1996.7566830643984,1933.2235158759856,1978.6043495819947,13277100
2024-08-09,1960.4521484375,1978.6044831452546,1951.3759810836227,1951.3759810836227,10220500
2024-08-12,1978.6044921875,1996.756826978211,1960.452157396789,1960.452157396789,14234700
2024-08-13,1987.6805419921875,1996.7567088505994,1969.5282082753638,1987.6805419921875,14197800
2024-08-14,2051.213623046875,2051.213623046875,1987.680457731264,1987.680457731264,31351400
2024-08-15,2014.9091796875,2069.3661845439187,2005.83301221143,2060.290017067849,18137500
2024-08-16,2033.0614013671875,2060.2899022783554,2014.9090674264091,2051.213735307966,22212100
2024-08-19,2033.0614013671875,2069.366069248744,2033.0614013671875,2033.0614013671875,17094500
2024-08-20,2105.6708984375,2114.747066103179,2042.1377247777477,2051.2138924434266,34519400
2024-08-21,2078.442138671875,2123.822971393968,2069.365972127456,2105.670638305131,13335800
2024-08-22,2005.8328857421875,2069.366054068863,1996.7567188383766,2060.2898871650523,36594100
2024-08-23,2051.213623046875,2051.213623046875,2005.8327906785812,2005.8327906785812,19262900
2024-08-26,2023.9852294921875,2060.2898972857693,1996.7567286470012,2051.213730337374,24896500
2024-08-27,2033.0614013671875,2033.0614013671875,1996.7567334856305,2023.9852343967982,13980100
2024-08-28,2033.0614013671875,2042.1375683375768,2014.9090674264091,2042.1375683375768,18115400
2024-08-29,2023.9852294921875,2042.1375633889784,2014.909062543792,2023.9852294921875,20368100
2024-08-30,2023.9852294921875,2051.213730337374,2005.8328955953966,2023.9852294921875,24368900
2024-09-02,2060.2900390625,2105.6708769273127,2033.0615363436123,2042.1377039165748,37685800
2024-09-03,2060.2900390625,2069.3662066354623,2033.0615363436123,2060.2900390625,20055400
2024-09-04,2023.9852294921875,2060.2898972857693,2014.909062543792,2033.061396440583,34779700
2024-09-05,2141.975341796875,2160.1276752019335,2033.0613413665255,2042.1375080690545,77986300
2024-09-06,2114.746826171875,2151.051492715598,2087.5183262640826,2141.9753260796674,17716300
2024-09-09,2042.1376953125,2105.6708680555557,2033.0615277777779,2105.6708680555557,46668300
2024-09-10,2060.2900390625,2087.5185417813877,2033.0615363436123,2051.2138714895373,22336200
2024-09-11,2060.2900390625,2105.6708769273127,2042.1377039165748,2060.2900390625,27376800
2024-09-12,2078.442138671875,2096.594471760712,2051.213639038619,2069.365972127456,18383100
2024-09-13,2105.6708984375,2114.747066103179,2078.4423954404633,2078.4423954404633,23420500
2024-09-17,2078.442138671875,2123.822971393968,2078.442138671875,2114.74680484955,13473900
2024-09-18,2069.3662109375,2105.6708813048244,2060.290043345669,2087.518546121162,27383100
2024-09-19,2087.5185546875,2105.670889945652,2060.2900518002716,2078.442387058424,30650500
2024-09-20,2069.3662109375,2096.5947137129933,2060.290043345669,2087.518546121162,15215000
2024-09-23,2087.5185546875,2087.5185546875,2051.213884171196,2060.2900518002716,19014500
2024-09-24,2078.442138671875,2105.670638305131,2060.289805583038,2105.670638305131,14693100
2024-09-25,2096.594482421875,2105.670649012446,2060.2898160595914,2078.442149240733,27480300
2024-09-26,2132.899169921875,2151.051503282912,2069.366003158245,2096.5945031998003,62261500
2024-09-27,2096.594482421875,2151.0514819653004,2096.594482421875,2132.8991487841586,18629500
2024-09-30,2078.442138671875,2105.670638305131,2060.289805583038,2096.594471760712,19119000
2024-10-01,2051.213623046875,2096.594455415169,2023.9851236258987,2087.51828894151,46699700
2024-10-02,1996.7568359375,2060.290007990057,1969.5283336292614,2051.213840553977,70390800
2024-10-03,2051.213623046875,2069.3659559941925,1996.7566242049224,2005.8327906785812,49199900
2024-10-04,2042.1376953125,2087.518532986111,2023.9853602430555,2060.2900303819447,20383800
2024-10-07,2051.213623046875,2105.6706218888276,2051.213623046875,2051.213623046875,22665500
2024-10-08,2060.2900390625,2087.5185417813877,2042.1377039165748,2051.2138714895373,33185900
2024-10-09,2087.5185546875,2132.8993928328805,2051.213884171196,2087.5185546875,76992700
2024-10-10,2105.6708984375,2123.823233768858,2078.4423954404633,2096.594730771821,31771900
2024-10-11,2096.594482421875,2123.822982193588,2078.442149240733,2123.822982193588,22785400
2024-10-14,2078.442138671875,2114.74680484955,2060.289805583038,2096.594471760712,13767700
2024-10-15,2078.442138671875,2105.670638305131,2078.442138671875,2078.442138671875,17391400
2024-10-16,2087.5185546875,2087.5185546875,2069.366219429348,2087.5185546875,6553300
2024-10-17,2060.2900390625,2096.59470935435,2060.2900390625,2087.5185417813877,7896800
2024-10-18,2078.442138671875,2087.518305216294,2042.1374724942002,2060.289805583038,17640200
2024-10-21,2087.5185546875,2096.5947223165763,2069.366219429348,2087.5185546875,11981700
2024-10-22,2069.3662109375,2096.5947137129933,2060.290043345669,2087.518546121162,9414300
2024-10-23,2051.213623046875,2087.51828894151,2033.0612900995575,2069.3659559941925,32648400
2024-10-24,2051.213623046875,2087.51828894151,2042.1374565732162,2060.2897895205338,17145200
2024-10-25,2060.2900390625,2078.442374208425,2051.2138714895373,2060.2900390625,10612200
2024-10-28,2042.1376953125,2087.518532986111,2042.1376953125,2069.366197916667,23161100
2024-10-29,2069.3662109375,2078.442378529331,2042.1377081620064,2078.442378529331,10744800
2024-10-30,2051.213623046875,2087.51828894151,2051.213623046875,2078.4421224678513,27167000
2024-10-31,2042.1376953125,2069.366197916667,2042.1376953125,2051.213862847222,19731800
2024-11-01,2042.1376953125,2078.442365451389,2023.9853602430555,2042.1376953125,30958300
2024-11-04,2033.0614013671875,2051.213735307966,2023.9852343967982,2042.1375683375768,9890900
2024-11-05,2023.9852294921875,2060.2898972857693,1996.7567286470012,2042.1375633889784,38293800
2024-11-06,2014.9091796875,2051.2138495917793,2014.9091796875,2042.1376821157094,13521200
2024-11-07,2005.8328857421875,2033.06138645362,1996.7567188383766,2014.9090526459981,29866000
2024-11-08,2005.8328857421875,2033.06138645362,2005.8328857421875,2033.06138645362,14025700
2024-11-11,1942.2996826171875,2033.0613500292056,1933.2235158759856,2005.8328498056003,55011300
2024-11-12,1933.2236328125,1987.6806365536972,1933.2236328125,1942.2998001026995,42836700
2024-11-13,1951.3759765625,1996.756813226744,1924.1474745639534,1933.2236418968023,35064900
2024-11-14,1960.4521484375,1960.4521484375,1942.2998137297454,1951.3759810836227,10741600
2024-11-15,1942.2996826171875,1987.6805163231966,1933.2235158759856,1951.3758493583894,29011300
2024-11-18,1951.3759765625,1978.6044785610463,1933.2236418968023,1942.2998092296511,18665300
2024-11-19,1978.6044921875,2014.9091617689219,1951.3759900014334,1951.3759900014334,18243300
2024-11-20,1969.5281982421875,2005.8328654908914,1960.4520314300116,1978.6043650543636,7781800
2024-11-21,2005.8328857421875,2033.06138645362,1969.5282181269442,1996.7567188383766,25595800
2024-11-22,1978.6044921875,2023.9853291642776,1969.5283247921445,2005.8329943735664,14758500
2024-11-25,1987.6805419921875,2014.9090425674228,1987.6805419921875,1996.7567088505994,10402600
2024-11-26,1978.6044921875,2005.8329943735664,1969.5283247921445,1996.756826978211,12581900
2024-11-28,1978.6044921875,2005.8329943735664,1960.452157396789,1987.6806595828555,23408200
2024-11-29,2014.9091796875,2042.1376821157094,1978.6045097832207,1978.6045097832207,16408800
2024-12-02,2023.9852294921875,2042.1375633889784,2014.909062543792,2014.909062543792,4443100
2024-12-03,2033.0614013671875,2060.2899022783554,2023.9852343967982,2023.9852343967982,8521400
2024-12-04,2023.9852294921875,2051.213730337374,2023.9852294921875,2033.061396440583,19841100
2024-12-05,2042.1376953125,2069.366197916667,2023.9853602430555,2023.9853602430555,19719700
2024-12-06,2096.594482421875,2105.670649012446,2042.1374828784496,2051.2136494690208,31275700
2024-12-09,2087.5185546875,2132.8993928328805,2087.5185546875,2096.5947223165763,21671000
2024-12-10,2078.442138671875,2114.74680484955,2060.289805583038,2105.670638305131,39344600
2024-12-11,2033.0614013671875,2096.594570159912,2014.9090674264091,2078.4422362191335,150736700
2024-12-12,2051.213623046875,2078.4421224678513,2014.90895715224,2033.0612900995575,69544600
2024-12-13,2060.2900390625,2087.5185417813877,2051.2138714895373,2069.3662066354623,15409700
2024-12-16,2060.2900390625,2087.5185417813877,2042.1377039165748,2060.2900390625,36978500
2024-12-17,2069.3662109375,2087.518546121162,2060.290043345669,2060.290043345669,15176300
2024-12-18,2051.213623046875,2087.51828894151,2042.1374565732162,2069.3659559941925,44342600
2024-12-19,2033.0614013671875,2051.213735307966,2033.0614013671875,2051.213735307966,14885600
2024-12-20,2069.3662109375,2078.442378529331,2033.0615405701753,2051.213875753838,32850700
2024-12-23,2069.3662109375,2096.5947137129933,2060.290043345669,2069.3662109375,12274000
2024-12-24,2051.213623046875,2087.51828894151,2051.213623046875,2078.4421224678513,8138800
2024-12-27,2042.1376953125,2078.442365451389,2023.9853602430555,2078.442365451389,14920000
2024-12-30,2042.1376953125,2042.1376953125,2014.9091927083334,2042.1376953125,11078300
2025-01-02,2042.1376953125,2051.213862847222,2023.9853602430555,2033.0615277777779,3579000
2025-01-03,2023.9852294921875,2042.1375633889784,2014.909062543792,2042.1375633889784,10856200
2025-01-06,2033.0614013671875,2069.366069248744,2023.9852343967982,2023.9852343967982,27702500
2025-01-07,2023.9852294921875,2060.2898972857693,2014.909062543792,2033.061396440583,14638000
2025-01-08,2042.1376953125,2060.2900303819447,2023.9853602430555,2033.0615277777779,14502800
2025-01-09,2023.9852294921875,2051.213730337374,2014.909062543792,2042.1375633889784,11661300
2025-01-10,2023.9852294921875,2042.1375633889784,2023.9852294921875,2023.9852294921875,6550900
2025-01-13,2060.2900390625,2078.442374208425,2023.9853687706498,2023.9853687706498,24819600
2025-01-14,2042.1376953125,2060.2900303819447,2033.0615277777779,2060.2900303819447,2570500
2025-01-15,2060.2900390625,2060.2900390625,2042.1377039165748,2042.1377039165748,5603600
2025-01-16,2060.2900390625,2069.3662066354623,2042.1377039165748,2069.3662066354623,4455400
2025-01-17,2060.2900390625,2069.3662066354623,2033.0615363436123,2069.3662066354623,3647500
2025-01-20,2042.1376953125,2060.2900303819447,2042.1376953125,2060.2900303819447,2890500
2025-01-21,2060.2900390625,2069.3662066354623,2042.1377039165748,2051.2138714895373,5804000
2025-01-22,2069.3662109375,2087.518546121162,2051.213875753838,2060.290043345669,28523100
2025-01-23,2096.594482421875,2096.594482421875,2069.3659826501626,2078.442149240733,11541500
2025-01-24,2078.442138671875,2105.670638305131,2069.365972127456,2105.670638305131,12541000
2025-01-30,2060.2900390625,2087.5185417813877,2051.2138714895373,2078.442374208425,26126300
2025-01-31,2060.2900390625,2087.5185417813877,2051.2138714895373,2060.2900390625,30369600
2025-02-03,2078.442138671875,2087.518305216294,2051.213639038619,2060.289805583038,14236800
2025-02-04,2078.442138671875,2087.518305216294,2060.289805583038,2087.518305216294,9073700
2025-02-05,2060.2900390625,2078.442374208425,2051.2138714895373,2078.442374208425,12121900
2025-02-06,2078.442138671875,2087.518305216294,2060.289805583038,2078.442138671875,11868300
2025-02-07,2078.442138671875,2087.518305216294,2060.289805583038,2078.442138671875,7059800
2025-02-10,2069.3662109375,2087.518546121162,2069.3662109375,2087.518546121162,8736900
2025-02-11,2060.2900390625,2087.5185417813877,2051.2138714895373,2078.442374208425,30824600
2025-02-12,2060.2900390625,2078.442374208425,2060.2900390625,2069.3662066354623,8503500
2025-02-13,2069.3662109375,2087.518546121162,2060.290043345669,2069.3662109375,24839900
2025-02-14,2069.3662109375,2078.442378529331,2060.290043345669,2078.442378529331,8179100
2025-02-17,2060.2900390625,2078.442374208425,2060.2900390625,2069.3662066354623,13377400
2025-02-18,2060.2900390625,2096.59470935435,2051.2138714895373,2060.2900390625,62641900
2025-02-19,2051.213623046875,2078.4421224678513,2051.213623046875,2078.4421224678513,17799900
2025-02-20,2060.2900390625,2069.3662066354623,2042.1377039165748,2060.2900390625,5153400
2025-02-21,2042.1376953125,2060.2900303819447,2042.1376953125,2060.2900303819447,7135500
2025-02-24,2051.213623046875,2060.2897895205338,2042.1374565732162,2051.213623046875,4867900
2025-02-25,2033.0614013671875,2051.213735307966,2033.0614013671875,2051.213735307966,11451300
2025-02-26,2033.0614013671875,2042.1375683375768,2023.9852343967982,2033.0614013671875,11317700
2025-02-27,2033.0614013671875,2069.366069248744,2023.9852343967982,2033.0614013671875,34585600
2025-02-28,2005.8328857421875,2051.2137202612416,2005.8328857421875,2033.06138645362,21449600
2025-03-03,2014.9091796875,2060.290017067849,2014.9091796875,2014.9091796875,34418600
2025-03-04,2014.9091796875,2051.2138495917793,2005.83301221143,2023.9853471635697,38207000
2025-03-05,2060.2900390625,2069.3662066354623,2014.909201197687,2014.909201197687,34618800
2025-03-06,2042.1376953125,2069.366197916667,2042.1376953125,2069.366197916667,7445700
2025-03-07,2042.1376953125,2060.2900303819447,2042.1376953125,2051.213862847222,3856800
2025-03-10,2060.2900390625,2069.3662066354623,2042.1377039165748,2042.1377039165748,13384800
2025-03-11,2051.213623046875,2078.4421224678513,2042.1374565732162,2060.2897895205338,35330000
2025-03-12,2060.2900390625,2078.442374208425,2051.2138714895373,2060.2900390625,15948300
2025-03-13,2042.1376953125,2060.2900303819447,2042.1376953125,2060.2900303819447,5183800
2025-03-14,2051.213623046875,2069.3659559941925,2033.0612900995575,2042.1374565732162,18134800
2025-03-17,2060.2900390625,2060.2900390625,2042.1377039165748,2051.2138714895373,10858300
2025-03-18,2042.1376953125,2078.442365451389,2033.0615277777779,2060.2900303819447,36281400
2025-03-19,2060.2900390625,2078.442374208425,2033.0615363436123,2051.2138714895373,33064700
2025-03-20,2060.2900390625,2069.3662066354623,2051.2138714895373,2060.2900390625,7433800
2025-03-21,2051.213623046875,2069.3659559941925,2042.1374565732162,2051.213623046875,13786500
2025-03-24,2051.213623046875,2078.4421224678513,2042.1374565732162,2051.213623046875,38485800
2025-03-25,2023.9852294921875,2069.3660642341647,2023.9852294921875,2060.2898972857693,47250500
2025-03-26,2042.1376953125,2078.442365451389,2005.8330251736113,2014.9091927083334,78268000
2025-03-27,2069.3662109375,2105.6708813048244,2023.9853729783442,2033.0615405701753,41365600
2025-04-08,1996.7568359375,2051.213840553977,1924.1474964488636,1969.5283336292614,45401900
2025-04-09,2042.1376953125,2087.518532986111,1969.5283550347224,1969.5283550347224,40348600
2025-04-10,2069.3662109375,2069.3662109375,2023.9853729783442,2060.290043345669,9909900
2025-04-11,1996.7568359375,2069.366175426136,1978.6045010653409,2033.061505681818,16820800
2025-04-14,2068.248291015625,2077.692347138984,2021.0280103988298,2030.472066522189,23111600
2025-04-15,2049.360107421875,2077.6922748055877,2039.9160516273041,2068.2482190110168,15689000
2025-04-16,2068.248291015625,2077.692347138984,2039.9161226455478,2049.3601787689067,8490700
2025-04-17,2058.80419921875,2106.024479017345,2039.9160872993118,2068.248255178469,12382100
2025-04-21,2002.139892578125,2077.692341354658,1992.6958364810584,2077.692341354658,13877800
2025-04-22,1983.2518310546875,2011.5840000697547,1945.475605701265,2011.5840000697547,14468200
2025-04-23,1992.69580078125,1992.69580078125,1945.475521141884,1983.2517448533767,17721000
2025-04-24,1973.8077392578125,2002.1399077639055,1964.3636830891148,1992.6958515952078,16326800
2025-04-25,1983.2518310546875,1992.6958873930432,1954.9196620396206,1973.807774716332,9918000
2025-04-28,1983.2518310546875,1992.6958873930432,1964.3637183779763,1992.6958873930432,8257300
2025-04-29,2011.583984375,2021.0280406396712,1973.8077593163146,1983.2518155809857,18034100
2025-04-30,2030.4720458984375,2039.916101925872,1992.695821788699,2011.5839338435683,11983200
2025-05-02,2096.58056640625,2106.0246230116836,2011.584056957348,2021.0281135627815,20384200
2025-05-05,2077.6923828125,2106.0245516690343,2058.8042702414773,2096.5804953835227,5151000
2025-05-06,2058.80419921875,2068.248255178469,2021.0279753798739,2058.80419921875,10342300
2025-05-07,2058.80419921875,2087.136367097907,2030.4720313395928,2058.80419921875,17398300
2025-05-08,2011.583984375,2077.6923782276995,2011.583984375,2058.8042656983566,18105900
2025-05-09,2039.9161376953125,2068.248306274414,2002.139912923177,2021.0280253092449,14798300
2025-05-14,2087.136474609375,2096.5805310555716,2039.9161923783938,2039.9161923783938,13368200
2025-05-15,2039.9161376953125,2087.136418660482,2039.9161376953125,2087.136418660482,5356900
2025-05-16,2058.80419921875,2068.248255178469,2030.4720313395928,2039.9160872993118,5237800
2025-05-19,2087.136474609375,2096.5805310555716,2049.36024882459,2058.8043052707862,9167900
2025-05-20,2049.360107421875,2096.5803863947294,2049.360107421875,2096.5803863947294,11191300
2025-05-21,2058.80419921875,2077.692311138188,2049.360143259031,2049.360143259031,5250000
2025-05-22,2049.360107421875,2077.6922748055877,2021.0279400381623,2068.2482190110168,10509300
2025-05-23,2049.360107421875,2077.6922748055877,2021.0279400381623,2030.4719958327332,14720000
2025-05-26,2049.360107421875,2068.2482190110168,2039.9160516273041,2049.360107421875,3306000
2025-05-27,2058.80419921875,2087.136367097907,2030.4720313395928,2049.360143259031,8294200
2025-05-28,2077.6923828125,2087.1364390980116,2039.9161576704546,2077.6923828125,13214100
2025-06-02,2058.80419921875,2077.692311138188,2030.4720313395928,2068.248255178469,14385700
2025-06-03,2039.9161376953125,2049.360193888346,2030.4720815022786,2049.360193888346,4430800
2025-06-04,2068.248291015625,2068.248291015625,2039.9161226455478,2049.3601787689067,3954800
2025-06-05,2077.6923828125,2096.5804953835227,2049.360213955966,2049.360213955966,5090500
2025-06-10,2058.80419921875,2087.136367097907,2049.360143259031,2077.692311138188,7097000
2025-06-11,2096.58056640625,2106.0246230116836,2049.3602833790824,2068.248396589949,9225600
2025-06-12,2068.248291015625,2106.024515509061,2058.804234892266,2096.580459385702,4713200
2025-06-13,2068.248291015625,2087.136403262343,2049.3601787689067,2068.248291015625,8340900
2025-06-16,2096.58056640625,2115.4686796171172,2058.8043399845155,2068.248396589949,7151600
2025-06-17,2115.468505859375,2134.356617518834,2087.136338370187,2096.5803941999166,3875900
2025-06-18,2096.58056640625,2115.4686796171172,2077.6924531953828,2115.4686796171172,3067000
2025-06-19,2106.0244140625,2143.800636736267,2077.692247057175,2096.5803583940583,19103400
2025-06-20,2115.468505859375,2191.0209524972097,2106.024450029646,2106.024450029646,21394500
2025-06-23,2124.91259765625,2153.244765625,2058.804205729167,2106.0244856770832,15694500
2025-06-24,2096.58056640625,2162.688962644285,2096.58056640625,2143.8008494334176,11201500
2025-06-25,2124.91259765625,2134.3566536458334,2096.5804296875,2096.5804296875,4031500
2025-06-26,2115.468505859375,2124.912561689104,2096.5803941999166,2124.912561689104,9699600
2025-06-30,2124.91259765625,2143.8007096354168,2087.1363736979165,2096.5804296875,6193300
2025-07-01,2181.576904296875,2200.465016022389,2124.912569120333,2134.3566249830897,16347400
2025-07-02,2153.244873046875,2200.4651553505346,2134.3567601254113,2191.0210988898025,4781500
2025-07-03,2172.1328125,2181.576868206522,2115.4684782608697,2153.2447010869564,4839800
2025-07-04,2172.1328125,2181.576868206522,2124.9125339673915,2181.576868206522,3760700
2025-07-07,2162.68896484375,2172.1330214587883,2143.800851613674,2172.1330214587883,1942800
2025-07-08,2134.356689453125,2172.132914045216,2134.356689453125,2172.132914045216,1789400
2025-07-09,2162.68896484375,2162.68896484375,2134.3567949986355,2134.3567949986355,2862200
2025-07-10,2172.1328125,2181.576868206522,2134.356589673913,2162.688756793478,8271100
2025-07-11,2162.68896484375,2181.5770780738267,2143.800851613674,2172.1330214587883,3405400
2025-07-14,2191.02099609375,2200.4650521113954,2153.244772023168,2162.688828040814,7126800
2025-07-15,2351.570068359375,2361.01412485881,2191.021107868976,2191.021107868976,33910500
2025-07-16,2427.122314453125,2464.89853724617,2342.125813168774,2361.0139245652967,35481300
2025-07-17,2521.56298828125,2549.8951566889045,2436.5664830582864,2446.0105391941715,29616200
2025-07-18,2483.786865234375,2549.895260887001,2464.8987521907675,2549.895260887001,17202800
2025-07-21,2464.898681640625,2512.1189628981083,2436.566512886135,2483.7867941436184,12369200
2025-07-22,2427.122314453125,2502.6747600392146,2427.122314453125,2464.89853724617,7287400
2025-07-23,2436.56640625,2455.4545179263564,2370.458015382752,2436.56640625,4746000
2025-07-24,2464.898681640625,2474.3427378921215,2427.1224566346386,2436.566512886135,5734700
2025-07-25,2408.234375,2464.898713235294,2370.458149509804,2464.898713235294,4113700
2025-07-28,2379.902099609375,2417.6783234126983,2379.902099609375,2408.2342674618676,2322400
2025-07-29,2408.234375,2427.122487745098,2342.125980392157,2389.3462622549023,6111000
2025-07-30,2370.4580078125,2417.6782868525897,2370.4580078125,2408.2342310445715,4536400
2025-07-31,2379.902099609375,2464.898603166853,2370.4580436585443,2370.4580436585443,11874900
2025-08-01,2427.122314453125,2474.342592944431,2361.0139245652967,2379.902035961819,17478700
2025-08-04,2474.3427734375,2483.7868298246663,2398.7903223401718,2446.010604276002,9305400
2025-08-05,2436.56640625,2474.3426296027133,2417.6782945736436,2474.3426296027133,8765000
2025-08-06,2436.56640625,2446.0104620881784,2379.9020712209303,2436.56640625,4783000
2025-08-07,2389.34619140625,2446.010527961339,2389.34619140625,2436.566471868824,3286900
2025-08-08,2493.230712890625,2493.230712890625,2398.7901555841618,2398.7901555841618,20042400
2025-08-11,2549.895263671875,2625.4477159288194,2493.230924479167,2493.230924479167,33630000
2025-08-12,2691.555908203125,2719.8880756578947,2502.6747918379933,2559.339126747533,42252100
2025-08-13,2748.220458984375,2842.661024585213,2691.5561196238727,2710.44423274404,55040400
2025-08-14,2795.440673828125,2795.440673828125,2748.2203921756227,2748.2203921756227,38366100
2025-08-15,2757.664306640625,2804.8845858639233,2738.7761949513056,2795.440530019264,19693600
2025-08-19,2795.440673828125,2918.2134061246306,2738.7763358451225,2738.7763358451225,48087800
2025-08-20,2785.99658203125,2842.6609192929022,2748.220357190148,2785.99658203125,35763100
2025-08-21,2767.1083984375,2814.3286782743176,2738.7762305354095,2757.6643424701365,27857400
2025-08-22,2767.1083984375,2785.996510372227,2748.220286502773,2748.220286502773,7563200
2025-08-25,2767.1083984375,2814.3286782743176,2738.7762305354095,2767.1083984375,25527700
2025-08-26,2795.440673828125,2795.440673828125,2738.7763358451225,2776.552561167124,14139800
2025-08-27,2606.5595703125,2804.88475501019,2493.230893342391,2795.4406985960145,74625600
2025-08-28,2616.003662109375,2644.3358317351085,2540.4512097740862,2616.003662109375,19323100
2025-08-29,2597.115478515625,2634.8917036576704,2521.563028231534,2616.0035910866477,15778600
2025-09-01,2568.783203125,2616.0034825942093,2493.230755974265,2540.451035443474,12285400
2025-09-02,2616.003662109375,2625.4477186512863,2568.7833793998193,2568.7833793998193,10096500
2025-09-03,2597.115478515625,2625.4476473721593,2578.2273659446023,2616.0035910866477,2578800
2025-09-04,2587.67138671875,2597.1154428746577,2549.8951620951184,2597.1154428746577,9286000
2025-09-08,2531.007080078125,2578.227361422866,2502.6749112712805,2578.227361422866,9275600
2025-09-09,2446.010498046875,2521.5629458629946,2408.234274138815,2521.5629458629946,10969300
2025-09-10,2455.45458984375,2493.230814302885,2427.122421499399,2436.566477614183,2015800
2025-09-11,2446.010498046875,2512.1188898859796,2446.010498046875,2455.45455402389,6134400
2025-09-12,2446.010498046875,2493.23077793195,2446.010498046875,2446.010498046875,2133100
2025-09-15,2446.010498046875,2483.786721954935,2436.56644206986,2446.010498046875,3221300
2025-09-16,2502.6748046875,2502.6748046875,2446.0104694870283,2446.0104694870283,5949900
2025-09-17,2606.5595703125,2616.0036267266755,2493.230893342391,2502.674949756567,8137700
2025-09-18,2653.77978515625,2682.1119536810497,2587.671391931717,2616.003560456517,12881100
2025-09-19,2644.335693359375,2701.0000296456474,2625.447581263951,2691.5559735979355,14595400
2025-09-22,2578.227294921875,2644.335687099359,2512.118902744391,2644.335687099359,6169700
2025-09-23,2549.895263671875,2578.227433268229,2493.230924479167,2578.227433268229,3916800
2025-09-24,2578.227294921875,2644.335687099359,2446.010510566907,2549.8951268458104,15657200
2025-09-25,2549.895263671875,2587.6714898003474,2521.563094075521,2578.227433268229,5136900
2025-09-26,2568.783203125,2634.8915943818934,2540.451035443474,2549.895091337316,6125700
2025-09-29,2559.339111328125,2606.559390134917,2549.8950555667666,2568.7831670894834,3849400
2025-09-30,2512.118896484375,2568.7832324953006,2464.89861647527,2549.895120491659,9501100
2025-10-01,2464.898681640625,2549.8951879040947,2427.1224566346386,2531.0070754011017,9951600
2025-10-02,2370.4580078125,2493.230733316733,2351.569896196464,2464.8985658926795,16314900
2025-10-03,2483.786865234375,2502.6749782779825,2351.5700739291233,2361.014130450927,13846200
2025-10-06,2483.786865234375,2512.1190347997863,2446.0106391471604,2493.2309217561788,3868100
2025-10-07,2474.3427734375,2493.230886211832,2455.454660663168,2483.7868298246663,4994700
2025-10-08,2502.6748046875,2502.6748046875,2417.6783018867927,2483.7866929540096,3076500
2025-10-09,2436.56640625,2540.4510204699613,2417.6782945736436,2502.674797117248,9445900
2025-10-10,2549.895263671875,2549.895263671875,2427.1225287543402,2436.5665852864586,7775400
2025-10-13,2455.45458984375,2512.118926532452,2398.790253155048,2455.45458984375,10427000
2025-10-14,2398.790283203125,2474.34273306779,2379.9021707369584,2455.454620601624,5736600
2025-10-15,2332.681884765625,2398.790278261007,2304.349716124747,2398.790278261007,12281900
2025-10-16,2370.4580078125,2379.9020636205178,2323.2377287724103,2370.4580078125,3315800
2025-10-17,2285.461669921875,2351.5700653328386,2247.685443972753,2351.5700653328386,6089100
2025-10-20,2285.461669921875,2294.9057264091557,2257.129500460034,2294.9057264091557,6019500
2025-10-21,2361.01416015625,2361.01416015625,2285.46170703125,2285.46170703125,6710900
2025-10-22,2285.461669921875,2370.4581783073995,2276.0176134345948,2370.4581783073995,6978200
2025-10-23,2464.898681640625,2483.7867941436184,2304.349725365182,2304.349725365182,12258100
2025-10-24,2446.010498046875,2474.3426659779198,2436.56644206986,2474.3426659779198,9185600
2025-10-27,2313.793701171875,2455.4545400191328,2304.3496452487248,2455.4545400191328,15128300
2025-10-28,2294.90576171875,2379.902271412037,2257.1295351884,2332.6819882491,33087700
2025-10-29,2408.234375,2436.566544117647,2276.0175857843137,2276.0175857843137,12085900
2025-10-30,2483.786865234375,2540.4512043651976,2370.458186972731,2427.122526103553,19326600
2025-10-31,2464.898681640625,2568.783300407088,2417.6784003831417,2493.230850395115,30971100
2025-11-03,2540.451171875,2587.6714538801116,2436.566551463755,2436.566551463755,12031500
2025-11-04,2578.227294921875,2606.5594629979396,2549.8951268458104,2549.8951268458104,24451800
2025-11-05,2549.895263671875,2578.227433268229,2502.6749810112847,2568.783376736111,7853000
2025-11-06,2587.67138671875,2597.1154428746577,2549.8951620951184,2549.8951620951184,4084700
2025-11-07,2587.67138671875,2597.1154428746577,2540.4511059392107,2587.67138671875,5969100
2025-11-10,2597.115478515625,2616.0035910866477,2568.783309659091,2597.115478515625,16620700
2025-11-11,2597.115478515625,2606.5595348011366,2521.563028231534,2597.115478515625,7659600
2025-11-12,2597.115478515625,2625.4476473721593,2578.2273659446023,2597.115478515625,14001500
2025-11-13,2597.115478515625,2616.0035910866477,2540.451140802557,2597.115478515625,15990100
2025-11-14,2568.783203125,2587.671314912684,2549.895091337316,2587.671314912684,5517900
2025-11-17,2578.227294921875,2597.115406972585,2559.339182871165,2568.7832388965203,8008400
2025-11-18,2559.339111328125,2606.559390134917,2559.339111328125,2587.6712786122002,13377900
2025-11-19,2597.115478515625,2606.5595348011366,2521.563028231534,2578.2273659446023,13720600
2025-11-20,2606.5595703125,2625.4476831408515,2578.227401069973,2597.115513898324,7149800
2025-11-21,2578.227294921875,2682.111911200778,2549.8951268458104,2616.0035190232943,20482500
2025-11-24,2606.5595703125,2634.891739555027,2578.227401069973,2587.6714574841485,14435200
2025-11-25,2597.115478515625,2616.0035910866477,2568.783309659091,2606.5595348011366,11463300
2025-11-26,2701.0,2785.9965034965035,2597.1153846153843,2597.1153846153843,24929600
2025-11-27,2682.112060546875,2719.8882867517605,2672.6680039956536,2701.0001736493177,7543200
2025-11-28,2729.332275390625,2738.7763317068557,2672.667937493242,2701.0001064419334,9139100
2025-12-01,2701.0,2748.2202797202794,2691.555944055944,2738.7762237762236,10493200
2025-12-02,2810.0,2840.0,2710.0,2750.0,20677200
2025-12-03,2790.0,2820.0,2770.0,2810.0,4127100
2025-12-04,2890.0,2890.0,2800.0,2800.0,9560800
2025-12-05,3200.0,3410.0,2910.0,2920.0,88365500
2025-12-08,3300.0,3530.0,3170.0,3200.0,69727100
2025-12-09,3440.0,3550.0,3330.0,3350.0,66937200
2025-12-10,3710.0,3810.0,3440.0,3440.0,91703600
2025-12-11,3700.0,3910.0,3620.0,3750.0,28086600
2025-12-12,3790.0,3810.0,3600.0,3600.0,19712800
2025-12-15,3710.0,3810.0,3660.0,3800.0,11077000
2025-12-16,3700.0,3850.0,3680.0,3710.0,35579700
2025-12-17,3850.0,3850.0,3640.0,3700.0,26642300
2025-12-18,3690.0,4080.0,3690.0,3880.0,20263700
2025-12-19,3900.0,3900.0,3650.0,3700.0,24263700
2025-12-22,3760.0,3880.0,3760.0,3880.0,11651700
2025-12-23,3740.0,3790.0,3720.0,3760.0,6751800
2025-12-24,3750.0,3840.0,3710.0,3770.0,6263300
2025-12-29,3830.0,3900.0,3710.0,3750.0,14987400
2025-12-30,3750.0,3830.0,3740.0,3790.0,8850500
2026-01-02,3750.0,3900.0,3750.0,3760.0,10798500
2026-01-05,3820.0,3870.0,3760.0,3770.0,13583500
2026-01-06,3800.0,3810.0,3630.0,3800.0,28187200
2026-01-07,4000.0,4130.0,3760.0,3800.0,39205800
2026-01-08,4300.0,4310.0,3890.0,4030.0,39681000
2026-01-09,4260.0,4300.0,4060.0,4250.0,72161000
2026-01-12,4010.0,4440.0,3630.0,4290.0,51011800
2026-01-13,3910.0,4060.0,3880.0,4010.0,27044400
2026-01-14,4110.0,4250.0,3930.0,3940.0,26166100
2026-01-15,4010.0,4170.0,3990.0,4170.0,13266700
2026-01-19,3940.0,4030.0,3890.0,3990.0,16304200
2026-01-20,4270.0,4270.0,3900.0,3940.0,33650900
2026-01-21,4150.0,4260.0,4060.0,4260.0,18124300
2026-01-22,4310.0,4440.0,4170.0,4190.0,41320000
2026-01-23,4360.0,4360.0,4230.0,4340.0,24894900
2026-01-26,4360.0,4550.0,4300.0,4320.0,31067400
2026-01-27,4490.0,4550.0,4320.0,4350.0,22273300
2026-01-28,3820.0,3920.0,3820.0,3820.0,94714500
2026-01-29,3250.0,3560.0,3250.0,3300.0,296795800
2026-01-30,3300.0,3440.0,3210.0,3400.0,99260600
2026-02-02,2910.0,3350.0,2830.0,3270.0,103514500
2026-02-03,3130.0,3210.0,2950.0,3110.0,63196600
2026-02-04,3100.0,3230.0,3030.0,3130.0,52879100
2026-02-05,2920.0,3120.0,2920.0,3110.0,44540300
2026-02-06,2890.0,2950.0,2780.0,2800.0,30593300
2026-02-09,2930.0,2990.0,2860.0,2930.0,24893800
2026-02-10,2900.0,2990.0,2880.0,2930.0,29122400
2026-02-11,3010.0,3020.0,2860.0,2860.0,50191500
2026-02-12,3010.0,3060.0,2990.0,3040.0,22676100
2026-02-13,2850.0,3000.0,2840.0,2990.0,45312000
2026-02-18,2890.0,2930.0,2810.0,2810.0,23378300
2026-02-19,2860.0,2970.0,2830.0,2900.0,31891500
2026-02-20,3120.0,3120.0,2870.0,2870.0,66330000
2026-02-23,3280.0,3350.0,3160.0,3220.0,80576000
2026-02-24,3170.0,3290.0,3150.0,3260.0,38168400
2026-02-25,3360.0,3360.0,3210.0,3220.0,50473100
2026-02-26,3180.0,3400.0,3120.0,3360.0,59793000
2026-02-27,3170.0,3210.0,3100.0,3140.0,25405000
2026-03-02,2960.0,3100.0,2950.0,3010.0,52989100
2026-03-03,2930.0,3060.0,2920.0,2960.0,25175600
2026-03-04,2820.0,2930.0,2710.0,2890.0,37465900
2026-03-05,2870.0,2940.0,2850.0,2870.0,22068400
2026-03-06,2760.0,2870.0,2660.0,2860.0,70218200
2026-03-09,2580.0,2720.0,2470.0,2620.0,67840700
2026-03-10,2850.0,2890.0,2670.0,2670.0,33166400
2026-03-11,2780.0,2950.0,2780.0,2870.0,19637600
2026-03-12,2820.0,2850.0,2720.0,2770.0,12846900
2026-03-13,2650.0,2850.0,2640.0,2810.0,16904100
2026-03-16,2560.0,2650.0,2530.0,2650.0,13206800
2026-03-17,2960.0,2960.0,2610.0,2610.0,46060600
2026-03-25,2920.0,2930.0,2850.0,2900.0,15125700
2026-03-26,2910.0,2950.0,2860.0,2910.0,12835600
2026-03-27,2830.0,2910.0,2830.0,2900.0,4443300
2026-03-30,2850.0,2900.0,2740.0,2770.0,15141200
2026-03-31,2950.0,3020.0,2890.0,2900.0,25385000
2026-04-01,3000.0,3030.0,2980.0,2980.0,18952300
2026-04-02,2900.0,3050.0,2900.0,3000.0,14206800
2026-04-06,2900.0,2970.0,2840.0,2900.0,14570900
2026-04-07,2830.0,2920.0,2830.0,2910.0,11893300
2026-04-08,3120.0,3140.0,2830.0,2910.0,36354400
2026-04-09,3090.0,3210.0,2990.0,3110.0,30722800
2026-04-10,3160.0,3170.0,3110.0,3110.0,8525300
2026-04-13,3110.0,3170.0,3080.0,3080.0,8868800
2026-04-14,3190.0,3290.0,3100.0,3120.0,21799600
2026-04-15,3190.0,3230.0,3170.0,3210.0,10030400
2026-04-16,3160.0,3240.0,3130.0,3200.0,4319700
2026-04-17,3280.0,3280.0,3080.0,3190.0,6978900
2026-04-20,3200.0,3250.0,3190.0,3240.0,6438600
2026-04-21,3210.0,3230.0,3120.0,3230.0,9250200
2026-04-22,3170.0,3250.0,3160.0,3210.0,6479800
2026-04-23,3140.0,3200.0,3120.0,3170.0,10719900
2026-04-24,3070.0,3140.0,3000.0,3140.0,7629600
2026-04-27,3140.0,3150.0,3070.0,3070.0,3996800
2026-04-28,3030.0,3160.0,3030.0,3150.0,3360500
2026-04-29,3000.0,3090.0,2970.0,3040.0,3188900
2026-04-30,2940.0,3020.0,2920.0,3000.0,8030100
2026-05-04,3030.0,3090.0,2930.0,2930.0,5226200
2026-05-05,3070.0,3120.0,3000.0,3030.0,5726100
2026-05-06,3110.0,3130.0,3060.0,3100.0,4498200
2026-05-07,3230.0,3240.0,3120.0,3120.0,16614400
2026-05-08,3050.0,3240.0,3020.0,3230.0,8249300
2026-05-11,3020.0,3070.0,2990.0,3050.0,5380600
2026-05-12,3100.0,3100.0,3020.0,3020.0,4637800
2026-05-13,3030.0,3110.0,3020.0,3090.0,7305900
2026-05-14,3030.0,3030.0,3030.0,3030.0,0
2026-05-15,3030.0,3030.0,3030.0,3030.0,0
2026-05-18,2940.0,3040.0,2850.0,3040.0,9743400
2026-05-19,2930.0,3040.0,2810.0,2960.0,16937900
2026-05-20,2910.0,3000.0,2830.0,2930.0,12691300
2026-05-21,2660.0,2930.0,2660.0,2910.0,13571800
2026-05-22,2750.0,2780.0,2580.0,2650.0,16279400
2026-05-25,2880.0,2960.0,2700.0,2720.0,12293400
2026-05-26,2770.0,2950.0,2750.0,2900.0,6432900
2026-05-27,2770.0,2770.0,2770.0,2770.0,0
2026-05-28,2770.0,2770.0,2770.0,2770.0,0
2026-05-29,2830.0,2880.0,2760.0,2770.0,18199600
2026-06-02,2880.0,2880.0,2770.0,2830.0,4873200
2026-06-03,2830.0,2900.0,2700.0,2900.0,11602800
2026-06-04,2670.0,2850.0,2590.0,2830.0,24462900
2026-06-05,2650.0,2720.0,2640.0,2670.0,6281600
2026-06-08,2440.0,2610.0,2410.0,2580.0,8762900
2026-06-09,2510.0,2560.0,2330.0,2420.0,13673500
2026-06-10,2540.0,2580.0,2440.0,2500.0,9944700
2026-06-11,2610.0,2670.0,2490.0,2540.0,11882800
2026-06-12,2570.0,2650.0,2520.0,2630.0,9433800
2026-06-15,2550.0,2610.0,2510.0,2580.0,10275500
2026-06-17,2580.0,2630.0,2540.0,2570.0,9852200
2026-06-18,2550.0,2590.0,2460.0,2580.0,4830200
2026-06-19,2580.0,2580.0,2480.0,2550.0,14479900
2026-06-22,2520.0,2700.0,2490.0,2700.0,2781200
2026-06-23,2530.0,2530.0,2480.0,2520.0,3507000
2026-06-24,2490.0,2560.0,2490.0,2500.0,3553200
2026-06-25,2520.0,2610.0,2480.0,2500.0,6861700
2026-06-26,2480.0,2550.0,2470.0,2540.0,2152700
2026-06-29,2380.0,2480.0,2370.0,2480.0,3785000
2026-06-30,2370.0,2420.0,2310.0,2380.0,6765100
2026-07-01,2370.0,2380.0,2310.0,2310.0,2972600
2026-07-02,2410.0,2410.0,2360.0,2370.0,4229700
2026-07-03,2530.0,2540.0,2410.0,2410.0,6663200
2026-07-06,2510.0,2580.0,2500.0,2530.0,3232700
2026-07-07,2590.0,2620.0,2520.0,2520.0,4491700
2026-07-08,2510.0,2610.0,2500.0,2600.0,2747000
2026-07-09,2450.0,2540.0,2440.0,2510.0,6002000
2026-07-10,2450.0,2490.0,2430.0,2490.0,2157900
2026-07-13,2480.0,2490.0,2430.0,2440.0,3587100
2026-07-14,2530.0,2540.0,2460.0,2500.0,5084100
2026-07-15,2550.0,2550.0,2490.0,2530.0,3595500
2026-07-16,2600.0,2630.0,2500.0,2550.0,6884000
2026-07-17,2580.0,2600.0,2570.0,2600.0,3073000
2026-07-20,2600.0,2660.0,2560.0,2580.0,6975500
2026-07-21,2570.0,2600.0,2560.0,2580.0,6154100
2026-07-22,2550.0,2590.0,2520.0,2580.0,8271000
2026-07-23,2540.0,2590.0,2500.0,2550.0,10683700
2026-07-24,2410.0,2550.0,2400.0,2540.0,8346800
2026-07-27,2370.0,2450.0,2350.0,2410.0,4837600
2026-07-28,2440.0,2490.0,2370.0,2370.0,7592700
2026-07-29,2420.0,2480.0,2400.0,2480.0,2755500
2026-07-30,2460.0,2480.0,2400.0,2420.0,3486200
2026-07-31,2440.0,2470.0,2430.0,2460.0,2392900
2026-08-03,2530.0,2540.0,2450.0,2470.0,8010900
2026-08-04,2510.0,2540.0,2510.0,2530.0,1918700
2026-08-05,2560.0,2600.0,2520.0,2530.0,4775600
2026-08-06,2500.0,2570.0,2470.0,2570.0,6373600
2026-08-07,2550.0,2570.0,2500.0,2500.0,4237400
2026-08-10,2500.0,2570.0,2500.0,2550.0,3968100
2026-08-11,2410.0,2520.0,2410.0,2520.0,8128800
2026-08-12,2560.0,2640.0,2430.0,2440.0,26942600
2026-08-13,2630.0,2640.0,2530.0,2640.0,13349800
2026-08-14,2800.0,2810.0,2600.0,2620.0,19243500
2026-08-18,2910.0,2930.0,2760.0,2840.0,10371800
2026-08-19,2860.0,2930.0,2830.0,2910.0,10094800
2026-08-20,2830.0,2890.0,2810.0,2860.0,5310100
2026-08-21,2840.0,2870.0,2830.0,2840.0,3456700
2026-08-24,2700.0,2840.0,2670.0,2840.0,10104100
2026-08-26,2700.0,2770.0,2660.0,2700.0,5159000
2026-08-27,2770.0,2790.0,2680.0,2700.0,4733500
2026-08-28,2770.0,2830.0,2760.0,2820.0,5397800
2026-08-31,2820.0,2860.0,2710.0,2770.0,9277600
2026-09-01,2770.0,2850.0,2750.0,2820.0,4177500
2026-09-02,2710.0,2790.0,2680.0,2790.0,4979400
2026-09-03,2740.0,2790.0,2710.0,2710.0,4344000
2026-09-04,2710.0,2770.0,2690.0,2770.0,6732000
2026-09-07,2730.0,2750.0,2720.0,2720.0,476500
