date,Close,High,Low,Open,Volume
2018-06-01,215.13075256347656,215.13075256347656,215.13075256347656,215.13075256347656,0
2018-06-04,210.41986083984375,215.13075324670592,202.56837349507347,215.13075324670592,170100
2018-06-05,207.27928161621094,210.41987679221413,204.13868644020772,205.70898402820933,71700
2018-06-06,207.27928161621094,211.9901743802157,205.70898402820933,207.27928161621094,64000
2018-06-07,211.9901580810547,211.9901580810547,207.27926567925348,207.27926567925348,38200
2018-06-08,211.9901580810547,211.9901580810547,208.84956314652055,208.84956314652055,4600
2018-06-11,211.9901580810547,211.9901580810547,211.9901580810547,211.9901580810547,0
2018-06-12,211.9901580810547,211.9901580810547,211.9901580810547,211.9901580810547,0
2018-06-13,211.9901580810547,211.9901580810547,211.9901580810547,211.9901580810547,0
2018-06-14,211.9901580810547,211.9901580810547,211.9901580810547,211.9901580810547,0
2018-06-15,211.9901580810547,211.9901580810547,211.9901580810547,211.9901580810547,0
2018-06-18,211.9901580810547,211.9901580810547,211.9901580810547,211.9901580810547,0
2018-06-19,211.9901580810547,211.9901580810547,211.9901580810547,211.9901580810547,0
2018-06-20,210.41986083984375,211.99015830879782,208.84956337088968,208.84956337088968,24900
2018-06-21,208.84957885742188,210.41987644281602,207.27928127202773,208.84957885742188,9000
2018-06-22,204.138671875,207.27926682692308,202.56837439903845,205.70896935096152,52700
2018-06-25,202.56837463378906,207.279267067133,202.56837463378906,207.279267067133,47900
2018-06-26,200.99807739257812,210.41986227035522,199.4277799129486,202.56837487220764,24500
2018-06-27,204.138671875,211.99015925480768,202.56837439903845,210.41986177884615,30200
2018-06-28,200.99807739257812,208.8495647907257,197.8574824333191,204.13867235183716,43800
2018-06-29,204.138671875,204.138671875,199.4277794471154,200.99807692307692,41400
2018-07-02,202.56837463378906,211.99015950047692,202.56837463378906,211.99015950047692,42300
2018-07-03,194.71688842773438,202.56837586433656,194.71688842773438,202.56837586433656,187000
2018-07-04,200.99807739257812,204.13867235183716,194.71688747406006,194.71688747406006,379600
2018-07-05,196.2871856689453,199.42778063964843,196.2871856689453,199.42778063964843,92300
2018-07-06,200.99807739257812,202.56837487220764,186.86540007591248,196.28718495368958,677300
2018-07-09,204.138671875,204.138671875,200.99807692307692,200.99807692307692,187200
2018-07-10,210.41986083984375,210.41986083984375,204.1386709640275,205.70896843298158,447400
2018-07-11,208.84957885742188,210.41987644281602,205.7089836866336,210.41987644281602,57300
2018-07-12,208.84957885742188,208.84957885742188,204.13868610123941,208.84957885742188,5400
2018-07-13,216.7010498046875,216.7010498046875,204.13867010586503,204.13867010586503,1081500
2018-07-16,219.84164428710938,224.5525366646903,207.2792646135603,216.70104936872212,628400
2018-07-17,222.98223876953125,226.12283368177816,218.27134640116088,224.5525362256547,754100
2018-07-18,216.7010498046875,218.27134726704028,211.99015741762906,213.56045487998188,139500
2018-07-19,218.27139282226562,218.27139282226562,207.27930829164794,211.99020166191266,800800
2018-07-20,219.84164428710938,224.5525366646903,213.56045445033484,218.27134682791575,396100
2018-07-23,218.27139282226562,219.8416906123539,215.13079724208916,216.7010950321774,243900
2018-07-24,221.41197204589844,222.98226971998284,213.56048367547652,218.27137669772966,1089900
2018-07-25,229.26344299316406,230.8337405479118,216.7010625551825,216.7010625551825,3274600
2018-07-26,222.98223876953125,235.54461841851892,211.99015657666703,224.5525362256547,9139600
2018-07-27,211.9901580810547,229.2634302209925,210.41986061378762,219.84164541739005,3402000
2018-07-30,222.98223876953125,232.404023506272,215.13075148891394,216.7010489450374,1832000
2018-07-31,229.26344299316406,230.8337405479118,219.84165766467788,224.55255032892097,2185300
2018-08-01,216.7010498046875,230.83372696586275,211.99015741762906,229.26342950350994,2535300
2018-08-02,216.7010498046875,222.98223965409872,211.99015741762906,215.1307523423347,1146500
2018-08-03,213.5604705810547,219.84166089226215,211.9901730032528,216.70106573665842,259900
2018-08-06,211.9901580810547,219.84164541739005,211.9901580810547,215.13075301558882,446100
2018-08-07,210.41986083984375,218.27134818461406,210.41986083984375,216.70105071566,435600
2018-08-08,213.5604705810547,215.13076815885654,208.84957784764907,213.5604705810547,333200
2018-08-09,213.5604705810547,216.70106573665842,211.9901730032528,211.9901730032528,438300
2018-08-10,219.84164428710938,219.8416442871094,211.9901569911412,215.13075190952847,392000
2018-08-13,204.138671875,219.8416466346154,204.138671875,215.13075420673076,1109200
2018-08-14,202.56837463378906,207.279267067133,202.56837463378906,204.13867211157037,340900
2018-08-15,204.138671875,204.138671875,200.99807692307692,202.56837439903845,117100
2018-08-16,204.138671875,204.138671875,199.4277794471154,200.99807692307692,144200
2018-08-17,204.138671875,204.138671875,204.138671875,204.138671875,0
2018-08-20,202.56837463378906,204.13867211157037,200.99807715600775,204.13867211157037,54300
2018-08-21,205.708984375,205.708984375,200.99809160305344,202.5683891937023,177700
2018-08-22,205.708984375,205.708984375,205.708984375,205.708984375,0
2018-08-23,208.84957885742188,208.84957885742188,200.99809093045113,207.27928127202773,90800
2018-08-24,207.27928161621094,208.84957920421252,200.99809126420453,202.56838885220614,142800
2018-08-27,213.5604705810547,213.5604705810547,204.13868511424343,207.2792802698472,178700
2018-08-28,207.27928161621094,215.13076955621892,207.27928161621094,210.41987679221413,121900
2018-08-29,207.27928161621094,216.7010671442205,205.70898402820933,211.9901743802157,301000
2018-08-30,215.13075256347656,216.70105002744356,208.84956270760864,215.13075256347656,301400
2018-08-31,208.84957885742188,210.41987644281602,207.27928127202773,210.41987644281602,267800
2018-09-03,202.56837463378906,208.8495645449143,199.42777967822644,208.8495645449143,109000
2018-09-04,202.56837463378906,207.279267067133,197.85748220044513,202.56837463378906,184400
2018-09-05,190.00599670410156,202.56837665148018,188.43569921067925,202.56837665148018,718000
2018-09-06,193.1466064453125,196.28720167206555,191.57630883193596,196.28720167206555,44500
2018-09-07,193.1466064453125,194.716904058689,191.57630883193596,191.57630883193596,333100
2018-09-10,193.1466064453125,196.28720167206555,193.1466064453125,196.28720167206555,62500
2018-09-11,193.1466064453125,193.1466064453125,193.1466064453125,193.1466064453125,0
2018-09-12,193.1466064453125,196.28720167206555,188.4357136051829,196.28720167206555,314400
2018-09-13,191.57630920410156,193.1466068205286,190.0060115876745,191.57630920410156,16900
2018-09-14,197.85748291015625,199.42778039357017,190.00599549308654,191.5762929765005,184400
2018-09-17,200.99807739257812,200.99807739257812,194.71688747406006,194.71688747406006,76900
2018-09-18,194.71688842773438,204.13867335165702,188.43569847845262,197.85748340237524,209700
2018-09-19,194.71688842773438,202.56837586433656,194.71688842773438,202.56837586433656,57500
2018-09-20,196.2871856689453,196.2871856689453,193.1465906982422,194.71688818359377,30900
2018-09-21,197.85748291015625,197.85748291015625,193.14659045991442,194.71688794332837,77800
2018-09-24,193.1466064453125,194.716904058689,193.1466064453125,194.716904058689,106200
2018-09-25,193.1466064453125,194.716904058689,191.57630883193596,193.1466064453125,23800
2018-09-26,196.2871856689453,196.2871856689453,196.2871856689453,196.2871856689453,11800
2018-09-27,197.85748291015625,197.85748291015625,197.85748291015625,197.85748291015625,100
2018-09-28,193.1466064453125,196.28720167206555,191.57630883193596,196.28720167206555,29700
2018-10-01,196.2871856689453,202.56837561035158,193.1465906982422,194.71688818359377,144100
2018-10-02,197.85748291015625,204.138672843812,193.14659045991442,196.2871854267423,119500
2018-10-03,197.85748291015625,205.70897032722596,197.85748291015625,202.56837536039808,59300
2018-10-04,194.71688842773438,208.8495658136183,193.14659094041394,205.70897083897745,45200
2018-10-05,193.1466064453125,196.28720167206555,193.1466064453125,194.716904058689,61800
2018-10-08,191.57630920410156,196.28720205338274,191.57630920410156,193.1466068205286,55800
2018-10-09,196.2871856689453,197.8574831542969,190.00599572753907,191.57629321289062,240000
2018-10-10,196.2871856689453,199.42778063964843,196.2871856689453,197.8574831542969,166400
2018-10-11,191.57630920410156,193.1466068205286,190.0060115876745,193.1466068205286,60000
2018-10-12,190.00599670410156,191.5762941975239,188.43569921067925,191.5762941975239,158100
2018-10-15,193.1466064453125,204.13868973894816,190.00601121855945,190.00601121855945,284500
2018-10-16,194.71688842773438,194.71688842773438,191.57629345309348,194.71688842773438,44500
2018-10-17,193.1466064453125,204.13868973894816,193.1466064453125,204.13868973894816,87600
2018-10-18,199.42779541015625,200.99809301181102,199.42779541015625,200.99809301181102,1200
2018-10-19,196.2871856689453,200.998078125,194.71688818359377,200.998078125,2700
2018-10-22,199.42779541015625,199.42779541015625,194.71690260519193,196.2872002068467,8600
2018-10-23,202.56837463378906,202.56837463378906,200.99807715600775,200.99807715600775,400
2018-10-24,193.1466064453125,196.28720167206555,193.1466064453125,196.28720167206555,18600
2018-10-25,193.1466064453125,193.1466064453125,190.00601121855945,190.00601121855945,45500
2018-10-26,191.57630920410156,194.71690443695567,191.57630920410156,194.71690443695567,91800
2018-10-29,200.99807739257812,200.99807739257812,191.57629251480103,191.57629251480103,143400
2018-10-30,196.2871856689453,202.56837561035158,193.1465906982422,199.42778063964843,65500
2018-10-31,196.2871856689453,196.2871856689453,193.1465906982422,194.71688818359377,6200
2018-11-01,193.1466064453125,194.716904058689,193.1466064453125,193.1466064453125,33000
2018-11-02,191.57630920410156,204.13869013551803,191.57630920410156,200.99809490266392,108800
2018-11-05,197.85748291015625,199.42778039357017,190.00599549308654,191.5762929765005,222500
2018-11-06,194.71688842773438,196.2871859150548,193.14659094041394,193.14659094041394,32500
2018-11-07,193.1466064453125,194.716904058689,191.57630883193596,191.57630883193596,28600
2018-11-08,193.1466064453125,194.716904058689,191.57630883193596,194.716904058689,53100
2018-11-09,191.57630920410156,193.1466068205286,191.57630920410156,191.57630920410156,2500
2018-11-12,191.57630920410156,191.57630920410156,190.0060115876745,191.57630920410156,5400
2018-11-13,191.57630920410156,194.71690443695567,188.43571397124742,188.43571397124742,72300
2018-11-14,193.1466064453125,193.1466064453125,190.00601121855945,190.00601121855945,26200
2018-11-15,196.2871856689453,196.2871856689453,191.57629321289062,193.1465906982422,261700
2018-11-16,197.85748291015625,199.42778039357017,194.71688794332837,196.2871854267423,174000
2018-11-19,196.2871856689453,197.8574831542969,193.1465906982422,197.8574831542969,335100
2018-11-20,196.2871856689453,196.2871856689453,196.2871856689453,196.2871856689453,0
2018-11-21,193.1466064453125,197.85749928544206,191.57630883193596,197.85749928544206,36000
2018-11-22,194.71688842773438,196.2871859150548,194.71688842773438,194.71688842773438,71900
2018-11-23,194.71688842773438,197.85748340237524,194.71688842773438,197.85748340237524,404100
2018-11-26,199.42779541015625,200.99809301181102,194.71690260519193,196.2872002068467,1576700
2018-11-27,200.99807739257812,202.56837487220764,200.99807739257812,200.99807739257812,393300
2018-11-28,197.85748291015625,202.56837536039808,197.85748291015625,200.99807787698413,1489500
2018-11-29,202.56837463378906,202.56837463378906,197.85748220044513,197.85748220044513,853600
2018-11-30,197.85748291015625,202.56837536039808,197.85748291015625,202.56837536039808,323600
2018-12-03,199.42779541015625,202.5683906134658,197.85749780850148,197.85749780850148,643700
2018-12-04,202.56837463378906,205.70896958935168,199.42777967822644,199.42777967822644,836800
2018-12-05,199.42779541015625,200.99809301181102,199.42779541015625,199.42779541015625,380200
2018-12-06,202.56837463378906,204.13867211157037,199.42777967822644,200.99807715600775,4312400
2018-12-07,204.138671875,205.70896935096152,200.99807692307692,202.56837439903845,707000
2018-12-10,199.42779541015625,204.13868821512057,199.42779541015625,204.13868821512057,382700
2018-12-11,204.138671875,204.138671875,199.4277794471154,200.99807692307692,502800
2018-12-12,202.56837463378906,204.13867211157037,200.99807715600775,202.56837463378906,671300
2018-12-13,205.708984375,207.27928196564886,200.99809160305344,204.13868678435114,3736100
2018-12-14,207.27928161621094,207.27928161621094,202.56838885220614,205.70898402820933,848500
2018-12-17,200.99807739257812,207.2792673110962,200.99807739257812,207.2792673110962,11803700
2018-12-18,204.138671875,205.70896935096152,200.99807692307692,200.99807692307692,1532600
2018-12-19,207.27928161621094,207.27928161621094,202.56838885220614,204.13868644020772,2378000
2018-12-20,207.27928161621094,208.84957920421252,204.13868644020772,207.27928161621094,163900
2018-12-21,207.27928161621094,208.84957920421252,204.13868644020772,208.84957920421252,882700
2018-12-24,207.27928161621094,207.27928161621094,207.27928161621094,207.27928161621094,0
2018-12-25,207.27928161621094,207.27928161621094,207.27928161621094,207.27928161621094,0
2018-12-26,207.27928161621094,208.84957920421252,202.56838885220614,208.84957920421252,222300
2018-12-27,202.56837463378906,208.8495645449143,197.85748220044513,208.8495645449143,971500
2018-12-28,240.25552368164062,240.25552368164062,200.99808517156862,204.13868025237437,12590300
2018-12-31,240.25552368164062,240.25552368164062,240.25552368164062,240.25552368164062,0
2019-01-01,240.25552368164062,240.25552368164062,240.25552368164062,240.25552368164062,0
2019-01-02,205.708984375,227.69315064408397,205.708984375,211.99017473759542,559300
2019-01-03,204.138671875,207.27926682692308,204.138671875,207.27926682692308,108600
2019-01-04,205.708984375,207.27928196564886,202.5683891937023,204.13868678435114,113300
2019-01-07,207.27928161621094,207.27928161621094,205.70898402820933,205.70898402820933,69900
2019-01-08,205.708984375,207.27928196564886,204.13868678435114,207.27928196564886,158800
2019-01-09,205.708984375,207.27928196564886,205.708984375,205.708984375,213400
2019-01-10,204.138671875,207.27926682692308,204.138671875,207.27926682692308,478200
2019-01-11,204.138671875,204.138671875,197.85748197115385,204.138671875,85600
2019-01-14,202.56837463378906,204.13867211157037,196.28718472266382,204.13867211157037,69600
2019-01-15,202.56837463378906,202.56837463378906,199.42777967822644,202.56837463378906,68700
2019-01-16,202.56837463378906,207.279267067133,200.99807715600775,202.56837463378906,135400
2019-01-17,202.56837463378906,204.13867211157037,200.99807715600775,202.56837463378906,13800
2019-01-18,205.708984375,205.708984375,200.99809160305344,202.5683891937023,49200
2019-01-21,202.56837463378906,205.70896958935168,200.99807715600775,204.13867211157037,139300
2019-01-22,199.42779541015625,204.13868821512057,199.42779541015625,204.13868821512057,139900
2019-01-23,202.56837463378906,204.13867211157037,199.42777967822644,202.56837463378906,18500
2019-01-24,202.56837463378906,202.56837463378906,202.56837463378906,202.56837463378906,2800
2019-01-25,199.42779541015625,202.5683906134658,199.42779541015625,202.5683906134658,38700
2019-01-28,199.42779541015625,200.99809301181102,196.2872002068467,199.42779541015625,273000
2019-01-29,196.2871856689453,199.42778063964843,196.2871856689453,199.42778063964843,31300
2019-01-30,194.71688842773438,196.2871859150548,194.71688842773438,196.2871859150548,4496200
2019-01-31,191.57630920410156,205.7089877519451,191.57630920410156,194.71690443695567,673500
2019-02-01,194.71688842773438,204.13867335165702,191.57629345309348,194.71688842773438,156600
2019-02-04,204.138671875,207.27926682692308,196.28718449519232,200.99807692307692,3896700
2019-02-05,204.138671875,204.138671875,204.138671875,204.138671875,0
2019-02-06,200.99807739257812,204.13867235183716,193.14658999443054,204.13867235183716,1803400
2019-02-07,207.27928161621094,207.27928161621094,200.99809126420453,202.56838885220614,8155200
2019-02-08,204.138671875,210.41986177884615,204.138671875,207.27926682692308,239400
2019-02-11,205.708984375,208.84957955629773,202.5683891937023,204.13868678435114,101100
2019-02-12,205.708984375,210.41987714694656,200.99809160305344,208.84957955629773,6200500
2019-02-13,207.27928161621094,210.41987679221413,199.42779367620292,200.99809126420453,359300
2019-02-14,208.84957885742188,210.41987644281602,204.13868610123941,207.27928127202773,303400
2019-02-15,208.84957885742188,210.41987644281602,204.13868610123941,207.27928127202773,85700
2019-02-18,207.27928161621094,207.27928161621094,200.99809126420453,205.70898402820933,206300
2019-02-19,202.56837463378906,207.279267067133,202.56837463378906,204.13867211157037,184500
2019-02-20,202.56837463378906,207.279267067133,197.85748220044513,202.56837463378906,260500
2019-02-21,204.138671875,205.70896935096152,197.85748197115385,202.56837439903845,39900
2019-02-22,205.708984375,205.708984375,200.99809160305344,204.13868678435114,242100
2019-02-25,207.27928161621094,211.9901743802157,204.13868644020772,205.70898402820933,132300
2019-02-26,204.138671875,208.8495643028846,200.99807692307692,208.8495643028846,355700
2019-02-27,204.138671875,204.138671875,200.99807692307692,200.99807692307692,66300
2019-02-28,202.56837463378906,205.70896958935168,202.56837463378906,205.70896958935168,91300
2019-03-01,205.708984375,205.708984375,200.99809160305344,202.5683891937023,15500
2019-03-04,202.56837463378906,207.279267067133,202.56837463378906,205.70896958935168,1012600
2019-03-05,204.138671875,205.70896935096152,199.4277794471154,200.99807692307692,478400
2019-03-06,202.56837463378906,205.70896958935168,202.56837463378906,205.70896958935168,484700
2019-03-07,202.56837463378906,202.56837463378906,202.56837463378906,202.56837463378906,0
2019-03-08,200.99807739257812,204.13867235183716,200.99807739257812,204.13867235183716,3200
2019-03-11,200.99807739257812,202.56837487220764,200.99807739257812,200.99807739257812,6800
2019-03-12,202.56837463378906,202.56837463378906,200.99807715600775,200.99807715600775,72200
2019-03-13,200.99807739257812,200.99807739257812,197.8574824333191,200.99807739257812,194500
2019-03-14,202.56837463378906,204.13867211157037,199.42777967822644,202.56837463378906,377200
2019-03-15,204.138671875,205.70896935096152,202.56837439903845,202.56837439903845,666900
2019-03-18,204.138671875,207.27926682692308,200.99807692307692,207.27926682692308,95800
2019-03-19,200.99807739257812,204.13867235183716,200.99807739257812,202.56837487220764,494100
2019-03-20,202.56837463378906,202.56837463378906,200.99807715600775,202.56837463378906,502500
2019-03-21,202.56837463378906,204.13867211157037,199.42777967822644,200.99807715600775,180400
2019-03-22,200.99807739257812,202.56837487220764,199.4277799129486,199.4277799129486,4000
2019-03-25,199.42779541015625,200.99809301181102,199.42779541015625,200.99809301181102,111100
2019-03-26,200.99807739257812,202.56837487220764,199.4277799129486,200.99807739257812,808900
2019-03-27,204.138671875,205.70896935096152,199.4277794471154,199.4277794471154,1499400
2019-03-28,205.708984375,205.708984375,199.42779401240458,204.13868678435114,367400
2019-03-29,204.138671875,205.70896935096152,199.4277794471154,205.70896935096152,105900
2019-04-01,197.85748291015625,205.70897032722596,197.85748291015625,199.42778039357017,822300
2019-04-02,199.42779541015625,204.13868821512057,197.85749780850148,202.5683906134658,275500
2019-04-03,199.42779541015625,199.42779541015625,199.42779541015625,199.42779541015625,0
2019-04-04,200.99807739257812,200.99807739257812,200.99807739257812,200.99807739257812,100
2019-04-05,200.99807739257812,200.99807739257812,197.8574824333191,200.99807739257812,357700
2019-04-08,197.85748291015625,200.99807787698413,193.14659045991442,200.99807787698413,21200
2019-04-09,197.85748291015625,199.42778039357017,193.14659045991442,197.85748291015625,63700
2019-04-10,197.85748291015625,199.42778039357017,196.2871854267423,197.85748291015625,241600
2019-04-11,194.71688842773438,199.4277808896957,194.71688842773438,199.4277808896957,6700
2019-04-12,196.2871856689453,197.8574831542969,194.71688818359377,197.8574831542969,15300
2019-04-15,196.2871856689453,196.2871856689453,193.1465906982422,196.2871856689453,19400
2019-04-16,197.85748291015625,199.42778039357017,197.85748291015625,199.42778039357017,800
2019-04-17,197.85748291015625,197.85748291015625,197.85748291015625,197.85748291015625,0
2019-04-18,194.71688842773438,197.85748340237524,194.71688842773438,197.85748340237524,13700
2019-04-19,194.71688842773438,194.71688842773438,194.71688842773438,194.71688842773438,0
2019-04-22,194.71688842773438,194.71688842773438,194.71688842773438,194.71688842773438,0
2019-04-23,194.71688842773438,196.2871859150548,194.71688842773438,196.2871859150548,10200
2019-04-24,193.1466064453125,196.28720167206555,193.1466064453125,194.716904058689,20000
2019-04-25,193.1466064453125,194.716904058689,193.1466064453125,194.716904058689,26400
2019-04-26,193.1466064453125,194.716904058689,193.1466064453125,194.716904058689,32100
2019-04-29,200.99807739257812,204.13867235183716,194.71688747406006,194.71688747406006,9300
2019-04-30,197.85748291015625,197.85748291015625,191.5762929765005,191.5762929765005,57200
2019-05-01,197.85748291015625,197.85748291015625,197.85748291015625,197.85748291015625,0
2019-05-02,204.138671875,204.138671875,193.14658954326924,196.28718449519232,51500
2019-05-03,200.99807739257812,200.99807739257812,200.99807739257812,200.99807739257812,200
2019-05-06,191.57630920410156,200.99809490266392,191.57630920410156,199.42779728623685,42200
2019-05-07,194.71688842773438,200.99807837701613,191.57629345309348,191.57629345309348,1700
2019-05-08,193.1466064453125,194.716904058689,191.57630883193596,194.716904058689,23800
2019-05-09,191.57630920410156,193.1466068205286,191.57630920410156,193.1466068205286,10100
2019-05-10,193.1466064453125,200.9980945121951,191.57630883193596,191.57630883193596,4100
2019-05-13,190.00599670410156,194.71688918436854,190.00599670410156,194.71688918436854,14100
2019-05-14,190.00599670410156,194.71688918436854,186.86540171725693,186.86540171725693,67300
2019-05-15,194.71688842773438,194.71688842773438,188.43569847845262,190.00599596577305,89600
2019-05-16,190.00599670410156,193.14659169094622,186.86540171725693,190.00599670410156,68100
2019-05-17,188.4357147216797,190.00601234436033,188.4357147216797,190.00601234436033,18700
2019-05-20,199.42779541015625,199.42779541015625,183.7248193936085,190.00600980022762,65800
2019-05-21,199.42779541015625,199.42779541015625,199.42779541015625,199.42779541015625,0
2019-05-22,197.85748291015625,197.85748291015625,197.85748291015625,197.85748291015625,200
2019-05-23,196.2871856689453,196.2871856689453,183.7248057861328,194.71688818359377,84200
2019-05-24,193.1466064453125,196.28720167206555,193.1466064453125,196.28720167206555,101023500
2019-05-27,194.71688842773438,194.71688842773438,191.57629345309348,194.71688842773438,18800
2019-05-28,194.71688842773438,194.71688842773438,191.57629345309348,191.57629345309348,45100
2019-05-29,191.57630920410156,197.8574996698098,191.57630920410156,194.71690443695567,36900
2019-05-30,191.57630920410156,191.57630920410156,191.57630920410156,191.57630920410156,0
2019-05-31,194.71688842773438,199.4277808896957,194.71688842773438,199.4277808896957,4300
2019-06-03,194.71688842773438,194.71688842773438,194.71688842773438,194.71688842773438,0
2019-06-04,194.71688842773438,194.71688842773438,194.71688842773438,194.71688842773438,0
2019-06-05,194.71688842773438,194.71688842773438,194.71688842773438,194.71688842773438,0
2019-06-06,194.71688842773438,194.71688842773438,194.71688842773438,194.71688842773438,0
2019-06-07,194.71688842773438,194.71688842773438,194.71688842773438,194.71688842773438,0
2019-06-10,196.2871856689453,199.42778063964843,194.71688818359377,196.2871856689453,55600
2019-06-11,197.85748291015625,200.99807787698413,194.71688794332837,197.85748291015625,55400
2019-06-12,200.99807739257812,204.13867235183716,197.8574824333191,197.8574824333191,313200
2019-06-13,200.99807739257812,202.56837487220764,199.4277799129486,200.99807739257812,751100
2019-06-14,202.56837463378906,204.13867211157037,200.99807715600775,204.13867211157037,2955400
2019-06-17,202.56837463378906,208.8495645449143,202.56837463378906,205.70896958935168,334900
2019-06-18,200.99807739257812,204.13867235183716,200.99807739257812,202.56837487220764,41200
2019-06-20,199.42779541015625,204.13868821512057,196.2872002068467,200.99809301181102,77400
2019-06-21,196.2871856689453,199.42778063964843,193.1465906982422,199.42778063964843,254400
2019-06-24,196.2871856689453,196.2871856689453,193.1465906982422,196.2871856689453,68600
2019-06-25,199.42779541015625,199.42779541015625,194.71690260519193,196.2872002068467,367100
2019-06-26,196.2871856689453,199.42778063964843,196.2871856689453,197.8574831542969,97700
2019-06-27,196.2871856689453,197.8574831542969,193.1465906982422,196.2871856689453,408300
2019-06-28,197.85748291015625,202.56837536039808,193.14659045991442,194.71688794332837,830700
2019-07-01,196.2871856689453,202.56837561035158,194.71688818359377,197.8574831542969,224900
2019-07-02,199.42779541015625,202.5683906134658,196.2872002068467,197.85749780850148,464300
2019-07-03,196.2871856689453,199.42778063964843,194.71688818359377,199.42778063964843,553900
2019-07-04,197.85748291015625,199.42778039357017,194.71688794332837,194.71688794332837,252400
2019-07-05,199.42779541015625,200.99809301181102,196.2872002068467,197.85749780850148,705100
2019-07-08,197.85748291015625,199.42778039357017,196.2871854267423,197.85748291015625,1668800
2019-07-09,200.99807739257812,204.13867235183716,196.28718495368958,196.28718495368958,507400
2019-07-10,200.99807739257812,200.99807739257812,197.8574824333191,200.99807739257812,412000
2019-07-11,202.56837463378906,204.13867211157037,197.85748220044513,199.42777967822644,938200
2019-07-12,204.138671875,204.138671875,199.4277794471154,199.4277794471154,689300
2019-07-15,205.708984375,205.708984375,200.99809160305344,205.708984375,421500
2019-07-16,219.84164428710938,219.8416442871094,202.56837223597935,205.70896715436663,4064000
2019-07-17,230.83370971679688,230.83370971679688,215.13073626667466,218.2713309566991,5064400
2019-07-18,238.68524169921875,238.68524169921878,218.27137234336453,230.83375348542867,3475200
2019-07-19,237.1149444580078,241.82583739425962,227.6931585855042,237.1149444580078,2356100
2019-07-22,226.12286376953125,235.5446497599284,221.4119707743327,221.4119707743327,1112900
2019-07-23,235.54461669921875,235.54461669921875,219.84164225260417,219.84164225260417,1439300
2019-07-24,227.69313049316406,233.97432029987206,227.6931304931641,233.97432029987206,620900
2019-07-25,230.83370971679688,232.40400706180912,224.552520336748,227.69311502677243,1482300
2019-07-26,243.39613342285156,243.39613342285156,226.122859438004,227.69315707299018,3012100
2019-07-29,276.37237548828125,276.37237548828125,238.68523337624288,243.39612614024767,9494400
2019-07-30,287.36444091796875,287.36444091796875,262.2396810562884,279.51295346119366,6661100
2019-07-31,273.23175048828125,287.3644272376751,273.23175048828125,287.3644272376751,3533400
2019-08-01,274.8020935058594,277.94268886021206,268.520902797154,274.8020935058594,2308200
2019-08-02,274.8020935058594,279.5129865373884,266.9506051199777,273.23179582868306,2071400
2019-08-05,260.6694030761719,276.3723791650979,243.39612937835327,273.2317839473127,1707400
2019-08-06,257.5287780761719,259.0990755034656,240.25550637594083,254.3881832215844,1499700
2019-08-07,260.6694030761719,274.8020815562053,249.67731981392367,259.0991054672793,1382500
2019-08-08,243.39613342285156,270.0911932176159,243.39613342285156,263.8100026776714,3071000
2019-08-09,246.53672790527344,251.24762079518314,235.5446444954842,244.96643027530354,1589600
2019-08-12,241.82583618164062,259.099110194615,237.11494326901126,259.099110194615,712900
2019-08-13,237.1149444580078,240.25553974884235,232.404051521756,240.25553974884235,1005700
2019-08-14,227.69313049316406,240.25551010658003,227.6931304931641,238.68521265490304,1506500
2019-08-15,229.26344299316406,232.40403810265948,218.27136010993019,226.12284788366867,1718800
2019-08-16,222.98223876953125,229.2634285940251,221.4119413134078,229.2634285940251,586700
2019-08-19,227.69313049316406,230.83372539651808,219.8416432347791,222.98223813813308,990300
2019-08-20,226.12286376953125,232.40405442979602,221.4119707743327,232.40405442979602,845400
2019-08-21,229.26344299316406,230.8337405479118,222.98225277417328,226.12284788366867,672500
2019-08-22,227.69313049316406,232.40402284819507,224.55253558981008,229.26342794484108,836700
2019-08-23,222.98223876953125,229.2634285940251,221.4119413134078,227.69313113790162,1412700
2019-08-26,215.13075256347656,222.98223988331148,215.13075256347656,222.98223988331148,1338300
2019-08-27,215.13075256347656,216.70105002744356,210.4198601715756,215.13075256347656,482500
2019-08-28,216.7010498046875,230.83372696586275,213.56045487998188,216.7010498046875,415000
2019-08-29,213.5604705810547,222.98225604786592,213.5604705810547,216.70106573665842,448700
2019-08-30,211.9901580810547,218.271347950123,208.84956314652055,216.7010504828559,356900
2019-09-02,210.41986083984375,215.13075324670592,210.41986083984375,215.13075324670592,484500
2019-09-03,208.84957885742188,219.8416619551809,205.7089836866336,211.99017402821016,361600
2019-09-04,205.708984375,211.99017473759542,204.13868678435114,208.84957955629773,339000
2019-09-05,207.27928161621094,207.27928161621094,204.13868644020772,205.70898402820933,124000
2019-09-06,207.27928161621094,210.41987679221413,205.70898402820933,205.70898402820933,82600
2019-09-09,215.13075256347656,215.13075256347656,208.84956270760864,211.9901576355426,106600
2019-09-10,215.13075256347656,219.84164495537752,211.9901576355426,216.70105002744356,152400
2019-09-11,221.41197204589844,229.26346041632038,215.1307813495609,215.1307813495609,394800
2019-09-12,224.55255126953125,229.26344395350742,219.84165858555508,221.41195614688047,131100
2019-09-13,224.55255126953125,224.55255126953125,221.41195614688047,224.55255126953125,112000
2019-09-16,221.41197204589844,226.1228650681516,215.1307813495609,224.5525673940672,289800
2019-09-17,222.98223876953125,226.12283368177816,219.84164385728434,221.4119413134078,130300
2019-09-18,222.98223876953125,224.5525362256547,221.4119413134078,222.98223876953125,161500
2019-09-19,219.84164428710938,224.5525366646903,219.8416442871094,222.98223920549665,192400
2019-09-20,218.27139282226562,221.41198840244212,218.27139282226562,221.41198840244212,146100
2019-09-23,221.41197204589844,224.5525673940672,218.27137669772966,218.27137669772966,204700
2019-09-24,233.97433471679688,233.9743347167969,218.2713592324481,221.41195432931787,648900
2019-09-25,248.1070098876953,249.67730741863008,229.26343951647794,233.97433210928227,1522400
2019-09-26,244.9664306640625,251.24762119391025,240.2555377666767,248.1070259289864,681400
2019-09-27,244.9664306640625,248.1070259289864,241.8258353991386,244.9664306640625,222400
2019-09-30,235.54461669921875,244.9664013671875,233.9743192545573,241.8258064778646,508800
2019-10-01,233.97433471679688,235.54463226523177,230.83373961992714,235.54463226523177,101600
2019-10-02,229.26344299316406,238.68522832165027,229.2634429931641,230.8337405479118,137000
2019-10-03,243.39613342285156,271.66149085260207,229.2634547079763,229.2634547079763,2070200
2019-10-04,249.67730712890625,259.099092303582,244.9664145415684,248.10700959979366,272000
2019-10-07,248.1070098876953,254.38820001143444,246.53671235676052,249.67730741863008,270700
2019-10-08,255.95849609375,257.52879361579755,243.39611591736963,248.10700848351226,698200
2019-10-09,263.8099670410156,268.5208593096052,252.81788508097333,255.95847992669968,513800
2019-10-10,259.0990905761719,268.5208756880327,259.0990905761719,260.66938809481536,569400
2019-10-11,263.8099670410156,266.95056188674204,259.0990747724261,259.0990747724261,231600
2019-10-14,262.2397155761719,266.9506086703546,248.10703629362368,263.81001327423274,616700
2019-10-15,251.2476043701172,262.23968706130984,248.10700931549073,262.23968706130984,399500
2019-10-16,246.53672790527344,251.24762079518314,243.39613264533367,251.24762079518314,186800
2019-10-17,235.54461669921875,249.6772937011719,235.54461669921875,246.53669881184896,130200
2019-10-18,232.40402221679688,237.11491455902927,227.69312987456453,237.11491455902927,217500
2019-10-21,224.55255126953125,233.97433663748362,222.98225370820586,233.97433663748362,244000
2019-10-22,230.83370971679688,230.83370971679688,224.552520336748,226.1228176817602,9700
2019-10-23,227.69313049316406,232.40402284819507,224.55253558981008,230.83372539651808,19400
2019-10-24,224.55255126953125,229.26344395350742,221.41195614688047,227.69314639218203,171200
2019-10-25,222.98223876953125,229.2634285940251,221.4119413134078,222.98223876953125,227400
2019-10-28,257.5287780761719,259.0990755034656,224.55253210300353,226.12282953029725,383200
2019-10-29,240.25552368164062,259.0990941664752,237.11492860083484,257.5287966260723,132500
2019-10-30,235.54461669921875,243.39610392252604,235.54461669921875,238.68521158854168,34500
2019-10-31,235.54461669921875,241.8258064778646,232.40402180989585,235.54461669921875,62600
2019-11-01,227.69313049316406,237.11491520322605,227.6931304931641,235.54461775154905,149100
2019-11-04,227.69313049316406,237.11491520322605,226.12283304148707,227.6931304931641,83900
2019-11-05,224.55255126953125,230.8337415148328,219.84165858555508,230.8337415148328,252900
2019-11-06,219.84164428710938,224.5525366646903,219.8416442871094,224.5525366646903,42500
2019-11-07,216.7010498046875,221.4119421917459,213.56045487998188,219.8416447293931,128100
2019-11-08,213.5604705810547,219.84166089226215,213.5604705810547,219.84166089226215,25800
2019-11-11,219.84164428710938,219.8416442871094,210.41985953194757,213.56045445033484,307700
2019-11-12,219.84164428710938,219.8416442871094,211.9901569911412,219.8416442871094,97600
2019-11-13,232.40402221679688,235.54461711161846,213.56045284786742,219.84164263751057,128700
2019-11-14,229.26344299316406,230.8337405479118,224.55255032892097,227.69314543841637,35000
2019-11-15,266.9505920410156,266.9505920410156,218.2713664335363,224.55255683450136,410400
2019-11-18,232.40402221679688,257.52878137536953,226.12283242715372,257.52878137536953,102781500
2019-11-19,230.83370971679688,235.54460175183357,224.552520336748,232.40400706180912,35500
2019-11-20,219.84164428710938,235.54461887904577,219.8416442871094,230.83372650146487,157600
2019-11-21,218.27139282226562,227.69317956279508,218.27139282226562,227.69317956279508,8200
2019-11-22,219.84164428710938,219.8416442871094,219.8416442871094,219.8416442871094,2000
2019-11-25,213.5604705810547,226.12285120346965,213.5604705810547,226.12285120346965,287800
2019-11-26,204.138671875,215.13075420673076,204.138671875,215.13075420673076,314800
2019-11-27,196.2871856689453,204.13867309570313,194.71688818359377,204.13867309570313,772600
2019-11-28,194.71688842773438,205.70897083897745,194.71688842773438,196.2871859150548,34700
2019-11-29,204.138671875,205.70896935096152,194.71688701923077,200.99807692307692,18500
2019-12-02,200.99807739257812,204.13867235183716,197.8574824333191,197.8574824333191,16200
2019-12-03,196.2871856689453,204.13867309570313,193.1465906982422,204.13867309570313,243600
2019-12-04,190.00599670410156,202.56837665148018,186.86540171725693,199.42778166463555,386200
2019-12-05,169.59214782714844,196.28720813327365,166.45155249701605,190.0060174730089,2242400
2019-12-06,156.24461364746094,179.0139292041261,152.31886958596692,169.5921434565405,3254900
2019-12-09,142.89706420898438,160.1703357067737,133.47527975564475,157.0297408889938,5629200
2019-12-10,141.3267822265625,146.0376749674479,135.04559190538194,135.04559190538194,909600
2019-12-11,137.4010467529297,147.6079816545759,136.61589791434153,145.2525351388114,1623500
2019-12-12,138.97134399414062,144.46738584701623,135.04559981351517,136.61589748576534,1682400
2019-12-13,145.25253295898438,148.39312826620565,139.75649117134714,144.46738413217906,1012600
2019-12-16,150.74855041503906,155.45944261550903,145.25250951449078,149.17825301488242,662200
2019-12-17,151.53370666503906,153.88915288263036,149.1782604474478,150.74855792584196,410300
2019-12-18,153.10401916503906,153.10401916503906,149.96342390011517,152.3188703488081,224000
2019-12-19,188.4357147216797,196.287202835083,153.10401821136475,153.10401821136475,4554900
2019-12-20,183.72482299804688,190.00601352789462,171.16244193835135,188.43571589543268,756300
2019-12-23,175.8733367919922,188.4357179914202,168.0218485423497,179.0139320918492,872300
2019-12-26,169.59214782714844,175.8733384874132,164.8812548319499,175.8733384874132,828200
2019-12-27,166.4515380859375,168.02183561505012,164.88124055682488,168.02183561505012,1003300
2019-12-30,157.02976989746094,169.59215148925782,157.02976989746094,166.4515560913086,2686300
2020-01-02,154.67430114746094,172.7327220936112,153.10400367388263,172.7327220936112,682700
2020-01-03,164.88125610351562,169.59214913504465,153.88917236328126,154.67432120186942,398800
2020-01-06,164.88125610351562,169.59214913504465,160.1703630719866,160.1703630719866,431700
2020-01-07,168.0218505859375,179.01393426912966,164.8812552478826,166.45155291691006,572900
2020-01-08,166.4515380859375,180.58421584795107,164.88124055682488,168.02183561505012,1749900
2020-01-09,164.88125610351562,168.0218514578683,160.1703630719866,166.45155378069197,313100
2020-01-10,163.31092834472656,168.02182050851675,161.74063095679648,164.88122573265662,287300
2020-01-13,160.17034912109375,168.02183682310815,160.17034912109375,163.3109442018995,750800
2020-01-14,161.7406463623047,164.8812414373009,157.0297537498104,160.17034882480658,1106300
2020-01-15,161.7406463623047,168.0218365122971,157.0297537498104,158.6000512873085,5058200
2020-01-16,168.0218505859375,168.0218505859375,161.74065990982768,161.74065990982768,1301100
2020-01-17,174.30303955078125,177.44363485800253,168.02184893633867,168.02184893633867,2567400
2020-01-20,172.7327423095703,177.4436352816495,168.02184933749112,177.4436352816495,1788400
2020-01-21,186.8654022216797,191.57629471466322,169.59212974740677,172.73272474272912,3092400
2020-01-22,191.57630920410156,191.57630920410156,183.72482112196624,188.43571397124742,1810600
2020-01-23,196.2871856689453,196.2871856689453,186.86540075683595,186.86540075683595,1162300
2020-01-24,210.41986083984375,213.56045577775188,196.28718361925723,196.28718361925723,1058600
2020-01-27,207.27928161621094,213.5604719682173,205.70898402820933,211.9901743802157,1797100
2020-01-28,216.7010498046875,216.7010498046875,204.13867010586503,207.27926503057063,1006700
2020-01-29,218.27139282226562,221.41198840244212,213.5604994520009,219.8416906123539,310400
2020-01-30,204.138671875,227.69313401442307,196.28718449519232,215.13075420673076,8514600
2020-01-31,205.708984375,210.41987714694656,188.4357108778626,205.708984375,2164600
2020-02-03,216.7010498046875,218.27134726704028,205.70896756821784,205.70896756821784,638100
2020-02-04,219.84164428710938,222.98223920549665,215.13075190952847,216.70104936872212,1791300
2020-02-05,219.84164428710938,224.5525366646903,218.27134682791575,219.8416442871094,1771600
2020-02-06,219.84164428710938,221.41194174630303,213.56045445033484,219.8416442871094,1474500
2020-02-07,211.9901580810547,219.84164541739005,211.9901580810547,219.84164541739005,843200
2020-02-10,204.138671875,213.56045673076923,200.99807692307692,213.56045673076923,1446200
2020-02-11,197.85748291015625,204.138672843812,197.85748291015625,204.138672843812,506500
2020-02-12,197.85748291015625,199.42778039357017,193.14659045991442,197.85748291015625,616800
2020-02-13,194.71688842773438,199.4277808896957,194.71688842773438,197.85748340237524,152100
2020-02-14,196.2871856689453,197.8574831542969,191.57629321289062,196.2871856689453,1196400
2020-02-17,196.2871856689453,196.2871856689453,193.1465906982422,196.2871856689453,303700
2020-02-18,197.85748291015625,199.42778039357017,190.00599549308654,196.2871854267423,908000
2020-02-19,197.85748291015625,197.85748291015625,191.5762929765005,197.85748291015625,643200
2020-02-20,199.42779541015625,199.42779541015625,194.71690260519193,197.85749780850148,549200
2020-02-21,199.42779541015625,199.42779541015625,196.2872002068467,197.85749780850148,321400
2020-02-24,200.99807739257812,200.99807739257812,196.28718495368958,199.4277799129486,356500
2020-02-25,204.138671875,204.138671875,199.4277794471154,204.138671875,311100
2020-02-26,204.138671875,204.138671875,200.99807692307692,204.138671875,207300
2020-02-27,204.138671875,204.138671875,199.4277794471154,202.56837439903845,162700
2020-02-28,199.42779541015625,205.70898581677534,199.42779541015625,205.70898581677534,381800
2020-03-02,200.99807739257812,204.13867235183716,196.28718495368958,204.13867235183716,210800
2020-03-03,202.56837463378906,202.56837463378906,200.99807715600775,200.99807715600775,147900
2020-03-04,204.138671875,205.70896935096152,202.56837439903845,202.56837439903845,282000
2020-03-05,204.138671875,204.138671875,202.56837439903845,204.138671875,169600
2020-03-06,204.138671875,213.56045673076923,200.99807692307692,213.56045673076923,98800
2020-03-09,202.56837463378906,215.13075445603954,202.56837463378906,211.99015950047692,115800
2020-03-10,202.56837463378906,204.13867211157037,197.85748220044513,204.13867211157037,207100
2020-03-11,200.99807739257812,200.99807739257812,196.28718495368958,200.99807739257812,228100
2020-03-12,197.85748291015625,199.42778039357017,196.2871854267423,199.42778039357017,289500
2020-03-13,194.71688842773438,197.85748340237524,191.57629345309348,197.85748340237524,352900
2020-03-16,191.57630920410156,194.71690443695567,188.43571397124742,194.71690443695567,73800
2020-03-17,190.00599670410156,193.14659169094622,188.43569921067925,193.14659169094622,111700
2020-03-18,190.00599670410156,193.14659169094622,185.29510422383458,193.14659169094622,514700
2020-03-19,177.44363403320312,188.43571755738387,177.44363403320312,188.43571755738387,705500
2020-03-20,169.59214782714844,171.16244549221463,166.45155249701605,171.16244549221463,687000
2020-03-23,174.30303955078125,174.30303955078125,171.16244424355997,171.16244424355997,2300
2020-03-24,163.31092834472656,174.303010060237,163.31092834472656,174.303010060237,34900
2020-03-26,163.31092834472656,163.31092834472656,155.45944140507623,156.24459009904126,54500
2020-03-27,179.013916015625,180.584213524534,161.7406434176261,161.7406434176261,248400
2020-03-30,179.013916015625,182.154511033443,177.443618506716,179.013916015625,20400
2020-03-31,204.138671875,204.138671875,179.01391225961538,179.01391225961538,41600
2020-04-01,199.42779541015625,204.13868821512057,196.2872002068467,204.13868821512057,25500
2020-04-02,200.99807739257812,204.13867235183716,196.28718495368958,204.13867235183716,5000
2020-04-03,200.99807739257812,204.13867235183716,200.99807739257812,204.13867235183716,1200
2020-04-06,204.138671875,204.138671875,199.4277794471154,199.4277794471154,2800
2020-04-07,200.99807739257812,204.13867235183716,200.99807739257812,202.56837487220764,3800
2020-04-08,204.138671875,204.138671875,190.00599459134617,200.99807692307692,12400
2020-04-09,200.99807739257812,200.99807739257812,190.0059950351715,200.99807739257812,5800
2020-04-13,196.2871856689453,202.56837561035158,188.4356982421875,200.998078125,12400
2020-04-14,199.42779541015625,204.13868821512057,185.2951169952633,196.2872002068467,113300
2020-04-15,197.85748291015625,200.99807787698413,191.5762929765005,199.42778039357017,7400
2020-04-16,185.2951202392578,197.85750127242784,185.2951202392578,191.57631075584283,18400
2020-04-17,193.1466064453125,200.9980945121951,186.8654159918064,194.716904058689,22600
2020-04-20,196.2871856689453,196.2871856689453,180.58421081542969,180.58421081542969,4400
2020-04-21,191.57630920410156,194.71690443695567,183.72482112196624,183.72482112196624,52600
2020-04-22,186.8654022216797,191.57629471466322,179.0139147333738,179.0139147333738,103400
2020-04-23,191.57630920410156,191.57630920410156,191.57630920410156,191.57630920410156,100
2020-04-24,179.013916015625,202.56837864925987,179.013916015625,191.57629608689692,35700
2020-04-27,185.2951202392578,196.2872036432816,168.02184631864904,191.57631075584283,143900
2020-04-28,186.8654022216797,196.28718720764672,174.3030222403903,188.43569971934087,32700
2020-04-29,188.4357147216797,194.71690521240234,180.58422660827637,188.4357147216797,9800
2020-04-30,186.8654022216797,190.00599721700203,175.87331973805146,182.15450972869618,174200
2020-05-04,179.013916015625,188.43570106907896,175.873320997807,185.29510605126097,190700
2020-05-05,172.7327423095703,175.87333762428977,172.7327423095703,175.87333762428977,154400
2020-05-06,164.88125610351562,179.01393519810267,161.74066074916294,172.73274448939733,342900
2020-05-08,169.59214782714844,171.16244549221463,158.60006417168512,164.8812548319499,63600
2020-05-11,171.16244506835938,171.16244506835938,161.74065910129372,169.59214740718176,46700
2020-05-12,171.16244506835938,171.16244506835938,163.31095676247133,169.59214740718176,117100
2020-05-13,171.16244506835938,171.16244506835938,161.74065910129372,166.45155208482655,248200
2020-05-14,171.16244506835938,172.732742729537,164.88125442364893,171.16244506835938,68000
2020-05-15,177.44363403320312,190.0060152036954,166.4515505090224,171.162443447957,478600
2020-05-18,179.013916015625,186.86540356016997,169.59213096217104,186.86540356016997,118600
2020-05-19,188.4357147216797,194.71690521240234,175.87333374023436,175.87333374023436,264700
2020-05-20,183.72482299804688,199.42779932266626,180.584227733123,188.43571589543268,266800
2020-05-26,190.00599670410156,193.14659169094622,175.87331926330063,188.43569921067925,160400
2020-05-27,190.00599670410156,211.99016161201416,177.44361675672295,190.00599670410156,521400
2020-05-28,185.2951202392578,196.2872036432816,177.44363209352656,190.0060131266966,126300
2020-05-29,185.2951202392578,185.2951202392578,180.58422735181907,185.2951202392578,28000
2020-06-02,188.4357147216797,190.00601234436033,177.44363136291503,182.154524230957,77700
2020-06-03,188.4357147216797,188.4357147216797,183.72482185363768,183.72482185363768,78500
2020-06-04,188.4357147216797,188.4357147216797,177.44363136291503,182.154524230957,86900
2020-06-05,191.57630920410156,193.1466068205286,179.01392827268506,185.2951187383933,114700
2020-06-08,199.42779541015625,200.99809301181102,185.2951169952633,191.5763074018824,93200
2020-06-09,194.71688842773438,199.4277808896957,186.8654009911322,199.4277808896957,232900
2020-06-10,186.8654022216797,204.1386746959526,182.15450972869618,194.71688970998557,215300
2020-06-11,186.8654022216797,186.8654022216797,174.3030222403903,186.8654022216797,179900
2020-06-12,183.72482299804688,188.43571589543268,174.30303720327524,175.87333483573718,219800
2020-06-15,191.57630920410156,194.71690443695567,177.443630656258,183.72482112196624,94100
2020-06-16,193.1466064453125,193.1466064453125,180.5842255383003,191.57630883193596,63200
2020-06-17,185.2951202392578,199.4277989015741,185.2951202392578,191.57631075584283,57300
2020-06-18,185.2951202392578,193.1466083849891,180.58422735181907,188.43571549755032,506900
2020-06-19,190.00599670410156,190.00599670410156,180.5842117435676,188.43569921067925,178300
2020-06-22,188.4357147216797,190.00601234436033,180.58422660827637,190.00601234436033,315000
2020-06-23,183.72482299804688,188.43571589543268,179.01393010066107,188.43571589543268,42700
2020-06-24,183.72482299804688,186.86541826297076,175.87333483573718,183.72482299804688,144500
2020-06-25,174.30303955078125,180.58423016522383,174.30303955078125,180.58423016522383,129000
2020-06-26,175.8733367919922,185.2951226915632,172.7327414921352,179.0139320918492,312600
2020-06-29,175.8733367919922,177.4436344419207,168.0218485423497,172.7327414921352,94700
2020-06-30,166.4515380859375,177.44362078972583,166.4515380859375,177.44362078972583,591400
2020-07-01,166.4515380859375,171.16243067327537,155.45945538214917,171.16243067327537,532800
2020-07-02,168.0218505859375,172.73274359301985,164.8812552478826,169.59214825496494,251300
2020-07-03,169.59214782714844,174.30304082234701,163.3109571668837,168.02185016208225,275300
2020-07-06,172.7327423095703,172.7327423095703,166.4515516801314,171.16244465221058,329100
2020-07-07,179.013916015625,185.29510605126097,163.3109409265351,174.30302348889802,951000
2020-07-08,182.15452575683594,182.15452575683594,179.01393048516636,180.58422812100116,111600
2020-07-09,179.013916015625,185.29510605126097,175.873320997807,182.154511033443,289800
2020-07-10,179.013916015625,183.72480854235198,175.873320997807,175.873320997807,242300
2020-07-13,182.15452575683594,186.86541866434032,179.01393048516636,182.15452575683594,126300
2020-07-14,179.013916015625,185.29510605126097,177.443618506716,180.584213524534,204600
2020-07-15,179.013916015625,182.154511033443,177.443618506716,179.013916015625,131700
2020-07-16,180.584228515625,183.7248237941576,174.3030379585598,182.1545261548913,527700
2020-07-17,183.72482299804688,185.29512063050882,179.01393010066107,180.584227733123,325900
2020-07-20,180.584228515625,183.7248237941576,177.4436332370924,183.7248237941576,160500
2020-07-21,185.2951202392578,186.86541786840408,177.44363209352656,180.58422735181907,222100
2020-07-22,186.8654022216797,188.43569971934087,182.15450972869618,185.29510472401853,245600
2020-07-23,191.57630920410156,204.13869013551803,182.15452350553917,186.86541635482035,668200
2020-07-24,188.4357147216797,196.287202835083,185.29511947631835,193.14660758972167,1207700
2020-07-27,191.57630920410156,215.1307734505075,185.2951187383933,188.43571397124742,1934500
2020-07-28,196.2871856689453,200.998078125,190.00599572753907,191.57629321289062,557800
2020-07-29,190.00599670410156,200.99807915805786,188.43569921067925,196.28718667779088,1245700
2020-07-30,183.72482299804688,193.1466087928185,180.584227733123,190.00601352789462,474400
2020-08-03,179.013916015625,180.584213524534,172.73272597998903,180.584213524534,343200
2020-08-04,180.584228515625,182.1545261548913,175.8733355978261,180.584228515625,180500
2020-08-05,188.4357147216797,188.4357147216797,179.0139289855957,182.154524230957,537000
2020-08-06,188.4357147216797,196.287202835083,183.72482185363768,188.4357147216797,1710400
2020-08-07,193.1466064453125,194.716904058689,183.72482076505335,188.4357136051829,815000
2020-08-10,197.85748291015625,199.42778039357017,194.71688794332837,194.71688794332837,1711100
2020-08-11,200.99807739257812,210.41986227035522,196.28718495368958,199.4277799129486,1199100
2020-08-12,202.56837463378906,202.56837463378906,196.28718472266382,200.99807715600775,657300
2020-08-13,196.2871856689453,210.4198630371094,193.1465906982422,202.56837561035158,2528100
2020-08-14,197.85748291015625,202.56837536039808,193.14659045991442,202.56837536039808,669500
2020-08-18,196.2871856689453,199.42778063964843,193.1465906982422,199.42778063964843,522900
2020-08-19,194.71688842773438,197.85748340237524,191.57629345309348,197.85748340237524,1264600
2020-08-24,193.1466064453125,196.28720167206555,191.57630883193596,194.716904058689,736100
2020-08-25,196.2871856689453,197.8574831542969,190.00599572753907,194.71688818359377,2644900
2020-08-26,194.66497802734375,201.15381062825523,191.42056172688802,197.9093943277995,1025000
2020-08-27,193.04278564453125,194.6649939272584,189.79836907907693,194.6649939272584,859100
2020-08-28,189.7983856201172,193.0428024683243,188.1761771960136,193.0428024683243,485800
2020-08-31,189.7983856201172,196.28721931653146,186.55396877191006,193.0428024683243,1227300
2020-09-01,188.17616271972656,194.6649959169585,186.55395442041856,194.6649959169585,571900
2020-09-02,183.30953979492188,193.04278969553718,181.68733147815266,193.04278969553718,1215300
2020-09-03,184.93174743652344,186.55395574737014,181.68733081483006,183.30953912567676,3436200
2020-09-04,183.30953979492188,186.5539564284603,180.06512316138344,186.5539564284603,2736600
2020-09-07,181.68734741210938,183.30955587114605,178.44293049403598,183.30955587114605,1174600
2020-09-08,181.68734741210938,183.30955587114605,178.44293049403598,180.06513895307268,9202100
2020-09-09,180.06512451171875,183.30954116958756,178.44291618278436,183.30954116958756,1219100
2020-09-10,170.3318634033203,178.44290451776413,168.70965518043155,178.44290451776413,2131200
2020-09-11,170.3318634033203,171.95407162620907,165.465238734654,170.3318634033203,2156900
2020-09-14,173.5762939453125,175.1985022999416,170.33187723605434,170.33187723605434,1888700
2020-09-15,171.95407104492188,175.1984874797317,171.95407104492188,175.1984874797317,1737700
2020-09-16,171.95407104492188,178.44290391454155,171.95407104492188,173.57627926232678,5406100
2020-09-17,170.3318634033203,173.57627984909783,165.465238734654,171.95407162620907,2628700
2020-09-18,173.5762939453125,188.1761691369743,170.33187723605434,170.33187723605434,3653100
2020-09-21,163.84303283691406,173.5762823123743,163.84303283691406,173.5762823123743,1906000
2020-09-22,162.2208251953125,163.8430334472656,160.59861694335936,163.8430334472656,2225300
2020-09-23,163.84303283691406,167.08744932873415,161.409720468049,165.4652410828241,2418900
2020-09-24,158.9763946533203,165.4652270881497,152.48756221849092,163.84301897944235,2879900
2020-09-25,157.3542022705078,159.78751467675278,155.73199399967783,158.9764105413378,1512400
2020-09-28,154.92088317871094,160.59861188159562,154.10977907829883,157.35419547994724,2327000
2020-09-29,154.10977172851562,157.35418797543176,154.10977172851562,156.5430839137027,2452700
2020-09-30,152.487548828125,157.35417272689494,151.67644484499667,155.73196476063828,1748300
2020-10-01,151.6764678955078,154.10978021468708,151.6764678955078,153.298676108294,2297300
2020-10-02,153.29869079589844,158.16531590053015,151.67648242768786,152.48758661179315,7676600
2020-10-05,154.10977172851562,155.73197985197368,152.48756360505757,155.73197985197368,2458600
2020-10-06,154.10977172851562,155.73197985197368,153.2986676667866,154.10977172851562,2248100
2020-10-07,154.10977172851562,154.92087579024465,153.2986676667866,154.10977172851562,1846200
2020-10-08,154.92088317871094,156.54309137953513,153.29867497788675,155.73198727912302,3079800
2020-10-09,154.92088317871094,154.92088317871094,153.29867497788675,154.92088317871094,2083200
2020-10-12,158.9763946533203,165.4652270881497,155.7319784359056,155.7319784359056,8407600
2020-10-13,157.3542022705078,161.40972294758276,154.92088986426285,159.78751467675278,4013400
2020-10-14,155.7319793701172,158.16529154777527,155.7319793701172,157.3541874885559,2984900
2020-10-15,154.92088317871094,156.54309137953513,154.10977907829883,155.73198727912302,2449000
2020-10-16,155.7319793701172,157.3541874885559,154.10977125167847,154.92087531089783,1829200
2020-10-19,154.92088317871094,158.16529958035932,154.92088317871094,157.35419547994724,3251100
2020-10-20,154.10977172851562,156.5430839137027,153.2986676667866,154.92087579024465,1721400
2020-10-21,154.10977172851562,154.92087579024465,153.2986676667866,154.10977172851562,2041600
2020-10-22,154.92088317871094,158.97640368077143,153.29867497788675,154.92088317871094,1900100
2020-10-23,153.29869079589844,154.920899164109,152.48758661179315,154.920899164109,1871900
2020-10-26,153.29869079589844,154.920899164109,152.48758661179315,153.29869079589844,1747000
2020-10-27,154.10977172851562,154.92087579024465,152.48756360505757,153.2986676667866,1583700
2020-11-02,152.487548828125,154.10975679438164,150.86534086186833,151.67644484499667,2359700
2020-11-03,163.84303283691406,163.84303283691406,154.10978336145382,154.92088748440884,11477300
2020-11-04,160.59861755371094,171.95407536053898,160.59861755371094,165.4652423280658,9593300
2020-11-05,161.40972900390625,165.46524983315012,160.59862483805748,161.40972900390625,4141400
2020-11-06,160.59861755371094,163.84303406994752,159.7875134246518,162.22082581182923,3225100
2020-11-09,160.59861755371094,161.40972168277008,159.7875134246518,161.40972168277008,2447500
2020-11-10,159.78750610351562,161.40971428730765,157.35419382782757,161.40971428730765,4277600
2020-11-11,163.84303283691406,163.84303283691406,158.97640809918394,159.78751222213896,6052900
2020-11-12,161.40972900390625,168.70966649654522,161.40972900390625,165.46524983315012,3024900
2020-11-13,162.2208251953125,163.8430334472656,161.40972106933592,161.40972106933592,2604800
2020-11-16,162.2208251953125,165.46524169921875,162.2208251953125,163.8430334472656,2662200
2020-11-17,162.2208251953125,163.8430334472656,161.40972106933592,163.8430334472656,3644600
2020-11-18,162.2208251953125,163.8430334472656,161.40972106933592,162.2208251953125,2427600
2020-11-19,165.4652557373047,167.08746412688612,162.22083895814185,163.84304734772329,6011600
2020-11-20,171.95407104492188,173.57627926232678,165.46523817530218,167.0874463927071,14804700
2020-11-23,173.5762939453125,176.8207106545707,171.9540855906834,173.5762939453125,16149700
2020-11-24,171.95407104492188,176.82069569713664,168.709654610112,175.1984874797317,9782400
2020-11-25,170.3318634033203,175.19848807198662,170.3318634033203,171.95407162620907,6524500
2020-11-26,181.68734741210938,184.93176433018274,168.70967973981584,170.33188819885254,21523200
2020-11-27,186.553955078125,196.28720490828803,184.9317467730978,184.9317467730978,21720400
2020-11-30,176.82069396972656,194.66498418685492,173.5762775666123,194.66498418685492,14842100
2020-12-01,180.06512451171875,183.30954116958756,173.57629119598113,178.44291618278436,9411000
2020-12-02,188.17616271972656,189.79837101903456,180.06512122318662,181.68732952249462,13885500
2020-12-03,188.17616271972656,194.6649959169585,186.55395442041856,189.79837101903456,11913600
2020-12-04,184.93174743652344,188.17616405821684,181.68733081483006,188.17616405821684,6785200
2020-12-07,230.3535614013672,230.3535614013672,186.55394057152975,188.17614875041264,75833700
2020-12-08,235.22019958496094,279.01982295595366,223.86474167396284,246.57565749595906,113941900
2020-12-10,218.9981231689453,243.33124796549478,218.9981231689453,235.22020636664496,28671200
2020-12-11,212.50927734375,220.62031846374043,207.6426526717557,207.6426526717557,8350300
2020-12-14,217.3759002685547,233.59798237814834,202.77602636992043,202.77602636992043,30079600
2020-12-15,231.9757537841797,233.59796185260052,214.13146503155048,214.13146503155048,33007300
2020-12-16,225.48695373535156,248.19786993891213,223.86474543509723,240.0868284376405,101557500
2020-12-17,223.86471557617188,231.9757559955984,214.13146707286006,214.13146707286006,13835000
2020-12-18,220.6203155517578,227.10914836210364,218.99810734917136,223.86473195693074,4606500
2020-12-21,225.48695373535156,233.5979952366232,217.37591223407992,222.2425371348429,37493500
2020-12-22,218.9981231689453,228.7313730875651,218.9981231689453,227.10916476779514,18198300
2020-12-23,209.2648468017578,222.2425117196963,204.3982224575309,218.99809549021165,11180100
2020-12-28,215.75369262695312,220.62031727267387,197.90940225931038,210.88706798123238,16363000
2020-12-29,209.2648468017578,220.62030360495396,209.2648468017578,217.37588737546935,6531700
2020-12-30,197.90940856933594,214.13149123895363,197.90940856933594,209.2648664380683,9895000
2021-01-04,196.2871856689453,206.02043454509135,188.1761449388236,204.39822639906703,8848400
2021-01-05,209.2648468017578,222.2425117196963,191.4205575395924,196.28718188381936,32068300
2021-01-06,206.02044677734375,214.13148798905019,201.1538220503199,209.26486326202632,9355000
2021-01-07,204.39822387695312,210.88705638098338,201.153807624938,206.0204320029607,5204700
2021-01-08,206.02044677734375,209.26486326202632,204.39823853500246,204.39823853500246,4866700
2021-01-11,206.02044677734375,207.64265501968504,201.1538220503199,206.02044677734375,7481600
2021-01-12,201.15380859375,209.26484926285283,197.90939232610887,207.64264112903226,6467400
2021-01-13,204.39822387695312,204.39822387695312,196.2871832469153,202.77601575094556,7828200
2021-01-14,201.15380859375,207.64264112903226,201.15380859375,204.39822486139113,3563500
2021-01-15,196.2871856689453,204.39822639906703,196.2871856689453,204.39822639906703,3976600
2021-01-18,191.4205780029297,197.90941115557138,188.17616142660884,194.66499457925053,6146800
2021-01-19,188.17616271972656,197.90941251557447,188.17616271972656,194.6649959169585,6436500
2021-01-20,196.2871856689453,197.90939381496966,188.1761449388236,189.79835308484795,5063500
2021-01-21,194.66497802734375,202.7760187784831,193.0427698771159,196.28718617757164,5329700
2021-01-22,188.17616271972656,196.2872042162665,183.3095378218026,196.2872042162665,4850700
2021-01-25,181.68734741210938,188.1761812482561,178.44293049403598,186.55397278921944,5366700
2021-01-26,175.19850158691406,183.30954332704897,173.57629323888708,183.30954332704897,4530400
2021-01-27,178.4429168701172,178.4429168701172,163.84304185347125,175.19850019975144,7550500
2021-01-28,171.95407104492188,178.44290391454155,170.33186282751694,178.44290391454155,6407300
2021-01-29,171.95407104492188,176.82069569713664,163.84302995789724,173.57627926232678,5372500
2021-02-01,176.82069396972656,178.4429021712837,163.84302835726956,173.5762775666123,3848400
2021-02-02,175.19850158691406,181.68733497902198,173.57629323888708,178.442918282968,2550200
2021-02-03,180.06512451171875,180.06512451171875,173.57629119598113,175.19849952491555,1343300
2021-02-04,176.82069396972656,181.68731857439792,173.5762775666123,181.68731857439792,2235800
2021-02-05,188.17616271972656,188.17616271972656,175.19849632526265,176.82070462457065,4138400
2021-02-08,196.2871856689453,199.53160196099398,184.93172864677493,191.4205612308723,12245700
2021-02-09,189.7983856201172,196.28721931653146,183.3095519237029,194.6650108924279,7127400
2021-02-10,183.30953979492188,189.79837306199875,180.06512316138344,189.79837306199875,3621400
2021-02-11,178.4429168701172,184.93175021084872,176.8207085349343,181.68733354048297,4477700
2021-02-15,180.06512451171875,183.30954116958756,176.82070785384994,180.06512451171875,1770400
2021-02-16,181.68734741210938,184.93176433018274,178.44293049403598,180.06513895307268,4328700
2021-02-17,181.68734741210938,181.68734741210938,176.82072203499928,180.06513895307268,4619200
2021-02-18,176.82069396972656,183.30952677595505,175.19848576816943,181.68731857439792,4369300
2021-02-19,175.19850158691406,183.30954332704897,171.9540848908601,175.19850158691406,8117300
2021-02-22,171.95407104492188,176.82069569713664,171.95407104492188,175.1984874797317,6197100
2021-02-23,173.5762939453125,175.1985022999416,170.33187723605434,171.9540855906834,5239100
2021-02-24,171.95407104492188,175.1984874797317,168.709654610112,173.57627926232678,5555400
2021-02-25,175.19850158691406,175.19850158691406,170.3318765428331,173.57629323888708,2388800
2021-02-26,175.19850158691406,175.19850158691406,171.9540848908601,175.19850158691406,2945300
2021-03-01,178.4429168701172,180.06512520530006,173.57629186456853,175.19850019975144,3002700
2021-03-02,176.82069396972656,183.30952677595505,175.19848576816943,176.82069396972656,4412300
2021-03-03,175.19850158691406,176.82070993494105,171.9540848908601,176.82070993494105,6755200
2021-03-04,170.3318634033203,175.19848807198662,167.0874469575428,175.19848807198662,7714100
2021-03-05,170.3318634033203,170.3318634033203,165.465238734654,170.3318634033203,7296500
2021-03-08,168.70965576171875,171.9540722186749,165.46523930476263,170.33186399019684,5578100
2021-03-09,167.0874481201172,168.7096563542931,165.4652398859413,168.7096563542931,5520200
2021-03-10,163.84303283691406,168.70965757464418,162.22082459100403,168.70965757464418,7236800
2021-03-12,168.70965576171875,168.70965576171875,163.84303107628457,165.46523930476263,4318000
2021-03-15,167.0874481201172,170.33186458846896,167.0874481201172,170.33186458846896,3451400
2021-03-16,168.70965576171875,168.70965576171875,165.46523930476263,168.70965576171875,1734700
2021-03-17,168.70965576171875,168.70965576171875,165.46523930476263,168.70965576171875,1484200
2021-03-18,173.5762939453125,181.68733571845794,168.70966888142524,168.70966888142524,16750200
2021-03-19,171.95407104492188,178.44290391454155,170.33186282751694,176.82069569713664,5217400
2021-03-22,175.19850158691406,178.442918282968,170.3318765428331,173.57629323888708,7229500
2021-03-23,176.82069396972656,184.93173497751218,171.95406936505518,176.82069396972656,15601600
2021-03-24,171.95407104492188,176.82069569713664,170.33186282751694,176.82069569713664,6642000
2021-03-25,170.3318634033203,173.57627984909783,167.0874469575428,171.95407162620907,4931000
2021-03-26,168.70965576171875,173.57628044715295,167.0874475332407,170.33186399019684,4453200
2021-03-29,167.0874481201172,171.95407282264486,165.4652398859413,168.7096563542931,4343700
2021-03-30,165.4652557373047,170.33188090604895,163.84304734772329,167.08746412688612,4656700
2021-03-31,165.4652557373047,165.4652557373047,162.22083895814185,165.4652557373047,5557200
2021-04-01,163.84303283691406,167.08744932873415,162.22082459100403,165.4652410828241,4347600
2021-04-05,163.84303283691406,168.70965757464418,163.84303283691406,165.4652410828241,2236000
2021-04-06,163.84303283691406,168.70965757464418,163.84303283691406,165.4652410828241,6155600
2021-04-07,165.4652557373047,167.08746412688612,163.84304734772329,165.4652557373047,4768900
2021-04-08,163.84303283691406,165.4652410828241,163.84303283691406,165.4652410828241,5455500
2021-04-09,167.0874481201172,175.19848929099666,165.4652398859413,167.0874481201172,11136900
2021-04-12,170.3318634033203,171.95407162620907,167.0874469575428,168.70965518043155,12564800
2021-04-13,168.70965576171875,173.57628044715295,167.0874475332407,171.9540722186749,6951900
2021-04-14,167.0874481201172,170.33186458846896,167.0874481201172,168.7096563542931,6991800
2021-04-15,165.4652557373047,168.70967251646752,165.4652557373047,167.08746412688612,8341000
2021-04-16,165.4652557373047,167.08746412688612,162.22083895814185,165.4652557373047,21018000
2021-04-19,173.5762939453125,176.8207106545707,165.46525217216706,167.08746052679615,19597400
2021-04-20,168.70965576171875,176.8206969041091,167.0874475332407,173.57628044715295,8127300
2021-04-21,167.0874481201172,168.7096563542931,165.4652398859413,165.4652398859413,6219200
2021-04-22,165.4652557373047,168.70967251646752,163.84304734772329,168.70967251646752,6352000
2021-04-23,165.4652557373047,167.08746412688612,163.84304734772329,165.4652557373047,5872300
2021-04-26,163.84303283691406,167.08744932873415,163.84303283691406,165.4652410828241,4705900
2021-04-27,163.84303283691406,167.08744932873415,162.22082459100403,165.4652410828241,8978600
2021-04-28,162.2208251953125,165.46524169921875,162.2208251953125,163.8430334472656,7688000
2021-04-29,162.2208251953125,167.08744995117186,162.2208251953125,162.2208251953125,17038000
2021-04-30,163.84303283691406,165.4652410828241,160.59861634509397,165.4652410828241,25746300
2021-05-03,161.40972900390625,165.46524983315012,160.59862483805748,163.84304150145257,7809600
2021-05-04,161.40972900390625,163.84304150145257,161.40972900390625,162.22083316975502,3572700
2021-05-05,161.40972900390625,162.22083316975502,160.59862483805748,161.40972900390625,6359600
2021-05-06,161.40972900390625,162.22083316975502,158.97641650635993,162.22083316975502,7566400
2021-05-07,170.3318634033203,170.3318634033203,160.59861406598773,161.4097181774321,32497200
2021-05-10,165.4652557373047,171.95408929563035,165.4652557373047,165.4652557373047,9345300
2021-05-11,163.84303283691406,167.08744932873415,163.84303283691406,165.4652410828241,4811100
2021-05-17,161.40972900390625,167.08745816484767,160.59862483805748,163.84304150145257,9091400
2021-05-18,161.40972900390625,162.22083316975502,160.59862483805748,161.40972900390625,2487100
2021-05-19,161.40972900390625,162.22083316975502,159.7875206722087,161.40972900390625,7411800
2021-05-20,163.84303283691406,165.4652410828241,160.59861634509397,161.409720468049,6175800
2021-05-21,162.2208251953125,165.46524169921875,161.40972106933592,163.8430334472656,2493900
2021-05-24,161.40972900390625,163.84304150145257,158.97641650635993,161.40972900390625,7476500
2021-05-25,162.2208251953125,163.8430334472656,159.7875128173828,161.40972106933592,2527900
2021-05-27,167.0874481201172,167.0874481201172,161.40971930050156,163.8430316517654,8378200
2021-05-28,167.0874481201172,168.7096563542931,163.8430316517654,167.0874481201172,5532800
2021-05-31,196.2871856689453,201.15381010701833,167.08743904050715,168.7096471865315,81094800
2021-06-02,191.4205780029297,207.6426608845339,188.17616142660884,199.5316194437318,29473200
2021-06-03,191.4205780029297,194.66499457925053,180.06511998580675,194.66499457925053,13616900
2021-06-04,191.4205780029297,197.90941115557138,181.68732827396718,191.4205780029297,16390700
2021-06-07,197.90940856933594,204.39824163718302,189.7983672345271,189.7983672345271,17005900
2021-06-08,204.39822387695312,217.37588888501364,197.90939137292287,197.90939137292287,34302100
2021-06-09,215.75369262695312,215.75369262695312,197.90940225931038,202.77602690503113,20295300
2021-06-10,212.50927734375,227.1091513597328,204.39823622375954,214.1314855677481,20514300
2021-06-11,212.50927734375,215.75369379174617,204.39823622375954,212.50927734375,8473100
2021-06-14,204.39822387695312,214.1314726329985,197.90939137292287,214.1314726329985,11065200
2021-06-15,194.66497802734375,210.8870595296224,191.42056172688802,204.39822692871095,6651600
2021-06-16,188.17616271972656,201.15382911419047,188.17616271972656,194.6649959169585,7349000
2021-06-17,188.17616271972656,188.17616271972656,180.06512122318662,188.17616271972656,5091200
2021-06-18,186.553955078125,188.17616338315216,178.44291355298913,188.17616338315216,8023300
2021-06-21,189.7983856201172,193.0428024683243,176.82071822728867,180.0651350754958,7463200
2021-06-22,206.02044677734375,207.64265501968504,188.17615611158956,188.17615611158956,12917400
2021-06-23,197.90940856933594,210.88707470503007,196.28720030237415,210.88707470503007,6687600
2021-06-24,199.5316162109375,201.15382447281505,196.2871996871824,199.5316162109375,2471200
2021-06-25,204.39822387695312,210.88705638098338,197.90939137292287,201.153807624938,10831800
2021-06-28,193.04278564453125,206.02045190634848,191.4205773618041,206.02045190634848,7510000
2021-06-29,188.17616271972656,197.90941251557447,183.3095378218026,193.04278761765053,7977800
2021-06-30,188.17616271972656,193.04278761765053,181.68732952249462,193.04278761765053,1767200
2021-07-01,188.17616271972656,191.42057931834253,184.9317461211106,186.55395442041856,1971800
2021-07-02,189.7983856201172,189.7983856201172,186.55396877191006,188.1761771960136,1037700
2021-07-05,186.553955078125,193.0427882982337,186.553955078125,191.4205799932065,2493400
2021-07-06,191.4205780029297,191.4205780029297,186.55395313844843,186.55395313844843,1918000
2021-07-07,199.5316162109375,199.5316162109375,191.4205749015498,193.04278316342734,4476100
2021-07-08,189.7983856201172,201.15384458884213,186.55396877191006,199.5316361647386,11027700
2021-07-09,188.17616271972656,191.42057931834253,188.17616271972656,189.79837101903456,913400
2021-07-12,191.4205780029297,193.04278629109012,186.55395313844843,188.17616142660884,2635100
2021-07-13,206.02044677734375,214.13148798905019,191.42057259627214,193.04278083861342,16766500
2021-07-14,206.02044677734375,222.24252920075665,202.77603029266118,204.39823853500246,24653200
2021-07-15,202.77603149414062,207.64265625,197.90940673828123,206.02044799804688,4489300
2021-07-16,201.15380859375,207.64264112903226,194.66497605846774,207.64264112903226,6016700
2021-07-19,197.90940856933594,202.77603337022123,197.90940856933594,201.15382510325946,3018000
2021-07-21,197.90940856933594,199.5316168362977,194.66499203541238,197.90940856933594,2478400
2021-07-22,201.15380859375,202.77601672757055,196.2871841922883,197.90939232610887,3284600
2021-07-23,207.64263916015625,207.64263916015625,197.90939044952393,201.15380668640137,5255100
2021-07-26,202.77603149414062,212.50928100585935,201.15382324218749,207.64265625,6035200
2021-07-27,204.39822387695312,206.0204320029607,201.153807624938,202.77601575094556,2160900
2021-07-28,202.77603149414062,206.02044799804688,201.15382324218749,206.02044799804688,2551000
2021-07-29,204.39822387695312,206.0204320029607,201.153807624938,202.77601575094556,10220500
2021-07-30,209.2648468017578,210.88705491650012,202.77601434278859,204.3982224575309,12915400
2021-08-02,209.2648468017578,209.2648468017578,202.77601434278859,209.2648468017578,4048900
2021-08-03,222.24252319335938,222.24252319335938,206.02044120844263,209.264857605426,27901900
2021-08-04,215.75369262695312,225.48694191839462,215.75369262695312,223.86473370315437,22217200
2021-08-05,217.3759002685547,218.99810847951406,210.88706742471723,215.75369205759534,9328100
2021-08-06,217.3759002685547,222.24252490143277,214.13148384663597,215.75369205759534,6360900
2021-08-09,214.13148498535156,220.62031786369553,210.88706854617956,217.37590142452353,7212000
2021-08-10,209.2648468017578,214.13147114598473,202.77601434278859,214.13147114598473,8302400
2021-08-12,212.50927734375,214.1314855677481,206.02044444775763,209.2648608957538,3253700
2021-08-13,215.75369262695312,217.37590084219337,212.50927619647263,214.13148441171288,3758900
2021-08-16,215.75369262695312,218.99810905743362,212.50927619647263,215.75369262695312,5538900
2021-08-18,201.15380859375,218.99809806577622,201.15380859375,218.99809806577622,12846800
2021-08-19,193.04278564453125,201.15382705816702,189.79836907907693,199.53161877543985,9247000
2021-08-20,197.90940856933594,197.90940856933594,191.42057550148886,193.04278376845062,3870800
2021-08-23,201.15380859375,202.77601672757055,194.66497605846774,197.90939232610887,3693200
2021-08-24,197.90940856933594,202.77603337022123,196.28720030237415,201.15382510325946,4943700
2021-08-25,202.77603149414062,204.39823974609374,197.90940673828123,197.90940673828123,5668500
2021-08-26,206.12770080566406,207.80353577156376,201.10019590796495,207.80353577156376,3193900
2021-08-27,204.45187377929688,206.1277088102747,202.77603874831902,206.1277088102747,2164100
2021-08-30,202.77601623535156,206.12768592519208,201.10018139043132,204.45185108027184,3861000
2021-08-31,202.77601623535156,204.45185108027184,201.10018139043132,202.77601623535156,2818600
2021-09-01,202.77601623535156,202.77601623535156,199.42434654551104,202.77601623535156,3021400
2021-09-02,199.42434692382812,202.77601662002692,197.74851207572874,202.77601662002692,3764900
2021-09-03,194.3968505859375,199.42435534247036,194.3968505859375,199.42435534247036,3873100
2021-09-06,197.74851989746094,197.74851989746094,192.72101515430515,194.3968500686904,4844200
2021-09-07,194.3968505859375,197.74852042362608,194.3968505859375,197.74852042362608,4171100
2021-09-08,191.04518127441406,194.3968511213336,191.04518127441406,194.3968511213336,4860100
2021-09-09,189.36935424804688,194.3968592280835,189.36935424804688,191.04518924139242,5057600
2021-09-10,186.01768493652344,191.04518993480787,186.01768493652344,189.36935493537973,10018700
2021-09-13,186.01768493652344,187.6935199359516,184.3418499370953,186.01768493652344,5440000
2021-09-14,184.3418426513672,186.01767758456145,182.66600771817295,184.3418426513672,8553100
2021-09-15,184.3418426513672,184.3418426513672,180.9901727849787,184.3418426513672,5630800
2021-09-16,186.01768493652344,186.01768493652344,182.66601493766717,184.3418499370953,7563200
2021-09-17,184.3418426513672,186.01767758456145,182.66600771817295,186.01767758456145,6733500
2021-09-20,182.66600036621094,186.01767009770106,182.66600036621094,184.341835231956,7197700
2021-09-21,179.31434631347656,184.34185135030302,177.63851130120108,182.66601633802753,9631500
2021-09-22,182.66600036621094,182.66600036621094,177.6384957689758,179.31433063472085,6400300
2021-09-23,180.99017333984375,182.66600827817564,177.63850346318,182.66600827817564,6111600
2021-09-24,177.63848876953125,182.6659931686689,177.63848876953125,180.99015836895637,5643200
2021-09-27,172.61099243164062,179.314331943549,170.93515755366354,177.63849706557193,9866400
2021-09-28,172.61099243164062,174.28682730961773,170.93515755366354,172.61099243164062,12067500
2021-09-29,175.96266174316406,175.96266174316406,170.9351571219308,172.61099199567522,6978600
2021-09-30,177.63848876953125,179.3143235692438,174.28681917010613,175.9626539698187,7533100
2021-10-01,182.66600036621094,182.66600036621094,175.96266090323073,177.6384957689758,9758900
2021-10-04,184.3418426513672,187.6935125177557,182.66600771817295,184.3418426513672,13791400
2021-10-05,189.36935424804688,191.04518924139242,182.6660142746647,184.34184926801024,13485600
2021-10-06,194.3968505859375,197.74852042362608,189.36934582940464,191.04518074824892,16618400
2021-10-07,187.6935272216797,194.39686747959684,187.6935272216797,194.39686747959684,11587300
2021-10-08,191.04518127441406,192.72101619787384,187.6935114274945,187.6935114274945,7616300
2021-10-11,192.7210235595703,194.39685854704484,186.01768360967222,191.04518857209578,8518300
2021-10-12,189.36935424804688,194.3968592280835,189.36935424804688,192.72102423473797,7280500
2021-10-13,189.36935424804688,191.04518924139242,187.69351925470133,187.69351925470133,5633600
2021-10-14,187.6935272216797,191.04519735063826,187.6935272216797,191.04519735063826,6117200
2021-10-15,184.3418426513672,191.0451823841442,184.3418426513672,186.01767758456145,8077200
2021-10-18,187.6935272216797,187.6935272216797,184.34185709272114,184.34185709272114,5519500
2021-10-19,187.6935272216797,189.36936228615897,186.0176921572004,189.36936228615897,7178200
2021-10-21,186.01768493652344,187.6935199359516,184.3418499370953,187.6935199359516,5934600
2021-10-22,184.3418426513672,187.6935125177557,184.3418426513672,186.01767758456145,4704500
2021-10-25,187.6935272216797,189.36936228615897,184.34185709272114,184.34185709272114,6531700
2021-10-26,187.6935272216797,189.36936228615897,186.0176921572004,189.36936228615897,3190200
2021-10-27,187.6935272216797,189.36936228615897,186.0176921572004,187.6935272216797,9045700
2021-10-28,192.7210235595703,192.7210235595703,186.01768360967222,187.69351859714675,6916300
2021-10-29,192.7210235595703,194.39685854704484,189.36935358462125,192.7210235595703,7278400
2021-11-01,191.04518127441406,192.72101619787384,186.01767650403474,189.3693463509543,6050100
2021-11-02,189.36935424804688,192.72102423473797,189.36935424804688,191.04518924139242,6939100
2021-11-03,186.01768493652344,189.36935493537973,184.3418499370953,189.36935493537973,9461300
2021-11-04,187.6935272216797,187.6935272216797,184.34185709272114,186.0176921572004,5331700
2021-11-05,184.3418426513672,187.6935125177557,184.3418426513672,187.6935125177557,6420900
2021-11-08,186.01768493652344,189.36935493537973,184.3418499370953,184.3418499370953,5802100
2021-11-09,186.01768493652344,189.36935493537973,186.01768493652344,186.01768493652344,4406100
2021-11-10,187.6935272216797,189.36936228615897,184.34185709272114,187.6935272216797,2749600
2021-11-11,202.77601623535156,204.45185108027184,187.69350263106924,189.36933747598948,29654400
2021-11-12,202.77601623535156,212.83102530487312,201.10018139043132,202.77601623535156,26191700
2021-11-15,199.42434692382812,207.8035211643251,196.07267722762936,204.45185146812634,8607600
2021-11-16,197.74851989746094,201.10018972623146,194.3968500686904,199.4243548118462,5140900
2021-11-17,199.42434692382812,201.10018177192754,197.74851207572874,197.74851207572874,6147900
2021-11-18,201.10018920898438,204.4518590291341,197.74851938883464,199.4243542989095,5121500
2021-11-19,201.10018920898438,202.77602411905923,197.74851938883464,201.10018920898438,4872200
2021-11-22,194.3968505859375,202.77602518015894,192.7210156670932,202.77602518015894,9367100
2021-11-23,189.36935424804688,194.3968592280835,189.36935424804688,194.3968592280835,8022200
2021-11-24,192.7210235595703,194.39685854704484,187.69351859714675,191.04518857209578,5500800
2021-11-25,191.04518127441406,192.72101619787384,187.6935114274945,192.72101619787384,9889900
2021-11-26,187.6935272216797,191.04519735063826,186.0176921572004,191.04519735063826,8846000
2021-11-29,184.3418426513672,187.6935125177557,182.66600771817295,186.01767758456145,12568500
2021-11-30,186.01768493652344,187.6935199359516,184.3418499370953,184.3418499370953,7372500
2021-12-01,182.66600036621094,186.01767009770106,182.66600036621094,186.01767009770106,5404000
2021-12-02,179.31434631347656,182.66601633802753,177.63851130120108,182.66601633802753,6759100
2021-12-03,180.99017333984375,182.66600827817564,179.31433840151186,180.99017333984375,6305800
2021-12-06,179.31434631347656,180.99018132575205,177.63851130120108,180.99018132575205,7763300
2021-12-07,179.31434631347656,182.66601633802753,179.31434631347656,179.31434631347656,5754200
2021-12-08,182.66600036621094,184.341835231956,179.31433063472085,179.31433063472085,7424700
2021-12-09,182.66600036621094,184.341835231956,179.31433063472085,182.66600036621094,6086300
2021-12-10,182.66600036621094,182.66600036621094,180.9901655004659,182.66600036621094,2899500
2021-12-13,186.01768493652344,186.01768493652344,182.66601493766717,184.3418499370953,7580000
2021-12-14,182.66600036621094,187.69350496344612,182.66600036621094,186.01767009770106,5482100
2021-12-15,182.66600036621094,186.01767009770106,180.9901655004659,182.66600036621094,4319900
2021-12-16,182.66600036621094,186.01767009770106,180.9901655004659,184.341835231956,4869800
2021-12-17,177.63848876953125,184.34182796838147,177.63848876953125,182.6659931686689,17034700
2021-12-20,175.96266174316406,179.3143314906529,174.28682686941966,177.6384966169085,12940400
2021-12-21,179.31434631347656,182.66601633802753,175.9626762889256,177.63851130120108,4173600
2021-12-22,175.96266174316406,179.3143314906529,175.96266174316406,179.3143314906529,3822900
2021-12-23,177.63848876953125,179.3143235692438,175.9626539698187,175.9626539698187,2490900
2021-12-24,182.66600036621094,182.66600036621094,177.6384957689758,177.6384957689758,4863400
2021-12-27,180.99017333984375,184.34184321650753,179.31433840151186,184.34184321650753,4926400
2021-12-28,182.66600036621094,186.01767009770106,179.31433063472085,180.9901655004659,6522300
2021-12-29,179.31434631347656,184.34185135030302,179.31434631347656,180.99018132575205,2747400
2021-12-30,177.63848876953125,182.6659931686689,177.63848876953125,179.3143235692438,5009500
2022-01-03,179.31434631347656,180.99018132575205,177.63851130120108,177.63851130120108,3809800
2022-01-04,180.99017333984375,182.66600827817564,179.31433840151186,179.31433840151186,1828200
2022-01-05,179.31434631347656,182.66601633802753,179.31434631347656,180.99018132575205,2292500
2022-01-06,177.63848876953125,180.99015836895637,177.63848876953125,180.99015836895637,2424600
2022-01-07,179.31434631347656,180.99018132575205,177.63851130120108,179.31434631347656,1438400
2022-01-10,177.63848876953125,180.99015836895637,177.63848876953125,180.99015836895637,5844400
2022-01-11,174.2868194580078,180.99015866793118,174.2868194580078,179.31432386545035,11739300
2022-01-12,169.2593231201172,175.96266264962676,169.2593231201172,174.28682776724938,18697700
2022-01-13,175.96266174316406,175.96266174316406,167.58348737444197,169.2593222481864,5807400
2022-01-14,172.61099243164062,175.96266218759482,170.93515755366354,175.96266218759482,3819000
2022-01-17,172.61099243164062,174.28682730961773,170.93515755366354,172.61099243164062,3902200
2022-01-18,170.93516540527344,174.28683531518075,169.25933045031977,172.61100036022708,4730200
2022-01-19,169.2593231201172,175.96266264962676,169.2593231201172,170.93515800249457,6457000
2022-01-20,170.93516540527344,172.61100036022708,169.25933045031977,169.25933045031977,2341200
2022-01-21,172.61099243164062,174.28682730961773,169.25932267568643,170.93515755366354,4160300
2022-01-24,172.61099243164062,174.28682730961773,169.25932267568643,172.61099243164062,1998200
2022-01-25,169.2593231201172,174.28682776724938,169.2593231201172,170.93515800249457,4311500
2022-01-26,169.2593231201172,172.610992884872,167.5834882377398,169.2593231201172,4911600
2022-01-27,170.93516540527344,170.93516540527344,167.5834954953661,169.25933045031977,5183600
2022-01-28,169.2593231201172,170.93515800249457,167.5834882377398,170.93515800249457,2872700
2022-01-31,169.2593231201172,170.93515800249457,169.2593231201172,169.2593231201172,3918400
2022-02-02,170.93516540527344,172.61100036022708,169.25933045031977,170.93516540527344,3609700
2022-02-03,170.93516540527344,172.61100036022708,169.25933045031977,170.93516540527344,5005100
2022-02-04,174.2868194580078,174.2868194580078,169.25931505056528,170.9351498530461,12138500
2022-02-07,179.31434631347656,180.99018132575205,174.2868412766501,175.9626762889256,9557000
2022-02-08,177.63848876953125,180.99015836895637,177.63848876953125,180.99015836895637,3211900
2022-02-09,177.63848876953125,180.99015836895637,174.28681917010613,179.3143235692438,4047900
2022-02-10,177.63848876953125,179.3143235692438,175.9626539698187,177.63848876953125,1882800
2022-02-11,177.63848876953125,179.3143235692438,175.9626539698187,179.3143235692438,3345000
2022-02-14,175.96266174316406,179.3143314906529,175.96266174316406,177.6384966169085,2931900
2022-02-15,177.63848876953125,179.3143235692438,175.9626539698187,177.63848876953125,3659700
2022-02-16,182.66600036621094,182.66600036621094,177.6384957689758,177.6384957689758,6691700
2022-02-17,180.99017333984375,184.34184321650753,180.99017333984375,182.66600827817564,4362200
2022-02-18,180.99017333984375,182.66600827817564,179.31433840151186,180.99017333984375,5363400
2022-02-21,180.99017333984375,182.66600827817564,179.31433840151186,180.99017333984375,3680900
2022-02-22,186.01768493652344,189.36935493537973,180.99017993823904,180.99017993823904,13931900
2022-02-23,184.3418426513672,187.6935125177557,177.6385029185902,187.6935125177557,9100900
2022-02-24,184.3418426513672,189.36934745094993,177.6385029185902,182.66600771817295,17072800
2022-02-25,179.31434631347656,186.0176863625785,179.31434631347656,184.34185135030302,7079400
2022-03-01,177.63848876953125,182.6659931686689,175.9626539698187,179.3143235692438,6431400
2022-03-02,177.63848876953125,179.3143235692438,175.9626539698187,177.63848876953125,3348800
2022-03-04,177.63848876953125,182.6659931686689,174.28681917010613,175.9626539698187,9734700
2022-03-07,184.3418426513672,187.6935125177557,177.6385029185902,179.31433785178444,14876300
2022-03-08,182.66600036621094,187.69350496344612,179.31433063472085,186.01767009770106,8121700
2022-03-09,177.63848876953125,186.01766276809403,177.63848876953125,184.34182796838147,11487900
2022-03-10,177.63848876953125,180.99015836895637,175.9626539698187,175.9626539698187,4542900
2022-03-11,179.31434631347656,180.99018132575205,174.2868412766501,179.31434631347656,16634600
2022-03-14,177.63848876953125,179.3143235692438,175.9626539698187,177.63848876953125,3869900
2022-03-15,174.2868194580078,177.63848906296948,174.2868194580078,177.63848906296948,4351900
2022-03-16,174.2868194580078,177.63848906296948,174.2868194580078,174.2868194580078,4257600
2022-03-17,177.63848876953125,177.63848876953125,174.28681917010613,175.9626539698187,1810000
2022-03-18,175.96266174316406,177.6384966169085,174.28682686941966,177.6384966169085,1384600
2022-03-21,177.63848876953125,177.63848876953125,174.28681917010613,175.9626539698187,3656400
2022-03-22,177.63848876953125,177.63848876953125,174.28681917010613,177.63848876953125,4961700
2022-03-23,177.63848876953125,177.63848876953125,175.9626539698187,177.63848876953125,4591800
2022-03-24,175.96266174316406,177.6384966169085,175.96266174316406,177.6384966169085,2431900
2022-03-25,179.31434631347656,179.31434631347656,175.9626762889256,175.9626762889256,4233400
2022-03-28,180.99017333984375,180.99017333984375,177.63850346318,179.31433840151186,8971500
2022-03-29,180.99017333984375,182.66600827817564,179.31433840151186,180.99017333984375,9041900
2022-03-30,180.99017333984375,180.99017333984375,179.31433840151186,180.99017333984375,3628800
2022-03-31,177.63848876953125,180.99015836895637,177.63848876953125,180.99015836895637,6094400
2022-04-01,175.96266174316406,179.3143314906529,175.96266174316406,179.3143314906529,7427100
2022-04-04,179.31434631347656,179.31434631347656,175.9626762889256,175.9626762889256,5755600
2022-04-05,179.31434631347656,179.31434631347656,175.9626762889256,177.63851130120108,3551400
2022-04-06,177.63848876953125,179.3143235692438,175.9626539698187,179.3143235692438,2798500
2022-04-07,179.31434631347656,179.31434631347656,175.9626762889256,177.63851130120108,1875400
2022-04-08,177.63848876953125,179.3143235692438,177.63848876953125,179.3143235692438,1500700
2022-04-11,175.96266174316406,179.3143314906529,175.96266174316406,177.6384966169085,6189100
2022-04-12,174.2868194580078,177.63848906296948,174.2868194580078,175.96265426048865,8588500
2022-04-13,175.96266174316406,177.6384966169085,174.28682686941966,174.28682686941966,2293600
2022-04-14,177.63848876953125,177.63848876953125,175.9626539698187,175.9626539698187,4444000
2022-04-18,177.63848876953125,177.63848876953125,175.9626539698187,177.63848876953125,2883100
2022-04-19,175.96266174316406,177.6384966169085,175.96266174316406,177.6384966169085,1584200
2022-04-20,177.63848876953125,177.63848876953125,175.9626539698187,175.9626539698187,2033200
2022-04-21,177.63848876953125,179.3143235692438,175.9626539698187,177.63848876953125,3246800
2022-04-22,179.31434631347656,179.31434631347656,177.63851130120108,177.63851130120108,3211200
2022-04-25,177.63848876953125,179.3143235692438,177.63848876953125,179.3143235692438,2579600
2022-04-26,175.96266174316406,179.3143314906529,175.96266174316406,179.3143314906529,7260600
2022-04-27,175.96266174316406,179.3143314906529,175.96266174316406,175.96266174316406,3299300
2022-04-28,175.96266174316406,179.3143314906529,175.96266174316406,175.96266174316406,4801600
2022-05-09,174.2868194580078,177.63848906296948,172.61098465552695,175.96265426048865,6650600
2022-05-10,170.93516540527344,174.28683531518075,169.25933045031977,174.28683531518075,8112200
2022-05-11,172.61099243164062,174.28682730961773,170.93515755366354,172.61099243164062,2502600
2022-05-12,169.2593231201172,172.610992884872,169.2593231201172,172.610992884872,3896600
2022-05-13,170.93516540527344,172.61100036022708,169.25933045031977,169.25933045031977,2882200
2022-05-17,172.61099243164062,174.28682730961773,169.25932267568643,170.93515755366354,3904200
2022-05-18,172.61099243164062,172.61099243164062,170.93515755366354,172.61099243164062,1240000
2022-05-19,172.61099243164062,172.61099243164062,170.93515755366354,172.61099243164062,843100
2022-05-20,172.61099243164062,174.28682730961773,170.93515755366354,172.61099243164062,3233900
2022-05-23,172.61099243164062,174.28682730961773,170.93515755366354,172.61099243164062,2129200
2022-05-24,174.2868194580078,174.2868194580078,172.61098465552695,174.2868194580078,2646100
2022-05-25,174.2868194580078,174.2868194580078,172.61098465552695,174.2868194580078,1734000
2022-05-27,172.61099243164062,174.28682730961773,172.61099243164062,174.28682730961773,1782200
2022-05-30,175.96266174316406,175.96266174316406,170.9351571219308,174.28682686941966,8220200
2022-05-31,175.96266174316406,177.6384966169085,174.28682686941966,175.96266174316406,3824300
2022-06-02,175.96266174316406,177.6384966169085,174.28682686941966,175.96266174316406,2915600
2022-06-03,177.63848876953125,177.63848876953125,174.28681917010613,177.63848876953125,1222100
2022-06-06,177.63848876953125,177.63848876953125,175.9626539698187,177.63848876953125,3041700
2022-06-07,175.96266174316406,177.6384966169085,174.28682686941966,177.6384966169085,2986600
2022-06-08,175.96266174316406,177.6384966169085,175.96266174316406,175.96266174316406,776600
2022-06-09,175.96266174316406,177.6384966169085,175.96266174316406,177.6384966169085,1317900
2022-06-10,175.96266174316406,177.6384966169085,174.28682686941966,175.96266174316406,4750600
2022-06-13,172.61099243164062,177.63849706557193,170.93515755366354,177.63849706557193,6816300
2022-06-14,172.61099243164062,174.28682730961773,170.93515755366354,172.61099243164062,4207200
2022-06-15,170.93516540527344,174.28683531518075,170.93516540527344,174.28683531518075,2292100
2022-06-16,172.61099243164062,174.28682730961773,170.93515755366354,172.61099243164062,1810300
2022-06-17,174.2868194580078,175.96265426048865,172.61098465552695,174.2868194580078,2972600
2022-06-20,174.2868194580078,175.96265426048865,172.61098465552695,174.2868194580078,3335500
2022-06-21,177.63848876953125,179.3143235692438,174.28681917010613,174.28681917010613,4461300
2022-06-22,177.63848876953125,180.99015836895637,175.9626539698187,179.3143235692438,3586700
2022-06-23,179.31434631347656,180.99018132575205,175.9626762889256,177.63851130120108,2917700
2022-06-24,179.31434631347656,180.99018132575205,177.63851130120108,179.31434631347656,3064800
2022-06-27,180.99017333984375,180.99017333984375,179.31433840151186,179.31433840151186,2161400
2022-06-28,179.31434631347656,180.99018132575205,179.31434631347656,180.99018132575205,3717600
2022-06-29,180.99017333984375,180.99017333984375,179.31433840151186,180.99017333984375,3804700
2022-06-30,177.63848876953125,180.99015836895637,177.63848876953125,180.99015836895637,9908800
2022-07-01,177.6385040283203,184.67369230666964,177.6385040283203,181.15609816749497,9240600
2022-07-04,175.8797149658203,179.39730926513673,175.0003163909912,179.39730926513673,6538700
2022-07-05,179.39730834960938,182.91490263097427,175.00031549790324,175.87971406824448,3878000
2022-07-06,177.6385040283203,179.39730109790764,175.87970695873298,177.6385040283203,3865500
2022-07-07,177.6385040283203,177.6385040283203,175.87970695873298,177.6385040283203,1119500
2022-07-08,175.8797149658203,177.6385121154785,175.8797149658203,177.6385121154785,778500
2022-07-11,179.39730834960938,181.15610549029182,175.87971406824448,177.63851120892693,1806000
2022-07-12,181.15609741210938,181.15609741210938,177.6385032876024,181.15609741210938,896900
2022-07-13,177.6385040283203,182.9148952370823,177.6385040283203,181.15609816749497,1250800
2022-07-14,179.39730834960938,179.39730834960938,175.87971406824448,177.63851120892693,1415500
2022-07-15,179.39730834960938,179.39730834960938,177.63851120892693,179.39730834960938,531300
2022-07-18,175.8797149658203,179.39730926513673,175.8797149658203,179.39730926513673,4350800
2022-07-19,175.8797149658203,179.39730926513673,175.8797149658203,177.6385121154785,3183400
2022-07-20,179.39730834960938,179.39730834960938,175.87971406824448,177.63851120892693,3176400
2022-07-21,177.6385040283203,179.39730109790764,177.6385040283203,179.39730109790764,1434900
2022-07-22,177.6385040283203,179.39730109790764,175.87970695873298,177.6385040283203,2131800
2022-07-25,179.39730834960938,179.39730834960938,175.87971406824448,177.63851120892693,1617800
2022-07-26,179.39730834960938,179.39730834960938,177.63851120892693,177.63851120892693,1185500
2022-07-27,177.6385040283203,179.39730109790764,177.6385040283203,179.39730109790764,2838800
2022-07-28,181.15609741210938,181.15609741210938,177.6385032876024,177.6385032876024,1686900
2022-07-29,181.15609741210938,181.15609741210938,177.6385032876024,181.15609741210938,2908400
2022-08-01,179.39730834960938,182.91490263097427,179.39730834960938,179.39730834960938,4617700
2022-08-02,177.6385040283203,181.15609816749497,177.6385040283203,179.39730109790764,5188500
2022-08-03,177.6385040283203,179.39730109790764,177.6385040283203,177.6385040283203,4609700
2022-08-04,175.8797149658203,179.39730926513673,175.8797149658203,179.39730926513673,11753000
2022-08-05,193.46768188476562,193.46768188476562,175.87971080433238,177.6385079123757,48454100
2022-08-08,191.70887756347656,196.98526868907686,186.4324864378763,193.46767460534332,18395000
2022-08-09,188.19129943847656,193.46769101151796,186.43250224746276,191.70889382050416,12642800
2022-08-10,177.6385040283203,189.95008351543163,175.87970695873298,188.1912864458443,61798700
2022-08-11,181.15609741210938,181.15609741210938,177.6385032876024,179.39730034985587,5515100
2022-08-12,179.39730834960938,181.15610549029182,179.39730834960938,179.39730834960938,4730700
2022-08-15,182.91488647460938,186.43248044527493,179.39729250394382,181.1560894892766,13058100
2022-08-16,182.91488647460938,184.67368345994217,181.1560894892766,181.1560894892766,4388300
2022-08-18,186.43247985839844,189.95007381799087,181.15608891900982,182.91488589880603,15396000
2022-08-19,186.43247985839844,188.19127683819465,182.91488589880603,186.43247985839844,3772700
2022-08-22,181.15609741210938,186.43248859886984,181.15609741210938,186.43248859886984,3744000
2022-08-23,181.15609741210938,182.91489447436285,181.15609741210938,181.15609741210938,2625700
2022-08-24,181.15609741210938,182.91489447436285,177.6385032876024,182.91489447436285,11822600
2022-08-25,182.91488647460938,182.91488647460938,181.1560894892766,181.1560894892766,2101200
2022-08-26,181.15609741210938,182.91489447436285,181.15609741210938,182.91489447436285,2614000
2022-08-29,181.15609741210938,182.91489447436285,179.39730034985587,181.15609741210938,4889400
2022-08-30,179.39730834960938,181.15610549029182,179.39730834960938,181.15610549029182,6754800
2022-08-31,181.15609741210938,181.15609741210938,177.6385032876024,179.39730034985587,3753300
2022-09-01,179.39730834960938,181.15610549029182,179.39730834960938,179.39730834960938,6150900
2022-09-02,181.15609741210938,181.15609741210938,179.39730034985587,179.39730034985587,4752900
2022-09-05,181.15609741210938,182.91489447436285,179.39730034985587,181.15609741210938,6376800
2022-09-06,181.15609741210938,182.91489447436285,181.15609741210938,181.15609741210938,2365800
2022-09-07,181.15609741210938,182.91489447436285,181.15609741210938,182.91489447436285,2812900
2022-09-08,181.15609741210938,182.91489447436285,177.6385032876024,181.15609741210938,5939300
2022-09-09,181.15609741210938,182.91489447436285,179.39730034985587,181.15609741210938,2583500
2022-09-12,182.91488647460938,182.91488647460938,181.1560894892766,181.1560894892766,1082500
2022-09-13,184.67369079589844,184.67369079589844,181.1560966855004,182.91489374069943,2903000
2022-09-14,182.91488647460938,184.67368345994217,181.1560894892766,184.67368345994217,4263500
2022-09-15,184.67369079589844,191.70887901669457,182.91489374069943,182.91489374069943,10142700
2022-09-16,186.43247985839844,193.4676677775833,184.67368287860222,188.19127683819465,15252900
2022-09-19,186.43247985839844,188.19127683819465,184.67368287860222,188.19127683819465,5275500
2022-09-20,184.67369079589844,188.19128490629652,182.91489374069943,186.43248785109748,4829000
2022-09-21,184.67369079589844,186.43248785109748,184.67369079589844,184.67369079589844,2654200
2022-09-22,184.67369079589844,186.43248785109748,182.91489374069943,184.67369079589844,2120500
2022-09-23,182.91488647460938,184.67368345994217,181.1560894892766,184.67368345994217,5212400
2022-09-26,181.15609741210938,184.67369153661633,179.39730034985587,184.67369153661633,5856100
2022-09-27,184.67369079589844,184.67369079589844,179.39729963030135,181.1560966855004,4256000
2022-09-28,181.15609741210938,188.19128566112332,181.15609741210938,184.67369153661633,5265600
2022-09-29,179.39730834960938,184.6736997716567,179.39730834960938,182.91490263097427,5553300
2022-09-30,181.15609741210938,181.15609741210938,177.6385032876024,179.39730034985587,2947200
2022-10-03,179.39730834960938,181.15610549029182,179.39730834960938,181.15610549029182,5964900
2022-10-04,182.91488647460938,182.91488647460938,179.39729250394382,179.39729250394382,3507000
2022-10-05,181.15609741210938,184.67369153661633,181.15609741210938,182.91489447436285,2121500
2022-10-06,181.15609741210938,184.67369153661633,179.39730034985587,181.15609741210938,3571100
2022-10-07,179.39730834960938,182.91490263097427,179.39730834960938,182.91490263097427,1917400
2022-10-10,179.39730834960938,181.15610549029182,177.63851120892693,179.39730834960938,4601200
2022-10-11,179.39730834960938,181.15610549029182,179.39730834960938,179.39730834960938,2664100
2022-10-12,177.6385040283203,181.15609816749497,177.6385040283203,179.39730109790764,4352900
2022-10-13,179.39730834960938,181.15610549029182,177.63851120892693,177.63851120892693,1954400
2022-10-14,179.39730834960938,181.15610549029182,179.39730834960938,181.15610549029182,1769700
2022-10-17,179.39730834960938,179.39730834960938,177.63851120892693,179.39730834960938,2363200
2022-10-18,177.6385040283203,181.15609816749497,177.6385040283203,179.39730109790764,6621900
2022-10-19,179.39730834960938,179.39730834960938,177.63851120892693,177.63851120892693,1298700
2022-10-20,179.39730834960938,182.91490263097427,177.63851120892693,179.39730834960938,4867100
2022-10-21,181.15609741210938,184.67369153661633,179.39730034985587,179.39730034985587,5769900
2022-10-24,182.91488647460938,182.91488647460938,181.1560894892766,181.1560894892766,2742100
2022-10-25,179.39730834960938,182.91490263097427,179.39730834960938,182.91490263097427,3231800
2022-10-26,181.15609741210938,182.91489447436285,179.39730034985587,179.39730034985587,4647500
2022-10-27,181.15609741210938,182.91489447436285,179.39730034985587,181.15609741210938,3965400
2022-10-28,179.39730834960938,182.91490263097427,179.39730834960938,181.15610549029182,2498600
2022-10-31,179.39730834960938,181.15610549029182,179.39730834960938,179.39730834960938,4603900
2022-11-01,179.39730834960938,181.15610549029182,177.63851120892693,179.39730834960938,6628500
2022-11-02,177.6385040283203,181.15609816749497,177.6385040283203,179.39730109790764,8723900
2022-11-03,179.39730834960938,179.39730834960938,177.63851120892693,177.63851120892693,4675700
2022-11-04,177.6385040283203,179.39730109790764,177.6385040283203,179.39730109790764,6944600
2022-11-07,179.39730834960938,181.15610549029182,177.63851120892693,177.63851120892693,5458500
2022-11-08,179.39730834960938,181.15610549029182,177.63851120892693,179.39730834960938,3251800
2022-11-09,179.39730834960938,182.91490263097427,179.39730834960938,179.39730834960938,5748600
2022-11-10,179.39730834960938,181.15610549029182,177.63851120892693,179.39730834960938,3928600
2022-11-11,181.15609741210938,181.15609741210938,179.39730034985587,179.39730034985587,2835200
2022-11-14,181.15609741210938,181.15609741210938,177.6385032876024,181.15609741210938,5423900
2022-11-15,181.15609741210938,182.91489447436285,179.39730034985587,181.15609741210938,10521900
2022-11-16,182.91488647460938,184.67368345994217,181.1560894892766,181.1560894892766,7953400
2022-11-17,184.67369079589844,184.67369079589844,181.1560966855004,182.91489374069943,7303900
2022-11-18,181.15609741210938,184.67369153661633,181.15609741210938,184.67369153661633,6738800
2022-11-21,179.39730834960938,182.91490263097427,179.39730834960938,182.91490263097427,3779500
2022-11-22,179.39730834960938,182.91490263097427,179.39730834960938,179.39730834960938,5091000
2022-11-23,179.39730834960938,181.15610549029182,179.39730834960938,179.39730834960938,5622500
2022-11-24,179.39730834960938,182.91490263097427,179.39730834960938,179.39730834960938,4846500
2022-11-25,181.15609741210938,181.15609741210938,179.39730034985587,179.39730034985587,1533900
2022-11-28,179.39730834960938,182.91490263097427,179.39730834960938,181.15610549029182,11857800
2022-11-29,179.39730834960938,181.15610549029182,179.39730834960938,179.39730834960938,3624600
2022-11-30,179.39730834960938,181.15610549029182,177.63851120892693,181.15610549029182,8057900
2022-12-01,181.15609741210938,181.15609741210938,177.6385032876024,179.39730034985587,2629900
2022-12-02,179.39730834960938,181.15610549029182,179.39730834960938,181.15610549029182,1980200
2022-12-05,181.15609741210938,181.15609741210938,179.39730034985587,179.39730034985587,2664400
2022-12-06,177.6385040283203,181.15609816749497,177.6385040283203,181.15609816749497,2359400
2022-12-07,177.6385040283203,179.39730109790764,177.6385040283203,177.6385040283203,2179800
2022-12-08,175.8797149658203,179.39730926513673,175.8797149658203,177.6385121154785,10823200
2022-12-09,177.6385040283203,179.39730109790764,175.87970695873298,175.87970695873298,3561500
2022-12-12,181.15609741210938,182.91489447436285,177.6385032876024,179.39730034985587,5983000
2022-12-13,177.6385040283203,181.15609816749497,177.6385040283203,181.15609816749497,6379800
2022-12-14,179.39730834960938,181.15610549029182,175.87971406824448,179.39730834960938,3628400
2022-12-15,179.39730834960938,181.15610549029182,177.63851120892693,179.39730834960938,3533300
2022-12-16,179.39730834960938,181.15610549029182,179.39730834960938,179.39730834960938,1785300
2022-12-19,179.39730834960938,181.15610549029182,179.39730834960938,179.39730834960938,1794100
2022-12-20,179.39730834960938,181.15610549029182,179.39730834960938,179.39730834960938,1593700
2022-12-21,179.39730834960938,182.91490263097427,179.39730834960938,181.15610549029182,5434300
2022-12-22,181.15609741210938,181.15609741210938,179.39730034985587,181.15609741210938,3023300
2022-12-23,179.39730834960938,181.15610549029182,179.39730834960938,181.15610549029182,3380500
2022-12-26,181.15609741210938,181.15609741210938,179.39730034985587,181.15609741210938,3203400
2022-12-27,181.15609741210938,181.15609741210938,179.39730034985587,181.15609741210938,1823700
2022-12-28,179.39730834960938,181.15610549029182,177.63851120892693,179.39730834960938,4387600
2022-12-29,177.6385040283203,179.39730109790764,177.6385040283203,179.39730109790764,4397800
2022-12-30,177.6385040283203,179.39730109790764,177.6385040283203,179.39730109790764,1874500
2023-01-02,179.39730834960938,182.91490263097427,177.63851120892693,179.39730834960938,10905000
2023-01-03,179.39730834960938,181.15610549029182,179.39730834960938,179.39730834960938,2188600
2023-01-04,181.15609741210938,182.91489447436285,179.39730034985587,179.39730034985587,9898700
2023-01-05,179.39730834960938,181.15610549029182,177.63851120892693,181.15610549029182,11498600
2023-01-06,177.6385040283203,179.39730109790764,177.6385040283203,177.6385040283203,3514600
2023-01-09,177.6385040283203,179.39730109790764,177.6385040283203,179.39730109790764,4585800
2023-01-10,177.6385040283203,179.39730109790764,177.6385040283203,179.39730109790764,1541200
2023-01-11,181.15609741210938,182.91489447436285,177.6385032876024,179.39730034985587,10486600
2023-01-12,182.91488647460938,184.67368345994217,179.39729250394382,181.1560894892766,6330300
2023-01-13,181.15609741210938,184.67369153661633,181.15609741210938,182.91489447436285,5528200
2023-01-16,189.95008850097656,189.95008850097656,182.91490003797745,184.67369715372723,35216400
2023-01-17,181.15609741210938,189.9500827233768,179.39730034985587,189.9500827233768,21861500
2023-01-18,182.91488647460938,184.67368345994217,181.1560894892766,182.91488647460938,2874300
2023-01-19,182.91488647460938,186.43248044527493,182.91488647460938,184.67368345994217,3990000
2023-01-20,182.91488647460938,186.43248044527493,182.91488647460938,184.67368345994217,2527600
2023-01-24,186.43247985839844,188.19127683819465,182.91488589880603,182.91488589880603,5540100
2023-01-25,188.19129943847656,188.19129943847656,184.67370505644897,188.19129943847656,4111500
2023-01-26,186.43247985839844,189.95007381799087,186.43247985839844,188.19127683819465,2448900
2023-01-27,184.67369079589844,189.95008196149556,181.1560966855004,188.19128490629652,9638800
2023-01-30,186.43247985839844,188.19127683819465,184.67368287860222,186.43247985839844,4668700
2023-01-31,186.43247985839844,186.43247985839844,184.67368287860222,186.43247985839844,1962300
2023-02-01,188.19129943847656,189.95009662949036,186.43250224746276,186.43250224746276,3546800
2023-02-02,186.43247985839844,189.95007381799087,182.91488589880603,188.19127683819465,9795600
2023-02-03,186.43247985839844,189.95007381799087,186.43247985839844,186.43247985839844,2432700
2023-02-06,186.43247985839844,189.95007381799087,184.67368287860222,188.19127683819465,2753000
2023-02-07,186.43247985839844,188.19127683819465,184.67368287860222,186.43247985839844,390300
2023-02-08,186.43247985839844,188.19127683819465,184.67368287860222,186.43247985839844,3784000
2023-02-09,186.43247985839844,188.19127683819465,186.43247985839844,186.43247985839844,1649400
2023-02-10,188.19129943847656,188.19129943847656,186.43250224746276,186.43250224746276,3358400
2023-02-13,188.19129943847656,188.19129943847656,186.43250224746276,186.43250224746276,1569800
2023-02-14,188.19129943847656,188.19129943847656,186.43250224746276,186.43250224746276,1928800
2023-02-15,189.95008850097656,189.95008850097656,186.432494269477,188.19129138522678,1833300
2023-02-16,189.95008850097656,189.95008850097656,188.19129138522678,189.95008850097656,2467100
2023-02-17,191.70887756347656,193.46767460534332,188.19128347974305,189.9500805216098,16911100
2023-02-20,230.4024200439453,235.67881134266162,191.70888385335908,191.70888385335908,78411500
2023-02-21,219.84963989257812,240.95520532226564,214.57324853515627,230.4024226074219,82694400
2023-02-22,274.3723449707031,274.3723449707031,221.60843247633713,221.60843247633713,261128000
2023-02-23,295.4778747558594,342.9653903416225,276.1311091468448,307.78945287068683,367451300
2023-02-24,309.54827880859375,318.3422640020197,283.16632322831583,298.9954965764826,121035800
2023-02-27,304.2718811035156,344.72421211727783,300.7542871023189,313.0658661065074,149511000
2023-02-28,297.2366943359375,309.5482733912722,290.20150630431766,304.2718823675573,26294800
2023-03-01,298.9954833984375,313.0658590877757,295.4778894761029,298.9954833984375,27065700
2023-03-02,286.68389892578125,309.54825896280676,279.6487112220811,300.75427433318157,83362700
2023-03-03,272.6135559082031,288.44273012222783,267.33716450352824,274.3723530430948,40548700
2023-03-06,274.3723449707031,281.4075333032853,263.81956247182995,272.6135478875576,15989200
2023-03-07,274.3723449707031,281.4075333032853,270.85475080441205,276.13114205384863,12879200
2023-03-08,288.4427185058594,291.9603126339796,269.09595080119806,274.3723419933784,34152100
2023-03-09,284.92510986328125,295.47789171006946,276.13112499095774,290.20150078667535,24133500
2023-03-10,265.578369140625,286.6839349001449,265.578369140625,281.4075434602649,30250300
2023-03-13,272.6135559082031,283.16633871755295,249.7491931546119,265.5783673686366,41857900
2023-03-14,267.337158203125,286.68392623098276,262.06076692280016,274.37234657689146,19229200
2023-03-15,263.8195495605469,270.85473754882815,260.30195556640626,270.85473754882815,12854800
2023-03-16,269.095947265625,277.889932470384,253.26677389705884,265.5783531837214,25496100
2023-03-17,311.3070983886719,320.10108421886036,269.0959664037672,269.0959664037672,163352200
2023-03-20,341.2066345214844,341.2066345214844,306.03069281823855,311.30708407372543,159150300
2023-03-21,318.34228515625,353.51822826743785,318.34228515625,351.7594311118784,81796500
2023-03-24,318.34228515625,341.2066481785221,311.30709653401243,318.34228515625,35116100
2023-03-27,318.34228515625,325.37747377848757,311.30709653401243,320.10108231180936,25233000
2023-03-28,313.06585693359375,321.8598416789194,297.23668439200753,318.34224778078914,50671300
2023-03-29,311.3070983886719,320.10108421886036,304.2719097245211,313.0658955547096,16806600
2023-03-30,328.8950500488281,328.8950500488281,309.5482823988971,309.5482823988971,68991100
2023-03-31,325.3774719238281,339.4478490881018,316.58348619615714,330.65386336043076,76957300
2023-04-03,328.8950500488281,335.9302382851667,318.3422676943203,325.37745593065887,25363300
2023-04-04,327.13623046875,334.1714182207661,325.377433530746,332.4126212827621,15262000
2023-04-05,334.1714172363281,357.0357773630243,328.8950264378598,332.4126203035054,121601500
2023-04-06,314.82470703125,335.93027398306566,311.3071125392807,328.8950849991271,44725600
2023-04-10,316.5834655761719,320.10105963812936,304.2718863593207,314.82466854519316,12436200
2023-04-11,325.3774719238281,330.65386336043076,309.54829761402027,318.3422833416913,29569800
2023-04-12,325.3774719238281,328.89506621489653,323.61867477829395,327.13626906936236,14895200
2023-04-13,325.3774719238281,327.13626906936236,316.58348619615714,327.13626906936236,11715100
2023-04-14,316.5834655761719,334.1714358859592,316.5834655761719,332.41263885498046,17755600
2023-04-17,311.3070983886719,318.34228705282266,298.995518226408,318.34228705282266,13880600
2023-04-18,313.06585693359375,318.34224778078914,307.78946608639836,307.78946608639836,7938300
2023-04-26,325.3774719238281,327.13626906936236,304.2719061774177,314.8246890506229,20816400
2023-04-27,339.44781494140625,348.24179978444784,323.6186422239313,325.37743919253967,46633800
2023-04-28,325.3774719238281,346.4830376702386,325.3774719238281,341.206646233636,40019100
2023-05-02,330.65380859375,334.17140230219417,321.8598243226396,325.3774180310838,19433900
2023-05-03,323.61865234375,334.171434485394,316.5834642493206,334.171434485394,30636200
2023-05-04,320.1010437011719,342.9654039655413,314.8246528709328,334.1714192484761,49928000
2023-05-05,313.06585693359375,327.13623252611484,309.5482630354635,323.6186386279845,27484900
2023-05-08,311.3070983886719,316.58348988678495,298.995518226408,314.82469272074724,20503100
2023-05-09,302.5130615234375,320.1010302166606,297.23667091547054,311.3070458700491,60853600
2023-05-10,288.4427185058594,304.2718920824004,281.4075302496189,302.5130950183403,68874600
2023-05-11,298.9954833984375,300.75428035960476,286.68390467026654,288.4427016314338,25232500
2023-05-12,318.34228515625,320.10108231180936,293.7191249784185,298.99551644509665,58865000
2023-05-15,314.82470703125,320.10109876920393,309.54831529329607,320.10109876920393,20748000
2023-05-16,332.41265869140625,341.2066443710731,313.06589019613926,314.8246873320726,77619800
2023-05-17,360.55340576171875,376.38257967320885,330.65385504001523,332.4126521412919,157561000
2023-05-19,348.2418212890625,381.6589657561948,339.4478359029751,365.8297920612374,98000900
2023-05-22,344.7242126464844,364.0709796827667,339.4478216365892,348.24180665308114,32696600
2023-05-23,358.79461669921875,360.55341383990117,344.7242395737592,344.7242395737592,37967000
2023-05-24,355.2770080566406,364.0709934045773,351.75941391746596,360.5533992654026,23899700
2023-05-25,365.82977294921875,367.5885699345515,353.5181940518893,355.27699103722205,39986400
2023-05-26,362.31219482421875,369.34738307323266,353.5182095129513,365.8297889487257,23626300
2023-05-29,364.07098388671875,374.62376602836275,344.72421662703806,364.07098388671875,81639100
2023-05-30,357.0357971191406,401.00572287272934,353.5182030588535,365.82978226985836,99473900
2023-05-31,351.7594299316406,362.31221282958984,344.7242413330078,357.03582138061523,23886300
2023-06-05,346.4830322265625,353.5182206981678,344.72423510866116,351.75942358026646,10428300
2023-06-06,341.2066345214844,348.2418228621335,330.6538520105106,346.4830257769712,32068400
2023-06-07,342.9654235839844,351.75940880408655,337.6890324519231,341.20662653996396,23132200
2023-06-08,291.9602966308594,346.4830026281885,291.9602966308594,344.72420566053273,209365400
2023-06-09,316.5834655761719,320.10105963812936,249.74917839898004,249.74917839898004,188791200
2023-06-12,314.82470703125,321.85989601518855,306.0307208013268,316.5835042772346,30175100
2023-06-13,318.4642639160156,329.3830386788504,316.64446812220984,322.10385550362724,16876500
2023-06-14,329.383056640625,333.0226484267092,314.824689496288,314.824689496288,20174800
2023-06-15,318.4642639160156,331.20283447265626,294.8069185965402,331.20283447265626,61297100
2023-06-16,320.2840576171875,322.10385339910334,313.0048744895242,313.0048744895242,10566000
2023-06-19,318.4642639160156,327.56324288504464,318.4642639160156,320.2840597098214,7159500
2023-06-20,360.319580078125,367.5987635140467,314.8246836036143,320.28407118055554,81399900
2023-06-21,416.7332458496094,425.8322250166314,360.3195750140727,360.3195750140727,216508800
2023-06-22,398.5352783203125,436.7509899400685,382.1571161975599,422.19262360873284,133265700
2023-06-23,376.6977233886719,413.0936386919252,373.05813185834654,383.97690644932254,86888500
2023-06-26,378.51751708984375,385.79670011080225,367.59874255840595,380.3373128450834,24305100
2023-06-27,365.7789611816406,383.97691944938396,360.3195737013176,382.1571236226096,45343600
2023-07-03,389.43634033203125,393.07593229775114,367.5987885377117,367.5987885377117,42146700
2023-07-04,394.89569091796875,405.81446578206004,389.43630348592313,393.0758951072869,28304800
2023-07-05,391.256103515625,405.81447015806685,385.7967160247093,398.53528683684596,48257500
2023-07-06,389.43634033203125,394.8957282806111,376.69776845201153,391.2561363148912,16850300
2023-07-07,394.89569091796875,400.3550783500144,383.97691605387746,389.43630348592313,24463100
2023-07-10,414.9134521484375,420.3728396767064,393.0759020353618,396.71549372087446,62461000
2023-07-11,414.9134521484375,434.93120641875686,398.5352895636307,416.7332479911938,49266500
2023-07-12,422.192626953125,433.1114017881196,413.0936479239628,413.0936479239628,25502300
2023-07-13,376.6977233886719,427.65200481322654,360.3195615022079,424.0124132829012,204762000
2023-07-14,387.6164855957031,393.07587271676937,363.9591414044161,378.5175070605927,43777100
2023-07-17,391.256103515625,396.71549100654073,380.3373285337936,387.61651185501455,63400700
2023-07-18,389.43634033203125,396.7155242634711,378.5175644348715,393.07593229775114,31160500
2023-07-20,383.9769287109375,398.5352956762811,380.3373369696016,391.2561121936093,33486700
2023-07-21,374.8779602050781,385.79673574503187,371.2383683584269,382.15714389838064,16145600
2023-07-24,387.6164855957031,394.89566842379145,369.4185285254823,374.87791564654856,53040700
2023-07-25,385.7967224121094,393.0759058538473,380.33733483080596,389.43631413297834,21397800
2023-07-26,418.55303955078125,424.01242702318274,382.1571230681046,387.6165105405061,60882900
2023-07-27,427.6520080566406,445.8499658462849,413.09364182492516,422.1926207197473,76661000
2023-07-28,431.2915954589844,440.3905742661359,424.0124124132631,429.47179969755405,32264200
2023-07-31,440.3905944824219,454.9489612421714,425.8322277226724,433.11141110254715,111383400
2023-08-01,427.6520080566406,445.8499658462849,427.6520080566406,445.8499658462849,27876300
2023-08-02,414.9134521484375,436.7510022615131,407.6342687774123,427.65202304773163,37706900
2023-08-03,416.7332458496094,433.11140835024906,413.09365418280055,416.7332458496094,20355800
2023-08-04,416.7332458496094,422.1926333498226,411.27385834939616,416.7332458496094,9458500
2023-08-07,431.2915954589844,431.2915954589844,403.99465903752963,416.73322936754187,29923000
2023-08-08,445.8499755859375,453.1291588608099,427.65201739875636,433.1114048549107,40482700
2023-08-09,473.14691162109375,477.69640115591193,445.8499744121845,445.8499744121845,74567400
2023-08-10,518.641845703125,527.7408254523026,449.489599609375,473.1469469572368,82247700
2023-08-11,482.24591064453125,527.7408078751474,482.24591064453125,527.7408078751474,58305800
2023-08-14,500.44384765625,504.99333718039776,482.2458895596591,486.79537908380684,17815600
2023-08-15,482.24591064453125,518.6418284290241,473.146931198408,504.99335925983934,28629600
2023-08-16,491.34490966796875,504.9933793809679,477.6964399549696,491.34490966796875,23872000
2023-08-18,473.14691162109375,491.3448697603666,459.4984430166391,491.3448697603666,27293800
2023-08-21,482.24591064453125,486.79540036759283,468.5974414753464,473.146931198408,35785400
2023-08-22,514.09228515625,523.1912636545908,482.24586041205754,482.24586041205754,51520700
2023-08-23,495.8943786621094,523.1913169370879,486.79539923711656,518.6418272245915,30360900
2023-08-24,486.7953796386719,500.443848226672,486.7953796386719,495.89435869733865,21828800
2023-08-25,482.24591064453125,495.8943798137161,477.6964209214696,486.79540036759283,13115900
2023-08-28,464.04791259765625,491.3448486328125,459.49842325846356,482.24586995442706,25807700
2023-08-29,477.6963806152344,482.24586995442706,454.9489339192708,454.9489339192708,21459200
2023-08-30,473.14691162109375,482.24589069073016,464.04793255145734,477.69640115591193,16099000
2023-08-31,486.7953796386719,486.7953796386719,468.59742152133833,473.14691105067175,11545400
2023-09-01,477.6963806152344,491.3448486328125,464.04791259765625,491.3448486328125,20956000
2023-09-04,477.6963806152344,500.44382731119794,468.59740193684894,477.6963806152344,18240700
2023-09-05,464.04791259765625,482.24586995442706,464.04791259765625,477.6963806152344,21474100
2023-09-06,473.14691162109375,477.69640115591193,464.04793255145734,464.04793255145734,6118400
2023-09-07,459.49847412109375,477.69643349222616,454.94898427831066,473.1469436494431,10276300
2023-09-08,459.49847412109375,464.04796396387684,444.0302086556312,459.49847412109375,11536400
2023-09-11,459.49847412109375,464.04796396387684,453.1291883411974,459.49847412109375,3576800
2023-09-12,454.948974609375,468.5974438476562,436.751015625,459.49846435546874,69922800
2023-09-13,436.7510070800781,454.9489657084147,434.9312112172444,454.9489657084147,20175700
2023-09-14,413.0936279296875,436.75097226046256,409.45403649418364,436.75097226046256,51145200
2023-09-15,422.192626953125,431.29160598228714,411.2738521181304,413.0936479239628,45837800
2023-09-18,407.63427734375,427.6520320347377,405.81448146275113,424.0124402727399,27128600
2023-09-19,413.0936279296875,418.55301508294326,396.71546646992016,407.63424077643174,19166200
2023-09-20,407.63427734375,414.9134608677455,403.9946855817522,413.09366498674666,7096800
2023-09-21,402.17486572265625,409.4540488126591,396.7154784051541,407.63425304015834,7224700
2023-09-22,407.63427734375,414.9134608677455,402.17488970075334,402.17488970075334,8048600
2023-09-25,420.3728332519531,425.8322206967837,400.3550792875744,409.454058362292,19126300
2023-09-26,403.9946594238281,424.0124128187025,402.1748636606577,422.1926170555321,20449600
2023-09-27,403.9946594238281,409.4540467133393,400.35506789748734,409.4540467133393,12766400
2023-09-29,407.63427734375,411.27386910574774,402.17488970075334,403.9946855817522,4712600
2023-10-02,382.1571350097656,411.27386910574774,382.1571350097656,407.63427734375,32715400
2023-10-03,380.33734130859375,387.6165248743085,373.058157742879,382.1571372000224,10892800
2023-10-04,362.1393737792969,385.7967198050801,360.3195779311597,380.3373322606686,41314200
2023-10-05,367.5987548828125,376.69773396407027,347.5810009040455,347.5810009040455,16226600
2023-10-06,371.2383728027344,376.6977606380687,367.5987809125115,367.5987809125115,1993100
2023-10-09,371.2383728027344,382.157148473403,369.4185768576229,371.2383728027344,8778900
2023-10-10,382.1571350097656,394.8957061767578,373.0581556047712,378.51754324776783,15114900
2023-10-11,378.51751708984375,391.2560873765212,378.51751708984375,387.6164958660419,4088100
2023-10-12,376.6977233886719,383.97690644932254,371.2383360931839,380.3373149189972,7357300
2023-10-13,371.2383728027344,376.6977606380687,367.5987809125115,376.6977606380687,4960100
2023-10-16,396.7154846191406,414.91344262919296,376.69773080808307,380.3373224100935,40981000
2023-10-17,393.0758972167969,402.17487631903754,389.43630557590063,396.7154888576932,9628100
2023-10-18,389.43634033203125,405.81450417777086,385.7967483663113,393.07593229775114,14875600
2023-10-19,387.6164855957031,396.71546413081353,383.97689418165896,394.89566842379145,9824700
2023-10-20,398.5352783203125,398.5352783203125,380.33732040614296,393.07589094606163,8737200
2023-10-23,387.6164855957031,402.1748512518798,383.97689418165896,396.71546413081353,10207700
2023-10-24,413.0936279296875,420.3728108006952,383.9768964456567,387.61648788116054,25442400
2023-10-25,403.9946594238281,422.1926170555321,400.35506789748734,422.1926170555321,12777500
2023-10-26,400.3551025390625,413.09367398348724,398.5353066184304,405.8144903009588,14467200
2023-10-27,398.5352783203125,407.63425727739724,396.71548252889556,402.1748699031464,10559000
2023-10-30,402.17486572265625,418.55302767516264,396.7154784051541,403.99466149515695,30824100
2023-10-31,391.256103515625,405.81447015806685,383.9769201944041,402.1748784974564,15440900
2023-11-01,376.6977233886719,385.7967022144852,363.9591530325332,385.7967022144852,28917900
2023-11-02,376.6977233886719,385.7967022144852,373.05813185834654,378.51751915383454,8678700
2023-11-03,371.2383728027344,378.5175565831801,369.4185768576229,376.6977606380687,7937900
2023-11-06,378.51751708984375,382.157108600323,373.0581298241248,373.0581298241248,9770000
2023-11-07,373.0581359863281,378.5175233422256,373.0581359863281,378.5175233422256,5084400
2023-11-08,373.0581359863281,374.8779317716273,369.4185444157298,374.8779317716273,5076700
2023-11-09,378.51751708984375,385.79670011080225,371.2383340688852,373.0581298241248,7908500
2023-11-10,371.2383728027344,380.33735252829155,371.2383728027344,378.5175565831801,7719800
2023-11-13,371.2383728027344,374.8779646929572,367.5987809125115,373.0581687478458,8830100
2023-11-14,369.4185485839844,380.337323418979,363.95916116648704,373.05814019564923,12974000
2023-11-15,373.0581359863281,374.8779317716273,363.9591570598323,369.4185444157298,10294000
2023-11-16,360.319580078125,373.058151090988,354.8601925011837,373.058151090988,14729200
2023-11-17,353.0404052734375,363.95918069426546,353.0404052734375,360.3195888873228,13040900
2023-11-20,363.95916748046875,365.7789633178711,353.0403924560547,353.0403924560547,50407300
2023-11-21,365.7789611816406,369.4185528351893,354.86018622099465,363.9591653548663,15123400
2023-11-22,373.0581359863281,380.3373191275248,363.9591570598323,365.77895284513147,14225300
2023-11-23,373.0581359863281,378.5175233422256,373.0581359863281,373.0581359863281,8958600
2023-11-24,360.319580078125,373.058151090988,360.319580078125,373.058151090988,8136500
2023-11-27,360.319580078125,367.5987635140467,358.49978421914454,360.319580078125,9755500
2023-11-28,362.1393737792969,365.7789654755712,360.3195779311597,360.3195779311597,5905300
2023-11-29,367.5987548828125,376.69773396407027,363.9591632503094,363.9591632503094,14919400
2023-11-30,360.319580078125,371.23835523200756,360.319580078125,369.41855937302716,9674500
2023-12-01,356.67999267578125,365.77897208077565,351.2206050327846,365.77897208077565,26475700
2023-12-04,380.33734130859375,387.6165248743085,365.77897417716434,365.77897417716434,44060400
2023-12-05,365.7789611816406,382.1571236226096,363.9591653548663,382.1571236226096,22857900
2023-12-06,362.1393737792969,367.5987613237084,360.3195779311597,365.7789654755712,11537800
2023-12-07,353.0404052734375,365.7789765977368,353.0404052734375,363.95918069426546,12966800
2023-12-08,354.8601989746094,360.31958665114183,347.58101540589945,354.8601989746094,10960000
2023-12-11,345.7611999511719,358.4997704756887,345.7611999511719,354.86017889725537,10903900
2023-12-12,329.383056640625,349.4008114640884,327.56326074758283,345.7612196780041,31374800
2023-12-13,320.2840576171875,334.8424238725142,320.2840576171875,327.5632407448509,10634300
2023-12-14,325.74346923828125,334.84244882594277,323.92367332074895,325.74346923828125,13836900
2023-12-15,325.74346923828125,336.662244743475,323.92367332074895,327.56326515581355,5442200
2023-12-18,320.2840576171875,336.66221965443003,318.46426183527166,329.3830365267667,11952500
2023-12-19,313.0048522949219,323.9236262121866,291.1673044603925,291.1673044603925,28549800
2023-12-20,311.1850891113281,320.2840683251096,309.3652932685718,313.00488495408445,19241900
2023-12-21,313.0048522949219,314.82464794779935,303.9058740305346,311.18505664204446,7352200
2023-12-22,314.8246765136719,320.28406396766616,313.00488069567376,313.00488069567376,5480100
2023-12-27,316.64447021484375,331.2028366615032,313.0048786031789,318.4642660206762,18482000
2023-12-28,316.64447021484375,325.7434492440059,314.8246744090113,318.4642660206762,12120300
2023-12-29,316.64447021484375,322.10385763234103,311.1850827973464,318.4642660206762,9609500
2024-01-02,323.92364501953125,329.38303229514133,316.64446198538445,316.64446198538445,7746300
2024-01-03,320.2840576171875,327.5632407448509,320.2840576171875,323.9236491810192,4733900
2024-01-04,325.74346923828125,327.56326515581355,316.6444896506198,320.28408148568434,8076200
2024-01-05,323.92364501953125,329.38303229514133,323.92364501953125,327.5632365366046,3124900
2024-01-08,322.1038513183594,325.7434428586798,322.1038513183594,325.7434428586798,4096900
2024-01-09,318.4642639160156,322.10385550362724,314.824672328404,322.10385550362724,3760800
2024-01-10,320.2840576171875,323.9236491810192,318.46426183527166,318.46426183527166,2572000
2024-01-11,320.2840576171875,322.10385339910334,314.82467027143997,320.2840576171875,3685800
2024-01-12,318.4642639160156,320.2840597098214,314.824672328404,320.2840597098214,4289800
2024-01-15,333.0226135253906,336.6622049300397,318.46424790679436,318.46424790679436,9554300
2024-01-16,351.2205810546875,362.13935559524776,333.0226234870871,333.0226234870871,30877900
2024-01-17,333.0226135253906,354.8601619532851,333.0226135253906,351.22057054863603,15630700
2024-01-18,329.383056640625,338.4820361058356,327.56326074758283,333.0226484267092,6942200
2024-01-19,336.6622314453125,340.30182313661317,327.5632522170608,331.2028439083615,7542500
2024-01-22,353.0404052734375,365.7789765977368,336.66224214219557,343.9414257560809,51922800
2024-01-23,342.12158203125,358.49974287317156,342.12158203125,353.0403559258644,11074600
2024-01-24,336.6622314453125,345.76121067356416,334.84243559966217,343.94141482791383,10065500
2024-01-25,343.9414367675781,345.76123272931136,331.2028650354456,336.66225292064524,6661900
2024-01-26,338.48199462890625,345.7611773090978,333.0226076187626,343.9413816390499,10586500
2024-01-29,336.6622314453125,342.1216189822635,333.02263975401183,340.30182313661317,3355000
2024-01-30,334.8424377441406,338.48202945875084,333.0226418868355,336.66223360144573,6148300
2024-01-31,333.0226135253906,340.3017963346888,333.0226135253906,334.84240922771517,3478800
2024-02-01,336.6622314453125,345.76121067356416,333.02263975401183,334.84243559966217,6157000
2024-02-02,336.6622314453125,340.30182313661317,334.84243559966217,338.48202729096283,2042400
2024-02-05,333.0226135253906,338.48200063236425,327.563226418417,327.563226418417,2722500
2024-02-06,334.8424377441406,342.12162117336106,333.0226418868355,333.0226418868355,3800900
2024-02-07,331.20281982421875,338.48200267749826,331.20281982421875,336.6622069641784,2972000
2024-02-12,331.20281982421875,336.6622069641784,329.3830241108989,331.20281982421875,2014000
2024-02-13,325.74346923828125,334.84244882594277,325.74346923828125,331.20285699087816,6564900
2024-02-15,323.92364501953125,336.6622153292881,320.2840535024579,327.5632365366046,9075700
2024-02-16,325.74346923828125,329.38306107334586,320.28408148568434,325.74346923828125,3133600
2024-02-19,325.74346923828125,329.38306107334586,323.92367332074895,325.74346923828125,1330200
2024-02-20,325.74346923828125,327.56326515581355,322.10387740321664,325.74346923828125,2105500
2024-02-21,325.74346923828125,327.56326515581355,322.10387740321664,323.92367332074895,2361400
2024-02-22,329.383056640625,329.383056640625,322.1038730684565,325.7434648545407,3706800
2024-02-23,331.20281982421875,333.0226155375386,329.3830241108989,329.3830241108989,3361900
2024-02-26,331.20281982421875,334.8424112508585,323.9236369709392,331.20281982421875,2986100
2024-02-27,327.563232421875,333.0226196289062,327.563232421875,331.20282389322915,2239400
2024-02-28,327.563232421875,331.20282389322915,325.7434366861979,327.563232421875,1997600
2024-02-29,327.563232421875,329.3830281575521,323.92364095052085,327.563232421875,3369100
2024-03-01,323.92364501953125,329.38303229514133,322.10384926099454,327.5632365366046,2304500
2024-03-04,325.74346923828125,343.9414284136042,322.10387740321664,325.74346923828125,8266800
2024-03-05,327.563232421875,331.20282389322915,323.92364095052085,331.20282389322915,4098500
2024-03-06,327.563232421875,333.0226196289062,327.563232421875,327.563232421875,2494400
2024-03-07,340.30181884765625,340.30181884765625,329.3830439113678,331.20283973408254,5965400
2024-03-08,351.2205810546875,356.6799683249676,340.3018065141273,340.3018065141273,21021200
2024-03-13,347.58099365234375,356.6799725437663,340.30181053920563,354.8601767654818,13029800
2024-03-14,353.0404052734375,356.6799970803802,345.7612216595522,349.40081346649487,10063000
2024-03-15,347.58099365234375,353.0403809871973,347.58099365234375,353.0403809871973,7165400
2024-03-18,345.7611999511719,356.679974686472,345.7611999511719,349.40079152960527,6972500
2024-03-19,349.40081787109375,353.0404097239176,345.76122601826984,345.76122601826984,4063700
2024-03-20,351.2205810546875,353.0403768114476,347.5809895411674,351.2205810546875,4623600
2024-03-21,374.8779602050781,378.51755205172935,351.220613201845,353.0404091251707,48815600
2024-03-22,373.0581359863281,380.3373191275248,369.4185444157298,376.69772755692645,18590900
2024-03-25,363.95916748046875,380.33733001708987,358.4997799682617,380.33733001708987,17581100
2024-03-26,363.95916748046875,369.41855499267575,354.86018829345704,369.41855499267575,10711400
2024-03-27,358.499755859375,369.41853014950823,358.499755859375,367.59873443448606,5042800
2024-03-28,354.8601989746094,363.95917843549677,354.8601989746094,358.4997907589643,6476700
2024-04-01,362.1393737792969,365.7789654755712,354.86019038674823,362.1393737792969,9577200
2024-04-02,369.4185485839844,371.2383443898168,362.1393653606546,363.95916116648704,11097800
2024-04-03,367.5987548828125,387.6165088615795,365.77895906656096,374.8779381478187,32345500
2024-04-04,369.4185485839844,376.6977318073141,369.4185485839844,369.4185485839844,9125600
2024-04-05,369.4185485839844,376.6977318073141,367.59875277815195,371.2383443898168,5580800
2024-04-16,385.7967224121094,391.2561099934128,373.05815138906803,374.8779472495025,16320400
2024-04-17,376.6977233886719,389.43629374481054,371.2383360931839,389.43629374481054,14445300
2024-04-18,371.2383728027344,382.157148473403,369.4185768576229,382.157148473403,5234800
2024-04-19,369.4185485839844,378.5175276131465,369.4185485839844,373.05814019564923,6097000
2024-04-22,353.0404052734375,371.2383643081508,347.5810175630235,369.41856840467943,15675200
2024-04-23,349.40081787109375,353.0404097239176,347.58102194468177,353.0404097239176,6604300
2024-04-24,353.0404052734375,363.95918069426546,345.7612216595522,345.7612216595522,6011400
2024-04-25,363.95916748046875,365.7789633178711,349.40080078125,353.0403924560547,9381200
2024-04-26,365.7789611816406,369.4185528351893,362.13936952809195,365.7789611816406,10825400
2024-04-29,360.319580078125,367.5987635140467,349.40080492424244,365.7789676550663,5977400
2024-04-30,369.4185485839844,374.87793600148166,354.8601821373249,360.3195695548222,25298800
2024-05-02,371.2383728027344,385.79674036362593,363.95918902228857,376.6977606380687,22629500
2024-05-03,369.4185485839844,376.6977318073141,369.4185485839844,371.2383443898168,9166100
2024-05-06,374.142578125,383.5906230271465,366.58414220328285,383.5906230271465,8979900
2024-05-07,372.2529602050781,377.9217870102316,368.47374233497584,372.2529602050781,3157600
2024-05-08,366.58416748046875,374.142603923365,366.58416748046875,372.25299481264096,5445500
2024-05-13,364.69451904296875,372.2529546708023,362.80491013601034,362.80491013601034,3653100
2024-05-14,359.02569580078125,364.69452257658304,359.02569580078125,362.80491365131576,6084300
2024-05-15,357.1361083984375,360.91532647672784,355.24649935929233,359.02571743758267,2705800
2024-05-16,360.9153137207031,366.58414063778224,355.246486803624,355.246486803624,4670000
2024-05-17,366.58416748046875,368.4737765911928,359.0257310375725,360.9153401482966,3915400
2024-05-20,381.7010192871094,387.3698463062248,366.58414723613475,381.7010192871094,13948400
2024-05-21,372.2529602050781,383.5906138153851,370.36335127002695,383.5906138153851,6046200
2024-05-22,368.4737548828125,376.0321908804086,368.4737548828125,372.25297288161056,3984100
2024-05-27,364.69451904296875,370.3633457638439,359.02569232209356,368.4737368568855,4218300
2024-05-28,362.804931640625,372.252976735433,360.91532262166345,364.6945406595866,5355500
2024-05-29,359.02569580078125,364.69452257658304,357.13608687551397,362.80491365131576,3214200
2024-05-30,347.68804931640625,359.02570309846294,338.24000449802566,359.02570309846294,16460800
2024-05-31,345.7984313964844,349.57764922595413,340.12960465227974,345.7984313964844,3484700
2024-06-03,359.02569580078125,359.02569580078125,345.79843332391033,345.79843332391033,6695200
2024-06-04,349.5776672363281,359.0257122967694,347.68805822423985,359.0257122967694,6197200
2024-06-05,340.1296081542969,351.46726175944013,338.2399992201063,349.5776528252496,8655300
2024-06-06,342.01922607421875,345.79844404188964,340.12961709038325,342.01922607421875,4111100
2024-06-07,340.1296081542969,342.01921708848744,340.1296081542969,342.01921708848744,2253900
2024-06-10,334.4607849121094,342.0192207293322,332.5711759578037,342.0192207293322,6088600
2024-06-11,332.5711669921875,338.2399937022816,332.5711669921875,336.3503847989169,1836600
2024-06-12,325.0127258300781,334.4607701856036,323.123116958973,334.4607701856036,4964400
2024-06-13,328.7919616699219,330.68157064503635,323.1231347445784,325.0127437196929,2636200
2024-06-14,323.1231384277344,328.7919654176946,321.23352943108097,328.7919654176946,3932600
2024-06-19,332.5711669921875,340.1296026056463,317.4542957652699,323.12312247536397,7046400
2024-06-20,334.4607849121094,338.24000282072075,332.5711759578037,332.5711759578037,2671500
2024-06-21,334.4607849121094,340.1296117750265,334.4607849121094,334.4607849121094,2975700
2024-06-24,332.5711669921875,338.2399937022816,328.79194918545807,334.4607758955522,4116200
2024-06-25,326.90234375,332.5711705202312,323.1231259031792,332.5711705202312,4552900
2024-06-26,326.90234375,326.90234375,323.1231259031792,323.1231259031792,5902200
2024-06-27,325.0127258300781,336.35037905670873,321.2335080878679,321.2335080878679,4950900
2024-06-28,328.7919616699219,332.5711796201509,325.0127437196929,326.9023526948074,2438000
2024-07-01,332.5711669921875,334.4607758955522,328.79194918545807,328.79194918545807,2374200
2024-07-02,332.5711669921875,338.2399937022816,330.6815580888228,332.5711669921875,4098700
2024-07-03,334.4607849121094,336.35039386641506,330.68156700349795,332.5711759578037,3473300
2024-07-04,342.01922607421875,345.79844404188964,334.46079013887686,334.46079013887686,11136300
2024-07-05,347.68804931640625,347.68804931640625,340.12961346170175,342.01922242537785,7080200
2024-07-08,343.9088134765625,353.35685780284166,343.9088134765625,353.35685780284166,6266900
2024-07-09,343.9088134765625,347.6880312070742,342.01920461130663,343.9088134765625,2651400
2024-07-10,345.7984313964844,349.57764922595413,342.0192135670146,342.0192135670146,4294200
2024-07-11,362.804931640625,362.804931640625,342.01923243204754,345.7984504699707,17559900
2024-07-12,362.804931640625,370.3633677164714,360.91532262166345,364.6945406595866,16509000
2024-07-15,360.9153137207031,366.58414063778224,351.4672688589046,364.6945316654225,11678300
2024-07-16,376.0321960449219,381.70102312097595,359.0257148167596,360.9153238421109,26732000
2024-07-17,377.92181396484375,393.0386865234375,374.1425958251953,379.81142303466794,27779900
2024-07-18,377.92181396484375,379.81142303466794,366.58415954589844,377.92181396484375,16980200
2024-07-19,370.3633728027344,377.921808982382,368.47376375782244,377.921808982382,5521800
2024-07-22,379.8114013671875,383.59061929123914,370.36335655705847,370.36335655705847,18225300
2024-07-23,377.92181396484375,379.81142303466794,376.0322048950195,379.81142303466794,7265300
2024-07-24,385.4802551269531,387.3698642207127,377.9218187519148,377.9218187519148,7605000
2024-07-25,377.92181396484375,385.4802502441406,374.1425958251953,381.7010321044922,8707600
2024-07-26,379.8114013671875,383.59061929123914,374.1425744811101,377.9217924051617,6570700
2024-07-29,379.8114013671875,387.3698372152908,377.9217924051617,379.8114013671875,31790600
2024-07-30,376.0321960449219,383.5906321463273,372.2529779942191,379.8114140956246,34068900
2024-07-31,381.7010192871094,385.480237299853,374.14258326162206,376.0321922679939,37140500
2024-08-01,370.3633728027344,393.0386813416773,362.80493662308675,383.59063611711775,56692300
2024-08-02,374.142578125,379.8114050662879,370.36336016414145,370.36336016414145,37847000
2024-08-05,355.2464599609375,376.03215708631154,355.2464599609375,376.03215708631154,41954800
2024-08-06,360.9153137207031,362.80492269306285,351.4672688589046,357.13609577598373,17817900
2024-08-07,359.02569580078125,364.69452257658304,355.2464779502467,360.9153047260485,28334400
2024-08-08,359.02569580078125,366.5841315018503,355.2464779502467,359.02569580078125,30606200
2024-08-09,364.69451904296875,370.3633457638439,360.915301229052,360.915301229052,28878400
2024-08-12,362.804931640625,372.252976735433,360.91532262166345,364.6945406595866,30436400
2024-08-13,366.58416748046875,370.3633857019169,362.80494925902065,364.6945583697447,30836200
2024-08-14,364.69451904296875,370.3633457638439,353.35686560121843,366.5841279499271,44845300
2024-08-15,357.1361083984375,366.58415359416335,347.68806320271165,364.6945445550182,58177000
2024-08-16,359.02569580078125,362.80491365131576,351.4672600997122,357.13608687551397,31862400
2024-08-19,383.5906066894531,383.5906066894531,360.9152998900766,360.9152998900766,99067400
2024-08-20,383.5906066894531,389.25943338929727,377.921779989609,383.5906066894531,40196500
2024-08-21,376.0321960449219,393.03867727308415,376.0321960449219,383.5906321463273,54748500
2024-08-22,376.0321960449219,379.8114140956246,362.8049328674623,374.1425870195705,34932000
2024-08-23,376.0321960449219,381.70102312097595,372.2529779942191,376.0321960449219,29053000
2024-08-26,379.8114013671875,385.48022825326495,372.2529655190843,376.0321834431359,43483600
2024-08-27,374.142578125,383.5906230271465,372.2529691445707,381.7010140467172,38531600
2024-08-28,370.3633728027344,381.7010270722058,370.3633728027344,374.1425908925582,53725600
2024-08-29,366.58416748046875,374.142603923365,362.80494925902065,372.25299481264096,37704700
2024-08-30,362.804931640625,368.47375869750977,360.91532262166345,366.5841496785482,16095700
2024-09-02,372.2529602050781,376.03217807518047,362.8049155298223,362.8049155298223,31709000
2024-09-03,364.69451904296875,376.03217248471907,364.69451904296875,376.03217248471907,24230700
2024-09-04,366.58416748046875,368.4737765911928,360.9153401482966,364.6945583697447,10874200
2024-09-05,370.3633728027344,372.2529818476463,364.6945456679986,366.58415471291056,25409000
2024-09-06,359.02569580078125,372.2529582776521,357.13608687551397,370.36334935238483,38053700
2024-09-09,357.1361083984375,364.6945445550182,353.35689032014716,360.91532647672784,21027800
2024-09-10,362.804931640625,364.6945406595866,355.2464955647787,357.13610458374023,13720100
2024-09-11,359.02569580078125,362.80491365131576,357.13608687551397,362.80491365131576,10893300
2024-09-12,362.804931640625,370.3633677164714,357.13610458374023,360.91532262166345,25375300
2024-09-13,364.69451904296875,374.14256357776065,362.80491013601034,362.80491013601034,21231800
2024-09-17,364.69451904296875,370.3633457638439,360.915301229052,366.5841279499271,10782800
2024-09-18,362.804931640625,368.47375869750977,360.91532262166345,364.6945406595866,2608800
2024-09-19,368.4737548828125,368.4737548828125,359.02570988581726,364.6945368840144,9776700
2024-09-20,368.4737548828125,370.3633638822115,362.8049278846154,368.4737548828125,10428600
2024-09-23,372.2529602050781,379.81139594528275,366.58413339992467,370.36335127002695,25040400
2024-09-24,372.2529602050781,376.03217807518047,370.36335127002695,374.1425691401293,5984500
2024-09-25,372.2529602050781,387.3698316854874,372.2529602050781,374.1425691401293,49576900
2024-09-26,376.0321960449219,377.92180507027325,372.2529779942191,372.2529779942191,11467900
2024-09-27,374.142578125,381.7010140467172,372.2529691445707,377.9217960858586,14426800
2024-09-30,379.8114013671875,391.14905513934235,364.69452967098107,364.69452967098107,38929800
2024-10-01,381.7010192871094,389.2594553125967,374.14258326162206,379.8114102807375,36411100
2024-10-02,379.8114013671875,391.14905513934235,377.9217924051617,381.7010103292133,20423800
2024-10-03,394.92828369140625,394.92828369140625,377.92180257550837,379.8114115883859,28237100
2024-10-04,438.3892822265625,442.1685001767915,393.03866682381465,394.9282757989292,129487500
2024-10-07,428.94122314453125,445.94770335731005,417.6035696693454,444.05809444477904,55708800
2024-10-08,430.8308410644531,442.1684947766756,421.38279630426774,432.7204500164902,47351800
2024-10-09,410.0451354980469,434.61005144954277,404.37630874000934,432.7204425301969,35249500
2024-10-10,415.7139892578125,423.27242542613635,400.5971169211648,413.82438021573154,31527000
2024-10-11,419.4931945800781,427.0516305184579,415.7139766108882,417.60358559548314,17435200
2024-10-14,440.27886962890625,449.7269140415437,419.4931719211038,419.4931719211038,54374100
2024-10-15,438.3892822265625,444.05810915190597,430.8308463261045,440.27889120167697,31608800
2024-10-16,464.84381103515625,466.73342002310403,440.278894191835,440.278894191835,56687100
2024-10-17,464.84381103515625,468.6230290110518,457.28537508336507,466.73342002310403,23713100
2024-10-18,451.6165466308594,486.5743127926623,449.72693764914027,464.8438095028929,84599400
2024-10-21,461.0646057128906,468.62304187211834,453.5061695536629,453.5061695536629,26762600
2024-10-22,447.8373107910156,462.95418204134523,444.0580929784332,462.95418204134523,22404300
2024-10-23,455.395751953125,461.06457874092325,445.94770730679465,457.2853608823911,18820300
2024-10-24,447.8373107910156,461.06457313505405,447.8373107910156,453.50613750988924,23359600
2024-10-25,445.9477233886719,457.2853773731296,440.27889639644303,451.6165503809008,21198900
2024-10-28,445.9477233886719,453.5061593783104,436.4996784016237,445.9477233886719,19878300
2024-10-29,438.3892822265625,451.61654505236396,436.49967325144803,447.83732710213496,17155000
2024-10-30,451.6165466308594,461.06459153945474,436.49967477710675,436.49967477710675,32308100
2024-10-31,438.3892822265625,461.0645899279364,438.3892822265625,449.7269360772495,10918300
2024-11-01,419.4931945800781,442.16850239521744,417.60358559548314,440.2788934106225,33194600
2024-11-04,421.3827819824219,423.2723908702354,410.04512865554057,419.4931730946083,19731600
2024-11-05,415.7139892578125,423.27242542613635,413.82438021573154,423.27242542613635,3812000
2024-11-06,408.1555480957031,419.49320220947266,406.2659390767416,415.7139841715495,17003300
2024-11-07,393.0386657714844,408.1555375319261,391.1490568014292,408.1555375319261,15428600
2024-11-08,396.8179016113281,406.2659468877883,393.038683500744,393.038683500744,6326600
2024-11-11,387.3698425292969,400.5971054449314,385.48023354134904,396.8178874690358,6322300
2024-11-12,376.0321960449219,391.1490682477328,374.1425870195705,387.3698501970301,12105300
2024-11-13,377.92181396484375,383.5906411743164,374.1425958251953,377.92181396484375,5004600
2024-11-14,353.35687255859375,379.81139777688423,351.4672636144302,379.81139777688423,33844500
2024-11-15,355.2464599609375,364.6945041088348,349.5776334721991,355.2464599609375,22361400
2024-11-18,353.35687255859375,364.6945262235754,351.4672636144302,357.13609044692095,22010500
2024-11-19,362.804931640625,364.6945406595866,355.2464955647787,355.2464955647787,6690400
2024-11-20,359.02569580078125,368.4737404271176,351.4672600997122,364.69452257658304,19523900
2024-11-21,357.1361083984375,368.4737626333085,357.1361083984375,359.02571743758267,7532300
2024-11-22,357.1361083984375,360.91532647672784,353.35689032014716,359.02571743758267,4732300
2024-11-25,355.2464599609375,360.9152864496759,351.4672423017786,360.9152864496759,8079800
2024-11-26,349.5776672363281,355.2464942725929,345.7984492121516,351.46727624841634,10476500
2024-11-28,349.5776672363281,353.3568852605046,345.7984492121516,349.5776672363281,6023800
2024-11-29,342.01922607421875,351.467270993396,338.2400081065478,349.5776620095606,30535200
2024-12-02,334.4607849121094,345.7984386379436,334.4607849121094,343.90882968363786,4109200
2024-12-03,347.68804931640625,383.59061962625253,332.57117760699725,334.4607865706734,26252900
2024-12-04,345.7984313964844,355.2464759701588,340.12960465227974,349.57764922595413,23141100
2024-12-05,345.7984313964844,351.46725814068907,342.0192135670146,347.68804031121925,5049800
2024-12-06,347.68804931640625,349.57765828008235,345.7984403527301,345.7984403527301,1820600
2024-12-09,345.7984313964844,351.46725814068907,343.9088224817495,349.57764922595413,5659900
2024-12-10,351.4672546386719,353.3568635345787,345.79842795095135,349.577645742765,3368100
2024-12-11,349.5776672363281,366.58414834512246,349.5776672363281,355.2464942725929,22968500
2024-12-12,343.9088134765625,355.2464666680975,338.23998688079496,351.46724893758585,13081100
2024-12-13,336.3503723144531,343.90880764736215,328.79193698154404,343.90880764736215,22708500
2024-12-16,326.90234375,336.350388367052,326.90234375,336.350388367052,9373100
2024-12-17,321.2335205078125,332.57117417279414,321.2335205078125,326.9023473403033,7331700
2024-12-18,317.45428466796875,325.0127200172061,317.45428466796875,323.12311117989674,2650900
2024-12-19,306.11663818359375,315.5646825719763,298.5582026728877,315.5646825719763,11102600
2024-12-20,308.0062561035156,315.5646918361172,296.6686025046132,306.11664717036524,6326400
2024-12-23,319.34393310546875,328.7919784636187,300.44784238916884,308.0062786756888,82975200
2024-12-24,315.564697265625,328.791960025262,309.8958703686377,321.23352416261224,61312900
2024-12-27,311.7854919433594,326.9023642800071,311.7854919433594,315.5647100275213,8599400
2024-12-30,334.4607849121094,340.1296117750265,308.00625955182954,315.56469536905234,14777200
2025-01-02,309.8958740234375,330.68157289086315,309.8958740234375,330.68157289086315,57940500
2025-01-03,309.8958740234375,315.56470098728084,309.8958740234375,309.8958740234375,5209900
2025-01-06,308.0062561035156,313.67508290296684,308.0062561035156,311.78547396981645,4690400
2025-01-07,311.7854919433594,315.5647100275213,302.33744673295456,309.8958829012784,8151600
2025-01-08,304.22705078125,313.6750958365683,302.33744177018633,313.6750958365683,26824500
2025-01-09,298.5581970214844,306.1166323891169,296.66858817957626,304.2270235472088,12475600
2025-01-10,300.4478454589844,304.2270636408584,294.77901818617335,300.4478454589844,8767100
2025-01-13,340.1296081542969,374.14256896972654,300.4478205362956,302.3374294704861,174728700
2025-01-14,332.5711669921875,362.80490944602275,332.5711669921875,340.1296026056463,49397700
2025-01-15,349.5776672363281,351.46727624841634,336.3504041517103,336.3504041517103,13606400
2025-01-16,345.7984313964844,357.1360848848937,340.12960465227974,353.35686705542395,14642000
2025-01-17,342.01922607421875,355.246488961067,340.12961709038325,347.68805302572514,14838800
2025-01-20,340.1296081542969,347.688043891059,336.3503902859158,342.01921708848744,8718400
2025-01-21,340.1296081542969,345.7984349568685,338.2399992201063,342.01921708848744,8196100
2025-01-22,355.2464599609375,357.13606879051696,343.9088069834608,345.79841581304026,21416400
2025-01-23,342.01922607421875,359.0257069287379,342.01922607421875,357.1360979449024,9803600
2025-01-24,340.1296081542969,347.688043891059,340.1296081542969,343.90882602267794,4015700
2025-01-30,353.35687255859375,353.35687255859375,340.12960994944854,340.12960994944854,19104000
2025-01-31,404.3763427734375,428.94126079238464,359.0257248923043,359.0257248923043,141364600
2025-02-03,408.1555480957031,413.8243751525879,389.2594579060873,406.2659390767416,64909600
2025-02-04,413.8243713378906,438.38928835794803,408.15554433326196,413.8243713378906,71039600
2025-02-05,444.05810546875,444.05810546875,413.8243621176862,417.60358003656916,62215300
2025-02-06,438.3892822265625,449.7269360772495,425.16201940076104,445.9477181270205,61190300
2025-02-07,432.720458984375,440.2788949491676,408.1555420987991,440.2788949491676,18185300
2025-02-10,423.2724304199219,438.3893029349191,417.60360322679793,434.61008480616977,14736400
2025-02-11,440.27886962890625,453.5061318065987,432.72043409879626,434.6100429813238,29561700
2025-02-12,430.8308410644531,442.1684947766756,428.94123211241606,440.2788858246385,23159700
2025-02-13,436.4996643066406,440.27888217942535,423.27240175189394,432.72044643385584,7735500
2025-02-14,462.9541931152344,477.12626025141503,440.27888569734534,442.1684946488361,64655600
2025-02-17,462.9541931152344,491.2983273875957,453.5061483577806,462.9541931152344,34070600
2025-02-18,461.0646057128906,470.5126509119253,453.5061695536629,464.84382379250445,17380700
2025-02-19,533.8145141601562,566.8826699045908,466.73339822144635,466.73339822144635,149718700
2025-02-20,543.2625732421875,557.4346403702446,519.6424613620924,543.2625732421875,38319500
2025-02-21,529.0905151367188,552.7106274196079,514.9184477669852,543.2625825064523,26640200
2025-02-24,505.47039794921875,538.5385548244013,505.47039794921875,519.6424651814399,15772800
2025-02-25,505.47039794921875,547.986599645882,496.02235312773803,524.3664875921802,34629700
2025-02-26,505.47039794921875,557.4346444673628,496.02235312773803,524.3664875921802,37787300
2025-02-27,449.7269287109375,519.6424596449908,444.05810187844673,510.1944149241728,53943900
2025-02-28,445.9477233886719,462.9542043653585,440.27889639644303,444.0581143912623,44010200
2025-03-03,496.0223388671875,500.7463611421131,455.3957473028274,459.17496512276784,34269700
2025-03-04,481.85028076171875,500.7463702033548,468.62301815257354,500.7463702033548,24987900
2025-03-05,481.85028076171875,496.0223478429458,481.85028076171875,491.29832548253677,7502600
2025-03-06,496.0223388671875,519.6424502418155,477.1262497674851,491.29831659226187,13724100
2025-03-07,472.4022521972656,496.0223648071289,468.62303417968747,496.0223648071289,24668800
2025-03-10,472.4022521972656,481.8502972412109,447.8373350830078,477.12627471923827,16007200
2025-03-11,455.395751953125,472.40223231651976,447.8373162360607,459.1749698116572,9168500
2025-03-12,445.9477233886719,462.9542043653585,445.9477233886719,457.2853773731296,7408400
2025-03-13,451.6165466308594,457.2853735760166,440.2788927405449,445.94771968570217,10798100
2025-03-14,500.74639892578125,500.74639892578125,464.843826927329,472.4022631375295,43522100
2025-03-17,486.5743103027344,514.9184448834762,481.85028787261075,500.7463775931053,32306300
2025-03-18,464.84381103515625,496.02235933629476,425.1620222882527,496.02235933629476,45846700
2025-03-19,468.6230163574219,481.8502789158975,455.39575379894626,470.51262529434695,13132400
2025-03-20,464.84381103515625,481.85029192668634,461.06459305926063,477.12626945681683,13148100
2025-03-21,449.7269287109375,468.62301815257354,445.9477108226103,468.62301815257354,16484700
2025-03-24,427.0516357421875,449.72694383469303,421.3828087190611,449.72694383469303,12109400
2025-03-25,438.3892822265625,440.27889120167697,421.38280145053204,428.94123735099004,9267000
2025-03-26,444.05810546875,459.1749771442819,438.38927859042553,440.278887549867,8881500
2025-03-27,491.29833984375,529.0905198317307,444.058114858774,444.058114858774,58112500
2025-04-08,451.6165466308594,461.06459153945474,425.1620208867923,453.5061556125784,49168800
2025-04-09,455.395751953125,461.06457874092325,438.3892715897303,445.94770730679465,25532200
2025-04-10,500.74639892578125,514.9184668199072,481.8503084002801,481.8503084002801,43250400
2025-04-11,533.8145141601562,566.8826699045908,510.1944029141317,519.6424474125415,53767100
2025-04-14,543.2625732421875,599.9508417544158,538.5385508661685,552.7106179942256,72835600
2025-04-15,529.0905151367188,576.3307397024972,519.642470223563,547.9866049630301,33885500
2025-04-16,566.8826904296875,581.0547576904297,529.0905110677083,547.9866007486979,55610300
2025-04-17,547.9866333007812,590.5028376086005,543.2626105999125,576.3307695059941,63497500
2025-04-21,571.6067504882812,590.5028414135137,552.7106595630488,566.8827277569732,77411400
2025-04-22,581.0547485351562,599.9508379184133,571.6067038435277,581.0547485351562,102323200
2025-04-23,547.9866333007812,576.3307695059941,547.9866333007812,576.3307695059941,55577400
2025-04-24,547.9866333007812,566.8827241042565,529.090542497306,557.4346787025189,37607800
2025-04-25,571.6067504882812,576.3307732195893,547.9866368317407,552.7106595630488,38335100
2025-04-28,585.77880859375,614.1229444934476,571.6067406439013,581.0547859438004,72288600
2025-04-29,642.467041015625,656.639108096852,585.7787726907169,590.502795051126,87779100
2025-04-30,666.087158203125,746.3955389793883,637.7430238115027,651.9150910073138,154759200
2025-05-02,618.846923828125,666.0871470211116,604.674856870229,666.0871470211116,85273000
2025-05-05,623.5709838867188,623.5709838867188,595.2268482555043,618.8469612815163,29810500
2025-05-06,666.087158203125,666.087158203125,633.0190014128989,647.1910686087101,83759900
2025-05-07,670.8112182617188,703.8793769084232,647.1911049426442,661.3631729340889,66485000
2025-05-08,642.467041015625,689.7072646197151,633.018996294807,680.2592198988971,31956300
2025-05-09,633.01904296875,637.743065677472,614.122952133862,628.295020260028,25267300
2025-05-14,566.8826904296875,628.2949818929036,566.8826904296875,628.2949818929036,102349100
2025-05-15,543.2625732421875,585.7787746263588,538.5385508661685,552.7106179942256,84728900
2025-05-16,557.4346313476562,571.6066982463255,547.9865867485435,562.1586536472126,60569100
2025-05-19,595.226806640625,599.9508289155506,562.1586507161458,571.606695265997,50078100
2025-05-20,590.5028076171875,604.6748749999999,576.330740234375,595.226830078125,40345100
2025-05-21,609.39892578125,633.019039183624,599.9508804203005,609.39892578125,51196300
2025-05-22,595.226806640625,623.5709402901786,590.5027843656994,618.846918015253,34932500
2025-05-23,599.9508666992188,614.1229344165231,595.2268441267839,595.2268441267839,13958000
2025-05-26,599.9508666992188,623.5709795613927,595.2268441267839,614.1229344165231,27972900
2025-05-27,581.0547485351562,604.6748602642276,581.0547485351562,599.9508379184133,20620200
2025-05-28,571.6067504882812,599.95088687613,571.6067504882812,581.0547959508975,20293600
2025-06-02,604.6748657226562,614.1229104995728,562.158664226532,571.6067090034485,46916500
2025-06-03,590.5028076171875,618.8469423828125,585.77878515625,618.8469423828125,31133500
2025-06-04,595.226806640625,623.5709402901786,595.226806640625,595.226806640625,39190100
2025-06-05,595.226806640625,604.6748511904761,581.0547398158482,604.6748511904761,15850600
2025-06-10,576.3307495117188,595.2268396596439,566.8827044377562,595.2268396596439,28095300
2025-06-11,581.0547485351562,590.5027932267848,576.3307261893419,581.0547485351562,27310100
2025-06-12,595.226806640625,614.1228957403274,590.5027843656994,595.226806640625,39644200
2025-06-13,684.9832763671875,703.8793667497306,599.9508696457435,609.398914837015,228012100
2025-06-16,647.1911010742188,718.0514406078923,642.4670784386404,694.4313274300011,91981700
2025-06-17,647.1911010742188,651.915123709797,623.5709878963276,647.1911010742188,46299100
2025-06-18,628.2949829101562,656.6391174775317,618.8469380543644,651.9150950496357,24116500
2025-06-19,595.226806640625,633.0189848400297,585.7787620907737,628.2949625651041,40598900
2025-06-20,590.5028076171875,599.9508525390625,571.6067177734375,595.226830078125,23368900
2025-06-23,615.9217529296875,650.1396280924479,591.4804135277158,596.3686814081101,40736600
2025-06-24,601.2569580078125,615.9217618616616,586.5921541539634,611.0334939103785,18374200
2025-06-25,557.2625732421875,601.2569869192023,552.3743050558526,601.2569869192023,51525400
2025-06-26,576.8156127929688,576.8156127929688,552.3742732678429,557.262541172868,9543900
2025-06-30,591.48046875,596.3687370867768,537.7095170454545,567.0391270661157,23937700
2025-07-01,601.2569580078125,611.0334939103785,591.4804221052465,591.4804221052465,20699300
2025-07-02,581.7039184570312,601.2569913463433,576.8156502347033,601.2569913463433,9738100
2025-07-03,586.5921630859375,596.3686991373698,586.5921630859375,596.3686991373698,6678900
2025-07-04,581.7039184570312,591.4804549016873,576.8156502347033,586.5921866793593,4579300
2025-07-07,571.9273681640625,581.7039043719952,557.2625638521635,581.7039043719952,8437100
2025-07-08,581.7039184570312,596.3687231240152,571.9273820123752,571.9273820123752,5050400
2025-07-09,576.8156127929688,586.592148603019,571.9273448879436,586.592148603019,6358700
2025-07-10,576.8156127929688,591.4804165080442,571.9273448879436,581.7038806979939,10202100
2025-07-11,576.8156127929688,581.7038806979939,571.9273448879436,581.7038806979939,11221000
2025-07-14,581.7039184570312,591.4804549016873,571.9273820123752,581.7039184570312,23370400
2025-07-15,571.9273681640625,576.8156362680288,567.0391000600962,576.8156362680288,14016200
2025-07-16,571.9273681640625,581.7039043719952,562.1508319561298,567.0391000600962,17610300
2025-07-17,611.0335083007812,611.0335083007812,567.039095703125,576.8156318359376,46729700
2025-07-18,601.2569580078125,615.9217618616616,596.3686900565294,615.9217618616616,24367000
2025-07-21,625.6983032226562,625.6983032226562,606.1452312469482,606.1452312469482,23858600
2025-07-22,611.0335083007812,655.0279208984375,606.145240234375,635.4748486328125,37951700
2025-07-23,620.81005859375,635.4748631274606,611.0335222379429,625.6983267716535,11558300
2025-07-24,611.0335083007812,615.9217763671875,601.2569721679688,615.9217763671875,12571400
2025-07-25,596.3687133789062,611.0335178062564,591.4804452364561,611.0335178062564,8916800
2025-07-28,611.0335083007812,615.9217763671875,596.3687041015625,596.3687041015625,9609800
2025-07-29,630.5866088867188,659.9162186023801,625.6983406007752,650.139682030493,65295800
2025-07-30,625.6983032226562,645.2513751983643,620.8100352287292,635.4748392105103,12849900
2025-07-31,611.0335083007812,625.6983125,611.0335083007812,625.6983125,19671300
2025-08-01,635.474853515625,640.3631216195913,615.9217810997596,615.9217810997596,18092800
2025-08-04,659.9161987304688,674.5810031467014,645.2513943142361,645.2513943142361,40613100
2025-08-05,650.1396484375,684.3575246710526,650.1396484375,664.804452537594,17976400
2025-08-06,703.9105834960938,708.7988514370389,655.0279040866428,659.9161720275879,51799300
2025-08-07,718.575439453125,728.351976044324,699.022366270727,703.9106345663265,37006800
2025-08-08,718.575439453125,728.351976044324,699.022366270727,718.575439453125,25929400
2025-08-11,689.2457885742188,733.240200610871,684.3575205701463,723.4636646027261,22794000
2025-08-12,674.5809936523438,699.0223340020663,664.8044575124546,699.0223340020663,25602200
2025-08-13,679.46923828125,684.357506182554,669.6927024786421,679.46923828125,8996600
2025-08-14,708.7988891601562,708.7988891601562,679.469279953529,679.469279953529,23403700
2025-08-15,669.6927490234375,703.9106267107665,664.8044807823906,703.9106267107665,30470200
2025-08-19,655.0279541015625,669.6927590441348,650.1396857873717,664.8044907299441,17661100
2025-08-20,645.2514038085938,664.8044766512785,635.4748673872515,655.0279402299361,21118300
2025-08-21,630.5866088867188,655.0279503164365,620.8100723148316,650.139682030493,31378000
2025-08-22,625.6983032226562,640.3631072044373,625.6983032226562,635.4748392105103,7551800
2025-08-25,635.474853515625,650.139657827524,630.5865854116587,635.474853515625,11677000
2025-08-26,625.6983032226562,645.2513751983643,620.8100352287292,640.3631072044373,13744600
2025-08-27,630.5866088867188,645.2514137445494,625.6983406007752,625.6983406007752,19186400
2025-08-28,669.6927490234375,674.5810172644844,635.4748713361085,635.4748713361085,47435900
2025-08-29,674.5809936523438,694.1340659321218,645.2513852326766,664.8044575124546,98974200
2025-09-01,684.3575439453125,708.7988848005023,645.251398577009,659.9162030901228,113153000
2025-09-02,713.6871337890625,728.3519379080159,699.0223296701091,699.0223296701091,94171000
2025-09-03,889.664794921875,889.664794921875,728.3519474909856,738.1284836989182,285079800
2025-09-04,816.3407592773438,894.5530475913407,801.6759552184693,889.6647795717159,146426200
2025-09-08,821.2290649414062,860.335210890997,821.2290649414062,840.7821379162017,110711400
2025-09-09,835.8938598632812,904.3296144719709,821.2290553042764,840.7821280496162,93147200
2025-09-10,826.1173095703125,835.8938457782452,806.5642371544471,826.1173095703125,24671800
2025-09-11,806.564208984375,835.8938165838068,801.6759410511364,826.1172807173295,19357700
2025-09-12,840.7821044921875,845.6703725415607,811.4524961959485,816.3407642453217,44231000
2025-09-15,831.0055541992188,850.5586260627298,821.2290182674632,845.670358096852,20155100
2025-09-16,870.1116943359375,879.8882302273526,835.8938187159849,850.5586225531074,58802400
2025-09-17,840.7821044921875,865.2234447390534,840.7821044921875,865.2234447390534,28727800
2025-09-18,816.3407592773438,840.7820993754679,806.5642232380941,835.893831355843,28275600
2025-09-19,821.2290649414062,840.7821379162017,801.6759919666108,811.4525284540085,31212800
2025-09-22,865.2234497070312,879.8882539393538,831.0055731649452,835.8938412423861,39426100
2025-09-23,923.8826904296875,953.2122996496776,884.7765448030341,884.7765448030341,84692000
2025-09-24,909.2178955078125,943.4357732957409,904.3296272523941,923.8827002740675,29302100
2025-09-25,870.1116943359375,909.2178379015976,855.4468904988149,909.2178379015976,37386600
2025-09-26,865.2234497070312,874.9999858619129,840.782109319827,870.111717784472,15474000
2025-09-29,909.2178955078125,914.1061637632308,875.000017719884,879.8882859753023,30432200
2025-09-30,894.5530395507812,938.5474513319672,884.7765035994066,923.8826474049052,34999800
2025-10-01,918.994384765625,933.6591887778425,894.5530447452627,899.4413127493351,18455800
2025-10-02,933.6591796875,943.4357156004581,909.2178399051047,923.8826437745419,19793200
2025-10-03,918.994384765625,938.5474567819149,909.21784875748,933.6591887778425,14936200
2025-10-06,1031.424560546875,1075.41897308205,933.6591993575978,933.6591993575978,72016900
2025-10-07,997.2066650390625,1060.7541485954732,992.3183970731848,1055.8658806295955,19869300
2025-10-08,1075.4189453125,1085.1954811789774,1011.8714621803978,1026.5362659801137,50366000
2025-10-09,1036.3128662109375,1070.5307438688458,1016.7597932635614,1070.5307438688458,27092100
2025-10-10,1011.8715209960938,1021.6480574308385,992.318448126604,1021.6480574308385,16369200
2025-10-13,1109.6368408203125,1192.7373971813051,1021.648016438085,1021.648016438085,92691300
2025-10-14,1334.4971923828125,1383.379873422476,1134.0782001201924,1143.854736328125,174006600
2025-10-15,1398.044677734375,1486.0335036057693,1334.4971923828125,1378.4916053185095,136270800
2025-10-16,1613.12841796875,1632.6814897017045,1393.1563609730113,1412.7094327059658,112176800
2025-10-17,1476.2569580078125,1925.9776207121793,1398.0446688418356,1657.122876704134,230023900
2025-10-20,1329.60888671875,1451.815585865694,1290.502742991728,1446.9273178998162,67307000
2025-10-21,1324.720703125,1427.3743369464946,1305.167630016144,1398.0447272832105,61577700
2025-10-22,1310.055908203125,1368.7151279734142,1182.9609320341651,1222.0670785476914,74494500
2025-10-23,1290.5028076171875,1329.608953302557,1241.6201255104759,1310.0558804598722,44836200
2025-10-24,1222.0670166015625,1285.6145014648437,1217.1787485351563,1285.6145014648437,28232400
2025-10-27,1192.7374267578125,1270.9497170370132,1178.0726223304623,1222.0670356125129,23008900
2025-10-28,1153.6312255859375,1212.2904404462395,1148.7429576809122,1187.8491009211136,21983000
2025-10-29,1266.0614013671875,1266.0614013671875,1168.2960421882542,1168.2960421882542,56946700
2025-10-30,1212.29052734375,1236.7318686208416,1182.9609178112398,1212.29052734375,39856800
2025-10-31,1241.6201171875,1261.173189899114,1212.2905081200786,1251.396653543307,32251600
2025-11-03,1241.6201171875,1261.173189899114,1197.625703586368,1236.7318490095963,30785700
2025-11-04,1187.84912109375,1231.843532986111,1168.2960491415895,1226.955264998071,27518700
2025-11-05,1217.1787109375,1275.8379259224398,1114.5250847138554,1163.4077638679719,79152200
2025-11-06,1212.29052734375,1236.7318686208416,1173.1843813004032,1217.1787955991683,41476400
2025-11-07,1192.7374267578125,1217.1787674700627,1187.8491586153625,1212.2904993276127,12390400
2025-11-10,1383.3798828125,1388.2681509496465,1226.9553024238073,1226.9553024238073,110857400
2025-11-11,1334.4971923828125,1437.1508225661057,1324.7206561748799,1412.709482046274,79520700
2025-11-12,1354.05029296875,1354.05029296875,1300.279342706453,1349.1620247630867,22657400
2025-11-13,1393.1563720703125,1427.3742478755482,1358.9384962650768,1383.3798361259594,68062100
2025-11-14,1334.4971923828125,1393.1564096304087,1334.4971923828125,1368.715069110577,25833800
2025-11-17,1266.0614013671875,1334.4971527924408,1256.284865449294,1329.6088848334941,32698200
2025-11-18,1266.0614013671875,1290.5027411619208,1226.9552576956141,1251.3965974903474,20473000
2025-11-19,1339.385498046875,1358.938571011063,1275.838010913264,1275.838010913264,31687600
2025-11-20,1349.1619873046875,1363.826791514521,1324.7206469549649,1354.050255374632,16981300
2025-11-21,1324.720703125,1412.7095321148524,1310.055898293358,1358.9385810654983,41887300
2025-11-24,1354.05029296875,1407.821243231047,1334.4972201460967,1339.38548835176,37594700
2025-11-25,1393.1563720703125,1422.4859799033716,1383.3798361259594,1402.9329080146656,25407600
2025-11-26,1481.145263671875,1505.5866046565595,1398.044704323948,1417.5977771116957,64734400
2025-11-27,1456.703857421875,1490.9217332673552,1427.3742495543204,1486.0334652894294,21798600
2025-11-28,1461.5921630859375,1490.9217717097356,1446.9273587740386,1490.9217717097356,28473400
2025-12-01,1539.804443359375,1544.6927114335317,1476.2569583953373,1495.8100306919641,47687000
2025-12-02,1500.6983642578125,1525.139705695236,1495.8100959703277,1525.139705695236,23602600
2025-12-03,1490.9217529296875,1515.3630931416496,1466.4804127177254,1505.5865570568646,17094000
2025-12-04,1481.145263671875,1495.8100682626857,1461.5921908841276,1495.8100682626857,12645100
2025-12-05,1530.0279541015625,1544.6927587734626,1466.480467189996,1481.145271861896,17486500
2025-12-08,1544.6927490234375,1593.575430954559,1515.3631398647647,1530.0279444441012,35936000
2025-12-09,1495.81005859375,1554.4692765778186,1476.256985932394,1544.6927402471406,17490300
2025-12-10,1427.374267578125,1520.2513603314962,1422.4859995384738,1500.6982881728916,34992300
2025-12-11,1422.4859619140625,1486.0334447487114,1422.4859619140625,1456.7038372865657,16276400
2025-12-12,1759.7764892578125,1764.6647572835286,1451.8156036376954,1461.5921396891276,180861100
2025-12-15,1715.7821044921875,1823.324002779447,1637.569814828726,1774.4413217397837,83079200
2025-12-16,1671.7877197265625,1706.0055970309074,1618.0167696768776,1681.5642560992324,21609400
2025-12-17,1686.4525146484375,1798.8826822916667,1681.5642464900363,1691.340782806839,38815200
2025-12-18,1676.6759033203125,1710.893778898278,1652.2345636217656,1701.1172430188594,14624100
2025-12-19,1657.1229248046875,1701.1173387375554,1613.1285108718198,1671.7877294489767,11305600
2025-12-22,1833.1005859375,1955.3072916666667,1715.7821484375002,1720.6704166666668,85455100
2025-12-23,1881.9832763671875,2004.1899826247973,1857.5419351156656,1901.5363493684051,109031400
2025-12-24,2004.18994140625,2150.8379858993903,1930.8659191596798,1930.8659191596798,131893800
2025-12-29,2248.603271484375,2336.592095151155,2043.2960162618886,2043.2960162618886,100734900
2025-12-30,2101.955322265625,2150.838004178779,2033.5195675872092,2092.1787858829944,57769800
2026-01-02,2101.955322265625,2101.955322265625,2023.7430312045785,2101.955322265625,32471300
2026-01-05,2219.273681640625,2375.69825832014,2170.3910014282765,2189.9440735132157,72124500
2026-01-06,2199.720703125,2258.379921875,2189.9441666666667,2238.8268489583334,26263900
2026-01-07,2170.39111328125,2258.3799421980575,2170.39111328125,2219.2737960128097,24679900
2026-01-08,2170.39111328125,2248.6034056517456,2092.1788209107544,2170.39111328125,19978200
2026-01-09,2326.815673828125,2385.474892496061,2160.6145542689733,2160.6145542689733,66361500
2026-01-12,2708.1005859375,2737.43019517148,2424.581030009025,2532.122930533619,111801000
2026-01-13,2522.346435546875,2708.10063041273,2444.134142971778,2708.10063041273,116111800
2026-01-14,2541.8994140625,2649.4413123497598,2522.3463416466348,2590.7820951021636,63146000
2026-01-15,2463.68701171875,2561.452369326637,2434.357404436384,2493.016619001116,37128100
2026-01-19,2502.793212890625,2629.888180732727,2493.016676902771,2620.111644744873,26624200
2026-01-20,2561.452392578125,2590.7820001267296,2444.133962383707,2483.2401057818465,52296000
2026-01-21,2493.016845703125,2610.3352855009193,2473.463772403493,2590.7822122012867,68321600
2026-01-22,2268.156494140625,2453.9106897814518,2268.156494140625,2444.1341531687767,55017800
2026-01-23,2277.932861328125,2414.804363725523,2248.6032536715397,2395.251291954466,33196400
2026-01-26,2385.474853515625,2483.240216364626,2346.3687083760246,2395.251389800525,63439200
2026-01-27,2356.145263671875,2405.0279454907936,2307.2625818529564,2385.474872763226,17764000
2026-01-28,2346.36865234375,2424.5809407552083,2189.9440755208334,2375.698260498047,51083100
2026-01-29,2277.932861328125,2434.35743549658,1994.4133206478004,2395.251291954466,61410300
2026-01-30,2180.16748046875,2307.26244569787,2180.16748046875,2248.603230976738,25092200
2026-02-02,1857.5418701171875,2004.1899124948602,1857.5418701171875,1955.3072317023025,43096100
2026-02-03,2111.73193359375,2131.285007052951,1842.877173529731,1906.4246622721355,65299200
2026-02-04,2209.4970703125,2258.3797488592368,2082.4021060909845,2150.837856056416,54084000
2026-02-05,2072.625732421875,2189.9441701061323,2043.296123000811,2180.167633632444,36270900
2026-02-06,2209.4970703125,2248.603213149889,1916.2009990320796,1921.0892668867532,73806100
2026-02-09,2199.720703125,2297.4860677083334,2170.39109375,2297.4860677083334,37275500
2026-02-10,2444.134033203125,2453.9105693359375,2199.7206298828123,2199.7206298828123,67194100
2026-02-11,2473.463623046875,2512.56976728477,2395.2513345710845,2444.1340148684535,31575900
2026-02-12,2590.781982421875,2600.558518204599,2424.580874115566,2483.2400888119105,36848900
2026-02-13,2522.346435546875,2551.6760452625363,2493.0168258312137,2541.8995086906493,17904000
2026-02-18,2541.8994140625,2551.6759502704326,2444.134051983173,2493.0167330228364,23526700
2026-02-19,2639.664794921875,2678.7709400318286,2561.4525047019674,2590.782113534433,47772600
2026-02-20,2688.54736328125,2756.983114346591,2620.111612215909,2659.2177556818183,37844900
2026-02-23,2786.312744140625,2874.3015676398027,2737.4300644188597,2747.2066003632126,39449700
2026-02-24,2766.759765625,2835.195519545053,2717.8770842535337,2786.3128381735864,31447200
2026-02-25,2913.40771484375,2932.960786755453,2708.1004597708684,2747.2066035942744,29210600
2026-02-26,3128.49169921875,3148.0447723388675,2835.195602416992,2932.960968017578,54148100
2026-02-27,3167.59765625,3216.480336130401,3040.502688560957,3040.502688560957,39024000
2026-03-02,3177.374267578125,3363.128455528846,3099.1619779146636,3226.2569486177886,54563600
2026-03-03,3020.94970703125,3138.2681422557644,2981.843561956412,3128.491605987055,35041400
2026-03-04,2932.9609375,2962.290546875,2776.5363541666666,2893.8547916666666,42088000
2026-03-05,2884.078125,3167.5976694915253,2835.195444915254,2981.8434851694915,57756700
2026-03-06,2698.323974609375,2835.1954805678215,2639.6647577700405,2815.6424082880435,35572800
2026-03-09,2541.8994140625,2659.2178485576924,2326.815617487981,2522.3463416466348,27676700
2026-03-10,2639.664794921875,2668.99440375434,2522.346359592014,2620.111722366898,32243200
2026-03-11,2620.11181640625,2698.3241094333025,2610.3352797778684,2688.547572804921,16314500
2026-03-12,2571.22900390625,2610.3351484523528,2483.240178677519,2600.558612315827,10215900
2026-03-13,2434.357421875,2590.7819951681727,2414.8043502133532,2522.3462443524095,20066400
2026-03-16,2541.8994140625,2581.005558894231,2356.145226111779,2395.2513709435098,13930200
2026-03-17,2453.91064453125,2581.0056181523905,2385.4748895044822,2561.4525452875996,26815500
2026-03-25,2385.474853515625,2414.8044623703254,2209.497200387423,2248.6033455270235,28619100
2026-03-26,2297.486083984375,2395.251449260306,2277.9330109291886,2395.251449260306,9285200
2026-03-27,2336.592041015625,2395.251255434427,2277.932826596823,2297.485898069757,19087200
2026-03-30,2150.837890625,2326.8155362215907,2141.0613547585226,2326.8155362215907,31494800
2026-03-31,2131.284912109375,2209.4972024620124,2062.849158050817,2199.720666167933,30203800
2026-04-01,2483.240234375,2493.016770730807,2209.4972164124015,2219.2737527682084,39127400
2026-04-02,2287.70947265625,2483.240196814904,2277.9329364483174,2483.240196814904,16284100
2026-04-06,2375.6982421875,2375.6982421875,2189.9440586419755,2277.9328824266977,11039100
2026-04-07,2365.921875,2365.921875,2268.156508264463,2336.592264979339,10141900
2026-04-08,2512.56982421875,2551.675969342777,2473.4636790947225,2483.2402153757293,26908900
2026-04-09,2532.122802734375,2600.5585541596283,2405.0278358017617,2463.6870513091217,16118700
2026-04-10,2473.463623046875,2581.005519701087,2453.910550927927,2532.122839403718,12487300
2026-04-13,2424.5810546875,2483.24027375252,2395.2514451549896,2444.1341277091733,9735200
2026-04-14,2493.016845703125,2541.899528952206,2463.6872357536763,2463.6872357536763,14638300
2026-04-15,2522.346435546875,2590.782191550085,2502.7933624031007,2551.6760452625363,18410300
2026-04-16,2678.77099609375,2688.547532575844,2541.899485344434,2541.899485344434,25459300
2026-04-17,2717.876953125,2747.206560532824,2629.8881309015287,2688.5473457171765,20082700
2026-04-20,2815.642333984375,2893.8546210394966,2668.9942957560224,2717.876975165473,26848700
2026-04-21,2903.63134765625,2962.2905668008207,2815.642518939394,2815.642518939394,23432100
2026-04-22,2972.06689453125,3079.6087887412623,2913.407679507607,2923.1842153448806,28818400
2026-04-23,2942.7373046875,3020.949591855274,2854.7484816237543,3001.3965200633306,16826000
2026-04-24,2864.525146484375,2952.513973509492,2756.983246787009,2942.737437173368,16010200
2026-04-27,2835.195556640625,2942.7374570649245,2815.642483836207,2893.854775053879,10391800
2026-04-28,2766.759765625,2835.195519545053,2737.43015680212,2835.195519545053,9863500
2026-04-29,2698.323974609375,2756.983191448709,2698.323974609375,2737.430119168931,3697800
2026-04-30,2678.77099609375,2786.3128973967837,2532.1229488623403,2786.3128973967837,15765300
2026-05-04,2688.54736328125,2727.653506747159,2659.2177556818183,2678.7708274147726,8764200
2026-05-05,2581.005615234375,2747.206734397195,2541.899469549006,2708.1005887118254,17136100
2026-05-06,2747.206787109375,2766.7598603272354,2610.3352745843526,2610.3352745843526,24518300
2026-05-07,2805.865966796875,2864.5251856149284,2747.206747978822,2786.312893857524,26897900
2026-05-08,2639.664794921875,2796.0893753616897,2639.664794921875,2786.312839084201,30377200
2026-05-11,2610.335205078125,2756.983250307233,2541.8994506378745,2639.6648141239466,23557800
2026-05-12,2610.335205078125,2678.7709595183755,2551.675986986482,2620.1117414267324,8729900
2026-05-13,2600.55859375,2600.55859375,2541.899377349624,2581.0055216165415,7633200
2026-05-14,2600.55859375,2600.55859375,2600.55859375,2600.55859375,0
2026-05-15,2600.55859375,2600.55859375,2600.55859375,2600.55859375,0
2026-05-18,2317.0390625,2561.4524657172997,2268.15638185654,2561.4524657172997,26054700
2026-05-19,2131.284912109375,2317.0391016968892,2072.6256943448966,2317.0391016968892,27121900
2026-05-20,2121.50830078125,2180.167516471054,1984.6367975050402,2082.402156988047,20934500
2026-05-21,2082.402099609375,2189.943992077465,2043.2959568937058,2160.614385040713,13064200
2026-05-22,2277.932861328125,2297.4859330991817,2043.2960000754426,2072.6256077320277,25502500
2026-05-25,2356.145263671875,2395.2514091270095,2229.050290942687,2297.4860454891727,16194100
2026-05-26,2317.0390625,2375.698279272152,2297.485990242616,2346.368670886076,6447800
2026-05-27,2317.0390625,2317.0390625,2317.0390625,2317.0390625,0
2026-05-28,2317.0390625,2317.0390625,2317.0390625,2317.0390625,0
2026-05-29,2434.357421875,2434.357421875,2307.262456074297,2317.0389919051204,14908800
2026-06-02,2405.02783203125,2444.133975641514,2317.0390089081557,2444.133975641514,8964500
2026-06-03,2248.603271484375,2405.0278468919837,2189.944055706522,2405.0278468919837,11950700
2026-06-04,2248.603271484375,2258.3798074473507,2023.7429443359374,2248.603271484375,12847800
2026-06-05,2189.944091796875,2248.603308541434,2150.8379473005025,2248.603308541434,5162900
2026-06-08,1891.759765625,2150.8379764211886,1886.87149749677,2150.8379764211886,22558000
2026-06-09,2082.402099609375,2082.402099609375,1886.87138603103,1906.4244573888643,11636100
2026-06-10,2033.51953125,2101.955284705529,2023.7429950420674,2092.178748497596,11147100
2026-06-11,1750.0,2033.5195530726257,1730.4469273743018,2033.5195530726257,41790400
2026-06-12,1950.0,1960.0,1850.0,1885.0,26981900
2026-06-15,2170.0,2280.0,2010.0,2010.0,26516400
2026-06-17,2250.0,2260.0,2180.0,2230.0,14389800
2026-06-18,2170.0,2250.0,2150.0,2250.0,5843800
2026-06-19,2120.0,2180.0,2090.0,2130.0,5546000
2026-06-22,2100.0,2190.0,2080.0,2150.0,3323400
2026-06-23,2050.0,2110.0,2020.0,2100.0,4516000
2026-06-24,1945.0,2040.0,1925.0,2040.0,8672000
2026-06-25,1910.0,1930.0,1800.0,1900.0,16149200
2026-06-26,1785.0,1915.0,1740.0,1910.0,24520900
2026-06-29,1760.0,1830.0,1745.0,1785.0,9779600
2026-06-30,1685.0,1750.0,1605.0,1745.0,13526800
2026-07-01,1665.0,1700.0,1640.0,1680.0,7468600
2026-07-02,1740.0,1800.0,1695.0,1695.0,11093300
2026-07-03,1815.0,1860.0,1795.0,1800.0,14156400
2026-07-06,1815.0,1855.0,1800.0,1840.0,6967900
2026-07-07,1805.0,1830.0,1790.0,1815.0,4846500
2026-07-08,1730.0,1800.0,1725.0,1800.0,4577000
2026-07-09,1745.0,1760.0,1680.0,1730.0,5747000
2026-07-10,1785.0,1820.0,1745.0,1755.0,10138400
2026-07-13,1770.0,1805.0,1740.0,1785.0,6747900
2026-07-14,1840.0,1845.0,1740.0,1740.0,11997500
2026-07-15,1835.0,1860.0,1810.0,1860.0,13190600
2026-07-16,1960.0,2020.0,1810.0,1835.0,27198100
2026-07-17,1910.0,1950.0,1880.0,1950.0,13145600
2026-07-20,1930.0,1945.0,1885.0,1910.0,8368600
2026-07-21,1945.0,1970.0,1910.0,1930.0,12589200
2026-07-22,2020.0,2040.0,1950.0,1975.0,20532700
2026-07-23,1965.0,2060.0,1960.0,2020.0,16614900
2026-07-24,1920.0,1950.0,1865.0,1950.0,8419100
2026-07-27,1930.0,1970.0,1910.0,1925.0,9495700
2026-07-28,1895.0,1945.0,1890.0,1930.0,4962800
2026-07-29,1860.0,1920.0,1830.0,1895.0,7347800
2026-07-30,1865.0,1925.0,1835.0,1875.0,9723300
2026-07-31,1855.0,1890.0,1850.0,1870.0,8424800
2026-08-03,1835.0,1875.0,1805.0,1865.0,14904700
2026-08-04,1900.0,1900.0,1835.0,1840.0,10880100
2026-08-05,2000.0,2010.0,1915.0,1925.0,27665800
2026-08-06,2120.0,2150.0,2050.0,2100.0,34960900
2026-08-07,2150.0,2190.0,2080.0,2120.0,18702200
2026-08-10,2200.0,2270.0,2180.0,2180.0,25320600
2026-08-11,2080.0,2260.0,2040.0,2230.0,24489600
2026-08-12,2180.0,2190.0,2060.0,2100.0,17456000
2026-08-13,2130.0,2210.0,2130.0,2200.0,11148300
2026-08-14,2150.0,2160.0,2090.0,2120.0,6865600
2026-08-18,2190.0,2220.0,2160.0,2160.0,10058100
2026-08-19,2170.0,2200.0,2140.0,2190.0,5169000
2026-08-20,2340.0,2370.0,2250.0,2260.0,34705700
2026-08-21,2340.0,2380.0,2260.0,2370.0,16785100
2026-08-24,2400.0,2450.0,2350.0,2360.0,17965800
2026-08-26,2320.0,2470.0,2320.0,2410.0,21981100
2026-08-27,2360.0,2380.0,2320.0,2320.0,6126400
2026-08-28,2330.0,2370.0,2330.0,2370.0,4080500
2026-08-31,2210.0,2290.0,2190.0,2290.0,18364000
2026-09-01,2240.0,2270.0,2210.0,2210.0,8592400
2026-09-02,2230.0,2280.0,2170.0,2200.0,10463200
2026-09-03,2310.0,2340.0,2260.0,2280.0,12852400
2026-09-04,2280.0,2350.0,2260.0,2350.0,7435400
2026-09-07,2240.0,2260.0,2210.0,2250.0,5018100
2026-09-08,2270.0,2280.0,2240.0,2250.0,4034400
2026-09-09,2260.0,2300.0,2230.0,2260.0,7045000
2026-09-10,2220.0,2300.0,2210.0,2270.0,7868900
2026-09-11,2170.0,2210.0,2140.0,2170.0,8432700
2026-09-14,2120.0,2170.0,2110.0,2170.0,8172400
2026-09-15,2150.0,2180.0,2110.0,2120.0,4255900
2026-09-16,2110.0,2170.0,2110.0,2150.0,9018500
2026-09-17,2130.0,2150.0,2070.0,2110.0,6022800
2026-09-18,2200.0,2210.0,2150.0,2150.0,8100700
2026-09-21,2130.0,2200.0,2120.0,2200.0,3828200
2026-09-22,2170.0,2180.0,2090.0,2130.0,5176500
2026-09-23,2300.0,2320.0,2170.0,2180.0,16218700
2026-09-24,2310.0,2320.0,2260.0,2310.0,7407000
2026-09-25,2290.0,2360.0,2280.0,2310.0,10843600
2026-09-28,2160.0,2280.0,2160.0,2280.0,9691700
2026-09-29,2110.0,2150.0,2110.0,2150.0,660400
