date,Close,High,Low,Open,Volume
2018-06-01,17470.029296875,17470.029296875,17470.029296875,17470.029296875,0
2018-06-04,17189.76171875,17750.297426970108,16862.7825556216,17283.184336786686,32076900
2018-06-05,19011.505859375,19198.351125806206,17189.76451167076,17189.76451167076,29017100
2018-06-06,18334.19140625,19151.639430732484,18310.835748407644,19151.639430732484,11279900
2018-06-07,18684.52734375,18824.661298828123,17773.656635742187,18357.548115234375,10973500
2018-06-08,17843.71875,18684.522251308903,17843.71875,18684.522251308903,18955100
2018-06-11,17843.71875,17843.71875,17843.71875,17843.71875,0
2018-06-12,17843.71875,17843.71875,17843.71875,17843.71875,0
2018-06-13,17843.71875,17843.71875,17843.71875,17843.71875,0
2018-06-14,17843.71875,17843.71875,17843.71875,17843.71875,0
2018-06-15,17843.71875,17843.71875,17843.71875,17843.71875,0
2018-06-18,17843.71875,17843.71875,17843.71875,17843.71875,0
2018-06-19,17843.71875,17843.71875,17843.71875,17843.71875,0
2018-06-20,18684.52734375,18684.52734375,17540.100043945313,18053.924545898437,16983800
2018-06-21,18707.8828125,19338.485603932586,18380.903587312736,18684.527153558054,13652100
2018-06-22,17983.85546875,18707.880818790585,17937.144155844155,18707.880818790585,11695000
2018-06-25,17960.498046875,18357.544167547137,17750.297159460337,18030.565009346552,5351000
2018-06-26,17563.455078125,18030.56824509641,17470.032444730718,17867.078636656417,6653500
2018-06-27,17750.298828125,18497.679831414473,17213.11873201069,17633.520546361022,10740700
2018-06-28,16419.025390625,18007.209923430833,16325.602771048187,18007.209923430833,9546500
2018-06-29,17376.609375,17376.609375,15204.533203125,16535.805695564515,14647900
2018-07-02,17213.115234375,17750.2952213365,16839.424808662654,17283.182189196064,7196100
2018-07-03,16348.958984375,17470.030457589284,15975.268493303573,17283.185212053573,8251000
2018-07-04,15671.646484375,16512.450170570977,13686.4155586345,16255.537933122205,19038100
2018-07-05,16118.0634765625,16282.533512037628,15554.166212076349,15812.619124965835,11883700
2018-07-06,15789.123046875,16306.028860909597,15789.123046875,16118.063110351562,6237100
2018-07-09,16634.96875,16634.96875,15789.122881355932,15789.122881355932,9761600
2018-07-10,17645.283203125,17715.770353070908,16728.95025382823,16822.93312042277,11824100
2018-07-11,18420.642578125,18420.642578125,17269.352416992188,17739.26676847497,12887500
2018-07-12,18232.6796875,18702.594112435567,18115.201081266106,18538.124063708117,9626500
2018-07-13,18702.591796875,18702.591796875,18091.70312009265,18209.181711781566,8914600
2018-07-16,18350.154296875,18773.077187199902,17880.239974291773,18702.59003881242,8202100
2018-07-17,18585.11328125,18655.60043655183,18162.190349439003,18279.66894160872,8390900
2018-07-18,18561.6171875,18608.60862341772,18256.17285403481,18514.62575158228,3376600
2018-07-19,18796.578125,19149.01396484375,18397.15083984375,18561.6208984375,13949200
2018-07-20,18561.6171875,18796.574367088608,18232.67713607595,18796.574367088608,6733900
2018-07-23,17175.37109375,18796.57575239398,17057.892495297536,18608.60999487004,9832500
2018-07-24,16822.93359375,17833.24943806739,16611.47213796264,17363.335091873254,9894300
2018-07-25,17527.8046875,17598.29183771783,16470.497434232573,16822.933185321715,9359600
2018-07-26,18232.6796875,18467.636899967783,17645.28665633054,17762.765262564433,11967900
2018-07-27,18561.6171875,18561.6171875,18232.67713607595,18326.660007911392,7416500
2018-07-30,18655.603515625,18702.59496024874,18232.680514011336,18608.61207100126,7930400
2018-07-31,18044.7109375,18796.573893229168,17668.779459635418,18608.608154296875,10144100
2018-08-01,18514.625,18514.625,17574.796319796955,18303.163546954314,8736600
2018-08-02,18091.705078125,18467.63661221591,17739.269264914772,18420.645170454543,11478500
2018-08-03,17574.796875,18279.668407419787,17504.30972175802,18279.668407419787,5893100
2018-08-06,17950.728515625,17950.728515625,17598.292746339168,17598.292746339168,3311000
2018-08-07,18138.6953125,18138.6953125,17809.75524206606,18044.712435233163,5677700
2018-08-08,18632.107421875,18726.090309248895,18021.218653944674,18138.697263162045,11292400
2018-08-09,18185.685546875,18702.59133761305,17880.241215984337,18632.10418433059,5539000
2018-08-10,18138.6953125,18373.652505667098,17739.268084115934,18185.68675113342,4509800
2018-08-13,17410.328125,17997.721111673414,17410.328125,17950.72967273954,5307500
2018-08-14,17010.904296875,17668.784573549725,16940.417124374137,17410.331607713226,5988800
2018-08-15,16799.439453125,17292.849562937063,15883.106392045454,17198.866684877623,7708500
2018-08-16,16540.984375,16916.91583806818,16235.540061257103,16728.950106534092,3958700
2018-08-17,16540.984375,16540.984375,16540.984375,16540.984375,0
2018-08-20,17104.8828125,17480.814302884613,16611.47273137019,16634.96844951923,10034000
2018-08-21,17974.228515625,17974.228515625,17057.89529718137,17292.85253267974,7325500
2018-08-22,17974.228515625,17974.228515625,17974.228515625,17974.228515625,0
2018-08-23,18303.1640625,18303.1640625,17480.813944159177,18044.711168164315,13358900
2018-08-24,17856.74609375,18279.669027549342,17645.28462685033,18279.669027549342,7148300
2018-08-27,18138.6953125,18608.609698834196,17645.285206849094,18608.609698834196,12813700
2018-08-28,17997.72265625,18232.67987108355,17903.73977031658,18185.688428116842,2416600
2018-08-29,17997.72265625,18044.71409921671,17692.278276966383,18044.71409921671,5279000
2018-08-30,17668.78125,18256.174243683512,17551.3026512633,18068.20848570479,8043100
2018-08-31,17950.728515625,17950.728515625,16916.916925719896,17386.831284767668,15264700
2018-09-03,17410.328125,17903.738233805667,17034.396613529014,17856.746794871793,8672300
2018-09-04,17410.328125,17527.80672233468,17245.858088731442,17410.328125,2626700
2018-09-05,16587.978515625,17480.815886154393,16259.03843174575,17104.884361720964,8376900
2018-09-06,17057.888671875,17057.888671875,16447.000096849173,16447.000096849173,8911400
2018-09-07,16893.419921875,17057.889935022602,16540.984179415856,16799.437057219227,4525500
2018-09-10,16658.462890625,16893.42005410349,16071.069981928773,16846.42862140779,5607000
2018-09-11,16658.462890625,16658.462890625,16658.462890625,16658.462890625,0
2018-09-12,16353.021484375,16916.918776939656,16094.5685586162,16705.45729222791,8551700
2018-09-13,16658.462890625,16822.932905059944,16259.035712711566,16540.984308885752,6542100
2018-09-14,16822.93359375,16869.925028369413,16493.993551414107,16728.950724511174,2778600
2018-09-17,16071.0712890625,16728.951400310674,15930.09697950932,16540.985654239765,5579200
2018-09-18,15977.0888671875,16259.037494255514,15507.174488740808,15977.0888671875,4658300
2018-09-19,16775.943359375,16822.934797356444,16047.57607066264,16165.054665616248,8562200
2018-09-20,17198.865234375,17198.865234375,16447.002273309427,16916.91662397541,12713200
2018-09-21,17621.791015625,17621.791015625,17104.885145833334,17363.338080729165,30168400
2018-09-24,17245.857421875,17480.814607459128,17222.361703316586,17480.814607459128,5353700
2018-09-25,16517.4921875,17292.850995732573,16353.022137268848,17292.850995732573,7347800
2018-09-26,16447.001953125,16705.45484095982,16282.531933593751,16681.959123883928,2168400
2018-09-27,16564.48046875,16775.94192154255,16071.070412234041,16447.001883865247,5717300
2018-09-28,16306.029296875,16658.4650885942,16306.029296875,16540.986491354466,4287900
2018-10-01,16141.5576171875,16517.489090076873,16024.07903190957,16282.531919521014,4031200
2018-10-02,15131.2431640625,16165.054808812112,15060.756006465936,16165.054808812112,10371700
2018-10-03,15037.259765625,15648.148443603515,15037.259765625,15319.20838623047,6459500
2018-10-04,13580.525390625,15037.259948096886,13345.568203935985,15037.259948096886,14339400
2018-10-05,13533.5341796875,13862.474246554904,13063.619798448352,13533.5341796875,8015200
2018-10-08,13557.0283203125,13768.489767249783,13463.04545500704,13651.01118561796,5632600
2018-10-09,14261.900390625,14332.387542473229,13510.037437577224,13651.011741273682,7361700
2018-10-10,14026.943359375,14379.379122173366,13744.994749136305,14379.379122173366,6961400
2018-10-11,13181.0986328125,13627.517303086008,13157.602913324421,13439.551547181372,5812400
2018-10-12,13439.5517578125,13533.53463723776,12875.654481260926,13251.585998961975,7014800
2018-10-15,10995.99609375,13604.02080829327,10995.99609375,13439.55078125,18682600
2018-10-16,11512.9013671875,11606.884235491072,10103.15834263393,10995.995591517858,18923500
2018-10-17,12711.185546875,12734.681268773105,11653.878061460258,11653.878061460258,10446300
2018-10-18,12852.158203125,13251.58542333181,12593.70529593236,12734.679608946526,8749600
2018-10-19,12664.1923828125,12734.67953893205,12241.269446095199,12687.688101519016,8142000
2018-10-22,12852.158203125,13040.123953810558,12452.73098291819,12664.192452439442,5455000
2018-10-23,12358.748046875,12946.141014882367,12311.75660943441,12828.662421280893,3565000
2018-10-24,10714.0478515625,12570.209650407758,10714.0478515625,12264.765303762335,10228600
2018-10-25,11230.9521484375,11418.917874771181,10103.157790435407,10244.132085185669,8331000
2018-10-26,10714.0478515625,11465.910858689693,10690.552132589775,11371.927982798794,6109600
2018-10-29,11042.98828125,11042.98828125,10267.629529587766,10714.048204787234,5694900
2018-10-30,11747.859375,11747.859375,10808.030625,10995.996375,7361400
2018-10-31,11959.3193359375,12311.755072752947,11888.83218857441,12029.80648330059,10886700
2018-11-01,10995.99609375,12217.7734375,10573.073167067307,12123.790564903846,15757000
2018-11-02,10995.99609375,11371.927584134615,10620.064603365385,11066.483248197115,9416800
2018-11-05,10244.1328125,10995.995771215597,10244.1328125,10995.995771215597,8005900
2018-11-06,10314.6201171875,10596.568730869163,10032.671503505837,10244.132963767084,6703600
2018-11-07,10502.5859375,10714.04739932886,10338.11591163311,10338.11591163311,6430800
2018-11-08,10690.552734375,10995.997098214286,10361.612650240384,10620.065573489012,11140800
2018-11-09,10596.568359375,10761.038378256651,10385.106906527162,10690.551227307373,5871600
2018-11-12,10338.1171875,10737.54444247159,10291.125745738636,10479.09151278409,6371800
2018-11-13,10361.6123046875,10549.578060781605,10173.646548593395,10244.133707128685,6170500
2018-11-14,10995.99609375,11113.474684495191,10479.090294471154,10502.586012620191,9956400
2018-11-15,10784.5341796875,11136.969937193628,10784.5341796875,11042.987068525326,5751600
2018-11-16,11183.962890625,11254.450051700367,10737.544203814337,10925.509966681986,6618100
2018-11-19,10573.07421875,11442.415876736111,10573.07421875,11183.962951388889,11434200
2018-11-20,10573.07421875,10573.07421875,10573.07421875,10573.07421875,0
2018-11-21,10761.0400390625,10902.01436271834,10338.117068094978,10479.091391750819,6098700
2018-11-22,11348.431640625,11418.91879367236,10808.03013392857,10878.517286975932,9065900
2018-11-23,12499.7216796875,12546.713114573542,11395.422959865484,11395.422959865484,8117200
2018-11-26,12852.158203125,12852.158203125,12311.756669904022,12499.72242058958,9787900
2018-11-27,11465.91015625,12969.636078381147,11465.91015625,12969.636078381147,15458300
2018-11-28,10995.99609375,11606.884765625,10784.534630408654,11418.919020432691,11750500
2018-11-29,10995.99609375,11371.927584134615,10902.013221153846,11277.944711538461,9170600
2018-11-30,9868.2021484375,10995.9966796875,9797.714990234375,10902.013802083333,24336900
2018-12-03,9868.2021484375,10244.133658854167,9844.706429036458,10150.15078125,8185000
2018-12-04,10878.5185546875,10925.509995528484,9868.202576606373,9868.202576606373,10498100
2018-12-05,10902.0126953125,10972.499846359779,10526.081223060344,10620.064091123384,6229200
2018-12-06,10855.0224609375,10855.0224609375,10432.099507913961,10808.031021712663,5836100
2018-12-07,10808.029296875,10902.012160326087,10714.046433423913,10808.029296875,3881600
2018-12-10,10784.5341796875,10902.012765522875,10714.047028186274,10902.012765522875,2828900
2018-12-11,10338.1171875,10855.023046875,10244.134303977273,10784.535884232953,6932600
2018-12-12,10808.029296875,10808.029296875,10432.097843070653,10432.097843070653,3563900
2018-12-13,11465.91015625,11465.91015625,10690.551477651126,10831.525782850922,9631200
2018-12-14,11160.466796875,11442.41543174342,11042.988199013158,11324.936833881578,4757200
2018-12-17,10690.552734375,11089.979979395604,10690.552734375,11042.988538804944,4133500
2018-12-18,11277.9443359375,11371.927205403646,10432.098510742188,10620.064249674479,5678800
2018-12-19,11277.9443359375,11465.910074869791,10878.51714070638,11324.935770670572,6099000
2018-12-20,10972.5,11207.457173447538,10902.012847965738,11066.482869379015,3573400
2018-12-21,10902.0126953125,11089.978431438578,10808.029827249462,10808.029827249462,4147000
2018-12-24,10902.0126953125,10902.0126953125,10902.0126953125,10902.0126953125,0
2018-12-25,10902.0126953125,10902.0126953125,10902.0126953125,10902.0126953125,0
2018-12-26,10949.005859375,10995.997300831545,10573.07432772264,10808.031535005364,1874400
2018-12-27,11183.962890625,11254.450051700367,11042.988568474264,11042.988568474264,2105000
2018-12-28,10855.0224609375,11230.953974736201,10808.031021712663,11183.962535511364,3938900
2018-12-31,10855.0224609375,10855.0224609375,10855.0224609375,10855.0224609375,0
2019-01-01,10855.0224609375,10855.0224609375,10855.0224609375,10855.0224609375,0
2019-01-02,10808.029296875,10949.003592051631,10596.567854110055,10949.003592051631,2102600
2019-01-03,10620.0654296875,10808.031189504978,10479.091109824392,10761.039749550608,3957900
2019-01-04,10549.578125,10690.55244292873,10502.586685690423,10526.082405345212,3082400
2019-01-07,10479.0888671875,10808.028876471411,10479.0888671875,10714.04601667601,4473800
2019-01-08,10620.0654296875,10808.031189504978,10573.07398973313,10596.569709710315,4329800
2019-01-09,10878.5185546875,10949.005715948975,10690.55279132357,10714.04851174406,4511000
2019-01-10,11818.345703125,11818.345703125,10972.499887394384,10995.995604498012,12416300
2019-01-11,11959.3193359375,12194.276493814465,11559.89216754666,11935.823620149804,8621800
2019-01-14,11841.841796875,11959.320386129712,11371.92743985615,11959.320386129712,4123500
2019-01-15,12100.296875,12100.296875,11606.886711165049,11841.843932038835,4889500
2019-01-16,11935.826171875,12123.79193836122,11794.851847010335,12100.296217550444,4405800
2019-01-17,11888.8330078125,12194.277334100172,11747.858703372036,11935.824442625988,5953800
2019-01-18,11559.8935546875,11888.833615186737,11465.910680259147,11888.833615186737,4999200
2019-01-21,11230.9521484375,11841.840759021967,11183.960716854079,11653.875032688284,5940200
2019-01-22,11207.45703125,11324.93561648323,11019.491294876834,11207.45703125,4137600
2019-01-23,11700.8681640625,11700.8681640625,11207.45806075866,11207.45806075866,6095900
2019-01-24,11959.3193359375,11959.3193359375,11559.89216754666,11724.362178060535,5572300
2019-01-25,12311.7568359375,12335.252555090052,11818.346733733897,12053.303925259423,6937000
2019-01-28,12711.185546875,12734.681268773105,12311.758274607208,12311.758274607208,8321000
2019-01-29,12405.740234375,12875.654637192234,12335.253073952415,12687.68887606534,4636700
2019-01-30,12452.73046875,12640.696211674529,12217.77329009434,12499.721904481132,4629200
2019-01-31,12217.7734375,12570.209209735576,12217.7734375,12452.730618990385,8248600
2019-02-01,11912.3291015625,12335.252028245191,11865.337665264422,12311.756310096154,4023000
2019-02-04,11747.859375,12264.7651875,11747.859375,11912.329406249999,3889600
2019-02-05,11747.859375,11747.859375,11747.859375,11747.859375,0
2019-02-06,12311.7568359375,12382.243993395157,11771.355295428792,11771.355295428792,6353500
2019-02-07,12170.7822265625,12499.722286739865,12029.807915057916,12405.739412403476,2978600
2019-02-08,11912.3291015625,12076.79912860577,11747.85907451923,11841.841947115385,3767700
2019-02-11,11747.859375,11982.8165625,11606.8850625,11841.84225,2038300
2019-02-12,11700.8681640625,11935.825356111947,11348.432375988328,11747.85960247239,2967500
2019-02-13,11865.33984375,11888.835566212872,11512.904006806932,11724.365508972773,3338800
2019-02-14,11254.4501953125,11841.843211769312,11254.4501953125,11771.356049794495,3317500
2019-02-15,10808.029296875,11277.943614130436,10737.542149286686,11254.447898267663,4521300
2019-02-18,11160.466796875,11183.962516447367,10902.013881578947,10902.013881578947,2816000
2019-02-19,11207.45703125,11371.92705057652,10972.499860783544,11160.46559715671,2376900
2019-02-20,11512.9013671875,11512.9013671875,11230.952762276786,11230.952762276786,5017500
2019-02-21,11442.4150390625,11512.902195360626,11371.927882764374,11512.902195360626,1604500
2019-02-22,11442.4150390625,11465.910757828542,11042.987820039785,11277.945007700206,2151200
2019-02-25,11442.4150390625,11677.37222672292,11207.45785140208,11418.919320296458,2903200
2019-02-26,11324.9365234375,11559.893712720435,11136.970772011151,11442.415118078969,2705800
2019-02-27,11066.4833984375,11277.94486464968,10902.013369161357,11136.97055384156,2932800
2019-02-28,10361.6123046875,10995.996731505102,10361.6123046875,10995.996731505102,7760800
2019-03-01,10502.5859375,10620.064527404922,10338.11591163311,10479.090219519016,2924500
2019-03-04,10573.07421875,10596.569939236111,10432.099895833333,10596.569939236111,1584300
2019-03-05,10361.6123046875,10573.073780293367,10338.116585175738,10573.073780293367,2410000
2019-03-06,10079.6630859375,10479.090294471154,10056.167367788461,10361.611703725961,4116700
2019-03-07,10079.6630859375,10079.6630859375,10079.6630859375,10079.6630859375,0
2019-03-08,10009.1767578125,10244.133958700117,9985.681037723738,10056.168197990024,2714400
2019-03-11,9703.7314453125,10032.671494306143,9633.244291956718,10009.175776520884,3862500
2019-03-12,8975.3642578125,9750.722950241328,8975.3642578125,9727.227232288938,10441800
2019-03-13,8340.98046875,8975.364898767606,8246.997590228873,8951.869179137324,12488500
2019-03-14,8787.3984375,9163.32992145722,8317.484082553476,8411.46695354278,11966400
2019-03-15,9257.3125,9468.773953045686,8740.406725888324,8740.406725888324,12387200
2019-03-18,9468.7744140625,9539.261568509615,9186.825796274039,9210.321514423076,8237700
2019-03-19,9445.2783203125,9539.261189171331,9045.851127662469,9515.765471956624,8612200
2019-03-20,9515.7646484375,9868.200376157407,9304.303211805554,9468.773218074844,8674900
2019-03-21,9586.251953125,9774.217677696079,9468.773375268076,9586.251953125,4511900
2019-03-22,9304.3046875,9633.244752209595,9163.33037405303,9586.25331439394,6539000
2019-03-25,8716.912109375,9045.852188974057,8693.41638940364,9022.356469002696,7462200
2019-03-26,8599.4326171875,8904.87694512039,8575.9368996542,8787.398357453892,6754100
2019-03-27,8763.90234375,8810.893777228552,8552.440893096515,8716.910910271448,4559500
2019-03-28,8787.3984375,8975.364179478609,8599.432695521391,8740.407002005348,3857100
2019-03-29,8153.0146484375,8787.39907353206,8129.518928989553,8740.407634636167,15193600
2019-04-01,7800.57861328125,8270.4929875753,7636.108582278332,8176.510112716491,5615700
2019-04-02,7800.57861328125,7988.54436299887,7730.091457137142,7730.091457137142,4765200
2019-04-03,7800.57861328125,7800.57861328125,7800.57861328125,7800.57861328125,0
2019-04-04,7283.6728515625,7894.56154233871,7236.681413810484,7824.074385710685,12116600
2019-04-05,7706.595703125,7777.082858946265,7283.672768197409,7283.672768197409,8487800
2019-04-08,7706.595703125,7847.570014767531,7424.647079839939,7683.099984517911,6701500
2019-04-09,8059.03173828125,8106.023176988429,7659.604509270226,7800.5788253917635,8694300
2019-04-10,7683.10009765625,8012.04016299933,7589.117221843941,8012.04016299933,8912700
2019-04-11,7542.125,7777.082165109035,7542.125,7777.082165109035,3973100
2019-04-12,7565.62158203125,7589.117301230105,7307.168670843847,7518.630143633541,4398500
2019-04-15,7448.1435546875,7659.605043621845,7424.647833694795,7565.622159651025,3127500
2019-04-16,7307.1689453125,7471.638985882235,7307.1689453125,7448.143265800844,6351700
2019-04-17,7307.1689453125,7307.1689453125,7307.1689453125,7307.1689453125,0
2019-04-18,7048.71484375,7518.629166666667,7048.71484375,7518.629166666667,12150800
2019-04-19,7048.71484375,7048.71484375,7048.71484375,7048.71484375,0
2019-04-22,6766.76708984375,7189.690032958984,6696.279932657878,7142.698594835069,7944600
2019-04-23,6884.2451171875,6978.227985681528,6719.775097322952,6766.766531569966,5163600
2019-04-24,6790.2626953125,6954.73272599481,6743.271257974697,6884.245569988106,3885100
2019-04-25,6672.7841796875,6884.245650170555,6649.288460744939,6766.767055457746,3616900
2019-04-26,6461.3232421875,6719.776171875,6414.331800426136,6672.784730113636,5154100
2019-04-29,6954.73291015625,7001.724348738387,6367.33992787954,6461.322805043813,6791700
2019-04-30,6954.73291015625,7236.681541649071,6931.237190865181,6954.73291015625,11109000
2019-05-01,6954.73291015625,6954.73291015625,6954.73291015625,6954.73291015625,0
2019-05-02,6484.81787109375,6954.732209578805,6461.3221541694975,6931.236492654552,9110600
2019-05-03,6273.3564453125,6508.313615548923,6155.877860194288,6484.817898525281,4744800
2019-05-06,6508.314453125,6555.3058932197655,6038.400052177346,6108.887212319494,4030700
2019-05-07,6367.33935546875,6649.2879616149685,6367.33935546875,6555.305092899563,3297200
2019-05-08,6343.84423828125,6390.835677083333,6179.374202473959,6296.852799479167,4273600
2019-05-09,5873.9296875,6343.8440625,5873.9296875,6296.8526249999995,9329100
2019-05-10,6061.89501953125,6132.382170921148,5873.929282491521,5897.424999621488,6527200
2019-05-13,5803.443359375,6108.887746710527,5803.443359375,5967.91341409413,4173000
2019-05-14,5732.955078125,5803.442230724897,5544.989337858607,5638.972207991803,8044000
2019-05-15,5591.9814453125,5850.434369255515,5591.9814453125,5756.451487821691,5023500
2019-05-16,5380.52001953125,5685.964387452238,5380.52001953125,5544.990063796397,6304100
2019-05-17,5169.05859375,5474.502965198863,5169.05859375,5380.520081676136,5914400
2019-05-20,5497.998046875,5568.485201322115,5004.587965745192,5169.057992788461,8379500
2019-05-21,5920.9208984375,6061.895205543155,5521.493694971478,5521.493694971478,8984800
2019-05-22,5709.45947265625,5944.416652600951,5591.980882683899,5920.920934606481,8427200
2019-05-23,6061.89501953125,6132.382170921148,5685.963545451792,5709.459262581759,8821500
2019-05-24,5803.443359375,6132.383468813259,5756.451915169535,6061.896302505061,7768300
2019-05-27,6367.33935546875,6367.33935546875,5826.937860355167,5826.937860355167,7577100
2019-05-28,6508.314453125,6672.784493456678,6155.87865241426,6414.331572935469,21326800
2019-05-29,6719.77587890625,6931.237357613089,6343.844361205201,6508.31440019941,14269600
2019-05-30,6719.77587890625,6719.77587890625,6719.77587890625,6719.77587890625,0
2019-05-31,7283.6728515625,7307.168570438508,6766.767036290323,6766.767036290323,21360700
2019-06-03,7283.6728515625,7283.6728515625,7283.6728515625,7283.6728515625,0
2019-06-04,7283.6728515625,7283.6728515625,7283.6728515625,7283.6728515625,0
2019-06-05,7283.6728515625,7283.6728515625,7283.6728515625,7283.6728515625,0
2019-06-06,7283.6728515625,7283.6728515625,7283.6728515625,7283.6728515625,0
2019-06-07,7283.6728515625,7283.6728515625,7283.6728515625,7283.6728515625,0
2019-06-10,7330.6640625,7659.604116586538,7095.706881009615,7377.655498798077,24999300
2019-06-11,7142.69873046875,7542.125962106805,7095.707291452508,7354.160206041838,13915600
2019-06-12,6625.79296875,7189.690242686171,6578.801529255319,7166.19452293883,11961300
2019-06-13,6978.228515625,7048.715672348485,6343.844105113637,6625.792732007576,15632500
2019-06-14,6860.74951171875,7236.6809918129275,6837.253794212864,7048.715251765839,8814600
2019-06-17,6837.25390625,7213.185392504295,6790.262470468213,6954.732495704467,9283700
2019-06-18,6884.2451171875,6978.227985681528,6813.75796581698,6954.73226855802,5568600
2019-06-20,9304.3046875,9398.287563131313,7800.57867739899,7894.561553030303,63697500
2019-06-21,9374.7900390625,9539.260039747807,8505.448606868735,9327.79861029527,36564800
2019-06-24,8881.3818359375,9515.766252790178,8763.903240224041,9492.270533647486,16425000
2019-06-25,9116.33984375,9257.31417123067,8881.382631282217,8881.382631282217,12100000
2019-06-26,8740.408203125,9233.818343623992,8740.408203125,9139.835459719421,7935400
2019-06-27,8904.8779296875,9351.29661217843,8505.450687458773,8763.90360890089,18247800
2019-06-28,8810.8955078125,9092.844164062499,8716.912622395834,8975.365557291667,8890800
2019-07-01,8881.3818359375,8975.364712508266,8810.894678509425,8857.886116794807,3068500
2019-07-02,8716.912109375,8928.373589117251,8716.912109375,8904.87786914589,5729700
2019-07-03,8505.4521484375,8904.879459275726,8505.4521484375,8740.409390107045,9472600
2019-07-04,8176.5107421875,8646.425152658046,8176.5107421875,8552.442270563937,8649700
2019-07-05,7894.5615234375,8246.997305733816,7777.082929338727,8176.510149274553,9875300
2019-07-08,7942.119140625,8275.022338136228,7847.003941336078,7989.676740269461,9087200
2019-07-09,8489.03125,8536.588848039215,7870.782475490196,8061.012867647059,19459600
2019-07-10,8322.580078125,8798.156082589287,8203.686077008928,8560.368080357142,18941700
2019-07-11,7942.119140625,8465.252736714072,7847.003941336078,8465.252736714072,16173300
2019-07-12,7466.54296875,8084.791749601911,7418.98537022293,7942.1189540207015,19350400
2019-07-15,7728.10986328125,7799.446262019231,7514.100667067308,7514.100667067308,9203000
2019-07-16,7632.994140625,7799.445726246106,7442.763757058022,7799.445726246106,7623400
2019-07-17,7514.1005859375,7656.773381873022,7514.1005859375,7656.773381873022,3122700
2019-07-18,8061.01416015625,8061.01416015625,7442.765286515947,7514.101695012905,14852500
2019-07-19,7847.00390625,8203.685901988636,7823.225106534091,8108.570703125,9886900
2019-07-22,7704.3310546875,7918.340250651041,7680.552255135995,7823.225052445023,3842200
2019-07-23,7704.3310546875,7918.340250651041,7632.994656032985,7799.446252893518,7374000
2019-07-24,7609.2158203125,7847.003814697266,7561.658221435548,7751.88861694336,4547700
2019-07-25,7442.763671875,7656.772850938498,7276.312088158946,7609.215255591054,11795800
2019-07-26,7181.19677734375,7585.436331035286,7133.639182791805,7442.76354737945,8132700
2019-07-29,6919.63037109375,7252.533550459085,6872.072774041559,7228.754751932989,7339900
2019-07-30,7133.6396484375,7157.418447265625,6967.188056640625,6990.96685546875,5223800
2019-07-31,7109.86083984375,7228.75483382107,6967.188047070966,7228.75483382107,8022400
2019-08-01,7062.3037109375,7086.082511311028,6990.96730981692,7086.082511311028,4750500
2019-08-02,6753.1796875,7014.746506382043,6729.4008857834515,7014.746506382043,6848000
2019-08-05,6515.39111328125,6729.400310432824,6325.160715813185,6705.621510749315,11318700
2019-08-06,6348.93896484375,6539.169345812851,6134.929786253511,6301.381369601475,9790700
2019-08-07,6348.93896484375,6562.948143433989,6348.93896484375,6420.275357707163,8068000
2019-08-08,6848.29443359375,6848.29443359375,6348.939631144206,6348.939631144206,11180700
2019-08-09,6729.3994140625,7062.302565288207,6705.6206175463785,6943.408582707597,9211800
2019-08-12,6705.6220703125,6848.294880319149,6562.949260305852,6753.17967364805,2607400
2019-08-13,6396.49658203125,6658.063356761152,6396.49658203125,6610.505761355716,6388600
2019-08-14,6586.7275390625,6729.400337742554,6491.612339942464,6658.063938402527,8047400
2019-08-15,7704.3310546875,7704.3310546875,6301.381881148726,6420.27587890625,36355100
2019-08-16,7157.4189453125,8037.234563174834,7133.640144829734,7894.561760278239,38367500
2019-08-19,7157.4189453125,7347.649349174626,6967.188541450373,7252.534147243563,10632100
2019-08-20,6800.73681640625,7228.755217438811,6776.958016348885,7157.418817266717,8523100
2019-08-21,6729.3994140625,6990.966175739841,6681.841821030256,6800.735803610866,7865800
2019-08-22,6562.94873046875,6895.851926941802,6539.1699307206745,6824.5155276975765,8196400
2019-08-23,6610.505859375,6634.284657430306,6467.833071043166,6562.9482632643885,5806900
2019-08-26,6372.71875,6467.83395522388,6301.3823460820895,6420.27635261194,9727100
2019-08-27,6420.2763671875,6562.949175347222,6396.497565827546,6444.055168547453,10073700
2019-08-28,6348.93896484375,6539.169345812851,6325.1601672226125,6467.832952949439,3498800
2019-08-29,6729.3994140625,6919.629786191475,6348.938669804549,6396.496262836793,15533300
2019-08-30,6515.39111328125,6824.515509166857,6467.833513914234,6776.95790979984,8463300
2019-09-02,6491.61279296875,6539.170395847642,6372.71878577152,6515.391594408196,3830700
2019-09-03,6348.93896484375,6515.390548191714,6325.1601672226125,6515.390548191714,6329100
2019-09-04,6372.71875,6515.391557835821,6325.161147388059,6372.71875,5028600
2019-09-05,6705.6220703125,6753.17967364805,6396.497648631427,6467.834053634752,16583000
2019-09-06,6848.29443359375,6943.40963406033,6705.621632893881,6800.73683336046,19188500
2019-09-09,6872.07373046875,7086.082946988538,6776.958523126622,6919.631334139814,13793900
2019-09-10,6681.8427734375,6990.9671722086305,6586.727573815614,6919.630772492215,9789000
2019-09-11,6872.07373046875,6895.852532304282,6586.728108442366,6776.958523126622,7813000
2019-09-12,6729.3994140625,6967.187379223719,6729.3994140625,6919.629786191475,5038000
2019-09-13,6705.6220703125,6824.516078651374,6658.064466976951,6824.516078651374,3238300
2019-09-16,6586.7275390625,6729.400337742554,6420.275940602437,6705.621537962545,5520500
2019-09-17,6824.51513671875,6919.630330261869,6586.727152860954,6634.284749632513,10529600
2019-09-18,6729.3994140625,6872.072193159232,6705.6206175463785,6848.293396643109,3460600
2019-09-19,6586.7275390625,6753.179137522563,6539.169939502482,6729.400337742554,3980100
2019-09-20,6634.28515625,6681.84275593638,6539.16995687724,6586.72755656362,7966600
2019-09-23,6491.61279296875,6634.285601605426,6467.833991529304,6634.285601605426,3242200
2019-09-24,6348.93896484375,6539.169345812851,6325.1601672226125,6491.611750570576,6040000
2019-09-25,6301.3818359375,6420.275832841981,6253.824237175708,6348.939434699292,3960200
2019-09-26,6301.3818359375,6491.61223098467,6301.3818359375,6348.939434699292,5185600
2019-09-27,6301.3818359375,6372.718234080188,6301.3818359375,6301.3818359375,2603000
2019-09-30,6158.708984375,6372.718176882239,6134.930185207529,6372.718176882239,6400200
2019-10-01,6301.3818359375,6325.160635318396,6158.709039652123,6158.709039652123,4308400
2019-10-02,5968.478515625,6348.93929749751,5944.699716757968,6301.381699763446,6331100
2019-10-03,5802.02685546875,5968.478445584657,5706.911661116803,5968.478445584657,6230800
2019-10-04,5802.02685546875,5897.142049820696,5754.469258292776,5825.805654056737,4026800
2019-10-07,5754.4697265625,5897.142529700413,5706.912125516529,5849.584928654443,4913800
2019-10-08,5778.24853515625,5825.806136268647,5659.354532375257,5802.027335712449,6221200
2019-10-09,5897.142578125,6039.815382434476,5730.690973097278,5754.469773815525,7283100
2019-10-10,5683.13232421875,5944.699083910826,5683.13232421875,5897.141491239539,15563500
2019-10-11,5802.02685546875,5825.805654056737,5706.911661116803,5730.69045970479,4580400
2019-10-14,5968.478515625,5992.257314492032,5849.58452128984,5849.58452128984,6730200
2019-10-15,6658.06298828125,6753.178173828125,5897.14150390625,5992.256689453126,28635100
2019-10-16,6634.28515625,6872.0731546819,6372.718357974911,6729.40035562276,21082600
2019-10-17,6634.28515625,6681.84275593638,6491.61235719086,6658.06395609319,6266100
2019-10-18,6753.1796875,6848.294894366198,6539.170472051057,6586.728075484155,9501700
2019-10-21,6705.6220703125,6990.967690325798,6658.064466976951,6824.516078651374,12961400
2019-10-22,6776.9580078125,6800.736807839912,6586.727607593201,6753.179207785088,4473000
2019-10-23,6872.07373046875,6967.188937810878,6658.064513948962,6800.737324962154,10852900
2019-10-24,6848.29443359375,6943.40963406033,6776.958033243815,6895.85203382704,6895400
2019-10-25,6681.8427734375,6848.294372775801,6681.8427734375,6824.515572870329,4982700
2019-10-28,6872.07373046875,6943.410135975346,6681.843315784494,6681.843315784494,7447000
2019-10-29,7204.9765625,7252.534163572607,6800.736953382838,6895.852155528052,21477100
2019-10-30,7133.6396484375,7252.533642578125,7014.745654296875,7204.976044921875,8472000
2019-10-31,6919.63037109375,7276.3123489851805,6848.293975515464,7204.975953406894,11795200
2019-11-01,6943.40966796875,7109.861269598138,6800.736866572132,6872.073267270441,6787200
2019-11-04,7585.43701171875,7656.77340994808,7014.745825884111,7038.524625293888,26269400
2019-11-05,7514.1005859375,7656.773381873022,7418.985388647152,7585.436983905261,12242000
2019-11-06,7680.55224609375,7894.56144180534,7442.764250858649,7609.215847523219,17858100
2019-11-07,7870.78271484375,7870.78271484375,7323.870320760952,7680.552316901908,16061500
2019-11-08,7799.44677734375,7989.677186547256,7728.110373892435,7870.783180795064,7055600
2019-11-11,7656.77392578125,7870.783134886937,7466.543517687305,7799.446731851708,8775100
2019-11-12,7965.89697265625,7989.675769589552,7704.330206389925,7704.330206389925,14364700
2019-11-13,7894.5615234375,8156.128320900791,7799.44632435994,7965.89792274567,9209600
2019-11-14,7537.88037109375,7870.783605148364,7514.101568661278,7870.783605148364,7209500
2019-11-15,7609.2158203125,7680.55221862793,7514.100622558594,7561.658221435548,3689400
2019-11-18,7585.43701171875,7656.77340994808,7395.206616440537,7609.215811128527,3003900
2019-11-19,7537.88037109375,7799.447197850946,7442.765161363861,7585.4379759586955,5521700
2019-11-20,7418.9853515625,7632.994544396033,7418.9853515625,7466.542949969952,3694600
2019-11-21,7062.3037109375,7418.985716540405,7038.524910563973,7418.985716540405,7366900
2019-11-22,6895.85205078125,7109.86125235722,6800.736850080819,6990.967251481681,7295500
2019-11-25,7014.74658203125,7038.525384004237,6895.852572166314,6895.852572166314,3364900
2019-11-26,6610.505859375,7109.860618536421,6610.505859375,7038.524224370503,16076500
2019-11-27,6848.29443359375,6895.85203382704,6420.276031494141,6610.506432427301,7223700
2019-11-28,6586.7275390625,6824.51553686259,6562.94873928249,6753.179137522563,4975900
2019-11-29,6467.8330078125,6658.06339039522,6467.8330078125,6562.94819910386,4379900
2019-12-02,6967.18798828125,7038.524384065699,6467.833217790102,6467.833217790102,6559100
2019-12-03,7157.4189453125,7204.9765462780315,6848.294539036545,6967.188541450373,6838400
2019-12-04,7062.3037109375,7181.197712805135,6967.188509443393,7133.640112058081,4450400
2019-12-05,7276.31298828125,7323.870589511846,7086.082583358865,7157.418985204759,5557500
2019-12-06,7561.658203125,7609.215801886792,7323.870209316037,7371.42780807783,8734200
2019-12-09,7371.42822265625,7680.552631993448,7276.313019783266,7609.21622983871,6384700
2019-12-10,7371.42822265625,7418.985824092742,7204.976617628528,7371.42822265625,3624700
2019-12-11,7395.20703125,7585.437437198553,7252.534226788585,7395.20703125,5050200
2019-12-12,7157.4189453125,7490.32215207122,7157.4189453125,7347.649349174626,3441300
2019-12-13,7490.322265625,7609.21626984127,7276.313058035715,7347.649460565476,5173500
2019-12-16,7514.1005859375,7609.215783227848,7418.985388647152,7466.542987292326,3765000
2019-12-17,7395.20703125,7514.101034967845,7300.091828275723,7466.543433480707,4418100
2019-12-18,7799.44677734375,7799.44677734375,7395.207157786299,7418.985958936738,11927500
2019-12-19,7585.43701171875,7847.0038052262935,7561.658212308974,7799.44620640674,5486600
2019-12-20,7442.763671875,7656.772850938498,7371.427278853834,7585.436457917332,6908900
2019-12-23,7418.9853515625,7609.215745192308,7418.9853515625,7537.87934758113,3146700
2019-12-26,7395.20703125,7514.101034967845,7347.6494297628615,7395.20703125,3021200
2019-12-27,7395.20703125,7514.101034967845,7347.6494297628615,7395.20703125,4065400
2019-12-30,7323.87060546875,7490.3222101384945,7323.87060546875,7395.207007470069,5334600
2020-01-02,7252.5341796875,7371.428182633197,7228.755379098361,7347.649382044057,1495800
2020-01-03,7704.3310546875,7728.109854239005,7228.755063657407,7228.755063657407,6037700
2020-01-06,7609.2158203125,7704.331018066407,7514.100622558594,7632.994619750977,4748600
2020-01-07,7609.2158203125,7728.109817504883,7466.543023681641,7609.2158203125,2557900
2020-01-08,7585.43701171875,7680.552209357857,7442.76421526009,7514.1006134894205,3097400
2020-01-09,7680.55224609375,7728.10984514077,7561.658248476199,7704.331045617259,4819500
2020-01-10,7799.44677734375,7918.340783095941,7656.77397044112,7680.552771591559,7315800
2020-01-13,7751.888671875,7918.340269123849,7609.2158742331285,7918.340269123849,6396400
2020-01-14,7704.3310546875,7847.003851996527,7656.77345558449,7847.003851996527,2626500
2020-01-15,7728.10986328125,7799.446262019231,7609.215865384615,7751.888662860577,4218500
2020-01-16,7894.5615234375,7942.11912297628,7656.7735257436,7728.10992505177,7238100
2020-01-17,7823.2255859375,7942.119591802812,7751.889182418314,7918.34079062975,3848000
2020-01-20,7514.1005859375,7823.224977131131,7466.542987292326,7799.446177808544,6121700
2020-01-21,7680.55224609375,7751.88864466428,7514.10064942918,7514.10064942918,3304800
2020-01-22,7561.658203125,7704.330999410377,7514.100604363208,7680.552200029481,2688000
2020-01-23,7609.2158203125,7680.55221862793,7537.8794219970705,7585.437020874024,2602400
2020-01-24,7585.43701171875,7609.215811128527,7537.879412899197,7537.879412899197,2239500
2020-01-27,7181.19677734375,7561.657533759313,7157.4179800677775,7514.099939207367,4611400
2020-01-28,7086.08251953125,7157.418920734584,6919.6309167234685,7133.6401203334735,4177200
2020-01-29,6967.18798828125,7181.197175634599,6967.18798828125,7157.418377039782,2140200
2020-01-30,6729.3994140625,7038.523768772085,6586.726634965768,6943.408582707597,4804600
2020-01-31,6420.2763671875,6848.294791666666,6396.497565827546,6800.737188946759,7990200
2020-02-03,6206.2666015625,6444.054593959531,6206.2666015625,6396.4969954801245,5398500
2020-02-04,6206.2666015625,6396.4969954801245,6182.4878023227975,6277.602999281609,5130700
2020-02-05,6253.82470703125,6396.497514035765,6134.930701194154,6230.045905863831,5434700
2020-02-06,6444.0546875,6515.391086254613,6301.381889990775,6325.160689575646,7721900
2020-02-07,6467.8330078125,6562.94819910386,6372.71781652114,6444.054209989659,3330300
2020-02-10,6182.48779296875,6444.054584209735,6158.708993765024,6420.27578500601,5439700
2020-02-11,6206.2666015625,6348.939397000719,6158.709003083094,6253.824200041907,3813300
2020-02-12,6016.0361328125,6253.824122251729,5992.257333868577,6206.266524363883,4058700
2020-02-13,5802.02685546875,6087.37243852459,5778.248056880763,6039.814841348617,4303800
2020-02-14,5897.142578125,5968.478980279738,5683.133371660786,5754.469773815525,3923800
2020-02-17,6039.81591796875,6158.709932101992,5825.806692528912,5944.700706662155,3419200
2020-02-18,6230.0458984375,6372.718705271946,6016.03668818583,6039.815489324904,5855100
2020-02-19,6372.71875,6420.27635261194,6230.045942164179,6230.045942164179,3222600
2020-02-20,6301.3818359375,6515.391030365566,6277.603036556604,6372.718234080188,3263800
2020-02-21,6063.59375,6325.160539215686,6039.8149509803925,6301.381740196079,4702200
2020-02-24,5802.02685546875,5944.69964699667,5754.469258292776,5944.69964699667,5019700
2020-02-25,5992.25732421875,6063.59372093564,5659.354139539931,5706.911737351191,7104800
2020-02-26,5802.02685546875,5968.478445584657,5730.69045970479,5968.478445584657,7058700
2020-02-27,5683.13232421875,5944.699083910826,5659.353527883106,5802.026305896966,5565300
2020-02-28,5350.22998046875,5611.796779513889,5041.105581597222,5611.796779513889,10308700
2020-03-02,5231.3359375,5611.796732954545,5088.663139204546,5445.345134943182,9738900
2020-03-03,5778.24853515625,5802.027335712449,5326.451324588477,5326.451324588477,12110200
2020-03-04,6039.81591796875,6253.825143408587,5635.576269915723,5706.912678395669,11096300
2020-03-05,5944.69970703125,6325.16048828125,5849.58451171875,6158.708896484375,6768700
2020-03-06,5706.912109375,5825.8061116536455,5683.13330891927,5802.027311197917,4927000
2020-03-09,5017.32666015625,5445.345048226452,4993.547860819016,5231.33585419135,8792900
2020-03-10,5397.78759765625,5683.133197532351,5041.1055978111235,5041.1055978111235,15080400
2020-03-11,5088.66357421875,5540.460807443779,4993.548367224007,5421.566798700351,13280100
2020-03-12,4660.64501953125,4945.990632971939,4613.087417291135,4779.539025131537,7842800
2020-03-13,4660.64501953125,4660.64501953125,4660.64501953125,4660.64501953125,0
2020-03-16,4308.71875,4613.087403421633,4308.71875,4613.087403421633,4594600
2020-03-17,4013.861328125,4308.718439906694,4013.861328125,4308.718439906694,8557600
2020-03-18,3738.02734375,4042.395982426845,3738.02734375,4013.861422550891,6567700
2020-03-19,3481.21630859375,3661.935188001622,3481.21630859375,3661.935188001622,4642600
2020-03-20,3300.497314453125,3471.704667940607,3243.4281966239646,3424.1470697496397,12960900
2020-03-23,3072.220703125,3300.497164038313,3072.220703125,3300.497164038313,3212600
2020-03-24,2948.5712890625,3414.635783140121,2872.479126764113,3072.221052797379,8834100
2020-03-26,3462.193115234375,3604.8659084445826,2948.571059677627,2948.571059677627,12325100
2020-03-27,3966.3037109375,3994.838270008993,3614.3774823890885,3614.3774823890885,10514100
2020-03-30,3690.469970703125,3947.2810253654557,3690.469970703125,3899.723422650209,3147600
2020-03-31,3814.119384765625,3956.7921797069826,3690.4696291497817,3738.0272274635677,6653100
2020-04-01,3804.60791015625,3928.2576672363284,3585.842955322266,3814.1194299316408,8003700
2020-04-02,4004.350341796875,4004.350341796875,3566.8203757098054,3652.4240647268407,5055500
2020-04-03,4289.69580078125,4413.345568874723,4004.350182104005,4061.419305839454,10788800
2020-04-06,4779.53857421875,4779.53857421875,4327.7413955612565,4346.764434662625,10371900
2020-04-07,4993.54833984375,5207.557554408482,4660.6451171875,4922.211934988839,11387300
2020-04-08,4827.0966796875,5017.327090709668,4660.645070043103,4993.548289331897,5460800
2020-04-09,4670.1572265625,4945.991360106925,4613.088095484343,4945.991360106925,4719500
2020-04-13,4622.59814453125,4746.247889138053,4460.902324660816,4670.15573861079,1782600
2020-04-14,5326.451171875,5326.451171875,4660.644775390625,4660.644775390625,9838800
2020-04-15,4993.54833984375,5516.681975446429,4969.769538225447,5421.5667689732145,10688000
2020-04-16,4827.0966796875,4993.548289331897,4736.737234451971,4850.875481065271,6626600
2020-04-17,4945.990234375,5183.77822641226,4945.990234375,4993.547832782452,8781800
2020-04-20,4827.0966796875,5136.221097598523,4717.714193349754,4969.769487954126,6117300
2020-04-21,4746.24853515625,4827.0964560957855,4698.690934603582,4803.317655819451,2814400
2020-04-22,4850.87451171875,4922.210901596967,4632.109582758885,4736.736287913603,5080100
2020-04-23,4898.43212890625,4993.547315875304,4746.2478297557645,4993.547315875304,4890900
2020-04-24,4708.2021484375,5017.32653192077,4708.2021484375,4898.432538273359,3103800
2020-04-27,4969.76904296875,5017.326641466058,4736.736810331938,4755.759849730861,4328000
2020-04-28,4922.21240234375,5041.106421724034,4827.097186839524,5041.106421724034,4042400
2020-04-29,5207.556640625,5207.556640625,4922.211071275685,4945.989868721461,8044500
2020-04-30,5278.89404296875,5374.009250950168,5160.000032991976,5326.451646959459,6945000
2020-05-04,5017.32666015625,5136.220656842417,4945.99026214455,5112.441857505183,4377500
2020-05-05,4969.76904296875,5159.9994369579845,4850.875046725479,5064.884239963367,3296900
2020-05-06,4922.21240234375,5017.327617847977,4898.433598467694,5017.327617847977,2810100
2020-05-08,4850.87451171875,4993.547291475184,4850.87451171875,4969.768494849111,2545400
2020-05-11,4898.43212890625,4993.547315875304,4898.43212890625,4945.9897223907765,2303100
2020-05-12,5017.32666015625,5017.32666015625,4827.096265458383,4922.211462807316,3803000
2020-05-13,5041.10498046875,5231.335357090213,4898.432198002653,5017.326183391067,4721900
2020-05-14,4779.53857421875,5088.662959615983,4746.248255791356,5041.105361862562,4867700
2020-05-15,4850.87451171875,4874.653308344822,4755.759325214461,4827.095715092678,1451300
2020-05-18,4755.7607421875,4945.991171875,4717.71465625,4945.991171875,3311100
2020-05-19,4755.7607421875,4969.769975585938,4727.226177734375,4803.318349609375,3859100
2020-05-20,4651.1328125,4850.874712423313,4613.086736324131,4850.874712423313,4750900
2020-05-26,4874.65380859375,4874.65380859375,4651.133097370427,4698.690695503049,3302100
2020-05-27,4803.31787109375,4945.99067914604,4779.539069751701,4898.433076461943,2526900
2020-05-28,4850.87451171875,4898.432104970895,4755.759325214461,4898.432104970895,3375600
2020-05-29,4993.54833984375,4993.54833984375,4736.737282366072,4850.875530133929,10451500
2020-06-02,5469.12353515625,5611.796323029891,4945.989979619565,4993.547575577445,10776300
2020-06-03,5706.912109375,5706.912109375,5326.451302083333,5516.681705729166,10994500
2020-06-04,5611.796875,5992.257680084746,5469.12407309322,5802.027277542373,13113300
2020-06-05,5635.5751953125,5778.247985067247,5374.008414095464,5611.796397020043,4751800
2020-06-08,5611.796875,5802.027277542373,5588.018074682203,5730.690876588983,7142200
2020-06-09,5540.46044921875,5730.690850908664,5421.566448162554,5635.575650063707,4947200
2020-06-10,5183.7783203125,5588.017914098337,5159.999520678039,5540.460314829415,6486700
2020-06-11,5207.556640625,5564.238602311644,5017.32626105879,5136.220248287671,8161400
2020-06-12,5159.9990234375,5255.11421280962,4922.2110500072,5088.66263140841,5857400
2020-06-15,4945.990234375,5374.008620042067,4945.990234375,5374.008620042067,4591700
2020-06-16,5255.115234375,5326.451640271493,5041.10601668552,5041.10601668552,4883400
2020-06-17,5540.46044921875,5540.46044921875,5255.114846683879,5350.230047528836,5216600
2020-06-18,5326.451171875,5564.239170619419,5326.451171875,5492.902770996094,3511000
2020-06-19,5516.681640625,5516.681640625,5326.451239224138,5374.008839574353,4662900
2020-06-22,5350.22998046875,5564.2391796875,5326.451180555556,5516.6815798611115,1816300
2020-06-23,5231.3359375,5374.008735795454,5231.3359375,5350.229936079545,1427400
2020-06-24,5326.451171875,5397.787571498326,5278.893572126116,5326.451171875,1170600
2020-06-25,5255.115234375,5421.566848133484,5183.7788284785065,5278.894036340497,2058400
2020-06-26,5231.3359375,5374.008735795454,5207.557137784091,5326.451136363637,1730400
2020-06-29,5278.89404296875,5326.451646959459,5136.221230996622,5231.33643897804,1521900
2020-06-30,5683.13232421875,5825.80510223261,5374.007971855387,5374.007971855387,16464100
2020-07-01,5992.25732421875,6087.37251984127,5564.238943917411,5778.248134068081,24512400
2020-07-02,6134.93017578125,6705.621354923692,5944.699782733769,5992.257380995639,46573700
2020-07-03,6087.37255859375,6348.939348220825,6016.0361614227295,6230.045352935791,11039500
2020-07-06,5992.25732421875,6206.266514369419,5992.25732421875,6134.93011765253,2891500
2020-07-07,6348.93896484375,6348.93896484375,6016.035798147823,6016.035798147823,9943400
2020-07-08,7204.9765625,7204.9765625,6396.4973442656765,6420.27614480198,29683700
2020-07-09,7442.763671875,7680.55164861222,7204.975695137779,7252.533290485223,26564900
2020-07-10,7395.20703125,7585.437437198553,7228.755426045016,7395.20703125,9053000
2020-07-13,7347.64892578125,7656.7733142445395,7252.533729331008,7490.3217204566145,9668800
2020-07-14,6943.40966796875,7395.206872391374,6895.8520675032105,7347.649271925835,11087400
2020-07-15,7228.75537109375,7323.870573344983,6967.188564902858,6967.188564902858,9925500
2020-07-16,7276.31298828125,7371.428190742443,7157.418985204759,7323.870589511846,5163800
2020-07-17,7775.66748046875,7775.66748046875,7181.197489607225,7276.312688145069,23513500
2020-07-20,7561.658203125,7847.003795695755,7490.321804982311,7823.224996314859,13345300
2020-07-21,7728.10986328125,7847.003861177885,7466.543067908654,7585.4370658052885,9987500
2020-07-22,7632.994140625,7847.00332213785,7609.215342679127,7751.888130354361,9232400
2020-07-23,7680.55224609375,7751.88864466428,7585.43704799971,7656.77344657024,5470700
2020-07-24,7300.09130859375,7680.552093406454,7252.533710492163,7680.552093406454,9373400
2020-07-27,7276.31298828125,7395.206991357742,7133.640184589462,7300.091788896549,5948500
2020-07-28,7109.86083984375,7347.64882779839,7038.524443457358,7276.312431411998,7013700
2020-07-29,7466.54296875,7632.994563594746,7014.745782742835,7109.860979796975,14139800
2020-07-30,7418.9853515625,7609.215745192308,7347.648953951322,7561.6581467848555,6344700
2020-08-03,7062.3037109375,7609.21611952862,6919.630908696338,7466.543317287458,12954100
2020-08-04,7775.66748046875,7799.446280103211,7133.639890338302,7204.976289241686,15438500
2020-08-05,7918.34033203125,8037.234331010699,7656.7735342764645,7799.446333051802,14546100
2020-08-06,8179.908203125,8393.917429369549,7942.120173964389,7942.120173964389,15828400
2020-08-07,8156.12841796875,8346.358818387846,7918.34041744488,8179.907218021137,12414300
2020-08-10,9202.3955078125,9297.510706859659,8132.349518531977,8156.128318293767,27257300
2020-08-11,8893.2705078125,9273.7312782002,8869.491709663269,9273.7312782002,10693700
2020-08-12,9012.166015625,9249.95403714545,8798.156796256597,8893.272004864777,11797600
2020-08-13,9392.6259765625,9487.741176325158,8821.934777986551,9131.059177215191,23965300
2020-08-14,9226.1748046875,9487.7416161606,9154.838401558472,9416.405213031572,11554500
2020-08-18,9249.953125,9345.06832422879,9178.616725578406,9202.395525385604,6031400
2020-08-19,9035.943359375,9345.067737458881,9012.164561060856,9249.952544202302,7962200
2020-08-24,9059.72265625,9226.174253608924,8988.38625738189,9083.501455872703,5256600
2020-08-25,9012.166015625,9178.617630689314,8964.60841132091,9059.723619929091,5268000
2020-08-26,8964.607421875,9107.28021904012,8845.713424237401,9012.16502093004,6866700
2020-08-27,8917.0498046875,9012.165002604168,8821.934606770834,8988.386203125001,4097700
2020-08-28,9035.943359375,9083.500956003289,8821.934174547698,8917.049367804277,10010000
2020-08-31,8845.7138671875,9154.838276524697,8607.92586000504,9083.50187436996,10926300
2020-09-01,8893.2705078125,8940.828104110962,8607.924930021725,8845.712911514038,4800500
2020-09-02,8750.59765625,8988.385636039402,8750.59765625,8988.385636039402,5221700
2020-09-03,8511.5107421875,8894.05055082514,8487.602004147648,8798.41559866573,7653100
2020-09-04,8224.6064453125,8559.328800644986,8152.880226312682,8511.511321311773,12002900
2020-09-07,8511.5107421875,8511.5107421875,8033.33598139045,8272.423361788975,7643600
2020-09-08,8965.7763671875,9013.593841145834,8559.327838541667,8583.236575520834,15186400
2020-09-09,8391.96875,8846.234864672364,8344.151264245014,8846.234864672364,16763600
2020-09-10,7818.15771484375,8224.606281058868,7818.15771484375,8224.606281058868,12281800
2020-09-11,8105.06298828125,8272.424170930126,7316.074555793694,7459.52699806416,14040100
2020-09-14,8344.150390625,8439.785352122135,8200.697948379298,8224.606688753582,6221400
2020-09-15,8248.5146484375,8415.875815217392,8057.244743546196,8415.875815217392,5524200
2020-09-16,8989.685546875,9013.594285031582,8248.514664020944,8272.423402177526,21334900
2020-09-17,8415.8759765625,9013.594440806995,8368.058499422941,8941.868225097656,15175200
2020-09-18,8726.689453125,8846.233144263699,8296.332165025686,8439.784594392124,13439500
2020-09-21,8654.962890625,8822.324051493439,8583.23667882424,8774.506576959599,7487900
2020-09-22,8846.232421875,8894.049894425676,8344.148960092905,8415.87516891892,13766500
2020-09-23,9013.5947265625,9109.22968387351,8654.96363664622,8941.868508579244,15754000
2020-09-24,8678.8720703125,8965.776932141012,8487.602162426825,8941.868193655302,10435800
2020-09-25,8702.78125,8822.324948489011,8607.146291208792,8750.598729395604,4954100
2020-09-28,8511.5107421875,8822.324336705584,8511.5107421875,8798.41559866573,3985200
2020-09-29,8296.3330078125,8654.964117660302,8152.880563873378,8559.329155034222,5512500
2020-09-30,8583.236328125,8654.962536995125,8200.696547484331,8296.331492644498,7337800
2020-10-01,8631.0556640625,8678.873146965892,8535.420698255713,8678.873146965892,1867600
2020-10-02,8487.6025390625,8631.05497634243,8415.876320422536,8631.05497634243,2602500
2020-10-05,8487.6025390625,8559.328757702466,8439.78505996919,8511.511278609156,3285500
2020-10-06,8439.78515625,8607.146334985837,8439.78515625,8487.60263588881,2249600
2020-10-07,8415.8759765625,8487.60219227184,8320.24102228338,8439.78471513228,2718300
2020-10-08,8511.5107421875,8511.5107421875,8415.87579002809,8463.693266107795,1835800
2020-10-09,8463.6943359375,8607.146782309323,8439.78559487553,8511.51181806144,2224200
2020-10-12,8391.96875,8535.421207264957,8391.96875,8487.603721509971,3361800
2020-10-13,8248.5146484375,8463.693291440217,8224.605910326087,8463.693291440217,8167100
2020-10-14,8391.96875,8415.877492877493,8248.516292735043,8248.516292735043,4201400
2020-10-15,8224.6064453125,8439.785102311955,8224.6064453125,8415.87636264535,4053300
2020-10-16,8200.6982421875,8296.333207110969,8128.972018494898,8224.606983418367,3454300
2020-10-19,8224.6064453125,8248.515184979105,8176.788965979288,8224.6064453125,2541600
2020-10-20,8272.4248046875,8320.24228910766,8176.789835847183,8224.607320267341,2593500
2020-10-21,9061.412109375,9109.229587524736,8272.423719904353,8344.149937128957,27886700
2020-10-22,8941.8681640625,9133.138071315174,8726.689518403242,9061.411856095421,15349000
2020-10-23,8726.689453125,8965.776835402397,8678.871976669521,8941.868097174658,5126300
2020-10-26,8631.0556640625,8894.051820031164,8607.146922610802,8750.599371320983,4160600
2020-10-27,8726.689453125,8846.233144263699,8511.510809075342,8631.05450021404,6424400
2020-11-02,8702.78125,8774.507469093407,8559.328811813186,8631.055030906593,5800900
2020-11-03,8870.142578125,8989.686278638814,8726.690137508424,8774.507617713949,5818200
2020-11-04,8511.5107421875,8941.868026904845,8487.602004147648,8941.868026904845,5772800
2020-11-05,8798.4169921875,8798.4169921875,8631.055799401325,8654.96454122792,4339800
2020-11-06,9276.5908203125,9276.5908203125,8726.68981807748,8822.32477498792,14070600
2020-11-09,9252.681640625,9324.407854893412,9013.594259730298,9300.499116803941,8309600
2020-11-10,9157.0478515625,9348.31778057686,9157.0478515625,9276.591557196474,4649500
2020-11-11,9037.50390625,9276.591311177248,8917.960203786375,9276.591311177248,6820500
2020-11-12,8846.232421875,9061.41104835304,8846.232421875,9037.502312077702,3491100
2020-11-13,8989.685546875,9133.137975814494,8750.598165309175,8846.233117935504,4918900
2020-11-16,8894.0498046875,9133.137165028562,8870.141068653393,9133.137165028562,4205300
2020-11-17,8894.0498046875,9133.137165028562,8870.141068653393,8989.684748823924,13855600
2020-11-18,8583.236328125,8917.958636185585,8559.327591834957,8894.049899895543,20300800
2020-11-19,8487.6025390625,8702.781194982395,8463.693799515846,8607.146236795776,16441400
2020-11-20,8511.5107421875,8607.145694346911,8487.602004147648,8487.602004147648,5169400
2020-11-23,8511.5107421875,8583.236956307057,8463.693266107795,8511.5107421875,10352100
2020-11-24,8726.689453125,8822.32440603596,8631.05450021404,8631.05450021404,18312600
2020-11-25,8607.1455078125,8822.324145507813,8559.328032769097,8798.415407986111,8493400
2020-11-26,8894.0498046875,8941.867276755713,8607.144972278225,8607.144972278225,18049300
2020-11-27,8917.958984375,9133.137619386729,8894.050247151476,8941.867721598526,22670000
2020-11-30,8296.3330078125,9013.595227508105,8296.3330078125,8941.869005538545,29229800
2020-12-01,8917.958984375,9013.593933269101,8391.96676545744,8415.875502680965,23634000
2020-12-02,9013.5947265625,9133.13842320126,8798.416072612732,8965.777247906997,20872500
2020-12-03,8941.8681640625,9133.138071315174,8917.959425655916,9085.320594502005,7882900
2020-12-04,9109.2294921875,9252.681925135335,8798.415887467192,8917.959581590387,20815300
2020-12-07,10137.306640625,10687.207708394752,9133.139473393278,9157.048215470224,47470000
2020-12-08,10113.3974609375,10495.937317615988,9922.127532598257,10280.758648234338,21177900
2020-12-10,10591.572265625,10782.842193672404,10089.488704500563,10137.306186512415,20761600
2020-12-11,10232.9404296875,10782.841434086595,10209.0316903658,10735.023955443194,8663000
2020-12-14,10304.6669921875,10591.571873640516,10089.488331097738,10256.849511945331,9187800
2020-12-15,10328.57421875,10424.209165219909,10065.578115957755,10304.665482132523,8313000
2020-12-16,10352.484375,10758.932953233256,10280.758155311778,10352.484375,11718300
2020-12-17,9946.0361328125,10615.480872521033,9754.76620718149,10400.302206186148,12016500
2020-12-18,9946.0361328125,10232.941021259014,9946.0361328125,9969.944873516377,7996500
2020-12-21,10041.671875,10137.306845238096,9969.945647321429,10041.671875,5832800
2020-12-22,9683.0390625,10113.396354166667,9372.225462962962,10041.670138888889,7856300
2020-12-23,10137.306640625,10232.941608932782,9324.409410008844,9754.766767393869,10908200
2020-12-28,10543.75390625,10711.11507936508,10113.396603954081,10328.575255102041,18689700
2020-12-29,10209.0322265625,10735.024519265955,10041.671042520493,10711.115778688525,12662500
2020-12-30,9969.9453125,10280.75895533573,9706.949153177458,10232.941471822542,12404500
2021-01-04,10400.3017578125,10424.210497485632,9946.035704022988,10232.940580100574,11366300
2021-01-05,10495.935546875,10687.205442945615,10185.12196576025,10328.574387813213,8172000
2021-01-06,10328.57421875,10615.479058159723,9993.851906105325,10495.935375072339,8768400
2021-01-07,10926.2939453125,10950.20268479896,10448.119155583287,10519.845374042668,18223900
2021-01-08,11954.369140625,11954.369140625,10950.2021328125,10950.2021328125,19557000
2021-01-11,11715.283203125,12408.636698820153,11308.834602200255,12002.188097895409,16585700
2021-01-12,11715.283203125,12121.731804049745,11308.834602200255,11667.465720663266,11647600
2021-01-13,12838.9921875,12982.444614175978,11619.64656075419,12002.186365223464,19223100
2021-01-14,13412.802734375,13460.620212928921,12504.27064185049,12910.719209558823,15776800
2021-01-15,12838.9921875,13675.798009776536,12623.813547486034,13412.80189420391,10406500
2021-01-18,11954.369140625,13149.8060546875,11954.369140625,12432.543906249999,18532000
2021-01-19,12217.3662109375,12886.810934824485,11763.100148299902,11954.37006941047,13256100
2021-01-20,13269.349609375,13364.98456151464,12336.908826013514,12336.908826013514,12549100
2021-01-21,13006.353515625,13580.163229549633,12982.444777544808,13388.89332490809,5543500
2021-01-22,12432.5439453125,13030.262404221756,12360.81773024339,12910.718712439904,15138300
2021-01-25,12815.083984375,13054.17137214319,11954.369388409516,12528.179119053171,18118700
2021-01-26,12241.275390625,13030.263843536377,12217.366649627686,12815.085174560547,10798000
2021-01-27,12575.99609375,12623.813569391636,11954.368910408746,12480.36114246673,10174600
2021-01-28,12241.275390625,12743.358951568604,12097.822944641113,12408.636577606201,7730200
2021-01-29,12336.908203125,12743.356729196948,12026.0946243641,12528.178097747093,9657000
2021-02-01,13197.6240234375,13293.258980129076,11954.369586447012,12336.909413213316,16944700
2021-02-02,12791.1748046875,13532.345681220793,12528.178687207943,13388.893253504672,14618100
2021-02-03,12504.26953125,13054.17048577916,12456.452056943117,12791.1743770913,8025500
2021-02-04,14034.4306640625,14871.236580999786,12623.814975511072,12623.814975511072,70173800
2021-02-05,13317.16796875,14321.335032820916,13221.533010267056,14273.517553579442,18307100
2021-02-08,13604.0712890625,14130.063500590399,13388.892657073813,13388.892657073813,24002100
2021-02-09,13364.9853515625,13819.251401078935,13221.532914873098,13604.072746044834,9598100
2021-02-10,13412.802734375,13604.072648590685,13245.441559436274,13388.893995098038,4879600
2021-02-11,13508.4365234375,13556.253997856747,13269.349151341261,13484.527786227876,2947100
2021-02-15,14153.9736328125,14273.517329035578,13604.072630186338,13675.798847920185,11245500
2021-02-16,14082.248046875,14297.426709730476,13962.704345288625,14297.426709730476,5160300
2021-02-17,13508.4365234375,14082.246216468473,13484.527786227876,14082.246216468473,5522100
2021-02-18,13317.16796875,13747.52528192325,13293.259229129264,13532.346625336624,4944400
2021-02-19,13317.16796875,13508.437885715888,13125.898051784112,13269.350489508528,3845500
2021-02-22,13580.1630859375,13867.067939865758,13508.436872455435,13508.436872455435,8390000
2021-02-23,13604.0712890625,13771.432447275922,13388.892657073813,13675.797499725395,6122400
2021-02-24,13030.2626953125,14153.973423165138,12910.719000860092,14058.338467603211,12152900
2021-02-25,13125.8984375,13269.350879439891,13030.263476206741,13197.624658469946,4245700
2021-02-26,12599.9052734375,13054.171307963708,12384.726625504032,12815.083921370968,15566300
2021-03-01,12384.7275390625,12743.358645406008,12073.913913564793,12647.723683714406,11014400
2021-03-02,12671.630859375,12862.900759139151,12432.543484669812,12552.087172022406,9910700
2021-03-03,12408.6357421875,12815.084311777457,12241.274566473989,12719.44935422688,5548700
2021-03-04,12097.8212890625,12408.634879492958,12002.18633816082,12336.9086663167,7891800
2021-03-05,11571.830078125,12097.82235440341,11380.560159478306,11954.369915418389,12029200
2021-03-08,11834.8251953125,12456.45237728851,11619.646555397727,11715.28150647096,11651900
2021-03-09,11978.2783203125,12097.822016124002,11643.555972040294,11930.460841987899,5451200
2021-03-10,12026.0947265625,12169.547148748137,11715.281145160288,12002.185989531561,5224600
2021-03-12,12743.357421875,12815.083636257035,12073.912754309335,12241.273921200751,6983500
2021-03-15,12623.814453125,12791.175629586884,12360.818318684895,12743.358150597775,4260700
2021-03-16,12073.9130859375,12719.449033106435,11858.734436881188,12623.814077970297,7656500
2021-03-17,11882.6435546875,12241.274647887325,11882.6435546875,12073.91347106074,2710300
2021-03-18,12504.26953125,12671.630691324091,12002.186051027726,12097.820999641492,6903900
2021-03-19,11930.4609375,12336.909506513026,11691.373543962925,12336.909506513026,12481100
2021-03-22,11930.4609375,12073.913373622245,11691.373543962925,11882.643458792585,3724700
2021-03-23,11476.1962890625,12026.097361246746,11428.37880452474,11906.553649902344,9257100
2021-03-24,10998.01953125,11547.9205078125,10950.202055027174,11380.55934103261,12834100
2021-03-25,11165.380859375,11404.468243944058,10711.11482869379,11045.83716709047,8585600
2021-03-26,11213.1982421875,11380.559409981342,11141.47202741871,11237.106980443763,4906000
2021-03-29,11069.74609375,11619.647087607991,10735.023749662527,11332.742221247301,8379500
2021-03-30,10519.845703125,11308.834130859375,10304.667041015626,11308.834130859375,12449300
2021-03-31,9993.853515625,10567.663286857058,9802.58359188098,10519.845805921053,18250400
2021-04-01,10161.2138671875,10304.666298253676,9898.217743566176,9993.852697610295,5054000
2021-04-05,10017.76171875,10304.66658897673,9969.944240378878,10185.122893048927,2936300
2021-04-06,10185.123046875,10209.031786421656,9898.21817231514,10113.396828235036,5104500
2021-04-07,10256.8486328125,10448.118537387092,10089.487466309733,10256.8486328125,6234800
2021-04-08,10232.9404296875,10376.392865617698,10089.4879937573,10376.392865617698,3424200
2021-04-09,9635.2216796875,10256.848884828629,9611.312941028225,10232.940146169354,9669800
2021-04-12,8965.7763671875,9659.129739583334,8965.7763671875,9635.221002604167,13256500
2021-04-13,9252.681640625,9372.225331072352,8702.780664567184,8941.868045461886,15030600
2021-04-14,9467.861328125,9587.405031762943,9180.95643939394,9300.50014303188,9850100
2021-04-15,9252.681640625,9491.769021519704,9037.502997819767,9467.860283430233,7378600
2021-04-16,9491.7685546875,9611.312239255352,9157.046237897513,9324.407396292507,10328100
2021-04-19,8917.958984375,9587.403626633713,8894.050247151476,9563.494889410187,13775300
2021-04-20,9109.2294921875,9157.046969836778,8894.050842765748,8941.868320415027,5500400
2021-04-21,9037.50390625,9204.865089699073,8941.8689442791,8965.777684771825,4480300
2021-04-22,8894.0498046875,9157.045901062667,8894.0498046875,9109.228428994455,3585400
2021-04-23,8774.5068359375,9037.5029536359,8750.59809796492,9037.5029536359,5239600
2021-04-26,8798.4169921875,8965.778184973675,8702.782024881113,8870.14321766729,4220400
2021-04-27,8894.0498046875,8965.776012789818,8774.506124516969,8798.414860551075,6207300
2021-04-28,8894.0498046875,9013.593484858031,8846.232332619287,8894.0498046875,2383100
2021-04-29,8917.958984375,9013.593933269101,8870.14150992795,8917.958984375,3570400
2021-04-30,8702.78125,8941.868646978022,8702.78125,8917.95990728022,7752100
2021-05-03,8678.8720703125,8798.415762741046,8607.145854855371,8702.780808798208,2601200
2021-05-04,8702.78125,8774.507469093407,8678.872510302197,8726.689989697803,2308500
2021-05-05,9204.8642578125,9324.407949472403,8702.780752840908,8702.780752840908,11913700
2021-05-06,9180.955078125,9348.31623840332,9037.502655029297,9276.590026855469,10404300
2021-05-07,8846.232421875,9276.58967483108,8846.232421875,9276.58967483108,6310700
2021-05-10,9659.1298828125,9802.582306814666,8846.232813466893,8870.141550800588,19074600
2021-05-11,9659.1298828125,9826.49104414836,9324.40756014078,9659.1298828125,12391600
2021-05-17,9085.3203125,9706.947491776316,9085.3203125,9683.038754111842,10081800
2021-05-18,9013.5947265625,9276.590859167773,8870.142290595988,9276.590859167773,5311800
2021-05-19,8702.78125,9061.412345467033,8702.78125,9013.59486607143,7570600
2021-05-20,8487.6025390625,8894.051111355635,8391.96758087588,8702.781194982395,9758700
2021-05-21,8176.78857421875,8631.054606119791,8105.0623586554275,8607.145867598685,14402600
2021-05-24,7842.06640625,8296.332448075456,7794.24892816311,8176.788752858231,8213600
2021-05-25,7818.15771484375,8105.062585113245,7698.614018898126,7913.7926716002485,12356800
2021-05-27,8105.06298828125,8105.06298828125,7818.158103740321,7842.066844118732,13956600
2021-05-28,8009.42724609375,8272.423364622202,7889.883555853545,8128.970936333955,6003200
2021-05-31,8128.97216796875,8320.24210133272,7937.702234604779,8057.245942957261,8473400
2021-06-02,8320.2421875,8368.059671336207,8057.246026400862,8128.972252155173,5714800
2021-06-03,8750.59765625,8798.41512978142,8320.240394467213,8368.057867998634,16951800
2021-06-04,8511.5107421875,8774.506860625877,8439.784528067943,8750.598122586025,6629100
2021-06-07,8535.419921875,8631.054878982843,8344.150007659313,8535.419921875,5461500
2021-06-08,8248.5146484375,8535.419505774456,8248.5146484375,8535.419505774456,4502200
2021-06-09,8152.88037109375,8320.241551732037,8081.154150820197,8248.515331458486,5497600
2021-06-10,8128.97216796875,8320.24210133272,8105.063426298253,8224.607134650734,4258000
2021-06-11,7985.51904296875,8200.697699815213,7937.701563669536,8128.971480866392,7728000
2021-06-14,7818.15771484375,8081.15384592412,7794.248975654626,8057.245106734996,6029400
2021-06-15,7889.8837890625,7985.51874408144,7722.522617779356,7818.157572798295,7025000
2021-06-16,8320.2421875,8391.96841325431,7913.793574892242,7985.519800646552,10235800
2021-06-17,7865.9755859375,8320.241653210487,7842.066845554711,8320.241653210487,8902900
2021-06-18,7459.52685546875,7865.975434132111,7363.891895783253,7865.975434132111,15397900
2021-06-21,7411.708984375,7555.161416330645,7005.260427167338,7387.800245715725,6226900
2021-06-22,7674.705078125,7818.157509491823,7435.61769251363,7459.526431074766,6489900
2021-06-23,7435.6181640625,7818.158005300442,7435.6181640625,7746.431785068327,4565200
2021-06-24,7316.07470703125,7507.344634012459,7172.622261795343,7172.622261795343,4264600
2021-06-25,7387.80078125,7722.523146743528,7339.983300465211,7363.892040857605,6252500
2021-06-28,7124.8046875,7459.527055369128,7124.8046875,7435.618314807048,4540100
2021-06-29,7005.2607421875,7244.348139531783,6957.443262718643,7124.8044408596415,6054300
2021-06-30,7124.8046875,7483.435795931208,7005.2609846895975,7005.2609846895975,9437500
2021-07-01,7220.43896484375,7339.9826563146735,7148.712749961196,7148.712749961196,3827600
2021-07-02,7363.89208984375,7411.709570946631,7244.348387086547,7244.348387086547,2894700
2021-07-05,7172.62158203125,7531.252661132812,7172.62158203125,7411.708968098958,2863300
2021-07-06,7220.43896484375,7363.891394608858,7148.712749961196,7172.621488255381,3281100
2021-07-07,7100.8955078125,7220.4392032302185,7005.2605514783245,7172.621725063131,5425900
2021-07-08,6957.443359375,7172.6220199742265,6957.443359375,7100.895799774485,5529900
2021-07-09,6885.716796875,7029.169230143229,6813.990580240885,6957.443013509114,5762500
2021-07-12,7076.98681640625,7220.439251873944,6909.6256416939395,6933.534380938556,6121600
2021-07-13,6885.716796875,7196.530402289496,6837.899319118924,7124.804185655382,5511300
2021-07-14,6718.35546875,6909.6253753336305,6694.4467304270465,6885.716637010676,6517700
2021-07-15,6813.990234375,6885.716447368421,6718.3552837171055,6718.3552837171055,4318000
2021-07-16,7053.078125,7148.713082627119,6813.990730932203,6861.808209745763,5833500
2021-07-19,7339.98291015625,7435.617866640371,6957.443084219768,7053.078040703889,9201100
2021-07-21,7339.98291015625,7483.435344882431,7244.34795367213,7411.709127519341,6359300
2021-07-22,7555.1611328125,7602.97860833663,7339.982492953916,7339.982492953916,4850100
2021-07-23,7339.98291015625,7650.796518729642,7316.07417103522,7626.887779608612,3951200
2021-07-26,7100.8955078125,7411.709115898569,7100.8955078125,7339.982898647938,5200900
2021-07-27,7196.53076171875,7292.165722007371,7076.987061357973,7148.713281574439,3499600
2021-07-28,6933.5341796875,7220.439042295258,6885.716702586207,7196.530303744612,5525600
2021-07-29,6813.990234375,7053.077611019737,6790.081496710526,6981.351398026316,8486500
2021-07-30,6503.1767578125,6885.716567095588,6431.450543571921,6837.899090935202,16263100
2021-08-02,6550.994140625,6574.902878364507,6407.541714187956,6503.176665145986,5260500
2021-08-03,6550.994140625,6766.172780280565,6550.994140625,6646.62909158303,4260700
2021-08-04,6694.44677734375,6790.081731305803,6550.994346400669,6574.9030848911825,5560200
2021-08-05,6550.994140625,6718.355304801551,6527.085402885493,6694.446567062044,4871200
2021-08-06,6694.44677734375,6933.534162248884,6550.994346400669,6550.994346400669,6446200
2021-08-09,6431.4501953125,6766.172510310176,6407.541458526952,6742.263773524628,9053500
2021-08-10,6431.4501953125,6527.085142454693,6383.632721741403,6431.4501953125,5577800
2021-08-12,6431.4501953125,6527.085142454693,6407.541458526952,6503.1764056691445,6893300
2021-08-13,6407.5419921875,6622.720641178871,6383.633253410681,6479.268208517957,9321400
2021-08-16,6144.54638671875,6479.268757979694,6120.637645914397,6431.451276370987,12458300
2021-08-18,6120.6376953125,6287.998882293701,6072.820213317871,6216.272659301758,9810800
2021-08-19,5977.1845703125,6144.54573828125,5929.36709375,6096.72826171875,6939600
2021-08-20,6001.09326171875,6072.819476002241,5929.367047435259,5929.367047435259,6024700
2021-08-23,6072.8203125,6216.272760826771,6025.00282972441,6025.00282972441,6825500
2021-08-24,6574.9033203125,6861.808192471591,6216.272230113636,6216.272230113636,25078000
2021-08-25,6503.1767578125,6766.1728766946235,6431.450543571921,6670.537924373851,10519100
2021-08-26,6503.1767578125,6909.625305175781,6455.359281652114,6503.1767578125,20707900
2021-08-27,6503.1767578125,6646.629186293658,6407.541805491728,6503.1767578125,10313800
2021-08-30,7124.8046875,7172.6221686241615,6574.903654572148,6598.812395134229,23214800
2021-08-31,7555.1611328125,7650.79608386076,7029.168902047073,7196.530066381527,25597200
2021-09-01,7435.6181640625,7818.158005300442,7363.891943830386,7555.1618644493565,16602400
2021-09-02,7674.705078125,7722.522555247274,7411.708953952492,7483.435169635904,14453700
2021-09-03,7650.796875,7746.4318359375,7531.253173828125,7674.705615234375,6705700
2021-09-06,7530.50146484375,7698.915235623003,7506.442354732429,7698.915235623003,6260800
2021-09-07,7338.0283203125,7554.560303534836,7338.0283203125,7506.442085040984,9175900
2021-09-08,7602.67822265625,7843.269305651701,7289.909814762164,7338.028031361254,17014100
2021-09-09,7602.67822265625,7650.79643925534,7313.968923061709,7578.619114356705,9873800
2021-09-10,7602.67822265625,7650.79643925534,7458.32357285898,7602.67822265625,4177400
2021-09-13,7554.56005859375,7626.7373839943275,7506.441841660032,7602.678275527469,2326500
2021-09-14,7578.61962890625,7650.796958705357,7506.442299107142,7602.678738839285,3973800
2021-09-15,7241.79248046875,7554.560926469062,7217.733369237957,7530.501815238268,13968500
2021-09-16,7001.20068359375,7386.146425647014,6929.0233569587635,7241.791772377041,16175800
2021-09-17,6953.08251953125,7097.4371739159815,6929.023410467128,7001.200737659494,13516900
2021-09-20,6760.60986328125,6953.082741951179,6736.550753447508,6953.082741951179,8599000
2021-09-21,6953.08251953125,7001.200737659494,6544.077665441177,6664.373210761786,10583000
2021-09-22,6904.96435546875,7049.319010983776,6880.905246216245,6977.141683226263,4780200
2021-09-23,6904.96435546875,7049.319010983776,6856.846136963741,6953.082573973758,4503100
2021-09-24,6760.60986328125,6953.082741951179,6760.60986328125,6953.082741951179,5875400
2021-09-27,6832.78759765625,6880.905820174957,6784.669375137544,6832.78759765625,2797700
2021-09-28,6784.6689453125,6880.905384253103,6760.609835577349,6880.905384253103,3714700
2021-09-29,7819.21044921875,7843.269558293269,6688.432322716346,6760.609649939904,43577000
2021-09-30,8252.2744140625,8396.629068535896,7578.6193598533155,7867.328668800109,41874400
2021-10-01,8107.919921875,8348.5110174796,8011.68348363316,8204.15636011684,16602900
2021-10-04,8540.984375,8661.279929577464,8131.97948943662,8131.97948943662,17351900
2021-10-05,8276.333984375,8637.22064067042,8083.861101017442,8540.984198991642,14563500
2021-10-06,8228.2158203125,8444.747815583882,8180.097599141082,8300.393152069628,9492700
2021-10-07,8035.7431640625,8324.452499298279,7915.447607714259,8276.334276758982,11469500
2021-10-08,8276.333984375,8613.161530250727,8011.683769758358,8035.7428801780525,18860200
2021-10-11,8348.5107421875,8420.688068488833,8180.096980817723,8348.5107421875,5946800
2021-10-12,8540.984375,8613.161707746478,8204.156822183098,8348.511487676056,12899300
2021-10-13,8540.984375,8901.871038732394,8468.80704225352,8613.161707746478,19730400
2021-10-14,8757.515625,8853.752060439561,8565.04275412088,8565.04275412088,16091900
2021-10-15,8685.3388671875,8829.693529800035,8589.10242544581,8781.57530892919,8322300
2021-10-18,8829.693359375,8925.929799259196,8589.10225966451,8685.338699548705,11240800
2021-10-19,8661.279296875,8925.929497612848,8661.279296875,8853.752170138889,6132800
2021-10-21,8348.5107421875,8757.515591228386,8276.333415886167,8709.397373694164,12266500
2021-10-22,8252.2744140625,8444.747286693695,8131.978868668002,8276.333523141398,11140200
2021-10-25,8420.6884765625,8540.984026227678,8276.333816964285,8276.333816964285,6271600
2021-10-26,8348.5107421875,8516.924503557277,8324.451633420389,8444.747177255944,4246000
2021-10-27,8276.333984375,8420.688646893168,8204.156653115915,8372.570426053779,4243000
2021-10-28,7963.5654296875,8276.333860460725,7915.447209568542,8276.333860460725,10323300
2021-10-29,8156.03759765625,8252.274029487002,7963.564733994745,7963.564733994745,7076700
2021-11-01,8011.68310546875,8276.333298141892,7987.623997043918,8180.0968644425675,5021300
2021-11-02,7819.21044921875,8107.919758112981,7795.151340144231,8035.742430889423,7578800
2021-11-03,8011.68310546875,8035.742213893581,7795.15112964527,7819.210238070101,6904100
2021-11-04,8011.68310546875,8156.037756017736,7987.623997043918,8035.742213893581,7161700
2021-11-05,8156.03759765625,8156.03759765625,7987.623841952433,8035.742057867809,4290000
2021-11-08,8276.333984375,8348.511315634085,8204.156653115915,8204.156653115915,7144000
2021-11-09,8324.451171875,8468.805816473989,8300.392064441836,8300.392064441836,11176700
2021-11-10,8300.392578125,8372.569904891305,8204.156142436594,8348.510795969203,2757100
2021-11-11,8324.451171875,8372.569386741328,8228.214742142341,8324.451171875,2338500
2021-11-12,8204.1572265625,8396.63012337335,8156.039002359787,8324.452787069282,3465100
2021-11-15,8300.392578125,8565.042776268116,8204.156142436594,8204.156142436594,12164900
2021-11-16,8252.2744140625,8372.569959456996,8204.156195904701,8324.451741299197,6216400
2021-11-17,8372.5703125,8420.688532686781,8228.215651939654,8252.274762033046,5174100
2021-11-18,8204.1572265625,8444.748347576064,8204.1572265625,8420.689235474707,5936500
2021-11-19,8348.5107421875,8372.569850954611,8204.156089584834,8228.215198351945,3998000
2021-11-22,8276.333984375,8420.688646893168,8252.274873955306,8348.511315634085,3565500
2021-11-23,8276.333984375,8468.80686773256,8276.333984375,8276.333984375,6179000
2021-11-24,8107.919921875,8396.62923660052,8083.8608123145395,8348.5110174796,7421700
2021-11-25,7987.6240234375,8204.155999976469,7987.6240234375,8156.037782967808,9171700
2021-11-26,7674.85595703125,8035.742600778801,7626.73773786491,8011.683491195631,16578100
2021-11-29,7506.4423828125,7819.2108154296875,7410.205942007211,7650.797044020433,14104500
2021-11-30,7265.8505859375,7698.914528145696,7265.8505859375,7506.441664942053,16685500
2021-12-01,7386.14599609375,7578.618855926811,7313.968673656352,7338.0277811354845,8695000
2021-12-02,7458.32373046875,7554.560165700605,7313.969077620967,7410.205512852822,6706600
2021-12-03,7482.3828125,7650.796573553055,7434.26459505627,7506.441921221865,6506100
2021-12-06,7386.14599609375,7554.559748447678,7338.0277811354845,7554.559748447678,6466100
2021-12-07,7626.73779296875,7650.7969027257495,7362.087585641759,7410.205805155757,8787400
2021-12-08,7506.4423828125,7771.092595027043,7506.4423828125,7698.915264423077,6496300
2021-12-09,7458.32373046875,7602.678383316532,7386.146404044858,7554.560165700605,6464600
2021-12-10,7698.91455078125,7698.91455078125,7386.146147155762,7482.382579040527,4454400
2021-12-13,7602.67822265625,7722.973764153976,7530.500897757615,7698.914655854431,5738700
2021-12-14,7626.73779296875,7650.7969027257495,7458.324024669755,7602.6786832117505,3926600
2021-12-15,7458.32373046875,7650.796600932459,7434.264621660785,7650.796600932459,4278600
2021-12-16,7362.08740234375,7530.501166449652,7289.910074869792,7506.442057291667,4972800
2021-12-17,7602.67822265625,7602.67822265625,7289.909814762164,7362.087139660799,6566300
2021-12-20,7362.08740234375,7554.560275607639,7362.08740234375,7554.560275607639,2704500
2021-12-21,7362.08740234375,7458.323838975694,7313.969184027777,7386.146511501736,2293400
2021-12-22,7265.8505859375,7482.3825570415975,7265.8505859375,7386.146125439776,2884800
2021-12-23,7121.49658203125,7313.969462626689,7049.31925180796,7265.851242477829,6314600
2021-12-24,7289.91015625,7313.969265676567,7121.496390264027,7121.496390264027,2537300
2021-12-27,7891.38720703125,7891.38720703125,7338.0277382455215,7338.0277382455215,16560900
2021-12-28,7722.97412109375,7987.624324620328,7722.97412109375,7915.446996385806,7678100
2021-12-29,7771.0927734375,7891.388327205883,7722.974551930148,7795.151884191177,3576500
2021-12-30,7530.50146484375,7819.210786179613,7458.324134509784,7771.092565956969,7612600
2022-01-03,7795.1513671875,7939.506022135417,7530.501166449652,7530.501166449652,9660000
2022-01-04,7771.0927734375,7939.506548713235,7747.033662683823,7819.210994944853,5426200
2022-01-05,7819.21044921875,8083.860649038462,7795.151340144231,7795.151340144231,9688600
2022-01-06,7987.6240234375,8035.7422404461595,7626.737395872552,7795.151155402861,11203800
2022-01-07,8180.09765625,8228.215877757353,7891.388327205883,8035.742991727941,12817800
2022-01-10,8180.09765625,8276.334099264706,8083.861213235295,8252.27498851103,10299100
2022-01-11,7963.5654296875,8180.09742022281,7939.506319628022,8180.09742022281,7757700
2022-01-12,8107.919921875,8156.03814099592,7963.56526451224,8059.80170275408,5458300
2022-01-13,8156.03759765625,8204.155813571626,8011.682949910121,8156.03759765625,5025000
2022-01-14,8107.919921875,8180.09725055638,8011.68348363316,8156.03814099592,4337100
2022-01-17,8011.68310546875,8156.037756017736,7939.505780194257,8131.978647592905,2982600
2022-01-18,7674.85595703125,8035.742600778801,7554.5604091154,8011.683491195631,12127900
2022-01-19,7217.732421875,7650.7963671874995,7193.673313802083,7650.7963671874995,14122700
2022-01-20,7289.91015625,7362.087484529703,7217.732827970297,7265.851046823433,10220100
2022-01-21,7602.67822265625,7602.67822265625,7121.496056665348,7289.909814762164,10451000
2022-01-24,7410.20556640625,7578.619329279119,7386.146457424411,7578.619329279119,3194700
2022-01-25,7362.08740234375,7434.264729817708,7217.732747395833,7362.08740234375,6131500
2022-01-26,7338.0283203125,7434.264757300205,7265.850992571722,7410.205648053279,3122800
2022-01-27,7241.79248046875,7362.088036622716,7193.674258007164,7362.088036622716,4379100
2022-01-28,7217.732421875,7313.9688541666665,7217.732421875,7289.90974609375,3239600
2022-01-31,7313.9697265625,7434.265281275699,7241.79239373458,7289.91061561986,3572100
2022-02-02,7410.20556640625,7530.501111315442,7313.969130478896,7313.969130478896,5565300
2022-02-03,7241.79248046875,7434.265370315095,7241.79248046875,7410.2062590843025,4163200
2022-02-04,7241.79248046875,7386.1471478535095,7193.674258007164,7241.79248046875,5891300
2022-02-07,7506.4423828125,7554.560603215144,7217.733060396635,7241.792170597956,8461000
2022-02-08,7313.9697265625,7578.619946931538,7313.9697265625,7506.442614103618,5907300
2022-02-09,7265.8505859375,7289.909693837955,6904.963967430671,6929.023075331126,7710700
2022-02-10,7313.9697265625,7410.206170333059,7265.85150467722,7265.85150467722,4304800
2022-02-11,7410.20556640625,7410.20556640625,7217.7326945515415,7313.969130478896,5640000
2022-02-14,7289.91015625,7386.14659395627,7217.732827970297,7386.14659395627,4553200
2022-02-15,7313.9697265625,7338.02883750514,7241.79239373458,7289.91061561986,2494000
2022-02-16,7458.32373046875,7506.441948084677,7338.028186428931,7362.0872952368945,6088900
2022-02-17,7362.08740234375,7530.501166449652,7338.028293185764,7506.442057291667,2890000
2022-02-18,7626.73779296875,7722.974231996747,7313.969366127761,7313.969366127761,8735300
2022-02-21,7578.61962890625,7674.856068638393,7434.264969308036,7626.737848772321,5520600
2022-02-22,7554.56005859375,7578.6191670606095,7410.205407792596,7530.500950126891,4552600
2022-02-23,7939.505859375,7963.564968039773,7506.441903409091,7530.501012073863,20460400
2022-02-24,7674.85595703125,8107.9199295283115,7506.44218994906,7891.38794327978,23243500
2022-02-25,7771.0927734375,7867.329216452206,7650.797219669118,7674.856330422795,11455900
2022-03-01,7554.56005859375,7891.387577129777,7530.500950126891,7771.0920347954825,9460600
2022-03-02,7458.32373046875,7674.855709740423,7386.146404044858,7578.619274508568,8647800
2022-03-04,7386.14599609375,7506.441533489414,7241.791351218953,7458.323318531148,13123700
2022-03-07,8131.97802734375,8180.0962405232995,7458.323042830067,7482.382149419841,32730100
2022-03-08,7722.97412109375,8420.688294027454,7722.97412109375,8228.215418735397,20550300
2022-03-09,7819.21044921875,8011.683321814904,7722.974012920673,7722.974012920673,9913500
2022-03-10,7891.38720703125,8035.741851062309,7747.032563000191,7891.38720703125,6308900
2022-03-11,7915.44677734375,7987.624103580927,7795.151233615122,7939.505886089476,4408600
2022-03-14,7915.44677734375,8107.919647309556,7795.151233615122,7939.505886089476,8848700
2022-03-15,7530.50146484375,7939.506336736222,7506.442354732429,7915.4472266249,13960300
2022-03-16,7506.4423828125,7650.797044020433,7458.3241624098555,7530.501493013822,6422600
2022-03-17,7578.61962890625,7674.856068638393,7530.501409040178,7554.560518973214,3983700
2022-03-18,7698.91455078125,7698.91455078125,7482.382579040527,7602.678118896484,7730500
2022-03-21,7626.73779296875,7698.915122239748,7506.442244183754,7674.856012482748,4772100
2022-03-22,7698.91455078125,7698.91455078125,7578.619010925293,7626.737226867676,3178800
2022-03-23,7771.0927734375,7891.388327205883,7698.915441176471,7698.915441176471,7155700
2022-03-24,7771.0927734375,7891.388327205883,7698.915441176471,7771.0927734375,4032400
2022-03-25,7674.85595703125,7867.328833696611,7602.67862828174,7867.328833696611,5752800
2022-03-28,7722.97412109375,7747.033230505257,7650.796792859229,7722.97412109375,3051800
2022-03-29,7626.73779296875,7771.092451510745,7626.73779296875,7747.033341753746,2979300
2022-03-30,7554.56005859375,7698.914709394905,7530.500950126891,7626.7373839943275,4263400
2022-03-31,7602.67822265625,7650.79643925534,7506.44178945807,7650.79643925534,4669200
2022-04-01,7674.85595703125,7674.85595703125,7530.5012995322295,7602.67862828174,2737700
2022-04-04,7650.796875,7674.855984669812,7578.619545990566,7674.855984669812,3123000
2022-04-05,7795.1513671875,7867.328694661458,7722.974039713542,7722.974039713542,6573900
2022-04-06,7698.91455078125,7939.505630493164,7698.91455078125,7843.269198608398,9038900
2022-04-07,7578.61962890625,7747.033398437499,7578.61962890625,7698.915178571428,5419900
2022-04-08,7626.73779296875,7674.856012482748,7554.560463697752,7578.619573454752,4091000
2022-04-11,7482.3828125,7674.85568227492,7458.3237037781355,7626.73746483119,8692100
2022-04-12,7506.4423828125,7554.560603215144,7338.028611403245,7482.383272611178,11255200
2022-04-13,7410.20556640625,7506.442002333603,7362.087348442573,7506.442002333603,7876700
2022-04-14,7338.0283203125,7434.264757300205,7313.969211065574,7410.205648053279,8628400
2022-04-18,7313.9697265625,7410.206170333059,7241.79239373458,7362.087948447779,8338300
2022-04-19,7313.9697265625,7410.206170333059,7265.85150467722,7313.9697265625,5696200
2022-04-20,7313.9697265625,7386.14705939042,7265.85150467722,7338.02883750514,5983200
2022-04-21,7313.9697265625,7506.442614103618,7289.91061561986,7362.087948447779,6532300
2022-04-22,7265.8505859375,7386.146125439776,7241.791478037045,7313.968801738411,4733200
2022-04-25,7217.732421875,7289.90974609375,7169.614205729166,7241.791529947916,3499800
2022-04-26,7121.49658203125,7265.851242477829,7073.37836188239,7217.733022328969,7656800
2022-04-27,7145.55517578125,7241.791609125105,7073.377850773359,7121.496067445286,4052300
2022-04-28,7289.91015625,7338.028375103136,7145.555499690594,7145.555499690594,6312600
2022-05-09,7049.3193359375,7193.673998106869,6953.082894491255,7169.614887745307,11488000
2022-05-10,7217.732421875,7265.850638020833,6856.84580078125,7025.259557291666,9172700
2022-05-11,7313.9697265625,7362.087948447779,7145.555949964021,7217.733282791941,5445400
2022-05-12,7001.20068359375,7313.969099012028,6953.082465837092,7313.969099012028,7192300
2022-05-13,7049.3193359375,7193.673998106869,6929.023784129693,7001.201115214377,5789500
2022-05-17,7386.14599609375,7434.2642110520155,7073.377598865024,7121.49581382329,7613100
2022-05-18,7410.20556640625,7458.323784369926,7289.910021497058,7386.146457424411,4698800
2022-05-19,7241.79248046875,7362.088036622716,7145.556035545577,7313.96981416113,4428700
2022-05-20,7338.0283203125,7554.560303534836,7265.850992571722,7265.850992571722,9101800
2022-05-23,7530.50146484375,7578.619685066394,7362.087694064497,7434.265024398463,8642900
2022-05-24,7482.3828125,7626.73746483119,7434.26459505627,7602.678356109325,4707000
2022-05-25,7386.14599609375,7530.500640968547,7289.909566177219,7530.500640968547,6741800
2022-05-27,7434.26513671875,7482.3833576683855,7338.028694819478,7458.324247193567,3990400
2022-05-30,7747.033203125,7843.269640430901,7458.323891207298,7482.383000533773,14766500
2022-05-31,7939.505859375,7987.624076704546,7650.796555397727,7819.210316051136,26140800
2022-06-02,8107.919921875,8156.03814099592,7915.44704539132,7939.50615495178,18459300
2022-06-03,7963.5654296875,8180.09742022281,7939.506319628022,8131.979200103852,8714500
2022-06-06,7867.32861328125,8107.919702372419,7795.151286553899,7963.565048917718,7948200
2022-06-07,7891.38720703125,8131.978280416349,7867.32809969274,7867.32809969274,8214300
2022-06-08,8035.7431640625,8083.861386601797,7891.388496444611,7963.565830253556,4356600
2022-06-09,7963.5654296875,8131.979200103852,7939.506319628022,8035.742759865937,6401400
2022-06-10,8059.80126953125,8107.919486065764,7795.151078591418,7915.446619927705,10589200
2022-06-13,7891.38720703125,7939.50542170827,7698.914348323171,7891.38720703125,9953800
2022-06-14,7698.91455078125,7939.505630493164,7650.796334838868,7819.210090637207,8550300
2022-06-15,7506.4423828125,7771.092595027043,7506.4423828125,7698.915264423077,7061900
2022-06-16,7795.1513671875,7891.387803819444,7626.737603081598,7650.796712239583,7186900
2022-06-17,7626.73779296875,7747.033341753746,7578.619573454752,7698.915122239748,6725300
2022-06-20,7506.4423828125,7650.797044020433,7410.205942007211,7626.73793381911,4517800
2022-06-21,7530.65625,7651.727893890675,7506.4419212218645,7554.870578778135,5451500
2022-06-22,7530.65625,7700.156551446945,7385.37027733119,7554.870578778135,5105000
2022-06-23,7506.44189453125,7530.656223223286,7361.155922379033,7506.44189453125,4981700
2022-06-24,7482.22802734375,7530.656687714907,7409.585036787014,7506.442357529329,4434500
2022-06-27,7651.7275390625,7651.7275390625,7482.227245475672,7506.441573130934,3983600
2022-06-28,7530.65625,7700.156551446945,7506.4419212218645,7651.727893890675,2915900
2022-06-29,7458.01318359375,7579.084826184558,7458.01318359375,7506.441840630073,3455800
2022-06-30,7361.15625,7554.870888157895,7361.15625,7458.0135690789475,4677200
2022-07-01,7191.65576171875,7361.156065867003,7167.441432554713,7361.156065867003,4702100
2022-07-04,7215.8701171875,7288.513104944421,6997.941153916736,7191.655787935192,4315700
2022-07-05,7167.44140625,7361.156038851352,7167.44140625,7240.084393475507,3089400
2022-07-06,7094.79833984375,7240.084312673314,7022.155353428967,7215.869983868387,3927200
2022-07-07,7046.36962890625,7143.226943392934,6997.940971662909,7094.798286149592,3024700
2022-07-08,7046.36962890625,7119.0126147712635,7022.155300284579,7094.798286149592,1945300
2022-07-11,7288.51318359375,7312.727513107351,7046.369888457745,7046.369888457745,3627300
2022-07-12,7240.083984375,7312.72696749582,7167.441001254181,7288.51263978888,2909500
2022-07-13,7264.298828125,7264.298828125,7167.4415104166665,7264.298828125,1388400
2022-07-14,7385.37060546875,7385.37060546875,7119.012977074795,7240.084626344775,3149600
2022-07-15,7215.8701171875,7385.370421953649,7191.655787935192,7385.370421953649,2927300
2022-07-18,7409.5849609375,7409.5849609375,7143.227331622754,7240.0846513735705,2770000
2022-07-19,7409.5849609375,7409.5849609375,7288.513311248978,7409.5849609375,2238300
2022-07-20,7361.15625,7482.227898848684,7336.941920230263,7409.584909539473,4061400
2022-07-21,7554.87060546875,7554.87060546875,7336.941645695613,7361.155974559295,4559100
2022-07-22,7482.22802734375,7554.871017900486,7433.799366972593,7554.871017900486,2177300
2022-07-25,7409.5849609375,7506.442280688317,7409.5849609375,7482.227950750613,1012200
2022-07-26,7409.5849609375,7482.227950750613,7361.156301062091,7409.5849609375,1296900
2022-07-27,7433.79833984375,7458.012666683632,7336.941032484223,7409.584013003868,2611700
2022-07-28,7554.87060546875,7627.513592059796,7433.798961150341,7433.798961150341,4176300
2022-07-29,7361.15625,7627.513877467105,7361.15625,7603.299547697368,4809400
2022-08-01,7361.15625,7458.0135690789475,7191.6559416118425,7361.15625,7029800
2022-08-02,7433.79833984375,7433.79833984375,7264.298051964577,7336.941032484223,2904200
2022-08-03,7433.79833984375,7458.012666683632,7336.941032484223,7361.155359324104,2000600
2022-08-04,7554.87060546875,7554.87060546875,7385.370303422977,7409.584632286659,3832800
2022-08-05,7554.87060546875,7675.942249787159,7458.0132900140225,7530.656276605068,5665100
2022-08-08,7554.87060546875,7554.87060546875,7433.798961150341,7554.87060546875,3182600
2022-08-09,7530.65625,7627.51356511254,7530.65625,7554.870578778135,2958000
2022-08-10,7530.65625,7554.870578778135,7409.584606109324,7530.65625,2335200
2022-08-11,7482.22802734375,7579.085348086063,7433.799366972593,7554.871017900486,3618500
2022-08-12,7554.87060546875,7724.370907514523,7482.227618877704,7506.441947741387,5152300
2022-08-15,7627.513671875,7700.156659226191,7579.0850136408735,7579.0850136408735,3125100
2022-08-16,7651.7275390625,7700.156194373022,7603.298883751978,7700.156194373022,2687000
2022-08-18,7700.15625,7724.370577830188,7627.513266509433,7651.727594339623,3005000
2022-08-19,7748.58544921875,7797.014108276367,7627.513801574707,7700.156790161132,5238800
2022-08-22,7675.94287109375,7748.585863564669,7554.871216975553,7748.585863564669,4325000
2022-08-23,7797.01416015625,7821.228489846177,7603.29952263684,7651.728182016693,5068600
2022-08-24,7821.228515625,7821.228515625,7724.3711965460525,7797.014185855263,2209600
2022-08-25,7700.15625,7845.442216981131,7675.941922169811,7821.227889150943,2531000
2022-08-26,7990.728515625,7990.728515625,7700.156569602273,7700.156569602273,8088400
2022-08-29,8087.5869140625,8087.5869140625,7748.586264970059,7748.586264970059,7261200
2022-08-30,8111.7998046875,8160.228460237873,8039.15682136194,8111.7998046875,7846000
2022-08-31,8063.37158203125,8232.871885557433,8039.157252956081,8184.443227407095,10780100
2022-09-01,7990.728515625,8111.800159801136,7942.299857954546,8087.585830965909,4715800
2022-09-02,8571.873046875,8644.51603879767,8014.943442134534,8039.157772775424,29816400
2022-09-05,8450.80078125,8692.94407011103,8426.586452363896,8571.872425680516,7595200
2022-09-06,8402.37109375,8523.44272334294,8329.728115994236,8475.014071505764,7249700
2022-09-07,8620.2998046875,8668.728455275632,8281.299250570575,8426.585202334973,14386500
2022-09-08,9370.9443359375,9419.372988836401,8668.728868903423,8668.728868903423,35890600
2022-09-09,9225.658203125,9588.87309301181,9225.658203125,9395.15848507218,10356100
2022-09-12,9346.7314453125,9443.588765989314,9128.80247378967,9225.659794466483,6378100
2022-09-13,9298.3017578125,9443.58772277832,9249.873102823894,9346.730412801107,6775800
2022-09-14,9201.4443359375,9370.944626336348,9104.587027138157,9201.4443359375,8810800
2022-09-15,9201.4443359375,9370.944626336348,9201.4443359375,9274.087317537007,11725300
2022-09-16,8959.3017578125,9201.44504856419,8910.873099662162,9201.44504856419,18872700
2022-09-19,9007.73046875,9080.37345640121,8692.944188928092,8959.301810315861,8824300
2022-09-20,8789.8017578125,9177.231036393767,8789.8017578125,9007.730727014463,11076200
2022-09-21,8668.73046875,8886.659447014665,8620.301806913409,8765.587792423185,10153200
2022-09-22,8814.015625,8838.22995364011,8571.872338598901,8620.30099587912,9840400
2022-09-23,8983.515625,8983.515625,8789.80100235849,8814.015330188678,8632200
2022-09-26,8814.015625,8959.301596840658,8668.72965315934,8935.087268200548,10325900
2022-09-27,8765.5869140625,8959.301541997584,8741.372585570614,8814.015571046271,5533000
2022-09-28,8620.2998046875,8814.014407040027,8620.2998046875,8765.585756451896,6408600
2022-09-29,8789.8017578125,8814.01608772383,8668.730108255855,8717.158768078512,7196100
2022-09-30,8765.5869140625,8862.44422803004,8353.943329700449,8789.801242554386,13880400
2022-10-03,8959.3017578125,9104.587732263513,8571.872492609797,8765.587125211148,9352800
2022-10-04,9346.7314453125,9395.160105650906,9056.15948328206,9080.373813451262,16024100
2022-10-05,9080.373046875,9395.1593125,9080.373046875,9346.73065625,5521700
2022-10-06,9225.658203125,9225.658203125,9007.729269192914,9080.372247170277,3846000
2022-10-07,8959.3017578125,9225.659377639358,8910.873099662162,9225.659377639358,5575600
2022-10-10,8789.8017578125,8886.659077457818,8741.373097989843,8886.659077457818,4405100
2022-10-11,8596.0869140625,8789.8015487456,8523.443926056338,8789.8015487456,8340000
2022-10-12,8644.5166015625,8741.373930431548,8475.016276041666,8620.302269345239,9467500
2022-10-13,8668.73046875,8838.230785178073,8571.873145076815,8620.301806913409,4416100
2022-10-14,8547.6572265625,8814.014817191926,8450.799920879072,8789.80049077107,3628700
2022-10-17,8644.5166015625,8692.945265997025,8402.373279389882,8523.44494047619,4873000
2022-10-18,8499.23046875,8741.373786948005,8475.016136930199,8717.159455128205,3556700
2022-10-19,8499.23046875,8547.659132389601,8426.587473290598,8499.23046875,2886200
2022-10-20,8765.5869140625,8862.44422803004,8499.229300651761,8499.229300651761,6597900
2022-10-21,8717.1591796875,8789.802172851561,8596.087524414062,8765.587841796874,2866200
2022-10-24,8838.23046875,8983.51644905822,8668.73015839041,8765.58747859589,4929500
2022-10-25,8862.4443359375,8935.087322297644,8644.515376857069,8886.658664724215,5921300
2022-10-26,8765.5869140625,8910.872885013812,8741.372585570614,8886.658556521927,3396000
2022-10-27,8935.087890625,9104.588202913279,8765.587578336721,8765.587578336721,7384900
2022-10-28,9007.73046875,9104.58778561828,8862.444493447581,9007.73046875,6069900
2022-10-31,9298.3017578125,9298.3017578125,9056.158482869467,9080.37281036377,9820300
2022-11-01,9298.3017578125,9346.730412801107,9128.801465352377,9298.3017578125,5317000
2022-11-02,9492.017578125,9492.017578125,9201.445611447703,9298.302933673469,10429200
2022-11-03,9419.3740234375,9685.731643637531,9298.30237789203,9492.017010764781,9029600
2022-11-04,9976.302734375,10024.731388425364,9419.373212795814,9419.373212795814,16679400
2022-11-07,9976.302734375,10024.731388425364,9758.373791148362,10000.517061400182,6352800
2022-11-08,9879.4462890625,10073.160922181372,9734.160314223345,9976.303605621937,3034300
2022-11-09,9831.0166015625,9952.088234586668,9709.944968538332,9903.659581377002,4894500
2022-11-10,9685.7314453125,9806.803088378907,9588.874130859374,9709.945773925781,4628100
2022-11-11,9758.3740234375,9879.44566144541,9613.088057828008,9879.44566144541,3541500
2022-11-14,9734.16015625,9855.231799984453,9709.94582750311,9831.017471237563,2424000
2022-11-15,9855.2333984375,9855.2333984375,9685.733069717446,9831.019065763207,2713400
2022-11-16,9564.66015625,9831.01778085443,9492.017167721518,9831.01778085443,4381500
2022-11-17,9467.802734375,9540.445722106777,9346.731088155371,9516.231392862852,3951900
2022-11-18,9564.66015625,10000.518087420885,9516.231497231012,9709.946133306961,13121000
2022-11-21,9516.2314453125,9661.517421576813,9443.588457180344,9564.66010406727,5248700
2022-11-22,9395.16015625,9613.08912894652,9395.16015625,9516.231807748067,5510800
2022-11-23,9370.9443359375,9492.015968184754,9298.301356589147,9395.158662386952,4831600
2022-11-24,9274.0888671875,9395.160523417102,9225.66020469566,9395.160523417102,5719300
2022-11-25,9225.658203125,9322.515507094817,9201.443877132546,9274.086855109908,4215500
2022-11-28,9225.658203125,9467.801463049542,9201.443877132546,9201.443877132546,7710900
2022-11-29,9443.5888671875,9443.5888671875,9225.659893329328,9249.874223758014,4324500
2022-11-30,9685.7314453125,9685.7314453125,9419.373830566406,9467.80248779297,16440100
2022-12-01,9564.66015625,9709.946133306961,9516.231497231012,9685.731803797467,4924300
2022-12-02,9613.0888671875,9637.303196827772,9419.374230065334,9564.660207906958,3456500
2022-12-05,9613.0888671875,9661.517526468042,9516.231548626418,9637.303196827772,2666500
2022-12-06,9443.5888671875,9613.0891801883,9322.51721504407,9588.874849759615,4587200
2022-12-07,9177.2314453125,9443.589086205475,9177.2314453125,9443.589086205475,6042200
2022-12-08,8959.3017578125,9177.23071948902,8692.944137985642,9177.23071948902,13698400
2022-12-09,8983.515625,9031.944280660377,8838.229658018867,8959.301297169812,5217600
2022-12-12,9492.017578125,9492.017578125,8789.8019919882,8983.516636439732,6980300
2022-12-13,9274.0888671875,9564.660842138544,9274.0888671875,9492.017848400783,4858400
2022-12-14,9346.7314453125,9443.588765989314,9201.44546429728,9370.945775481703,4851600
2022-12-15,9395.16015625,9443.588816849226,9274.088504751933,9419.374486549614,3494100
2022-12-16,9492.017578125,9492.017578125,9104.58828922194,9322.517264229911,8643400
2022-12-19,9225.658203125,9395.15848507218,9177.229551140092,9346.72983308727,4106800
2022-12-20,9007.73046875,9225.659431703629,8983.51613953293,9225.659431703629,3897100
2022-12-21,9080.373046875,9153.016031250001,9007.7300625,9007.7300625,3486000
2022-12-22,8910.873046875,9153.016336192255,8862.444389011549,9080.37334939708,4153300
2022-12-23,8862.4443359375,8935.087322297644,8765.587020790643,8910.87299351093,2233200
2022-12-26,8789.8017578125,8910.873407369147,8741.373097989843,8862.444747546488,1602500
2022-12-27,8741.373046875,8886.659025493422,8692.944387335527,8789.801706414473,3150100
2022-12-28,8620.2998046875,8741.37143115783,8571.871154099368,8741.37143115783,4283100
2022-12-29,8523.443359375,8644.514998002485,8499.229031649504,8620.300670276989,3143700
2022-12-30,8450.80078125,8668.729741224928,8450.80078125,8523.44376790831,4826600
2023-01-02,8402.37109375,8571.871375180115,8402.37109375,8450.799745587175,1527400
2023-01-03,8475.0146484375,8571.871958705357,8402.371665736608,8402.371665736608,3504000
2023-01-04,8136.0146484375,8523.443917410714,8039.157331194197,8475.015258789062,8847800
2023-01-05,8063.37158203125,8208.657556482263,7869.656949429899,8136.014569256757,8545300
2023-01-06,8353.943359375,8353.943359375,7990.728430706522,8039.157087862319,6658000
2023-01-09,8329.7294921875,8450.80114178325,8232.8721725109,8353.94382210665,4644600
2023-01-10,8281.30078125,8353.94377055921,8087.586143092105,8329.729440789473,4983400
2023-01-11,8281.30078125,8305.515111019737,8136.014802631579,8281.30078125,1586300
2023-01-12,8475.0146484375,8499.228976004464,8208.657045200893,8281.300027901785,5575200
2023-01-13,8353.943359375,8475.015002264492,8208.657387907608,8475.015002264492,4964300
2023-01-16,8353.943359375,8378.157687952898,8232.871716485508,8378.157687952898,3544800
2023-01-17,8450.80078125,8523.44376790831,8329.729136819484,8353.943465705586,5380800
2023-01-18,8596.0869140625,8596.0869140625,8353.943620708627,8426.58660871479,3376400
2023-01-19,8475.0146484375,8596.08628627232,8450.800320870536,8523.443303571428,3159100
2023-01-20,8547.6572265625,8692.943185087643,8426.585594458216,8523.442900141643,9899600
2023-01-24,8523.443359375,8644.514998002485,8450.80037619851,8620.300670276989,2330700
2023-01-25,8499.23046875,8547.659132389601,8426.587473290598,8523.4448005698,1508800
2023-01-26,8232.8720703125,8523.444025735294,8208.657740693934,8475.015366498163,7012900
2023-01-27,8257.087890625,8499.231230526028,8232.873556634897,8232.873556634897,8192800
2023-01-30,8232.8720703125,8353.943718405331,8136.0147518382355,8329.729388786765,7941700
2023-01-31,8063.37158203125,8281.30054370777,8063.37158203125,8232.871885557433,19839200
2023-02-01,8184.44287109375,8378.15749526165,8136.014215051776,8136.014215051776,10898300
2023-02-02,8257.087890625,8426.588228555718,8257.087890625,8281.302224615103,7190100
2023-02-03,8402.37109375,8426.585419668587,8305.513790075647,8305.513790075647,3162800
2023-02-06,8353.943359375,8402.372016530797,8257.086045063406,8402.372016530797,2775600
2023-02-07,8257.087890625,8378.159560575514,8232.873556634897,8353.94522658541,3032200
2023-02-08,8305.5146484375,8329.728976858602,8208.657334753098,8281.3003200164,2142200
2023-02-09,8281.30078125,8353.94377055921,8281.30078125,8305.515111019737,2022200
2023-02-10,8329.7294921875,8329.7294921875,8136.0148528343025,8281.300832349201,3352200
2023-02-13,8208.6572265625,8329.728867072272,8160.228570358591,8329.728867072272,3607900
2023-02-14,7990.728515625,8208.657475142045,7966.514186789773,8208.657475142045,10246800
2023-02-15,7918.08544921875,8039.157092173165,7821.228134855218,8014.942763582282,10330600
2023-02-16,7869.6572265625,7966.514546274038,7797.014236778846,7918.085886418269,4019600
2023-02-17,7700.15625,7845.442216981131,7700.15625,7845.442216981131,9868400
2023-02-20,7675.94287109375,7724.371532741029,7603.299878622832,7651.728540270111,5307800
2023-02-21,7797.01416015625,7893.871478915955,7675.9425117066185,7675.9425117066185,3085100
2023-02-22,7748.58544921875,7845.442767333984,7700.156790161132,7797.014108276367,2198600
2023-02-23,7700.15625,7797.013561320754,7627.513266509433,7748.584905660377,4449300
2023-02-24,7772.79931640625,7845.442300671729,7700.15633214077,7700.15633214077,1706500
2023-02-27,7772.79931640625,7821.227972583236,7724.370660229264,7821.227972583236,2674900
2023-02-28,7675.94287109375,7748.585863564669,7651.728540270111,7748.585863564669,9909100
2023-03-01,7748.58544921875,7748.58544921875,7675.942460632324,7675.942460632324,1866100
2023-03-02,7675.94287109375,7797.014525211948,7675.94287109375,7772.800194388308,2652300
2023-03-03,7603.29931640625,7748.585290605096,7603.29931640625,7700.156632538814,3789400
2023-03-06,7579.0849609375,7675.9422767322285,7554.870631988818,7627.513618834864,2928100
2023-03-07,7482.22802734375,7603.299678271642,7409.585036787014,7579.085348086063,5338500
2023-03-08,7361.15625,7458.0135690789475,7312.727590460527,7458.0135690789475,6960700
2023-03-09,7336.94189453125,7530.656532010623,7336.94189453125,7361.156224216172,4997400
2023-03-10,7167.44140625,7361.156038851352,7143.227077174831,7336.9417097761825,8089100
2023-03-13,7191.65576171875,7530.6563700152565,7167.441432554713,7215.870090882786,10055800
2023-03-14,7119.0126953125,7288.512997581845,7094.79836641688,7240.084339790604,6013600
2023-03-15,6949.51220703125,7264.298474248693,6949.51220703125,7167.441161258711,8245700
2023-03-16,6610.51171875,6925.297991071428,6562.08306146978,6925.297991071428,13689800
2023-03-17,6658.94091796875,6804.226901633522,6658.94091796875,6658.94091796875,12778800
2023-03-20,6901.08349609375,6901.08349609375,6707.368871641996,6707.368871641996,5589500
2023-03-21,7167.44140625,7167.44140625,6925.298115498311,6925.298115498311,5552300
2023-03-24,7119.0126953125,7264.298668686225,7094.79836641688,7167.441353103742,3783700
2023-03-27,7167.44140625,7264.298722550676,7119.0127480996625,7143.227077174831,2593200
2023-03-28,7361.15625,7385.370579769737,7167.441611842105,7167.441611842105,3261800
2023-03-29,7385.37060546875,7433.799265176742,7240.084626344775,7361.156275614754,4817100
2023-03-30,7409.5849609375,7506.442280688317,7312.727641186683,7409.5849609375,3026200
2023-03-31,7264.298828125,7433.7991341145835,7264.298828125,7409.5848046875,4321500
2023-04-03,7240.083984375,7336.94129520276,7215.869656668061,7264.29831208194,2712700
2023-04-04,7215.8701171875,7288.513104944421,7119.012800178271,7264.298775692114,4072500
2023-04-05,7046.36962890625,7191.655600636276,6997.940971662909,7191.655600636276,5638300
2023-04-06,7046.36962890625,7385.3702296096435,7022.155300284579,7022.155300284579,8101700
2023-04-10,7191.65576171875,7215.870090882786,7022.155457570496,7070.584115898569,4316000
2023-04-11,7240.083984375,7264.29831208194,7167.441001254181,7191.655328961121,2635800
2023-04-12,7385.37060546875,7409.584935322746,7191.655966636783,7240.084626344775,6034500
2023-04-13,7264.298828125,7458.013463541667,7264.298828125,7409.5848046875,2551500
2023-04-14,7240.083984375,7336.94129520276,7215.869656668061,7288.51263978888,2515600
2023-04-17,7288.51318359375,7385.370501648153,7215.8701950529485,7288.51318359375,2851000
2023-04-18,7264.298828125,7312.727486979167,7215.870169270834,7288.513157552084,2284300
2023-04-26,7675.94287109375,7675.94287109375,7288.513577915517,7361.156570386435,9191800
2023-04-27,7651.7275390625,7700.156194373022,7530.655900786194,7675.941866717761,5859000
2023-04-28,7530.65625,7724.37088022508,7506.4419212218645,7651.727893890675,6175100
2023-05-02,7409.5849609375,7554.8709405637255,7312.727641186683,7530.656610626022,4875100
2023-05-03,6925.2978515625,7215.869789390297,6901.083523410183,7215.869789390297,15652500
2023-05-04,6949.51220703125,7022.155191773737,6852.654894041268,6925.297878783755,3773800
2023-05-05,6876.86962890625,7022.155606981734,6852.655299227003,6949.512617943992,4032700
2023-05-08,6901.08349609375,6973.726480263158,6780.011855811404,6876.86916803728,3334400
2023-05-09,7022.1552734375,7094.798259024785,6925.297959321121,6925.297959321121,2909200
2023-05-10,7143.22705078125,7143.22705078125,7046.369734838453,7070.5840638241525,2028300
2023-05-11,6973.7265625,7143.226860894097,6949.512234157986,7143.226860894097,2715900
2023-05-12,7022.1552734375,7070.58393049569,6973.72661637931,6997.940944908405,2128100
2023-05-15,7022.1552734375,7094.798259024785,6949.512287850215,7022.1552734375,2693000
2023-05-16,7119.0126953125,7143.227024208121,7022.155379730018,7022.155379730018,2944100
2023-05-17,7022.1552734375,7215.8699016702585,7022.1552734375,7143.226916082975,5246200
2023-05-19,6997.94140625,7094.79872675173,6949.512745999135,7022.155736375433,3803200
2023-05-22,7215.8701171875,7240.084446439807,6949.512495412122,6949.512495412122,4518700
2023-05-23,7288.51318359375,7506.442149216155,7143.227206512147,7215.8701950529485,10438500
2023-05-24,7191.65576171875,7361.156065867003,7191.65576171875,7312.7274075389305,0
2023-05-25,7022.1552734375,7215.8699016702585,7022.1552734375,7191.655573141164,5938100
2023-05-26,7095.302734375,7144.067701621563,7022.155283505154,7022.155283505154,2861600
2023-05-29,7144.06787109375,7217.215323698805,7070.920418488695,7119.685386892064,2927400
2023-05-30,7095.302734375,7144.067701621563,7046.537767128436,7095.302734375,3223600
2023-05-31,6729.5654296875,7095.302681300951,6729.5654296875,7070.920197860054,42171200
2023-06-05,6851.47802734375,6949.007963676046,6778.330575094528,6827.095543260676,9880600
2023-06-06,6827.095703125,6851.478187779018,6778.330733816964,6851.478187779018,6325900
2023-06-07,6924.6259765625,6924.6259765625,6827.096033230634,6875.861004896567,4489800
2023-06-08,7144.06787109375,7168.450355295435,6875.860544875213,6949.007997480268,8114600
2023-06-09,7217.2158203125,7290.3632779508025,7095.303390915329,7144.0683626741975,4806700
2023-06-12,7217.2158203125,7314.745763830237,7168.450848553632,7217.2158203125,1999500
2023-06-13,7144.06787109375,7241.597807900491,7095.30290269038,7192.83283949712,2433500
2023-06-14,7582.95263671875,7656.100089806069,7144.067918194835,7144.067918194835,18566500
2023-06-15,7656.10009765625,7899.924941530653,7509.8051913316085,7582.952644493929,18202900
2023-06-16,7753.6298828125,7899.924786261792,7582.952495454992,7704.864914996069,14240300
2023-06-19,7973.072265625,8021.837233610474,7802.394877675841,7802.394877675841,10657500
2023-06-20,7802.39453125,7997.45439453125,7753.629565429687,7973.071911621094,7366700
2023-06-21,7802.39453125,7948.689428710937,7753.629565429687,7851.159497070313,5779400
2023-06-22,7729.24755859375,7899.924949477523,7729.24755859375,7802.3950118296525,4908500
2023-06-23,8070.6025390625,8143.74999409932,7704.865263878399,7704.865263878399,12002400
2023-06-26,8290.044921875,8411.95734719669,8021.837586167279,8143.750011488971,19345500
2023-06-27,8290.044921875,8558.25225758272,8241.279951746325,8387.574862132353,12229900
2023-07-03,8192.5146484375,8411.957005092076,8168.132164364769,8265.66210065569,4922200
2023-07-04,8265.662109375,8338.809561670354,8168.132172981194,8192.514657079646,3059600
2023-07-05,8509.4873046875,8533.869789801218,8192.514998209168,8265.662453550322,8524000
2023-07-06,8558.251953125,8631.39940571581,8411.957047943375,8509.486984731126,5517900
2023-07-07,8631.3994140625,8728.929350944563,8436.339540298377,8485.104508739407,9213200
2023-07-10,8753.3115234375,8777.694006789694,8509.486689915564,8631.399106676532,5125400
2023-07-11,9240.9619140625,9240.9619140625,8753.312208834928,8753.312208834928,19273900
2023-07-12,9167.814453125,9411.639305601728,9021.519541638963,9240.96190886802,12491500
2023-07-13,8923.9892578125,9216.579069544057,8777.694351946722,9070.28416367828,10258000
2023-07-14,8728.9296875,8972.754539106145,8655.782232018157,8923.989568784917,8173500
2023-07-17,8582.6337890625,8875.223577325994,8485.103859641335,8753.311165549538,11404200
2023-07-18,8509.4873046875,8753.312155824677,8460.722334460064,8582.634760028654,7123000
2023-07-20,8704.546875,8850.841780462186,8533.869485294119,8582.634453781513,8788600
2023-07-21,8777.6943359375,8777.6943359375,8509.487009006078,8704.546883138022,6092100
2023-07-24,8728.9296875,8875.224598463687,8728.9296875,8826.459628142458,2567600
2023-07-25,8728.9296875,8777.694657821228,8680.164717178772,8728.9296875,2214500
2023-07-26,8631.3994140625,8728.929350944563,8582.63444562147,8728.929350944563,4683300
2023-07-27,8704.546875,8826.459296218487,8607.01693802521,8631.399422268909,3536100
2023-07-28,8655.7822265625,8753.312167143486,8631.399741417254,8704.547196852993,2698700
2023-07-31,8923.9892578125,9021.519195056353,8607.01696176998,8680.16441470287,8472300
2023-08-01,9070.2841796875,9119.049148395497,8777.694367439517,8875.224304855512,17507500
2023-08-02,8850.8408203125,9119.048117897728,8826.458338713843,8972.753228305784,12333700
2023-08-03,9167.814453125,9167.814453125,8850.842144905253,8850.842144905253,10454400
2023-08-04,9045.9013671875,9167.813784535041,9021.518883717992,9167.813784535041,5847700
2023-08-07,9387.2568359375,9509.169262378246,9045.90204190341,9045.90204190341,14093400
2023-08-08,9314.109375,9484.786771924084,9314.109375,9387.256830824606,6449200
2023-08-09,9509.169921875,9509.169921875,9314.110026041668,9314.110026041668,8473500
2023-08-10,9557.9345703125,9631.082028758769,9484.787111866231,9557.9345703125,8028200
2023-08-11,9460.4033203125,9582.315734234053,9362.873389175258,9582.315734234053,2510200
2023-08-14,9704.228515625,9752.993483040202,9509.168645964195,9509.168645964195,18105700
2023-08-15,9826.1416015625,9874.906572289858,9655.46420401675,9679.846689380429,9799700
2023-08-16,9509.169921875,9777.377278645834,9387.257486979168,9777.377278645834,10489800
2023-08-18,9143.431640625,9484.786421875,9021.51921875,9484.786421875,15624100
2023-08-21,8850.8408203125,9192.195562693698,8777.693375516528,9143.430599496383,16890100
2023-08-22,9216.5791015625,9265.344070353836,8899.606804418816,8899.606804418816,7729000
2023-08-23,9094.666015625,9411.638289628016,9094.666015625,9216.578428703084,6993200
2023-08-24,9167.814453125,9240.96190886802,9094.66699738198,9094.66699738198,2888200
2023-08-25,9070.2841796875,9240.961570165491,9021.519210979503,9167.814117103495,3087100
2023-08-28,9240.9619140625,9265.344399323878,9070.284517232849,9070.284517232849,2214000
2023-08-29,9265.34375,9460.403618421053,9192.196299342106,9240.961266447368,4701400
2023-08-30,9119.0498046875,9436.022124101772,9119.0498046875,9289.727207449032,4990800
2023-08-31,8875.2236328125,9192.195905412947,8802.076185289321,9167.81342290522,9270300
2023-09-01,8948.3720703125,9070.284496338556,8899.607099902078,8972.754555517711,3372500
2023-09-04,9021.5185546875,9070.283519847973,8850.841176625845,8972.753589527027,4326200
2023-09-05,9021.5185546875,9216.578415329392,8972.753589527027,9021.5185546875,7448800
2023-09-06,8948.3720703125,9070.284496338556,8923.989585107289,9070.284496338556,4115300
2023-09-07,9240.9619140625,9362.874340369393,8850.842149880442,8948.372090925957,10103900
2023-09-08,9216.5791015625,9314.109039145173,9094.66667958416,9289.726554749504,5388200
2023-09-11,9948.0537109375,9948.0537109375,9192.196688782935,9265.344142539829,21477500
2023-09-12,9948.0537109375,10581.99831016391,9777.376318838082,9972.43619552313,25431900
2023-09-13,10313.7900390625,10362.5550037862,9801.757909463653,9948.052803634753,9844400
2023-09-14,10240.6435546875,10581.99833984375,10240.6435546875,10313.791008649554,6734700
2023-09-15,10313.7900390625,10362.5550037862,10143.112662529551,10240.642591976952,5241100
2023-09-18,10240.6435546875,10484.46840122768,9972.436223493303,10338.173493303571,5008800
2023-09-19,10874.5869140625,10923.35187780269,10216.259903569926,10240.642385440022,11949300
2023-09-20,10655.1455078125,11094.030219804778,10581.998055813787,10898.97034780821,8195000
2023-09-21,10655.1455078125,10825.822895809497,10338.173215818078,10630.76302381293,8413900
2023-09-22,11215.9423828125,11337.854800016983,10630.762780230978,10655.145263671875,14687500
2023-09-25,11264.7080078125,11435.385401870264,11094.030613754734,11215.94303808171,5924400
2023-09-26,11167.177734375,11557.297480554038,11045.26531369405,11264.707670919759,11170900
2023-09-27,11069.6474609375,11215.942361302312,10801.44014360201,11191.559877908177,8620800
2023-09-29,10825.8232421875,11167.178029103323,10533.233424831082,11094.030574764218,9504300
2023-10-02,10606.380859375,10972.118130387931,10508.850920438219,10825.823221982759,5116700
2023-10-03,10362.5556640625,10850.205342371324,10338.17318014706,10606.380503216913,8641600
2023-10-04,9850.5234375,10338.173112623763,9655.463567450495,10338.173112623763,24426000
2023-10-05,9948.0537109375,10338.173464307598,9777.376318838082,9850.523772594976,11211400
2023-10-06,10094.3486328125,10191.87857129378,9923.67124047026,10021.20117895154,5483300
2023-10-09,9996.818359375,10313.790648818598,9899.288424161585,9996.818359375,7088200
2023-10-10,10338.173828125,10460.086255343454,10045.584002800708,10045.584002800708,8825400
2023-10-11,10411.3212890625,10581.998687243853,10265.026376335627,10386.93880360802,14675200
2023-10-12,10460.0849609375,10655.144820348922,10167.495171820368,10460.0849609375,9074200
2023-10-13,10265.0263671875,10508.851221514995,10118.731454591003,10484.468736082245,6636100
2023-10-16,10094.3486328125,10265.02602515474,9923.67124047026,10265.02602515474,3708300
2023-10-17,10069.9658203125,10411.320593882416,10021.200852659655,10118.730787965345,6045000
2023-10-18,10362.5556640625,10460.085599724265,9972.435921415441,10094.348340992648,7258600
2023-10-19,10191.8779296875,10338.17282819976,10045.58303117524,10338.17282819976,6606200
2023-10-20,10021.2001953125,10191.877570901765,9850.522819723235,10167.495088674727,6115900
2023-10-23,9533.5517578125,10021.201464094469,9411.639331242008,10021.201464094469,13012100
2023-10-24,9557.9345703125,9752.99445950255,9436.022139568719,9460.404625717474,4930800
2023-10-25,9167.814453125,9631.081672830784,9070.284512134309,9631.081672830784,12336900
2023-10-26,9265.34375,9509.168585526315,9045.901398026315,9167.813815789474,13346100
2023-10-27,9752.994140625,9874.906567382812,9314.109404296874,9362.874375,11140000
2023-10-30,9070.2841796875,9850.523679015458,8875.224304855512,9752.993741599463,9217100
2023-10-31,9362.8740234375,9362.8740234375,8972.754272460938,9070.284210205078,10601900
2023-11-01,8021.8369140625,8972.753751899696,7997.454431041034,8875.223819813831,33985200
2023-11-02,8363.1923828125,8485.10480821793,8094.985046920554,8192.514987244898,16907400
2023-11-03,8265.662109375,8509.486950359513,8119.367204784292,8509.486950359513,8767600
2023-11-06,8485.1044921875,8485.1044921875,8265.662134630928,8265.662134630928,4927400
2023-11-07,8290.044921875,8485.104802389706,8143.750011488971,8485.104802389706,8187500
2023-11-08,8192.5146484375,8290.044584728423,8094.984712146577,8265.66210065569,3239900
2023-11-09,8363.1923828125,8436.339838055757,8094.985046920554,8216.897472325983,6443600
2023-11-10,8265.662109375,8436.339498064159,8143.749688882743,8387.574529867255,4277100
2023-11-13,8533.8701171875,8582.635089285715,8241.280284598215,8363.19271484375,6437000
2023-11-14,8411.9560546875,8680.163349184782,8411.9560546875,8582.633423913043,6068400
2023-11-15,8265.662109375,8411.957013965708,8241.279625276547,8363.192045768805,11287500
2023-11-16,8460.7216796875,8460.7216796875,8192.514364193084,8290.044297100145,6216700
2023-11-17,8290.044921875,8460.722317325368,8290.044921875,8436.33983226103,6233900
2023-11-20,8290.044921875,8387.574862132353,8265.662436810662,8265.662436810662,3391200
2023-11-21,8436.3388671875,8485.103831737717,8314.426455811958,8338.808938087066,5435800
2023-11-22,8338.8095703125,8436.339506807382,8265.662117941338,8411.957022683662,4369900
2023-11-23,8241.279296875,8338.809229382397,8094.984398113906,8338.809229382397,7674300
2023-11-24,8241.279296875,8241.279296875,8143.749364367604,8241.279296875,2209700
2023-11-27,8143.75048828125,8216.89794775683,8119.36800178939,8216.89794775683,3551100
2023-11-28,8241.279296875,8314.426746255547,8143.749364367604,8143.749364367604,4214700
2023-11-29,8582.6337890625,8655.781236128374,8314.426483154297,8314.426483154297,9620300
2023-11-30,8558.251953125,8680.164374109687,8411.957047943375,8631.39940571581,27460600
2023-12-01,8265.662109375,8533.869434457964,8241.279625276547,8363.192045768805,6370900
2023-12-04,8216.8974609375,8363.192371221254,8143.750005795623,8363.192371221254,8497000
2023-12-05,8363.1923828125,8411.957352974672,8216.897472325983,8265.662442488156,5061300
2023-12-06,8192.5146484375,8436.339489164806,8192.5146484375,8363.192036946613,5059600
2023-12-07,8094.984375,8290.044239457831,8046.219408885542,8290.044239457831,6032700
2023-12-08,7948.68994140625,8265.662239683186,7875.542487957726,8143.74981726898,6683500
2023-12-11,7607.3349609375,7997.454702524038,7607.3349609375,7997.454702524038,10150900
2023-12-12,7875.5419921875,7948.689441031347,7582.952196812113,7631.717162708011,8542900
2023-12-13,7802.39453125,7899.924462890625,7729.247082519531,7875.541979980469,4921600
2023-12-14,7656.10009765625,7851.159972755772,7656.10009765625,7826.777488368332,3549900
2023-12-15,7778.0126953125,7875.542635065635,7656.100270621082,7656.100270621082,5750400
2023-12-18,7826.77734375,7948.68976343458,7778.012375876168,7778.012375876168,4503100
2023-12-19,7729.24755859375,7899.924949477523,7704.865074181782,7899.924949477523,2605000
2023-12-20,8192.5146484375,8363.192036946613,7729.247451055618,7729.247451055618,16774700
2023-12-21,8119.3671875,8241.279607732733,8070.602219406906,8192.51463963964,3831500
2023-12-22,8143.75048828125,8265.662920740551,8094.985515297531,8119.36800178939,2888200
2023-12-27,8046.2197265625,8192.514630681819,8021.837242542613,8143.749662642045,3290000
2023-12-28,8168.1318359375,8241.279285214552,8070.6019035680965,8094.984386660448,5503600
2023-12-29,8119.3671875,8216.897123686185,8094.984703453453,8168.132155593093,2634800
2024-01-02,8143.75048828125,8290.04540723241,8046.22054231381,8119.36800178939,3169300
2024-01-03,8265.662109375,8290.04459347345,8046.219752488938,8143.749688882743,4408700
2024-01-04,8216.8974609375,8314.42740112667,8143.750005795623,8314.42740112667,3623300
2024-01-05,8168.1318359375,8241.279285214552,8119.366869752798,8216.8968021222,3883200
2024-01-08,7924.3076171875,8241.279921875,7924.3076171875,8168.132466947115,4703800
2024-01-09,7802.39453125,8021.836877441407,7802.39453125,7948.689428710937,5604700
2024-01-10,7802.39453125,8021.836877441407,7753.629565429687,7753.629565429687,9451300
2024-01-11,7851.16015625,7948.690096079193,7802.395186335404,7802.395186335404,3940800
2024-01-12,7899.9248046875,7948.68977261767,7851.159836757331,7875.542320722416,2684200
2024-01-15,7973.072265625,7973.072265625,7875.542329654052,7899.924813646789,4010100
2024-01-16,7899.9248046875,8021.837224512925,7875.542320722416,7948.68977261767,3953200
2024-01-17,7778.0126953125,7924.3076049422025,7729.247725435933,7899.925120003919,8179400
2024-01-18,7778.0126953125,7851.160150127351,7778.0126953125,7778.0126953125,3721700
2024-01-19,7802.39453125,7851.159497070313,7704.864599609375,7851.159497070313,3877500
2024-01-22,7729.24755859375,7851.159980653588,7607.335136533911,7851.159980653588,3877200
2024-01-23,7485.42236328125,7753.629679229439,7412.274913477199,7729.247195961421,7422400
2024-01-24,7582.95263671875,7680.482574168509,7485.422699268991,7534.1876679938705,3780300
2024-01-25,7412.275390625,7582.952784488075,7412.275390625,7582.952784488075,4965800
2024-01-26,7704.86474609375,7753.629712841179,7412.274945609177,7412.274945609177,6938200
2024-01-29,7704.86474609375,7753.629712841179,7656.099779346321,7753.629712841179,3718000
2024-01-30,7509.80517578125,7704.865050476867,7485.422691444298,7704.865050476867,4431900
2024-01-31,7631.7177734375,7631.7177734375,7461.04037914337,7534.187833840854,9202400
2024-02-01,7509.80517578125,7607.335113129058,7461.040207107346,7582.952628792106,4706200
2024-02-02,7924.3076171875,7997.455072115385,7461.04040264423,7509.805372596154,9623900
2024-02-05,7704.86474609375,7973.072063204608,7704.86474609375,7948.689579830893,4652000
2024-02-06,7802.39453125,7875.541979980469,7680.482116699219,7753.629565429687,2855300
2024-02-07,7753.6298828125,7948.689754078223,7753.6298828125,7802.394850628931,3668100
2024-02-12,7656.10009765625,7802.3950039808915,7607.335128881369,7778.0125195934515,3837400
2024-02-13,7753.6298828125,7826.777334537146,7656.099947179638,7753.6298828125,3344000
2024-02-15,7680.482421875,7948.689744543651,7631.717454117063,7851.159809027778,5917200
2024-02-16,7778.0126953125,7851.160150127351,7680.482755559366,7704.865240497649,3611100
2024-02-19,7656.10009765625,7826.777488368332,7656.10009765625,7802.3950039808915,2580900
2024-02-20,7534.1875,7729.247370550162,7509.80501618123,7704.864886731391,7612100
2024-02-21,7582.95263671875,7582.95263671875,7509.805183631431,7582.95263671875,3501400
2024-02-22,7704.86474609375,7729.247229467464,7534.187362477749,7607.334812598892,5077700
2024-02-23,7729.24755859375,7778.012527417685,7631.7176209458785,7778.012527417685,4086400
2024-02-26,7704.86474609375,7778.012196214893,7631.717295972607,7753.629712841179,2445600
2024-02-27,7607.3349609375,7729.247380183293,7558.569993239183,7704.864896334135,3674100
2024-02-28,7924.3076171875,7924.3076171875,7558.570342548077,7631.717797475962,8249600
2024-02-29,8509.4873046875,8631.39973025609,7924.3076619582735,7948.690147071991,23004200
2024-03-01,8753.3115234375,8875.223940198468,8314.426823098016,8509.486689915564,11991200
2024-03-04,8509.4873046875,8728.929670710959,8411.957364232629,8728.929670710959,6685500
2024-03-05,8363.1923828125,8582.634748542274,8241.27995740707,8509.487293299017,5818700
2024-03-06,8094.984375,8387.574171686747,8046.219408885542,8363.191688629518,9880400
2024-03-07,8168.1318359375,8290.044251399253,8046.219420475746,8094.984386660448,11168500
2024-03-08,8119.3671875,8241.279607732733,8094.984703453453,8192.51463963964,5622600
2024-03-13,8290.044921875,8411.95734719669,8143.750011488971,8192.514981617647,7322300
2024-03-14,8387.5751953125,8387.5751953125,8119.367848950764,8338.81022324673,5624700
2024-03-15,8338.8095703125,8411.957022683662,8241.279633817618,8387.574538559942,8972100
2024-03-18,8923.9892578125,8997.13671074539,8338.809634349385,8338.809634349385,19365100
2024-03-19,8923.9892578125,9167.81410092213,8826.459320568647,8923.9892578125,10875600
2024-03-20,8972.7548828125,8997.137368907099,8728.930021866508,8923.989910623302,7382700
2024-03-21,8923.9892578125,9094.666647989241,8850.84180487961,9070.28416367828,3979700
2024-03-22,9119.0498046875,9240.96223523145,8923.98991581718,8923.98991581718,7800400
2024-03-25,9436.0205078125,9582.315399406492,9094.665760759852,9582.315399406492,11112100
2024-03-26,9460.4033203125,9631.080699802673,9289.725940822325,9631.080699802673,7666800
2024-03-27,9533.5517578125,9631.081699068895,9338.491875299713,9557.934243126598,6232100
2024-03-28,9338.4921875,9679.8469933094,9338.4921875,9557.934562663186,11073800
2024-04-01,9314.109375,9484.786771924084,8997.137066426701,9314.109375,7321600
2024-04-02,9411.6396484375,9484.787106845046,9021.519870263925,9265.34473162241,14657000
2024-04-03,9655.4638671875,9728.611320726799,9216.579145951704,9314.109084004103,8854000
2024-04-04,9411.6396484375,9679.846995931834,9411.6396484375,9655.464509795986,4530600
2024-04-05,9338.4921875,9557.934562663186,9289.727215241513,9411.639645887728,2379900
2024-04-16,9484.7861328125,9557.933583708227,9070.283911070052,9070.283911070052,14148400
2024-04-17,9265.34375,9509.168585526315,9143.431332236842,9484.786101973685,11428400
2024-04-18,9411.6396484375,9606.699537524288,9265.34473162241,9289.727217758258,6736700
2024-04-19,9411.6396484375,9533.552079116742,9265.34473162241,9411.6396484375,6275600
2024-04-22,9606.6982421875,9655.463207883884,9411.638379401968,9411.638379401968,5033000
2024-04-23,9484.7861328125,9704.22848549968,9436.021165548684,9655.463518235862,4740800
2024-04-24,9582.31640625,9752.993797709923,9460.403983778626,9484.786468272901,9151300
2024-04-25,9411.6396484375,9679.846995931834,9387.257162301652,9679.846995931834,5860900
2024-04-26,8753.3115234375,9484.786024003308,8582.634139972144,9411.638573946728,14194300
2024-04-29,9240.9619140625,9289.726884585258,8460.722385698384,8777.694694096306,8452800
2024-04-30,9143.431640625,9387.256484375,8997.136734374999,9240.961578125,5606000
2024-05-02,8997.13671875,9289.72653074187,8948.371750084689,9143.431624745936,4651300
2024-05-03,9094.666015625,9167.81346347185,8997.136085162534,8997.136085162534,1991900
2024-05-06,9216.5791015625,9314.109039145173,9143.431648375496,9265.344070353836,2904700
2024-05-07,9192.1962890625,9509.168574892241,9119.048838486406,9216.578772587864,2815600
2024-05-08,9289.7255859375,9289.7255859375,9119.04821296752,9240.960622231793,4070100
2024-05-13,9436.0205078125,9484.785471677165,9119.048242692184,9216.578170421511,6622400
2024-05-14,9240.9619140625,9484.786766676287,9240.9619140625,9436.021796153529,3390600
2024-05-15,9460.4033203125,9533.550768665431,9240.960975253705,9240.960975253705,4421700
2024-05-16,9460.4033203125,9533.550768665431,9338.490906390947,9460.4033203125,2702100
2024-05-17,9557.9345703125,9655.464514907526,9460.404625717474,9460.404625717474,4018800
2024-05-20,9460.4033203125,9631.080699802673,9387.255871959567,9557.933251449742,3098800
2024-05-21,9387.2568359375,9557.934232954545,9314.109380073052,9484.786777090098,3198500
2024-05-22,9387.2568359375,9484.786777090098,9338.4918653612,9484.786777090098,1806100
2024-05-27,9045.9013671875,9411.638619230122,8972.753916778976,9387.256135760614,4444400
2024-05-28,9362.8740234375,9436.021476745605,8899.606819152832,9021.519241333008,6079700
2024-05-29,9314.109375,9411.639316099476,9167.814463350785,9314.109375,2535200
2024-05-30,9240.9619140625,9460.404281414907,9021.519546710093,9362.874340369393,6291200
2024-05-31,8875.2236328125,9289.725835443853,8875.2236328125,9240.9608704284,14095200
2024-06-03,9094.666015625,9167.81346347185,8680.163811159517,8875.22367208445,3382500
2024-06-04,9045.9013671875,9167.813784535041,8948.371433309469,9045.9013671875,3784900
2024-06-05,8802.0771484375,9094.666970546226,8802.0771484375,9045.902000194772,5913600
2024-06-06,9070.2841796875,9216.579085811492,8850.841820501513,8972.754242271505,6112500
2024-06-07,9070.2841796875,9265.34405451949,8997.136726625504,9094.666664041499,2980900
2024-06-10,8899.607421875,9094.66731057363,8802.077477525685,9070.284824486302,4068100
2024-06-11,8753.3115234375,9070.283807016016,8753.3115234375,8850.841456846274,5142500
2024-06-12,8265.662109375,8728.929307245575,8168.132172981194,8728.929307245575,7864400
2024-06-13,8533.8701171875,8680.165033482142,8338.810228794644,8338.810228794644,3806100
2024-06-14,8460.7216796875,8631.399062274857,8290.044297100145,8533.869129367797,2051200
2024-06-19,8509.4873046875,8728.929670710959,8363.192394005193,8460.722334460064,4541100
2024-06-20,8704.546875,8704.546875,8485.104516806723,8607.01693802521,3007000
2024-06-21,8582.6337890625,8850.841094970703,8582.6337890625,8680.163718483665,5257900
2024-06-24,8558.251953125,8753.311826700497,8533.869468928062,8655.781889912749,2836300
2024-06-25,8533.8701171875,8607.017575334821,8436.340172991071,8607.017575334821,2409000
2024-06-26,8875.2236328125,8923.988597827954,8582.63384271978,8582.63384271978,4852700
2024-06-27,8704.546875,8923.989233193277,8680.164390756303,8899.60674894958,2544000
2024-06-28,8729.06640625,8900.705352440309,8680.026707338484,8680.026707338484,5515600
2024-07-01,8876.1865234375,8900.706375712189,8729.067409789364,8778.107114338743,3202500
2024-07-02,8827.146484375,8925.225889756945,8753.58693033854,8876.186187065972,3220300
2024-07-03,8974.2646484375,8974.2646484375,8778.105858307717,8876.185253372609,2557900
2024-07-04,8802.6259765625,9023.304622214486,8778.106127045614,8974.26492318071,3556300
2024-07-05,8680.02734375,8876.18615377825,8581.947938735877,8876.18615377825,5718600
2024-07-08,8630.9873046875,8802.626256769354,8532.90790349787,8680.027005282314,6488800
2024-07-09,8704.546875,8778.106426056338,8581.947623239437,8630.987323943662,6296900
2024-07-10,8557.427734375,8729.066686067335,8532.907884133238,8704.546835825573,3052600
2024-07-11,8532.908203125,8655.507458917025,8434.82879849138,8557.428054283406,4882500
2024-07-12,8287.708984375,8557.42732410318,8189.629588110207,8532.907475036982,9038700
2024-07-15,8459.34765625,8459.34765625,8287.7087182971,8287.7087182971,2613400
2024-07-16,8483.8681640625,8508.388014247652,8385.788763321892,8483.8681640625,2188500
2024-07-17,8361.26953125,8508.388643236804,8287.7099752566,8508.388643236804,4515800
2024-07-18,8336.7490234375,8410.3085736443,8263.1894732307,8336.7490234375,4444400
2024-07-19,8336.7490234375,8385.788723575368,8165.1100729549635,8287.709323299632,5101000
2024-07-22,8287.708984375,8410.30822970599,8214.149437176406,8385.788380639793,2891900
2024-07-23,8287.708984375,8361.268531573594,8214.149437176406,8336.748682507396,2824400
2024-07-24,8042.5107421875,8312.229090248666,7993.471042540015,8287.709240424923,7381300
2024-07-25,7895.3916015625,8042.510699728261,7821.832052479619,8017.990850033967,9862100
2024-07-26,7919.91162109375,7968.951321533958,7846.352070433436,7895.391770873645,3981900
2024-07-29,7895.3916015625,7993.471000339674,7870.871751868206,7919.911451256793,2257400
2024-07-30,8067.03076171875,8091.55061205832,7846.352108662613,7968.951360360467,4736400
2024-07-31,8189.63037109375,8189.63037109375,7993.471559810067,8116.07081686237,4112600
2024-08-01,7944.431640625,8287.709551022375,7919.91178988233,8263.189700279707,8845100
2024-08-02,8091.55029296875,8091.55029296875,7870.871648615057,7944.431196732955,5966800
2024-08-05,7723.7529296875,8017.991136532738,7650.19337797619,8017.991136532738,8070400
2024-08-06,7748.2724609375,7846.351859177215,7650.193062697785,7748.2724609375,5309000
2024-08-07,8042.5107421875,8091.550441834985,7723.75269447885,7723.75269447885,6548500
2024-08-08,7748.2724609375,8017.990806096716,7748.2724609375,7993.4709565367875,6635600
2024-08-09,7772.79248046875,7870.871880853214,7748.272630372634,7846.352030757098,3578800
2024-08-12,7919.91162109375,7944.431471313855,7772.792519773123,7772.792519773123,3097300
2024-08-13,7993.47119140625,8017.991041686638,7870.871940004314,7993.47119140625,3294000
2024-08-14,8189.63037109375,8189.63037109375,7944.4318569891475,8042.511262630988,5677600
2024-08-15,8116.07080078125,8189.63035486688,8091.550949419373,8189.63035486688,3307100
2024-08-16,8189.63037109375,8238.67007391467,8116.07081686237,8189.63037109375,3801700
2024-08-19,8385.7880859375,8385.7880859375,8189.629300301535,8189.629300301535,7023000
2024-08-20,8312.2294921875,8459.348598243916,8287.709641178097,8410.308896225111,5323000
2024-08-21,8287.708984375,8385.788380639793,8287.708984375,8361.268531573594,2443800
2024-08-22,8312.2294921875,8312.2294921875,8140.590535121682,8238.669939159292,2855700
2024-08-23,8508.388671875,8532.908523955331,8312.229855232348,8336.74970731268,9098100
2024-08-26,8581.947265625,8581.947265625,8459.348018973214,8483.867868303572,4154600
2024-08-27,8483.8681640625,8606.46741498826,8434.828463692196,8581.947564803108,2344300
2024-08-28,8434.8291015625,8532.908509720202,8214.150433207667,8532.908509720202,9511200
2024-08-29,8189.63037109375,8410.309033787893,8189.63037109375,8410.309033787893,6283600
2024-08-30,7944.431640625,8238.669849537036,7944.431640625,8189.630148051697,12773700
2024-09-02,7944.431640625,8091.550745081018,7944.431640625,7968.951491367669,3840700
2024-09-03,7944.431640625,8017.991192853009,7895.39193913966,7968.951491367669,3148500
2024-09-04,7968.951171875,7993.471021634615,7797.312223557692,7846.3519230769225,3741500
2024-09-05,8140.59033203125,8214.149883224303,7919.911678452089,7968.951379247458,5403500
2024-09-06,7993.47119140625,8140.590293088574,7993.47119140625,8140.590293088574,3150100
2024-09-09,8263.189453125,8287.709303134274,7993.471103022997,7993.471103022997,6934800
2024-09-10,8385.7880859375,8581.946871573466,8287.708693119517,8336.74838952851,14024800
2024-09-11,8189.63037109375,8434.828885198354,8189.63037109375,8410.309033787893,5395200
2024-09-12,8238.669921875,8287.709623790923,8067.0309651692705,8189.630219959077,6387000
2024-09-13,8214.1494140625,8263.189112056903,8140.589867070896,8263.189112056903,3696600
2024-09-17,8116.07080078125,8214.150206228758,8042.511246695619,8214.150206228758,5942600
2024-09-18,8165.1103515625,8165.1103515625,8017.991246128941,8116.070649751314,4421500
2024-09-19,8165.1103515625,8238.669904279279,8116.070649751314,8116.070649751314,4251100
2024-09-20,8067.03076171875,8165.110163077033,8067.03076171875,8165.110163077033,5995200
2024-09-23,8140.59033203125,8165.110182428934,8091.55063123588,8140.59033203125,2600400
2024-09-24,8238.669921875,8238.669921875,8091.550816127232,8189.630219959077,6800300
2024-09-25,8336.7490234375,8336.7490234375,8165.1100729549635,8312.229173368567,5136000
2024-09-26,8312.2294921875,8336.749343196903,8214.150088149889,8336.749343196903,5896700
2024-09-27,8361.26953125,8410.309235245602,8214.150419263196,8336.7496792522,3837400
2024-09-30,8483.8681640625,8778.10636628432,8287.709362581287,8385.788763321892,25425800
2024-10-01,8680.02734375,8704.547195003532,8483.868533721752,8532.908236228814,10696700
2024-10-02,8655.5068359375,8827.145781692634,8508.387739575955,8680.02668533109,11404200
2024-10-03,8680.02734375,8778.106748764125,8606.467789989407,8704.547195003532,4851800
2024-10-04,8655.5068359375,8704.54653472468,8557.427438363136,8680.02668533109,2937000
2024-10-07,8606.4677734375,8729.067029469374,8581.947922231126,8606.4677734375,6256200
2024-10-08,8361.26953125,8655.507755223607,8336.7496792522,8630.987903225807,10438900
2024-10-09,8189.63037109375,8361.269330966972,8165.1105196832905,8361.269330966972,7856700
2024-10-10,8091.55029296875,8263.189238577179,8091.55029296875,8189.629690459281,6439300
2024-10-11,8238.669921875,8287.709623790923,8116.070667085193,8116.070667085193,3920700
2024-10-14,8165.1103515625,8287.709606090466,8140.590500656907,8263.189755184872,4573200
2024-10-15,8116.07080078125,8238.670057590634,8116.07080078125,8189.63035486688,6012600
2024-10-16,8067.03076171875,8189.630013416603,8017.991061039608,8116.070462397891,8173100
2024-10-17,8091.55029296875,8165.109841086648,8042.510594223485,8091.55029296875,6018400
2024-10-18,8067.03076171875,8189.630013416603,8067.03076171875,8189.630013416603,4722400
2024-10-21,8042.5107421875,8165.109991306213,8042.5107421875,8091.550441834985,3507400
2024-10-22,8017.9912109375,8116.070614129396,8017.9912109375,8067.030912533448,5537100
2024-10-23,7944.431640625,8042.5110435956785,7919.91178988233,8042.5110435956785,6406900
2024-10-24,7895.3916015625,8017.990850033967,7895.3916015625,7968.95115064538,4537500
2024-10-25,7870.87158203125,7968.950978692075,7846.351732866044,7895.391431196456,2987400
2024-10-28,8017.9912109375,8017.9912109375,7797.3125537557335,7895.391956947629,3866200
2024-10-29,8067.03076171875,8067.03076171875,7968.951360360467,8017.991061039608,2517700
2024-10-30,7968.951171875,8067.030570913461,7944.431322115384,8067.030570913461,2414900
2024-10-31,7919.91162109375,7968.951321533958,7895.391770873645,7968.951321533958,2405200
2024-11-01,7478.5546875,7748.273053278688,7478.5546875,7748.273053278688,15444500
2024-11-04,7184.31591796875,7576.633510758853,7086.236519771225,7576.633510758853,12228400
2024-11-05,7135.27685546875,7257.87611415378,7086.237151994737,7184.316558942762,4617200
2024-11-06,7233.35546875,7257.87531779661,7061.716525423729,7086.236374470339,4640900
2024-11-07,7257.8759765625,7429.514935467694,7184.316422745988,7257.8759765625,4908700
2024-11-08,7159.79638671875,7380.47504247378,7135.276536079302,7257.875789276541,5518700
2024-11-11,6963.6376953125,7159.796503631162,6963.6376953125,7159.796503631162,4728300
2024-11-12,6988.1572265625,7208.8358758223685,6963.637376644737,6963.637376644737,4317600
2024-11-13,7061.716796875,7086.236646864149,6988.157246907552,6988.157246907552,1922900
2024-11-14,6963.6376953125,7135.276652591329,6963.6376953125,7061.717099471831,2410400
2024-11-15,6963.6376953125,7061.717099471831,6963.6376953125,6963.6376953125,1812000
2024-11-18,7061.716796875,7086.236646864149,6963.637396918403,6963.637396918403,2295100
2024-11-19,7012.6767578125,7135.276001830201,6988.15690900896,7135.276001830201,2265300
2024-11-20,6988.1572265625,7061.7167763157895,6963.637376644737,7037.196926398026,1624500
2024-11-21,6963.6376953125,7086.236950511664,6963.6376953125,6988.157546352332,2549500
2024-11-22,6963.6376953125,7061.717099471831,6963.6376953125,7012.677397392165,3347500
2024-11-25,7086.23681640625,7159.7963681336505,6988.15741410305,7012.6772646788495,5635100
2024-11-26,7037.197265625,7184.316372223432,7037.197265625,7159.796521123693,2948600
2024-11-28,7257.8759765625,7331.435530379013,7061.717166385135,7061.717166385135,4620600
2024-11-29,7110.75634765625,7257.8754445043105,7110.75634765625,7257.8754445043105,3873300
2024-12-02,7086.23681640625,7233.355919861051,7061.71696583045,7233.355919861051,1666900
2024-12-03,7110.75634765625,7159.796046605604,6988.157100282867,7086.236498181574,4588900
2024-12-04,7159.79638671875,7404.994893113228,7135.276536079302,7135.276536079302,6684500
2024-12-05,7159.79638671875,7306.915490555437,7159.79638671875,7208.836087997645,4632600
2024-12-06,6988.1572265625,7233.355725740132,6939.117526726974,7159.796175986842,6574700
2024-12-09,6988.1572265625,7110.756476151316,6988.1572265625,6988.1572265625,3652600
2024-12-10,7110.75634765625,7135.276197130927,7012.676949757543,7037.19679923222,6562500
2024-12-11,7061.716796875,7233.355746799045,7061.716796875,7110.756496853299,3238300
2024-12-12,7061.716796875,7110.756496853299,7012.677096896701,7061.716796875,2351800
2024-12-13,7012.6767578125,7061.716455419581,6988.15690900896,7061.716455419581,3405100
2024-12-16,7037.197265625,7037.197265625,6963.637712325784,7012.677414525261,2334500
2024-12-17,6865.55810546875,7012.677207728794,6865.55810546875,7012.677207728794,4361400
2024-12-18,6693.9189453125,6914.597591861264,6693.9189453125,6865.557892628205,3646500
2024-12-19,6620.35986328125,6791.998822699653,6595.840011935764,6693.919417317708,2843000
2024-12-20,6473.240234375,6669.399029356061,6473.240234375,6620.359330610796,5599000
2024-12-23,6669.39892578125,6693.918774773092,6473.240133846507,6473.240133846507,1753100
2024-12-24,6595.83984375,6693.919246631041,6571.31999302974,6693.919246631041,1961000
2024-12-27,6620.35986328125,6693.919417317708,6571.320160590278,6620.35986328125,1020300
2024-12-30,6669.39892578125,6767.478321748621,6571.319529813878,6669.39892578125,3121100
2025-01-02,6693.9189453125,6767.478494162088,6620.359396462913,6767.478494162088,2395700
2025-01-03,6571.31982421875,6718.438924760961,6571.31982421875,6693.919074670593,3653000
2025-01-06,6522.2802734375,6767.478779957707,6522.2802734375,6571.319974741542,4472700
2025-01-07,6448.720703125,6595.839806618345,6448.720703125,6522.280254871673,3280200
2025-01-08,6350.64111328125,6522.280062288852,6326.121263423021,6473.240362572394,5361600
2025-01-09,6252.5615234375,6399.680618106618,6252.5615234375,6350.640919883578,4553400
2025-01-10,6277.08203125,6350.641586303711,6252.56217956543,6277.08203125,3543700
2025-01-13,6571.31982421875,6620.359524399487,6277.081623134328,6277.081623134328,6945900
2025-01-14,6301.6015625,6620.359618190661,6301.6015625,6571.319917315175,2971000
2025-01-15,6399.68115234375,6522.280408135776,6326.121598868534,6326.121598868534,3867000
2025-01-16,6522.2802734375,6620.359676045583,6424.200870829418,6424.200870829418,3317300
2025-01-17,6424.20068359375,6595.839633155415,6424.20068359375,6522.280083343273,3061000
2025-01-20,6595.83984375,6718.439097351301,6448.720739428439,6448.720739428439,4835200
2025-01-21,6595.83984375,6767.478798791822,6595.83984375,6620.35969447026,3343900
2025-01-22,6644.87939453125,6693.919094859893,6546.799993873962,6595.839694202606,2942400
2025-01-23,6620.35986328125,6767.478971354167,6620.35986328125,6644.879714626736,3026700
2025-01-24,6620.35986328125,6718.4392686631945,6620.35986328125,6669.399565972222,2239400
2025-01-30,6473.240234375,6620.359330610796,6473.240234375,6620.359330610796,1922500
2025-01-31,6620.35986328125,6644.879714626736,6473.240755208333,6473.240755208333,2043600
2025-02-03,6620.35986328125,6693.919417317708,6473.240755208333,6620.35986328125,2116400
2025-02-04,6448.720703125,6620.35965720057,6448.720703125,6620.35965720057,2712000
2025-02-05,6301.6015625,6473.240515564202,6301.6015625,6399.6809642509725,2850400
2025-02-06,6031.8828125,6326.12099847561,5982.843114837398,6301.601149644309,3887200
2025-02-07,5933.8037109375,6080.922811208678,5933.8037109375,6056.402961163481,3183600
2025-02-10,6031.8828125,6105.442358993902,5811.204173018293,5909.283568343496,2404100
2025-02-11,5884.76416015625,6080.922965494791,5884.76416015625,6031.883264160157,2647600
2025-02-12,5737.64501953125,5958.3236741286055,5713.125169020433,5884.764122596153,10335100
2025-02-13,6031.8828125,6203.521754319106,5762.164475355691,5762.164475355691,5027500
2025-02-14,5933.8037109375,6129.962511299071,5860.244160801912,6007.363261073089,3100200
2025-02-17,6228.0419921875,6326.121393639271,5933.803787832185,5958.323638195128,6419300
2025-02-18,6203.52197265625,6350.641070822011,6179.002122961956,6228.041822350543,2190700
2025-02-19,6228.0419921875,6252.561842550443,6105.442740372785,6203.522141824557,1862600
2025-02-20,6203.52197265625,6228.041822350543,6080.922724184782,6228.041822350543,2876700
2025-02-21,6179.00244140625,6326.121547154018,6105.442888532366,6203.522292364211,2797300
2025-02-24,6080.9228515625,6228.04195280998,6031.883151146673,6154.4824021862405,2247800
2025-02-25,5688.60498046875,6080.922565328664,5688.60498046875,6080.922565328664,10102200
2025-02-26,5467.92626953125,5762.164454438762,5443.406420788958,5688.604908211883,6412700
2025-02-27,5467.92626953125,5737.644605696469,5418.886572046665,5492.446118273543,6150000
2025-02-28,4609.73193359375,5443.406857754322,4609.73193359375,5443.406857754322,183686400
2025-03-03,4845.1220703125,5002.049100929909,4521.460069664095,4521.460069664095,52859500
2025-03-04,4580.30810546875,4786.274851110814,4511.652523588062,4756.851030304804,24728400
2025-03-05,4825.50634765625,4953.0095641593625,4580.307854381034,4639.155492767086,22522600
2025-03-06,4953.009765625,5173.688418548886,4854.930364325495,4903.970064975248,15587400
2025-03-07,5296.28759765625,5443.4066975911455,5002.049397786458,5002.049397786458,17072400
2025-03-10,5026.5693359375,5345.327391387195,5002.049485518292,5320.807540967988,7609100
2025-03-11,4776.466796875,5002.049417671971,4737.235036736396,4928.48986741209,15917800
2025-03-12,4717.619140625,4815.698540637994,4698.003260622401,4776.466780632796,11378100
2025-03-13,4707.81103515625,4815.69837137858,4698.003095499675,4756.850733439128,7043800
2025-03-14,4727.4267578125,4747.042636475622,4648.96324316001,4707.810879149378,5936400
2025-03-17,4805.890625,4903.970025510204,4756.850924744898,4756.850924744898,8854800
2025-03-18,4707.81103515625,4845.122190348307,4462.612543741862,4845.122190348307,10842100
2025-03-19,4727.4267578125,4766.658515138744,4609.731485833765,4707.810879149378,4220500
2025-03-20,4786.27490234375,4884.354306080302,4707.811379354508,4747.043140849129,5613200
2025-03-21,4707.81103515625,4815.69837137858,4678.387216186523,4815.69837137858,13530900
2025-03-24,4639.15576171875,4756.851045314152,4590.1160602206655,4707.811343816067,8887200
2025-03-25,4727.4267578125,4815.698211796551,4629.347364496888,4688.195000486255,5237600
2025-03-26,4756.85107421875,4845.122537451675,4737.235193500323,4737.235193500323,11924200
2025-03-27,4825.50634765625,4977.529413486884,4717.619010615155,4747.042829808181,22619200
2025-04-08,4374.34130859375,4462.612769977929,4138.950744902607,4364.533368439953,26075300
2025-04-09,4266.4541015625,4452.804970366379,4207.6064587823275,4374.341446659483,11643900
2025-04-10,4698.00341796875,4786.274880936848,4521.460492032555,4590.116074341076,16066800
2025-04-11,4903.97021484375,5002.049619140625,4580.308180664062,4678.387584960938,9272700
2025-04-14,4928.48974609375,5100.128692475124,4903.969896610696,4928.48974609375,6433000
2025-04-15,4874.54638671875,5051.089314205546,4796.082863391285,5002.04961212588,5721100
2025-04-16,4727.4267578125,4928.489514109505,4717.618818480939,4894.1617264490405,6124100
2025-04-17,4717.619140625,4776.466780632796,4698.003260622401,4727.427080626299,4024800
2025-04-21,4658.771484375,4815.698523848684,4629.347664473685,4717.619124177631,5010800
2025-04-22,4928.48974609375,4928.48974609375,4658.771401780162,4658.771401780162,5019500
2025-04-23,4977.52978515625,5051.089338631466,4845.122588900862,5002.049636314655,4946700
2025-04-24,4953.009765625,5198.208268873763,4928.489915300124,4928.489915300124,5207600
2025-04-25,5173.6884765625,5198.208327162322,4977.529671763921,4977.529671763921,6820600
2025-04-28,5075.609375,5271.768191425121,5075.609375,5198.208635265701,5326600
2025-04-29,5100.12890625,5198.208308293269,5075.609055739183,5124.648756760817,2474100
2025-04-30,5051.0888671875,5320.807204755764,5051.0888671875,5100.128564927185,8373300
2025-05-02,5271.767578125,5320.807276526163,5051.088935319767,5051.088935319767,7445400
2025-05-05,5737.64501953125,5737.64501953125,5247.248009314903,5296.287710336538,15900100
2025-05-06,5713.125,5860.244098712446,5639.565450643777,5786.684549356223,8887500
2025-05-07,5541.486328125,5811.204689228429,5541.486328125,5737.645136200221,11473400
2025-05-08,5541.486328125,5664.085583172013,5443.40692408739,5541.486328125,7157100
2025-05-09,5664.08544921875,5835.724402225379,5590.525897930194,5590.525897930194,6265700
2025-05-14,5688.60498046875,5860.243923844962,5664.085131415006,5811.204225737473,11149400
2025-05-15,5737.64501953125,5958.3236741286055,5737.64501953125,5762.164870042067,10588200
2025-05-16,5860.244140625,5933.803690507322,5713.1250408603555,5762.164740781904,7204200
2025-05-19,6031.8828125,6179.001905487805,5860.243870680894,5933.803417174797,14198800
2025-05-20,6056.4033203125,6277.081983805668,6031.883468813259,6080.923171811741,12376900
2025-05-21,6056.4033203125,6179.002577808705,6031.883468813259,6056.4033203125,5423600
2025-05-22,6154.482421875,6228.041972734063,5982.843469870518,6031.883170443227,5145700
2025-05-23,6056.4033203125,6179.002577808705,6056.4033203125,6105.4430233109815,3356500
2025-05-26,6129.96240234375,6129.96240234375,5982.8433046875,6080.922703125,5433900
2025-05-27,6203.52197265625,6350.641070822011,6080.922724184782,6080.922724184782,8751700
2025-05-28,6301.6015625,6301.6015625,6105.442758998054,6277.081712062257,7073600
2025-06-02,6129.96240234375,6301.601349609375,6080.922703125,6301.601349609375,5792400
2025-06-03,6080.9228515625,6154.4824021862405,5933.803750315021,6129.962551978327,5275700
2025-06-04,6546.7998046875,6546.7998046875,6080.92266502809,6080.92266502809,16441500
2025-06-05,6301.6015625,6571.319917315175,6277.081712062257,6571.319917315175,8486600
2025-06-10,6375.1611328125,6546.800086388221,6301.601581280048,6301.601581280048,8696400
2025-06-11,6522.2802734375,6522.2802734375,6301.601617569314,6399.681020177397,6162200
2025-06-12,6375.1611328125,6522.280235877403,6277.0817307692305,6522.280235877403,7966400
2025-06-13,6154.482421875,6350.641224165836,6056.403020729581,6277.081673306772,14895300
2025-06-16,6056.4033203125,6203.5224293079455,6031.883468813259,6105.4430233109815,5109600
2025-06-17,6105.44287109375,6179.00242375753,6031.883318429969,6105.44287109375,4066200
2025-06-18,5909.28369140625,6129.962335483661,5786.684444696577,6129.962335483661,14309400
2025-06-19,5639.5654296875,5909.283776324728,5615.045579993206,5909.283776324728,13827300
2025-06-20,5688.60498046875,5811.204225737473,5566.005735200028,5590.525584253772,20835300
2025-06-23,5664.08544921875,5688.605299648269,5443.406795353084,5590.525897930194,10334500
2025-06-24,5713.125,5835.724248927038,5664.085300429184,5688.605150214592,2792200
2025-06-25,5589.46435546875,5812.053643960869,5589.46435546875,5762.5893576292865,5427100
2025-06-26,5663.66064453125,5688.392787083788,5589.464216873635,5589.464216873635,2091400
2025-06-30,5688.392578125,5787.321144701086,5663.660436480978,5787.321144701086,2920500
2025-07-01,5465.8037109375,5787.321576286765,5441.071567449096,5787.321576286765,9544200
2025-07-02,5416.33935546875,5564.732214522688,5391.607212293094,5490.535784995719,6371800
2025-07-03,5391.60693359375,5515.267643079846,5391.60693359375,5441.071217388188,3267800
2025-07-04,5317.41064453125,5465.803499727471,5292.678501998546,5416.339214662064,2920500
2025-07-07,5317.41064453125,5416.339214662064,5267.946359465843,5317.41064453125,2836500
2025-07-08,5391.60693359375,5416.339075490969,5317.410507902093,5317.410507902093,3090800
2025-07-09,5441.0712890625,5515.267715731534,5366.874862393466,5441.0712890625,4160300
2025-07-10,5515.267578125,5564.731861336883,5416.339011701233,5465.803294913117,5211100
2025-07-11,5737.85693359375,5812.053359459186,5465.80337208715,5515.267655997441,5776400
2025-07-14,5663.66064453125,5812.053499846479,5539.999931768559,5787.32135729394,6130800
2025-07-15,5663.66064453125,5713.124929636326,5589.464216873635,5663.66064453125,3442400
2025-07-16,5614.1962890625,5737.85700027533,5614.1962890625,5688.392715790198,3538600
2025-07-17,5663.66064453125,5713.124929636326,5638.928501978711,5638.928501978711,3163200
2025-07-18,5688.392578125,5713.124719769022,5638.928294836956,5663.660436480978,3035700
2025-07-21,5762.58935546875,5787.321498625269,5663.660782842677,5688.3929259991955,3930900
2025-07-22,5688.392578125,5812.053286345108,5688.392578125,5762.5890030570645,4523900
2025-07-23,6207.767578125,6207.767578125,5638.928317978088,5688.392601469123,17856800
2025-07-24,6108.83935546875,6554.017931980643,6084.107212329201,6331.4286437246965,15509000
2025-07-25,6034.642578125,6108.839003265881,5985.1782946977455,6108.839003265881,7357100
2025-07-28,6727.142578125,6776.606861787684,6034.642606847427,6034.642606847427,24092400
2025-07-29,6702.41064453125,6826.0713575299815,6504.553503733279,6727.142787130996,13716900
2025-07-30,7048.66064453125,7172.321357593201,6677.678505345395,6702.410647957785,23514200
2025-07-31,6727.142578125,7172.321131089154,6727.142578125,7073.392563763787,13344100
2025-08-01,7221.78564453125,7295.982072386023,6133.57136932791,6380.892795510488,31688800
2025-08-04,7617.5,7765.892857142858,6974.464285714286,7197.053571428572,29570600
2025-08-05,7295.98193359375,7691.696207958157,7271.249791445975,7642.231923662606,10940900
2025-08-06,7370.1787109375,7691.696574166317,7295.982280961619,7295.982280961619,12351100
2025-08-07,7320.71435546875,7568.035786396748,7271.25006928315,7419.642927839949,6571900
2025-08-08,7914.28564453125,8062.678500366211,7518.571362304688,7518.571362304688,29541700
2025-08-11,8037.9462890625,8112.142716346154,7765.892722355769,8062.678431490384,12842200
2025-08-12,8285.267578125,8309.999720149253,7963.749731809701,8062.678299906716,16219300
2025-08-13,7914.28564453125,8285.267784118652,7914.28564453125,8285.267784118652,16286700
2025-08-14,7716.4287109375,8062.678717197516,7716.4287109375,7914.285857371795,15203200
2025-08-15,7889.5537109375,8013.214427409875,7741.16085117065,7741.16085117065,14214400
2025-08-19,7914.28564453125,8013.214215087891,7840.08921661377,7963.749929809571,6566700
2025-08-20,7889.5537109375,8062.678713998824,7840.08942434855,7963.750140820925,7487900
2025-08-21,7617.5,7914.285714285715,7543.303571428572,7864.821428571428,22042700
2025-08-22,7666.96435546875,7765.892927797378,7592.767926222278,7617.500069304435,5231600
2025-08-25,7765.892578125,7815.356862062102,7691.696152219347,7716.428294187898,4791200
2025-08-26,7568.03564453125,7765.892785564747,7568.03564453125,7765.892785564747,5459100
2025-08-27,7864.8212890625,7914.285573899371,7493.839152785967,7568.0355800412735,9454200
2025-08-28,7889.5537109375,8087.410857293299,7765.892994465125,7914.285854231975,10020000
2025-08-29,7568.03564453125,7840.089213452308,7518.571359272876,7716.428500306373,10929200
2025-09-01,7765.892578125,7840.089004030653,7073.392603005574,7221.785454816879,11529900
2025-09-02,8062.6787109375,8087.410854222585,7840.089421371741,7864.821564656825,10131900
2025-09-03,7914.28564453125,8161.607070922852,7914.28564453125,8087.410643005372,4513900
2025-09-04,7815.35693359375,7988.481928958169,7790.624791398834,7939.017644568335,2938300
2025-09-08,7790.625,8037.946428571428,7741.160714285715,7840.089285714286,5312000
2025-09-09,7518.5712890625,7790.62485544305,7419.6427194695725,7592.767716257195,8579400
2025-09-10,7518.5712890625,7666.964143451891,7518.5712890625,7617.4998586554275,2463500
2025-09-11,7493.83935546875,7691.696500167594,7493.83935546875,7543.303641643461,2973700
2025-09-12,7691.6962890625,7790.624858696744,7543.303434611133,7543.303434611133,4178900
2025-09-15,7469.10693359375,7765.892639564363,7444.374791429533,7691.696213071709,7578500
2025-09-16,7419.642578125,7493.839003906251,7345.44615234375,7469.106861979167,6559100
2025-09-17,7518.5712890625,7543.303431460732,7394.91057707134,7469.107004266036,4223200
2025-09-18,7370.1787109375,7568.035857539849,7271.250137636325,7568.035857539849,5127200
2025-09-19,7221.78564453125,7419.642785477311,7221.78564453125,7370.178500240796,6593400
2025-09-22,7295.98193359375,7394.910502184852,7172.321222854873,7221.785507150424,5460800
2025-09-23,7221.78564453125,7320.714215004281,7172.321359294734,7295.982072386023,4921200
2025-09-24,7246.517578125,7271.249720029863,7122.856868600682,7221.785436220136,6439000
2025-09-25,7691.6962890625,7765.892716288183,7221.785583299838,7271.249868116961,12522300
2025-09-26,7394.91064453125,7741.1606412651545,7345.446359283549,7716.428498641304,6800800
2025-09-29,7419.642578125,7543.303287760417,7197.05330078125,7370.178294270833,9382600
2025-09-30,7271.25,7419.642857142858,7221.785714285715,7419.642857142858,6126300
2025-10-01,7320.71435546875,7568.035786396748,7122.857210726351,7197.05364000475,11570600
2025-10-02,7320.71435546875,7394.910784747149,7271.25006928315,7345.44649856155,3341700
2025-10-03,7419.642578125,7518.5711458333335,7221.785442708334,7345.44615234375,8021700
2025-10-06,7444.375,7592.767857142858,7419.642857142858,7419.642857142858,6531500
2025-10-07,7320.71435546875,7592.767929489548,7295.9822123759495,7469.107214025548,8034500
2025-10-08,7320.71435546875,7518.571500211148,7147.589353819151,7320.71435546875,5705900
2025-10-09,7394.91064453125,7444.374929778951,7246.517788788148,7419.6427871551,6545500
2025-10-10,7765.892578125,7988.481855841958,7320.714022691082,7444.374732533837,18790700
2025-10-13,7469.10693359375,7691.696213071709,7444.374791429533,7518.5712179221855,9270700
2025-10-14,7271.25,7518.571428571428,7221.785714285715,7518.571428571428,9590900
2025-10-15,7370.1787109375,7370.1787109375,7147.589421009857,7271.250137636325,7296400
2025-10-16,7320.71435546875,7394.910784747149,7246.51792619035,7370.178641654349,4309600
2025-10-17,7172.3212890625,7345.446285695043,7147.589146686422,7320.714143318965,6017600
2025-10-20,7419.642578125,7444.374720052084,7172.321158854167,7172.321158854167,6116800
2025-10-21,7370.1787109375,7469.107284238674,7345.446567612206,7419.642997588087,2887700
2025-10-22,7469.10693359375,7568.035502250621,7394.910507101097,7394.910507101097,4998100
2025-10-23,7592.767578125,7889.553281504479,7444.3747264352605,7469.10686838355,12752900
2025-10-24,7419.642578125,7666.963997395834,7370.178294270833,7617.499713541667,3903900
2025-10-27,7543.3037109375,7543.3037109375,7320.714421106557,7518.57156762295,4453400
2025-10-28,7666.96435546875,7815.357213961694,7543.303640057963,7617.500069304435,7457200
2025-10-29,7691.6962890625,7790.624858696744,7666.964146653939,7741.160573879622,3614900
2025-10-30,7617.5,7741.160714285715,7592.767857142858,7691.696428571428,2743500
2025-10-31,7370.1787109375,7666.964430841023,7370.1787109375,7617.500144190436,5746800
2025-11-03,7394.91064453125,7568.035642898202,7345.446359283549,7419.6427871551,4087700
2025-11-04,7370.1787109375,7493.839427563968,7320.714424286913,7444.375140913381,3332800
2025-11-05,7370.1787109375,7419.642997588087,7271.250137636325,7295.982280961619,5703300
2025-11-06,7394.91064453125,7469.1070724028,7295.982074035848,7370.1785019074,2418300
2025-11-07,7419.642578125,7444.374720052084,7271.249726562501,7444.374720052084,3649900
2025-11-10,7345.4462890625,7444.374858612164,7345.4462890625,7419.642716224747,2721500
2025-11-11,7444.375,7469.107142857143,7370.178571428572,7394.910714285715,2969400
2025-11-12,7642.23193359375,7963.749781932645,7419.642653974514,7469.106938334345,16558900
2025-11-13,7469.10693359375,7741.160497400145,7444.374791429533,7691.696213071709,6695500
2025-11-14,7493.83935546875,7568.035784730817,7419.642926206683,7444.375069294038,3896200
2025-11-17,7493.83935546875,7617.5000709055275,7444.375069294038,7518.571498556105,5328400
2025-11-18,7543.3037109375,7543.3037109375,7419.642994364754,7444.375137679303,4019200
2025-11-19,7419.642578125,7543.303287760417,7419.642578125,7543.303287760417,3895900
2025-11-20,7592.767578125,7741.1604298147395,7469.10686838355,7469.10686838355,6639500
2025-11-21,7518.5712890625,7592.767716257195,7493.839146664268,7518.5712890625,2719900
2025-11-24,7543.3037109375,7568.035854252049,7419.642994364754,7568.035854252049,4192500
2025-11-25,7815.35693359375,7864.821217983585,7493.83908505983,7592.767653839498,11893800
2025-11-26,7815.35693359375,8062.678355542919,7741.160507008999,7914.285502373418,13226000
2025-11-27,7939.017578125,8013.214004088785,7840.089010173287,7914.285436137072,4825100
2025-11-28,8680.982421875,8730.446709179132,7939.018112313034,8013.2145432692305,35985700
2025-12-01,8606.7861328125,8755.178997171337,8408.928980334053,8656.250420932112,10805200
2025-12-02,8557.3212890625,8804.64271360188,8483.124861700686,8606.785573970375,6940100
2025-12-03,8656.25,8705.714285714286,8408.928571428572,8582.053571428572,5193300
2025-12-04,8532.5888671875,8779.910283627716,8483.124583899456,8656.249575407608,4370400
2025-12-05,8433.6611328125,8532.589709150476,8285.268268305535,8532.589709150476,6169800
2025-12-08,8705.7138671875,8854.106717196379,8433.66030883789,8433.66030883789,14149100
2025-12-09,8112.142578125,8755.178270293445,8112.142578125,8730.446128286967,19822300
2025-12-10,7815.35693359375,8211.071208712421,7716.428364814083,8211.071208712421,18754400
2025-12-11,7790.625,8136.875,7642.232142857143,7815.357142857143,15690600
2025-12-12,8112.142578125,8235.803288157393,7864.821158060213,7889.553300066692,12014900
2025-12-15,7864.8212890625,8161.6069980837265,7864.8212890625,8161.6069980837265,7010300
2025-12-16,7914.28564453125,7939.01778717041,7790.624931335449,7889.55350189209,4922900
2025-12-17,7988.48193359375,8087.410502430825,7840.089080338139,7914.2855069659445,7545300
2025-12-18,7864.8212890625,8013.214143573114,7864.8212890625,7988.482001154678,6485400
2025-12-19,7963.75,7963.75,7815.357142857143,7889.553571428572,4170500
2025-12-22,8037.9462890625,8062.678431490384,7889.553434495192,7963.749861778846,3578900
2025-12-23,8013.21435546875,8087.410784686053,7914.2857831790125,8037.946498541185,3662700
2025-12-24,7963.75,8062.678571428572,7963.75,8037.946428571428,3079600
2025-12-29,8260.5361328125,8359.464709253369,7939.018259379678,7963.750403489896,8011200
2025-12-30,8408.9287109375,8483.12514073989,8211.071564797794,8310.000137867648,7431700
2026-01-02,8680.982421875,8705.714565527065,8359.464554398148,8408.92884170228,8834600
2026-01-05,8829.375,8878.839285714286,8483.125,8705.714285714286,13458600
2026-01-06,9447.6787109375,9571.339427049246,8854.107273601112,8878.839416823463,23178400
2026-01-07,9719.732421875,9843.393139710559,9497.143129770991,9497.143129770991,19656000
2026-01-08,9596.0712890625,9769.196286545586,9422.946291579414,9719.73200155042,9101300
2026-01-09,9571.3388671875,9769.196001392927,9472.410300084788,9596.07100896318,5500700
2026-01-12,9793.9287109375,10041.25014303188,9200.357273910984,9744.464424518625,20147800
2026-01-13,10090.7138671875,10486.42813648897,9793.928165211397,9793.928165211397,12532300
2026-01-14,10041.25,10214.375,9868.125,10090.714285714286,5579600
2026-01-15,9892.857421875,10263.839575195312,9793.92884765625,10090.7145703125,8388200
2026-01-19,9892.857421875,10065.982426757811,9620.803842773437,9991.78599609375,12474900
2026-01-20,9991.7861328125,10362.768291209004,9868.125413347,9892.857557240099,6476000
2026-01-21,9967.0537109375,10016.517997344139,9769.19656531095,10016.517997344139,8911900
2026-01-22,10486.4287109375,10684.285856426886,9967.05370402786,9967.05370402786,12851700
2026-01-23,10461.6962890625,10535.892716644505,10189.64272126182,10535.892716644505,5142600
2026-01-26,10387.5,10610.089285714286,10189.642857142857,10486.428571428572,7628800
2026-01-27,10412.232421875,10560.625282994359,10313.303847795429,10387.500278355108,3828400
2026-01-28,9225.0888671875,9744.46384362433,8854.106741161193,9373.481717598022,52568800
2026-01-29,9002.5,9274.553571428572,7864.821428571428,9150.892857142857,36006600
2026-01-30,9002.5,9225.089285714286,8829.375,9101.428571428572,8198500
2026-02-02,8112.142578125,9126.160400390625,8037.946152105564,9027.23183236471,30167300
2026-02-03,8928.3037109375,8928.3037109375,8235.803700116863,8408.928702822022,10649600
2026-02-04,8804.642578125,9027.231856785464,8755.17829397823,8903.571146418539,5437600
2026-02-05,9002.5,9200.357142857143,8829.375,8903.57142857143,9495700
2026-02-06,8755.1787109375,8977.768000198623,8507.857278425141,8606.785851430084,7749300
2026-02-09,9076.6962890625,9076.6962890625,8730.446294384366,8903.571291723432,4911200
2026-02-10,9002.5,9126.160714285714,8903.57142857143,8977.767857142857,5942400
2026-02-11,9274.5537109375,9373.482283854168,9027.232278645834,9076.696565104166,6409000
2026-02-12,9447.6787109375,9571.339427049246,9225.089421936354,9299.285851603403,5034100
2026-02-13,9744.4638671875,9868.124576161961,9348.749598469225,9348.749598469225,11641000
2026-02-18,9769.1962890625,9793.928431566455,9645.535576542721,9744.464146558545,6240000
2026-02-19,10189.642578125,10362.767573384404,9769.196161066444,9769.196161066444,30819300
2026-02-20,9695.0,10387.5,9695.0,10338.035714285716,10426700
2026-02-23,10140.1787109375,10461.696572503812,9744.464419778964,9744.464419778964,23795800
2026-02-24,10189.642578125,10338.035431204491,10065.981867225424,10189.642578125,13056300
2026-02-25,11871.4287109375,11871.4287109375,10090.714404296876,10189.64297688802,87924500
2026-02-26,11698.3037109375,12613.393007564746,11500.446565720798,11772.500140393764,52911000
2026-02-27,11475.7138671875,11698.30314478381,11203.6603056809,11574.642435008082,16411300
2026-03-02,10956.3388671875,11401.51742161047,10634.821022326469,11079.999576749437,21254300
2026-03-03,10709.017578125,11228.392564592956,10634.82115148672,10981.071142465358,13237700
2026-03-04,9620.8037109375,10412.232293842384,9398.2144219955,10412.232293842384,21836800
2026-03-05,9942.3212890625,10140.178429143345,9719.732006471548,9892.857004042287,10475200
2026-03-06,9101.4287109375,9917.589437733526,9101.4287109375,9892.857294497282,13793400
2026-03-09,8779.9111328125,9051.964717209506,8211.071819982395,8779.9111328125,9018000
2026-03-10,9596.0712890625,9769.196286545586,8854.107014134986,9175.624866603575,21065900
2026-03-11,9126.1611328125,9596.071868648374,9126.1611328125,9571.339724657011,8841000
2026-03-12,9076.6962890625,9150.892716493528,8804.642721815395,9126.16057401652,6663900
2026-03-13,8928.3037109375,9200.357286617036,8755.17870823234,9002.500140668282,5704900
2026-03-16,8878.8388671875,8977.76743395282,8433.660316743559,8928.30315057016,5446100
2026-03-17,9398.2138671875,9422.946008943256,8977.767457339638,9027.231740851152,8475700
2026-03-25,9596.0712890625,9843.392714038337,9274.553436593911,9348.749864086662,7965700
2026-03-26,9843.392578125,9991.785431061558,9719.731867344535,9769.19615165672,6895800
2026-03-27,9769.1962890625,9917.589144086234,9694.999861550632,9843.392716574366,2596000
2026-03-30,9793.9287109375,9892.857283775253,9249.821560329861,9695.000138099747,5527400
2026-03-31,10041.25,10140.178571428572,9843.392857142857,9917.589285714286,8339300
2026-04-01,9843.392578125,10362.767563402953,9744.464009500629,10239.106852622488,4555000
2026-04-02,9521.875,9868.125,9497.142857142857,9793.928571428572,3817100
2026-04-06,9571.3388671875,9868.12456849564,9299.28530765504,9447.678158309109,4087600
2026-04-07,9670.267578125,9793.928288842711,9620.803293837915,9645.535435981457,1730900
2026-04-08,9917.5888671875,9991.785292627806,9719.731732680018,9818.66029993376,3471800
2026-04-09,9695.0,9892.857142857143,9645.535714285714,9892.857142857143,1953800
2026-04-10,9620.8037109375,9843.3929998795,9546.607281290168,9695.000140584832,3265700
2026-04-13,9571.3388671875,9670.267434290214,9422.946016533431,9596.07100896318,3888600
2026-04-14,9620.8037109375,9843.3929998795,9546.607281290168,9620.8037109375,4323200
2026-04-15,9892.857421875,10164.911000976563,9695.0002734375,9769.196704101563,8905400
2026-04-16,9942.3212890625,10189.642714163556,9769.19629149176,10090.714144123134,4338800
2026-04-17,9818.6611328125,10016.518284103433,9793.928988901134,9942.321852369332,2030700
2026-04-20,9892.857421875,9942.321708984375,9719.732416992187,9818.660991210938,3841800
2026-04-21,9892.857421875,9991.78599609375,9793.92884765625,9991.78599609375,3369600
2026-04-22,9719.732421875,9917.589570411896,9645.535991173663,9892.857426844783,3145200
2026-04-23,9818.6611328125,10065.982571926166,9719.732557167034,9719.732557167034,4859700
2026-04-24,9670.267578125,9892.85685741688,9521.874725263746,9843.392573129795,3932100
2026-04-27,9793.9287109375,9818.660854146938,9645.535851680872,9695.000138099747,3716300
2026-04-28,9571.3388671875,9793.928143168605,9546.606725411822,9793.928143168605,5098800
2026-04-29,9571.3388671875,9670.267434290214,9422.946016533431,9620.803150738857,5279900
2026-04-30,9645.5361328125,9892.857572115385,9472.411125300481,9571.339701021634,8778500
2026-05-04,9645.5361328125,10016.518291766826,9546.607557091345,9868.125428185096,7757600
2026-05-05,9225.0888671875,9744.46384362433,9200.356725452413,9645.535276683982,8707300
2026-05-06,9398.2138671875,9472.41029245477,9051.963882606908,9225.088874897205,7639800
2026-05-07,9348.75,9398.214285714286,9126.160714285714,9398.214285714286,12399300
2026-05-08,9051.9638671875,9398.213851178278,8928.303158619365,9348.749567751025,11669800
2026-05-11,8903.5712890625,9150.89271375868,8680.982006835937,9051.964143880208,8363700
2026-05-12,8829.375,9076.69642857143,8582.053571428572,8977.767857142857,13392500
2026-05-13,8903.5712890625,8977.767716471353,8606.785579427084,8705.714149305555,6390400
2026-05-14,8903.5712890625,8903.5712890625,8903.5712890625,8903.5712890625,0
2026-05-15,8903.5712890625,8903.5712890625,8903.5712890625,8903.5712890625,0
2026-05-18,8483.125,8705.714285714286,8112.142857142858,8680.982142857143,18187700
2026-05-19,8235.8037109375,8532.589430250564,7963.750134900526,8507.857286974475,16299600
2026-05-20,7914.28564453125,8211.071356201172,7691.696360778808,8112.142785644532,20850600
2026-05-21,7840.08935546875,8136.8750723950125,7815.357212391562,8062.678643163446,6714000
2026-05-22,8013.21435546875,8136.875070830923,7568.035780164931,7815.357210889275,7495000
2026-05-25,7765.892578125,8186.338991590366,7642.231868282245,8136.8747076532645,7615500
2026-05-26,7691.6962890625,7914.285570739549,7642.2320042453775,7765.892716288183,4247300
2026-05-27,7691.6962890625,7691.6962890625,7691.6962890625,7691.6962890625,0
2026-05-28,7691.6962890625,7691.6962890625,7691.6962890625,7691.6962890625,0
2026-05-29,7592.767578125,7840.088997607899,7419.64258448697,7716.428287866449,28433300
2026-06-02,7666.96435546875,7691.696498550907,7394.9107815650195,7592.767926222278,4859900
2026-06-03,7073.392578125,7790.624692690122,6999.196152480332,7765.892550808567,10151000
2026-06-04,6974.46435546875,7172.321500304743,6504.553636483267,7073.392927886746,10208800
2026-06-05,6628.21435546875,7122.857217817164,6578.750069233909,7122.857217817164,5154500
2026-06-08,6430.35693359375,6677.678354116587,6183.035513070913,6628.214070012019,6729200
2026-06-09,7246.517578125,7345.446145744454,6380.892611454778,6430.356895264505,7780900
2026-06-10,7840.08935546875,8532.589361630027,7023.9286339215305,7246.517921616227,12874800
2026-06-11,7469.10693359375,7889.553350385451,7345.446222772662,7864.821208221234,6418000
2026-06-12,7617.5,7716.428571428572,7493.839285714286,7543.303571428572,5343300
2026-06-15,7642.23193359375,7914.285497572815,7518.571222694175,7815.356928853155,5523600
2026-06-17,7568.03564453125,7815.357070823121,7493.839216643689,7642.232072418812,2246100
2026-06-18,7716.4287109375,7765.892997546073,7394.9108479817705,7543.303707807491,2525600
2026-06-19,7394.91064453125,7765.892783889005,7394.91064453125,7765.892783889005,43097800
2026-06-22,7320.71435546875,7518.571500211148,7271.25006928315,7271.25006928315,1629800
2026-06-23,7197.0537109375,7370.1787142933845,7122.857280927835,7345.446570956829,3261200
2026-06-24,6999.1962890625,7320.71413979682,6999.1962890625,7320.71413979682,4167800
2026-06-25,7122.85693359375,7518.571207682292,6999.196222941081,6999.196222941081,8583400
2026-06-26,7098.125,7271.25,7023.928571428572,7147.589285714286,3049400
2026-06-29,6999.1962890625,7147.58914324757,6924.9998619699645,7122.857000883392,1969500
2026-06-30,6999.1962890625,7122.857000883392,6801.339150149072,6999.1962890625,15189500
2026-07-01,6925.0,7098.125,6875.535714285715,7098.125,2489900
2026-07-02,6950.0,7125.0,6875.0,6975.0,2328200
2026-07-03,7075.0,7125.0,6925.0,6950.0,2504000
2026-07-06,7075.0,7175.0,7000.0,7075.0,1876900
2026-07-07,7425.0,7450.0,7075.0,7125.0,4501500
2026-07-08,7075.0,7400.0,7050.0,7400.0,2834800
2026-07-09,7275.0,7375.0,7050.0,7175.0,2479400
2026-07-10,7325.0,7425.0,7225.0,7250.0,1647500
2026-07-13,7375.0,7375.0,7275.0,7325.0,1967000
2026-07-14,7450.0,7550.0,7375.0,7450.0,2044100
2026-07-15,7425.0,7525.0,7300.0,7450.0,2651900
2026-07-16,7800.0,7900.0,7375.0,7425.0,5480000
2026-07-17,7625.0,7850.0,7625.0,7825.0,3942600
2026-07-20,7800.0,7850.0,7625.0,7625.0,3873800
2026-07-21,7875.0,7925.0,7700.0,7825.0,5169500
2026-07-22,7875.0,7975.0,7800.0,7875.0,3954200
2026-07-23,7725.0,8075.0,7675.0,7875.0,6233600
2026-07-24,7675.0,7750.0,7550.0,7700.0,3926300
2026-07-27,7950.0,8175.0,7600.0,7600.0,6275300
2026-07-28,8000.0,8300.0,7975.0,8150.0,5275400
2026-07-29,7925.0,8100.0,7800.0,8000.0,3569700
2026-07-30,8225.0,8250.0,7900.0,7900.0,3570100
2026-07-31,8400.0,8400.0,8125.0,8250.0,5261800
2026-08-03,8475.0,8825.0,8400.0,8700.0,9811500
2026-08-04,8500.0,8575.0,8350.0,8550.0,4731300
2026-08-05,8375.0,8550.0,8325.0,8525.0,2785000
2026-08-06,8300.0,8475.0,8250.0,8400.0,5760200
2026-08-07,8325.0,8400.0,8300.0,8400.0,2500200
2026-08-10,8375.0,8475.0,8375.0,8400.0,2975300
2026-08-11,8300.0,8575.0,8150.0,8375.0,8141400
2026-08-12,8425.0,8575.0,8250.0,8300.0,5538700
2026-08-13,8475.0,8500.0,8325.0,8450.0,2034800
2026-08-14,8500.0,8575.0,8400.0,8475.0,2491000
2026-08-18,8725.0,8750.0,8450.0,8500.0,6461900
2026-08-19,8625.0,8850.0,8625.0,8800.0,3749600
2026-08-20,8650.0,8750.0,8600.0,8675.0,1860100
2026-08-21,8750.0,8750.0,8500.0,8650.0,3903700
2026-08-24,8725.0,8775.0,8600.0,8750.0,4898100
2026-08-25,8725.0,8725.0,8725.0,8725.0,0
2026-08-26,8725.0,8850.0,8600.0,8725.0,4627700
2026-08-27,8800.0,8900.0,8500.0,8675.0,3397000
2026-08-28,8850.0,8875.0,8775.0,8875.0,2234900
2026-08-31,8800.0,8875.0,8600.0,8850.0,10221500
2026-09-01,9000.0,9000.0,8700.0,8725.0,3175300
2026-09-02,8825.0,8975.0,8750.0,8975.0,2391800
2026-09-03,8900.0,8975.0,8750.0,8825.0,4411600
2026-09-04,8800.0,9125.0,8800.0,8950.0,7038400
2026-09-07,9100.0,9125.0,8825.0,8900.0,2582800
