date,Close,High,Low,Open,Volume
2018-06-01,215.86013793945312,215.86013793945312,215.86013793945312,215.86013793945312,0
2018-06-04,213.87977600097656,217.84051259358725,203.9779345194499,215.86014429728192,17855600
2018-06-05,215.86013793945312,215.86013793945312,207.9386649875466,213.87976970147648,18139600
2018-06-06,211.89939880371094,215.86013522994853,211.89939880371094,215.86013522994853,19342200
2018-06-07,211.89939880371094,215.86013522994853,205.95829416435456,215.86013522994853,28717800
2018-06-08,209.91903686523438,213.87977340986143,201.99756377598024,211.89940513754792,20948300
2018-06-11,209.91903686523438,209.91903686523438,209.91903686523438,209.91903686523438,0
2018-06-12,209.91903686523438,209.91903686523438,209.91903686523438,209.91903686523438,0
2018-06-13,209.91903686523438,209.91903686523438,209.91903686523438,209.91903686523438,0
2018-06-14,209.91903686523438,209.91903686523438,209.91903686523438,209.91903686523438,0
2018-06-15,209.91903686523438,209.91903686523438,209.91903686523438,209.91903686523438,0
2018-06-18,209.91903686523438,209.91903686523438,209.91903686523438,209.91903686523438,0
2018-06-19,209.91903686523438,209.91903686523438,209.91903686523438,209.91903686523438,0
2018-06-20,209.91903686523438,215.86014168217497,205.95830032060732,207.93866859292083,4736300
2018-06-21,209.91903686523438,213.87977340986143,205.95830032060732,207.93866859292083,2186700
2018-06-22,209.91903686523438,209.91903686523438,205.95830032060732,207.93866859292083,855300
2018-06-25,209.91903686523438,213.87977340986143,203.97793204829378,207.93866859292083,3174200
2018-06-26,209.91903686523438,209.91903686523438,205.95830032060732,209.91903686523438,1760800
2018-06-27,209.91903686523438,209.91903686523438,207.93866859292083,209.91903686523438,1066800
2018-06-28,209.91903686523438,209.91903686523438,203.97793204829378,207.93866859292083,4404100
2018-06-29,211.89939880371094,211.89939880371094,205.95829416435456,207.93866237747335,1688600
2018-07-02,207.93865966796875,213.8797642299107,205.95829148065476,209.91902785528274,6921800
2018-07-03,207.93865966796875,209.91902785528274,205.95829148065476,209.91902785528274,7175500
2018-07-04,207.93865966796875,209.91902785528274,203.97792329334075,207.93865966796875,13478200
2018-07-05,209.91903686523438,211.89940513754792,207.93866859292083,207.93866859292083,13457700
2018-07-06,209.91903686523438,213.87977340986143,207.93866859292083,209.91903686523438,1532300
2018-07-09,211.89939880371094,213.87976701682973,207.93866237747335,211.89939880371094,5385100
2018-07-10,213.87977600097656,219.82088088989258,209.9190394083659,211.89940770467123,5895100
2018-07-11,217.84051513671875,217.84051513671875,211.8994101784446,213.87977849786932,2342700
2018-07-12,225.76197814941406,225.76197814941406,215.86013700250993,217.84050523189077,3058500
2018-07-13,221.80123901367188,225.7619754246303,219.82087080819267,223.78160721915108,1764700
2018-07-16,217.84051513671875,221.80125177556818,215.86014681729404,219.82088345614346,688900
2018-07-17,217.84051513671875,217.84051513671875,215.86014681729404,215.86014681729404,873700
2018-07-18,215.86013793945312,217.84050617742975,205.95829674956994,213.87976970147648,5028400
2018-07-19,215.86013793945312,217.84050617742975,213.87976970147648,215.86013793945312,1883900
2018-07-20,217.84051513671875,221.80125177556818,213.87977849786932,215.86014681729404,3277100
2018-07-23,217.84051513671875,219.82088345614346,213.87977849786932,217.84051513671875,1058600
2018-07-24,217.84051513671875,217.84051513671875,215.86014681729404,215.86014681729404,587200
2018-07-25,217.84051513671875,217.84051513671875,213.87977849786932,215.86014681729404,3460300
2018-07-26,217.84051513671875,217.84051513671875,215.86014681729404,217.84051513671875,485400
2018-07-27,217.84051513671875,217.84051513671875,213.87977849786932,217.84051513671875,3531500
2018-07-30,217.84051513671875,221.80125177556818,215.86014681729404,217.84051513671875,180300
2018-07-31,217.84051513671875,217.84051513671875,215.86014681729404,217.84051513671875,542800
2018-08-01,217.84051513671875,217.84051513671875,213.87977849786932,217.84051513671875,1513900
2018-08-02,217.84051513671875,221.80125177556818,215.86014681729404,219.82088345614346,312000
2018-08-03,217.84051513671875,225.7619884144176,215.86014681729404,217.84051513671875,1980200
2018-08-06,217.84051513671875,219.82088345614346,217.84051513671875,217.84051513671875,56900
2018-08-07,217.84051513671875,217.84051513671875,215.86014681729404,217.84051513671875,340600
2018-08-08,217.84051513671875,217.84051513671875,213.87977849786932,217.84051513671875,842800
2018-08-09,215.86013793945312,221.801242653383,211.89940146349986,219.8208744154064,28750000
2018-08-10,215.86013793945312,215.86013793945312,213.87976970147648,215.86013793945312,2605600
2018-08-13,215.86013793945312,221.801242653383,211.89940146349986,215.86013793945312,1444800
2018-08-14,213.87977600097656,215.86014429728192,209.9190394083659,213.87977600097656,1863700
2018-08-15,213.87977600097656,213.87977600097656,209.9190394083659,213.87977600097656,1840800
2018-08-16,211.89939880371094,213.87976701682973,209.91903059059214,213.87976701682973,1698800
2018-08-17,211.89939880371094,211.89939880371094,211.89939880371094,211.89939880371094,0
2018-08-20,213.87977600097656,215.86014429728192,209.9190394083659,211.89940770467123,145300
2018-08-21,213.87977600097656,215.86014429728192,209.9190394083659,213.87977600097656,729100
2018-08-22,213.87977600097656,213.87977600097656,213.87977600097656,213.87977600097656,0
2018-08-23,211.89939880371094,211.89939880371094,207.93866237747335,211.89939880371094,2645000
2018-08-24,211.89939880371094,211.89939880371094,207.93866237747335,211.89939880371094,955900
2018-08-27,211.89939880371094,211.89939880371094,207.93866237747335,209.91903059059214,1032600
2018-08-28,211.89939880371094,213.87976701682973,209.91903059059214,211.89939880371094,227500
2018-08-29,209.91903686523438,211.89940513754792,207.93866859292083,211.89940513754792,35917700
2018-08-30,209.91903686523438,211.89940513754792,207.93866859292083,209.91903686523438,46145900
2018-08-31,209.91903686523438,209.91903686523438,207.93866859292083,209.91903686523438,27198200
2018-09-03,207.93865966796875,211.89939604259672,207.93865966796875,209.91902785528274,163900
2018-09-04,207.93865966796875,209.91902785528274,205.95829148065476,207.93865966796875,2796100
2018-09-05,205.9582977294922,207.93866597689117,200.01719298729532,207.93866597689117,1921200
2018-09-06,205.9582977294922,207.93866597689117,203.97792948209323,205.9582977294922,3143000
2018-09-07,205.9582977294922,207.93866597689117,203.97792948209323,205.9582977294922,464500
2018-09-10,207.93865966796875,207.93865966796875,205.95829148065476,205.95829148065476,160100
2018-09-11,207.93865966796875,207.93865966796875,207.93865966796875,207.93865966796875,0
2018-09-12,211.89939880371094,213.87976701682973,207.93866237747335,209.91903059059214,2949300
2018-09-13,211.89939880371094,211.89939880371094,207.93866237747335,211.89939880371094,13880500
2018-09-14,211.89939880371094,211.89939880371094,207.93866237747335,211.89939880371094,19870600
2018-09-17,211.89939880371094,211.89939880371094,207.93866237747335,209.91903059059214,23912800
2018-09-18,211.89939880371094,211.89939880371094,207.93866237747335,211.89939880371094,27496800
2018-09-19,209.91903686523438,213.87977340986143,207.93866859292083,211.89940513754792,31681900
2018-09-20,209.91903686523438,209.91903686523438,205.95830032060732,209.91903686523438,57062100
2018-09-21,211.89939880371094,211.89939880371094,207.93866237747335,209.91903059059214,11068100
2018-09-24,209.91903686523438,211.89940513754792,207.93866859292083,211.89940513754792,10326500
2018-09-25,209.91903686523438,211.89940513754792,207.93866859292083,211.89940513754792,27576800
2018-09-26,211.89939880371094,211.89939880371094,207.93866237747335,207.93866237747335,665800
2018-09-27,215.86013793945312,215.86013793945312,207.9386649875466,211.89940146349986,1594500
2018-09-28,215.86013793945312,215.86013793945312,209.9190332255232,215.86013793945312,1435800
2018-10-01,213.87977600097656,215.86014429728192,213.87977600097656,215.86014429728192,416000
2018-10-02,211.89939880371094,217.84050344306732,209.91903059059214,213.87976701682973,786900
2018-10-03,213.87977600097656,215.86014429728192,209.9190394083659,211.89940770467123,480100
2018-10-04,209.91903686523438,211.89940513754792,203.97793204829378,211.89940513754792,16155400
2018-10-05,213.87977600097656,213.87977600097656,207.93867111206055,209.9190394083659,1546300
2018-10-08,209.91903686523438,213.87977340986143,207.93866859292083,213.87977340986143,2325300
2018-10-09,207.93865966796875,211.89939604259672,207.93865966796875,209.91902785528274,1992900
2018-10-10,207.93865966796875,211.89939604259672,205.95829148065476,207.93865966796875,3640000
2018-10-11,207.93865966796875,209.91902785528274,200.01718691871278,205.95829148065476,18084700
2018-10-12,207.93865966796875,209.91902785528274,201.99755510602677,209.91902785528274,10024100
2018-10-15,209.91903686523438,209.91903686523438,205.95830032060732,207.93866859292083,3490800
2018-10-16,211.89939880371094,211.89939880371094,207.93866237747335,207.93866237747335,11605000
2018-10-17,211.89939880371094,213.87976701682973,207.93866237747335,211.89939880371094,20835100
2018-10-18,215.86013793945312,215.86013793945312,209.9190332255232,213.87976970147648,322500
2018-10-19,213.87977600097656,215.86014429728192,207.93867111206055,215.86014429728192,11525900
2018-10-22,211.89939880371094,213.87976701682973,207.93866237747335,213.87976701682973,11086300
2018-10-23,213.87977600097656,213.87977600097656,207.93867111206055,209.9190394083659,10441600
2018-10-24,211.89939880371094,213.87976701682973,207.93866237747335,211.89939880371094,10282100
2018-10-25,215.86013793945312,215.86013793945312,209.9190332255232,211.89940146349986,1067000
2018-10-26,209.91903686523438,215.86014168217497,207.93866859292083,215.86014168217497,11099900
2018-10-29,213.87977600097656,213.87977600097656,209.9190394083659,211.89940770467123,868900
2018-10-30,213.87977600097656,215.86014429728192,209.9190394083659,211.89940770467123,1175400
2018-10-31,219.8208770751953,219.8208770751953,211.8994040274405,213.87977228937922,3536400
2018-11-01,217.84051513671875,219.82088345614346,213.87977849786932,219.82088345614346,692500
2018-11-02,217.84051513671875,217.84051513671875,213.87977849786932,217.84051513671875,874500
2018-11-05,215.86013793945312,217.84050617742975,213.87976970147648,217.84050617742975,241100
2018-11-06,213.87977600097656,217.84051259358725,213.87977600097656,213.87977600097656,511800
2018-11-07,217.84051513671875,217.84051513671875,213.87977849786932,215.86014681729404,1553800
2018-11-08,221.80123901367188,227.7423436301095,213.879766191755,217.84050260271343,9366100
2018-11-09,221.80123901367188,225.7619754246303,219.82087080819267,223.78160721915108,1624100
2018-11-12,221.80123901367188,223.78160721915108,221.80123901367188,221.80123901367188,4274000
2018-11-13,223.7816162109375,227.74235278104257,221.80124792588495,221.80124792588495,7515800
2018-11-14,223.7816162109375,227.74235278104257,223.7816162109375,225.76198449599002,4790800
2018-11-15,227.7423553466797,227.7423553466797,225.76198703931726,225.76198703931726,4135500
2018-11-16,233.68345642089844,235.6638246956518,223.78161504713157,229.7227198713917,9433500
2018-11-19,235.663818359375,235.663818359375,231.7030819163603,233.68345013786765,2365600
2018-11-20,235.663818359375,235.663818359375,235.663818359375,235.663818359375,0
2018-11-21,237.64419555664062,237.64419555664062,231.7030906677246,233.68345896402997,2469100
2018-11-22,237.64419555664062,239.62456385294598,237.64419555664062,237.64419555664062,1632700
2018-11-23,233.68345642089844,239.62456124515856,233.68345642089844,237.6441929704052,170292500
2018-11-26,231.7030792236328,241.60492021609573,231.7030792236328,237.64418381911057,6761100
2018-11-27,231.7030792236328,235.66381562061798,231.7030792236328,231.7030792236328,11432800
2018-11-28,235.663818359375,235.663818359375,231.7030819163603,231.7030819163603,27977200
2018-11-29,241.6049346923828,241.6049346923828,233.6834614237801,235.66382974093077,6927800
2018-11-30,241.6049346923828,243.58530300953348,235.66382974093077,241.6049346923828,75427800
2018-12-03,245.56565856933594,245.56565856933594,235.66381749799174,241.60492214079827,2288200
2018-12-04,241.6049346923828,245.56567132668417,239.62456637523212,245.56567132668417,2700800
2018-12-05,237.64419555664062,239.62456385294598,235.6638272603353,239.62456385294598,24290500
2018-12-06,239.6245574951172,239.6245574951172,235.66382100759458,237.6441892513559,1522900
2018-12-07,237.64419555664062,239.62456385294598,235.6638272603353,237.64419555664062,22453400
2018-12-10,237.64419555664062,239.62456385294598,225.7619857788086,237.64419555664062,13674500
2018-12-11,239.6245574951172,239.6245574951172,233.6834527638333,237.6441892513559,4349700
2018-12-12,239.6245574951172,239.6245574951172,235.66382100759458,237.6441892513559,1269000
2018-12-13,245.56565856933594,245.56565856933594,239.62455392652942,239.62455392652942,3661700
2018-12-14,247.54603576660156,247.54603576660156,241.60493090820313,245.56566748046873,4072300
2018-12-17,247.54603576660156,247.54603576660156,243.58529919433593,247.54603576660156,8243200
2018-12-18,247.54603576660156,249.52640405273436,243.58529919433593,245.56566748046873,11522100
2018-12-19,251.50677490234375,253.48714320866142,245.56566998339076,249.52640659602608,16047600
2018-12-20,253.4871368408203,253.4871368408203,247.5460320711136,251.5067685842514,9722600
2018-12-21,257.4478759765625,257.4478759765625,249.52640286959132,253.4871394230769,6256200
2018-12-24,257.4478759765625,257.4478759765625,257.4478759765625,257.4478759765625,0
2018-12-25,257.4478759765625,257.4478759765625,257.4478759765625,257.4478759765625,0
2018-12-26,261.4085998535156,263.3889680342241,253.4871271306818,257.4478634920987,4262700
2018-12-27,265.3693542480469,267.34972256333083,261.408617617479,263.388985932763,4901800
2018-12-28,273.29083251953125,273.29083251953125,261.40862240998644,265.369359113168,13786900
2018-12-31,273.29083251953125,273.29083251953125,273.29083251953125,273.29083251953125,0
2019-01-01,273.29083251953125,273.29083251953125,273.29083251953125,273.29083251953125,0
2019-01-02,265.3693542480469,279.2319324550344,265.3693542480469,273.29082750918263,5097000
2019-01-03,261.4085998535156,265.3693362149325,259.42823167280716,263.3889680342241,1992600
2019-01-04,257.4478759765625,261.40861253004806,257.4478759765625,261.40861253004806,3567300
2019-01-07,259.4282531738281,269.33009489802004,257.44788482898974,257.44788482898974,1622700
2019-01-08,261.4085998535156,265.3693362149325,257.4478634920987,259.42823167280716,569200
2019-01-09,265.3693542480469,273.29082750918263,261.408617617479,261.408617617479,895100
2019-01-10,267.3497009277344,269.3300690827546,265.36933277271413,265.36933277271413,969500
2019-01-11,269.330078125,271.3104463465074,265.3693416819853,269.330078125,890900
2019-01-14,269.330078125,271.3104463465074,267.3497099034927,269.330078125,1111900
2019-01-15,269.330078125,269.330078125,267.3497099034927,269.330078125,1373100
2019-01-16,269.330078125,271.3104463465074,267.3497099034927,269.330078125,1367200
2019-01-17,269.330078125,273.2908145680147,269.330078125,269.330078125,889700
2019-01-18,267.3497009277344,271.31043723777486,267.3497009277344,269.3300690827546,5940800
2019-01-21,261.4085998535156,269.33007257634944,257.4478634920987,269.33007257634944,12438600
2019-01-22,259.4282531738281,261.4086215186665,255.46751648415136,261.4086215186665,5607600
2019-01-23,259.4282531738281,267.34972655318165,255.46751648415136,261.4086215186665,8060800
2019-01-24,257.4478759765625,259.42824425330525,255.4675076998197,257.4478759765625,5360900
2019-01-25,257.4478759765625,259.42824425330525,249.52640286959132,257.4478759765625,11396900
2019-01-28,255.46749877929688,259.4282351944798,251.50676236411397,259.4282351944798,9257300
2019-01-29,255.46749877929688,257.4478669868883,251.50676236411397,253.48713057170542,8002600
2019-01-30,257.4478759765625,257.4478759765625,251.50677114633413,255.4675076998197,11922100
2019-01-31,257.4478759765625,263.38898080679087,255.4675076998197,255.4675076998197,23851100
2019-02-01,255.46749877929688,259.4282351944798,253.48713057170542,257.4478669868883,9039500
2019-02-04,257.4478759765625,261.40861253004806,249.52640286959132,257.4478759765625,60145400
2019-02-05,257.4478759765625,257.4478759765625,257.4478759765625,257.4478759765625,0
2019-02-06,259.4282531738281,259.4282531738281,253.48714813931298,259.4282531738281,6620600
2019-02-07,259.4282531738281,261.4086215186665,257.44788482898974,259.4282531738281,1766400
2019-02-08,259.4282531738281,259.4282531738281,257.44788482898974,259.4282531738281,2264000
2019-02-11,259.4282531738281,259.4282531738281,257.44788482898974,259.4282531738281,772300
2019-02-12,257.4478759765625,261.40861253004806,255.4675076998197,259.42824425330525,1872500
2019-02-13,255.46749877929688,257.4478669868883,249.5263941565225,255.46749877929688,9781500
2019-02-14,255.46749877929688,257.4478669868883,249.5263941565225,255.46749877929688,6305500
2019-02-15,255.46749877929688,255.46749877929688,249.5263941565225,255.46749877929688,2655200
2019-02-18,255.46749877929688,257.4478669868883,253.48713057170542,257.4478669868883,1306700
2019-02-19,255.46749877929688,255.46749877929688,251.50676236411397,255.46749877929688,7718400
2019-02-20,255.46749877929688,255.46749877929688,253.48713057170542,255.46749877929688,344900
2019-02-21,253.4871368408203,255.46750509738922,249.5264003276825,255.46750509738922,2081200
2019-02-22,253.4871368408203,255.46750509738922,249.5264003276825,253.4871368408203,1214100
2019-02-25,253.4871368408203,255.46750509738922,249.5264003276825,253.4871368408203,1424000
2019-02-26,247.54603576660156,253.487140625,245.56566748046873,253.487140625,25591500
2019-02-27,243.58529663085938,247.54603316144244,237.64419183498475,245.5656648961509,38666600
2019-02-28,243.58529663085938,245.5656648961509,237.64419183498475,243.58529663085938,7987800
2019-03-01,249.52639770507812,249.52639770507812,237.64418829055057,237.64418829055057,5715600
2019-03-04,245.56565856933594,251.50676321214243,243.5852903550671,251.50676321214243,12708400
2019-03-05,245.56565856933594,253.48713142641128,243.5852903550671,247.54602678360476,2967100
2019-03-06,247.54603576660156,249.52640405273436,237.6441943359375,245.56566748046873,14901700
2019-03-07,247.54603576660156,247.54603576660156,247.54603576660156,247.54603576660156,0
2019-03-08,247.54603576660156,249.52640405273436,243.58529919433593,247.54603576660156,16096700
2019-03-11,247.54603576660156,247.54603576660156,245.56566748046873,245.56566748046873,8132700
2019-03-12,247.54603576660156,247.54603576660156,245.56566748046873,247.54603576660156,5756000
2019-03-13,245.56565856933594,247.54602678360476,235.66381749799174,239.62455392652942,15440000
2019-03-14,247.54603576660156,247.54603576660156,245.56566748046873,247.54603576660156,5549800
2019-03-15,245.56565856933594,247.54602678360476,245.56565856933594,245.56565856933594,3156500
2019-03-18,245.56565856933594,247.54602678360476,243.5852903550671,247.54602678360476,2508800
2019-03-19,245.56565856933594,247.54602678360476,241.60492214079827,247.54602678360476,8513500
2019-03-20,243.58529663085938,245.5656648961509,243.58529663085938,245.5656648961509,13011900
2019-03-21,245.56565856933594,247.54602678360476,243.5852903550671,245.56565856933594,18837700
2019-03-22,247.54603576660156,247.54603576660156,245.56566748046873,245.56566748046873,7050800
2019-03-25,245.56565856933594,245.56565856933594,243.5852903550671,245.56565856933594,14327300
2019-03-26,243.58529663085938,245.5656648961509,241.60492836556782,245.5656648961509,25770200
2019-03-27,241.6049346923828,243.58530300953348,239.62456637523212,243.58530300953348,27314000
2019-03-28,243.58529663085938,247.54603316144244,239.62456010027628,241.60492836556782,22915100
2019-03-29,241.6049346923828,247.54603964383483,237.64419805808146,247.54603964383483,39377700
2019-04-01,239.6245574951172,241.60492573887848,237.6441892513559,239.6245574951172,15306600
2019-04-02,241.6049346923828,241.6049346923828,237.64419805808146,237.64419805808146,12057100
2019-04-03,241.6049346923828,241.6049346923828,241.6049346923828,241.6049346923828,0
2019-04-04,241.6049346923828,247.54603964383483,239.62456637523212,243.58530300953348,13229000
2019-04-05,243.58529663085938,243.58529663085938,233.68345530440166,243.58529663085938,23758200
2019-04-08,243.58529663085938,243.58529663085938,239.62456010027628,241.60492836556782,8832200
2019-04-09,243.58529663085938,243.58529663085938,239.62456010027628,239.62456010027628,6324700
2019-04-10,243.58529663085938,243.58529663085938,239.62456010027628,241.60492836556782,30580800
2019-04-11,243.58529663085938,247.54603316144244,241.60492836556782,243.58529663085938,5937200
2019-04-12,243.58529663085938,243.58529663085938,241.60492836556782,241.60492836556782,2118400
2019-04-15,245.56565856933594,245.56565856933594,241.60492214079827,243.5852903550671,337900
2019-04-16,247.54603576660156,247.54603576660156,243.58529919433593,243.58529919433593,453600
2019-04-17,247.54603576660156,247.54603576660156,247.54603576660156,247.54603576660156,0
2019-04-18,247.54603576660156,249.52640405273436,243.58529919433593,247.54603576660156,2959500
2019-04-19,247.54603576660156,247.54603576660156,247.54603576660156,247.54603576660156,0
2019-04-22,245.56565856933594,251.50676321214243,245.56565856933594,247.54602678360476,1487500
2019-04-23,247.54603576660156,247.54603576660156,241.60493090820313,245.56566748046873,691600
2019-04-24,241.6049346923828,247.54603964383483,241.6049346923828,245.56567132668417,1533800
2019-04-25,245.56565856933594,247.54602678360476,241.60492214079827,243.5852903550671,150100
2019-04-26,247.54603576660156,247.54603576660156,243.58529919433593,243.58529919433593,816600
2019-04-29,247.54603576660156,247.54603576660156,239.6245626220703,245.56566748046873,1697500
2019-04-30,247.54603576660156,247.54603576660156,241.60493090820313,247.54603576660156,4491500
2019-05-01,247.54603576660156,247.54603576660156,247.54603576660156,247.54603576660156,0
2019-05-02,245.56565856933594,249.5263949978736,241.60492214079827,247.54602678360476,7334800
2019-05-03,251.50677490234375,251.50677490234375,243.5853016770731,245.56566998339076,42060000
2019-05-06,251.50677490234375,257.44787982129674,247.5460382897084,249.52640659602608,11060500
2019-05-07,251.50677490234375,253.48714320866142,247.5460382897084,251.50677490234375,8711400
2019-05-08,251.50677490234375,251.50677490234375,247.5460382897084,249.52640659602608,8132800
2019-05-09,251.50677490234375,253.48714320866142,249.52640659602608,251.50677490234375,4465500
2019-05-10,251.50677490234375,251.50677490234375,245.56566998339076,251.50677490234375,6824500
2019-05-13,249.52639770507812,251.5067659408327,247.5460294693235,251.5067659408327,10776000
2019-05-14,247.54603576660156,249.52640405273436,245.56566748046873,249.52640405273436,5175000
2019-05-15,247.54603576660156,251.5067723388672,247.54603576660156,249.52640405273436,10447500
2019-05-16,247.54603576660156,249.52640405273436,245.56566748046873,249.52640405273436,12257900
2019-05-17,247.54603576660156,249.52640405273436,245.56566748046873,247.54603576660156,8146100
2019-05-20,247.54603576660156,249.52640405273436,243.58529919433593,247.54603576660156,7900500
2019-05-21,247.54603576660156,249.52640405273436,247.54603576660156,247.54603576660156,16187100
2019-05-22,247.54603576660156,249.52640405273436,245.56566748046873,247.54603576660156,1644800
2019-05-23,255.46749877929688,257.4478669868883,247.5460259489311,247.5460259489311,1843200
2019-05-24,261.4085998535156,265.3693362149325,247.54602258855647,255.46749531139025,3593000
2019-05-27,257.4478759765625,267.34971736027643,255.4675076998197,261.40861253004806,1593900
2019-05-28,261.4085998535156,265.3693362149325,257.4478634920987,259.42823167280716,820000
2019-05-29,261.4085998535156,271.3104407570579,257.4478634920987,263.3889680342241,2735800
2019-05-30,261.4085998535156,261.4085998535156,261.4085998535156,261.4085998535156,0
2019-05-31,267.3497009277344,267.3497009277344,261.4085964626736,265.36933277271413,708000
2019-06-03,267.3497009277344,267.3497009277344,267.3497009277344,267.3497009277344,0
2019-06-04,267.3497009277344,267.3497009277344,267.3497009277344,267.3497009277344,0
2019-06-05,267.3497009277344,267.3497009277344,267.3497009277344,267.3497009277344,0
2019-06-06,267.3497009277344,267.3497009277344,267.3497009277344,267.3497009277344,0
2019-06-07,267.3497009277344,267.3497009277344,267.3497009277344,267.3497009277344,0
2019-06-10,267.3497009277344,269.3300690827546,265.36933277271413,269.3300690827546,1286400
2019-06-11,269.330078125,271.3104463465074,265.3693416819853,269.330078125,1614900
2019-06-12,277.2515563964844,277.2515563964844,267.34971509660994,273.2908198765346,4254300
2019-06-13,279.23193359375,279.23193359375,277.2515652703901,277.2515652703901,3203500
2019-06-14,279.23193359375,283.19267024046985,277.2515652703901,281.2123019171099,4219300
2019-06-17,279.23193359375,281.2123019171099,279.23193359375,279.23193359375,1432400
2019-06-18,279.23193359375,281.2123019171099,277.2515652703901,279.23193359375,394900
2019-06-19,281.2122802734375,281.2122802734375,279.2319121024978,279.2319121024978,2540700
2019-06-20,283.1926574707031,283.1926574707031,279.23192100258143,281.2122892366423,4080100
2019-06-21,283.1926574707031,285.173025704764,281.2122892366423,283.1926574707031,2545100
2019-06-24,289.1337585449219,289.1337585449219,281.21228570807466,283.19265391728646,6293300
2019-06-25,297.05523681640625,301.0159733072917,289.13376383463543,289.13376383463543,14418800
2019-06-26,301.0159606933594,301.0159606933594,295.07485620599044,297.0552243684468,20578600
2019-06-27,304.9767150878906,306.9570833676821,301.01597852830764,302.99634680809913,10483900
2019-06-28,312.898193359375,322.80003492138053,301.01598348496833,304.97672010977055,16051300
2019-07-01,310.9178161621094,316.8589209295382,308.9374479062998,312.89818441791897,68419600
2019-07-02,308.93743896484375,316.8589117588141,308.93743896484375,310.9178071633363,4809100
2019-07-03,312.898193359375,316.8589299841772,306.9570884221717,310.91782504697386,5769900
2019-07-04,312.898193359375,316.8589299841772,310.91782504697386,312.898193359375,3496600
2019-07-05,314.8785400390625,324.780380920794,310.9178036863699,312.8981718627162,12429200
2019-07-08,301.0159606933594,320.8196423179225,277.25154274388365,314.87853783055357,27051500
2019-07-09,301.0159606933594,301.0159606933594,301.0159606933594,301.0159606933594,0
2019-07-10,301.0159606933594,301.0159606933594,301.0159606933594,301.0159606933594,0
2019-07-11,301.0159606933594,301.0159606933594,301.0159606933594,301.0159606933594,0
2019-07-12,301.0159606933594,301.0159606933594,301.0159606933594,301.0159606933594,0
2019-07-15,301.0159606933594,301.0159606933594,301.0159606933594,301.0159606933594,0
2019-07-16,301.0159606933594,301.0159606933594,301.0159606933594,301.0159606933594,0
2019-07-17,301.0159606933594,301.0159606933594,301.0159606933594,301.0159606933594,0
2019-07-18,301.0159606933594,301.0159606933594,301.0159606933594,301.0159606933594,0
2019-07-19,304.9767150878906,312.89818820705665,293.0945054091417,295.07487368893317,16276100
2019-07-22,306.95709228515625,316.8589339717742,302.99635561050906,304.9767239478327,5220000
2019-07-23,304.9767150878906,312.89818820705665,301.01597852830764,306.9570833676821,11245800
2019-07-24,304.9767150878906,312.89818820705665,301.01597852830764,304.9767150878906,5450400
2019-07-25,304.9767150878906,304.9767150878906,301.01597852830764,302.99634680809913,2612900
2019-07-26,304.9767150878906,306.9570833676821,301.01597852830764,304.9767150878906,6697500
2019-07-29,304.9767150878906,312.89818820705665,302.99634680809913,308.9374516474736,5369200
2019-07-30,302.996337890625,306.9570743336397,302.996337890625,304.9767061121324,6077900
2019-07-31,304.9767150878906,304.9767150878906,301.01597852830764,304.9767150878906,5123200
2019-08-01,304.9767150878906,304.9767150878906,301.01597852830764,302.99634680809913,3115600
2019-08-02,304.9767150878906,304.9767150878906,301.01597852830764,302.99634680809913,2866600
2019-08-05,302.996337890625,304.9767061121324,299.0356014476103,304.9767061121324,4981600
2019-08-06,302.996337890625,302.996337890625,297.0552332261029,299.0356014476103,4777700
2019-08-07,301.0159606933594,304.976697018272,299.03559253090305,301.0159606933594,7455500
2019-08-08,302.996337890625,304.9767061121324,299.0356014476103,301.0159696691177,4502900
2019-08-09,302.996337890625,304.9767061121324,301.0159696691177,302.996337890625,3317800
2019-08-12,302.996337890625,304.9767061121324,301.0159696691177,304.9767061121324,1903600
2019-08-13,301.0159606933594,302.9963288558157,299.03559253090305,301.0159606933594,16002300
2019-08-14,301.0159606933594,302.9963288558157,297.0552243684468,301.0159606933594,14276600
2019-08-15,302.996337890625,304.9767061121324,297.0552332261029,299.0356014476103,4390300
2019-08-16,302.996337890625,304.9767061121324,301.0159696691177,302.996337890625,3270700
2019-08-19,304.9767150878906,304.9767150878906,302.99634680809913,302.99634680809913,2790100
2019-08-20,304.9767150878906,306.9570833676821,302.99634680809913,304.9767150878906,7691700
2019-08-21,304.9767150878906,304.9767150878906,301.01597852830764,304.9767150878906,2557100
2019-08-22,304.9767150878906,306.9570833676821,302.99634680809913,304.9767150878906,5256000
2019-08-23,306.95709228515625,306.95709228515625,302.99635561050906,304.9767239478327,3985600
2019-08-26,306.95709228515625,306.95709228515625,304.9767239478327,306.95709228515625,2908000
2019-08-27,306.95709228515625,306.95709228515625,302.99635561050906,304.9767239478327,5082000
2019-08-28,314.8785400390625,314.8785400390625,306.9570673336773,306.9570673336773,4264400
2019-08-29,312.898193359375,314.8785616717761,310.91782504697386,314.8785616717761,3467000
2019-08-30,314.8785400390625,314.8785400390625,310.9178036863699,312.8981718627162,3923900
2019-09-02,314.8785400390625,314.8785400390625,310.9178036863699,314.8785400390625,2191800
2019-09-03,314.8785400390625,314.8785400390625,310.9178036863699,314.8785400390625,3747700
2019-09-04,314.8785400390625,314.8785400390625,310.9178036863699,314.8785400390625,3088500
2019-09-05,314.8785400390625,314.8785400390625,312.8981718627162,314.8785400390625,2824000
2019-09-06,314.8785400390625,314.8785400390625,310.9178036863699,314.8785400390625,4804000
2019-09-09,314.8785400390625,314.8785400390625,306.9570673336773,314.8785400390625,2459600
2019-09-10,314.8785400390625,314.8785400390625,310.9178036863699,312.8981718627162,3663200
2019-09-11,314.8785400390625,314.8785400390625,312.8981718627162,314.8785400390625,3126800
2019-09-12,314.8785400390625,314.8785400390625,310.9178036863699,314.8785400390625,3445200
2019-09-13,312.898193359375,314.8785616717761,310.91782504697386,314.8785616717761,4601900
2019-09-16,314.8785400390625,314.8785400390625,310.9178036863699,312.8981718627162,3748500
2019-09-17,314.8785400390625,314.8785400390625,310.9178036863699,314.8785400390625,2916800
2019-09-18,314.8785400390625,314.8785400390625,310.9178036863699,314.8785400390625,3282900
2019-09-19,314.8785400390625,314.8785400390625,310.9178036863699,314.8785400390625,3300700
2019-09-20,312.898193359375,314.8785616717761,312.898193359375,312.898193359375,3431200
2019-09-23,314.8785400390625,314.8785400390625,310.9178036863699,314.8785400390625,4326800
2019-09-24,310.9178161621094,314.8785526737286,308.9374479062998,314.8785526737286,16294700
2019-09-25,310.9178161621094,312.89818441791897,308.9374479062998,310.9178161621094,4284300
2019-09-26,310.9178161621094,312.89818441791897,308.9374479062998,308.9374479062998,5669200
2019-09-27,312.898193359375,312.898193359375,308.9374567345728,310.91782504697386,4462000
2019-09-30,314.8785400390625,314.8785400390625,308.9374355100236,312.8981718627162,6737100
2019-10-01,314.8785400390625,314.8785400390625,312.8981718627162,314.8785400390625,3996500
2019-10-02,314.8785400390625,314.8785400390625,310.9178036863699,314.8785400390625,105703800
2019-10-03,312.898193359375,314.8785616717761,308.9374567345728,314.8785616717761,4738400
2019-10-04,312.898193359375,312.898193359375,308.9374567345728,312.898193359375,4034900
2019-10-07,310.9178161621094,312.89818441791897,308.9374479062998,312.89818441791897,5427100
2019-10-08,310.9178161621094,312.89818441791897,308.9374479062998,310.9178161621094,2885300
2019-10-09,312.898193359375,312.898193359375,310.91782504697386,310.91782504697386,581100
2019-10-10,310.9178161621094,312.89818441791897,308.9374479062998,312.89818441791897,7988900
2019-10-11,310.9178161621094,312.89818441791897,306.95707965049013,310.9178161621094,5929300
2019-10-14,310.9178161621094,312.89818441791897,306.95707965049013,310.9178161621094,5385400
2019-10-15,310.9178161621094,310.9178161621094,306.95707965049013,310.9178161621094,5164600
2019-10-16,308.93743896484375,312.8981753618289,306.95707076635114,310.9178071633363,8799000
2019-10-17,308.93743896484375,310.9178071633363,306.95707076635114,306.95707076635114,1427000
2019-10-18,308.93743896484375,310.9178071633363,306.95707076635114,308.93743896484375,67161300
2019-10-21,310.9178161621094,310.9178161621094,306.95707965049013,308.9374479062998,7268200
2019-10-22,308.93743896484375,310.9178071633363,306.95707076635114,308.93743896484375,10721000
2019-10-23,310.9178161621094,310.9178161621094,306.95707965049013,308.9374479062998,2284200
2019-10-24,308.93743896484375,310.9178071633363,308.93743896484375,308.93743896484375,5458000
2019-10-25,310.9178161621094,310.9178161621094,306.95707965049013,308.9374479062998,2237300
2019-10-28,312.898193359375,312.898193359375,308.9374567345728,308.9374567345728,3429500
2019-10-29,314.8785400390625,314.8785400390625,310.9178036863699,310.9178036863699,3440400
2019-10-30,314.8785400390625,314.8785400390625,310.9178036863699,314.8785400390625,5308200
2019-10-31,318.83929443359375,318.83929443359375,312.8981895683715,314.8785578567789,8961100
2019-11-01,318.83929443359375,322.8000310104086,312.8981895683715,318.83929443359375,2679900
2019-11-04,322.8000183105469,322.8000183105469,318.8392818895586,318.8392818895586,3443800
2019-11-05,322.8000183105469,322.8000183105469,318.8392818895586,320.81965010005274,5015800
2019-11-06,318.83929443359375,322.8000310104086,316.85892614518633,322.8000310104086,5729100
2019-11-07,318.83929443359375,320.81966272200117,314.8785578567789,318.83929443359375,4529800
2019-11-08,318.83929443359375,320.81966272200117,314.8785578567789,316.85892614518633,4906300
2019-11-11,318.83929443359375,322.8000310104086,316.85892614518633,316.85892614518633,4039200
2019-11-12,316.8589172363281,320.8196537017822,314.8785490036011,316.8589172363281,3371300
2019-11-13,318.83929443359375,318.83929443359375,314.8785578567789,316.85892614518633,3441700
2019-11-14,316.8589172363281,318.8392854690552,314.8785490036011,318.8392854690552,3442200
2019-11-15,316.8589172363281,318.8392854690552,314.8785490036011,316.8589172363281,3244300
2019-11-18,314.8785400390625,320.8196445681014,310.9178036863699,316.8589082154088,8048000
2019-11-19,318.83929443359375,320.81966272200117,314.8785578567789,314.8785578567789,2636200
2019-11-20,318.83929443359375,320.81966272200117,314.8785578567789,318.83929443359375,3485700
2019-11-21,318.83929443359375,320.81966272200117,316.85892614518633,316.85892614518633,2523700
2019-11-22,320.8196716308594,320.8196716308594,306.9570932270568,318.839303287459,11932800
2019-11-25,314.8785400390625,320.8196445681014,308.9374355100236,320.8196445681014,12873800
2019-11-26,312.898193359375,314.8785616717761,308.9374567345728,314.8785616717761,7322600
2019-11-27,310.9178161621094,312.89818441791897,304.97671139468054,312.89818441791897,12565500
2019-11-28,310.9178161621094,312.89818441791897,304.97671139468054,310.9178161621094,10223600
2019-11-29,312.898193359375,312.898193359375,302.99635179736947,310.91782504697386,17517400
2019-12-02,310.9178161621094,318.8392891853478,308.9374479062998,312.89818441791897,5488400
2019-12-03,312.898193359375,314.8785616717761,308.9374567345728,312.898193359375,3759100
2019-12-04,312.898193359375,314.8785616717761,306.9570884221717,312.898193359375,6859800
2019-12-05,310.9178161621094,314.8785526737286,306.95707965049013,314.8785526737286,10104800
2019-12-06,310.9178161621094,312.89818441791897,308.9374479062998,310.9178161621094,5036700
2019-12-09,306.95709228515625,314.87856563445064,302.99635561050906,314.87856563445064,11962800
2019-12-10,301.0159606933594,310.9178015056409,295.07485620599044,304.976697018272,20438900
2019-12-11,301.0159606933594,302.9963288558157,293.0944880435341,301.0159606933594,10344200
2019-12-12,297.05523681640625,302.99634155273435,295.07486857096353,302.99634155273435,6815600
2019-12-13,299.0356140136719,301.0159823183982,293.094509099493,301.0159823183982,7740600
2019-12-16,295.0748596191406,302.99633236059407,289.13375506305056,299.0355959898673,11035000
2019-12-17,295.0748596191406,297.055227804504,287.1533868776872,295.0748596191406,8484600
2019-12-18,293.0945129394531,302.996354592813,289.13377627810917,295.0748812701251,8984100
2019-12-19,291.1141357421875,297.05524055325253,283.19266266076744,297.05524055325253,11401800
2019-12-20,291.1141357421875,293.09450401254253,283.19266266076744,289.13376747183247,7955300
2019-12-23,297.05523681640625,301.0159733072917,287.1533955891927,293.0945003255208,3052700
2019-12-26,299.0356140136719,302.9963506231245,293.094509099493,301.0159823183982,1353200
2019-12-27,297.05523681640625,302.99634155273435,295.07486857096353,301.0159733072917,2400400
2019-12-30,289.1337585449219,301.01596780019264,289.1337585449219,297.05523138176903,5971200
2020-01-02,291.1141357421875,299.03560882360756,283.19266266076744,293.09450401254253,1592600
2020-01-03,291.1141357421875,293.09450401254253,291.1141357421875,291.1141357421875,820700
2020-01-06,295.0748596191406,295.0748596191406,291.11412324841393,291.11412324841393,468800
2020-01-07,293.0945129394531,297.0552496007971,289.13377627810917,295.0748812701251,723300
2020-01-08,291.1141357421875,297.05524055325253,287.15339920147744,291.1141357421875,1105400
2020-01-09,291.1141357421875,297.05524055325253,291.1141357421875,291.1141357421875,63000
2020-01-10,291.1141357421875,293.09450401254253,289.13376747183247,291.1141357421875,278100
2020-01-13,291.1141357421875,297.05524055325253,289.13376747183247,297.05524055325253,272200
2020-01-14,291.1141357421875,297.05524055325253,291.1141357421875,291.1141357421875,163700
2020-01-15,293.0945129394531,297.0552496007971,289.13377627810917,295.0748812701251,538200
2020-01-16,293.0945129394531,295.0748812701251,287.1534079474372,293.0945129394531,715000
2020-01-17,291.1141357421875,295.0748722828975,287.15339920147744,293.09450401254253,1237800
2020-01-20,289.1337585449219,293.0944949633454,289.1337585449219,291.1141267541337,559300
2020-01-21,291.1141357421875,295.0748722828975,289.13376747183247,289.13376747183247,928000
2020-01-22,291.1141357421875,295.0748722828975,289.13376747183247,291.1141357421875,772700
2020-01-23,293.0945129394531,293.0945129394531,289.13377627810917,293.0945129394531,1593300
2020-01-24,295.0748596191406,295.0748596191406,293.09449143377725,293.09449143377725,33700
2020-01-27,297.05523681640625,297.05523681640625,293.0945003255208,297.05523681640625,676400
2020-01-28,293.0945129394531,299.03561793146906,291.11414460878115,299.03561793146906,417600
2020-01-29,297.05523681640625,297.05523681640625,293.0945003255208,293.0945003255208,210800
2020-01-30,293.0945129394531,297.0552496007971,291.11414460878115,295.0748812701251,94800
2020-01-31,293.0945129394531,295.0748812701251,291.11414460878115,293.0945129394531,142700
2020-02-03,293.0945129394531,295.0748812701251,291.11414460878115,293.0945129394531,19700
2020-02-04,295.0748596191406,299.0355959898673,293.09449143377725,293.09449143377725,569400
2020-02-05,295.0748596191406,297.055227804504,291.11412324841393,297.055227804504,264100
2020-02-06,295.0748596191406,297.055227804504,291.11412324841393,293.09449143377725,60700
2020-02-07,295.0748596191406,295.0748596191406,291.11412324841393,295.0748596191406,351100
2020-02-10,289.1337585449219,293.0944949633454,289.1337585449219,293.0944949633454,323200
2020-02-11,293.0945129394531,295.0748812701251,289.13377627810917,291.11414460878115,510100
2020-02-12,291.1141357421875,295.0748722828975,289.13376747183247,293.09450401254253,515000
2020-02-13,291.1141357421875,295.0748722828975,289.13376747183247,291.1141357421875,224400
2020-02-14,289.1337585449219,291.1141267541337,289.1337585449219,291.1141267541337,198900
2020-02-17,291.1141357421875,291.1141357421875,287.15339920147744,291.1141357421875,180700
2020-02-18,289.1337585449219,291.1141267541337,285.17302212649827,291.1141267541337,508800
2020-02-19,291.1141357421875,291.1141357421875,287.15339920147744,289.13376747183247,471300
2020-02-20,289.1337585449219,291.1141267541337,281.21228570807466,291.1141267541337,214200
2020-02-21,285.17303466796875,289.13377126057946,277.25156148274743,289.13377126057946,2835400
2020-02-24,275.27117919921875,285.1730201776079,273.2908110035409,285.1730201776079,896400
2020-02-25,283.1926574707031,283.1926574707031,267.34971159821623,283.1926574707031,1044500
2020-02-26,283.1926574707031,289.1337621728857,267.34971159821623,283.1926574707031,1928000
2020-02-27,273.29083251953125,287.1534109806669,267.3497274647588,285.17304262907606,4023400
2020-02-28,273.29083251953125,283.19267427748525,269.3300958163496,269.3300958163496,5232700
2020-03-02,273.29083251953125,279.2319375743037,271.31046416794044,273.29083251953125,5047000
2020-03-03,283.1926574707031,283.1926574707031,267.34971159821623,277.2515527685205,4771100
2020-03-04,277.2515563964844,285.17302943638396,275.27118813650947,285.17302943638396,1269500
2020-03-05,277.2515563964844,277.2515563964844,271.3104516165597,277.2515563964844,1173400
2020-03-06,275.27117919921875,277.2515473948966,273.2908110035409,277.2515473948966,520400
2020-03-09,271.3104553222656,277.2515601833371,265.36935046119413,277.2515601833371,1223500
2020-03-10,271.3104553222656,275.27119189631327,267.3497187482179,273.2908236092895,1757000
2020-03-11,267.3497009277344,273.2908053927951,261.4085964626736,271.31043723777486,5056200
2020-03-12,261.4085998535156,267.34970439564097,247.54602258855647,267.34970439564097,2705500
2020-03-13,261.4085998535156,261.4085998535156,261.4085998535156,261.4085998535156,0
2020-03-16,261.4085998535156,261.4085998535156,261.4085998535156,261.4085998535156,0
2020-03-17,223.7816162109375,235.66382592125277,223.7816162109375,235.66382592125277,47200
2020-03-18,209.91903686523438,223.7816147714291,209.91903686523438,209.91903686523438,21207800
2020-03-19,196.05645751953125,227.74234964389996,196.05645751953125,225.7619813861269,30200
2020-03-20,183.18406677246094,194.07609236433697,183.18406677246094,194.07609236433697,2396000
2020-03-23,171.30184936523438,178.2331380678739,171.30184936523438,178.2331380678739,20400
2020-03-24,159.41964721679688,159.41964721679688,159.41964721679688,159.41964721679688,40600
2020-03-26,148.52761840820312,148.52761840820312,148.52761840820312,148.52761840820312,1019700
2020-03-27,138.6257781982422,140.60614645821707,138.6257781982422,140.60614645821707,1435900
2020-03-30,129.71412658691406,129.71412658691406,129.71412658691406,129.71412658691406,265200
2020-03-31,120.8024673461914,120.8024673461914,120.8024673461914,120.8024673461914,2653200
2020-04-01,112.88098907470703,136.64540782727693,112.88098907470703,112.88098907470703,21694700
2020-04-02,116.84172821044922,121.79264889733267,106.93988683668233,108.92025511143571,4583100
2020-04-03,118.82209777832031,122.782834370931,113.87117703755698,118.82209777832031,4071300
2020-04-06,139.615966796875,141.59633512023493,116.84173107823582,118.82209940159575,4402800
2020-04-07,133.6748504638672,148.5276116265191,131.69448230884691,142.58650716145831,5284800
2020-04-08,124.76319885253906,133.6748559134347,124.76319885253906,132.68467179555742,5038800
2020-04-09,127.73374938964844,132.68466990862706,117.8319083516912,118.82209245548691,4558000
2020-04-13,130.7042999267578,133.67485219782048,124.76319538463245,126.7435635653409,2468800
2020-04-14,135.6552276611328,135.6552276611328,129.7141228000613,132.68467523059707,2278300
2020-04-15,137.63558959960938,147.53743057799855,134.66503730609261,135.65522140393153,3390100
2020-04-16,132.68467712402344,136.64541375459132,132.68467712402344,134.66504543930736,628700
2020-04-17,137.63558959960938,139.61595779528722,133.67485320825372,133.67485320825372,1272700
2020-04-20,133.6748504638672,139.61595492892795,129.71411415382667,138.62577085141783,2799100
2020-04-21,132.68467712402344,132.68467712402344,127.73375633581361,132.68467712402344,1328900
2020-04-22,129.71412658691406,132.68467910417164,125.7533898972373,129.71412658691406,2092400
2020-04-23,136.64541625976562,144.56688966612884,126.7435745018116,126.7435745018116,2939200
2020-04-24,128.72393798828125,138.62577937199518,128.72393798828125,134.66504281850962,2057600
2020-04-27,124.76319885253906,131.69448767768012,123.77301473466176,129.71411944192553,602200
2020-04-28,123.77301788330078,123.77301788330078,116.84172888183593,123.77301788330078,3762700
2020-04-29,123.77301788330078,126.7435703125,120.80246545410157,125.7533861694336,905000
2020-04-30,130.7042999267578,133.67485219782048,124.76319538463245,126.7435635653409,2175600
2020-05-04,128.72393798828125,130.70430626502403,123.77301729642427,125.75338557316707,736200
2020-05-05,130.7042999267578,133.67485219782048,127.73374765569513,130.7042999267578,2244700
2020-05-06,130.7042999267578,131.69448401711205,127.73374765569513,130.7042999267578,599600
2020-05-08,132.68467712402344,133.67486128166541,129.71412465109753,130.7043088087395,695900
2020-05-11,133.6748504638672,138.62577085141783,131.69448230884691,132.68466638635707,1586200
2020-05-12,131.69448852539062,133.67485677389274,129.7141202768885,133.67485677389274,9121100
2020-05-13,133.6748504638672,134.6650345413773,128.72393007631655,131.69448230884691,8215800
2020-05-14,131.69448852539062,133.67485677389274,130.70430440113955,132.68467264964167,744400
2020-05-15,132.68467712402344,134.66504543930736,129.71412465109753,131.6944929663815,418400
2020-05-18,133.6748504638672,133.6748504638672,130.7042982313368,131.69448230884691,877600
2020-05-19,134.6650390625,138.62577550551472,133.67485495174634,134.6650390625,659400
2020-05-20,133.6748504638672,133.6748504638672,131.69448230884691,132.68466638635707,565200
2020-05-26,136.64541625976562,136.64541625976562,132.684679556584,134.6650479081748,2706400
2020-05-27,137.63558959960938,138.6257736974483,133.67485320825372,133.67485320825372,1679900
2020-05-28,142.58651733398438,143.57670148213705,137.63559659322104,138.62578074137372,2602500
2020-05-29,138.6257781982422,146.54725123814174,138.6257781982422,146.54725123814174,2815700
2020-06-02,144.56687927246094,147.53743158627861,138.62577464482555,138.62577464482555,2816100
2020-06-03,152.4883575439453,158.42946238331982,144.56688442477932,144.56688442477932,4693000
2020-06-04,153.47854614257812,158.4294669858871,149.51780946793096,153.47854614257812,7793600
2020-06-05,156.4490966796875,158.4294649920886,150.50799174248417,158.4294649920886,29125800
2020-06-08,160.4098358154297,163.38038833053022,154.4687307852286,154.4687307852286,115971000
2020-06-09,160.4098358154297,162.39020415883004,157.43928330032912,162.39020415883004,133939900
2020-06-10,156.4490966796875,167.3411223978936,156.4490966796875,160.40983330448972,3953800
2020-06-11,145.55706787109375,158.42946162840136,145.55706787109375,156.44909335804633,5912500
2020-06-12,145.55706787109375,145.55706787109375,135.65522651931866,137.6355947896737,14209100
2020-06-15,143.5767059326172,147.53744264799974,138.625785038389,145.55707429030846,6375300
2020-06-16,150.5079803466797,152.488348509136,138.62577137194182,141.5963236156263,5109900
2020-06-17,147.5374298095703,151.49816618029703,144.56687753152528,149.51779799493366,7608300
2020-06-18,145.55706787109375,149.51780441180378,144.56688373591624,147.53743614144875,4100900
2020-06-19,144.56687927246094,148.52761569088452,142.58651106324913,146.5472474816727,1196500
2020-06-22,142.58651733398438,146.54725392659506,142.58651733398438,146.54725392659506,1000600
2020-06-23,141.59632873535156,143.57669696941244,140.60614461832114,141.59632873535156,1501500
2020-06-24,142.58651733398438,148.5276222229004,141.59633318583172,141.59633318583172,977200
2020-06-25,139.615966796875,145.5570717669548,139.615966796875,145.5570717669548,566300
2020-06-26,141.59632873535156,143.57669696941244,138.62577638426026,142.586512852382,533800
2020-06-29,137.63558959960938,141.59632599096503,136.64540550177045,139.61595779528722,1037200
2020-06-30,142.58651733398438,147.53743807474774,136.64541244506836,138.62578074137372,2396900
2020-07-01,142.58651733398438,147.53743807474774,134.66504414876303,147.53743807474774,2682100
2020-07-02,141.59632873535156,143.57669696941244,138.62577638426026,142.586512852382,875600
2020-07-03,142.58651733398438,144.56688563028973,139.61596488952637,142.58651733398438,3569400
2020-07-06,142.58651733398438,142.58651733398438,138.62578074137372,142.58651733398438,596500
2020-07-07,140.60614013671875,142.58650830765845,139.6159560512489,141.5963242221886,278800
2020-07-08,139.615966796875,141.59633512023493,138.62578263519504,140.60615095855496,669900
2020-07-09,139.615966796875,141.59633512023493,139.615966796875,140.60615095855496,3607700
2020-07-10,143.5767059326172,146.5472584691541,138.625785038389,139.61596921723464,3752300
2020-07-13,144.56687927246094,148.52761569088452,141.59632695864323,148.52761569088452,4176700
2020-07-14,144.56687927246094,145.55706337706684,141.59632695864323,145.55706337706684,240100
2020-07-15,144.56687927246094,146.5472474816727,142.58651106324913,145.55706337706684,969100
2020-07-16,142.58651733398438,147.53743807474774,141.59633318583172,144.56688563028973,544900
2020-07-17,141.59632873535156,142.586512852382,140.60614461832114,142.586512852382,333300
2020-07-20,142.58651733398438,143.57670148213705,139.61596488952637,141.59633318583172,1274300
2020-07-21,142.58651733398438,143.57670148213705,140.60614903767905,143.57670148213705,808600
2020-07-22,144.56687927246094,146.5472474816727,142.58651106324913,143.57669516785504,933600
2020-07-23,140.60614013671875,144.56687647859815,140.60614013671875,144.56687647859815,2234200
2020-07-24,139.615966796875,143.57670344359485,139.615966796875,143.57670344359485,289900
2020-07-27,139.615966796875,140.60615095855496,138.62578263519504,140.60615095855496,994200
2020-07-28,139.615966796875,140.60615095855496,138.62578263519504,139.615966796875,371100
2020-07-29,139.615966796875,139.615966796875,136.6454143118351,139.615966796875,456700
2020-07-30,157.43927001953125,157.43927001953125,136.64540416789504,138.62577234424134,1150700
2020-08-03,146.54725646972656,152.4883614617425,146.54725646972656,147.53744063506255,577800
2020-08-04,138.6257781982422,147.5374353681292,138.6257781982422,143.5766988481794,772100
2020-08-05,141.59632873535156,143.57669696941244,138.62577638426026,140.60614461832114,865700
2020-08-06,140.60614013671875,141.5963242221886,139.6159560512489,141.5963242221886,212700
2020-08-07,141.59632873535156,143.57669696941244,140.60614461832114,142.586512852382,5758100
2020-08-10,143.5767059326172,145.55707429030846,139.61596921723464,142.58652175377156,561600
2020-08-11,142.58651733398438,145.55706977844238,140.60614903767905,144.56688563028973,5297000
2020-08-12,140.60614013671875,142.58650830765845,140.60614013671875,142.58650830765845,1859400
2020-08-13,142.58651733398438,142.58651733398438,140.60614903767905,141.59633318583172,351000
2020-08-14,140.60614013671875,142.58650830765845,140.60614013671875,142.58650830765845,314800
2020-08-18,139.615966796875,141.59633512023493,139.615966796875,140.60615095855496,354800
2020-08-19,139.615966796875,141.59633512023493,139.615966796875,140.60615095855496,404100
2020-08-24,141.59632873535156,141.59632873535156,138.62577638426026,140.60614461832114,760200
2020-08-25,142.58651733398438,144.56688563028973,137.63559659322104,140.60614903767905,2118800
2020-08-26,141.59632873535156,145.5570652034733,139.61596050129072,142.586512852382,1046000
2020-08-27,147.5374298095703,150.50798208761535,139.61595706811687,141.59632525348025,7759600
2020-08-28,141.59632873535156,149.517801671595,141.59632873535156,148.52761755456459,2359600
2020-08-31,142.58651733398438,144.56688563028973,139.61596488952637,143.57670148213705,1191800
2020-09-01,141.59632873535156,142.586512852382,139.61596050129072,140.60614461832114,1050000
2020-09-02,142.58651733398438,144.56688563028973,141.59633318583172,141.59633318583172,2030100
2020-09-03,141.59632873535156,143.57669696941244,140.60614461832114,143.57669696941244,848200
2020-09-04,146.54725646972656,159.41965061909443,140.60615147771063,141.59633564304661,22438300
2020-09-07,141.59632873535156,148.52761755456459,141.59632873535156,148.52761755456459,2867700
2020-09-08,146.54725646972656,146.54725646972656,138.62578314703865,142.5865198083826,2886800
2020-09-09,142.58651733398438,147.53743807474774,142.58651733398438,146.54725392659506,2895200
2020-09-10,135.6552276611328,140.6061483786924,132.68467523059707,140.6061483786924,5698300
2020-09-11,138.6257781982422,142.58651471819198,127.7337527683803,135.65522580827985,3060800
2020-09-14,142.58651733398438,144.56688563028973,139.61596488952637,139.61596488952637,720100
2020-09-15,142.58651733398438,143.57670148213705,141.59633318583172,143.57670148213705,3071100
2020-09-16,143.5767059326172,149.51781100569102,140.6061533960803,143.5767059326172,5155200
2020-09-17,163.38038635253906,164.37057051225142,144.56688731800426,144.56688731800426,22721400
2020-09-18,181.2036895751953,201.997555592021,165.36074403856622,168.33129632668417,45466800
2020-09-21,169.3214874267578,193.08590671472382,169.3214874267578,171.30185570075497,15369200
2020-09-22,160.4098358154297,169.32149336073132,158.42946747202933,159.4196516437295,12771000
2020-09-23,160.4098358154297,169.32149336073132,152.48836244182823,153.4785466135284,11926800
2020-09-24,157.43927001953125,163.38037454857016,154.4687177550118,160.4098222840507,3863000
2020-09-25,164.3705596923828,169.32148016504496,156.4490869361234,157.43927103065585,11002700
2020-09-28,188.13497924804688,195.06626795718543,165.36074491802015,165.36074491802015,72983600
2020-09-29,184.17425537109375,201.99757040700607,177.2429661904612,178.233150359123,76853000
2020-09-30,183.18406677246094,187.14480335132495,174.2724094700169,183.18406677246094,14691300
2020-10-01,188.13497924804688,195.06626795718543,185.16442694413033,186.15461104543584,14448300
2020-10-02,188.13497924804688,195.06626795718543,181.2036905389083,188.13497924804688,19325000
2020-10-05,211.89939880371094,215.86013522994853,178.23313918069144,178.23313918069144,109213400
2020-10-06,205.9582977294922,227.7423484508808,205.9582977294922,217.84050721388599,101405000
2020-10-07,203.97793579101562,209.91904071696754,198.0368308650637,209.91904071696754,28223600
2020-10-08,213.87977600097656,215.86014429728192,200.0171979268392,201.99756622314453,58009100
2020-10-09,203.97793579101562,215.86014564291946,203.97793579101562,215.86014564291946,41279800
2020-10-12,203.97793579101562,205.95830409966626,200.01719917371435,203.97793579101562,10521000
2020-10-13,203.97793579101562,205.95830409966626,197.0466467107384,203.97793579101562,27732900
2020-10-14,201.99755859375,205.95829503676472,200.01719037224265,203.97792681525738,24239200
2020-10-15,201.99755859375,211.89939970128677,198.0368221507353,203.97792681525738,55025400
2020-10-16,201.99755859375,205.95829503676472,200.01719037224265,201.99755859375,12799700
2020-10-19,205.9582977294922,213.87977071908804,200.01719298729532,200.01719298729532,92775900
2020-10-20,203.97793579101562,211.89940902561818,201.99756748236499,207.9386724083169,32736000
2020-10-21,209.91903686523438,211.89940513754792,200.01719550366673,201.99756377598024,43002400
2020-10-22,203.97793579101562,211.89940902561818,203.97793579101562,207.9386724083169,56937300
2020-10-23,203.97793579101562,207.9386724083169,201.99756748236499,205.95830409966626,15420600
2020-10-26,205.9582977294922,209.91903422429013,203.97792948209323,207.93866597689117,18967800
2020-10-27,205.9582977294922,207.93866597689117,201.99756123469427,205.9582977294922,17374200
2020-11-02,197.04664611816406,205.95830348029207,193.08590951277384,203.97793517759698,30725100
2020-11-03,197.04664611816406,201.99756687490185,196.0564619668165,200.01719857220672,15291000
2020-11-04,191.10552978515625,201.997554798818,190.11534569300517,201.997554798818,35112600
2020-11-05,193.08590698242188,195.06627525916466,189.1251704289363,193.08590698242188,13479000
2020-11-06,197.04664611816406,201.99756687490185,193.08590951277384,195.06627781546894,25673600
2020-11-09,196.05645751953125,200.01719403507735,195.06627339064474,200.01719403507735,14124700
2020-11-10,196.05645751953125,198.0368257773043,194.07608926175823,198.0368257773043,13684200
2020-11-11,194.0760955810547,200.01720054782166,193.08591141992684,196.05646390331034,8799500
2020-11-12,192.09571838378906,196.0564548453105,191.10553426840872,194.07608661454978,7482500
2020-11-13,190.1153564453125,194.0760930379232,189.12517229715985,192.09572474161786,8999100
2020-11-16,191.10552978515625,193.0858979694584,189.1251616008541,193.0858979694584,9001800
2020-11-17,207.93865966796875,211.89939604259672,190.11534598214286,192.09571416945684,117588900
2020-11-18,203.97793579101562,211.89940902561818,201.99756748236499,207.9386724083169,33006400
2020-11-19,205.9582977294922,207.93866597689117,201.99756123469427,205.9582977294922,31361400
2020-11-20,203.97793579101562,207.9386724083169,201.99756748236499,207.9386724083169,23834700
2020-11-23,209.91903686523438,219.82087822680202,203.97793204829378,205.95830032060732,80557200
2020-11-24,213.87977600097656,221.80124918619794,209.9190394083659,209.9190394083659,62538600
2020-11-25,207.93865966796875,219.82086879185266,205.95829148065476,217.84050060453868,45053700
2020-11-26,203.97793579101562,209.91904071696754,196.05646255641307,209.91904071696754,26893800
2020-11-27,207.93865966796875,211.89939604259672,203.97792329334075,203.97792329334075,20518200
2020-11-30,209.91903686523438,227.74235131605616,200.01719550366673,207.93866859292083,142600500
2020-12-01,205.9582977294922,215.86013896648703,200.01719298729532,211.8994024716891,38545600
2020-12-02,207.93865966796875,209.91902785528274,203.97792329334075,205.95829148065476,15841300
2020-12-03,215.86013793945312,215.86013793945312,207.9386649875466,209.9190332255232,41415700
2020-12-04,209.91903686523438,217.8405099544885,207.93866859292083,217.8405099544885,25023000
2020-12-07,211.89939880371094,215.86013522994853,209.91903059059214,213.87976701682973,25081200
2020-12-08,211.89939880371094,215.86013522994853,209.91903059059214,213.87976701682973,16565900
2020-12-10,223.7816162109375,235.66382592125277,209.91903821556969,213.87977478567475,239285000
2020-12-11,213.87977600097656,231.7030906677246,211.89940770467123,227.74235407511395,73044000
2020-12-14,213.87977600097656,219.82088088989258,213.87977600097656,217.84051259358725,29285900
2020-12-15,215.86013793945312,223.78161089135966,209.9190332255232,215.86013793945312,45471800
2020-12-16,215.86013793945312,221.801242653383,213.87976970147648,217.84050617742975,43486600
2020-12-17,237.64419555664062,259.4282468159994,213.87977600097656,217.84051259358725,505482700
2020-12-18,227.7423553466797,241.60493349821672,225.76198703931726,241.60493349821672,95421700
2020-12-21,227.7423553466797,233.683460268767,227.7423553466797,229.7227236540421,52918500
2020-12-22,215.86013793945312,231.7030838432662,213.87976970147648,229.72271560528955,59989300
2020-12-23,209.91903686523438,219.82087822680202,201.99756377598024,217.8405099544885,41567500
2020-12-28,213.87977600097656,217.84051259358725,209.9190394083659,211.89940770467123,20564900
2020-12-29,211.89939880371094,225.7619762955425,209.91903059059214,213.87976701682973,43810600
2020-12-30,211.89939880371094,213.87976701682973,207.93866237747335,211.89939880371094,35993400
2021-01-04,211.89939880371094,215.86013522994853,198.03682131187938,213.87976701682973,26929000
2021-01-05,207.93865966796875,217.84050060453868,203.97792329334075,209.91902785528274,23367900
2021-01-06,205.9582977294922,211.8994024716891,200.01719298729532,207.93866597689117,22287500
2021-01-07,205.9582977294922,211.8994024716891,203.97792948209323,209.91903422429013,38023500
2021-01-08,207.93865966796875,209.91902785528274,203.97792329334075,205.95829148065476,46222400
2021-01-11,207.93865966796875,211.89939604259672,205.95829148065476,205.95829148065476,29158000
2021-01-12,207.93865966796875,209.91902785528274,203.97792329334075,207.93865966796875,18833800
2021-01-13,205.9582977294922,209.91903422429013,203.97792948209323,207.93866597689117,17160700
2021-01-14,209.91903686523438,221.80124649911556,203.97793204829378,205.95830032060732,117913100
2021-01-15,205.9582977294922,213.87977071908804,205.9582977294922,207.93866597689117,20748800
2021-01-18,203.97793579101562,209.91904071696754,201.99756748236499,207.9386724083169,27638600
2021-01-19,194.0760955810547,207.93867383684432,190.11535893654337,203.97793719233297,46329100
2021-01-20,197.04664611816406,200.01719857220672,193.08590951277384,194.0760936641214,15220700
2021-01-21,193.08590698242188,200.01719595102162,192.09572284405047,200.01719595102162,23847600
2021-01-22,183.18406677246094,194.07609236433697,181.20369848302892,194.07609236433697,29032900
2021-01-25,176.25277709960938,192.09572335575402,175.26259295860032,178.23314538162745,23088600
2021-01-26,164.3705596923828,177.24295292130435,164.3705596923828,177.24295292130435,31815000
2021-01-27,156.4490966796875,164.37056992929192,153.47854421108585,164.37056992929192,29914000
2021-01-28,146.54725646972656,159.41965061909443,146.54725646972656,155.45891395775047,24203700
2021-01-29,149.51780700683594,153.47854361628856,140.60614963556756,146.5472545497465,22592300
2021-02-01,156.4490966796875,159.41964914828915,144.56688680528086,149.51780758628362,23265000
2021-02-02,158.42945861816406,170.31166801452636,156.44909038543702,157.43927450180055,25246300
2021-02-03,166.35093688964844,170.31167348225912,158.4294637044271,158.4294637044271,34396800
2021-02-04,164.3705596923828,169.32148016504496,160.40982331425312,166.35092788144766,11432600
2021-02-05,169.3214874267578,170.3116715637564,163.3803826047663,166.35093501576205,13493000
2021-02-08,173.2822265625,174.2724107142857,168.33130580357144,170.31167410714286,13992800
2021-02-09,172.2920379638672,181.2036950999293,169.32148558517983,173.2822220900963,21539200
2021-02-10,172.2920379638672,173.2822220900963,169.32148558517983,172.2920379638672,4630700
2021-02-11,172.2920379638672,174.27240621632544,170.31166971140894,173.2822220900963,3185200
2021-02-15,175.26258850097656,176.25277261680128,172.29203615350238,173.2822202693271,7116200
2021-02-16,177.2429656982422,179.22333403006613,175.26259736641825,176.25278153233023,6651800
2021-02-17,193.08590698242188,193.08590698242188,174.27240835336536,177.24296076847955,92631000
2021-02-18,184.17425537109375,198.03683373235887,183.18407120243197,195.0662812263735,64678500
2021-02-19,185.1644287109375,189.12516515395222,181.2036922679228,183.18406048943015,20482200
2021-02-22,181.2036895751953,188.13497824747054,180.213505479156,188.13497824747054,18511000
2021-02-23,178.23313903808594,181.20369135538738,178.23313903808594,181.20369135538738,8648500
2021-02-24,177.2429656982422,180.21351819597808,173.28222903459434,174.2724132005063,20642000
2021-02-25,169.3214874267578,176.2527763857479,169.3214874267578,175.2625922487493,45615100
2021-02-26,160.4098358154297,170.31167753243153,159.4196516437295,169.32149336073132,41711300
2021-03-01,167.3411102294922,171.3018465662849,159.41963755590675,161.4000057243031,32923900
2021-03-02,165.36074829101562,170.31166889853105,165.36074829101562,170.31166889853105,10096700
2021-03-03,164.3705596923828,166.35092788144766,163.3803755978504,165.36074378691524,6210000
2021-03-04,161.40000915527344,165.36074557626173,160.40982505002637,164.37056147101467,13605600
2021-03-05,164.3705596923828,164.3705596923828,160.40982331425312,161.40000740878554,12991400
2021-03-08,167.3411102294922,169.32147839788854,164.37055797689766,166.350926145294,19515900
2021-03-09,169.3214874267578,172.29203983775355,166.35093501576205,168.33130328975923,25159400
2021-03-10,176.25277709960938,177.2429612406184,170.31167225355512,171.30185639456417,37676800
2021-03-12,184.17425537109375,191.10554455172633,177.2429661904612,177.2429661904612,80434200
2021-03-15,184.17425537109375,190.1153603830645,183.18407120243197,185.16443953975553,27175600
2021-03-16,176.25277709960938,186.1546185096998,174.2724088175913,184.1742502276817,19576000
2021-03-17,171.30184936523438,180.21350626862807,170.31166526485728,176.25276986711975,25099400
2021-03-18,168.331298828125,175.26258760340073,168.331298828125,173.28221938189338,17432200
2021-03-19,174.27239990234375,174.27239990234375,168.3312953602184,170.31166354092684,15600100
2021-03-22,187.14480590820312,203.97793659835895,174.2724118510251,174.2724118510251,337625200
2021-03-23,180.21351623535156,190.11535778674448,178.23314792507296,189.1251736316052,53355100
2021-03-24,173.2822265625,182.19388392857144,173.2822265625,182.19388392857144,25195600
2021-03-25,174.27239990234375,178.23313626376066,169.3214794505726,172.29203172163528,20108700
2021-03-26,178.23313903808594,181.20369135538738,172.2920344034831,176.25277082655165,15097100
2021-03-29,177.2429656982422,181.20370236189007,176.25278153233023,179.22333403006613,14190700
2021-03-30,177.2429656982422,183.184070693714,176.25278153233023,176.25278153233023,19200400
2021-03-31,174.27239990234375,181.20368853482333,170.31166354092684,177.24295217340642,21565900
2021-04-01,173.2822265625,177.24296316964285,173.2822265625,174.2724107142857,8313700
2021-04-05,171.30184936523438,175.2625857667427,171.30184936523438,174.2724016663656,7254900
2021-04-06,174.27239990234375,175.26258399269798,168.3312953602184,172.29203172163528,10326600
2021-04-07,180.21351623535156,180.21351623535156,174.2724113045158,175.26259545965507,17502800
2021-04-08,179.22332763671875,185.1644324202564,179.22332763671875,181.20369589789794,29249400
2021-04-09,176.25277709960938,182.1938819456636,175.26259295860032,180.21351366364553,7182800
2021-04-12,173.2822265625,177.24296316964285,171.30185825892858,176.25277901785714,8983800
2021-04-13,169.3214874267578,174.27240811175074,169.3214874267578,172.29203983775355,19998500
2021-04-14,172.2920379638672,172.2920379638672,169.32148558517983,171.30185383763808,9057500
2021-04-15,171.30184936523438,174.2724016663656,171.30184936523438,171.30184936523438,5829700
2021-04-16,171.30184936523438,175.2625857667427,171.30184936523438,171.30184936523438,10131800
2021-04-19,170.31167602539062,174.2724126771439,169.3214918624523,173.28222851420557,5982000
2021-04-20,169.3214874267578,171.30185570075497,168.33130328975923,171.30185570075497,5558900
2021-04-21,172.2920379638672,172.2920379638672,169.32148558517983,170.31166971140894,6747400
2021-04-22,175.26258850097656,176.25277261680128,171.30185203767766,173.2822202693271,8348500
2021-04-23,171.30184936523438,175.2625857667427,171.30184936523438,175.2625857667427,7655200
2021-04-26,177.2429656982422,177.2429656982422,171.3018607027704,172.29204486868235,19306400
2021-04-27,172.2920379638672,179.22332684747104,171.30185383763808,178.23314272124193,15689800
2021-04-28,171.30184936523438,174.2724016663656,171.30184936523438,173.28221756598853,8127400
2021-04-29,175.26258850097656,176.25277261680128,171.30185203767766,172.29203615350238,14331400
2021-04-30,176.25277709960938,178.23314538162745,172.2920405355732,176.25277709960938,6506700
2021-05-03,185.1644287109375,189.12516515395222,175.26258760340073,176.25277171415442,66683800
2021-05-04,182.19387817382812,187.1447987763778,179.2233258122983,187.1447987763778,15343100
2021-05-05,196.05645751953125,200.01719403507735,182.19387971511995,182.19387971511995,104136900
2021-05-06,195.06626892089844,203.97792587667553,194.07608481470098,198.0368212394908,55476600
2021-05-07,196.05645751953125,197.0466416484178,190.11535274621212,196.05645751953125,19519900
2021-05-10,205.9582977294922,205.9582977294922,196.05645649249738,196.05645649249738,66696900
2021-05-11,205.9582977294922,207.93866597689117,203.97792948209323,205.9582977294922,43263600
2021-05-17,194.0760955810547,205.95830551458866,193.08591141992684,203.97793719233297,33029600
2021-05-18,197.04664611816406,200.01719857220672,190.11535705873115,195.06627781546894,16009700
2021-05-19,195.06626892089844,200.0171894518857,195.06626892089844,200.0171894518857,17012700
2021-05-20,196.05645751953125,198.0368257773043,193.0859051328717,195.06627339064474,8574600
2021-05-21,192.09571838378906,197.04663896069084,192.09571838378906,196.0564548453105,12291900
2021-05-24,181.2036895751953,197.04663511182443,179.22332138311668,193.08589872766714,25468700
2021-05-25,184.17425537109375,184.17425537109375,178.233150359123,181.20370286510837,5962500
2021-05-27,184.17425537109375,187.14480787707913,184.17425537109375,184.17425537109375,7105000
2021-05-28,183.18406677246094,189.12517164075695,183.18406677246094,185.16443506189293,5749800
2021-05-31,190.1153564453125,190.1153564453125,183.18406740824383,184.17425155639648,9625700
2021-06-02,197.04664611816406,200.01719857220672,190.11535705873115,191.1055412100787,19426200
2021-06-03,196.05645751953125,200.01719403507735,196.05645751953125,198.0368257773043,13096300
2021-06-04,198.0368194580078,198.0368194580078,193.0858989715576,196.05645126342773,13951900
2021-06-07,211.89939880371094,217.84050344306732,198.03682131187938,198.03682131187938,72024000
2021-06-08,209.91903686523438,215.86014168217497,203.97793204829378,211.89940513754792,24898700
2021-06-09,211.89939880371094,213.87976701682973,207.93866237747335,213.87976701682973,6559700
2021-06-10,209.91903686523438,211.89940513754792,207.93866859292083,211.89940513754792,5102900
2021-06-11,201.99755859375,211.89939970128677,201.99755859375,209.91903147977942,10113400
2021-06-14,194.0760955810547,201.99756887007732,188.13499061428772,201.99756887007732,31304400
2021-06-15,190.1153564453125,196.05646133422852,189.12517229715985,194.0760930379232,7260700
2021-06-16,188.13497924804688,191.1055315519634,185.16442694413033,190.11534745065788,4926500
2021-06-17,188.13497924804688,196.05645205849095,185.16442694413033,188.13497924804688,8500800
2021-06-18,185.1644287109375,190.11534926470588,184.17424460018384,190.11534926470588,12458500
2021-06-21,177.2429656982422,183.184070693714,176.25278153233023,182.19388652780202,17435000
2021-06-22,182.19387817382812,184.174246414848,176.2527734507685,181.20369405331817,9523400
2021-06-23,179.22332763671875,184.17424828966676,179.22332763671875,183.18406415907717,4370500
2021-06-24,170.31167602539062,179.2233334918355,170.31167602539062,179.2233334918355,15319300
2021-06-25,170.31167602539062,172.29204435126726,169.3214918624523,171.30186018832893,6571300
2021-06-28,170.31167602539062,171.30186018832893,165.36075521069904,171.30186018832893,8758200
2021-06-29,170.31167602539062,172.29204435126726,167.34112353657568,171.30186018832893,5169700
2021-06-30,168.331298828125,170.31166704963235,164.3705623851103,169.3214829388787,13993700
2021-07-01,168.331298828125,168.331298828125,161.40001005284927,167.34111471737134,13131800
2021-07-02,168.331298828125,173.28221938189338,163.38037827435662,168.331298828125,13222800
2021-07-05,167.3411102294922,170.31166248208672,163.38037389269948,168.33129431369036,4736000
2021-07-06,168.331298828125,168.331298828125,165.360746495864,167.34111471737134,1900100
2021-07-07,169.3214874267578,173.28222397475213,167.34111915276063,168.33130328975923,12318200
2021-07-08,171.30184936523438,172.29203346561144,169.32148116448022,170.31166526485728,5186900
2021-07-09,168.331298828125,171.30185116038604,167.34111471737134,171.30185116038604,3146500
2021-07-12,168.331298828125,170.31166704963235,164.3705623851103,168.331298828125,3737300
2021-07-13,168.331298828125,168.331298828125,165.360746495864,168.331298828125,3557500
2021-07-14,167.3411102294922,168.33129431369036,163.38037389269948,168.33129431369036,4573000
2021-07-15,167.3411102294922,167.3411102294922,162.3901898085013,167.3411102294922,7452600
2021-07-16,168.331298828125,168.331298828125,164.3705623851103,167.34111471737134,3049400
2021-07-19,167.3411102294922,169.32147839788854,164.37055797689766,168.33129431369036,4069000
2021-07-21,168.331298828125,169.3214829388787,165.360746495864,166.35093060661765,4706100
2021-07-22,169.3214874267578,171.30185570075497,168.33130328975923,169.3214874267578,3876100
2021-07-23,170.31167602539062,172.29204435126726,168.33130769951399,170.31167602539062,3457300
2021-07-26,168.331298828125,172.29203527113972,164.3705623851103,170.31166704963235,12033900
2021-07-27,168.331298828125,170.31166704963235,166.35093060661765,167.34111471737134,6046400
2021-07-28,168.331298828125,168.331298828125,165.360746495864,168.331298828125,5674400
2021-07-29,168.331298828125,168.331298828125,166.35093060661765,168.331298828125,4230300
2021-07-30,168.331298828125,171.30185116038604,165.360746495864,168.331298828125,4260600
2021-08-02,167.3411102294922,168.33129431369036,164.37055797689766,168.33129431369036,5093500
2021-08-03,168.331298828125,168.331298828125,166.35093060661765,167.34111471737134,2383800
2021-08-04,168.331298828125,170.31166704963235,166.35093060661765,168.331298828125,2120900
2021-08-05,167.3411102294922,168.33129431369036,165.36074206109583,168.33129431369036,7736600
2021-08-06,167.3411102294922,167.3411102294922,165.36074206109583,167.3411102294922,5551900
2021-08-09,167.3411102294922,170.31166248208672,166.350926145294,167.3411102294922,10984500
2021-08-10,167.3411102294922,169.32147839788854,164.37055797689766,167.3411102294922,6817400
2021-08-12,167.3411102294922,168.33129431369036,166.350926145294,167.3411102294922,2745500
2021-08-13,167.3411102294922,170.31166248208672,166.350926145294,169.32147839788854,1545200
2021-08-16,167.3411102294922,168.33129431369036,165.36074206109583,167.3411102294922,3573900
2021-08-18,167.3411102294922,168.33129431369036,166.350926145294,167.3411102294922,2035100
2021-08-19,166.35093688964844,167.34112103780112,163.38038444519043,167.34112103780112,10589700
2021-08-20,166.35093688964844,166.35093688964844,164.3705685933431,166.35093688964844,3173000
2021-08-23,168.331298828125,171.30185116038604,165.360746495864,171.30185116038604,5600500
2021-08-24,169.3214874267578,169.3214874267578,167.34111915276063,168.33130328975923,5767100
2021-08-25,170.31167602539062,172.29204435126726,169.3214918624523,169.3214918624523,8969600
2021-08-26,168.331298828125,171.30185116038604,168.331298828125,170.31166704963235,2669900
2021-08-27,166.35093688964844,169.32148933410645,166.35093688964844,168.3313051859538,1765900
2021-08-30,166.35093688964844,168.3313051859538,166.35093688964844,168.3313051859538,2705400
2021-08-31,167.3411102294922,168.33129431369036,166.350926145294,168.33129431369036,1285500
2021-09-01,167.3411102294922,168.33129431369036,166.350926145294,167.3411102294922,1799000
2021-09-02,167.3411102294922,169.32147839788854,167.3411102294922,168.33129431369036,1912500
2021-09-03,157.43927001953125,169.32147907760907,156.4490859313581,167.34111090126277,59729100
2021-09-06,157.43927001953125,159.41963819587755,148.52761322597289,158.4294541077044,31809300
2021-09-07,151.4981689453125,160.4098259420956,148.52761661305146,158.42945772058823,35588100
2021-09-08,153.47854614257812,154.4687303112399,148.52762529926915,151.49817780525453,18409500
2021-09-09,151.4981689453125,154.46872127757354,145.55706428079046,153.47853716681985,20162400
2021-09-10,155.4589080810547,155.4589080810547,148.52761918572105,150.50798744153064,5744700
2021-09-13,154.46871948242188,157.43927178016074,148.5276148869441,155.45890358166815,13678800
2021-09-14,155.4589080810547,155.4589080810547,152.48835569734027,153.47853982524506,9807000
2021-09-15,157.43927001953125,157.43927001953125,153.47853366683864,155.45890184318495,4529300
2021-09-16,157.43927001953125,158.4294541077044,155.45890184318495,157.43927001953125,2282200
2021-09-17,159.41964721679688,159.41964721679688,154.46872649577833,157.43927892838946,10704900
2021-09-20,159.41964721679688,163.38038379361168,158.42946307259317,161.4000155052043,10336100
2021-09-21,157.43927001953125,161.40000637222386,153.47853366683864,158.4294541077044,5621900
2021-09-22,154.46871948242188,157.43927178016074,154.46871948242188,156.44908768091446,3242500
2021-09-23,155.4589080810547,156.44909220895948,152.48835569734027,154.4687239531499,4213000
2021-09-24,156.4490966796875,156.4490966796875,153.47854421108585,155.45891252348693,7769300
2021-09-27,156.4490966796875,157.43928083588804,152.48836005488528,157.43928083588804,4158000
2021-09-28,157.43927001953125,158.4294541077044,154.4687177550118,156.4490859313581,6719300
2021-09-29,156.4490966796875,158.4294649920886,154.4687283672864,156.4490966796875,2902400
2021-09-30,156.4490966796875,159.41964914828915,154.4687283672864,159.41964914828915,3322300
2021-10-01,158.42945861816406,161.40001096725464,155.45890626907348,157.43927450180055,11358800
2021-10-04,162.39019775390625,164.37056601919778,157.4392770906774,159.41964535596892,13277100
2021-10-05,162.39019775390625,165.36075015184355,158.42946122332316,162.39019775390625,10391400
2021-10-06,161.40000915527344,165.36074557626173,159.4196409447793,165.36074557626173,7019200
2021-10-07,161.40000915527344,164.37056147101467,161.40000915527344,162.39019326052053,2321200
2021-10-08,160.4098358154297,163.38038833053022,160.4098358154297,163.38038833053022,1310900
2021-10-11,158.42945861816406,161.40001096725464,158.42945861816406,160.4098268508911,2274200
2021-10-12,159.41964721679688,161.4000155052043,158.42946307259317,158.42946307259317,1855800
2021-10-13,159.41964721679688,161.4000155052043,158.42946307259317,159.41964721679688,1578200
2021-10-14,161.40000915527344,161.40000915527344,158.4294568395322,159.4196409447793,17051900
2021-10-15,160.4098358154297,164.37057250223043,159.4196516437295,161.40001998712987,5626400
2021-10-18,160.4098358154297,161.40001998712987,159.4196516437295,160.4098358154297,7153800
2021-10-19,162.39019775390625,163.38038188655202,160.4098294886147,160.4098294886147,5224600
2021-10-21,161.40000915527344,164.37056147101467,161.40000915527344,162.39019326052053,4660200
2021-10-22,158.42945861816406,162.39019508361818,158.42945861816406,161.40001096725464,2953000
2021-10-25,159.41964721679688,161.4000155052043,158.42946307259317,158.42946307259317,1060800
2021-10-26,158.42945861816406,161.40001096725464,157.43927450180055,158.42945861816406,1521100
2021-10-27,156.4490966796875,160.40983330448972,156.4490966796875,158.4294649920886,6194700
2021-10-28,156.4490966796875,157.43928083588804,154.4687283672864,156.4490966796875,2887900
2021-10-29,156.4490966796875,158.4294649920886,154.4687283672864,157.43928083588804,3035200
2021-11-01,154.46871948242188,157.43927178016074,151.49816718468298,156.44908768091446,11186700
2021-11-02,156.4490966796875,156.4490966796875,153.47854421108585,154.4687283672864,4503000
2021-11-03,159.41964721679688,159.41964721679688,155.45891063998204,157.43927892838946,5570600
2021-11-04,170.31167602539062,172.29204435126726,159.41965023306912,159.41965023306912,39485700
2021-11-05,169.3214874267578,174.27240811175074,165.36075087876347,172.29203983775355,9602600
2021-11-08,168.331298828125,171.30185116038604,168.331298828125,169.3214829388787,4145300
2021-11-09,168.331298828125,170.31166704963235,166.35093060661765,168.331298828125,3932400
2021-11-10,172.2920379638672,175.26259034255455,168.3313014589507,169.32148558517983,13160200
2021-11-11,172.2920379638672,174.27240621632544,171.30185383763808,173.2822220900963,5793600
2021-11-12,175.26258850097656,179.22332496427546,168.33129969020348,172.29203615350238,12431700
2021-11-15,173.2822265625,178.23314732142856,173.2822265625,175.26259486607142,2761400
2021-11-16,171.30184936523438,174.2724016663656,169.32148116448022,173.28221756598853,2739800
2021-11-17,171.30184936523438,173.28221756598853,170.31166526485728,171.30184936523438,3912600
2021-11-18,168.331298828125,172.29203527113972,168.331298828125,172.29203527113972,2602200
2021-11-19,170.31167602539062,170.31167602539062,167.34112353657568,168.33130769951399,2960300
2021-11-22,170.31167602539062,170.31167602539062,168.33130769951399,169.3214918624523,1274200
2021-11-23,171.30184936523438,174.2724016663656,169.32148116448022,170.31166526485728,14419100
2021-11-24,174.27239990234375,175.26258399269798,170.31166354092684,171.30184763128108,2476400
2021-11-25,172.2920379638672,175.26259034255455,172.2920379638672,175.26259034255455,2000500
2021-11-26,168.331298828125,173.28221938189338,168.331298828125,173.28221938189338,4040100
2021-11-29,168.331298828125,171.30185116038604,162.39019416360296,169.3214829388787,5847800
2021-11-30,171.30184936523438,171.30184936523438,167.34111296372606,168.33129706410313,5626900
2021-12-01,169.3214874267578,173.28222397475213,169.3214874267578,171.30185570075497,2348500
2021-12-02,170.31167602539062,171.30186018832893,168.33130769951399,169.3214918624523,661800
2021-12-03,170.31167602539062,173.28222851420557,170.31167602539062,170.31167602539062,1690400
2021-12-06,169.3214874267578,174.27240811175074,169.3214874267578,170.3116715637564,4954300
2021-12-07,171.30184936523438,173.28221756598853,164.37056066259484,170.31166526485728,24815500
2021-12-08,171.30184936523438,174.2724016663656,168.33129706410313,170.31166526485728,4463300
2021-12-09,172.2920379638672,177.2429585950128,171.30185383763808,173.2822220900963,3665400
2021-12-10,173.2822265625,175.26259486607142,169.32148995535715,171.30185825892858,1873600
2021-12-13,172.2920379638672,174.27240621632544,171.30185383763808,172.2920379638672,846200
2021-12-14,169.3214874267578,172.29203983775355,168.33130328975923,168.33130328975923,2663100
2021-12-15,172.2920379638672,173.2822220900963,168.3313014589507,169.32148558517983,3080600
2021-12-16,170.31167602539062,172.29204435126726,169.3214918624523,171.30186018832893,399800
2021-12-17,172.2920379638672,176.25277446878368,169.32148558517983,171.30185383763808,4943200
2021-12-20,169.3214874267578,173.28222397475213,169.3214874267578,170.3116715637564,981500
2021-12-21,173.2822265625,173.2822265625,168.33130580357144,168.33130580357144,1471600
2021-12-22,169.3214874267578,173.28222397475213,168.33130328975923,168.33130328975923,2417500
2021-12-23,169.3214874267578,170.3116715637564,166.35093501576205,168.33130328975923,3788300
2021-12-24,168.331298828125,170.31166704963235,168.331298828125,168.331298828125,575500
2021-12-27,168.331298828125,170.31166704963235,167.34111471737134,168.331298828125,1265800
2021-12-28,168.331298828125,170.31166704963235,167.34111471737134,168.331298828125,1632200
2021-12-29,168.331298828125,170.31166704963235,167.34111471737134,168.331298828125,3450100
2021-12-30,164.3705596923828,167.3411119759801,160.40982331425312,167.3411119759801,4448600
2022-01-03,164.3705596923828,166.35092788144766,163.3803755978504,164.3705596923828,908300
2022-01-04,164.3705596923828,166.35092788144766,162.39019150331796,165.36074378691524,1503300
2022-01-05,160.4098358154297,164.37057250223043,158.42946747202933,164.37057250223043,3745800
2022-01-06,160.4098358154297,162.39020415883004,159.4196516437295,160.4098358154297,2968800
2022-01-07,160.4098358154297,162.39020415883004,158.42946747202933,160.4098358154297,5626100
2022-01-10,160.4098358154297,162.39020415883004,158.42946747202933,160.4098358154297,1329100
2022-01-11,158.42945861816406,161.40001096725464,157.43927450180055,160.4098268508911,1442600
2022-01-12,158.42945861816406,165.36074743270873,155.45890626907348,162.39019508361818,3262600
2022-01-13,158.42945861816406,158.42945861816406,156.44909038543702,158.42945861816406,2657800
2022-01-14,158.42945861816406,160.4098268508911,156.44909038543702,157.43927450180055,1382700
2022-01-17,158.42945861816406,162.39019508361818,157.43927450180055,158.42945861816406,1826100
2022-01-18,158.42945861816406,161.40001096725464,157.43927450180055,158.42945861816406,1901600
2022-01-19,158.42945861816406,160.4098268508911,157.43927450180055,160.4098268508911,3151800
2022-01-20,159.41964721679688,159.41964721679688,157.43927892838946,158.42946307259317,2360500
2022-01-21,159.41964721679688,159.41964721679688,157.43927892838946,158.42946307259317,1340400
2022-01-24,158.42945861816406,159.4196427345276,155.45890626907348,159.4196427345276,2624300
2022-01-25,158.42945861816406,159.4196427345276,156.44909038543702,158.42945861816406,1392900
2022-01-26,158.42945861816406,159.4196427345276,156.44909038543702,159.4196427345276,2030900
2022-01-27,158.42945861816406,158.42945861816406,157.43927450180055,158.42945861816406,1479500
2022-01-28,158.42945861816406,159.4196427345276,157.43927450180055,158.42945861816406,3348000
2022-01-31,158.42945861816406,159.4196427345276,157.43927450180055,158.42945861816406,2494500
2022-02-02,158.42945861816406,158.42945861816406,157.43927450180055,157.43927450180055,2363700
2022-02-03,159.41964721679688,166.3509362262228,157.43927892838946,158.42946307259317,11013500
2022-02-04,159.41964721679688,160.40983136100058,157.43927892838946,159.41964721679688,3668500
2022-02-07,159.41964721679688,161.4000155052043,158.42946307259317,158.42946307259317,3732500
2022-02-08,159.41964721679688,161.4000155052043,158.42946307259317,159.41964721679688,3888100
2022-02-09,159.41964721679688,161.4000155052043,158.42946307259317,159.41964721679688,2695100
2022-02-10,159.41964721679688,161.4000155052043,158.42946307259317,160.40983136100058,4870500
2022-02-11,160.4098358154297,161.40001998712987,159.4196516437295,161.40001998712987,924400
2022-02-14,159.41964721679688,160.40983136100058,159.41964721679688,160.40983136100058,467300
2022-02-15,160.4098358154297,161.40001998712987,158.42946747202933,159.4196516437295,3791600
2022-02-16,165.36074829101562,166.35093241251872,159.4196435619971,160.40982768350017,7928600
2022-02-17,163.38038635253906,165.36075467196378,161.40001803311435,162.3902021928267,3775400
2022-02-18,163.38038635253906,164.37057051225142,161.40001803311435,161.40001803311435,3955600
2022-02-21,165.36074829101562,166.35093241251872,161.40001180500326,161.40001180500326,4009300
2022-02-22,164.3705596923828,166.35092788144766,163.3803755978504,165.36074378691524,1548600
2022-02-23,165.36074829101562,166.35093241251872,163.38038004800944,164.37056416951253,1268100
2022-02-24,165.36074829101562,172.29203714153724,163.38038004800944,163.38038004800944,6979200
2022-02-25,166.35093688964844,171.3018576304118,163.38038444519043,163.38038444519043,1064300
2022-03-01,165.36074829101562,169.32148477702796,165.36074829101562,166.35093241251872,3102700
2022-03-02,166.35093688964844,168.3313051859538,165.3607527414958,165.3607527414958,2149800
2022-03-04,167.3411102294922,168.33129431369036,165.36074206109583,166.350926145294,1646700
2022-03-07,169.3214874267578,170.3116715637564,166.35093501576205,167.34111915276063,4187200
2022-03-08,168.331298828125,169.3214829388787,167.34111471737134,169.3214829388787,2582800
2022-03-09,168.331298828125,170.31166704963235,158.42945772058823,167.34111471737134,5018700
2022-03-10,168.331298828125,170.31166704963235,167.34111471737134,168.331298828125,1105200
2022-03-11,168.331298828125,169.3214829388787,167.34111471737134,169.3214829388787,2875300
2022-03-14,170.31167602539062,170.31167602539062,168.33130769951399,169.3214918624523,1765200
2022-03-15,170.31167602539062,179.2233334918355,169.3214918624523,171.30186018832893,4263300
2022-03-16,169.3214874267578,170.3116715637564,168.33130328975923,170.3116715637564,3098800
2022-03-17,169.3214874267578,173.28222397475213,167.34111915276063,169.3214874267578,2586700
2022-03-18,169.3214874267578,171.30185570075497,168.33130328975923,171.30185570075497,799900
2022-03-21,169.3214874267578,171.30185570075497,168.33130328975923,168.33130328975923,414100
2022-03-22,170.31167602539062,173.28222851420557,169.3214918624523,170.31167602539062,912500
2022-03-23,170.31167602539062,172.29204435126726,170.31167602539062,170.31167602539062,767300
2022-03-24,171.30184936523438,178.2331380678739,170.31166526485728,178.2331380678739,778600
2022-03-25,170.31167602539062,172.29204435126726,170.31167602539062,170.31167602539062,471800
2022-03-28,170.31167602539062,171.30186018832893,168.33130769951399,170.31167602539062,1108200
2022-03-29,170.31167602539062,173.28222851420557,168.33130769951399,173.28222851420557,536100
2022-03-30,170.31167602539062,171.30186018832893,169.3214918624523,170.31167602539062,636100
2022-03-31,170.31167602539062,171.30186018832893,169.3214918624523,169.3214918624523,8009600
2022-04-01,169.3214874267578,171.30185570075497,169.3214874267578,170.3116715637564,957200
2022-04-04,169.3214874267578,170.3116715637564,167.34111915276063,169.3214874267578,2098000
2022-04-05,169.3214874267578,171.30185570075497,168.33130328975923,168.33130328975923,1086400
2022-04-06,170.31167602539062,171.30186018832893,168.33130769951399,169.3214918624523,1935300
2022-04-07,170.31167602539062,171.30186018832893,169.3214918624523,170.31167602539062,734700
2022-04-08,171.30184936523438,171.30184936523438,168.33129706410313,170.31166526485728,1765200
2022-04-11,170.31167602539062,171.30186018832893,168.33130769951399,170.31167602539062,2001700
2022-04-12,170.31167602539062,172.29204435126726,168.33130769951399,170.31167602539062,1543000
2022-04-13,171.30184936523438,171.30184936523438,168.33129706410313,170.31166526485728,1106100
2022-04-14,171.30184936523438,171.30184936523438,168.33129706410313,171.30184936523438,776200
2022-04-18,171.30184936523438,171.30184936523438,168.33129706410313,170.31166526485728,2832200
2022-04-19,170.31167602539062,171.30186018832893,167.34112353657568,170.31167602539062,2582400
2022-04-20,169.3214874267578,171.30185570075497,167.34111915276063,171.30185570075497,2112200
2022-04-21,170.31167602539062,170.31167602539062,168.33130769951399,168.33130769951399,894800
2022-04-22,168.331298828125,170.31166704963235,167.34111471737134,170.31166704963235,2452600
2022-04-25,167.3411102294922,168.33129431369036,165.36074206109583,168.33129431369036,2040200
2022-04-26,167.3411102294922,167.3411102294922,164.37055797689766,167.3411102294922,3134000
2022-04-27,167.3411102294922,167.3411102294922,164.37055797689766,167.3411102294922,1709100
2022-04-28,168.331298828125,168.331298828125,165.360746495864,166.35093060661765,902800
2022-05-09,163.38038635253906,170.31167547052556,161.40001803311435,169.3214913108132,1848900
2022-05-10,163.38038635253906,165.36075467196378,161.40001803311435,163.38038635253906,764000
2022-05-11,164.3705596923828,165.36074378691524,162.39019150331796,162.39019150331796,850600
2022-05-12,163.38038635253906,165.36075467196378,161.40001803311435,164.37057051225142,1842600
2022-05-13,163.38038635253906,163.38038635253906,159.41964971368964,163.38038635253906,1220700
2022-05-17,163.38038635253906,167.3411229913885,162.3902021928267,167.3411229913885,580400
2022-05-18,163.38038635253906,164.37057051225142,161.40001803311435,163.38038635253906,1697400
2022-05-19,163.38038635253906,164.37057051225142,161.40001803311435,164.37057051225142,781600
2022-05-20,165.36074829101562,166.35093241251872,162.39019592650635,162.39019592650635,636400
2022-05-23,164.3705596923828,165.36074378691524,160.40982331425312,163.3803755978504,2798200
2022-05-24,163.38038635253906,164.37057051225142,161.40001803311435,164.37057051225142,1144500
2022-05-25,163.38038635253906,163.38038635253906,161.40001803311435,163.38038635253906,684400
2022-05-27,163.38038635253906,163.38038635253906,161.40001803311435,162.3902021928267,588400
2022-05-30,163.38038635253906,163.38038635253906,160.409833873402,162.3902021928267,2633000
2022-05-31,163.38038635253906,163.38038635253906,161.40001803311435,163.38038635253906,1494800
2022-06-02,163.38038635253906,164.37057051225142,161.40001803311435,163.38038635253906,808600
2022-06-03,163.38038635253906,163.38038635253906,161.40001803311435,163.38038635253906,1380800
2022-06-06,166.35093688964844,173.28222592671713,161.4000161488851,162.39020029703778,5531100
2022-06-07,165.36074829101562,168.33130065552487,164.37056416951253,167.3411165340218,1199200
2022-06-08,165.36074829101562,167.3411165340218,162.39019592650635,165.36074829101562,681700
2022-06-09,165.36074829101562,167.3411165340218,164.37056416951253,166.35093241251872,753000
2022-06-10,165.36074829101562,166.35093241251872,163.38038004800944,165.36074829101562,614300
2022-06-13,163.38038635253906,165.36075467196378,162.3902021928267,165.36075467196378,779800
2022-06-14,163.38038635253906,163.38038635253906,162.3902021928267,162.3902021928267,1803300
2022-06-15,163.38038635253906,163.38038635253906,160.409833873402,163.38038635253906,3397500
2022-06-16,163.38038635253906,164.37057051225142,161.40001803311435,163.38038635253906,1737800
2022-06-17,167.3411102294922,167.3411102294922,162.3901898085013,164.37055797689766,11456700
2022-06-20,166.35093688964844,169.32148933410645,165.3607527414958,167.34112103780112,3395300
2022-06-21,164.3705596923828,166.35092788144766,164.3705596923828,164.3705596923828,2016600
2022-06-22,163.38038635253906,164.37057051225142,160.409833873402,164.37057051225142,5092800
2022-06-23,163.38038635253906,164.37057051225142,161.40001803311435,163.38038635253906,276300
2022-06-24,163.38038635253906,164.37057051225142,162.3902021928267,163.38038635253906,924600
2022-06-27,163.38038635253906,163.38038635253906,161.40001803311435,163.38038635253906,411400
2022-06-28,162.39019775390625,163.38038188655202,161.40001362126048,163.38038188655202,350800
2022-06-29,163.38038635253906,164.37057051225142,162.3902021928267,162.3902021928267,200700
2022-06-30,163.38038635253906,164.37057051225142,161.40001803311435,163.38038635253906,1733200
2022-07-01,162.39019775390625,163.38038188655202,160.4098294886147,162.39019775390625,384900
2022-07-04,160.4098358154297,162.39020415883004,156.44909912862894,162.39020415883004,1645000
2022-07-05,162.39019775390625,162.39019775390625,158.42946122332316,158.42946122332316,6985900
2022-07-06,161.40000915527344,162.39019326052053,160.40982505002637,161.40000915527344,1352600
2022-07-07,161.40000915527344,162.39019326052053,159.4196409447793,161.40000915527344,850700
2022-07-08,161.40000915527344,161.40000915527344,159.4196409447793,161.40000915527344,1649100
2022-07-11,160.4098358154297,161.40001998712987,158.42946747202933,160.4098358154297,640600
2022-07-12,160.4098358154297,160.4098358154297,158.42946747202933,159.4196516437295,1032700
2022-07-13,160.4098358154297,160.4098358154297,158.42946747202933,160.4098358154297,424400
2022-07-14,160.4098358154297,160.4098358154297,158.42946747202933,160.4098358154297,884700
2022-07-15,159.41964721679688,160.40983136100058,156.44909478418575,159.41964721679688,1628200
2022-07-18,159.41964721679688,159.41964721679688,158.42946307259317,159.41964721679688,358000
2022-07-19,159.41964721679688,159.41964721679688,158.42946307259317,159.41964721679688,528600
2022-07-20,159.41964721679688,159.41964721679688,158.42946307259317,159.41964721679688,627900
2022-07-21,159.41964721679688,160.40983136100058,158.42946307259317,159.41964721679688,399600
2022-07-22,162.39019775390625,162.39019775390625,158.42946122332316,159.41964535596892,2195100
2022-07-25,160.4098358154297,162.39020415883004,159.4196516437295,160.4098358154297,777100
2022-07-26,159.41964721679688,161.4000155052043,158.42946307259317,161.4000155052043,676100
2022-07-27,160.4098358154297,160.4098358154297,158.42946747202933,159.4196516437295,670300
2022-07-28,161.40000915527344,161.40000915527344,158.4294568395322,160.40982505002637,1532200
2022-07-29,161.40000915527344,163.3803773657676,161.40000915527344,161.40000915527344,912600
2022-08-01,161.40000915527344,162.39019326052053,160.40982505002637,160.40982505002637,277000
2022-08-02,161.40000915527344,161.40000915527344,160.40982505002637,161.40000915527344,390900
2022-08-03,161.40000915527344,161.40000915527344,157.43927273428514,161.40000915527344,1099300
2022-08-04,161.40000915527344,161.40000915527344,159.4196409447793,159.4196409447793,710300
2022-08-05,161.40000915527344,162.39019326052053,159.4196409447793,161.40000915527344,337200
2022-08-08,161.40000915527344,162.39019326052053,160.40982505002637,160.40982505002637,692500
2022-08-09,161.40000915527344,162.39019326052053,160.40982505002637,161.40000915527344,537800
2022-08-10,161.40000915527344,161.40000915527344,159.4196409447793,160.40982505002637,414900
2022-08-11,161.40000915527344,162.39019326052053,160.40982505002637,162.39019326052053,1415800
2022-08-12,162.39019775390625,162.39019775390625,160.4098294886147,162.39019775390625,642300
2022-08-15,162.39019775390625,163.38038188655202,161.40001362126048,162.39019775390625,728200
2022-08-16,162.39019775390625,164.37056601919778,161.40001362126048,162.39019775390625,2488000
2022-08-18,161.40000915527344,164.37056147101467,161.40000915527344,164.37056147101467,1428600
2022-08-19,161.40000915527344,162.39019326052053,159.4196409447793,162.39019326052053,1742800
2022-08-22,161.40000915527344,162.39019326052053,158.4294568395322,160.40982505002637,2003200
2022-08-23,160.4098358154297,161.40001998712987,158.42946747202933,161.40001998712987,2484300
2022-08-24,159.41964721679688,161.4000155052043,158.42946307259317,160.40983136100058,1752600
2022-08-25,160.4098358154297,160.4098358154297,157.43928330032912,158.42946747202933,1302700
2022-08-26,159.41964721679688,160.40983136100058,157.43927892838946,160.40983136100058,1921600
2022-08-29,159.41964721679688,159.41964721679688,155.45891063998204,158.42946307259317,2097700
2022-08-30,159.41964721679688,159.41964721679688,156.44909478418575,159.41964721679688,1550400
2022-08-31,159.41964721679688,159.41964721679688,156.44909478418575,158.42946307259317,1470600
2022-09-01,158.42945861816406,159.4196427345276,153.47853803634644,156.44909038543702,1050300
2022-09-02,158.42945861816406,158.42945861816406,154.46872215270997,158.42945861816406,4425400
2022-09-05,158.42945861816406,160.4098268508911,155.45890626907348,157.43927450180055,2741400
2022-09-06,158.42945861816406,158.42945861816406,155.45890626907348,157.43927450180055,2356000
2022-09-07,158.42945861816406,158.42945861816406,155.45890626907348,157.43927450180055,2431700
2022-09-08,158.42945861816406,161.40001096725464,156.44909038543702,158.42945861816406,5299600
2022-09-09,157.43927001953125,158.4294541077044,156.4490859313581,158.4294541077044,1798500
2022-09-12,158.42945861816406,158.42945861816406,155.45890626907348,157.43927450180055,3289800
2022-09-13,157.43927001953125,158.4294541077044,156.4490859313581,158.4294541077044,2914100
2022-09-14,157.43927001953125,159.41963819587755,155.45890184318495,159.41963819587755,2523600
2022-09-15,158.42945861816406,163.3803791999817,156.44909038543702,158.42945861816406,12325300
2022-09-16,153.47854614257812,159.4196511545489,153.47854614257812,158.4294669858871,51445200
2022-09-19,155.4589080810547,155.4589080810547,151.49817156943547,154.4687239531499,4487400
2022-09-20,155.4589080810547,155.4589080810547,153.47853982524506,155.4589080810547,2070100
2022-09-21,155.4589080810547,156.44909220895948,153.47853982524506,154.4687239531499,4093800
2022-09-22,155.4589080810547,156.44909220895948,154.4687239531499,155.4589080810547,40974700
2022-09-23,154.46871948242188,156.44908768091446,150.5079830854367,151.49816718468298,2425700
2022-09-26,153.47854614257812,155.45891447990172,153.47854614257812,155.45891447990172,17674000
2022-09-27,154.46871948242188,155.45890358166815,151.49816718468298,155.45890358166815,4028000
2022-09-28,153.47854614257812,155.45891447990172,151.49817780525453,154.4687303112399,7379000
2022-09-29,153.47854614257812,155.45891447990172,148.52762529926915,155.45891447990172,20192500
2022-09-30,152.4883575439453,153.47854168384106,148.52762098436233,152.4883575439453,5489400
2022-10-03,150.5079803466797,154.46871667159232,148.5276121842234,152.488348509136,20861100
2022-10-04,151.4981689453125,151.4981689453125,147.5374325022978,151.4981689453125,5909500
2022-10-05,151.4981689453125,151.4981689453125,148.52761661305146,150.50798483455884,3385100
2022-10-06,149.51780700683594,151.49817531156225,149.51780700683594,151.49817531156225,2864200
2022-10-07,150.5079803466797,151.49816442790785,147.53742810299522,149.51779626545152,4313700
2022-10-10,147.5374298095703,150.50798208761535,147.5374298095703,150.50798208761535,2206300
2022-10-11,149.51780700683594,150.5079911591991,146.5472545497465,147.53743870210963,4207200
2022-10-12,150.5079803466797,150.5079803466797,147.53742810299522,149.51779626545152,3470100
2022-10-13,149.51780700683594,150.5079911591991,147.53743870210963,149.51780700683594,2604800
2022-10-14,149.51780700683594,150.5079911591991,147.53743870210963,148.52762285447278,2554400
2022-10-17,149.51780700683594,149.51780700683594,146.5472545497465,148.52762285447278,6366800
2022-10-18,148.52761840820312,149.51780253092448,147.53743428548177,149.51780253092448,2292200
2022-10-19,148.52761840820312,148.52761840820312,146.5472501627604,147.53743428548177,2898700
2022-10-20,148.52761840820312,149.51780253092448,146.5472501627604,148.52761840820312,4277600
2022-10-21,148.52761840820312,148.52761840820312,146.5472501627604,148.52761840820312,3172200
2022-10-24,148.52761840820312,149.51780253092448,147.53743428548177,148.52761840820312,2281100
2022-10-25,148.52761840820312,154.46872314453125,146.5472501627604,148.52761840820312,8870800
2022-10-26,148.52761840820312,149.51780253092448,144.56688191731772,147.53743428548177,9002400
2022-10-27,147.5374298095703,148.527613902252,145.55706162420697,148.527613902252,3432000
2022-10-28,148.52761840820312,148.52761840820312,146.5472501627604,147.53743428548177,5240400
2022-10-31,148.52761840820312,148.52761840820312,146.5472501627604,148.52761840820312,2869700
2022-11-01,148.52761840820312,152.48835489908853,147.53743428548177,148.52761840820312,17157100
2022-11-02,146.54725646972656,148.52762480039854,145.55707230439057,148.52762480039854,4010000
2022-11-03,148.52761840820312,148.52761840820312,145.55706604003905,148.52761840820312,2836900
2022-11-04,148.52761840820312,148.52761840820312,146.5472501627604,148.52761840820312,2907400
2022-11-07,148.52761840820312,148.52761840820312,146.5472501627604,148.52761840820312,2983400
2022-11-08,147.5374298095703,148.527613902252,146.54724571688863,147.5374298095703,3224300
2022-11-09,148.52761840820312,148.52761840820312,146.5472501627604,148.52761840820312,4052100
2022-11-10,148.52761840820312,148.52761840820312,146.5472501627604,148.52761840820312,3899200
2022-11-11,148.52761840820312,148.52761840820312,146.5472501627604,146.5472501627604,3694600
2022-11-14,148.52761840820312,148.52761840820312,146.5472501627604,148.52761840820312,2845600
2022-11-15,147.5374298095703,148.527613902252,146.54724571688863,147.5374298095703,2876900
2022-11-16,148.52761840820312,148.52761840820312,144.56688191731772,147.53743428548177,3544300
2022-11-17,146.54725646972656,148.52762480039854,145.55707230439057,148.52762480039854,2765100
2022-11-18,146.54725646972656,147.53744063506255,143.5767039737186,147.53744063506255,4600200
2022-11-21,146.54725646972656,146.54725646972656,143.5767039737186,146.54725646972656,4374200
2022-11-22,146.54725646972656,146.54725646972656,143.5767039737186,145.55707230439057,4595100
2022-11-23,146.54725646972656,146.54725646972656,143.5767039737186,145.55707230439057,4360600
2022-11-24,146.54725646972656,153.4785456270785,145.55707230439057,145.55707230439057,13604800
2022-11-25,146.54725646972656,147.53744063506255,145.55707230439057,146.54725646972656,986600
2022-11-28,145.55706787109375,146.54725200627126,142.5865154655612,146.54725200627126,6372200
2022-11-29,145.55706787109375,145.55706787109375,142.5865154655612,144.56688373591624,5804200
2022-11-30,145.55706787109375,145.55706787109375,142.5865154655612,144.56688373591624,4950700
2022-12-01,145.55706787109375,145.55706787109375,143.57669960073872,145.55706787109375,3954700
2022-12-02,145.55706787109375,145.55706787109375,143.57669960073872,145.55706787109375,4503300
2022-12-05,143.5767059326172,144.56689011146284,140.6061533960803,144.56689011146284,11200900
2022-12-06,143.5767059326172,145.55707429030846,138.625785038389,142.58652175377156,12303400
2022-12-07,143.5767059326172,144.56689011146284,139.61596921723464,142.58652175377156,13537400
2022-12-08,144.56687927246094,145.55706337706684,139.61595874943146,142.58651106324913,6885300
2022-12-09,144.56687927246094,145.55706337706684,142.58651106324913,143.57669516785504,1001000
2022-12-12,144.56687927246094,145.55706337706684,140.60614285403733,144.56687927246094,2082100
2022-12-13,144.56687927246094,144.56687927246094,141.59632695864323,144.56687927246094,3140700
2022-12-14,144.56687927246094,144.56687927246094,142.58651106324913,144.56687927246094,1113800
2022-12-15,144.56687927246094,144.56687927246094,134.66503822640198,144.56687927246094,15213900
2022-12-16,144.56687927246094,144.56687927246094,142.58651106324913,143.57669516785504,8755300
2022-12-19,144.56687927246094,144.56687927246094,143.57669516785504,144.56687927246094,9039400
2022-12-20,144.56687927246094,145.55706337706684,142.58651106324913,144.56687927246094,6303800
2022-12-21,144.56687927246094,144.56687927246094,143.57669516785504,144.56687927246094,2183600
2022-12-22,144.56687927246094,144.56687927246094,142.58651106324913,143.57669516785504,267900
2022-12-23,144.56687927246094,144.56687927246094,143.57669516785504,144.56687927246094,215100
2022-12-26,144.56687927246094,144.56687927246094,142.58651106324913,144.56687927246094,1009600
2022-12-27,144.56687927246094,144.56687927246094,143.57669516785504,143.57669516785504,133000
2022-12-28,144.56687927246094,144.56687927246094,142.58651106324913,144.56687927246094,1121900
2022-12-29,144.56687927246094,144.56687927246094,143.57669516785504,143.57669516785504,8230000
2022-12-30,144.56687927246094,144.56687927246094,143.57669516785504,144.56687927246094,463000
2023-01-02,144.56687927246094,144.56687927246094,142.58651106324913,143.57669516785504,543300
2023-01-03,144.56687927246094,144.56687927246094,143.57669516785504,143.57669516785504,602500
2023-01-04,144.56687927246094,144.56687927246094,142.58651106324913,143.57669516785504,598600
2023-01-05,143.5767059326172,144.56689011146284,142.58652175377156,142.58652175377156,669600
2023-01-06,143.5767059326172,143.5767059326172,141.5963375749259,142.58652175377156,355400
2023-01-09,143.5767059326172,143.5767059326172,141.5963375749259,142.58652175377156,766800
2023-01-10,143.5767059326172,143.5767059326172,139.61596921723464,143.5767059326172,3083800
2023-01-11,143.5767059326172,143.5767059326172,138.625785038389,140.6061533960803,5506100
2023-01-12,142.58651733398438,143.57670148213705,137.63559659322104,143.57670148213705,14897500
2023-01-13,141.59632873535156,142.586512852382,138.62577638426026,142.586512852382,23437600
2023-01-16,139.615966796875,141.59633512023493,137.63559847351507,141.59633512023493,29490000
2023-01-17,139.615966796875,139.615966796875,135.65523015015515,139.615966796875,17275800
2023-01-18,137.63558959960938,139.61595779528722,134.66503730609261,137.63558959960938,27438100
2023-01-19,136.64541625976562,138.62578461135644,136.64541625976562,137.63560043556103,2093100
2023-01-20,136.64541625976562,136.64541625976562,134.6650479081748,135.65523208397022,2346300
2023-01-24,136.64541625976562,137.63560043556103,134.6650479081748,135.65523208397022,7984300
2023-01-25,136.64541625976562,137.63560043556103,134.6650479081748,135.65523208397022,2017600
2023-01-26,136.64541625976562,136.64541625976562,134.6650479081748,135.65523208397022,3130300
2023-01-27,135.6552276611328,137.63559594815663,134.6650435176209,136.64541180464474,3988400
2023-01-30,135.6552276611328,136.64541180464474,134.6650435176209,135.6552276611328,1660100
2023-01-31,136.64541625976562,136.64541625976562,133.6748637323794,135.65523208397022,4040900
2023-02-01,135.6552276611328,138.62578009166856,134.6650435176209,136.64541180464474,2033800
2023-02-02,135.6552276611328,135.6552276611328,133.67485937410896,135.6552276611328,6091400
2023-02-03,135.6552276611328,135.6552276611328,133.67485937410896,135.6552276611328,6804300
2023-02-06,135.6552276611328,136.64541180464474,132.68467523059707,135.6552276611328,7746500
2023-02-07,135.6552276611328,135.6552276611328,133.67485937410896,135.6552276611328,8755900
2023-02-08,135.6552276611328,135.6552276611328,133.67485937410896,135.6552276611328,10547500
2023-02-09,135.6552276611328,135.6552276611328,133.67485937410896,135.6552276611328,4151800
2023-02-10,135.6552276611328,135.6552276611328,132.68467523059707,134.6650435176209,8787100
2023-02-13,135.6552276611328,135.6552276611328,133.67485937410896,135.6552276611328,2196500
2023-02-14,135.6552276611328,135.6552276611328,133.67485937410896,135.6552276611328,4251400
2023-02-15,135.6552276611328,135.6552276611328,133.67485937410896,135.6552276611328,3534000
2023-02-16,135.6552276611328,135.6552276611328,133.67485937410896,135.6552276611328,6692900
2023-02-17,134.6650390625,135.6552231732537,133.67485495174634,134.6650390625,3324700
2023-02-20,134.6650390625,135.6552231732537,132.68467084099265,133.67485495174634,6491500
2023-02-21,133.6748504638672,134.6650345413773,132.68466638635707,134.6650345413773,11970500
2023-02-22,133.6748504638672,133.6748504638672,131.69448230884691,132.68466638635707,6539200
2023-02-23,132.68467712402344,133.67486128166541,131.6944929663815,133.67486128166541,47045100
2023-02-24,133.6748504638672,134.6650345413773,131.69448230884691,131.69448230884691,4330500
2023-02-27,133.6748504638672,133.6748504638672,131.69448230884691,133.6748504638672,4401800
2023-02-28,134.6650390625,134.6650390625,132.68467084099265,132.68467084099265,4237500
2023-03-01,133.6748504638672,134.6650345413773,132.68466638635707,134.6650345413773,4502700
2023-03-02,133.6748504638672,134.6650345413773,133.6748504638672,133.6748504638672,4072300
2023-03-03,133.6748504638672,134.6650345413773,132.68466638635707,133.6748504638672,2689200
2023-03-06,133.6748504638672,134.6650345413773,131.69448230884691,133.6748504638672,4209200
2023-03-07,133.6748504638672,133.6748504638672,131.69448230884691,133.6748504638672,5689900
2023-03-08,133.6748504638672,134.6650345413773,131.69448230884691,133.6748504638672,4992600
2023-03-09,132.68467712402344,133.67486128166541,131.6944929663815,133.67486128166541,734800
2023-03-10,133.6748504638672,133.6748504638672,130.7042982313368,132.68466638635707,8346400
2023-03-13,132.68467712402344,133.67486128166541,131.6944929663815,132.68467712402344,1565400
2023-03-14,132.68467712402344,133.67486128166541,130.7043088087395,132.68467712402344,3508100
2023-03-15,131.69448852539062,132.68467264964167,130.70430440113955,131.69448852539062,2517800
2023-03-16,130.7042999267578,132.68466810746625,128.72393174604935,131.69448401711205,5876300
2023-03-17,129.71412658691406,130.70431075933325,128.72394241449487,129.71412658691406,2095100
2023-03-20,129.71412658691406,129.71412658691406,127.73375824207568,129.71412658691406,886000
2023-03-21,129.71412658691406,130.70431075933325,127.73375824207568,130.70431075933325,1392200
2023-03-24,128.72393798828125,129.71412212665263,127.73375384990985,129.71412212665263,2258400
2023-03-27,128.72393798828125,128.72393798828125,126.74356971153846,128.72393798828125,5859200
2023-03-28,127.73374938964844,128.72393349344415,126.74356528585271,127.73374938964844,1486300
2023-03-29,127.73374938964844,128.72393349344415,126.74356528585271,127.73374938964844,286400
2023-03-30,126.74356842041016,128.72393667697906,124.76320016384125,128.72393667697906,14176100
2023-03-31,125.75338745117188,127.73375575748955,124.76320329801304,126.74357160433071,4453500
2023-04-03,124.76319885253906,126.74356708829364,123.77301473466176,125.75338297041635,2568900
2023-04-04,124.76319885253906,125.75338297041635,122.78283061678447,124.76319885253906,999600
2023-04-05,124.76319885253906,127.73375120617094,123.77301473466176,124.76319885253906,1063300
2023-04-06,125.75338745117188,126.74357160433071,121.79265083853655,124.76320329801304,5451200
2023-04-10,123.77301788330078,126.7435703125,122.78283374023437,125.7533861694336,1487300
2023-04-11,122.78282928466797,124.7631974989368,120.80246107039913,122.78282928466797,9548600
2023-04-12,120.8024673461914,123.77301982191742,119.81228318761606,123.77301982191742,2825800
2023-04-13,121.79264831542969,123.77301658072122,119.81228005013814,120.80246418278391,1426100
2023-04-14,120.8024673461914,122.78283566334208,117.83191487046538,120.8024673461914,5580200
2023-04-17,121.79264831542969,121.79264831542969,118.82209591749238,121.79264831542969,8341100
2023-04-18,120.8024673461914,121.79265150476674,117.83191487046538,121.79265150476674,4914200
2023-04-26,118.82209777832031,121.79265022277832,117.83191363016765,119.81228192647299,3282300
2023-04-27,119.8122787475586,119.8122787475586,118.82209462567795,118.82209462567795,1901000
2023-04-28,118.82209777832031,119.81228192647299,117.83191363016765,119.81228192647299,1224300
2023-05-02,114.86135864257812,118.82209514749461,114.86135864257812,118.82209514749461,3411500
2023-05-03,120.8024673461914,144.56688715199954,114.86136239473937,114.86136239473937,142402100
2023-05-04,118.82209777832031,126.74357096354167,117.83191363016765,121.79265022277832,20043900
2023-05-05,118.82209777832031,121.79265022277832,116.84172948201498,121.79265022277832,8272000
2023-05-08,119.8122787475586,121.7926469913199,116.84172638191664,118.82209462567795,25428100
2023-05-09,121.79264831542969,125.75338484601276,119.81228005013814,119.81228005013814,29251400
2023-05-10,121.79264831542969,122.78283244807545,119.81228005013814,122.78283244807545,10587200
2023-05-11,121.79264831542969,125.75338484601276,120.80246418278391,121.79264831542969,23989000
2023-05-12,121.79264831542969,123.77301658072122,120.80246418278391,121.79264831542969,23098600
2023-05-15,120.8024673461914,123.77301982191742,118.82209902904073,121.79265150476674,10518100
2023-05-16,120.8024673461914,125.7533881390681,119.81228318761606,119.81228318761606,43739500
2023-05-17,120.8024673461914,122.78283566334208,119.81228318761606,121.79265150476674,9437000
2023-05-19,120.8024673461914,121.79265150476674,119.81228318761606,120.8024673461914,17213000
2023-05-22,123.77301788330078,125.7533861694336,121.79264959716797,121.79264959716797,45815800
2023-05-23,125.75338745117188,126.74357160433071,122.78283499169538,124.76320329801304,28829400
2023-05-24,127.73374938964844,128.72393349344415,124.76319707826126,126.74356528585271,30347100
2023-05-25,132.68467712402344,133.67486128166541,126.74357217817165,127.73375633581361,67838700
2023-05-26,132.68467712402344,135.65522959694934,131.6944929663815,135.65522959694934,40648000
2023-05-29,131.69448852539062,135.65522502239486,130.70430440113955,132.68467264964167,44122000
2023-05-30,129.71412658691406,131.69449493175244,129.71412658691406,131.69449493175244,56099600
2023-05-31,127.73374938964844,130.7043017010356,126.74356528585271,130.7043017010356,41894000
2023-06-05,127.73374938964844,129.7141175972399,125.75338118205698,127.73374938964844,14749400
2023-06-06,127.73374938964844,128.72393349344415,126.74356528585271,127.73374938964844,23061900
2023-06-07,126.74356842041016,127.73375254869461,126.74356842041016,127.73375254869461,7335100
2023-06-08,126.74356842041016,126.74356842041016,121.79264777898788,126.74356842041016,30566800
2023-06-09,130.7042999267578,133.67485219782048,123.77301129427823,126.7435635653409,68959300
2023-06-12,132.68467712402344,135.65522959694934,130.7043088087395,130.7043088087395,46730400
2023-06-13,132.68467712402344,133.67486128166541,131.6944929663815,132.68467712402344,14679000
2023-06-14,132.68467712402344,134.66504543930736,131.6944929663815,132.68467712402344,41241800
2023-06-15,132.68467712402344,133.67486128166541,131.6944929663815,132.68467712402344,21448200
2023-06-16,135.6552276611328,137.63559594815663,130.70430694357321,132.68467523059707,38721700
2023-06-19,135.6552276611328,137.63559594815663,134.6650435176209,135.6552276611328,6207100
2023-06-20,134.6650390625,136.64540728400735,132.68467084099265,135.6552231732537,8652200
2023-06-21,133.6748504638672,134.6650345413773,130.7042982313368,134.6650345413773,12076200
2023-06-22,133.6748504638672,134.6650345413773,131.69448230884691,131.69448230884691,12611900
2023-06-23,136.64541625976562,138.62578461135644,133.6748637323794,134.6650479081748,47078000
2023-06-26,135.6552276611328,140.6061483786924,134.6650435176209,137.63559594815663,19961300
2023-06-27,135.6552276611328,137.63559594815663,134.6650435176209,134.6650435176209,49055200
2023-07-03,137.63558959960938,138.6257736974483,133.67485320825372,135.65522140393153,22278300
2023-07-04,136.64541625976562,137.63560043556103,135.65523208397022,137.63560043556103,71954800
2023-07-05,142.58651733398438,148.5276222229004,134.66504414876303,136.64541244506836,70808400
2023-07-06,150.5079803466797,157.43926891527678,142.58650769685443,142.58650769685443,102745700
2023-07-07,152.4883575439453,159.41964652321556,147.53743684446658,150.50798926415382,144678300
2023-07-10,163.38038635253906,167.3411229913885,153.47854475541547,156.44909723455257,136502200
2023-07-11,169.3214874267578,170.3116715637564,159.41964605677197,164.3705667417649,184726900
2023-07-12,178.23313903808594,178.23313903808594,169.32148208618165,171.30185029771593,273515200
2023-07-13,172.2920379638672,188.13498398353315,169.32148558517983,178.23314272124193,224363500
2023-07-14,185.1644287109375,186.1546128216912,169.3214829388787,172.29203527113972,75505800
2023-07-17,181.2036895751953,188.13497824747054,176.2527690949987,188.13497824747054,41919600
2023-07-18,178.23313903808594,183.18405956692166,170.31166619194877,181.20369135538738,51959800
2023-07-20,181.2036895751953,187.14479415143123,178.23313728707737,179.22332138311668,63978900
2023-07-21,181.2036895751953,184.17424186331328,177.24295319103805,181.2036895751953,34593500
2023-07-24,163.38038635253906,184.17425370649858,155.4589130748402,180.21351706764915,246079700
2023-07-25,160.4098358154297,166.3509408456308,160.4098358154297,164.37057250223043,36182700
2023-07-26,166.35093688964844,169.32148933410645,151.4981746673584,160.40983200073242,100702700
2023-07-27,159.41964721679688,168.33130451463023,157.43927892838946,168.33130451463023,71249800
2023-07-28,157.43927001953125,160.4098222840507,154.4687177550118,160.4098222840507,30069800
2023-07-31,153.47854614257812,159.4196511545489,148.52762529926915,158.4294669858871,64875900
2023-08-01,148.52761840820312,155.4589072672526,141.59632954915364,152.48835489908853,132168100
2023-08-02,163.38038635253906,165.36075467196378,145.55707147771662,148.5276239568537,179484100
2023-08-03,164.3705596923828,168.33129607051254,158.42945512518827,164.3705596923828,104138100
2023-08-04,161.40000915527344,166.35092968150883,156.44908862903807,166.35092968150883,55880500
2023-08-07,161.40000915527344,162.39019326052053,159.4196409447793,161.40000915527344,26814500
2023-08-08,158.42945861816406,162.39019508361818,156.44909038543702,161.40001096725464,43920000
2023-08-09,152.4883575439453,158.42946238331982,149.51780512425808,158.42946238331982,94794000
2023-08-10,154.46871948242188,156.44908768091446,150.5079830854367,151.49816718468298,29165500
2023-08-11,154.46871948242188,155.45890358166815,151.49816718468298,154.46871948242188,13939200
2023-08-14,159.41964721679688,162.390199649408,152.4883582073709,154.46872649577833,117016300
2023-08-15,159.41964721679688,163.38038379361168,157.43927892838946,160.40983136100058,74528200
2023-08-16,158.42945861816406,160.4098268508911,153.47853803634644,159.4196427345276,35571300
2023-08-18,158.42945861816406,161.40001096725464,155.45890626907348,158.42945861816406,49002000
2023-08-21,157.43927001953125,159.41963819587755,154.4687177550118,158.4294541077044,26370800
2023-08-22,157.43927001953125,157.43927001953125,153.47853366683864,157.43927001953125,34356700
2023-08-23,159.41964721679688,164.3705679378154,154.46872649577833,157.43927892838946,91238000
2023-08-24,159.41964721679688,161.4000155052043,157.43927892838946,160.40983136100058,90746200
2023-08-25,155.4589080810547,159.4196445926739,155.4589080810547,159.4196445926739,25905000
2023-08-28,155.4589080810547,158.4294604647691,149.51780331362585,155.4589080810547,71164600
2023-08-29,149.51780700683594,156.449096073378,146.5472545497465,155.45891192101485,110682800
2023-08-30,149.51780700683594,150.5079911591991,147.53743870210963,149.51780700683594,24774200
2023-08-31,150.5079803466797,153.47853259036415,147.53742810299522,149.51779626545152,76239400
2023-09-01,150.5079803466797,151.49816442790785,148.5276121842234,150.5079803466797,37695100
2023-09-04,150.5079803466797,151.49816442790785,147.53742810299522,151.49816442790785,44666500
2023-09-05,148.52761840820312,150.50798665364584,144.56688191731772,149.51780253092448,82883700
2023-09-06,148.52761840820312,148.52761840820312,145.55706604003905,147.53743428548177,39464100
2023-09-07,147.5374298095703,148.527613902252,144.56687753152528,147.5374298095703,15563300
2023-09-08,148.52761840820312,149.51780253092448,144.56688191731772,147.53743428548177,127154300
2023-09-11,162.39019775390625,164.37056601919778,146.5472516315739,148.52761989686547,158754800
2023-09-12,166.35093688964844,168.3313051859538,159.41964785257977,163.38038444519043,147893900
2023-09-13,161.40000915527344,167.3411137867559,157.43927273428514,157.43927273428514,38429800
2023-09-14,157.43927001953125,163.38037454857016,157.43927001953125,161.40000637222386,29615700
2023-09-15,154.46871948242188,158.42945587940704,153.47853538317557,157.43927178016074,19662500
2023-09-18,154.46871948242188,158.42945587940704,151.49816718468298,154.46871948242188,41197500
2023-09-19,156.4490966796875,157.43928083588804,152.48836005488528,154.4687283672864,38199200
2023-09-20,156.4490966796875,157.43928083588804,155.45891252348693,156.4490966796875,40327700
2023-09-21,154.46871948242188,156.44908768091446,153.47853538317557,156.44908768091446,46491800
2023-09-22,167.3411102294922,167.3411102294922,155.45890121911404,156.44908530331222,188429100
2023-09-25,167.3411102294922,172.29203065048307,164.37055797689766,168.33129431369036,133966300
2023-09-26,160.4098358154297,170.31167753243153,160.4098358154297,165.3607566739306,55167200
2023-09-27,160.4098358154297,165.3607566739306,158.42946747202933,160.4098358154297,52339000
2023-09-29,161.40000915527344,164.37056147101467,158.4294568395322,158.4294568395322,87675100
2023-10-02,164.3705596923828,165.36074378691524,160.40982331425312,163.3803755978504,78458100
2023-10-03,160.4098358154297,167.34112501733097,159.4196516437295,167.34112501733097,46564200
2023-10-04,150.5079803466797,161.4000052401894,147.53742810299522,160.40982115896125,119759300
2023-10-05,152.4883575439453,154.4687258237368,150.50798926415382,151.49817340404957,33627000
2023-10-06,150.5079803466797,154.46871667159232,149.51779626545152,154.46871667159232,12615000
2023-10-09,152.4883575439453,153.47854168384106,149.51780512425808,150.50798926415382,82339600
2023-10-10,152.4883575439453,153.47854168384106,150.50798926415382,153.47854168384106,12593800
2023-10-11,148.52761840820312,155.4589072672526,147.53743428548177,152.48835489908853,95014700
2023-10-12,141.59632873535156,150.50798578862543,135.655224033169,149.517801671595,154903300
2023-10-13,134.6650390625,143.5766960592831,130.7043026194853,143.5766960592831,156460300
2023-10-16,136.64541625976562,136.64541625976562,131.6944953807886,135.65523208397022,71575100
2023-10-17,136.64541625976562,137.63560043556103,131.6944953807886,135.65523208397022,72817100
2023-10-18,137.63558959960938,139.61595779528722,133.67485320825372,136.64540550177045,62232500
2023-10-19,135.6552276611328,138.62578009166856,129.7141228000613,138.62578009166856,69322800
2023-10-20,134.6650390625,135.6552231732537,129.71411850873162,129.71411850873162,15957100
2023-10-23,132.68467712402344,133.67486128166541,126.74357217817165,133.67486128166541,61191000
2023-10-24,133.6748504638672,134.6650345413773,130.7042982313368,130.7042982313368,105638200
2023-10-25,133.6748504638672,135.65521861888743,130.7042982313368,135.65521861888743,65104800
2023-10-26,128.72393798828125,133.67485868013821,123.77301729642427,133.67485868013821,106979400
2023-10-27,131.69448852539062,131.69448852539062,126.74356790413533,128.72393615263744,42582200
2023-10-30,131.69448852539062,133.67485677389274,126.74356790413533,133.67485677389274,88807200
2023-10-31,130.7042999267578,133.67485219782048,128.72393174604935,133.67485219782048,64263300
2023-11-01,118.82209777832031,130.70430755615234,113.87117703755698,128.72393925984701,229633300
2023-11-02,122.78282928466797,125.75338160607122,116.84172464186145,118.82209285613028,74702800
2023-11-03,123.77301788330078,126.7435703125,122.78283374023437,124.76320202636718,33856700
2023-11-06,123.77301788330078,124.76320202636718,122.78283374023437,123.77301788330078,23560600
2023-11-07,123.77301788330078,125.7533861694336,121.79264959716797,124.76320202636718,135778000
2023-11-08,121.79264831542969,123.77301658072122,118.82209591749238,123.77301658072122,77432100
2023-11-09,120.8024673461914,123.77301982191742,118.82209902904073,122.78283566334208,49902600
2023-11-10,117.8319091796875,123.77301384420956,115.85154095818015,123.77301384420956,33037900
2023-11-13,117.8319091796875,119.81227740119486,115.85154095818015,117.8319091796875,78869400
2023-11-14,117.8319091796875,120.80246151194854,116.84172506893383,118.82209329044119,87840100
2023-11-15,121.79264831542969,123.77301658072122,117.8319117848466,118.82209591749238,87147400
2023-11-16,122.78282928466797,123.77301339180238,120.80246107039913,122.78282928466797,57823200
2023-11-17,124.76319885253906,124.76319885253906,121.79264649890717,122.78283061678447,36596300
2023-11-20,124.76319885253906,126.74356708829364,122.78283061678447,123.77301473466176,94398300
2023-11-21,131.69448852539062,133.67485677389274,125.75338377988427,125.75338377988427,84792700
2023-11-22,139.615966796875,140.60615095855496,131.6944935034353,131.6944935034353,124436600
2023-11-23,136.64541625976562,141.59633713874263,134.6650479081748,139.61596878715184,77198600
2023-11-24,132.68467712402344,136.64541375459132,131.6944929663815,135.65522959694934,27084200
2023-11-27,132.68467712402344,135.65522959694934,131.6944929663815,132.68467712402344,63480200
2023-11-28,131.69448852539062,135.65522502239486,130.70430440113955,132.68467264964167,81084200
2023-11-29,128.72393798828125,131.69449040339543,126.74356971153846,129.71412212665263,55145500
2023-11-30,128.72393798828125,130.70430626502403,127.73375384990985,127.73375384990985,114204900
2023-12-01,128.72393798828125,128.72393798828125,124.76320143479566,128.72393798828125,9584600
2023-12-04,128.72393798828125,129.71412212665263,125.75338557316707,128.72393798828125,102738500
2023-12-05,128.72393798828125,133.67485868013821,127.73375384990985,128.72393798828125,141310800
2023-12-06,127.73374938964844,130.7043017010356,125.75338118205698,128.72393349344415,71585600
2023-12-07,127.73374938964844,128.72393349344415,126.74356528585271,127.73374938964844,38616400
2023-12-08,127.73374938964844,129.7141175972399,127.73374938964844,127.73374938964844,9616700
2023-12-11,125.75338745117188,127.73375575748955,121.79265083853655,127.73375575748955,95632100
2023-12-12,125.75338745117188,126.74357160433071,122.78283499169538,125.75338745117188,21979300
2023-12-13,125.75338745117188,126.74357160433071,124.76320329801304,126.74357160433071,44632300
2023-12-14,126.74356842041016,126.74356842041016,124.76320016384125,125.7533842921257,45878200
2023-12-15,125.75338745117188,127.73375575748955,123.7730191448542,126.74357160433071,79477800
2023-12-18,127.73374938964844,129.7141175972399,124.76319707826126,125.75338118205698,61780700
2023-12-19,128.72393798828125,131.69449040339543,126.74356971153846,127.73375384990985,111375200
2023-12-20,129.71412658691406,132.68467910417164,129.71412658691406,129.71412658691406,75035800
2023-12-21,128.72393798828125,131.69449040339543,126.74356971153846,129.71412212665263,53697300
2023-12-22,128.72393798828125,128.72393798828125,125.75338557316707,128.72393798828125,70388400
2023-12-27,128.72393798828125,132.6846745417668,127.73375384990985,128.72393798828125,62381700
2023-12-28,131.69448852539062,135.65522502239486,128.72393615263744,128.72393615263744,120426500
2023-12-29,132.68467712402344,133.67486128166541,131.6944929663815,131.6944929663815,49334000
2024-01-02,130.7042999267578,133.67485219782048,127.73374765569513,132.68466810746625,61929000
2024-01-03,129.71412658691406,130.70431075933325,128.72394241449487,129.71412658691406,49756100
2024-01-04,128.72393798828125,129.71412212665263,125.75338557316707,129.71412212665263,77308000
2024-01-05,127.73374938964844,129.7141175972399,126.74356528585271,128.72393349344415,57935400
2024-01-08,128.72393798828125,130.70430626502403,125.75338557316707,127.73375384990985,70344400
2024-01-09,127.73374938964844,130.7043017010356,126.74356528585271,128.72393349344415,62442400
2024-01-10,128.72393798828125,129.71412212665263,126.74356971153846,127.73375384990985,74047100
2024-01-11,127.73374938964844,128.72393349344415,126.74356528585271,127.73374938964844,55339500
2024-01-12,125.75338745117188,127.73375575748955,123.7730191448542,126.74357160433071,46466600
2024-01-15,125.75338745117188,125.75338745117188,123.7730191448542,125.75338745117188,47540800
2024-01-16,127.73374938964844,129.7141175972399,124.76319707826126,125.75338118205698,89073800
2024-01-17,125.75338745117188,128.72393991064837,124.76320329801304,127.73375575748955,10343100
2024-01-18,124.76319885253906,125.75338297041635,123.77301473466176,125.75338297041635,53202500
2024-01-19,123.77301788330078,124.76320202636718,121.79264959716797,124.76320202636718,81709700
2024-01-22,120.8024673461914,123.77301982191742,119.81228318761606,123.77301982191742,75333700
2024-01-23,120.8024673461914,123.77301982191742,115.8515465533147,118.82209902904073,59535700
2024-01-24,121.79264831542969,122.78283244807545,117.8319117848466,121.79264831542969,90242500
2024-01-25,120.8024673461914,121.79265150476674,118.82209902904073,121.79265150476674,65826400
2024-01-26,119.8122787475586,120.80246286943924,115.851542260036,119.8122787475586,52161000
2024-01-29,118.82209777832031,119.81228192647299,116.84172948201498,118.82209777832031,71396500
2024-01-30,119.8122787475586,119.8122787475586,116.84172638191664,118.82209462567795,96115000
2024-01-31,121.79264831542969,121.79264831542969,118.82209591749238,120.80246418278391,68587100
2024-02-01,119.8122787475586,121.7926469913199,118.82209462567795,121.7926469913199,55673300
2024-02-02,119.8122787475586,119.8122787475586,114.86135813815534,119.8122787475586,68813800
2024-02-05,120.8024673461914,120.8024673461914,116.84173071189005,120.8024673461914,58667600
2024-02-06,119.8122787475586,121.7926469913199,116.84172638191664,120.80246286943924,116102400
2024-02-07,118.82209777832031,123.77301851908366,116.84172948201498,123.77301851908366,111903100
2024-02-12,125.75338745117188,131.6944923701249,118.82209837906004,118.82209837906004,109298700
2024-02-13,123.77301788330078,126.7435703125,119.81228131103515,125.7533861694336,68185800
2024-02-15,123.77301788330078,125.7533861694336,121.79264959716797,123.77301788330078,57563600
2024-02-16,121.79264831542969,123.77301658072122,119.81228005013814,123.77301658072122,44638900
2024-02-19,121.79264831542969,122.78283244807545,120.80246418278391,121.79264831542969,32718500
2024-02-20,121.79264831542969,122.78283244807545,119.81228005013814,121.79264831542969,53249000
2024-02-21,119.8122787475586,121.7926469913199,117.83191050379729,120.80246286943924,98957300
2024-02-22,119.8122787475586,121.7926469913199,118.82209462567795,119.8122787475586,71493300
2024-02-23,120.8024673461914,120.8024673461914,119.81228318761606,119.81228318761606,67354800
2024-02-26,119.8122787475586,121.7926469913199,118.82209462567795,119.8122787475586,97672700
2024-02-27,120.8024673461914,122.78283566334208,118.82209902904073,119.81228318761606,123096700
2024-02-28,120.8024673461914,120.8024673461914,119.81228318761606,120.8024673461914,130991200
2024-02-29,119.8122787475586,121.7926469913199,116.84172638191664,120.80246286943924,128093800
2024-03-01,119.8122787475586,119.8122787475586,116.84172638191664,118.82209462567795,76100900
2024-03-04,120.8024673461914,120.8024673461914,115.8515465533147,119.81228318761606,72613700
2024-03-05,117.8319091796875,120.80246151194854,116.84172506893383,120.80246151194854,61714400
2024-03-06,117.8319091796875,118.82209329044119,116.84172506893383,117.8319091796875,61431700
2024-03-07,116.84172821044922,117.8319123478259,113.87117579831916,117.8319123478259,93215100
2024-03-08,114.86135864257812,117.8319110212655,110.90062213766164,116.84172689503637,104442600
2024-03-13,116.84172821044922,116.84172821044922,112.88099166094247,113.87117579831916,149681300
2024-03-14,117.8319091796875,117.8319091796875,113.8711727366728,116.84172506893383,82601100
2024-03-15,117.8319091796875,118.82209329044119,115.85154095818015,117.8319091796875,74297200
2024-03-18,120.8024673461914,120.8024673461914,116.84173071189005,118.82209902904073,92835300
2024-03-19,120.8024673461914,125.7533881390681,118.82209902904073,120.8024673461914,108399600
2024-03-20,119.8122787475586,121.7926469913199,118.82209462567795,120.80246286943924,119520500
2024-03-21,118.82209777832031,119.81228192647299,116.84172948201498,119.81228192647299,81527200
2024-03-22,119.8122787475586,119.8122787475586,117.83191050379729,117.83191050379729,111489400
2024-03-25,121.79264831542969,122.78283244807545,118.82209591749238,122.78283244807545,98515700
2024-03-26,121.79264831542969,121.79264831542969,119.81228005013814,121.79264831542969,109715400
2024-03-27,123.77301788330078,127.7337544555664,119.81228131103515,120.80246545410157,120348100
2024-03-28,123.77301788330078,128.7239385986328,119.81228131103515,123.77301788330078,97714700
2024-04-01,121.79264831542969,124.76320071336698,118.82209591749238,124.76320071336698,90899900
2024-04-02,125.75338745117188,125.75338745117188,120.80246668537771,120.80246668537771,94251900
2024-04-03,123.77301788330078,125.7533861694336,121.79264959716797,125.7533861694336,61720500
2024-04-04,121.79264831542969,124.76320071336698,117.8319117848466,124.76320071336698,82854600
2024-04-05,120.8024673461914,121.79265150476674,117.83191487046538,121.79265150476674,141985800
2024-04-16,118.82209777832031,120.80246607462566,114.86136118570964,120.80246607462566,83048200
2024-04-17,118.82209777832031,118.82209777832031,113.87117703755698,118.82209777832031,113666100
2024-04-18,121.79264831542969,122.78283244807545,116.84172765220083,118.82209591749238,87717000
2024-04-19,120.8024673461914,121.79265150476674,118.82209902904073,121.79265150476674,77236000
2024-04-22,122.78282928466797,124.7631974989368,119.81227696326471,120.80246107039913,71962400
2024-04-23,121.79264831542969,123.77301658072122,119.81228005013814,123.77301658072122,86916100
2024-04-24,120.8024673461914,122.78283566334208,119.81228318761606,122.78283566334208,83810100
2024-04-25,119.8122787475586,120.80246286943924,117.83191050379729,119.8122787475586,121938500
2024-04-26,118.82209777832031,119.81228192647299,116.84172948201498,119.81228192647299,172169100
2024-04-29,117.8319091796875,118.82209329044119,114.86135684742648,118.82209329044119,130750600
2024-04-30,120.8024673461914,122.78283566334208,115.8515465533147,115.8515465533147,103785200
2024-05-02,117.8319091796875,120.80246151194854,114.86135684742648,120.80246151194854,157541600
2024-05-03,118.82209777832031,118.82209777832031,115.8515453338623,117.83191363016765,95903900
2024-05-06,118.82209777832031,118.82209777832031,116.84172948201498,117.83191363016765,73555700
2024-05-07,118.82209777832031,120.80246607462566,116.84172948201498,118.82209777832031,62119300
2024-05-08,117.8319091796875,119.81227740119486,115.85154095818015,118.82209329044119,73275500
2024-05-13,117.8319091796875,117.8319091796875,115.85154095818015,116.84172506893383,123948500
2024-05-14,117.8319091796875,118.82209329044119,116.84172506893383,117.8319091796875,70694800
2024-05-15,120.8024673461914,123.77301982191742,116.84173071189005,117.83191487046538,134985300
2024-05-16,122.78282928466797,122.78282928466797,119.81227696326471,120.80246107039913,112941300
2024-05-17,121.79264831542969,123.77301658072122,118.82209591749238,122.78283244807545,192355100
2024-05-20,118.82209777832031,121.79265022277832,117.83191363016765,121.79265022277832,146267700
2024-05-21,117.8319091796875,118.82209329044119,115.85154095818015,117.8319091796875,22933200
2024-05-22,117.8319091796875,117.8319091796875,115.85154095818015,117.8319091796875,187002500
2024-05-27,116.84172821044922,117.8319123478259,115.85154407307253,117.8319123478259,131432100
2024-05-28,118.82209777832031,119.81228192647299,116.84172948201498,117.83191363016765,126809200
2024-05-29,116.84172821044922,118.8220964852026,113.87117579831916,118.8220964852026,98376500
2024-05-30,115.8515396118164,116.8417237110627,113.87117141332381,116.8417237110627,128043400
2024-05-31,116.84172821044922,116.84172821044922,114.86135993569584,115.85154407307253,93337100
2024-06-03,116.84172821044922,116.84172821044922,114.86135993569584,116.84172821044922,128011700
2024-06-04,116.84172821044922,117.8319123478259,115.85154407307253,116.84172821044922,125663400
2024-06-05,116.84172821044922,117.8319123478259,114.86135993569584,117.8319123478259,147342600
2024-06-06,116.84172821044922,116.84172821044922,115.85154407307253,115.85154407307253,137175900
2024-06-07,115.8515396118164,116.8417237110627,114.8613555125701,116.8417237110627,111905500
2024-06-10,115.8515396118164,116.8417237110627,114.8613555125701,115.8515396118164,119621900
2024-06-11,116.84172821044922,116.84172821044922,114.86135993569584,115.85154407307253,124637500
2024-06-12,115.8515396118164,116.8417237110627,113.87117141332381,116.8417237110627,124929500
2024-06-13,115.8515396118164,116.8417237110627,114.8613555125701,115.8515396118164,135460100
2024-06-14,114.86135864257812,115.85154276880725,111.89080626389077,114.86135864257812,152962300
2024-06-19,113.87117767333984,114.86136182702106,108.92025690493377,113.87117767333984,154684000
2024-06-20,113.87117767333984,113.87117767333984,110.90062521229619,112.88099351965863,169342800
2024-06-21,116.84172821044922,116.84172821044922,112.88099166094247,113.87117579831916,96551700
2024-06-24,117.8319091796875,118.82209329044119,115.85154095818015,115.85154095818015,166910800
2024-06-25,117.8319091796875,118.82209329044119,115.85154095818015,117.8319091796875,92093900
2024-06-26,118.82209777832031,118.82209777832031,116.84172948201498,117.83191363016765,143125300
2024-06-27,118.82209777832031,118.82209777832031,117.83191363016765,118.82209777832031,147546200
2024-06-28,118.82209777832031,118.82209777832031,116.84172948201498,118.82209777832031,139629500
2024-07-01,118.82209777832031,118.82209777832031,116.84172948201498,117.83191363016765,143190900
2024-07-02,118.82209777832031,118.82209777832031,116.84172948201498,117.83191363016765,127138900
2024-07-03,120.8024673461914,124.76320398049276,117.83191487046538,118.82209902904073,176567600
2024-07-04,124.76319885253906,127.73375120617094,120.80246238102988,122.78283061678447,180472400
2024-07-05,127.73374938964844,129.7141175972399,124.76319707826126,124.76319707826126,146175100
2024-07-08,129.71412658691406,130.70431075933325,128.72394241449487,128.72394241449487,134506500
2024-07-09,132.68467712402344,132.68467712402344,128.7239404934556,128.7239404934556,89143000
2024-07-10,141.59632873535156,143.57669696941244,131.69448756504727,131.69448756504727,173213800
2024-07-11,146.54725646972656,152.4883614617425,141.59633564304661,141.59633564304661,150479300
2024-07-12,151.4981689453125,152.4883530560662,144.56688017003677,146.54724839154412,167679000
2024-07-15,150.5079803466797,154.46871667159232,147.53742810299522,152.488348509136,162132000
2024-07-16,148.52761840820312,150.50798665364584,146.5472501627604,149.51780253092448,176547900
2024-07-17,135.6552276611328,148.52762152678775,126.74357036952554,147.53743738327583,229685600
2024-07-18,132.68467712402344,135.65522959694934,122.78283554760378,135.65522959694934,230627600
2024-07-19,130.7042999267578,132.68466810746625,126.7435635653409,132.68466810746625,93752600
2024-07-22,129.71412658691406,131.69449493175244,126.74357406965649,129.71412658691406,137869300
2024-07-23,132.68467712402344,132.68467712402344,127.73375633581361,128.7239404934556,132870000
2024-07-24,130.7042999267578,133.67485219782048,129.71411583640358,131.69448401711205,115254900
2024-07-25,128.72393798828125,131.69449040339543,127.73375384990985,131.69449040339543,125228100
2024-07-26,130.7042999267578,130.7042999267578,125.75337947498669,128.72393174604935,151614400
2024-07-29,131.69448852539062,131.69448852539062,128.72393615263744,130.70430440113955,217510900
2024-07-30,129.71412658691406,131.69449493175244,127.73375824207568,131.69449493175244,199480400
2024-07-31,130.7042999267578,132.68466810746625,127.73374765569513,129.71411583640358,209096100
2024-08-01,130.7042999267578,131.69448401711205,127.73374765569513,130.7042999267578,151755500
2024-08-02,130.7042999267578,131.69448401711205,128.72393174604935,131.69448401711205,138946300
2024-08-05,128.72393798828125,130.70430626502403,124.76320143479566,130.70430626502403,66678200
2024-08-06,128.72393798828125,130.70430626502403,125.75338557316707,128.72393798828125,27273700
2024-08-07,132.68467712402344,134.66504543930736,127.73375633581361,128.7239404934556,134428000
2024-08-08,138.6257781982422,143.5766988481794,130.70430515834263,133.67485754830497,248335100
2024-08-09,139.615966796875,143.57670344359485,135.65523015015515,138.62578263519504,229729900
2024-08-12,138.6257781982422,141.59633058820452,136.6454099382673,139.61596232822964,302531200
2024-08-13,140.60614013671875,142.58650830765845,138.62577196577905,138.62577196577905,283785700
2024-08-14,143.5767059326172,145.55707429030846,139.61596921723464,140.6061533960803,187674800
2024-08-15,145.55706787109375,146.54725200627126,139.6159630600287,143.57669960073872,137352700
2024-08-16,148.52761840820312,152.48835489908853,142.586513671875,145.55706604003905,183590000
2024-08-19,148.52761840820312,152.48835489908853,147.53743428548177,148.52761840820312,140273200
2024-08-20,148.52761840820312,149.51780253092448,146.5472501627604,147.53743428548177,13218900
2024-08-21,148.52761840820312,152.48835489908853,143.57669779459636,148.52761840820312,238981100
2024-08-22,148.52761840820312,150.50798665364584,144.56688191731772,148.52761840820312,88672000
2024-08-23,148.52761840820312,149.51780253092448,145.55706604003905,149.51780253092448,180208800
2024-08-26,148.52761840820312,150.50798665364584,146.5472501627604,147.53743428548177,217575800
2024-08-27,151.4981689453125,156.44908949908088,146.54724839154412,149.51780072380515,234926500
2024-08-28,154.46871948242188,157.43927178016074,151.49816718468298,152.4883512839293,185258500
2024-08-29,152.4883575439453,156.44909410352832,148.52762098436233,155.45890996363258,57227800
2024-08-30,151.4981689453125,156.44908949908088,147.5374325022978,152.4883530560662,209034300
2024-09-02,151.4981689453125,153.47853716681985,145.55706428079046,152.4883530560662,149193900
2024-09-03,150.5079803466797,151.49816442790785,149.51779626545152,151.49816442790785,124448700
2024-09-04,151.4981689453125,155.45890538832722,148.52761661305146,150.50798483455884,150255100
2024-09-05,164.3705596923828,170.31166425957738,151.49816646346127,151.49816646346127,159179800
2024-09-06,172.2920379638672,179.22332684747104,164.37056495403422,165.36074908026333,264434800
2024-09-09,176.25277709960938,178.23314538162745,168.33130397153704,173.28222467658225,221212000
2024-09-10,180.21351623535156,195.06627856244097,176.25277961479438,177.24296376993368,204182400
2024-09-11,180.21351623535156,183.18406870076944,176.25277961479438,181.20370039049084,248964200
2024-09-12,178.23313903808594,182.1938754611545,172.2920344034831,180.21350724962022,178929100
2024-09-13,177.2429656982422,189.1251756891858,173.28222903459434,178.23314986415417,168679900
2024-09-17,180.21351623535156,186.15462116618733,176.25277961479438,176.25277961479438,137224600
2024-09-18,179.22332763671875,184.17424828966676,179.22332763671875,182.19388002848757,67935200
2024-09-19,181.2036895751953,186.1546100553919,179.22332138311668,180.213505479156,226189300
2024-09-20,186.1546173095703,186.1546173095703,178.23314423256733,182.19388077106882,160897800
2024-09-23,182.19387817382812,188.13498289688772,181.20369405331817,185.16443053535792,91251800
2024-09-24,181.2036895751953,184.17424186331328,179.22332138311668,182.19387367123463,91044300
2024-09-25,184.17425537109375,188.13499204574094,181.20370286510837,181.20370286510837,210223200
2024-09-26,182.19387817382812,188.13498289688772,182.19387817382812,185.16443053535792,84078500
2024-09-27,183.18406677246094,189.12517164075695,180.2135143383129,183.18406677246094,181192800
2024-09-30,181.2036895751953,184.17424186331328,175.2625849989594,182.19387367123463,167399300
2024-10-01,181.2036895751953,187.14479415143123,179.22332138311668,181.2036895751953,239119900
2024-10-02,180.21351623535156,185.16443701104802,177.24296376993368,181.20370039049084,257406100
2024-10-03,181.2036895751953,185.1644259593526,180.213505479156,181.2036895751953,184127800
2024-10-04,182.19387817382812,187.1447987763778,181.20369405331817,182.19387817382812,186652000
2024-10-07,182.19387817382812,188.13498289688772,179.2233258122983,182.19387817382812,106844000
2024-10-08,183.18406677246094,186.15461920660894,181.20369848302892,182.19388262774493,188845200
2024-10-09,181.2036895751953,184.17424186331328,177.24295319103805,183.18405776727394,76703300
2024-10-10,183.18406677246094,185.16443506189293,181.20369848302892,181.20369848302892,199243700
2024-10-11,181.2036895751953,194.07608282370646,178.23313728707737,181.2036895751953,274742100
2024-10-14,181.2036895751953,184.17424186331328,180.213505479156,184.17424186331328,234850400
2024-10-15,183.18406677246094,185.16443506189293,181.20369848302892,181.20369848302892,172920300
2024-10-16,183.18406677246094,184.17425091717692,180.2135143383129,183.18406677246094,233096800
2024-10-17,182.19387817382812,186.15461465586787,181.20369405331817,183.18406229433805,187603100
2024-10-18,183.18406677246094,185.16443506189293,182.19388262774493,182.19388262774493,236766200
2024-10-21,194.0760955810547,200.01720054782166,183.18406980864856,183.18406980864856,328407100
2024-10-22,195.06626892089844,203.97792587667553,191.10553249610862,194.07608481470098,152640700
2024-10-23,191.10552978515625,198.0368184302137,185.16442523224984,195.06626615376052,188570000
2024-10-24,190.1153564453125,191.10554059346518,187.1448040008545,190.1153564453125,100739000
2024-10-25,189.1251678466797,195.06627259579005,187.14479959697624,190.11535197153142,145154100
2024-10-28,190.1153564453125,195.06627718607587,185.16443570454916,188.13498814900717,143816100
2024-10-29,191.10552978515625,193.0858979694584,188.13497750870303,190.11534569300517,76353900
2024-10-30,190.1153564453125,191.10554059346518,187.1448040008545,191.10554059346518,147775800
2024-10-31,192.09571838378906,200.0171913068319,188.13498192226763,193.0859024991694,214412000
2024-11-01,191.10552978515625,193.0858979694584,181.20368886364557,193.0858979694584,123913300
2024-11-04,188.13497924804688,191.1055315519634,186.15461104543584,191.1055315519634,191808600
2024-11-05,190.1153564453125,192.09572474161786,188.13498814900717,188.13498814900717,169877200
2024-11-06,188.13497924804688,193.08589975457443,186.15461104543584,190.11534745065788,85943700
2024-11-07,185.1644287109375,191.10553337545957,183.18406048943015,188.13498104319854,179089200
2024-11-08,187.14480590820312,188.13499006644759,183.18406927522528,186.15462174995866,178105100
2024-11-11,183.18406677246094,187.14480335132495,171.30185703586886,187.14480335132495,112010700
2024-11-12,182.19387817382812,183.18406229433805,178.23314169178838,183.18406229433805,162468900
2024-11-13,185.1644287109375,187.14479693244485,179.22332404641546,182.1938763786765,141570700
2024-11-14,185.1644287109375,185.1644287109375,180.21350815716912,185.1644287109375,163999800
2024-11-15,185.1644287109375,185.1644287109375,180.21350815716912,185.1644287109375,160699500
2024-11-18,187.14480590820312,188.13499006644759,181.20370095873636,184.17425343346974,134258400
2024-11-19,187.14480590820312,188.13499006644759,184.17425343346974,188.13499006644759,102679000
2024-11-20,190.1153564453125,191.10554059346518,183.18406740824383,187.1448040008545,176194600
2024-11-21,191.10552978515625,192.0957138773073,187.14479341655198,190.11534569300517,138875000
2024-11-22,192.09571838378906,192.09571838378906,188.13498192226763,192.09571838378906,113357900
2024-11-25,196.05645751953125,200.01719403507735,189.1251686173256,192.09572100398518,170146200
2024-11-26,194.0760955810547,200.01720054782166,189.12517477541553,196.05646390331034,175219700
2024-11-28,193.08590698242188,195.06627525916466,189.1251704289363,192.09572284405047,109301800
2024-11-29,193.08590698242188,195.06627525916466,190.1153545673077,194.07609112079325,72103900
2024-12-02,194.0760955810547,197.0466480644382,191.1055430976712,193.08591141992684,200098600
2024-12-03,195.06626892089844,195.06626892089844,189.1251642837137,194.07608481470098,197644500
2024-12-04,196.05645751953125,196.05645751953125,191.10553687509866,196.05645751953125,146546000
2024-12-05,200.01719665527344,205.95830150642016,194.0760918041267,195.06627594598447,133451600
2024-12-06,200.01719665527344,201.997564938989,197.04664422970006,201.997564938989,84687300
2024-12-09,201.99755859375,201.99755859375,194.0760857077206,200.01719037224265,83755800
2024-12-10,198.0368194580078,201.99755584716797,194.07608306884765,201.99755584716797,94708800
2024-12-11,196.05645751953125,198.0368257773043,192.09572100398518,197.0466416484178,196208600
2024-12-12,198.0368194580078,200.0171876525879,191.10553077697753,195.0662671661377,202450700
2024-12-13,196.05645751953125,201.9975622928504,194.07608926175823,198.0368257773043,105468800
2024-12-16,196.05645751953125,197.0466416484178,193.0859051328717,197.0466416484178,187245600
2024-12-17,196.05645751953125,197.0466416484178,193.0859051328717,196.05645751953125,162640500
2024-12-18,195.06626892089844,196.0564530270959,187.1447960713188,196.0564530270959,169293000
2024-12-19,191.10552978515625,194.07608206160944,186.1546093244009,192.0957138773073,91870300
2024-12-20,190.1153564453125,192.09572474161786,187.1448040008545,189.12517229715985,107598000
2024-12-23,186.1546173095703,190.1153538480718,182.19388077106882,190.1153538480718,65358500
2024-12-24,187.14480590820312,189.12517422469205,179.22333264224744,183.18406927522528,109589300
2024-12-27,188.13497924804688,189.12516334935236,185.16442694413033,186.15461104543584,176682100
2024-12-30,184.17425537109375,189.12517621440273,182.19388703377015,188.13499204574094,41018500
2025-01-02,186.1546173095703,188.13498557882107,180.21351250181806,185.16443317494495,223595900
2025-01-03,188.13497924804688,191.1055315519634,185.16442694413033,188.13497924804688,216543200
2025-01-06,187.14480590820312,189.12517422469205,185.1644375917142,188.13499006644759,121234100
2025-01-07,187.14480590820312,188.13499006644759,184.17425343346974,186.15462174995866,91983700
2025-01-08,187.14480590820312,187.14480590820312,184.17425343346974,187.14480590820312,8958200
2025-01-09,187.14480590820312,189.12517422469205,184.17425343346974,187.14480590820312,143786500
2025-01-10,189.1251678466797,190.11535197153142,184.17424722242106,184.17424722242106,188151900
2025-01-13,194.0760955810547,198.036832225566,188.13499061428772,189.12517477541553,205900400
2025-01-14,189.1251678466797,197.0466408454935,185.1644313472728,195.06627259579005,140963600
2025-01-15,189.1251678466797,189.1251678466797,185.1644313472728,189.1251678466797,230415700
2025-01-16,189.1251678466797,190.11535197153142,186.1546154721245,189.1251678466797,161500900
2025-01-17,190.1153564453125,194.0760930379232,186.15461985270184,189.12517229715985,155943100
2025-01-20,188.13497924804688,191.1055315519634,187.14479514674136,191.1055315519634,79283100
2025-01-21,190.1153564453125,190.1153564453125,185.16443570454916,188.13498814900717,73824900
2025-01-22,187.14480590820312,190.1153583829365,184.17425343346974,190.1153583829365,152898300
2025-01-23,186.1546173095703,187.14480144419568,184.17424904031958,186.1546173095703,28116400
2025-01-24,184.17425537109375,185.16443953975553,181.20370286510837,185.16443953975553,41532500
2025-01-30,186.1546173095703,187.14480144419568,182.19388077106882,182.19388077106882,154287800
2025-01-31,187.14480590820312,187.14480590820312,184.17425343346974,186.15462174995866,150262200
2025-02-03,185.1644287109375,187.14479693244485,182.1938763786765,185.1644287109375,68946800
2025-02-04,185.1644287109375,186.1546128216912,182.1938763786765,185.1644287109375,165190300
2025-02-05,187.14480590820312,189.12517422469205,183.18406927522528,185.1644375917142,168441700
2025-02-06,185.1644287109375,187.14479693244485,183.18406048943015,187.14479693244485,95880700
2025-02-07,182.19387817382812,185.16443053535792,179.2233258122983,185.16443053535792,32774300
2025-02-10,184.17425537109375,184.17425537109375,179.22333452778477,182.19388703377015,222084100
2025-02-11,181.2036895751953,184.17424186331328,173.28221680688077,184.17424186331328,68251700
2025-02-12,179.22332763671875,181.20369589789794,177.24295937553953,180.21351176730835,89022900
2025-02-13,179.22332763671875,179.22332763671875,176.25277524494993,178.23314350612912,157893500
2025-02-14,179.22332763671875,180.21351176730835,176.25277524494993,179.22332763671875,217436900
2025-02-17,179.22332763671875,180.21351176730835,176.25277524494993,179.22332763671875,185523400
2025-02-18,177.2429656982422,180.21351819597808,175.26259736641825,179.22333403006613,178480700
2025-02-19,179.22332763671875,180.21351176730835,174.2724069837707,177.24295937553953,207397500
2025-02-20,181.2036895751953,182.19387367123463,178.23313728707737,179.22332138311668,158010300
2025-02-21,179.22332763671875,182.19388002848757,175.2625911143603,182.19388002848757,164315500
2025-02-24,180.21351623535156,181.20370039049084,176.25277961479438,179.22333208021226,219398100
2025-02-25,176.25277709960938,183.18406608667266,173.28222467658225,183.18406608667266,219066900
2025-02-26,175.26258850097656,176.25277261680128,172.29203615350238,176.25277261680128,22872900
2025-02-27,174.27239990234375,174.27239990234375,171.30184763128108,174.27239990234375,9848100
2025-02-28,171.30184936523438,173.28221756598853,163.38037656221775,173.28221756598853,66563800
2025-03-03,170.31167602539062,173.28222851420557,165.36075521069904,168.33130769951399,20508000
2025-03-04,168.331298828125,169.3214829388787,164.3705623851103,169.3214829388787,19920000
2025-03-05,169.3214874267578,170.3116715637564,165.36075087876347,168.33130328975923,203986200
2025-03-06,172.2920379638672,172.2920379638672,167.34111733272158,167.34111733272158,187409700
2025-03-07,169.3214874267578,173.28222397475213,166.35093501576205,173.28222397475213,206866600
2025-03-10,170.31167602539062,170.31167602539062,166.35093937363735,170.31167602539062,202395800
2025-03-11,172.2920379638672,174.27240621632544,167.34111733272158,170.31166971140894,207372600
2025-03-12,177.2429656982422,177.2429656982422,170.3116765368584,173.28222903459434,206031100
2025-03-13,175.26258850097656,179.22332496427546,171.30185203767766,175.26258850097656,142632500
2025-03-14,173.2822265625,176.25277901785714,171.30185825892858,175.26259486607142,201961300
2025-03-17,176.25277709960938,177.2429612406184,172.2920405355732,175.26259295860032,128330900
2025-03-18,173.2822265625,177.24296316964285,168.33130580357144,175.26259486607142,185036600
2025-03-19,171.30184936523438,174.2724016663656,168.33129706410313,173.28221756598853,148435300
2025-03-20,172.2920379638672,172.2920379638672,165.36074908026333,170.31166971140894,156508000
2025-03-21,169.3214874267578,173.28222397475213,168.33130328975923,172.29203983775355,123991300
2025-03-24,168.331298828125,169.3214829388787,161.40001005284927,168.331298828125,14338200
2025-03-25,169.3214874267578,173.28222397475213,166.35093501576205,169.3214874267578,115920400
2025-03-26,173.2822265625,174.2724107142857,169.32148995535715,169.32148995535715,217093100
2025-03-27,177.2429656982422,178.23314986415417,171.3018607027704,172.29204486868235,176810300
2025-04-08,159.41964721679688,170.31167280303765,155.45891063998204,168.33130451463023,101161900
2025-04-09,166.35093688964844,166.35093688964844,153.47854296366376,158.4294637044271,170098000
2025-04-10,174.27239990234375,174.27239990234375,166.35092717950994,169.3214794505726,132580500
2025-04-11,173.2822265625,175.26259486607142,163.38038504464285,175.26259486607142,150169500
2025-04-14,171.30184936523438,172.29203346561144,168.33129706410313,172.29203346561144,36313200
2025-04-15,169.3214874267578,171.30185570075497,166.35093501576205,171.30185570075497,29568100
2025-04-16,169.3214874267578,171.30185570075497,166.35093501576205,169.3214874267578,8181600
2025-04-17,169.3214874267578,169.3214874267578,167.34111915276063,169.3214874267578,51214800
2025-04-21,171.30184936523438,171.30184936523438,168.33129706410313,169.32148116448022,191600200
2025-04-22,171.30184936523438,171.30184936523438,167.34111296372606,171.30184936523438,161109400
2025-04-23,170.31167602539062,172.29204435126726,167.34112353657568,171.30186018832893,215415500
2025-04-24,172.2920379638672,174.27240621632544,168.3313014589507,170.31166971140894,249371000
2025-04-25,173.2822265625,173.2822265625,170.31167410714286,173.2822265625,139522500
2025-04-28,168.331298828125,174.27240349264707,166.35093060661765,173.28221938189338,83680000
2025-04-29,169.3214874267578,169.3214874267578,165.36075087876347,168.33130328975923,83053900
2025-04-30,171.30184936523438,172.29203346561144,167.34111296372606,170.31166526485728,86744200
2025-05-02,172.2920379638672,177.2429585950128,170.31166971140894,172.2920379638672,235614500
2025-05-05,172.2920379638672,175.26259034255455,169.32148558517983,173.2822220900963,223236200
2025-05-06,174.27239990234375,180.2135044444691,171.30184763128108,171.30184763128108,195714900
2025-05-07,176.25277709960938,177.2429612406184,173.28222467658225,174.2724088175913,179429300
2025-05-08,175.26258850097656,177.242956732626,171.30185203767766,176.25277261680128,110487400
2025-05-09,176.25277709960938,177.2429612406184,175.26259295860032,176.25277709960938,75460500
2025-05-14,176.25277709960938,180.21351366364553,170.31167225355512,178.23314538162745,124758000
2025-05-15,178.23313903808594,178.23313903808594,175.2625867207845,176.25277082655165,181665300
2025-05-16,179.22332763671875,179.22332763671875,176.25277524494993,178.23314350612912,156875700
2025-05-19,180.21351623535156,180.21351623535156,176.25277961479438,179.22333208021226,238928100
2025-05-20,178.23313903808594,180.21350724962022,177.24295493231878,178.23313903808594,122848900
2025-05-21,179.22332763671875,183.18406415907717,176.25277524494993,178.23314350612912,209618100
2025-05-22,182.19387817382812,183.18406229433805,178.23314169178838,179.2233258122983,156676800
2025-05-23,184.17425537109375,184.17425537109375,180.21351869644658,182.19388703377015,8888600
2025-05-26,180.21351623535156,184.17425285590872,173.2822271493765,184.17425285590872,163471400
2025-05-27,180.21351623535156,182.19388454563014,178.23314792507296,180.21351623535156,157474700
2025-05-28,180.21351623535156,181.20370039049084,176.25277961479438,180.21351623535156,197990200
2025-06-02,178.23313903808594,180.21350724962022,174.27240261501737,179.2233231438531,110247400
2025-06-03,178.23313903808594,180.21350724962022,175.2625867207845,177.24295493231878,170692000
2025-06-04,179.22332763671875,181.20369589789794,177.24295937553953,178.23314350612912,135183000
2025-06-05,178.23313903808594,180.21350724962022,176.25277082655165,179.2233231438531,210300800
2025-06-10,182.19387817382812,183.18406229433805,176.2527734507685,176.2527734507685,226102800
2025-06-11,181.2036895751953,183.18405776727394,179.22332138311668,182.19387367123463,134413400
2025-06-12,178.23313903808594,181.20369135538738,178.23313903808594,181.20369135538738,192955700
2025-06-13,178.23313903808594,180.21350724962022,176.25277082655165,179.2233231438531,179375300
2025-06-16,179.22332763671875,183.18406415907717,175.2625911143603,176.25277524494993,339446300
2025-06-17,182.19387817382812,184.174246414848,178.23314169178838,179.2233258122983,96848700
2025-06-18,180.21351623535156,182.19388454563014,178.23314792507296,182.19388454563014,170741300
2025-06-19,177.2429656982422,180.21351819597808,173.28222903459434,180.21351819597808,20813100
2025-06-20,176.25277709960938,177.2429612406184,173.28222467658225,176.25277709960938,115712400
2025-06-23,175.26258850097656,175.26258850097656,170.31166792185292,173.2822202693271,15907300
2025-06-24,174.27239990234375,175.26258399269798,168.3312953602184,174.27239990234375,104243700
2025-06-25,173.2822265625,175.26259486607142,170.31167410714286,174.2724107142857,246908900
2025-06-26,172.2920379638672,175.26259034255455,169.32148558517983,173.2822220900963,242247800
2025-06-30,176.25277709960938,176.25277709960938,171.30185639456417,172.2920405355732,158914800
2025-07-01,177.2429656982422,177.2429656982422,173.28222903459434,176.25278153233023,134053200
2025-07-02,178.23313903808594,178.23313903808594,174.27240261501737,176.25277082655165,93571800
2025-07-03,179.22332763671875,180.21351176730835,176.25277524494993,178.23314350612912,133188800
2025-07-04,178.23313903808594,180.21350724962022,174.27240261501737,179.2233231438531,62747500
2025-07-07,180.0,180.0,177.0,180.0,2857800
2025-07-08,180.0,180.0,177.0,180.0,87147700
2025-07-09,180.0,180.0,176.0,179.0,148995700
2025-07-10,180.0,183.0,179.0,180.0,172738500
2025-07-11,179.0,180.0,174.0,179.0,137220100
2025-07-14,180.0,180.0,176.0,179.0,113623500
2025-07-15,180.0,183.0,178.0,180.0,159952100
2025-07-16,181.0,182.0,179.0,180.0,109616100
2025-07-17,183.0,184.0,180.0,181.0,133737900
2025-07-18,184.0,184.0,181.0,183.0,115328800
2025-07-21,187.0,189.0,182.0,184.0,30048500
2025-07-22,186.0,188.0,179.0,187.0,23680000
2025-07-23,186.0,187.0,182.0,186.0,98994000
2025-07-24,186.0,187.0,183.0,186.0,143906800
2025-07-25,189.0,197.0,184.0,187.0,156197400
2025-07-28,190.0,191.0,187.0,189.0,83395000
2025-07-29,188.0,191.0,182.0,190.0,129666700
2025-07-30,188.0,188.0,186.0,188.0,71011400
2025-07-31,189.0,193.0,184.0,191.0,184565700
2025-08-01,189.0,190.0,186.0,189.0,188879000
2025-08-04,190.0,192.0,187.0,189.0,130540900
2025-08-05,191.0,193.0,189.0,191.0,116993000
2025-08-06,206.0,218.0,191.0,191.0,535268300
2025-08-07,198.0,206.0,191.0,204.0,283846100
2025-08-08,199.0,200.0,193.0,197.0,137266200
2025-08-11,199.0,206.0,197.0,199.0,204088300
2025-08-12,202.0,206.0,199.0,199.0,117994000
2025-08-13,202.0,206.0,200.0,204.0,138026000
2025-08-14,202.0,204.0,200.0,204.0,77085800
2025-08-15,202.0,204.0,199.0,202.0,74944900
2025-08-19,206.0,210.0,200.0,202.0,283576800
2025-08-20,210.0,216.0,204.0,208.0,203369000
2025-08-21,226.0,236.0,212.0,214.0,447193200
2025-08-22,220.0,232.0,212.0,230.0,329653400
2025-08-25,226.0,230.0,218.0,220.0,202478700
2025-08-26,220.0,228.0,216.0,226.0,137321500
2025-08-27,216.0,220.0,214.0,220.0,39681700
2025-08-28,212.0,214.0,206.0,214.0,255708100
2025-08-29,208.0,212.0,200.0,210.0,71684900
2025-09-01,204.0,206.0,196.0,200.0,25244300
2025-09-02,208.0,214.0,202.0,206.0,302341200
2025-09-03,206.0,212.0,202.0,212.0,191959800
2025-09-04,202.0,206.0,198.0,206.0,268913200
2025-09-08,200.0,206.0,195.0,202.0,41493600
2025-09-09,197.0,200.0,194.0,200.0,29989600
2025-09-10,198.0,198.0,195.0,196.0,13195200
2025-09-11,199.0,200.0,197.0,200.0,141374700
2025-09-12,199.0,200.0,196.0,200.0,105162500
2025-09-15,200.0,200.0,197.0,200.0,149161300
2025-09-16,200.0,200.0,197.0,200.0,133153600
2025-09-17,199.0,200.0,195.0,200.0,134463200
2025-09-18,198.0,200.0,195.0,199.0,155510900
2025-09-19,195.0,198.0,191.0,198.0,111949700
2025-09-22,192.0,195.0,190.0,195.0,82899600
2025-09-23,194.0,194.0,190.0,192.0,135510400
2025-09-24,192.0,196.0,191.0,194.0,89285500
2025-09-25,190.0,193.0,189.0,192.0,75571600
2025-09-26,189.0,190.0,186.0,190.0,172148300
2025-09-29,188.0,191.0,184.0,190.0,161160200
2025-09-30,187.0,189.0,186.0,188.0,118410600
2025-10-01,187.0,188.0,184.0,187.0,146609800
2025-10-02,188.0,189.0,185.0,187.0,126435900
2025-10-03,187.0,188.0,184.0,188.0,25118300
2025-10-06,185.0,186.0,181.0,186.0,42123800
2025-10-07,185.0,186.0,181.0,185.0,33615800
2025-10-08,184.0,185.0,179.0,185.0,90753300
2025-10-09,183.0,184.0,180.0,183.0,134492000
2025-10-10,183.0,183.0,180.0,180.0,145315600
2025-10-13,182.0,182.0,179.0,181.0,51955600
2025-10-14,180.0,182.0,178.0,181.0,167028400
2025-10-15,180.0,181.0,177.0,180.0,28330300
2025-10-16,181.0,181.0,177.0,178.0,17511700
2025-10-17,178.0,181.0,177.0,180.0,127455900
2025-10-20,180.0,181.0,177.0,179.0,71555200
2025-10-21,181.0,181.0,178.0,180.0,14584000
2025-10-22,179.0,184.0,178.0,183.0,43586600
2025-10-23,179.0,180.0,177.0,179.0,70340000
2025-10-24,182.0,183.0,178.0,179.0,75243600
2025-10-27,183.0,189.0,181.0,183.0,44250500
2025-10-28,184.0,186.0,183.0,185.0,32891300
2025-10-29,185.0,186.0,183.0,186.0,15214400
2025-10-30,188.0,194.0,185.0,188.0,184343600
2025-10-31,191.0,193.0,185.0,191.0,167867600
2025-11-03,192.0,194.0,190.0,193.0,51930700
2025-11-04,192.0,193.0,189.0,192.0,26332400
2025-11-05,192.0,192.0,190.0,192.0,11701800
2025-11-06,191.0,192.0,191.0,192.0,15729800
2025-11-07,191.0,191.0,189.0,191.0,11792100
2025-11-10,190.0,192.0,189.0,190.0,21138400
2025-11-11,188.0,190.0,185.0,190.0,27733500
2025-11-12,187.0,188.0,184.0,186.0,29492300
2025-11-13,186.0,188.0,184.0,185.0,44664600
2025-11-14,188.0,188.0,184.0,186.0,11090600
2025-11-17,188.0,189.0,185.0,188.0,23891200
2025-11-18,186.0,188.0,186.0,188.0,17602300
2025-11-19,185.0,186.0,183.0,186.0,22564300
2025-11-20,184.0,185.0,182.0,185.0,14273500
2025-11-21,183.0,184.0,181.0,183.0,14838500
2025-11-24,185.0,185.0,182.0,183.0,8422400
2025-11-25,183.0,185.0,182.0,185.0,18661700
2025-11-26,181.0,183.0,179.0,183.0,25805100
2025-11-27,181.0,182.0,179.0,181.0,11817300
2025-11-28,180.0,182.0,179.0,181.0,5795000
2025-12-01,178.0,181.0,175.0,180.0,22742400
2025-12-02,179.0,179.0,176.0,178.0,10562500
2025-12-03,175.0,180.0,175.0,179.0,37148300
2025-12-04,173.0,175.0,167.0,175.0,83558800
2025-12-05,172.0,172.0,169.0,171.0,19323000
2025-12-08,171.0,172.0,170.0,171.0,23255400
2025-12-09,183.0,202.0,170.0,171.0,570473000
2025-12-10,186.0,194.0,183.0,186.0,240409600
2025-12-11,212.0,228.0,188.0,190.0,1159999100
2025-12-12,250.0,256.0,206.0,226.0,1199823100
2025-12-15,220.0,262.0,214.0,252.0,872917400
2025-12-16,228.0,234.0,200.0,220.0,204567900
2025-12-17,226.0,236.0,220.0,230.0,154682500
2025-12-18,224.0,228.0,218.0,226.0,130475800
2025-12-19,222.0,228.0,216.0,228.0,68720400
2025-12-22,218.0,224.0,210.0,222.0,106596600
2025-12-23,200.0,218.0,200.0,218.0,182844900
2025-12-24,198.0,204.0,194.0,202.0,113760400
2025-12-29,204.0,206.0,186.0,200.0,69776500
2025-12-30,210.0,210.0,198.0,204.0,58428500
2026-01-02,208.0,210.0,200.0,210.0,67281800
2026-01-05,210.0,216.0,202.0,210.0,111740500
2026-01-06,240.0,258.0,212.0,216.0,789756700
2026-01-07,250.0,262.0,230.0,252.0,966926100
2026-01-08,312.0,312.0,252.0,258.0,1374420600
2026-01-09,354.0,364.0,306.0,320.0,1617870800
2026-01-12,332.0,348.0,310.0,348.0,650153800
2026-01-13,308.0,346.0,294.0,340.0,438367000
2026-01-14,312.0,322.0,292.0,310.0,452274800
2026-01-15,308.0,328.0,302.0,314.0,420153200
2026-01-19,300.0,308.0,290.0,308.0,223518000
2026-01-20,280.0,304.0,272.0,298.0,396161600
2026-01-21,276.0,296.0,264.0,280.0,656149300
2026-01-22,280.0,298.0,264.0,280.0,733954900
2026-01-23,282.0,286.0,268.0,282.0,234365100
2026-01-26,278.0,288.0,272.0,282.0,212736300
2026-01-27,280.0,284.0,270.0,276.0,145083400
2026-01-28,258.0,260.0,238.0,238.0,638473800
2026-01-29,224.0,250.0,220.0,238.0,575974400
2026-01-30,228.0,240.0,220.0,230.0,164280300
2026-02-02,197.0,232.0,194.0,232.0,302434400
2026-02-03,214.0,214.0,181.0,200.0,227777700
2026-02-04,210.0,218.0,204.0,214.0,153879300
2026-02-05,216.0,228.0,210.0,212.0,130194100
2026-02-06,199.0,210.0,195.0,206.0,162145700
2026-02-09,208.0,208.0,193.0,202.0,130976200
2026-02-10,216.0,218.0,206.0,210.0,125401800
2026-02-11,228.0,234.0,218.0,218.0,282300500
2026-02-12,226.0,232.0,222.0,228.0,114105300
2026-02-13,224.0,230.0,220.0,224.0,117151800
2026-02-18,228.0,240.0,222.0,226.0,191048600
2026-02-19,230.0,236.0,226.0,230.0,134337100
2026-02-20,228.0,232.0,220.0,230.0,105198300
2026-02-23,228.0,230.0,224.0,230.0,53187000
2026-02-24,220.0,228.0,214.0,228.0,99202500
2026-02-25,218.0,222.0,212.0,222.0,78654500
2026-02-26,210.0,218.0,206.0,218.0,85980500
2026-02-27,206.0,214.0,202.0,208.0,112360800
2026-03-02,200.0,204.0,193.0,200.0,106622000
2026-03-03,200.0,202.0,196.0,199.0,65238500
2026-03-04,185.0,199.0,181.0,199.0,104688800
2026-03-05,174.0,192.0,174.0,185.0,212939800
2026-03-06,183.0,204.0,165.0,174.0,521661200
2026-03-09,170.0,177.0,160.0,170.0,178677800
2026-03-10,175.0,178.0,167.0,173.0,111146400
2026-03-11,179.0,183.0,173.0,175.0,145707000
2026-03-12,175.0,180.0,173.0,179.0,63509500
2026-03-13,170.0,174.0,165.0,174.0,86692000
2026-03-16,172.0,173.0,167.0,169.0,33112600
2026-03-17,180.0,183.0,173.0,174.0,91420500
2026-03-25,180.0,182.0,177.0,180.0,64558900
2026-03-26,178.0,181.0,175.0,180.0,76632700
2026-03-27,179.0,180.0,175.0,178.0,26046000
2026-03-30,175.0,178.0,172.0,175.0,38633500
2026-03-31,174.0,177.0,172.0,177.0,45774800
2026-04-01,180.0,180.0,175.0,180.0,65524400
2026-04-02,174.0,178.0,174.0,176.0,42073700
2026-04-06,176.0,176.0,168.0,174.0,18029800
2026-04-07,176.0,178.0,174.0,176.0,22625000
2026-04-08,181.0,185.0,177.0,179.0,115084900
2026-04-09,180.0,181.0,177.0,180.0,55633700
2026-04-10,183.0,183.0,180.0,180.0,75569800
2026-04-13,186.0,196.0,179.0,180.0,282070700
2026-04-14,184.0,188.0,174.0,188.0,290079900
2026-04-15,188.0,193.0,185.0,186.0,174969900
2026-04-16,187.0,192.0,185.0,189.0,69559000
2026-04-17,189.0,194.0,184.0,187.0,149505600
2026-04-20,189.0,193.0,188.0,190.0,82031800
2026-04-21,191.0,192.0,187.0,188.0,59207100
2026-04-22,202.0,220.0,191.0,192.0,706301000
2026-04-23,189.0,202.0,187.0,200.0,261624800
2026-04-24,185.0,192.0,182.0,192.0,116444400
2026-04-27,185.0,190.0,183.0,185.0,52815800
2026-04-28,186.0,189.0,182.0,185.0,75047000
2026-04-29,187.0,190.0,184.0,188.0,82168600
2026-04-30,180.0,189.0,177.0,188.0,79486200
2026-05-04,179.0,183.0,177.0,181.0,48174100
2026-05-05,178.0,180.0,176.0,180.0,37507300
2026-05-06,180.0,182.0,177.0,180.0,53472300
2026-05-07,183.0,184.0,180.0,181.0,76530400
2026-05-08,180.0,183.0,177.0,183.0,50751000
2026-05-11,175.0,181.0,172.0,180.0,68820700
2026-05-12,174.0,176.0,171.0,175.0,46347200
2026-05-13,174.0,174.0,170.0,174.0,53488500
2026-05-14,174.0,174.0,174.0,174.0,0
2026-05-15,174.0,174.0,174.0,174.0,0
2026-05-18,170.0,174.0,165.0,174.0,64138600
2026-05-19,163.0,172.0,159.0,172.0,92184800
2026-05-20,157.0,164.0,152.0,162.0,101041200
2026-05-21,134.0,159.0,134.0,159.0,142444100
2026-05-22,121.0,133.0,119.0,133.0,313114900
2026-05-25,124.0,133.0,121.0,126.0,235579800
2026-05-26,122.0,125.0,121.0,124.0,57212400
2026-05-27,122.0,122.0,122.0,122.0,0
2026-05-28,122.0,122.0,122.0,122.0,0
2026-05-29,124.0,125.0,118.0,122.0,64650500
2026-06-02,122.0,125.0,120.0,125.0,36151700
2026-06-03,119.0,123.0,112.0,123.0,110810300
2026-06-04,118.0,120.0,108.0,119.0,75729700
2026-06-05,116.0,119.0,112.0,117.0,48307300
2026-06-08,111.0,114.0,107.0,113.0,78509100
2026-06-09,114.0,115.0,105.0,111.0,175913300
2026-06-10,116.0,116.0,111.0,115.0,94932000
2026-06-11,114.0,117.0,110.0,117.0,68222500
2026-06-12,116.0,117.0,114.0,115.0,74925800
2026-06-15,123.0,126.0,118.0,118.0,111967900
2026-06-17,122.0,125.0,119.0,123.0,49220900
2026-06-18,122.0,123.0,117.0,123.0,40682500
2026-06-19,121.0,125.0,119.0,122.0,45203300
2026-06-22,120.0,122.0,116.0,121.0,32252200
2026-06-23,121.0,123.0,117.0,121.0,43515900
2026-06-24,115.0,122.0,114.0,122.0,52721000
2026-06-25,119.0,119.0,113.0,115.0,23496400
2026-06-26,116.0,120.0,114.0,120.0,40732800
2026-06-29,116.0,116.0,114.0,116.0,20118900
2026-06-30,112.0,117.0,111.0,117.0,42952000
2026-07-01,116.0,117.0,110.0,113.0,36117600
2026-07-02,118.0,119.0,115.0,116.0,41138300
2026-07-03,118.0,119.0,116.0,119.0,17843800
2026-07-06,119.0,120.0,117.0,119.0,9112300
2026-07-07,135.0,146.0,120.0,121.0,463498200
2026-07-08,126.0,133.0,125.0,132.0,130045200
2026-07-09,125.0,127.0,122.0,126.0,48201200
2026-07-10,127.0,130.0,125.0,128.0,35841300
2026-07-13,125.0,128.0,120.0,128.0,82538700
2026-07-14,127.0,127.0,124.0,126.0,62929100
2026-07-15,131.0,134.0,125.0,128.0,171821600
2026-07-16,140.0,144.0,131.0,132.0,320664500
2026-07-17,135.0,140.0,133.0,140.0,134989500
2026-07-20,137.0,139.0,135.0,135.0,61097000
2026-07-21,136.0,139.0,136.0,137.0,69083500
2026-07-22,136.0,139.0,134.0,137.0,70558100
2026-07-23,135.0,141.0,135.0,137.0,139866800
2026-07-24,129.0,135.0,127.0,134.0,97159000
2026-07-27,127.0,129.0,126.0,128.0,30543600
2026-07-28,125.0,129.0,123.0,129.0,36275300
2026-07-29,124.0,126.0,120.0,125.0,49537300
2026-07-30,125.0,126.0,124.0,125.0,22194000
2026-07-31,130.0,131.0,127.0,127.0,51237400
2026-08-03,123.0,127.0,121.0,127.0,102124800
2026-08-04,123.0,124.0,121.0,124.0,30344100
2026-08-05,124.0,126.0,122.0,124.0,60840300
2026-08-06,124.0,125.0,122.0,124.0,48162600
2026-08-07,124.0,126.0,123.0,125.0,50073900
2026-08-10,133.0,133.0,124.0,125.0,191774500
2026-08-11,125.0,135.0,124.0,134.0,132599300
2026-08-12,125.0,127.0,123.0,127.0,82188300
2026-08-13,124.0,126.0,122.0,125.0,64440600
2026-08-14,123.0,124.0,119.0,124.0,117180400
2026-08-18,166.0,166.0,123.0,123.0,1133528600
2026-08-19,165.0,202.0,163.0,168.0,2631879100
2026-08-20,206.0,214.0,165.0,167.0,2514070100
2026-08-21,200.0,220.0,197.0,206.0,1673195400
2026-08-24,206.0,222.0,202.0,204.0,1328923700
2026-08-25,206.0,206.0,206.0,206.0,0
2026-08-26,183.0,212.0,183.0,210.0,906076200
2026-08-27,218.0,220.0,181.0,182.0,2164497500
2026-08-28,210.0,228.0,206.0,218.0,1446477600
2026-08-31,216.0,224.0,208.0,214.0,752607800
2026-09-01,208.0,220.0,202.0,218.0,446114300
2026-09-02,208.0,214.0,202.0,210.0,306992500
2026-09-03,200.0,214.0,198.0,210.0,384425300
2026-09-04,196.0,204.0,196.0,200.0,227238100
2026-09-07,204.0,210.0,198.0,200.0,385684900
2026-09-08,204.0,216.0,202.0,204.0,373854100
2026-09-09,199.0,210.0,199.0,204.0,209281000
2026-09-10,190.0,204.0,188.0,199.0,372633400
2026-09-11,197.0,204.0,184.0,187.0,426414200
2026-09-14,192.0,199.0,187.0,198.0,221530400
2026-09-15,185.0,194.0,185.0,192.0,116675800
2026-09-16,176.0,188.0,170.0,185.0,297578900
2026-09-17,181.0,188.0,174.0,175.0,320577300
2026-09-18,180.0,192.0,180.0,183.0,365021900
2026-09-21,176.0,183.0,175.0,182.0,159756100
2026-09-22,175.0,178.0,169.0,178.0,150034100
2026-09-23,187.0,194.0,171.0,176.0,446286100
2026-09-24,176.0,193.0,176.0,189.0,445566000
2026-09-25,170.0,179.0,167.0,177.0,188813400
2026-09-28,171.0,173.0,164.0,170.0,138382300
2026-09-29,160.0,171.0,157.0,171.0,60851100
