date,Close,High,Low,Open,Volume
2018-06-01,1135.9779052734375,1135.9779052734375,1135.9779052734375,1135.9779052734375,0
2018-06-04,1131.8319091796875,1152.5614313258357,1127.6860047504579,1135.9778136089171,29865600
2018-06-05,1173.291015625,1177.4369202738515,1127.6860644876324,1131.831969136484,19353200
2018-06-06,1169.1451416015625,1185.7287606313719,1152.5615225717531,1181.5828558739197,19451500
2018-06-07,1214.7498779296875,1218.8957819499253,1169.1449337070712,1169.1449337070712,27487900
2018-06-08,1127.68603515625,1210.6041259765625,1127.68603515625,1206.4582214355469,74019200
2018-06-11,1127.68603515625,1127.68603515625,1127.68603515625,1127.68603515625,0
2018-06-12,1127.68603515625,1127.68603515625,1127.68603515625,1127.68603515625,0
2018-06-13,1127.68603515625,1127.68603515625,1127.68603515625,1127.68603515625,0
2018-06-14,1127.68603515625,1127.68603515625,1127.68603515625,1127.68603515625,0
2018-06-15,1127.68603515625,1127.68603515625,1127.68603515625,1127.68603515625,0
2018-06-18,1127.68603515625,1127.68603515625,1127.68603515625,1127.68603515625,0
2018-06-19,1127.68603515625,1127.68603515625,1127.68603515625,1127.68603515625,0
2018-06-20,1090.373046875,1111.1025724809886,1077.935331511407,1111.1025724809886,73150800
2018-06-21,1036.47607421875,1102.81054296875,1036.47607421875,1090.372830078125,58045000
2018-06-22,1108.3948974609375,1108.3948974609375,1040.7066594480557,1057.6287189512761,31164600
2018-06-25,1095.7032470703125,1116.8558194075772,1074.5506747330478,1108.3947904726713,17667800
2018-06-26,1070.3201904296875,1104.1643071231163,1070.3201904296875,1091.4727633630805,24416100
2018-06-27,1049.1676025390625,1087.2422332763672,1049.1676025390625,1057.6286315917969,17399400
2018-06-28,977.248779296875,1044.937006434321,977.248779296875,1040.7064922382306,46756000
2018-06-29,1032.2457275390625,1036.476242815862,985.7100594942686,985.7100594942686,28005300
2018-07-02,1057.628662109375,1070.3202060546876,1040.706603515625,1049.1676328125,19469500
2018-07-03,1036.4759521484375,1066.08955078125,1011.0928676060267,1049.167494419643,14711100
2018-07-04,1057.628662109375,1057.628662109375,1015.323515625,1032.24557421875,11257800
2018-07-05,1057.628662109375,1070.3202060546876,1036.4760888671874,1070.3202060546876,4229700
2018-07-06,1057.628662109375,1070.3202060546876,1040.706603515625,1070.3202060546876,11075100
2018-07-09,1074.55078125,1095.7033556840552,1040.7066621555118,1040.7066621555118,12007200
2018-07-10,1108.3948974609375,1108.3948974609375,1074.5507784544966,1091.472837957717,19835600
2018-07-11,1112.62548828125,1116.8560034458176,1078.78136696471,1078.78136696471,12471500
2018-07-12,1104.1641845703125,1112.6252128045678,1091.4726422189296,1091.4726422189296,24287900
2018-07-13,1108.3948974609375,1108.3948974609375,1083.0118082061067,1099.9338677093272,22298500
2018-07-16,1116.85595703125,1116.85595703125,1083.0118371212122,1099.933897076231,15660100
2018-07-17,1078.78125,1095.7033088235294,1078.78125,1091.472794117647,17524500
2018-07-18,1074.55078125,1104.164385457677,1070.320266363189,1078.781296136811,18556500
2018-07-19,1083.01171875,1087.2422332763672,1066.0896606445312,1066.0896606445312,16997700
2018-07-20,1091.4727783203125,1091.4727783203125,1070.3202050970506,1074.550719741703,9397800
2018-07-23,1087.2421875,1095.703216196498,1078.781158803502,1078.781158803502,3868600
2018-07-24,1112.62548828125,1121.086518610385,1091.4729124584126,1095.70342762298,13549300
2018-07-25,1104.1641845703125,1116.8557269216954,1099.9336704531847,1116.8557269216954,7467700
2018-07-26,1108.3948974609375,1116.8559272125476,1099.9338677093272,1112.6254123367426,16230400
2018-07-27,1091.4727783203125,1108.394836898922,1091.4727783203125,1099.9338076096171,6683300
2018-07-30,1116.85595703125,1116.85595703125,1099.933897076231,1104.1644120649858,11466700
2018-07-31,1095.7032470703125,1116.8558194075772,1091.4727326028594,1116.8558194075772,15378000
2018-08-01,1150.7000732421875,1154.9305882173426,1099.9338935403264,1099.9338935403264,29879100
2018-08-02,1112.62548828125,1142.2390944332224,1112.62548828125,1142.2390944332224,10538500
2018-08-03,1099.933837890625,1112.6253821739783,1095.7033231295072,1112.6253821739783,7515900
2018-08-06,1099.933837890625,1104.1643526517428,1091.4728083683895,1091.4728083683895,12866900
2018-08-07,1099.933837890625,1108.3948674128605,1095.7033231295072,1104.1643526517428,7125000
2018-08-08,1091.4727783203125,1099.9338076096171,1087.24226367566,1099.9338076096171,22984200
2018-08-09,1078.78125,1091.472794117647,1078.78125,1087.2422794117647,10718300
2018-08-10,1091.4727783203125,1091.4727783203125,1070.3202050970506,1074.550719741703,13451800
2018-08-13,1066.089599609375,1091.47268531436,1066.089599609375,1091.47268531436,15747000
2018-08-14,1032.2457275390625,1083.0119108606557,1032.2457275390625,1066.0898497534579,27551300
2018-08-15,1028.01513671875,1057.6287414801955,1028.01513671875,1036.4761666505915,16318000
2018-08-16,1023.7846069335938,1053.3982112663837,1023.7846069335938,1028.015121838278,12480000
2018-08-17,1023.7846069335938,1023.7846069335938,1023.7846069335938,1023.7846069335938,0
2018-08-20,1028.01513671875,1049.167711548354,1028.01513671875,1040.7066816165122,12259900
2018-08-21,1116.85595703125,1116.85595703125,1036.47617224491,1040.7066872336648,39738500
2018-08-22,1116.85595703125,1116.85595703125,1116.85595703125,1116.85595703125,0
2018-08-23,1121.0865478515625,1133.7780936762972,1091.4729409271815,1116.856032576651,37801200
2018-08-24,1099.933837890625,1121.0864116962139,1099.933837890625,1121.0864116962139,21136600
2018-08-27,1099.933837890625,1108.3948674128605,1074.5507493239184,1099.933837890625,9622100
2018-08-28,1095.7032470703125,1112.6253049401241,1083.0117036679535,1108.3947904726713,13343200
2018-08-29,1108.3948974609375,1112.6254123367426,1091.472837957717,1099.9338677093272,17070100
2018-08-30,1138.008544921875,1138.008544921875,1108.394939663685,1116.8559697374535,20210300
2018-08-31,1138.008544921875,1138.008544921875,1091.4728795161477,1133.7780298849907,23444900
2018-09-03,1116.85595703125,1142.2390469637785,1108.3949270537405,1138.0085319750237,9924300
2018-09-04,1074.55078125,1121.0864450049212,1066.089751476378,1112.6254152312993,11245100
2018-09-05,1023.7846069335938,1066.0897559804364,1006.8625473148567,1066.0897559804364,27718200
2018-09-06,1028.01513671875,1044.9371965824332,1015.3235918209876,1019.5541067869084,18683200
2018-09-07,1044.9371337890625,1049.167648500759,1028.015074942276,1049.167648500759,10317000
2018-09-10,1036.4759521484375,1044.9369803292411,1028.0149239676339,1044.9369803292411,14006900
2018-09-11,1036.4759521484375,1036.4759521484375,1036.4759521484375,1036.4759521484375,0
2018-09-12,1015.3235473632812,1049.1676656087238,1015.3235473632812,1049.1676656087238,21469000
2018-09-13,1006.8624267578125,1028.0149987485229,1006.8624267578125,1023.7844843503808,41734100
2018-09-14,1044.9371337890625,1049.167648500759,1028.015074942276,1028.015074942276,26844600
2018-09-17,1032.2457275390625,1036.476242815862,1019.5541817086641,1036.476242815862,3431300
2018-09-18,1023.7846069335938,1040.7066665523307,1015.3235771242252,1040.7066665523307,10940900
2018-09-19,1061.859375,1061.859375,1032.245766932271,1040.7067978087648,14090700
2018-09-20,1066.089599609375,1078.7811424618676,1049.1675424727182,1066.089599609375,12838400
2018-09-21,1091.4727783203125,1091.4727783203125,1061.859175807746,1066.0896904523981,34421100
2018-09-24,1091.4727783203125,1095.703292964965,1070.3202050970506,1091.4727783203125,8239800
2018-09-25,1116.85595703125,1116.85595703125,1083.0118371212122,1091.4728670987217,9457400
2018-09-26,1116.85595703125,1125.3169870087595,1099.933897076231,1116.85595703125,10416600
2018-09-27,1146.469482421875,1146.469482421875,1112.6253648596055,1125.3169089454566,16709300
2018-09-28,1167.6220703125,1176.0830998075182,1138.0084670799367,1146.4694965749547,26615200
2018-10-01,1171.8525390625,1180.3135682254062,1142.2389369923285,1142.2389369923285,6806300
2018-10-02,1163.3917236328125,1176.0832697088067,1150.700177556818,1150.700177556818,21906000
2018-10-03,1167.6220703125,1176.0830998075182,1146.4694965749547,1159.161040817482,17018000
2018-10-04,1099.933837890625,1150.7000150240385,1095.7033231295072,1146.4695002629207,18932300
2018-10-05,1070.3201904296875,1108.394821709795,1070.3201904296875,1099.9337925364377,16508100
2018-10-08,1091.4727783203125,1112.6253515435744,1078.7812343863554,1078.7812343863554,15463500
2018-10-09,1057.628662109375,1108.394837890625,1057.628662109375,1091.472779296875,12386900
2018-10-10,1087.2421875,1087.2421875,1057.6285870622567,1057.6285870622567,13994100
2018-10-11,1061.859375,1074.550921314741,1049.1678286852589,1057.628859561753,19617700
2018-10-12,1074.55078125,1087.242325910433,1061.859236589567,1083.0118110236222,16827900
2018-10-15,1087.2421875,1095.703216196498,1074.550644455253,1078.781158803502,13990300
2018-10-16,1142.2388916015625,1142.2388916015625,1087.242204228154,1087.242204228154,14598900
2018-10-17,1150.7000732421875,1176.0831630931182,1116.8559534409467,1176.0831630931182,11494900
2018-10-18,1154.930419921875,1159.1609342805632,1121.0863050523694,1150.6999055631868,11651300
2018-10-19,1167.6220703125,1167.6220703125,1121.0864080899005,1150.7000113224638,19837800
2018-10-22,1133.7779541015625,1159.1610426262243,1133.7779541015625,1159.1610426262243,11131600
2018-10-23,1116.85595703125,1125.3169870087595,1108.3949270537405,1125.3169870087595,12159800
2018-10-24,1083.01171875,1121.0863494873047,1083.01171875,1116.8558349609375,12581300
2018-10-25,1112.62548828125,1112.62548828125,1066.0898214710076,1066.0898214710076,21732800
2018-10-26,1129.5474853515625,1138.0085152043832,1112.625425645921,1116.8559405723315,18493200
2018-10-29,1133.7779541015625,1146.4694983638933,1116.8558950851213,1142.2389836097832,11946700
2018-10-30,1142.2388916015625,1142.2388916015625,1108.3947762948496,1116.8558051215277,14696000
2018-10-31,1159.1611328125,1163.3916478957572,1142.2390724794707,1150.7001026459855,23580400
2018-11-01,1133.7779541015625,1159.1610426262243,1112.625380331011,1159.1610426262243,10453600
2018-11-02,1150.7000732421875,1163.391618167653,1125.316983391257,1150.7000732421875,17361400
2018-11-05,1133.7779541015625,1163.3915573803347,1125.3169245933418,1163.3915573803347,16421700
2018-11-06,1129.5474853515625,1142.2390301307935,1125.3169704251522,1133.7780002779728,15351900
2018-11-07,1176.0828857421875,1176.0828857421875,1129.5472319897988,1138.0082599447785,21511600
2018-11-08,1188.7745361328125,1193.0050504962744,1167.6219643155027,1188.7745361328125,37200400
2018-11-09,1201.466064453125,1214.157607387489,1150.699892715669,1184.5440072073063,33517200
2018-11-12,1129.5474853515625,1209.927268953359,1129.5474853515625,1201.4662391005384,29250200
2018-11-13,1226.8492431640625,1231.0797577956628,1146.4694651636585,1146.4694651636585,58977200
2018-11-14,1256.462890625,1273.3849497579965,1201.466198442761,1226.849287142256,39946400
2018-11-15,1281.8460693359375,1311.459674898154,1256.4629788540376,1256.4629788540376,23952500
2018-11-16,1298.76806640625,1311.4596110291125,1269.1544622862377,1281.8460069091002,23210900
2018-11-19,1302.9986572265625,1302.9986572265625,1273.3850513805044,1294.5376269848316,27496800
2018-11-20,1302.9986572265625,1302.9986572265625,1302.9986572265625,1302.9986572265625,0
2018-11-21,1319.920654296875,1336.8427139673477,1290.3070498735476,1302.998594626402,43711200
2018-11-22,1345.3038330078125,1353.7648634040881,1302.9986810264347,1302.9986810264347,18678400
2018-11-23,1324.1512451171875,1362.2258815582568,1319.9207299570687,1332.6122754374253,10083500
2018-11-26,1362.2257080078125,1374.9172518712394,1294.537474069536,1311.4595325541052,18257600
2018-11-27,1328.38134765625,1366.4559722706013,1302.998264580016,1362.2254584245622,23377500
2018-11-28,1332.6123046875,1336.8428199404761,1298.7681826636904,1324.1512741815475,18092100
2018-11-29,1298.76806640625,1336.8427002748372,1298.76806640625,1302.9985812805376,49954200
2018-11-30,1290.3070068359375,1336.8426693775614,1273.3849477298925,1298.7680363889601,206346800
2018-12-03,1315.6900634765625,1383.3782982534917,1286.076460761656,1311.4595488030045,43366400
2018-12-04,1353.7647705078125,1353.7647705078125,1311.4596214294434,1328.3816810607912,26653800
2018-12-05,1362.2257080078125,1383.378281113524,1332.6121056598167,1353.764678765528,19185500
2018-12-06,1379.147705078125,1379.147705078125,1345.3035896160852,1362.2256473471052,25783500
2018-12-07,1383.3782958984375,1391.8393252311496,1353.7646932339449,1383.3782958984375,27817800
2018-12-10,1336.842529296875,1370.6866439626187,1328.3815006304392,1370.6866439626187,9315800
2018-12-11,1273.3851318359375,1324.1513164938485,1273.3851318359375,1319.9208011056892,27233800
2018-12-12,1248.0018310546875,1281.845948507018,1235.3102870100636,1277.6154338254767,36646500
2018-12-13,1269.154296875,1298.7678971354167,1243.7712109375,1248.0017252604166,44388700
2018-12-14,1260.693359375,1273.3849032613255,1252.2323301174497,1269.1543886325503,29851300
2018-12-17,1248.0018310546875,1286.0764631885593,1231.0797723285223,1286.0764631885593,28800200
2018-12-18,1235.310302734375,1248.00184694055,1209.9272143220248,1248.00184694055,25780200
2018-12-19,1260.693359375,1269.1543886325503,1231.0797569735737,1243.7713008598994,45512300
2018-12-20,1294.53759765625,1294.53759765625,1235.310387305964,1260.6934774560866,31011500
2018-12-21,1307.2288818359375,1311.4593960166362,1281.8457967517445,1294.537339293841,31783000
2018-12-24,1307.2288818359375,1307.2288818359375,1307.2288818359375,1307.2288818359375,0
2018-12-25,1307.2288818359375,1307.2288818359375,1307.2288818359375,1307.2288818359375,0
2018-12-26,1277.615478515625,1307.2290823222786,1239.5408450499276,1307.2290823222786,26290000
2018-12-27,1290.3070068359375,1307.2290659419825,1260.6934034003586,1290.3070068359375,16261300
2018-12-28,1286.076416015625,1294.5374450683594,1273.3848724365234,1273.3848724365234,12671900
2018-12-31,1286.076416015625,1286.076416015625,1286.076416015625,1286.076416015625,0
2019-01-01,1286.076416015625,1286.076416015625,1286.076416015625,1286.076416015625,0
2019-01-02,1290.3070068359375,1294.5375216124487,1269.154432953381,1290.3070068359375,5035800
2019-01-03,1302.9986572265625,1307.229172347428,1273.3850513805044,1298.768142105697,15603900
2019-01-04,1328.38134765625,1332.611861502289,1286.07620919586,1298.767750733977,19765600
2019-01-07,1349.5341796875,1362.2257236971004,1336.8426356778996,1336.8426356778996,28281300
2019-01-08,1324.1512451171875,1349.5343360779004,1302.9986693165936,1349.5343360779004,16847400
2019-01-09,1302.9986572265625,1345.3038084352172,1302.9986572265625,1341.0732933143518,9920400
2019-01-10,1353.7647705078125,1353.7647705078125,1307.2291065216066,1311.4596214294434,32039200
2019-01-11,1370.686767578125,1379.1477970076196,1319.9205910011574,1362.2257381486304,25318000
2019-01-14,1366.4560546875,1374.9170828898993,1349.5339982827013,1357.9950264851007,25662800
2019-01-15,1383.3782958984375,1383.3782958984375,1362.225722566657,1366.456237233013,14905500
2019-01-16,1374.9173583984375,1379.1478733473557,1353.764783653846,1374.9173583984375,20240700
2019-01-17,1362.2257080078125,1379.1477664923816,1349.5341641443858,1379.1477664923816,18529300
2019-01-18,1366.4560546875,1374.9170828898993,1345.3034841815015,1374.9170828898993,18565100
2019-01-21,1357.9951171875,1370.686660338785,1357.9951171875,1370.686660338785,8777600
2019-01-22,1366.4560546875,1366.4560546875,1349.5339982827013,1366.4560546875,16694600
2019-01-23,1353.7647705078125,1362.2258003234863,1349.5342555999757,1349.5342555999757,13179200
2019-01-24,1353.7647705078125,1366.4563152313233,1353.7647705078125,1366.4563152313233,16844100
2019-01-25,1366.4560546875,1370.6865687886998,1349.5339982827013,1362.2255405863004,22451600
2019-01-28,1362.2257080078125,1374.9172518712394,1349.5341641443858,1366.456222628955,34907300
2019-01-29,1362.2257080078125,1362.2257080078125,1349.5341641443858,1362.2257080078125,13322900
2019-01-30,1362.2257080078125,1362.2257080078125,1349.5341641443858,1349.5341641443858,23609500
2019-01-31,1353.7647705078125,1366.4563152313233,1353.7647705078125,1366.4563152313233,36542300
2019-02-01,1366.4560546875,1366.4560546875,1349.5339982827013,1353.7645123839009,25854900
2019-02-04,1357.9951171875,1366.4561459550234,1353.7646028037382,1357.9951171875,25455800
2019-02-05,1357.9951171875,1357.9951171875,1357.9951171875,1357.9951171875,0
2019-02-06,1349.5341796875,1362.2257236971004,1345.3036650176332,1353.7646943573668,33819200
2019-02-07,1362.2257080078125,1362.2257080078125,1353.764678765528,1353.764678765528,24717700
2019-02-08,1349.5341796875,1353.7646943573668,1345.3036650176332,1353.7646943573668,12267000
2019-02-11,1349.5341796875,1357.9952090272336,1345.3036650176332,1349.5341796875,9189800
2019-02-12,1328.38134765625,1353.7644307324842,1328.38134765625,1345.303403040406,21731100
2019-02-13,1328.38134765625,1345.303403040406,1319.920319964172,1328.38134765625,11236800
2019-02-14,1341.0731201171875,1345.3036346916897,1311.4595180956724,1311.4595180956724,19127000
2019-02-15,1332.6123046875,1345.3038504464284,1311.459728422619,1319.9207589285713,29752800
2019-02-18,1332.6123046875,1345.3038504464284,1315.6902436755952,1336.8428199404761,31288900
2019-02-19,1311.4595947265625,1328.3816540133569,1311.4595947265625,1328.3816540133569,17400900
2019-02-20,1307.2288818359375,1328.3814527394316,1294.537339293841,1319.9204243780339,25303700
2019-02-21,1294.53759765625,1302.9986277062908,1281.8460525811888,1294.53759765625,29788200
2019-02-22,1277.615478515625,1290.3070230041908,1269.154448856581,1281.8459933451468,34067200
2019-02-25,1273.3851318359375,1281.846162612256,1269.1546164477782,1277.6156472240966,33020800
2019-02-26,1273.3851318359375,1277.6156472240966,1269.1546164477782,1273.3851318359375,33464200
2019-02-27,1286.076416015625,1298.7679595947266,1277.6153869628906,1277.6153869628906,13616000
2019-02-28,1264.924072265625,1298.7681946004914,1252.2325263900502,1290.3071640167748,46482400
2019-03-01,1302.9986572265625,1302.9986572265625,1269.154536259639,1277.6155665013698,13025800
2019-03-04,1281.8460693359375,1307.2291598178372,1281.8460693359375,1302.9986447375206,17738800
2019-03-05,1273.3851318359375,1290.3071933885744,1264.9241010596188,1290.3071933885744,10501300
2019-03-06,1277.615478515625,1290.3070230041908,1260.6934191975372,1290.3070230041908,10222000
2019-03-07,1277.615478515625,1277.615478515625,1277.615478515625,1277.615478515625,0
2019-03-08,1290.3070068359375,1290.3070068359375,1260.6934034003586,1260.6934034003586,13406000
2019-03-11,1286.076416015625,1294.5374450683594,1281.8459014892578,1286.076416015625,5657800
2019-03-12,1269.154296875,1290.3068684895832,1264.9237825520834,1269.154296875,8441800
2019-03-13,1273.3851318359375,1294.5377087767338,1264.9241010596188,1286.0766780004153,3102900
2019-03-14,1269.154296875,1277.6153255208333,1264.9237825520834,1269.154296875,10924400
2019-03-15,1307.2288818359375,1311.4593960166362,1277.6152825710456,1290.3068251131422,16407600
2019-03-18,1307.2288818359375,1328.3814527394316,1294.537339293841,1315.6899101973352,4608300
2019-03-19,1315.6900634765625,1319.9205781501207,1302.9985194558883,1319.9205781501207,3338000
2019-03-20,1286.076416015625,1311.4595031738281,1277.6153869628906,1307.228988647461,8387600
2019-03-21,1273.3851318359375,1302.9987395530522,1273.3851318359375,1290.3071933885744,8730400
2019-03-22,1277.615478515625,1286.0765081746688,1273.384963686103,1273.384963686103,5230200
2019-03-25,1273.3851318359375,1294.5377087767338,1269.1546164477782,1269.1546164477782,11404500
2019-03-26,1281.8460693359375,1294.5376145768873,1269.1545240949877,1294.5376145768873,6829100
2019-03-27,1281.8460693359375,1286.076584416254,1277.6155542556207,1286.076584416254,4645500
2019-03-28,1286.076416015625,1290.3069305419922,1277.6153869628906,1281.8459014892578,3251300
2019-03-29,1286.076416015625,1298.7679595947266,1277.6153869628906,1298.7679595947266,7590100
2019-04-01,1260.693359375,1294.5374764052012,1256.4628447462248,1286.076447147651,7441700
2019-04-02,1277.615478515625,1286.0765081746688,1260.6934191975372,1264.9239340270592,4543700
2019-04-03,1277.615478515625,1277.615478515625,1277.615478515625,1277.615478515625,0
2019-04-04,1298.76806640625,1302.9985812805376,1286.0765217833875,1294.5375515319627,6032500
2019-04-05,1277.615478515625,1302.9985674927566,1273.384963686103,1302.9985674927566,5363700
2019-04-08,1286.076416015625,1286.076416015625,1269.1543579101562,1286.076416015625,6588200
2019-04-09,1294.53759765625,1294.53759765625,1277.6155375561684,1281.8460525811888,6242500
2019-04-10,1290.3070068359375,1302.9985511654713,1281.8459772829149,1302.9985511654713,6300600
2019-04-11,1281.8460693359375,1298.7681296572039,1281.8460693359375,1298.7681296572039,4779500
2019-04-12,1269.154296875,1281.84583984375,1260.6932682291665,1281.84583984375,26667100
2019-04-15,1264.924072265625,1273.3851028493416,1260.6935569737668,1264.924072265625,29657600
2019-04-16,1264.924072265625,1269.1545875574834,1260.6935569737668,1264.924072265625,16842400
2019-04-17,1264.924072265625,1264.924072265625,1264.924072265625,1264.924072265625,0
2019-04-18,1264.924072265625,1298.7681946004914,1256.4630416819084,1294.537679308633,38798400
2019-04-19,1264.924072265625,1264.924072265625,1264.924072265625,1264.924072265625,0
2019-04-22,1252.2325439453125,1269.1546053499787,1252.2325439453125,1264.9240899988122,18126300
2019-04-23,1269.154296875,1277.6153255208333,1256.4627539062499,1256.4627539062499,15935500
2019-04-24,1277.615478515625,1281.8459933451468,1260.6934191975372,1269.154448856581,9784600
2019-04-25,1243.771240234375,1281.845870037468,1243.771240234375,1277.6153556149022,27010100
2019-04-26,1281.8460693359375,1281.8460693359375,1243.7714336130878,1243.7714336130878,11807000
2019-04-29,1269.154296875,1281.84583984375,1269.154296875,1273.3848111979166,8461500
2019-04-30,1307.2288818359375,1307.2288818359375,1269.1542542096481,1269.1542542096481,43375800
2019-05-01,1307.2288818359375,1307.2288818359375,1307.2288818359375,1307.2288818359375,0
2019-05-02,1277.615478515625,1298.7680526632346,1248.0018747089714,1298.7680526632346,55555500
2019-05-03,1264.924072265625,1281.8461334330582,1243.7714958063336,1277.6156181412,27461400
2019-05-06,1248.0018310546875,1256.4628604177701,1235.3102870100636,1243.7713163731462,28357200
2019-05-07,1269.154296875,1269.154296875,1243.7712109375,1256.4627539062499,12350500
2019-05-08,1269.154296875,1269.154296875,1248.0017252604166,1248.0017252604166,17486600
2019-05-09,1235.310302734375,1256.4628764113334,1235.310302734375,1243.7713322051584,34466900
2019-05-10,1222.61865234375,1252.2322529195503,1222.61865234375,1226.8491667117214,23369200
2019-05-13,1218.38818359375,1243.7712707519531,1218.38818359375,1243.7712707519531,25711300
2019-05-14,1176.0828857421875,1214.1575115395965,1176.0828857421875,1209.9269975621066,31724800
2019-05-15,1142.2388916015625,1180.3135213216146,1133.7778627748842,1176.0830069082754,29428800
2019-05-16,1095.7032470703125,1142.2389062122948,1095.7032470703125,1133.7778772773888,26297800
2019-05-17,1066.089599609375,1108.3947424510168,1066.089599609375,1091.47268531436,33258400
2019-05-20,1125.31689453125,1150.6999823778194,1083.0117481203006,1083.0117481203006,24935600
2019-05-21,1133.7779541015625,1176.0831016426655,1121.0864098392315,1121.0864098392315,12531500
2019-05-22,1121.0865478515625,1133.7780936762972,1116.856032576651,1129.5475784013856,9887200
2019-05-23,1133.7779541015625,1133.7779541015625,1116.8558950851213,1121.0864098392315,14773900
2019-05-24,1138.008544921875,1159.1611201062965,1129.5475148481064,1133.7780298849907,10313000
2019-05-27,1138.008544921875,1180.313695290718,1138.008544921875,1159.1611201062965,17398400
2019-05-28,1150.7000732421875,1159.1611031924979,1133.7780133415672,1159.1611031924979,65365400
2019-05-29,1146.469482421875,1154.9305118124423,1116.8558795548893,1154.9305118124423,29183800
2019-05-30,1146.469482421875,1146.469482421875,1146.469482421875,1146.469482421875,0
2019-05-31,1188.7745361328125,1193.0050504962744,1150.6999068616549,1150.6999068616549,47925100
2019-06-03,1188.7745361328125,1188.7745361328125,1188.7745361328125,1188.7745361328125,0
2019-06-04,1188.7745361328125,1188.7745361328125,1188.7745361328125,1188.7745361328125,0
2019-06-05,1188.7745361328125,1188.7745361328125,1188.7745361328125,1188.7745361328125,0
2019-06-06,1188.7745361328125,1188.7745361328125,1188.7745361328125,1188.7745361328125,0
2019-06-07,1188.7745361328125,1188.7745361328125,1188.7745361328125,1188.7745361328125,0
2019-06-10,1249.9805908203125,1249.9805908203125,1211.188089725889,1215.4983676252693,18929100
2019-06-11,1258.6011962890625,1262.9114743585455,1219.8086936637146,1228.4292498026807,15553200
2019-06-12,1249.9805908203125,1258.6011466190732,1232.739479222791,1232.739479222791,13802100
2019-06-13,1241.3599853515625,1249.9805408053928,1237.0497076246475,1245.6702630784778,18236400
2019-06-14,1288.773193359375,1288.773193359375,1237.0498544954535,1254.290967450094,13729000
2019-06-17,1206.8779296875,1288.7732177734374,1206.8779296875,1284.462939453125,8921600
2019-06-18,1267.2215576171875,1275.84211243091,1219.8085061417146,1232.739338362298,25368700
2019-06-19,1275.8424072265625,1275.8424072265625,1249.9807368098077,1267.2218504209775,30480000
2019-06-20,1267.2215576171875,1271.5318350240486,1254.290725396604,1271.5318350240486,23322700
2019-06-21,1254.290771484375,1267.2216041800903,1237.0496612234215,1267.2216041800903,57082300
2019-06-24,1262.9112548828125,1262.9112548828125,1245.6701456011358,1249.980422921555,5649800
2019-06-25,1275.8424072265625,1275.8424072265625,1258.6012936153927,1267.2218504209775,8008100
2019-06-26,1267.2215576171875,1275.84211243091,1254.290725396604,1271.5318350240486,8889400
2019-06-27,1254.290771484375,1271.5318817453287,1245.6702163538982,1271.5318817453287,13759800
2019-06-28,1258.6011962890625,1271.5320304975116,1241.36008401113,1254.2909182195795,14398600
2019-07-01,1249.9805908203125,1267.2217024178342,1245.6703129209322,1262.9114245184537,7220600
2019-07-02,1249.9805908203125,1267.2217024178342,1241.3600350215518,1267.2217024178342,17786600
2019-07-03,1245.670166015625,1267.2215529709126,1237.04961123351,1258.6009981887976,14890400
2019-07-04,1241.3599853515625,1258.6010962592231,1232.7394298977322,1237.0497076246475,16376300
2019-07-05,1241.3599853515625,1254.2908185323079,1228.4291521708171,1241.3599853515625,14993200
2019-07-08,1237.0499267578125,1241.3602052482577,1228.4293697769217,1241.3602052482577,7463400
2019-07-09,1249.9805908203125,1249.9805908203125,1228.4292013234106,1237.0497571221713,14935100
2019-07-10,1262.9112548828125,1262.9112548828125,1228.4290363194593,1249.980422921555,16001800
2019-07-11,1241.3599853515625,1267.2216517130535,1232.7394298977322,1267.2216517130535,9454900
2019-07-12,1181.0162353515625,1241.3601305885038,1172.3956788891423,1241.3601305885038,26107600
2019-07-15,1258.6011962890625,1258.6011962890625,1193.947025246816,1202.5675813857822,23010300
2019-07-16,1237.0499267578125,1258.601319210039,1228.4293697769217,1258.601319210039,9421700
2019-07-17,1254.290771484375,1258.6010490496135,1232.739383658183,1254.290771484375,10614000
2019-07-18,1271.531982421875,1275.8422603283898,1249.9805928893009,1258.6011487023304,21017200
2019-07-19,1284.4627685546875,1288.7730463015153,1271.531935314204,1275.8422130610318,19603700
2019-07-22,1280.152587890625,1284.4628659643308,1267.2217536695077,1284.4628659643308,10416800
2019-07-23,1267.2215576171875,1284.4626672446323,1249.9804479897427,1280.1523898377711,8203100
2019-07-24,1241.3599853515625,1275.8422071668838,1241.3599853515625,1241.3599853515625,9584900
2019-07-25,1271.531982421875,1271.531982421875,1241.3600370762713,1241.3600370762713,17168100
2019-07-26,1249.9805908203125,1275.842258216595,1245.6703129209322,1271.5319803172144,21710600
2019-07-29,1258.6011962890625,1262.9114743585455,1232.739527872164,1249.9806401500962,14182700
2019-07-30,1258.6011962890625,1262.9114743585455,1245.6703620806131,1258.6011962890625,12891400
2019-07-31,1267.2215576171875,1275.84211243091,1241.3598931760205,1267.2215576171875,49488800
2019-08-01,1280.152587890625,1280.152587890625,1254.2909194483902,1267.2217536695077,27669200
2019-08-02,1254.290771484375,1280.1524368758055,1228.4291060929447,1280.1524368758055,25023300
2019-08-05,1215.4984130859375,1258.601193691822,1206.8778569647607,1245.6703595100566,37991300
2019-08-06,1193.9468994140625,1211.1880098749155,1172.3955113379964,1206.8777322597023,34883400
2019-08-07,1232.7392578125,1254.2906434385925,1189.6364865603146,1198.2570408107517,31772500
2019-08-08,1219.80859375,1258.60109319788,1219.80859375,1258.60109319788,34351700
2019-08-09,1241.3599853515625,1249.9805408053928,1224.1188744439019,1232.7394298977322,24758900
2019-08-12,1262.9112548828125,1267.2215322032316,1237.0495909602976,1249.980422921555,22342100
2019-08-13,1258.6011962890625,1267.2217524280286,1237.049805941647,1262.9114743585455,25253000
2019-08-14,1275.8424072265625,1275.8424072265625,1254.2910152126003,1267.2218504209775,26353100
2019-08-15,1284.4627685546875,1284.4627685546875,1249.980546580065,1258.6011020737205,24390000
2019-08-16,1301.7039794921875,1301.7039794921875,1275.8423110254553,1284.4628671810326,37517100
2019-08-19,1349.1170654296875,1366.358178086936,1306.0142837865665,1306.0142837865665,78866000
2019-08-20,1353.427001953125,1362.0475561056928,1340.4961707242735,1349.1167248768413,68933500
2019-08-21,1357.7376708984375,1366.3582275390625,1340.4965576171876,1353.427392578125,44922900
2019-08-22,1400.84033203125,1418.0814438100963,1357.7375525841346,1357.7375525841346,75268000
2019-08-23,1396.530029296875,1405.1505850332753,1357.7375284830728,1405.1505850332753,23525700
2019-08-26,1396.530029296875,1400.8403071650753,1314.6347498010705,1392.2197514286747,26232000
2019-08-27,1400.84033203125,1400.84033203125,1387.9094981971155,1396.5300540865385,81110000
2019-08-28,1426.701904296875,1426.701904296875,1400.840238357959,1400.840238357959,85445900
2019-08-29,1439.6328125,1448.253368263473,1426.7019788547902,1431.012256736527,46905600
2019-08-30,1456.8740234375,1456.8740234375,1439.6329107340975,1448.2534670857988,79928200
2019-09-02,1443.943115234375,1456.8739491021456,1409.460891586987,1448.2533931902985,25346000
2019-09-03,1422.3916015625,1431.0121567234848,1413.7710464015152,1426.7018791429925,23714900
2019-09-04,1431.0123291015625,1431.0123291015625,1422.3917729021555,1426.702051001859,21149800
2019-09-05,1439.6328125,1448.253368263473,1413.7711452095807,1431.012256736527,42419800
2019-09-06,1443.943115234375,1448.2533931902985,1439.6328372784515,1448.2533931902985,15630900
2019-09-09,1443.943115234375,1452.563671146222,1435.3225593225282,1448.2533931902985,16638800
2019-09-10,1448.25341796875,1448.25341796875,1439.6328619094122,1443.943139939081,20762000
2019-09-11,1448.25341796875,1448.25341796875,1418.0814717610676,1448.25341796875,32795700
2019-09-12,1456.8740234375,1456.8740234375,1413.771241678994,1448.2534670857988,18908500
2019-09-13,1448.25341796875,1456.8739740280878,1426.7020278204054,1448.25341796875,6903700
2019-09-16,1448.25341796875,1448.25341796875,1409.4609157017298,1426.7020278204054,26976900
2019-09-17,1448.25341796875,1448.25341796875,1435.3225838797432,1443.943139939081,23823500
2019-09-18,1448.25341796875,1448.25341796875,1439.6328619094122,1443.943139939081,33115300
2019-09-19,1448.25341796875,1456.8739740280878,1443.943139939081,1448.25341796875,57726800
2019-09-20,1435.3226318359375,1443.9431881833004,1413.77124096753,1439.6329100096189,50429400
2019-09-23,1435.3226318359375,1435.3226318359375,1431.012353662256,1431.012353662256,16192600
2019-09-24,1431.0123291015625,1439.6328853009695,1426.702051001859,1435.322607201266,30151800
2019-09-25,1439.6328125,1443.9430903817365,1422.3917009730537,1431.012256736527,15618200
2019-09-26,1439.6328125,1443.9430903817365,1431.012256736527,1439.6328125,24797500
2019-09-27,1443.943115234375,1448.2533931902985,1435.3225593225282,1448.2533931902985,19302200
2019-09-30,1443.943115234375,1448.2533931902985,1435.3225593225282,1435.3225593225282,31366800
2019-10-01,1443.943115234375,1443.943115234375,1422.3917254547575,1422.3917254547575,6910000
2019-10-02,1439.6328125,1448.253368263473,1431.012256736527,1431.012256736527,9516000
2019-10-03,1422.3916015625,1431.0121567234848,1405.1504912405303,1413.7710464015152,11511300
2019-10-04,1422.3916015625,1426.7018791429925,1409.4607688210228,1426.7018791429925,19488200
2019-10-07,1405.1505126953125,1426.7019009268356,1396.529957402703,1422.391623280531,19631800
2019-10-08,1431.0123291015625,1431.0123291015625,1409.4609386030452,1413.7712167027485,22399600
2019-10-09,1422.3916015625,1435.3224343039774,1422.3916015625,1422.3916015625,16388100
2019-10-10,1422.3916015625,1431.0121567234848,1409.4607688210228,1409.4607688210228,7200500
2019-10-11,1431.0123291015625,1431.0123291015625,1422.3917729021555,1426.702051001859,4397400
2019-10-14,1439.6328125,1443.9430903817365,1418.0814230913172,1418.0814230913172,7028700
2019-10-15,1431.0123291015625,1431.0123291015625,1400.8403824036382,1431.0123291015625,20787700
2019-10-16,1426.701904296875,1439.6327372663332,1418.081348983903,1431.012181953361,75947300
2019-10-17,1426.701904296875,1431.012181953361,1422.391626640389,1431.012181953361,13880800
2019-10-18,1400.84033203125,1422.3917217548078,1362.0478305288461,1418.0814438100963,14812700
2019-10-21,1409.4608154296875,1418.0813708757405,1383.599149091528,1418.0813708757405,19021000
2019-10-22,1405.1505126953125,1418.0813456342264,1392.2196797563986,1418.0813456342264,30314200
2019-10-23,1387.909423828125,1405.1505346831327,1370.6683129731173,1383.599146114373,27558200
2019-10-24,1392.2196044921875,1392.2196044921875,1374.9784948390336,1387.909327078899,35382900
2019-10-25,1353.427001953125,1392.2194956396795,1344.8064478005574,1392.2194956396795,32521500
2019-10-28,1383.59912109375,1392.2196763653621,1353.4271776431074,1353.4271776431074,31786900
2019-10-29,1409.4608154296875,1413.771093152714,1379.2888713685015,1379.2888713685015,29620400
2019-10-30,1418.0814208984375,1422.3916987735088,1413.7711430233662,1422.3916987735088,30054100
2019-10-31,1374.9786376953125,1431.0122498897922,1349.1169705286295,1426.7019720286785,32757600
2019-11-01,1400.84033203125,1413.7711658653845,1374.978664362981,1374.978664362981,22218400
2019-11-04,1336.1861572265625,1413.7711599042339,1336.1861572265625,1413.7711599042339,23333900
2019-11-05,1387.909423828125,1387.909423828125,1344.8066466906057,1362.0477575456134,30704900
2019-11-06,1379.2889404296875,1379.2889404296875,1336.1861610412598,1336.1861610412598,12598100
2019-11-07,1366.3580322265625,1413.7710869725945,1357.737476818193,1413.7710869725945,21063300
2019-11-08,1366.3580322265625,1379.2888653391167,1349.1169214098236,1366.3580322265625,20392100
2019-11-11,1340.4964599609375,1387.9095180302954,1297.3936798978848,1340.4964599609375,35561600
2019-11-12,1336.1861572265625,1349.1169910061742,1314.634767593876,1331.8758793000252,27976700
2019-11-13,1310.324462890625,1340.496407759817,1306.0141850521688,1336.186129921361,28837900
2019-11-14,1301.7039794921875,1318.9450918033422,1297.3937014143987,1301.7039794921875,15455400
2019-11-15,1301.7039794921875,1327.5656479589197,1293.08342333661,1318.9450918033422,11801400
2019-11-18,1301.7039794921875,1318.9450918033422,1284.4628671810326,1301.7039794921875,16541100
2019-11-19,1310.324462890625,1310.324462890625,1293.0833515368008,1297.393629375257,14736200
2019-11-20,1314.634765625,1327.565599385246,1288.7730981045083,1293.0833760245903,12690800
2019-11-21,1314.634765625,1318.945043545082,1297.3936539446722,1301.7039318647542,13558000
2019-11-22,1306.0142822265625,1318.9451167040531,1301.704004067399,1318.9451167040531,11006000
2019-11-25,1306.0142822265625,1314.6348385448896,1293.0834477490716,1297.3937259082354,21121300
2019-11-26,1318.945068359375,1336.1861803640727,1301.7039563546773,1336.1861803640727,73213700
2019-11-27,1306.0142822265625,1318.9451167040531,1301.704004067399,1314.6348385448896,27995500
2019-11-28,1280.152587890625,1306.01425633286,1275.8423098169192,1301.7039782591542,19711500
2019-11-29,1314.634765625,1323.255321465164,1271.5319864241803,1271.5319864241803,16931000
2019-12-02,1353.427001953125,1353.427001953125,1314.6345082665705,1323.255062419138,16641700
2019-12-03,1379.2889404296875,1379.2889404296875,1340.4964389801025,1344.8067169189453,16227300
2019-12-04,1353.427001953125,1370.6681102582604,1344.8064478005574,1370.6681102582604,16765000
2019-12-05,1349.1170654296875,1349.1170654296875,1336.1862309367511,1340.4965091010633,9809000
2019-12-06,1353.427001953125,1370.6681102582604,1336.1858936479896,1336.1858936479896,26183300
2019-12-09,1349.1170654296875,1362.0478999226239,1340.4965091010633,1353.4273435939997,11019400
2019-12-10,1353.427001953125,1370.6681102582604,1340.4961707242735,1340.4961707242735,9935300
2019-12-11,1349.1170654296875,1370.668456251248,1340.4965091010633,1370.668456251248,17872900
2019-12-12,1353.427001953125,1370.6681102582604,1331.875616571706,1336.1858936479896,26446200
2019-12-13,1379.2889404296875,1379.2889404296875,1357.7375507354736,1379.2889404296875,18588700
2019-12-16,1357.7376708984375,1387.909619140625,1349.1171142578125,1383.5993408203126,16279800
2019-12-17,1409.4608154296875,1409.4608154296875,1340.4963718612623,1366.3580381994218,46622200
2019-12-18,1409.4608154296875,1409.4608154296875,1387.9094268145545,1409.4608154296875,42302800
2019-12-19,1387.909423828125,1409.4608123968846,1370.6683129731173,1409.4608123968846,16402600
2019-12-20,1387.909423828125,1405.1505346831327,1370.6683129731173,1370.6683129731173,40962600
2019-12-23,1400.84033203125,1413.7711658653845,1379.2889423076924,1400.84033203125,30143000
2019-12-26,1374.9786376953125,1396.5300270008815,1362.047804111971,1379.2889155564262,14648500
2019-12-27,1392.2196044921875,1392.2196044921875,1357.7373851858795,1374.9784948390336,8196900
2019-12-30,1396.530029296875,1396.530029296875,1370.6683620876736,1379.288917824074,14635200
2020-01-02,1392.2196044921875,1409.4607141453416,1379.2887722523221,1396.529881905476,14075700
2020-01-03,1409.4608154296875,1409.4608154296875,1387.9094268145545,1396.5299822606078,20606000
2020-01-06,1413.7711181640625,1413.7711181640625,1392.2197291676591,1405.150562565501,10231400
2020-01-07,1409.4608154296875,1409.4608154296875,1379.2888713685015,1409.4608154296875,17153100
2020-01-08,1366.3580322265625,1392.2196984516709,1366.3580322265625,1374.978587634932,11666700
2020-01-09,1379.2889404296875,1379.2889404296875,1353.4272727966309,1366.3581066131592,13555900
2020-01-10,1379.2889404296875,1392.2197742462158,1362.0478286743164,1379.2889404296875,15949700
2020-01-13,1379.2889404296875,1392.2197742462158,1370.668384552002,1370.668384552002,12854000
2020-01-14,1366.3580322265625,1387.9094207474861,1349.1169214098236,1387.9094207474861,24032800
2020-01-15,1362.0477294921875,1370.668284742138,1344.8066189922863,1366.3580071171627,23321300
2020-01-16,1435.3226318359375,1448.253466356982,1349.1170683623075,1366.3581810570336,29672400
2020-01-17,1392.2196044921875,1435.3223786250726,1379.2887722523221,1435.3223786250726,26629600
2020-01-20,1396.530029296875,1409.4608629014756,1362.047806351273,1392.2197514286747,8492800
2020-01-21,1387.909423828125,1409.4608123968846,1383.599146114373,1405.1505346831327,4057400
2020-01-22,1370.66845703125,1396.5301260318397,1353.4273443641903,1387.9095696983097,12417900
2020-01-23,1357.7376708984375,1370.668505859375,1340.4965576171876,1370.668505859375,14530800
2020-01-24,1327.565673828125,1353.4273427988028,1327.565673828125,1344.8067864752434,13044800
2020-01-27,1310.324462890625,1344.806685598273,1301.703907213713,1327.565574244449,10525000
2020-01-28,1293.083251953125,1310.3243619791667,1280.1524194335936,1310.3243619791667,15578300
2020-01-29,1314.634765625,1323.255321465164,1284.4628201844264,1297.3936539446722,12069700
2020-01-30,1306.0142822265625,1331.875951181544,1301.704004067399,1314.6348385448896,12903500
2020-01-31,1232.7392578125,1323.255077442089,1232.7392578125,1323.255077442089,36468300
2020-02-03,1267.2215576171875,1280.1523898377711,1215.4982287348535,1215.4982287348535,15229400
2020-02-04,1275.8424072265625,1284.4629640321473,1267.2218504209775,1275.8424072265625,16757500
2020-02-05,1280.152587890625,1280.152587890625,1267.2217536695077,1275.8423098169192,14550100
2020-02-06,1258.6011962890625,1280.152586636478,1254.2909182195795,1280.152586636478,16990900
2020-02-07,1267.2215576171875,1280.1523898377711,1258.6010028034652,1258.6010028034652,12388300
2020-02-10,1275.8424072265625,1280.152685629355,1249.9807368098077,1280.152685629355,16341600
2020-02-11,1258.6011962890625,1275.842308566995,1249.9806401500962,1275.842308566995,6665900
2020-02-12,1215.4984130859375,1249.980637570645,1211.188135025349,1249.980637570645,40079300
2020-02-13,1181.0162353515625,1215.4984612012431,1172.3956788891423,1215.4984612012431,29853100
2020-02-14,1198.257080078125,1206.8776346110612,1172.3954164793165,1181.0159710122527,10208800
2020-02-17,1198.257080078125,1211.1879118775291,1185.3262482787209,1198.257080078125,5852800
2020-02-18,1202.567626953125,1271.5320786780353,1198.257348720318,1198.257348720318,22990100
2020-02-19,1237.0499267578125,1254.2910407195939,1206.8779773246952,1206.8779773246952,13279400
2020-02-20,1224.1187744140625,1262.9112707863392,1206.8776649152728,1249.980438662247,13565400
2020-02-21,1176.705810546875,1228.4291428786057,1176.705810546875,1224.118865184295,30858700
2020-02-24,1168.0853271484375,1198.257272868139,1155.1544932685654,1172.3956051083949,21385300
2020-02-25,1116.3619384765625,1206.8777713260135,1116.3619384765625,1155.1544382691843,23418400
2020-02-26,1107.7413330078125,1146.5338310508876,1094.8105003267874,1112.051610568154,47271500
2020-02-27,1077.5694580078125,1116.3619584960938,1043.0872353515626,1112.0516806640626,39329700
2020-02-28,1051.7078857421875,1056.0181639624423,1012.9153817598936,1047.3976075219325,44307700
2020-03-02,1030.156494140625,1090.5003891948875,1021.5359377043017,1051.707885231433,31720700
2020-03-03,1043.0872802734375,1064.6386703617318,1038.7770022557788,1047.3975582910964,34175900
2020-03-04,1099.120849609375,1112.051683134191,1043.087237668505,1043.087237668505,30659400
2020-03-05,1146.533935546875,1155.1544914532424,1116.3619898745887,1120.6722678277724,38274500
2020-03-06,1064.638671875,1142.2236763031376,1064.638671875,1142.2236763031376,25366200
2020-03-09,982.743408203125,1051.70785790159,982.743408203125,1051.70785790159,48812000
2020-03-10,995.674072265625,1043.087123325893,987.0535175273944,987.0535175273944,38897600
2020-03-11,961.1919555664062,1017.2255673258828,948.2611220834501,1004.2947338429267,35408000
2020-03-12,900.8480224609375,935.3302434163801,896.5377448415071,931.0199657969497,23037600
2020-03-13,900.8480224609375,900.8480224609375,900.8480224609375,900.8480224609375,0
2020-03-16,862.0555419921875,969.8124847412109,857.7452642822266,879.2966528320312,59267400
2020-03-17,857.7453002929688,900.8480792021631,823.2630771656133,874.9864118566466,72013900
2020-03-18,900.8480224609375,931.0199657969497,862.0555238860645,866.3658015054949,56301900
2020-03-19,840.5042114257812,909.4686595427684,840.5042114257812,862.0556014623397,40775100
2020-03-20,844.8143920898438,853.4349471111686,788.7807844512316,840.5041145791813,83889600
2020-03-23,788.7808837890625,844.8144984844604,788.7808837890625,844.8144984844604,40907000
2020-03-24,745.6781005859375,818.9528272331106,737.0575445097995,797.4014370427656,64666100
2020-03-26,818.9528198242188,883.6069898103414,715.5061478464228,749.9883718390214,114141000
2020-03-27,870.6762084960938,999.9845562925434,827.5734258972773,827.5734258972773,180228800
2020-03-30,900.8480224609375,909.4685776997981,810.3321924529007,870.6760791249252,59372100
2020-03-31,1034.4666748046875,1064.6386194864908,909.4686182657878,909.4686182657878,104586800
2020-04-01,1004.2946166992188,1112.0515498214527,991.3637847245508,1034.4665579734442,111236300
2020-04-02,1107.7413330078125,1107.7413330078125,956.8816183958536,1034.466614482004,63583600
2020-04-03,1077.5694580078125,1120.672236328125,1060.3283466796875,1112.0516806640626,59542900
2020-04-06,1094.8106689453125,1112.0517818420892,1056.0181649275653,1112.0517818420892,35382900
2020-04-07,1060.3284912109375,1129.292945923844,1025.8462638544843,1099.1209969869474,68562800
2020-04-08,987.0535888671875,1060.328309438114,987.0535888671875,1060.328309438114,57568300
2020-04-09,982.743408203125,1012.9153549462034,935.3303490354303,987.053686309279,58108500
2020-04-13,948.2611083984375,1004.2947193492543,948.2611083984375,982.7433305220171,39794600
2020-04-14,1021.535888671875,1025.8461666831488,956.881718502769,956.881718502769,42772000
2020-04-15,1043.0872802734375,1073.2592263970494,1021.5358901851434,1034.46672423812,50981100
2020-04-16,987.0535888671875,1043.087198715543,978.433033505902,1025.8460879929721,42548300
2020-04-17,1030.156494140625,1043.0873287951097,1008.6051030498169,1008.6051030498169,70564600
2020-04-20,1034.4666748046875,1064.6386194864908,1021.5358413696289,1034.4666748046875,44882900
2020-04-21,1043.0872802734375,1056.018114326414,995.6742220791904,1030.156446220461,34694200
2020-04-22,1077.5694580078125,1112.0516806640626,1017.2255683593751,1043.0872353515626,66130900
2020-04-23,1090.500244140625,1107.7413547199235,1060.3283006268528,1090.500244140625,51439800
2020-04-24,1081.8798828125,1090.5004396476593,1073.2593259773405,1077.5696043949204,43175900
2020-04-27,1146.533935546875,1146.533935546875,1081.8797662491188,1099.1208780618538,38936000
2020-04-28,1245.670166015625,1245.670166015625,1137.9132312391869,1159.4646181944745,61167100
2020-04-29,1267.2215576171875,1275.84211243091,1245.6701705828816,1249.9804479897427,52010200
2020-04-30,1241.3599853515625,1293.0833180745442,1219.8085967169868,1267.2216517130535,53666000
2020-05-04,1189.63671875,1228.4292204483695,1163.775050951087,1206.877830615942,46895400
2020-05-05,1172.3956298828125,1224.1189664952897,1168.0853518317729,1211.1881323421703,17606400
2020-05-06,1211.18798828125,1219.808543357985,1172.3954904359432,1189.6366005894129,55190700
2020-05-08,1206.8779296875,1241.36015625,1189.63681640625,1211.1882080078126,37146000
2020-05-11,1193.9468994140625,1219.8085651053418,1193.9468994140625,1215.4982874901286,33331300
2020-05-12,1193.9468994140625,1224.118842720555,1172.3955113379964,1193.9468994140625,30687000
2020-05-13,1206.8779296875,1211.1882080078126,1168.0854248046876,1206.8779296875,20203800
2020-05-14,1206.8779296875,1206.8779296875,1181.016259765625,1206.8779296875,35697000
2020-05-15,1206.8779296875,1206.8779296875,1181.016259765625,1206.8779296875,25213800
2020-05-18,1206.8779296875,1206.8779296875,1189.63681640625,1206.8779296875,17406600
2020-05-19,1198.257080078125,1211.1879118775291,1189.6365255451888,1206.8776346110612,38331600
2020-05-20,1155.1544189453125,1206.8777511368937,1133.6030305321538,1206.8777511368937,50884000
2020-05-26,1142.2237548828125,1172.395703125,1137.9134765625,1168.0854248046876,35300400
2020-05-27,1137.9134521484375,1155.1545650597775,1129.2928956927676,1146.5340086041074,22108500
2020-05-28,1168.0853271484375,1176.705883068352,1133.6031034687787,1155.1544932685654,35733300
2020-05-29,1219.80859375,1258.60109319788,1168.085261152827,1172.395538869258,206001100
2020-06-02,1211.064453125,1246.0410438289712,1154.227493231047,1193.5761577730143,63506700
2020-06-03,1237.296875,1246.0410225265018,1211.0644324204948,1219.8085799469964,62660000
2020-06-04,1232.9248046875,1259.1572473404256,1224.1806571365248,1259.1572473404256,34757300
2020-06-05,1232.9248046875,1250.4130997894504,1211.0644358100622,1232.9248046875,22870400
2020-06-08,1246.041015625,1259.1572368421052,1237.29686814693,1237.29686814693,23174600
2020-06-09,1232.9248046875,1267.9013948914007,1224.1806571365248,1246.041026013963,28018500
2020-06-10,1285.3896484375,1329.1103847789116,1224.1806175595239,1232.924764827806,61440900
2020-06-11,1241.6688232421875,1302.877849740042,1228.5526032783616,1294.1337030974912,27319800
2020-06-12,1206.6925048828125,1241.6690992272418,1180.4600591244905,1241.6690992272418,41876600
2020-06-15,1228.552734375,1241.6689557384343,1189.2040702846975,1215.436513011566,25094000
2020-06-16,1246.041015625,1263.5293105811404,1237.29686814693,1237.29686814693,18727900
2020-06-17,1250.4130859375,1267.9013808457169,1241.6689384833917,1267.9013808457169,32750200
2020-06-18,1232.9248046875,1259.1572473404256,1224.1806571365248,1224.1806571365248,24563000
2020-06-19,1276.6456298828125,1276.6456298828125,1224.1807409835187,1246.0411113582245,48608900
2020-06-22,1285.3896484375,1302.8779429740646,1259.157206632653,1259.157206632653,20082300
2020-06-23,1254.785400390625,1285.389922351372,1250.4133258248041,1276.64577321973,12054700
2020-06-24,1276.6456298828125,1276.6456298828125,1250.4131854331656,1254.7852595081067,13277500
2020-06-25,1272.2735595703125,1281.0177077460535,1250.41318913096,1281.0177077460535,8121400
2020-06-26,1263.529296875,1276.6455179498269,1250.413075800173,1276.6455179498269,14323700
2020-06-29,1259.1573486328125,1272.2735710144043,1250.413200378418,1263.5294227600098,13293100
2020-06-30,1276.6456298828125,1294.133926182577,1254.7852595081067,1259.1573335830478,39455800
2020-07-01,1281.017578125,1294.1337990614336,1272.2734308340443,1285.389651770478,15494600
2020-07-02,1307.250244140625,1311.6223185357442,1276.645723374791,1281.0177977699102,31753200
2020-07-03,1307.250244140625,1320.3664673259825,1294.1340209552675,1307.250244140625,9003800
2020-07-06,1337.854736328125,1337.854736328125,1302.878141914318,1307.2502162160438,31247600
2020-07-07,1324.738525390625,1350.9709714379642,1307.2502280257322,1337.8547484142946,25055700
2020-07-08,1329.110595703125,1333.4826700310957,1311.6222983912417,1311.6222983912417,18521200
2020-07-09,1337.854736328125,1346.5988849315768,1320.3664391212214,1333.482662026399,33397400
2020-07-10,1285.3896484375,1337.854532047194,1285.3896484375,1337.854532047194,31067400
2020-07-13,1276.6456298828125,1307.2501484074005,1272.2735558078714,1294.133926182577,18842500
2020-07-14,1315.994384765625,1320.3664591336171,1276.645715453696,1276.645715453696,31936900
2020-07-15,1320.366455078125,1333.482678141815,1315.9943807235616,1315.9943807235616,26236800
2020-07-16,1298.5059814453125,1329.110499526515,1285.3897594105113,1320.3663515033143,24543800
2020-07-17,1281.017578125,1311.6220936433447,1267.9013571885666,1298.5058727069113,17736000
2020-07-20,1298.5059814453125,1298.5059814453125,1281.017685398911,1281.017685398911,19394400
2020-07-21,1329.110595703125,1482.1331971821032,1289.7619267513876,1307.250224063271,420160800
2020-07-22,1377.203369140625,1434.0403335813492,1329.1105530753969,1342.226775638641,365930700
2020-07-23,1412.1798095703125,1447.1563992810322,1377.2032198595928,1377.2032198595928,378713700
2020-07-24,1372.8310546875,1429.6680091809317,1320.3661736166403,1399.06349522293,210299200
2020-07-27,1355.3428955078125,1407.8077817855344,1337.8546000819053,1346.5987477948588,108755400
2020-07-28,1324.738525390625,1372.8313431440802,1320.3664510494018,1355.3430457791874,72817700
2020-07-29,1333.4825439453125,1359.7149874327613,1324.738396116163,1333.4825439453125,87768200
2020-07-30,1368.459228515625,1377.203376940645,1337.8547090280551,1337.8547090280551,104773100
2020-08-03,1364.087158203125,1385.947529328175,1285.3898221529446,1377.203380878155,87572700
2020-08-04,1377.203369140625,1385.947517516121,1364.087146577381,1385.947517516121,37390200
2020-08-05,1412.1798095703125,1434.0401781395124,1364.0869987180727,1364.0869987180727,118886200
2020-08-06,1399.063720703125,1429.6682395935059,1399.063720703125,1412.1799430847168,93925600
2020-08-07,1381.5753173828125,1407.8077601179293,1377.2032435936264,1399.063612539557,32217900
2020-08-10,1407.807861328125,1412.1799354316286,1385.9474908106076,1399.063713121118,34923100
2020-08-11,1399.063720703125,1416.552017211914,1399.063720703125,1412.1799430847168,21846900
2020-08-12,1412.1798095703125,1416.5518832841524,1399.0635884287926,1416.5518832841524,46451800
2020-08-13,1420.924072265625,1420.924072265625,1407.8078500600961,1416.5519981971154,45146800
2020-08-14,1420.924072265625,1425.2961463341346,1412.1799241286058,1420.924072265625,30761900
2020-08-18,1416.552001953125,1425.2961501133295,1403.4357797128184,1420.9240760332273,35788100
2020-08-19,1403.4356689453125,1425.296037620473,1403.4356689453125,1425.296037620473,24769400
2020-08-24,1399.063720703125,1416.552017211914,1385.9474983215332,1407.8078689575195,24237900
2020-08-25,1416.552001953125,1416.552001953125,1394.691631552614,1399.0637056327162,40737100
2020-08-26,1390.319580078125,1420.9240991364484,1390.319580078125,1416.5520249852593,31078500
2020-08-27,1412.1798095703125,1416.5518832841524,1399.0635884287926,1403.4356621426325,22442600
2020-08-28,1407.807861328125,1420.9240836386355,1399.063713121118,1412.1799354316286,16439300
2020-08-31,1381.5753173828125,1412.1798339071154,1381.5753173828125,1403.435686328743,46202700
2020-09-01,1394.691650390625,1403.4357986689363,1381.5754279731584,1385.947502112314,17692900
2020-09-02,1399.063720703125,1407.8078689575195,1385.9474983215332,1407.8078689575195,22441400
2020-09-03,1394.691650390625,1407.8078728080918,1385.947502112314,1407.8078728080918,24605200
2020-09-04,1390.319580078125,1394.691654229314,1359.7150610198014,1390.319580078125,33556900
2020-09-07,1399.063720703125,1399.063720703125,1377.2033500671387,1385.9474983215332,17009800
2020-09-08,1381.5753173828125,1399.063612539557,1381.5753173828125,1399.063612539557,9604300
2020-09-09,1359.715087890625,1385.9475333161677,1355.3430136530346,1381.5754590785773,28690100
2020-09-10,1294.134033203125,1355.3430753140835,1285.3898843301308,1355.3430753140835,82214600
2020-09-11,1377.203369140625,1381.575443328373,1232.9249209449404,1241.6690693204364,38160300
2020-09-14,1390.319580078125,1399.063728380503,1372.8312834733686,1390.319580078125,29711700
2020-09-15,1350.9708251953125,1390.3194900068265,1342.2266774594204,1390.3194900068265,26859400
2020-09-16,1346.598876953125,1368.4592483322342,1333.4826541256596,1350.970951228947,9081800
2020-09-17,1324.738525390625,1359.7151201204106,1307.2502280257322,1346.598897096741,18504500
2020-09-18,1350.9708251953125,1350.9708251953125,1311.6221603837985,1329.1104558555826,27388900
2020-09-21,1311.6220703125,1350.970732421875,1298.505849609375,1350.970732421875,13841800
2020-09-22,1272.2735595703125,1294.133930009665,1259.157337306701,1276.645633658183,30309700
2020-09-23,1337.854736328125,1337.854736328125,1276.6456961039626,1281.0177704056885,26996700
2020-09-24,1324.738525390625,1329.1105997318482,1289.7619306608397,1311.6223023669554,23564800
2020-09-25,1381.5753173828125,1385.9473911719986,1307.2500629666486,1329.110431912579,35804500
2020-09-28,1333.4825439453125,1385.94743092021,1333.4825439453125,1381.5753570056352,17599100
2020-09-29,1320.366455078125,1364.0871986237582,1320.366455078125,1337.8547524963783,22775100
2020-09-30,1355.3428955078125,1381.5753386466733,1324.7383785124748,1324.7383785124748,30404800
2020-10-01,1407.807861328125,1442.784454156153,1399.063713121118,1399.063713121118,84701900
2020-10-02,1372.8310546875,1420.9238623357883,1350.9706875746417,1416.5517889132166,37452400
2020-10-05,1368.459228515625,1399.063748003195,1364.087154303115,1381.575451153155,14393000
2020-10-06,1368.459228515625,1381.575451153155,1364.087154303115,1381.575451153155,14093100
2020-10-07,1390.319580078125,1390.319580078125,1364.0871351709905,1368.4592093221795,18601400
2020-10-08,1399.063720703125,1399.063720703125,1368.4592018127441,1390.3195724487305,16693400
2020-10-09,1372.8310546875,1390.3193483777866,1368.4589812649283,1385.947274955215,14912300
2020-10-12,1381.5753173828125,1394.691538750371,1368.459096015254,1385.9473911719986,18457000
2020-10-13,1385.9473876953125,1385.9473876953125,1368.459092582438,1381.5753139170938,15181500
2020-10-14,1390.319580078125,1403.4358025316922,1368.4592093221795,1385.947505926936,38990400
2020-10-15,1364.087158203125,1394.691677778195,1364.087158203125,1390.319603553185,23355700
2020-10-16,1355.3428955078125,1368.459117077243,1346.5987477948588,1359.7149693642893,20957300
2020-10-19,1372.8310546875,1385.947274955215,1359.7148344197851,1372.8310546875,27999500
2020-10-20,1368.459228515625,1394.691673790685,1364.087154303115,1381.575451153155,31977500
2020-10-21,1368.459228515625,1377.203376940645,1368.459228515625,1377.203376940645,18320700
2020-10-22,1381.5753173828125,1381.5753173828125,1368.459096015254,1372.8311698044404,22801100
2020-10-23,1385.9473876953125,1390.3194614735312,1372.8311663606564,1390.3194614735312,13897500
2020-10-26,1350.9708251953125,1390.3194900068265,1346.5987513273665,1390.3194900068265,29947600
2020-10-27,1333.4825439453125,1359.7149874327613,1324.738396116163,1350.9708396036117,35680300
2020-11-02,1307.250244140625,1342.2268393015781,1289.7619465601483,1337.854764906459,58395800
2020-11-03,1289.7618408203125,1315.9942850403868,1281.0176927469545,1311.6222110037077,42358100
2020-11-04,1272.2735595703125,1302.878078185406,1272.2735595703125,1289.7618559217944,38146400
2020-11-05,1311.6220703125,1320.3662174479166,1289.7617024739584,1302.8779231770834,45161400
2020-11-06,1324.738525390625,1337.8547484142946,1311.6223023669554,1320.3664510494018,52447500
2020-11-09,1294.134033203125,1329.1106286951012,1285.3898843301308,1324.7385542586042,68198900
2020-11-10,1307.250244140625,1350.9709880918165,1302.8781697455058,1337.854764906459,62694100
2020-11-11,1285.3896484375,1329.1103847789116,1285.3896484375,1329.1103847789116,63661600
2020-11-12,1298.5059814453125,1307.2501294685133,1289.7618334221117,1289.7618334221117,38384100
2020-11-13,1307.250244140625,1307.250244140625,1298.5060953503867,1302.8781697455058,12767200
2020-11-16,1302.8779296875,1324.738297635277,1294.1337825083892,1315.9941504561662,33134800
2020-11-17,1311.6220703125,1320.3662174479166,1307.2499967447916,1315.9941438802084,33292200
2020-11-18,1315.994384765625,1324.7385335016093,1307.2502360296407,1315.994384765625,35735900
2020-11-19,1307.250244140625,1320.3664673259825,1307.250244140625,1315.9943929308633,33518700
2020-11-20,1307.250244140625,1320.3664673259825,1307.250244140625,1315.9943929308633,18059200
2020-11-23,1307.250244140625,1315.9943929308633,1302.8781697455058,1307.250244140625,33386700
2020-11-24,1298.5059814453125,1315.994277491714,1294.133907433712,1307.2501294685133,55053900
2020-11-25,1285.3896484375,1302.8779429740646,1285.3896484375,1298.5058693399235,32909400
2020-11-26,1302.8779296875,1302.8779296875,1285.3896353292785,1289.7617089188338,31101300
2020-11-27,1294.134033203125,1311.6223309491131,1294.134033203125,1311.6223309491131,40326700
2020-11-30,1315.994384765625,1315.994384765625,1259.1574179817276,1302.8781616616486,146595800
2020-12-01,1298.5059814453125,1320.3663515033143,1281.017685398911,1315.994277491714,46698600
2020-12-02,1307.250244140625,1311.6223185357442,1289.7619465601483,1311.6223185357442,45553200
2020-12-03,1281.017578125,1315.9941672888226,1272.2734308340443,1311.6220936433447,71615300
2020-12-04,1295.0657958984375,1308.2359565346928,1277.5055817167638,1286.2856888076005,33404600
2020-12-07,1303.845947265625,1330.1862694326073,1299.455893571128,1317.0161083491162,65984300
2020-12-08,1295.0657958984375,1321.406117170948,1290.675742353019,1317.0160636255296,61017900
2020-12-10,1299.455810546875,1317.016024202914,1295.0657571328654,1308.2359173748946,50894900
2020-12-11,1286.2857666015625,1308.2360356561967,1286.2857666015625,1308.2360356561967,40746500
2020-12-14,1303.845947265625,1303.845947265625,1281.8956787931397,1286.2857324876368,25148000
2020-12-15,1303.845947265625,1308.236000960122,1290.6757861821338,1303.845947265625,23441200
2020-12-16,1356.526611328125,1396.0370951532161,1299.4559124696602,1312.6260737446905,152710000
2020-12-17,1352.136474609375,1378.4767955433238,1343.356367631392,1360.916581587358,99783300
2020-12-18,1352.136474609375,1360.916581587358,1334.576260653409,1352.136474609375,55796800
2020-12-21,1356.526611328125,1365.306718844812,1343.3564500530947,1356.526611328125,60691700
2020-12-22,1321.4061279296875,1356.5265565789816,1317.0160743485258,1352.1365029978197,46819400
2020-12-23,1286.2857666015625,1338.9664123326845,1277.5056589797089,1334.5763585217576,40311000
2020-12-28,1317.01611328125,1321.4061669921875,1277.5056298828124,1286.2857373046875,28002400
2020-12-29,1308.236083984375,1321.4062459036807,1295.0659220650691,1317.0161919305788,26060300
2020-12-30,1299.455810546875,1317.016024202914,1295.0657571328654,1308.2359173748946,24632300
2021-01-04,1295.0657958984375,1317.0160636255296,1290.675742353019,1317.0160636255296,20906300
2021-01-05,1290.67578125,1303.8459422831634,1281.8956738945578,1295.0658349277212,34835700
2021-01-06,1317.01611328125,1325.7962207031248,1277.5056298828124,1290.675791015625,71557400
2021-01-07,1303.845947265625,1347.7464842105956,1303.845947265625,1330.1862694326073,42590000
2021-01-08,1312.626220703125,1317.0162749529684,1303.8461122034387,1317.0162749529684,26719000
2021-01-11,1545.2989501953125,1611.1497577320447,1312.6260968988593,1312.6260968988593,563868500
2021-01-12,1475.0582275390625,1720.9012654622397,1470.6681732904344,1580.4195295061384,730883800
2021-01-13,1374.0867919921875,1505.7884014483077,1374.0867919921875,1492.6182405026957,318606200
2021-01-14,1400.4271240234375,1439.937607146356,1317.0161040972766,1374.086801941492,272061900
2021-01-15,1444.32763671875,1475.058011968085,1422.3773686835107,1426.7674222905584,215382800
2021-01-18,1457.497802734375,1510.178446206702,1422.3773737528238,1453.1077491116812,215422400
2021-01-19,1391.6470947265625,1475.0581193316245,1391.6470947265625,1466.27801147846,83675200
2021-01-20,1396.037109375,1448.7177550117926,1378.476894162736,1448.7177550117926,60163400
2021-01-21,1453.107666015625,1492.6181463604607,1400.427025555844,1404.8170789274925,161395300
2021-01-22,1417.9873046875,1475.0580011609907,1400.4270903879644,1461.887840436339,102447800
2021-01-25,1409.2073974609375,1422.3775600540305,1347.7466386931708,1417.9875058563327,70622700
2021-01-26,1356.526611328125,1422.3774177032767,1347.746503811438,1409.2072564282464,79451300
2021-01-27,1325.7962646484375,1369.6968032129553,1299.455941509727,1356.5266416436,73126300
2021-01-28,1330.1864013671875,1374.0869426664347,1303.8460765876393,1317.0162389774134,80221200
2021-01-29,1286.2857666015625,1360.9166813873187,1277.5056589797089,1338.9664123326845,79625700
2021-02-01,1308.236083984375,1330.1863538498847,1246.775328360948,1273.1156521995595,71988500
2021-02-02,1334.5762939453125,1369.696722733347,1308.2359723542866,1325.7961867483039,73428200
2021-02-03,1369.69677734375,1382.866938664363,1338.9664009289863,1338.9664009289863,58843900
2021-02-04,1356.526611328125,1396.0370951532161,1343.3564500530947,1387.2569876365292,41055300
2021-02-05,1396.037109375,1400.4271631780662,1352.1365713443397,1378.476894162736,45768600
2021-02-08,1378.476806640625,1409.2071813109574,1365.3066460676255,1400.427074262291,30326700
2021-02-09,1334.5762939453125,1396.037044324373,1317.0160795512952,1396.037044324373,48636900
2021-02-10,1338.9664306640625,1347.746538406122,1321.4062151799437,1334.5763767930328,25973600
2021-02-11,1338.9664306640625,1347.746538406122,1321.4062151799437,1343.3564845350922,27319000
2021-02-15,1338.9664306640625,1356.5266461481815,1334.5763767930328,1347.746538406122,21673000
2021-02-16,1338.9664306640625,1352.1365922771517,1330.186322922003,1352.1365922771517,15732600
2021-02-17,1330.1864013671875,1343.3565637569618,1317.0162389774134,1338.9665096270369,32963400
2021-02-18,1308.236083984375,1338.9664617960884,1308.236083984375,1338.9664617960884,34834700
2021-02-19,1391.6470947265625,1413.5973643594734,1330.1863397544114,1330.1863397544114,152425200
2021-02-22,1378.476806640625,1409.2071813109574,1369.6966995919586,1400.427074262291,66610200
2021-02-23,1352.136474609375,1378.4767955433238,1347.7464211203835,1374.0867420543323,34042400
2021-02-24,1321.4061279296875,1360.9166101601434,1317.0160743485258,1352.1365029978197,72954800
2021-02-25,1317.01611328125,1338.9663818359375,1317.01611328125,1330.1862744140624,52390100
2021-02-26,1290.67578125,1330.1862643494899,1290.67578125,1308.2359959608843,133986100
2021-03-01,1334.5762939453125,1338.966347543817,1303.8459187557823,1308.2359723542866,58528000
2021-03-02,1360.9166259765625,1378.4768405052923,1334.5763041834678,1343.3564114478327,58307000
2021-03-03,1360.9166259765625,1374.0867868731098,1343.3564114478327,1369.6967332409274,48819600
2021-03-04,1365.306640625,1382.866854652331,1343.3563730908359,1360.9165871181672,67889800
2021-03-05,1365.306640625,1369.6966941318328,1356.5265336113343,1365.306640625,35614600
2021-03-08,1365.306640625,1378.4768011454983,1360.9165871181672,1365.306640625,31401200
2021-03-09,1356.526611328125,1374.0868263614989,1347.746503811438,1369.6967726031553,38671000
2021-03-10,1391.6470947265625,1396.0371486531446,1360.9167172404868,1369.6968250936513,40133700
2021-03-12,1400.4271240234375,1417.9873387447346,1391.6470166627892,1396.0370703431133,71273800
2021-03-15,1391.6470947265625,1417.9874182860558,1387.2570407999801,1409.2073104328913,43715300
2021-03-16,1391.6470947265625,1400.4272025797268,1382.866986873398,1396.0371486531446,22390500
2021-03-17,1396.037109375,1413.5973245872642,1396.037109375,1400.4271631780662,30764600
2021-03-18,1382.8668212890625,1409.2071416945685,1378.4767678881449,1404.8170882936508,19222800
2021-03-19,1409.2073974609375,1426.767614251728,1374.0869638793565,1382.8670722747518,99339900
2021-03-22,1404.8172607421875,1435.547638320923,1396.037152862549,1426.7675304412842,29442900
2021-03-23,1382.8668212890625,1404.8170882936508,1365.306607685392,1400.4270348927332,37466600
2021-03-24,1338.9664306640625,1378.47691550333,1334.5763767930328,1378.47691550333,34585300
2021-03-25,1396.037109375,1400.4271631780662,1334.5763561320755,1338.9664099351417,36607700
2021-03-26,1387.2569580078125,1396.037065336976,1369.6967433494858,1396.037065336976,11780400
2021-03-29,1352.136474609375,1391.6469560102983,1343.356367631392,1387.2569025213068,30661700
2021-03-30,1352.136474609375,1378.4767955433238,1343.356367631392,1360.916581587358,23063900
2021-03-31,1378.476806640625,1378.476806640625,1330.1862178729598,1352.1364854946257,22300400
2021-04-01,1360.9166259765625,1378.4768405052923,1352.1365187121976,1378.4768405052923,17604600
2021-04-05,1360.9166259765625,1387.2569477696572,1360.9166259765625,1374.0867868731098,14155000
2021-04-06,1365.306640625,1374.0867476386657,1356.5265336113343,1360.9165871181672,23411100
2021-04-07,1360.9166259765625,1369.6967332409274,1356.52657234438,1369.6967332409274,15104900
2021-04-08,1374.0867919921875,1378.4768456407248,1360.9166310465755,1360.9166310465755,17501800
2021-04-09,1360.9166259765625,1378.4768405052923,1347.746465080015,1378.4768405052923,28744400
2021-04-12,1325.7962646484375,1360.9166955000517,1325.7962646484375,1360.9166955000517,14682200
2021-04-13,1308.236083984375,1325.7962998767828,1303.8460300112731,1325.7962998767828,22230800
2021-04-14,1312.626220703125,1317.0162749529684,1303.8461122034387,1303.8461122034387,23625400
2021-04-15,1330.1864013671875,1330.1864013671875,1303.8460765876393,1312.6261848474887,15550100
2021-04-16,1312.626220703125,1325.7963834526547,1303.8461122034387,1321.4063292028115,25365600
2021-04-19,1312.626220703125,1317.0162749529684,1308.2361664532818,1317.0162749529684,9322500
2021-04-20,1312.626220703125,1325.7963834526547,1303.8461122034387,1312.626220703125,14811000
2021-04-21,1312.626220703125,1321.4063292028115,1312.626220703125,1312.626220703125,8530700
2021-04-22,1308.236083984375,1325.7962998767828,1308.236083984375,1321.4062459036807,11533000
2021-04-23,1317.01611328125,1321.4061669921875,1308.236005859375,1308.236005859375,15203100
2021-04-26,1303.845947265625,1317.0161083491162,1303.845947265625,1308.236000960122,10788100
2021-04-27,1295.0657958984375,1312.6260100801112,1295.0657958984375,1303.8459029892742,18573600
2021-04-28,1290.67578125,1299.4558886054422,1290.67578125,1290.67578125,19011800
2021-04-29,1290.67578125,1299.4558886054422,1286.285727572279,1290.67578125,10495400
2021-04-30,1264.3355712890625,1295.0659497578938,1264.3355712890625,1290.675895690918,33231500
2021-05-03,1259.9454345703125,1286.2857572442563,1255.5553807913218,1273.1155959072844,15108800
2021-05-04,1290.67578125,1295.0658349277212,1264.3354591836735,1268.7255128613947,16904400
2021-05-05,1268.7255859375,1295.0659095209776,1268.7255859375,1290.675855590398,18379900
2021-05-06,1281.8955078125,1281.8955078125,1268.7253484856592,1273.1154015946063,26802700
2021-05-07,1281.8955078125,1286.285560921447,1268.7253484856592,1273.1154015946063,20893200
2021-05-10,1290.67578125,1290.67578125,1273.1155665391157,1286.285727572279,18464900
2021-05-11,1268.7255859375,1295.0659095209776,1264.3355320069204,1290.675855590398,23113700
2021-05-17,1281.8955078125,1286.285560921447,1264.3352953767123,1277.5054547035531,31595500
2021-05-18,1273.1156005859375,1286.2857619713093,1259.9454392005657,1273.1156005859375,18704800
2021-05-19,1268.7255859375,1273.1156398680796,1255.5554241457612,1268.7255859375,22644700
2021-05-20,1281.8955078125,1299.4557202482877,1264.3352953767123,1264.3352953767123,26107300
2021-05-21,1290.67578125,1295.0658349277212,1273.1155665391157,1286.285727572279,10921100
2021-05-24,1273.1156005859375,1295.0658695615573,1273.1156005859375,1295.0658695615573,9693700
2021-05-25,1281.8955078125,1286.285560921447,1264.3352953767123,1273.1154015946063,22179100
2021-05-27,1246.775390625,1286.285878356074,1246.775390625,1281.8958241637324,162541000
2021-05-28,1264.3355712890625,1264.3355712890625,1242.3853009541829,1255.5554631551106,24377200
2021-05-31,1273.1156005859375,1273.1156005859375,1246.775277815194,1268.7255467908137,24095700
2021-06-02,1268.7255859375,1281.8957477292388,1259.9454780763408,1277.5056937986592,30212300
2021-06-03,1317.01611328125,1317.01611328125,1268.7255224609376,1273.1155761718749,44274700
2021-06-04,1303.845947265625,1317.0161083491162,1277.5056250986427,1317.0161083491162,23701700
2021-06-07,1312.626220703125,1312.626220703125,1281.8958409542224,1303.8461122034387,16701100
2021-06-08,1297.4151611328125,1315.310542665679,1288.4674703663793,1306.3628518992457,17121600
2021-06-09,1288.4674072265625,1306.362787882487,1283.9935620625815,1297.415097554525,13979800
2021-06-10,1288.4674072265625,1297.415097554525,1279.5197168986003,1288.4674072265625,20588200
2021-06-11,1297.4151611328125,1297.4151611328125,1283.9936249831626,1288.4674703663793,14598700
2021-06-14,1283.993408203125,1301.8887867146668,1279.5195635752395,1288.4672528310105,18638300
2021-06-15,1297.4151611328125,1297.4151611328125,1279.519779599946,1292.9413157495958,23112800
2021-06-16,1275.045654296875,1297.4148763020833,1275.045654296875,1292.9410319010417,12235400
2021-06-17,1257.150390625,1283.9934594639678,1257.150390625,1275.0457698509786,21227200
2021-06-18,1216.8858642578125,1257.1504700604607,1176.6212584551643,1252.6766249712775,97394900
2021-06-21,1324.258056640625,1364.5226597141575,1145.3042652027027,1172.147333918391,220726700
2021-06-22,1270.5718994140625,1355.5749490227497,1270.5718994140625,1324.2580360090228,67090200
2021-06-23,1216.8858642578125,1275.0458504171934,1212.4120191686295,1270.5720053280102,31460400
2021-06-24,1225.83349609375,1234.7811858462592,1212.4119614649862,1216.8858063412408,28444200
2021-06-25,1212.4119873046875,1270.5719719355398,1203.4642973614796,1234.7812121627076,49431500
2021-06-28,1230.307373046875,1257.1504430042614,1225.8335280539773,1225.8335280539773,36530100
2021-06-29,1230.307373046875,1270.5719779829546,1230.307373046875,1239.2550630326705,34027000
2021-06-30,1252.676513671875,1266.098047746931,1234.781134905134,1243.7288242885045,28588600
2021-07-01,1252.676513671875,1270.571892438616,1239.2549795968193,1252.676513671875,19917700
2021-07-02,1252.676513671875,1270.571892438616,1248.2026689801899,1257.1503583635604,12907400
2021-07-05,1243.728759765625,1270.5718265231565,1225.8333819272707,1252.6764486848022,22506700
2021-07-06,1225.83349609375,1252.6765653512773,1225.83349609375,1243.7288755987681,21419400
2021-07-07,1212.4119873046875,1230.3073671911036,1198.9904523898754,1230.3073671911036,26750100
2021-07-08,1185.56884765625,1212.4119159050708,1181.0950029481132,1212.4119159050708,32821200
2021-07-09,1181.0948486328125,1194.51638100364,1181.0948486328125,1185.5686927564216,19171100
2021-07-12,1194.5166015625,1207.938136411517,1190.0427566128278,1190.0427566128278,34874000
2021-07-13,1190.042724609375,1207.9381039268092,1185.5688797800165,1198.990414268092,20606700
2021-07-14,1221.359619140625,1225.8334638993817,1167.6734820355425,1194.5165505880839,34479500
2021-07-15,1221.359619140625,1225.8334638993817,1203.4642401055976,1225.8334638993817,21126700
2021-07-16,1243.728759765625,1243.728759765625,1212.4118485485048,1221.359537467682,22813100
2021-07-19,1243.728759765625,1261.6241376039793,1221.359537467682,1243.728759765625,24056800
2021-07-21,1207.93798828125,1248.202587890625,1203.4641438802084,1243.7287434895834,31672600
2021-07-22,1212.4119873046875,1216.8858322762915,1207.9381423330835,1207.9381423330835,12050700
2021-07-23,1203.4642333984375,1221.3596123337304,1198.9903886646143,1216.885767599907,17402300
2021-07-26,1203.4642333984375,1221.3596123337304,1203.4642333984375,1207.9380781322607,27036000
2021-07-27,1198.990478515625,1221.3597038610658,1190.0427883774487,1221.3597038610658,23973200
2021-07-28,1176.6212158203125,1203.4642853827531,1172.147370893239,1198.9904404556796,17882100
2021-07-29,1158.7257080078125,1181.0949301701255,1158.7257080078125,1176.621085737663,39331900
2021-07-30,1127.408935546875,1176.6212303524926,1127.408935546875,1167.6735403878347,49489900
2021-08-02,1167.67333984375,1176.6210282716715,1145.3041187739464,1145.3041187739464,55975500
2021-08-03,1176.6212158203125,1190.0427506015328,1172.147370893239,1172.147370893239,32658700
2021-08-04,1167.67333984375,1185.5687166995929,1163.1994956297892,1176.6210282716715,16906900
2021-08-05,1158.7257080078125,1203.4641523324385,1154.25186357535,1172.1472413052002,33208700
2021-08-06,1136.3565673828125,1167.673480657142,1136.3565673828125,1167.673480657142,38165500
2021-08-09,1109.513671875,1163.1998172883063,1109.513671875,1163.1998172883063,46508600
2021-08-10,1167.67333984375,1167.67333984375,1118.461053490182,1122.9348977041427,55389800
2021-08-12,1154.251953125,1172.147332243217,1136.356574006783,1167.6734874636627,40262100
2021-08-13,1163.19970703125,1167.6735520582934,1154.2520169771635,1158.7258620042069,22061200
2021-08-16,1163.19970703125,1167.6735520582934,1145.304326923077,1167.6735520582934,11843300
2021-08-18,1172.1473388671875,1172.1473388671875,1149.7781148430045,1163.1996492575142,25693500
2021-08-19,1118.461181640625,1163.19962890625,1109.5134921874999,1163.19962890625,31387700
2021-08-20,1158.7257080078125,1163.199552440275,1118.461108115649,1122.9349525481116,23424000
2021-08-23,1163.19970703125,1167.6735520582934,1140.8304818960337,1140.8304818960337,22388600
2021-08-24,1158.7257080078125,1167.6733968727376,1145.3041747104246,1163.199552440275,23528300
2021-08-25,1198.990478515625,1198.990478515625,1154.2520278247434,1167.673563032008,30449300
2021-08-26,1203.4642333984375,1203.4642333984375,1176.6211649954985,1198.9903886646143,23005600
2021-08-27,1221.359619140625,1221.359619140625,1190.042705829327,1203.4642401055976,24342500
2021-08-30,1248.20263671875,1248.20263671875,1221.3595692624328,1225.8334138384855,49180500
2021-08-31,1203.4642333984375,1248.2026807366694,1194.5165439307912,1248.2026807366694,93408300
2021-09-01,1221.359619140625,1230.3073086581387,1203.4642401055976,1203.4642401055976,31866400
2021-09-02,1239.2550048828125,1239.2550048828125,1203.464246619049,1221.3596257509307,11738400
2021-09-03,1288.4674072265625,1288.4674072265625,1221.3597297668457,1239.2551104227703,49704400
2021-09-06,1324.258056640625,1337.6795909984692,1266.0980744233002,1288.4672983530404,57271900
2021-09-07,1306.362548828125,1324.2579262093323,1301.8887044828232,1324.2579262093323,16775400
2021-09-08,1306.362548828125,1310.8363931734268,1261.624105375107,1306.362548828125,41785000
2021-09-09,1333.205810546875,1333.205810546875,1288.4673605285236,1306.362740535864,42971600
2021-09-10,1315.3104248046875,1337.6796497163318,1306.3627348400298,1333.2058047340029,21709100
2021-09-13,1315.3104248046875,1315.3104248046875,1288.4673549107142,1306.3627348400298,8362500
2021-09-14,1324.258056640625,1324.258056640625,1292.9411431389885,1292.9411431389885,23492600
2021-09-15,1333.205810546875,1333.205810546875,1297.4150505321938,1324.2581205432048,19610700
2021-09-16,1288.4674072265625,1333.2058588663738,1288.4674072265625,1333.2058588663738,24009000
2021-09-17,1297.4151611328125,1306.3628518992457,1283.9936249831626,1288.4674703663793,30924100
2021-09-20,1279.51953125,1306.3625983391607,1275.0456867351397,1297.4149093094404,9378600
2021-09-21,1257.150390625,1297.4149938834519,1257.150390625,1275.0457698509786,14673100
2021-09-22,1270.5718994140625,1283.9934335628025,1261.624209981569,1270.5718994140625,12157700
2021-09-23,1248.20263671875,1288.4672379032259,1248.20263671875,1261.6241704469085,21547200
2021-09-24,1252.676513671875,1275.0457371303014,1239.2549795968193,1275.0457371303014,19823600
2021-09-27,1252.676513671875,1261.6242030552455,1243.7288242885045,1261.6242030552455,10494500
2021-09-28,1234.78125,1266.0981657608695,1234.78125,1266.0981657608695,10162000
2021-09-29,1261.6241455078125,1261.6241455078125,1221.3595451192652,1225.8333896068816,24028200
2021-09-30,1279.51953125,1279.51953125,1252.676464160839,1261.6241531905594,23730600
2021-10-01,1252.676513671875,1279.5195818219868,1234.781134905134,1279.5195818219868,21204400
2021-10-04,1234.78125,1257.1504755434783,1230.3074048913043,1252.6766304347825,24057600
2021-10-05,1225.83349609375,1243.7288755987681,1225.83349609375,1234.7811858462592,15698000
2021-10-06,1225.83349609375,1261.6242551037865,1221.3596512174954,1225.83349609375,30270100
2021-10-07,1225.83349609375,1266.098099980041,1225.83349609375,1225.83349609375,37530500
2021-10-08,1234.78125,1257.1504755434783,1225.8335597826087,1230.3074048913043,24962100
2021-10-11,1216.8858642578125,1239.2550897037281,1216.8858642578125,1234.7812446145451,20811400
2021-10-12,1225.83349609375,1234.7811858462592,1212.4119614649862,1216.8858063412408,26638500
2021-10-13,1239.2550048828125,1239.2550048828125,1216.8857809679603,1230.3073153168716,29785100
2021-10-14,1283.993408203125,1288.4672528310105,1234.781117296385,1243.728806552156,65304500
2021-10-15,1292.941162109375,1301.888851812554,1266.0980929998377,1297.4150069609645,45210300
2021-10-18,1288.4674072265625,1301.8889427185059,1275.0458717346191,1297.415097554525,25759700
2021-10-19,1297.4151611328125,1297.4151611328125,1270.572088833513,1288.4674703663793,16828400
2021-10-21,1333.205810546875,1333.205810546875,1297.4150505321938,1306.362740535864,52190200
2021-10-22,1301.888916015625,1333.2058315211555,1283.9935357267505,1333.2058315211555,34304000
2021-10-25,1310.8365478515625,1324.2580824712031,1288.467323485495,1301.8888581051353,23810800
2021-10-26,1377.944091796875,1436.1040696973926,1324.2579583502436,1324.2579583502436,166793500
2021-10-27,1431.63037109375,1436.104216003418,1351.1011627197265,1377.9442321777344,164887800
2021-10-28,1422.6827392578125,1440.5781196258354,1413.735049073801,1440.5781196258354,102437000
2021-10-29,1431.63037109375,1436.104216003418,1422.682681274414,1431.63037109375,155669800
2021-11-01,1422.6827392578125,1436.1042745338298,1422.6827392578125,1431.630429441824,63028700
2021-11-02,1449.525634765625,1458.4733238691165,1400.3133446964216,1422.6825674551503,125599400
2021-11-03,1462.947265625,1467.4211104740061,1445.0518862289755,1458.4734207759939,139441900
2021-11-04,1458.473388671875,1467.4210781729294,1440.578009669766,1467.4210781729294,147923700
2021-11-05,1458.473388671875,1476.368767673984,1445.0518544202932,1453.9995439213478,120743600
2021-11-08,1449.525634765625,1462.9471684208622,1440.5779456621333,1458.4733238691165,140655600
2021-11-09,1449.525634765625,1462.9471684208622,1422.6825674551503,1462.9471684208622,50026200
2021-11-10,1453.9993896484375,1453.9993896484375,1436.104012545072,1449.525545372596,55784500
2021-11-11,1422.6827392578125,1458.4734999938582,1400.313513797784,1453.9996549018524,52529900
2021-11-12,1440.5780029296875,1445.0518476592827,1422.6826240113062,1422.6826240113062,31257500
2021-11-15,1427.1563720703125,1445.0517497765234,1404.787149937549,1440.5779053499707,20170900
2021-11-16,1449.525634765625,1449.525634765625,1409.261033799913,1431.6302565586418,56316100
2021-11-17,1445.0518798828125,1453.9995695415296,1431.6303453947369,1453.9995695415296,23329400
2021-11-18,1445.0518798828125,1449.525724712171,1431.6303453947369,1440.578035053454,28281300
2021-11-19,1427.1563720703125,1449.525594203076,1418.2086832172072,1445.0517497765234,22639000
2021-11-22,1431.63037109375,1449.525750732422,1422.682681274414,1427.1565261840822,41133000
2021-11-23,1440.5780029296875,1440.5780029296875,1404.787245092925,1431.630313470497,31824100
2021-11-24,1440.5780029296875,1440.5780029296875,1427.1564687409016,1440.5780029296875,36474100
2021-11-25,1449.525634765625,1449.525634765625,1431.6302565586418,1440.5779456621333,48835900
2021-11-26,1422.6827392578125,1445.051964717841,1391.3658236137726,1445.051964717841,47932800
2021-11-29,1436.104248046875,1440.578093056367,1395.8396429614486,1422.6827130183995,66271400
2021-11-30,1431.63037109375,1440.578060913086,1422.682681274414,1436.104216003418,162594600
2021-12-01,1422.6827392578125,1440.5781196258354,1409.2612039817955,1436.1042745338298,44533500
2021-12-02,1445.0518798828125,1462.9472592002467,1418.2088109066613,1422.6826557360198,56231800
2021-12-03,1440.5780029296875,1453.9995371184734,1436.1041582000921,1445.0518476592827,41788400
2021-12-06,1413.73486328125,1445.0517748096322,1413.73486328125,1445.0517748096322,31633400
2021-12-07,1445.0518798828125,1445.0518798828125,1418.2088109066613,1418.2088109066613,24030800
2021-12-08,1427.1563720703125,1436.104060923418,1427.1563720703125,1436.104060923418,26973800
2021-12-09,1440.5780029296875,1445.0518476592827,1422.6826240113062,1427.1564687409016,42152900
2021-12-10,1440.5780029296875,1445.0518476592827,1427.1564687409016,1440.5780029296875,21711000
2021-12-13,1436.104248046875,1445.0519380658586,1418.2088680089078,1445.0519380658586,30298500
2021-12-14,1440.5780029296875,1445.0518476592827,1431.630313470497,1440.5780029296875,44663200
2021-12-15,1445.0518798828125,1449.525724712171,1436.1041902240954,1440.578035053454,32761400
2021-12-16,1453.9993896484375,1458.4732339242787,1440.5778568209134,1449.525545372596,99342000
2021-12-17,1440.5780029296875,1458.4733818480686,1427.1564687409016,1458.4733818480686,41416100
2021-12-20,1445.0518798828125,1458.4734143708881,1436.1041902240954,1445.0518798828125,33529500
2021-12-21,1436.104248046875,1449.5257830753505,1436.104248046875,1445.0519380658586,23899000
2021-12-22,1404.787353515625,1436.1042690398588,1382.4181281411725,1436.1042690398588,46200100
2021-12-23,1422.6827392578125,1436.1042745338298,1386.891978521767,1395.8396687057784,29951800
2021-12-24,1409.2611083984375,1436.1041771298364,1404.7872636098712,1422.682642764137,14266300
2021-12-27,1440.5780029296875,1445.0518476592827,1409.2610898225203,1413.7349345521156,14905100
2021-12-28,1436.104248046875,1449.5257830753505,1436.104248046875,1440.578093056367,20479500
2021-12-29,1445.0518798828125,1449.525724712171,1436.1041902240954,1445.0518798828125,13887200
2021-12-30,1445.0518798828125,1453.9995695415296,1440.578035053454,1445.0518798828125,24016700
2022-01-03,1449.525634765625,1453.9994793173707,1436.1041011103875,1445.0517902138793,25774000
2022-01-04,1449.525634765625,1453.9994793173707,1440.5779456621333,1449.525634765625,24471900
2022-01-05,1453.9993896484375,1453.9993896484375,1427.1563239933894,1445.0517010967549,47707800
2022-01-06,1449.525634765625,1458.4733238691165,1431.6302565586418,1449.525634765625,27428300
2022-01-07,1480.842529296875,1507.685596293193,1445.0517733017844,1449.5256178011707,87215800
2022-01-10,1516.63330078125,1547.9502125967922,1489.7902335107856,1489.7902335107856,132840300
2022-01-11,1498.738037109375,1516.6334166569495,1476.3688126749066,1516.6334166569495,44595500
2022-01-12,1521.107177734375,1521.107177734375,1485.316420611213,1498.7379545323988,36149500
2022-01-13,1521.107177734375,1521.107177734375,1494.2641098920035,1521.107177734375,28302700
2022-01-14,1516.63330078125,1521.1071453263276,1507.6856116910951,1521.1071453263276,21589300
2022-01-17,1525.5810546875,1530.054899422654,1516.633365217192,1525.5810546875,36515000
2022-01-18,1534.5286865234375,1539.0025310905612,1516.6333082549424,1530.0548419563138,50948500
2022-01-19,1521.107177734375,1539.0025562959559,1516.6333330939797,1534.5287116555605,71878500
2022-01-20,1521.107177734375,1539.0025562959559,1516.6333330939797,1534.5287116555605,56582000
2022-01-21,1525.5810546875,1530.054899422654,1507.6856757468843,1521.107209952346,22979900
2022-01-24,1521.107177734375,1525.58102237477,1449.5256634880514,1525.58102237477,37893600
2022-01-25,1521.107177734375,1521.107177734375,1480.842575970818,1516.6333330939797,31244100
2022-01-26,1521.107177734375,1521.107177734375,1489.7902652516084,1512.1594884535846,24644500
2022-01-27,1512.1595458984375,1521.1072355191384,1480.8426322259847,1503.2118562777368,22397200
2022-01-28,1494.26416015625,1516.6333841106848,1485.316470574476,1494.26416015625,25104500
2022-01-31,1467.4210205078125,1503.211777105564,1458.4733313583745,1494.264087956126,17549900
2022-02-02,1512.1595458984375,1516.633390708788,1471.8949426052839,1476.3687874156342,17161600
2022-02-03,1485.3165283203125,1512.1595981092337,1480.8426833554922,1512.1595981092337,23942400
2022-02-04,1512.1595458984375,1512.1595458984375,1480.8426322259847,1485.316477036335,17949800
2022-02-07,1507.685791015625,1512.1596360928227,1480.8427205524388,1503.2119459384273,15681800
2022-02-08,1467.4210205078125,1507.6856216802828,1467.4210205078125,1485.3163988066883,36457000
2022-02-09,1476.3687744140625,1489.7903087269176,1458.4733953302557,1489.7903087269176,27205100
2022-02-10,1467.4210205078125,1503.211777105564,1467.4210205078125,1485.3163988066883,23853300
2022-02-11,1462.947265625,1480.8426450210245,1445.0518862289755,1467.4211104740061,22112600
2022-02-14,1431.63037109375,1467.4211303710938,1409.2611465454102,1462.9472854614257,27660100
2022-02-15,1467.4210205078125,1480.8425542319692,1427.156419335342,1431.6302639100609,31125900
2022-02-16,1449.525634765625,1467.421012972608,1445.0517902138793,1467.421012972608,17463200
2022-02-17,1431.63037109375,1449.525750732422,1422.682681274414,1440.578060913086,31645800
2022-02-18,1431.63037109375,1449.525750732422,1431.63037109375,1431.63037109375,26231800
2022-02-21,1422.6827392578125,1453.9996549018524,1418.208894165807,1431.630429441824,32018300
2022-02-22,1449.525634765625,1476.3687020760995,1418.2087229034046,1422.6825674551503,51416700
2022-02-23,1476.3687744140625,1476.3687744140625,1440.578016246449,1458.4733953302557,44613000
2022-02-24,1458.473388671875,1476.368767673984,1427.1564754181843,1471.8949229234568,37300400
2022-02-25,1471.8948974609375,1471.8948974609375,1360.0487806325987,1431.6302954027356,116915300
2022-03-01,1413.73486328125,1462.9471528258505,1409.2610187771954,1462.9471528258505,73898600
2022-03-02,1431.63037109375,1458.473440551758,1409.2611465454102,1422.682681274414,63136800
2022-03-04,1467.4210205078125,1467.4210205078125,1422.682574760623,1431.6302639100609,42707800
2022-03-07,1436.104248046875,1467.4211631133178,1418.2088680089078,1467.4211631133178,40066800
2022-03-08,1422.6827392578125,1440.5781196258354,1409.2612039817955,1436.1042745338298,56565000
2022-03-09,1418.208740234375,1445.0518078728805,1413.7348956279575,1418.208740234375,19148100
2022-03-10,1436.104248046875,1453.9996280848422,1422.6827130183995,1422.6827130183995,32861500
2022-03-11,1445.0518798828125,1458.4734143708881,1427.1565005653783,1436.1041902240954,14480100
2022-03-14,1458.473388671875,1476.368767673984,1431.6303201687117,1449.5256991708204,26761400
2022-03-15,1449.525634765625,1458.4733238691165,1418.2087229034046,1458.4733238691165,35968000
2022-03-16,1449.525634765625,1449.525634765625,1413.7348783516588,1445.0517902138793,55709500
2022-03-17,1440.5780029296875,1449.525692388878,1418.208779281711,1449.525692388878,34000900
2022-03-18,1458.473388671875,1458.473388671875,1427.1564754181843,1440.578009669766,55156200
2022-03-21,1476.3687744140625,1476.3687744140625,1436.104171475497,1458.4733953302557,23066400
2022-03-22,1480.842529296875,1480.842529296875,1445.0517733017844,1471.8948402981023,29045900
2022-03-23,1485.3165283203125,1485.3165283203125,1462.9473034962114,1480.8426833554922,37044800
2022-03-24,1512.1595458984375,1512.1595458984375,1467.4210977949335,1467.4210977949335,43946500
2022-03-25,1494.26416015625,1512.159539319798,1462.9472466200411,1503.211849738024,52626100
2022-03-28,1458.473388671875,1485.3164571750383,1458.473388671875,1485.3164571750383,31051600
2022-03-29,1458.473388671875,1485.3164571750383,1453.9995439213478,1453.9995439213478,26030300
2022-03-30,1485.3165283203125,1489.7903732851328,1458.473458531391,1462.9473034962114,19430300
2022-03-31,1440.5780029296875,1485.3164502256404,1440.5780029296875,1485.3164502256404,45789300
2022-04-01,1445.0518798828125,1449.525724712171,1427.1565005653783,1440.578035053454,29819100
2022-04-04,1507.685791015625,1507.685791015625,1427.1565796260663,1445.0519599348572,25992600
2022-04-05,1440.5780029296875,1494.264139684831,1440.5780029296875,1494.264139684831,34164600
2022-04-06,1427.1563720703125,1445.0517497765234,1409.2609943641016,1436.104060923418,49125700
2022-04-07,1413.73486328125,1431.6302412974685,1386.8917962569226,1422.6825522893591,68102400
2022-04-08,1413.73486328125,1436.104085801523,1409.2610187771954,1413.73486328125,36379600
2022-04-11,1418.208740234375,1422.6825848407925,1386.891827989452,1413.7348956279575,51859100
2022-04-12,1418.208740234375,1422.6825848407925,1395.8395172022872,1418.208740234375,46610200
2022-04-13,1427.1563720703125,1427.1563720703125,1409.2609943641016,1418.2086832172072,34085700
2022-04-14,1418.208740234375,1431.6302740536278,1413.7348956279575,1427.1564294472103,26345100
2022-04-18,1431.63037109375,1445.051905822754,1418.208836364746,1418.208836364746,18765800
2022-04-19,1409.2611083984375,1440.5780219184028,1404.7872636098712,1431.6303323412699,42560700
2022-04-20,1395.8397216796875,1431.6304837740383,1395.8397216796875,1422.6827932504507,51769300
2022-04-21,1431.63037109375,1440.578060913086,1400.3134567260743,1400.3134567260743,32175900
2022-04-22,1409.2611083984375,1431.6303323412699,1377.9441948784722,1431.6303323412699,57504900
2022-04-25,1436.104248046875,1449.5257830753505,1400.3134879709405,1404.7873329804322,33865200
2022-04-26,1453.9993896484375,1453.9993896484375,1431.6301682692308,1436.104012545072,16248100
2022-04-27,1445.0518798828125,1458.4734143708881,1431.6303453947369,1449.525724712171,30454300
2022-04-28,1467.4210205078125,1489.7902433814072,1445.0517976342178,1445.0517976342178,49356100
2022-05-09,1368.9964599609375,1480.842575970818,1368.9964599609375,1431.6302849264705,76978200
2022-05-10,1445.0518798828125,1462.9472592002467,1368.996517783717,1368.996517783717,52064100
2022-05-11,1462.947265625,1462.947265625,1436.1041965309632,1445.0518862289755,50650000
2022-05-12,1413.73486328125,1462.9471528258505,1391.3656407609772,1462.9471528258505,36570400
2022-05-13,1431.63037109375,1471.8949752807619,1413.7349914550782,1413.7349914550782,49784100
2022-05-17,1453.9993896484375,1471.8947667518028,1445.0517010967549,1453.9993896484375,159495200
2022-05-18,1453.9993896484375,1462.9470782001201,1436.104012545072,1458.4732339242787,111379300
2022-05-19,1436.104248046875,1471.8950081228097,1409.2611779899241,1453.9996280848422,61712100
2022-05-20,1453.9993896484375,1485.3162995793268,1431.6301682692308,1436.104012545072,61642000
2022-05-23,1458.473388671875,1471.8949229234568,1445.0518544202932,1453.9995439213478,36912700
2022-05-24,1445.0518798828125,1480.8426385176808,1445.0518798828125,1471.8949488589637,49342000
2022-05-25,1458.473388671875,1462.9472334224022,1431.6303201687117,1449.5256991708204,22287100
2022-05-27,1440.5780029296875,1467.4210713072594,1436.1041582000921,1467.4210713072594,32989700
2022-05-30,1458.473388671875,1458.473388671875,1445.0518544202932,1445.0518544202932,23066200
2022-05-31,1531.6256103515625,1531.6256103515625,1472.1893926364273,1485.9054428783816,115863900
2022-06-02,1467.6175537109375,1527.0537786275797,1449.3294845058167,1527.0537786275797,58671200
2022-06-03,1463.04541015625,1485.9054946899414,1463.04541015625,1481.333477783203,27458200
2022-06-06,1499.62158203125,1499.62158203125,1458.4734288657583,1463.0454458841464,30976700
2022-06-07,1458.4732666015625,1499.6214151890674,1458.4732666015625,1495.0493986793447,39892100
2022-06-08,1485.9053955078125,1495.0494287109375,1458.4732958984375,1463.0453125000001,44783800
2022-06-09,1495.049560546875,1513.337628565797,1481.3335095326836,1485.905526537414,65482700
2022-06-10,1485.9053955078125,1485.9053955078125,1463.0453125000001,1485.9053955078125,31155500
2022-06-13,1485.9053955078125,1485.9053955078125,1467.6173291015625,1476.7613623046875,38442100
2022-06-14,1485.9053955078125,1485.9053955078125,1467.6173291015625,1472.1893457031251,25687400
2022-06-15,1476.761474609375,1485.905508507885,1463.04542376161,1472.18945766012,25656400
2022-06-16,1485.9053955078125,1485.9053955078125,1472.1893457031251,1476.7613623046875,47197200
2022-06-17,1485.9053955078125,1490.477412109375,1476.7613623046875,1481.3333789062501,44887100
2022-06-20,1481.3333740234375,1490.4774071964216,1481.3333740234375,1485.9053906099296,47509600
2022-06-21,1485.9053955078125,1485.9053955078125,1476.7613623046875,1481.3333789062501,34306700
2022-06-22,1485.9053955078125,1495.0494287109375,1481.3333789062501,1485.9053955078125,57150900
2022-06-23,1554.4857177734375,1554.4857177734375,1485.905465518727,1490.4774823357077,86030200
2022-06-24,1563.6298828125,1572.7739172149124,1540.7697968064695,1563.6298828125,30114800
2022-06-27,1549.9136962890625,1563.6297466987,1540.7696626826373,1563.6297466987,23443100
2022-06-28,1554.4857177734375,1572.7737850413603,1549.9137009564568,1563.629751407399,71276400
2022-06-29,1545.3416748046875,1559.0577251727766,1545.3416748046875,1554.4857083834136,48413700
2022-06-30,1517.90966796875,1568.2018557628953,1517.90966796875,1545.3417704019203,37727000
2022-07-01,1540.769775390625,1559.0578439412554,1527.053723977652,1527.053723977652,29391000
2022-07-04,1495.049560546875,1554.4857816083716,1476.7614925279531,1536.1977135894497,51526900
2022-07-05,1545.3416748046875,1549.9136915940505,1490.4774733323318,1499.6215069110578,23903000
2022-07-06,1540.769775390625,1545.3417925282827,1522.4817068399943,1545.3417925282827,23649900
2022-07-07,1536.19775390625,1549.913805280413,1527.0537196568082,1540.769771030971,16128800
2022-07-08,1527.0535888671875,1540.7696390665933,1508.7655219346464,1531.6256056003228,27956500
2022-07-11,1554.4857177734375,1554.4857177734375,1517.909583237592,1531.625633688534,14169600
2022-07-12,1536.19775390625,1563.6298566545759,1536.19775390625,1554.485822405134,25137900
2022-07-13,1545.3416748046875,1554.4857083834136,1536.1976412259617,1554.4857083834136,46771600
2022-07-14,1572.7738037109375,1572.7738037109375,1540.7696856121684,1545.3417024834212,62948300
2022-07-15,1536.19775390625,1577.345908028739,1536.19775390625,1577.345908028739,21810800
2022-07-18,1513.3375244140625,1545.3416412445715,1508.76550772399,1531.6255911743533,42585900
2022-07-19,1554.4857177734375,1559.0577345904182,1527.0536168715532,1531.625633688534,40514700
2022-07-20,1581.9178466796875,1586.4898635776055,1540.769694598424,1545.3417114963422,55562200
2022-07-21,1536.19775390625,1581.91792515346,1527.0537196568082,1581.91792515346,48156000
2022-07-22,1568.2017822265625,1568.2017822265625,1531.6256473641354,1545.3416979375456,39897000
2022-07-25,1545.3416748046875,1568.2017587515024,1527.0536076472356,1568.2017587515024,29266000
2022-07-26,1549.9136962890625,1563.6297466987,1536.1976458794247,1563.6297466987,27325600
2022-07-27,1545.3416748046875,1559.0577251727766,1531.6256244365986,1554.4857083834136,28115000
2022-07-28,1527.0535888671875,1545.3416557997286,1522.4815721340522,1540.7696390665933,32757200
2022-07-29,1481.3333740234375,1536.1975730613426,1449.329257917993,1527.0535398883583,99313700
2022-08-01,1449.329345703125,1485.9054806104593,1435.6132951128745,1481.3334637470425,57374200
2022-08-02,1453.9014892578125,1463.0455237814465,1431.0414029487274,1453.9014892578125,54396100
2022-08-03,1453.9014892578125,1463.0455237814465,1440.1854374723614,1453.9014892578125,63652200
2022-08-04,1458.4732666015625,1463.0452831112852,1435.6131840529488,1463.0452831112852,93037900
2022-08-05,1453.9014892578125,1467.6175410432634,1453.9014892578125,1458.4735065196294,48888500
2022-08-08,1476.761474609375,1476.761474609375,1449.329372913845,1476.761474609375,39012000
2022-08-09,1449.329345703125,1490.4774974738762,1449.329345703125,1476.7614468836257,49268200
2022-08-10,1463.04541015625,1463.04541015625,1440.1853256225586,1449.329359436035,26886700
2022-08-11,1449.329345703125,1472.1894300202089,1449.329345703125,1472.1894300202089,39752900
2022-08-12,1476.761474609375,1476.761474609375,1449.329372913845,1449.329372913845,24070900
2022-08-15,1458.4732666015625,1485.9053656598992,1458.4732666015625,1485.9053656598992,26916300
2022-08-16,1495.049560546875,1495.049560546875,1458.473424509031,1472.1894755232224,48444300
2022-08-18,1495.049560546875,1527.0536795799885,1485.905526537414,1504.1935945563362,91254000
2022-08-19,1472.189453125,1499.6215547360248,1472.189453125,1495.049537800854,25423300
2022-08-22,1472.189453125,1481.3334869953417,1453.9013853843167,1472.189453125,28461400
2022-08-23,1485.9053955078125,1504.1934619140625,1485.9053955078125,1490.477412109375,49113600
2022-08-24,1476.761474609375,1499.62155935565,1467.617440710865,1481.3334915586302,17502700
2022-08-25,1472.189453125,1499.6215547360248,1472.189453125,1476.7614700601707,26101800
2022-08-26,1481.3333740234375,1495.0494237829137,1467.617324263961,1490.4774071964216,26577900
2022-08-29,1490.4775390625,1499.6215730444785,1472.189471098543,1472.189471098543,17284600
2022-08-30,1490.4775390625,1517.9096410084355,1481.3335050805215,1517.9096410084355,64797200
2022-08-31,1536.19775390625,1536.19775390625,1463.0454799107144,1481.3335484095983,79897200
2022-09-01,1513.3375244140625,1536.1976078644261,1499.6214743438445,1536.1976078644261,13257300
2022-09-02,1531.6256103515625,1540.7696438461987,1513.3375433622903,1522.4815768569265,30355500
2022-09-05,1499.62158203125,1522.4816671231897,1499.62158203125,1513.337633086414,11291400
2022-09-06,1517.90966796875,1527.0537021131402,1495.049582607775,1499.62159967997,26368700
2022-09-07,1522.4815673828125,1527.05358410168,1508.7655172262107,1508.7655172262107,25598300
2022-09-08,1522.4815673828125,1536.1976175394145,1517.9095506639453,1522.4815673828125,24542300
2022-09-09,1554.4857177734375,1572.7737850413603,1531.625633688534,1536.1976505055147,40502200
2022-09-12,1600.2059326171875,1600.2059326171875,1563.6297970145088,1577.3458478655134,29347500
2022-09-13,1641.3541259765625,1673.3582454245734,1609.3500065285514,1618.4940406565547,68663000
2022-09-14,1641.3541259765625,1668.7862283605718,1595.6339553365467,1609.3500065285514,33147400
2022-09-15,1677.9302978515625,1705.3624008137133,1655.0702120497701,1668.7862635308454,68525700
2022-09-16,1737.3663330078125,1737.3663330078125,1668.786083020662,1677.930116352282,112579900
2022-09-19,1714.50634765625,1764.7985338541666,1696.2182799479167,1737.3664322916666,86049100
2022-09-20,1691.6463623046875,1714.506448281778,1682.5023279138513,1709.9344310863598,53757900
2022-09-21,1682.502197265625,1691.6462309464164,1664.214129904042,1687.0742141060207,48378000
2022-09-22,1696.2181396484375,1705.3621727462728,1668.7860403549319,1673.3580569038493,62485200
2022-09-23,1687.0743408203125,1691.6463580041075,1677.9303064527228,1691.6463580041075,35652700
2022-09-26,1691.6463623046875,1696.2183795001056,1673.3582935230152,1687.0743451092694,81519600
2022-09-27,1691.6463623046875,1705.3624138909418,1668.786276327597,1668.786276327597,79268200
2022-09-28,1664.2142333984375,1696.2183532714844,1641.3541477748327,1696.2183532714844,40202000
2022-09-29,1673.358154296875,1696.218238371969,1636.7820197767246,1636.7820197767246,34876300
2022-09-30,1673.358154296875,1691.64622155695,1668.7861374818563,1673.358154296875,50240300
2022-10-03,1655.070068359375,1682.5021689399173,1645.9260348325276,1673.3581354130697,20938800
2022-10-04,1659.64208984375,1687.0741905023242,1636.7820059616047,1673.358140173037,22605800
2022-10-05,1687.0743408203125,1691.6463580041075,1659.6422377175431,1659.6422377175431,16903000
2022-10-06,1691.6463623046875,1705.3624138909418,1677.9303107184332,1691.6463623046875,33851500
2022-10-07,1687.0743408203125,1696.2183751879022,1673.3582892689278,1691.6463580041075,29216100
2022-10-10,1732.79443359375,1741.9384675441127,1677.9302298915732,1687.074263841936,24787700
2022-10-11,1677.9302978515625,1737.3665209362227,1677.9302978515625,1732.7945037758643,33465900
2022-10-12,1737.3663330078125,1737.3663330078125,1691.6461663497123,1691.6461663497123,23860300
2022-10-13,1700.790283203125,1700.790283203125,1691.646249422463,1700.790283203125,67251900
2022-10-14,1687.0743408203125,1700.7903923716972,1687.0743408203125,1696.2183751879022,34128200
2022-10-17,1764.7984619140625,1778.5145121361925,1687.0741773219925,1687.0741773219925,93740100
2022-10-18,1737.3663330078125,1773.942466334293,1723.6502830103825,1769.3704496684827,107641800
2022-10-19,1810.5186767578125,1810.5186767578125,1714.5063226873224,1737.36640698982,66266800
2022-10-20,1856.2388916015625,1892.8150273966671,1778.5146030369651,1792.2306539601293,117918400
2022-10-21,1805.9466552734375,1874.5269080053401,1796.8026215758505,1856.238840610166,65666200
2022-10-24,1824.2347412109375,1874.526927058858,1787.6586060488135,1805.9466736298755,30724200
2022-10-25,1828.806884765625,1892.8151257324218,1805.9467987060546,1847.0949536132812,44422400
2022-10-26,1865.3829345703125,1874.5269685633043,1828.8067985983455,1828.8067985983455,22343400
2022-10-27,1837.9508056640625,1865.3829072411381,1837.9508056640625,1856.2388733821128,59875500
2022-10-28,1847.0947265625,1856.2387598623145,1824.2346433129642,1856.2387598623145,37954400
2022-10-31,1874.52685546875,1901.958955792683,1847.094755144817,1856.238788586128,98912400
2022-11-01,1815.0908203125,1874.52704364767,1805.946785953243,1874.52704364767,62496200
2022-11-02,1801.3746337890625,1810.5186674631186,1714.506313885529,1778.514549603922,80371900
2022-11-03,1801.3746337890625,1815.0906843001467,1764.7984990928378,1801.3746337890625,36548900
2022-11-04,1796.8026123046875,1801.3746291298903,1746.510427227457,1801.3746291298903,40378400
2022-11-07,1847.0947265625,1847.0947265625,1787.6585101137068,1801.3745600634284,53098200
2022-11-08,1810.5186767578125,1874.5269128048058,1787.6585924553149,1874.5269128048058,28466700
2022-11-09,1792.230712890625,1819.6628156389509,1764.7986101422991,1801.374747140067,50696100
2022-11-10,1810.5186767578125,1810.5186767578125,1769.3705250133169,1783.0865755948153,26816600
2022-11-11,1828.806884765625,1865.3830224609374,1801.3747814941405,1810.5188159179686,67795400
2022-11-14,1837.9508056640625,1883.6709749591885,1810.518704086987,1883.6709749591885,17679800
2022-11-15,1856.2388916015625,1874.5269594991148,1837.9508237040102,1856.2388916015625,29218700
2022-11-16,1856.2388916015625,1856.2388916015625,1828.806789755234,1856.2388916015625,17946700
2022-11-17,1856.2388916015625,1874.5269594991148,1837.9508237040102,1856.2388916015625,18995500
2022-11-18,1883.6710205078125,1901.9590886680824,1837.9508501071373,1874.5269864276775,21737700
2022-11-21,1929.3912353515625,1965.9673725146254,1856.238961025437,1901.9591324792655,36647800
2022-11-22,1847.0947265625,1965.9671594600868,1847.0947265625,1965.9671594600868,29365400
2022-11-23,1874.52685546875,1883.670888910061,1828.8066882621952,1856.238788586128,25096500
2022-11-24,1892.8150634765625,1929.3911999688632,1837.9508587381113,1874.526995230412,28228800
2022-11-25,1920.2470703125,1920.2470703125,1847.0948009672618,1874.5269019717261,22959700
2022-11-28,1938.53515625,1965.9672575176885,1874.5269199587262,1911.1030549823113,44193200
2022-11-29,1920.2470703125,1956.823204985119,1883.670935639881,1947.6791713169644,34545100
2022-11-30,1892.8150634765625,1956.8233023380888,1892.8150634765625,1920.247165845788,199167700
2022-12-01,1874.52685546875,1911.1029892339939,1837.9507217035061,1874.52685546875,36250600
2022-12-02,1883.6710205078125,1883.6710205078125,1837.9508501071373,1837.9508501071373,20615100
2022-12-05,1883.6710205078125,1911.1031227482174,1837.9508501071373,1856.2389182674074,23264800
2022-12-06,1856.2388916015625,1883.670993447891,1792.2306539601293,1883.670993447891,29565600
2022-12-07,1856.2388916015625,1865.3829255503388,1824.234772780846,1847.0948576527865,39551300
2022-12-08,1956.8232421875,1956.8232421874998,1828.8067683995325,1847.094836083528,26193800
2022-12-09,1947.67919921875,1956.823233017899,1883.6709626247064,1956.823233017899,31532700
2022-12-12,1965.96728515625,1984.2553529251454,1883.6709801962209,1947.6792173873546,35819700
2022-12-13,1929.3912353515625,1984.2554410961568,1911.103166770031,1975.111406805391,32483200
2022-12-14,1938.53515625,1965.9672575176885,1911.1030549823113,1929.3911224941037,21458700
2022-12-15,1874.52685546875,1929.3910561166158,1865.382822027439,1901.958955792683,42287000
2022-12-16,1938.53515625,1938.53515625,1847.0948186910377,1856.2388524469338,78765700
2022-12-19,1984.25537109375,1984.25537109375,1883.6709974438365,1920.2471333165324,33261000
2022-12-20,1920.2470703125,1984.2553059895833,1892.8149693080356,1947.6791713169644,20441700
2022-12-21,1920.2470703125,1920.2470703125,1874.5269019717261,1911.1030366443451,23249900
2022-12-22,1883.6710205078125,1911.1031227482174,1865.3829523475424,1892.8150545879473,25628500
2022-12-23,1865.3829345703125,1892.8150365492877,1847.094866584329,1874.5269685633043,21975000
2022-12-26,1892.8150634765625,1901.9590975996377,1847.0948928611865,1865.382961107337,11136200
2022-12-27,1856.2388916015625,1901.9590613454434,1847.0948576527865,1901.9590613454434,11941300
2022-12-28,1856.2388916015625,1865.3829255503388,1847.0948576527865,1856.2388916015625,17306900
2022-12-29,1911.10302734375,1911.10302734375,1847.09479197817,1847.09479197817,20241300
2022-12-30,1911.10302734375,1911.10302734375,1865.3828592254786,1901.9589937200958,24171100
2023-01-02,1883.6710205078125,1929.3911909084875,1883.6710205078125,1911.1031227482174,2631000
2023-01-03,1938.53515625,1956.8232237617924,1874.5269199587262,1874.5269199587262,9282100
2023-01-04,1911.10302734375,1956.8231954620214,1901.9589937200958,1938.535128214713,18204200
2023-01-05,1892.8150634765625,1929.3911999688632,1865.382961107337,1911.1031317227128,24355100
2023-01-06,1874.52685546875,1892.814922351372,1847.094755144817,1874.52685546875,24694200
2023-01-09,1920.2470703125,1920.2470703125,1865.3828683035715,1892.8149693080356,16257600
2023-01-10,1874.52685546875,1929.3910561166158,1865.382822027439,1920.2470226753048,22750900
2023-01-11,1865.3829345703125,1892.8150365492877,1847.094866584329,1874.5269685633043,20078400
2023-01-12,1847.0947265625,1874.526826461943,1847.0947265625,1856.2387598623145,25827400
2023-01-13,1874.52685546875,1883.670888910061,1828.8066882621952,1856.238788586128,27201200
2023-01-16,1883.6710205078125,1883.6710205078125,1847.0948841872723,1874.5269864276775,26503700
2023-01-17,1892.8150634765625,1911.1031317227128,1874.526995230412,1883.6710293534873,19593900
2023-01-18,1911.10302734375,1911.10302734375,1856.2388256018241,1901.9589937200958,25470900
2023-01-19,1920.2470703125,1920.2470703125,1874.5269019717261,1892.8149693080356,13570700
2023-01-20,1883.6710205078125,1920.2471568283524,1883.6710205078125,1920.2471568283524,15027500
2023-01-24,1883.6710205078125,1901.9590886680824,1856.2389182674074,1865.3829523475424,12531800
2023-01-25,1874.52685546875,1901.958955792683,1856.238788586128,1883.670888910061,12840200
2023-01-26,1865.3829345703125,1883.671002556296,1847.094866584329,1874.5269685633043,20288500
2023-01-27,1874.52685546875,1883.670888910061,1856.238788586128,1865.382822027439,23462500
2023-01-30,1965.96728515625,1965.96728515625,1847.0948446584302,1874.5269463117731,22700400
2023-01-31,1883.6710205078125,1975.1113613091625,1874.5269864276775,1965.9673272290274,72512700
2023-02-01,1901.9591064453125,1911.103140610915,1883.6710381141074,1883.6710381141074,23314300
2023-02-02,2011.6876220703125,2011.6876220703125,1901.9592063210225,1920.247275612571,67982100
2023-02-03,1993.3992919921875,2075.6955930377367,1984.2552585426822,2011.6873588911985,21774000
2023-02-06,1984.25537109375,2002.543439030098,1929.3911672847064,1965.967303157402,23459000
2023-02-07,2020.83154296875,2057.407679493071,1956.8233040511877,1984.2554064444287,18130200
2023-02-08,2057.40771484375,2075.695783420139,1993.399474826389,1993.399474826389,24568500
2023-02-09,2057.40771484375,2075.695783420139,2002.5435091145835,2057.40771484375,21628300
2023-02-10,2157.9921875,2157.9921875,2020.8316671080509,2057.407805879237,30431100
2023-02-13,2039.1195068359375,2157.991944454176,2039.1195068359377,2157.991944454176,27916400
2023-02-14,2130.56005859375,2148.8481277662286,2011.6876089726395,2039.1197127313574,33642000
2023-02-15,2112.271728515625,2121.4157619724024,2075.6955946885146,2103.127695058847,18109600
2023-02-16,2093.98388671875,2112.27195559839,2084.8398522789303,2093.98388671875,10569500
2023-02-17,2057.40771484375,2130.5599891493057,2048.2636805555558,2084.8398177083336,22609100
2023-02-20,2103.1279296875,2103.1279296875,2057.407757302989,2066.5517917798916,18255500
2023-02-21,2093.98388671875,2112.27195559839,2066.5517833992903,2103.1279211585697,12838200
2023-02-22,1975.1112060546875,2084.839606391059,1947.6791059705947,2084.839606391059,56438400
2023-02-23,1993.3992919921875,1993.3992919921875,1856.238790249606,1965.9671916436712,56207900
2023-02-24,2075.69580078125,2075.69580078125,1965.9673884051485,1984.2554571344988,22398100
2023-02-27,1984.25537109375,2048.263608870968,1938.5352012528804,2048.263608870968,39487100
2023-02-28,1929.3912353515625,1993.3994753869224,1929.3912353515625,1984.2554410961568,92212400
2023-03-01,1929.3912353515625,1956.8233382238595,1911.103166770031,1920.247201060797,13968900
2023-03-02,1920.2470703125,1947.6791713169644,1920.2470703125,1938.5351376488095,15271000
2023-03-03,1883.6710205078125,1938.5352249886225,1865.3829523475424,1920.2471568283524,39606500
2023-03-06,1929.3912353515625,1938.535269642328,1892.8150981884996,1901.9591324792655,27319100
2023-03-07,1901.9591064453125,1929.3912089421199,1883.6710381141074,1920.2471747765173,24611800
2023-03-08,1920.2470703125,1938.5351376488095,1874.5269019717261,1901.9590029761905,24318700
2023-03-09,1901.9591064453125,1920.2471747765173,1901.9591064453125,1920.2471747765173,16285200
2023-03-10,1883.6710205078125,1911.1031227482174,1874.5269864276775,1901.9590886680824,21501800
2023-03-13,1929.3912353515625,1929.3912353515625,1874.5270296069682,1874.5270296069682,19186000
2023-03-14,1911.10302734375,1938.535128214713,1892.8149600964414,1929.3910945910586,19329800
2023-03-15,1892.8150634765625,1938.5352340919383,1892.8150634765625,1911.1031317227128,25129200
2023-03-16,1947.67919921875,1965.967266817048,1901.9590302230047,1901.9590302230047,24002300
2023-03-17,2029.975341796875,2029.975341796875,1965.9671102987754,1965.9671102987754,118558700
2023-03-20,1984.25537109375,2029.9755409346199,1947.6792352210543,2029.9755409346199,14432700
2023-03-21,2020.83154296875,2020.83154296875,1947.6792699201073,1975.1113723133483,33220400
2023-03-24,1947.67919921875,2148.847942800029,1947.67919921875,2148.847942800029,36062700
2023-03-27,1920.2470703125,1975.1112723214285,1911.1030366443451,1975.1112723214285,18006100
2023-03-28,1965.96728515625,2002.5434206940406,1938.5351835029069,1947.6792173873546,33190400
2023-03-29,2011.6876220703125,2029.9756913618608,1965.9674488414416,2002.5435874245381,35518000
2023-03-30,1984.25537109375,2020.8315069664459,1956.823269189228,2011.687472998272,21147600
2023-03-31,1920.2470703125,1984.2553059895833,1911.1030366443451,1975.1112723214285,39487500
2023-04-03,1901.9591064453125,1920.2471747765173,1865.3829697829026,1920.2471747765173,39144600
2023-04-04,1920.2470703125,1947.6791713169644,1892.8149693080356,1901.9590029761905,39340200
2023-04-05,1911.10302734375,1965.9672290856759,1911.10302734375,1929.3910945910586,21920600
2023-04-06,1874.52685546875,1920.2470226753048,1874.52685546875,1920.2470226753048,16191700
2023-04-10,1892.8150634765625,1892.8150634765625,1856.2389269842618,1874.526995230412,14604800
2023-04-11,1892.8150634765625,1901.9590975996377,1874.526995230412,1892.8150634765625,12614600
2023-04-12,1865.3829345703125,1883.671002556296,1847.094866584329,1883.671002556296,40144000
2023-04-13,1856.2388916015625,1883.670993447891,1856.2388916015625,1883.670993447891,21326200
2023-04-14,1883.6710205078125,1901.9590886680824,1865.3829523475424,1865.3829523475424,30646000
2023-04-17,1865.3829345703125,1911.103104535271,1856.2389005773207,1892.8150365492877,43702800
2023-04-18,1883.6710205078125,1901.9590886680824,1856.2389182674074,1856.2389182674074,25079900
2023-04-26,1901.9591064453125,1911.103140610915,1847.0949014516978,1865.3829697829026,77840300
2023-04-27,1938.53515625,1938.53515625,1892.8149874705189,1901.959021226415,11342900
2023-04-28,1938.53515625,1947.679190005896,1883.6709537146226,1938.53515625,26544400
2023-05-02,1892.8150634765625,1938.5352340919383,1856.2389269842618,1938.5352340919383,38222900
2023-05-03,1883.6710205078125,1883.6710205078125,1847.0948841872723,1883.6710205078125,68209600
2023-05-04,1911.10302734375,1911.10302734375,1865.3828592254786,1883.6709264727872,31081500
2023-05-05,1965.96728515625,1965.96728515625,1892.8150140806686,1911.103081849564,24418800
2023-05-08,1920.2470703125,1965.9672386532739,1892.8149693080356,1965.9672386532739,31552100
2023-05-09,1883.6710205078125,1920.2471568283524,1883.6710205078125,1901.9590886680824,14251400
2023-05-10,1883.6710205078125,1929.3911909084875,1883.6710205078125,1883.6710205078125,19898500
2023-05-11,1947.67919921875,1947.67919921875,1883.6709626247064,1892.8149964238555,45802400
2023-05-12,1964.4375,1973.7476303317535,1927.1969786729858,1945.8172393364928,20176200
2023-05-15,1992.367919921875,1992.367919921875,1955.1273980541764,1964.437528521101,17513900
2023-05-16,2048.228759765625,2048.228759765625,1973.747713955966,1992.3679754083807,18569300
2023-05-17,2010.988037109375,2038.9184265136719,1983.0576477050781,2038.9184265136719,17462800
2023-05-19,2020.2982177734375,2020.2982177734375,1927.1969174152146,2010.9880877376152,30346900
2023-05-22,1983.0576171875,2029.6082654782863,1973.7474875293426,2020.2981358201291,20090900
2023-05-23,1973.74755859375,2010.988078567217,1955.1272986070164,1964.437428600383,42918300
2023-05-24,1899.2666015625,1973.7476447610295,1899.2666015625,1945.8172535615809,57639500
2023-05-25,1908.5765380859375,1936.5069264481706,1899.2664086318596,1899.2664086318596,28601500
2023-05-26,1908.5765380859375,1936.5069264481706,1899.2664086318596,1908.5765380859375,23341900
2023-05-29,1964.4375,1964.4375,1908.5767180094786,1908.5767180094786,28726300
2023-05-30,1927.1968994140625,1983.0576791072237,1927.1968994140625,1964.4374192095033,18171400
2023-05-31,1889.9564208984375,1955.1273319639008,1889.9564208984375,1927.1969415072738,270941900
2023-06-05,1908.5765380859375,1945.8170559022483,1889.9562791777819,1927.196796994093,72504600
2023-06-06,1899.2666015625,1927.1969927619486,1787.5450367647059,1908.5767319623162,71091800
2023-06-07,1908.5765380859375,1908.5765380859375,1862.0258908155488,1889.9562791777819,65246600
2023-06-08,1899.2666015625,1927.1969927619486,1889.9564711626838,1908.5767319623162,17271000
2023-06-09,1908.5765380859375,1927.196796994093,1880.6461497237042,1899.2664086318596,34354400
2023-06-12,1917.8868408203125,1927.1969711155568,1889.9564499345797,1927.1969711155568,22303000
2023-06-13,1936.507080078125,1936.507080078125,1889.9564291147085,1917.8868196927585,22482300
2023-06-14,1908.5765380859375,1936.5069264481706,1899.2664086318596,1936.5069264481706,26515000
2023-06-15,1936.507080078125,1936.507080078125,1889.9564291147085,1908.5766895000752,22591500
2023-06-16,1955.1273193359375,1955.1273193359375,1899.2665387834822,1927.1969290597099,56618400
2023-06-19,1927.1968994140625,1936.5070293629226,1908.576639516342,1917.8867694652022,12624000
2023-06-20,1927.1968994140625,1936.5070293629226,1908.576639516342,1927.1968994140625,18373900
2023-06-21,1908.5765380859375,1936.5069264481706,1908.5765380859375,1936.5069264481706,19151200
2023-06-22,1880.646240234375,1917.8867598429765,1880.646240234375,1917.8867598429765,45701700
2023-06-23,1908.5765380859375,1917.8866675400152,1862.0258908155488,1880.6461497237042,29118600
2023-06-26,1927.1968994140625,1927.1968994140625,1899.2665095674818,1917.8867694652022,12739800
2023-06-27,1908.5765380859375,1917.8866675400152,1899.2664086318596,1899.2664086318596,34950500
2023-07-03,1880.646240234375,1917.8867598429765,1880.646240234375,1908.576629940826,63533500
2023-07-04,1848.0609130859375,1889.9565005362483,1829.4406519969102,1880.6463699917347,75416000
2023-07-05,1871.3360595703125,1889.9563188695195,1848.0607354463036,1848.0607354463036,51042500
2023-07-06,1852.7158203125,1871.336079813128,1848.060755437343,1862.025950062814,39236900
2023-07-07,1852.7158203125,1857.370885187657,1838.7506256870288,1852.7158203125,39362000
2023-07-10,1862.026123046875,1880.646384277344,1852.7159924316406,1852.7159924316406,32144400
2023-07-11,1889.9564208984375,1889.9564208984375,1857.3709653657058,1862.0260304418105,28824700
2023-07-12,1862.026123046875,1889.9565148925783,1857.3710577392578,1880.646384277344,40082300
2023-07-13,1880.646240234375,1917.8867598429765,1862.0259804300742,1862.0259804300742,37406000
2023-07-14,1927.1968994140625,1945.817159311783,1889.9563796186217,1899.2665095674818,29285700
2023-07-17,1880.646240234375,1945.8171495494275,1880.646240234375,1927.1968897451268,39937300
2023-07-18,1862.026123046875,1899.2666455078127,1843.4058618164063,1899.2666455078127,65524300
2023-07-20,1815.475341796875,1862.0259915865386,1815.475341796875,1852.7158616286058,79634100
2023-07-21,1834.0955810546875,1834.0955810546875,1792.199996715875,1815.4753213485485,42962900
2023-07-24,1834.0955810546875,1848.0607758342917,1824.7854512016181,1834.0955810546875,24367300
2023-07-25,1829.4405517578125,1829.4405517578125,1806.1652266718352,1824.785486740617,40692500
2023-07-26,1801.5101318359375,1834.0955864169493,1792.2000019556485,1834.0955864169493,25482000
2023-07-27,1773.579833984375,1792.2000947086206,1773.579833984375,1787.545029527559,62633600
2023-07-28,1778.23486328125,1792.200058542621,1764.269668019879,1773.5797981941262,44609300
2023-07-31,1782.889892578125,1801.5101525528312,1754.9595026160655,1782.889892578125,70534200
2023-08-01,1680.4786376953125,1778.2350127413001,1671.1685067385517,1768.9248817845394,125530500
2023-08-02,1671.1683349609375,1685.133529960611,1647.8930099614815,1680.47846496072,91491000
2023-08-03,1754.9595947265625,1764.2697252025655,1685.1336161565403,1694.4437466325433,40142500
2023-08-04,1745.6494140625,1764.2696744791667,1731.6842187500001,1754.9595442708335,17972100
2023-08-07,1722.3740234375,1773.5797376478042,1722.3740234375,1773.5797376478042,38131200
2023-08-08,1727.029052734375,1745.6493120630475,1717.7189230700387,1717.7189230700387,19920800
2023-08-09,1745.6494140625,1745.6494140625,1727.0291536458335,1727.0291536458335,17220000
2023-08-10,1717.7191162109375,1745.6495083444488,1699.0988547885968,1745.6495083444488,31667300
2023-08-11,1722.3740234375,1727.0290883657096,1703.7537637246623,1713.0638935810812,16674600
2023-08-14,1722.3740234375,1727.0290883657096,1689.7885689400339,1727.0290883657096,36798900
2023-08-15,1722.3740234375,1745.6493480785473,1717.7189585092906,1736.3392182221285,23619600
2023-08-16,1740.9942626953125,1740.9942626953125,1708.4088085806943,1722.374003201245,12646100
2023-08-18,1717.7191162109375,1740.9944429888635,1713.0640508553524,1740.9944429888635,50347600
2023-08-21,1717.7191162109375,1731.6843122776932,1703.753920144182,1717.7191162109375,12787100
2023-08-22,1727.029052734375,1727.029052734375,1699.0986637413662,1703.7537285735343,14606900
2023-08-23,1685.1334228515625,1727.0290051876511,1685.1334228515625,1722.3739404836413,34969400
2023-08-24,1685.1334228515625,1699.0986169635921,1680.4783581475529,1685.1334228515625,28276000
2023-08-25,1685.1334228515625,1694.4435522595822,1675.823293443543,1694.4435522595822,16350700
2023-08-28,1680.4786376953125,1699.098899608834,1680.4786376953125,1689.7887686520733,13537400
2023-08-29,1731.6842041015625,1745.64939929593,1680.478488388882,1689.7886185184602,29399700
2023-08-30,1717.7191162109375,1740.9944429888635,1703.753920144182,1731.6843122776932,18648400
2023-08-31,1689.78857421875,1713.0638989325068,1689.78857421875,1713.0638989325068,48819500
2023-09-01,1652.548095703125,1694.443681227993,1638.582900528169,1694.443681227993,25897000
2023-09-04,1661.8582763671875,1694.4437327665441,1619.9626895680146,1652.5481459673713,33778600
2023-09-05,1647.8929443359375,1661.8581387794623,1633.9277498924125,1661.8581387794623,26047300
2023-09-06,1619.962646484375,1643.2379718648976,1615.3075814082704,1638.582906788793,29734200
2023-09-07,1587.377197265625,1619.9626529279692,1554.7917416032808,1615.3075878333486,59123900
2023-09-08,1601.3424072265625,1601.3424072265625,1545.4816255791243,1582.7221466774163,55673400
2023-09-11,1731.6842041015625,1731.6842041015625,1601.3423822874665,1601.3423822874665,58535600
2023-09-12,1694.4437255859375,1736.339312207568,1680.478530045394,1727.0291818472056,41058000
2023-09-13,1661.8582763671875,1694.4437327665441,1638.582950367647,1694.4437327665441,40498300
2023-09-14,1661.8582763671875,1699.0987979664521,1652.5481459673713,1661.8582763671875,35127100
2023-09-15,1643.238037109375,1675.8234939359065,1633.9279065875087,1643.238037109375,64227000
2023-09-18,1689.78857421875,1713.0638989325068,1643.2379247912363,1643.2379247912363,29281000
2023-09-19,1666.5133056640625,1694.4436962617842,1657.203175464822,1694.4436962617842,26756200
2023-09-20,1629.272705078125,1671.168288922991,1629.272705078125,1666.5132240513392,41154900
2023-09-21,1689.78857421875,1689.78857421875,1619.9626000774792,1629.272729962982,32625300
2023-09-22,1657.203125,1694.4436446629213,1657.203125,1689.7885797050562,23992200
2023-09-25,1652.548095703125,1685.1335511113557,1652.548095703125,1661.8582258197623,21196100
2023-09-26,1680.4786376953125,1685.1337031736928,1657.2033103034107,1657.2033103034107,18365400
2023-09-27,1633.9278564453125,1680.4785076260907,1629.2727913272347,1680.4785076260907,18244000
2023-09-29,1633.9278564453125,1652.5481169176237,1624.617726209157,1633.9278564453125,22639600
2023-10-02,1661.8582763671875,1671.1684067670037,1629.2728199678309,1629.2728199678309,23826000
2023-10-03,1671.1683349609375,1675.8233999608287,1638.582879961699,1661.858204961155,17612700
2023-10-04,1643.238037109375,1661.8582981531072,1619.9627108047096,1647.893102370308,28841300
2023-10-05,1708.408935546875,1731.6842616442439,1647.893087693716,1657.2032181326636,32076300
2023-10-06,1708.408935546875,1731.6842616442439,1708.408935546875,1713.064000766349,23319900
2023-10-09,1657.203125,1703.7537745786517,1657.203125,1699.0987096207866,19018900
2023-10-10,1633.9278564453125,1671.1683773899351,1633.9278564453125,1657.2031820357017,14881700
2023-10-11,1629.272705078125,1647.8929645647322,1624.6176402064732,1647.8929645647322,21443100
2023-10-12,1619.962646484375,1638.582906788793,1619.962646484375,1629.272776636584,15541900
2023-10-13,1629.272705078125,1643.2378996930804,1610.6524455915178,1610.6524455915178,11069700
2023-10-16,1638.5828857421875,1652.5480807911265,1633.9278207258744,1643.2379507585006,6388200
2023-10-17,1699.0987548828125,1740.994340619649,1647.8930389822344,1647.8930389822344,38125100
2023-10-18,1680.4786376953125,1703.7539650872143,1680.4786376953125,1699.098899608834,7358800
2023-10-19,1675.823486328125,1685.1336168077257,1652.5481601291233,1680.4785515679253,30146000
2023-10-20,1647.8929443359375,1703.753722110037,1638.5828147069208,1675.8233332229872,17027100
2023-10-23,1647.8929443359375,1666.5132035939707,1638.5828147069208,1657.203073964954,14040000
2023-10-24,1699.0987548828125,1736.3392755377781,1647.8930389822344,1647.8930389822344,32868900
2023-10-25,1638.5828857421875,1703.7537959705699,1638.5828857421875,1703.7537959705699,25913500
2023-10-26,1629.272705078125,1652.5480294363838,1629.272705078125,1638.5828348214286,14364300
2023-10-27,1633.9278564453125,1652.5481169176237,1629.2727913272347,1652.5481169176237,16699100
2023-10-30,1587.377197265625,1638.5829133064517,1573.4120019817633,1629.2727831172103,24521300
2023-10-31,1573.4119873046875,1629.272767919055,1475.655621229544,1587.3771824582793,84591000
2023-11-01,1494.2760009765625,1554.7918514834016,1443.0702813169296,1554.7918514834016,90226000
2023-11-02,1484.9656982421875,1573.4119310528506,1471.0005035878721,1494.275828011731,61585900
2023-11-03,1480.3106689453125,1508.2410589254127,1461.690408958579,1484.9657339419957,32629000
2023-11-06,1503.5859375,1522.2061967879256,1480.3106133900928,1484.9656782120742,22496600
2023-11-07,1494.2760009765625,1512.8962626709745,1484.9658701293565,1498.9310664001655,28239600
2023-11-08,1503.5859375,1503.5859375,1475.6555485681113,1498.9308726780184,21281000
2023-11-09,1508.2410888671875,1531.5164143126688,1503.5860237780912,1503.5860237780912,14238800
2023-11-10,1480.3106689453125,1512.896123922096,1475.655603948629,1508.2410589254127,16704000
2023-11-13,1489.620849609375,1522.2063056945801,1484.9657844543458,1494.2759147644044,14028100
2023-11-14,1494.2760009765625,1508.2411972473715,1452.3804121641356,1480.3108047057535,24224400
2023-11-15,1498.930908203125,1512.8961030000485,1480.3106484738935,1503.5859731354328,30926600
2023-11-16,1503.5859375,1503.5859375,1471.00048374613,1498.9308726780184,44734100
2023-11-17,1508.2410888671875,1508.2410888671875,1475.6556332435136,1494.2758935998986,43668800
2023-11-20,1512.8961181640625,1517.5511831430288,1489.6207932692307,1503.5859882061297,14474100
2023-11-21,1494.2760009765625,1508.2411972473715,1484.9658701293565,1503.5861318237685,30532300
2023-11-22,1531.5164794921875,1564.1019365026596,1508.241153056136,1508.241153056136,28702700
2023-11-23,1526.861328125,1559.4467832983994,1522.2062631002286,1531.5163931497714,22415700
2023-11-24,1484.9656982421875,1536.1714119746766,1480.3106333574158,1526.8612822051332,23731900
2023-11-27,1512.8961181640625,1526.8613131009615,1484.9657282902645,1494.2758582481972,25615200
2023-11-28,1494.2760009765625,1526.8614589417837,1489.6209355529595,1512.8962626709745,48173500
2023-11-29,1494.2760009765625,1522.2063935181807,1489.6209355529595,1498.9310664001655,22564800
2023-11-30,1503.5859375,1536.1713912538698,1475.6555485681113,1489.6207430340557,138930200
2023-12-01,1550.13671875,1578.0671100788288,1494.2759360923424,1498.9310013138138,37087700
2023-12-04,1526.861328125,1554.791718273628,1522.2062631002286,1550.1366532488566,16280100
2023-12-05,1545.4815673828125,1564.101827230798,1508.241047686841,1531.5163724968231,21335900
2023-12-06,1582.7220458984375,1615.3074997845818,1559.4467216940486,1564.1017865349265,34553800
2023-12-07,1554.7916259765625,1605.9973382093235,1536.1713669828312,1582.7220144671594,28217700
2023-12-08,1531.5164794921875,1564.1019365026596,1508.241153056136,1554.791805928239,21423900
2023-12-11,1517.5511474609375,1531.5163420694737,1494.275823113377,1531.5163420694737,24836400
2023-12-12,1498.930908203125,1522.2062328646641,1489.6207783385091,1517.5511679323563,13677300
2023-12-13,1498.930908203125,1498.930908203125,1466.34545367697,1498.930908203125,58989200
2023-12-14,1489.620849609375,1508.2411102294923,1484.9657844543458,1503.5860450744628,42641800
2023-12-15,1489.620849609375,1508.2411102294923,1447.7252632141115,1447.7252632141115,124244000
2023-12-18,1503.5859375,1508.2410023219813,1480.3106133900928,1498.9308726780184,33861800
2023-12-19,1545.4815673828125,1550.1366323448087,1489.6207878388554,1508.241047686841,35486800
2023-12-20,1503.5859375,1554.7916505417957,1498.9308726780184,1554.7916505417957,23730800
2023-12-21,1489.620849609375,1508.2411102294923,1484.9657844543458,1503.5860450744628,15974500
2023-12-22,1475.6556396484375,1508.241095413545,1475.6556396484375,1494.2759000856418,24334200
2023-12-27,1508.2410888671875,1517.5512190453799,1471.0005681544174,1489.6208285108023,17926300
2023-12-28,1508.2410888671875,1512.8961539562838,1494.2758935998986,1508.2410888671875,12132400
2023-12-29,1498.930908203125,1517.5511679323563,1489.6207783385091,1512.8961030000485,9755000
2024-01-02,1508.2410888671875,1508.2410888671875,1489.6208285108023,1498.930958688995,9431600
2024-01-03,1494.2760009765625,1508.2411972473715,1484.9658701293565,1508.2411972473715,11021100
2024-01-04,1480.3106689453125,1508.2410589254127,1480.3106689453125,1494.2758639353626,16377400
2024-01-05,1471.00048828125,1494.2758124629154,1471.00048828125,1489.6207476265824,35255400
2024-01-08,1480.3106689453125,1489.6207989386792,1447.7252139685288,1471.0005389519456,132829500
2024-01-09,1480.3106689453125,1484.9657339419957,1452.3802789652123,1480.3106689453125,82106400
2024-01-10,1471.00048828125,1484.9656827902493,1471.00048828125,1480.3106179539163,26139600
2024-01-11,1484.9656982421875,1489.6207631269592,1457.035308933557,1480.3106333574158,30429900
2024-01-12,1484.9656982421875,1489.6207631269592,1457.035308933557,1475.6555684726438,69328700
2024-01-15,1480.3106689453125,1484.9657339419957,1471.0005389519456,1484.9657339419957,20946300
2024-01-16,1475.6556396484375,1498.930965194943,1471.0005745391366,1480.3107047577387,29062200
2024-01-17,1471.00048828125,1489.6207476265824,1447.7251640995848,1475.6555531175832,186920700
2024-01-18,1471.00048828125,1480.3106179539163,1447.7251640995848,1461.690358608584,58898900
2024-01-19,1447.7252197265625,1471.0005448025522,1447.7252197265625,1471.0005448025522,21475600
2024-01-22,1447.7252197265625,1457.0353497569583,1424.4498946505728,1447.7252197265625,38130800
2024-01-23,1447.7252197265625,1452.3802847417603,1419.7948296353748,1447.7252197265625,63568200
2024-01-24,1484.9656982421875,1484.9656982421875,1443.0701142792418,1447.7251791640135,19226900
2024-01-25,1466.345458984375,1489.6207837301586,1466.345458984375,1489.6207837301586,13335500
2024-01-26,1433.760009765625,1466.3454645330257,1424.449879832082,1466.3454645330257,18469700
2024-01-29,1405.82958984375,1433.7599790459437,1373.244135774524,1433.7599790459437,65901500
2024-01-30,1405.82958984375,1410.4846547107823,1373.244135774524,1391.8643952426532,37016900
2024-01-31,1405.82958984375,1424.4498493118792,1391.8643952426532,1396.5194601096855,49470200
2024-02-01,1405.82958984375,1410.4846547107823,1373.244135774524,1405.82958984375,93332300
2024-02-02,1433.760009765625,1433.760009765625,1391.8644250646814,1405.829619964996,43348900
2024-02-05,1438.4151611328125,1447.7252916255816,1405.829704408121,1433.760095886428,40439700
2024-02-06,1438.4151611328125,1443.070226379197,1405.829704408121,1438.4151611328125,46060600
2024-02-07,1396.51953125,1447.7252473958333,1396.51953125,1438.4151171875,42017800
2024-02-12,1387.2093505859375,1410.4846752601982,1382.5542856510854,1401.174545390494,32025600
2024-02-13,1377.8992919921875,1405.8296830460833,1377.8992919921875,1387.209422343486,44531200
2024-02-15,1354.6240234375,1405.829742536512,1354.6240234375,1396.5196117912371,46620500
2024-02-16,1382.554443359375,1391.864574291088,1331.3487232349537,1354.624050564236,88428200
2024-02-19,1368.589111328125,1387.2093713461948,1354.6239163145726,1382.5543063416774,48617400
2024-02-20,1396.51953125,1410.4847265625,1368.589140625,1368.589140625,42400100
2024-02-21,1387.2093505859375,1396.5194804556418,1368.589090846529,1396.5194804556418,33174100
2024-02-22,1382.554443359375,1387.2095088252315,1359.2791160300926,1387.2095088252315,26672500
2024-02-23,1373.244140625,1382.554270391949,1354.6238810911016,1382.554270391949,36344800
2024-02-26,1368.589111328125,1377.8992413371598,1345.3137863055379,1368.589111328125,67334500
2024-02-27,1359.2789306640625,1368.5890603261453,1345.3137361709387,1368.5890603261453,23172600
2024-02-28,1354.6240234375,1363.9341541827748,1349.9689580648626,1359.2790888101374,9295000
2024-02-29,1387.2093505859375,1387.2093505859375,1345.3137661722683,1354.6238960419726,61501900
2024-03-01,1387.2093505859375,1391.8644155207896,1368.589090846529,1382.5542856510854,31150600
2024-03-04,1396.51953125,1401.1745963541666,1368.589140625,1387.2094010416668,42941300
2024-03-05,1382.554443359375,1405.8297706886574,1382.554443359375,1387.2095088252315,18808600
2024-03-06,1396.51953125,1396.51953125,1382.5543359375001,1382.5543359375001,11294200
2024-03-07,1363.93408203125,1396.5195379159557,1363.93408203125,1387.2094076631827,22144800
2024-03-08,1340.6588134765625,1368.5892054239907,1340.6588134765625,1363.9341400994194,40731700
2024-03-13,1326.6934814453125,1368.5890650699012,1326.6934814453125,1359.2789353755481,35365600
2024-03-14,1336.003662109375,1345.3137921589177,1322.038467035061,1331.3485970846036,26353000
2024-03-15,1331.3485107421875,1345.3137049108118,1308.0731871278135,1326.6934460193127,159383200
2024-03-18,1317.3834228515625,1340.6587483436397,1317.3834228515625,1331.3486181468088,32143000
2024-03-19,1317.3834228515625,1340.6587483436397,1317.3834228515625,1322.038487949978,40795900
2024-03-20,1377.8992919921875,1377.8992919921875,1322.0385098843963,1322.0385098843963,25865500
2024-03-21,1359.2789306640625,1405.8295789744757,1359.2789306640625,1382.554254819269,42424300
2024-03-22,1382.554443359375,1410.484836154514,1373.2443124276622,1382.554443359375,12094700
2024-03-25,1415.1397705078125,1415.1397705078125,1382.5543152658563,1415.1397705078125,22175400
2024-03-26,1401.174560546875,1429.1049504581083,1396.5194955616694,1429.1049504581083,32682200
2024-03-27,1359.2789306640625,1410.484643805517,1359.2789306640625,1410.484643805517,20490100
2024-03-28,1373.244140625,1382.554270391949,1349.968816207627,1373.244140625,30183200
2024-04-01,1363.93408203125,1377.8992774104097,1349.9688866520905,1377.8992774104097,30519700
2024-04-02,1373.244140625,1373.244140625,1336.0036215572034,1373.244140625,46015200
2024-04-03,1396.51953125,1405.8296614583335,1359.2790104166668,1377.8992708333335,38921200
2024-04-04,1396.51953125,1401.1745963541666,1377.8992708333335,1401.1745963541666,12988800
2024-04-05,1377.8992919921875,1396.5195526947846,1377.8992919921875,1396.5195526947846,5654100
2024-04-16,1349.9688720703125,1405.8296529835668,1340.6587419181035,1405.8296529835668,47729000
2024-04-17,1354.6240234375,1419.7949386544244,1349.9689580648626,1373.2442849280499,24631000
2024-04-18,1317.3834228515625,1363.9340738357166,1312.728357753147,1363.9340738357166,25353800
2024-04-19,1303.418212890625,1322.038473074777,1280.1428876604352,1322.038473074777,21853800
2024-04-22,1308.0733642578125,1322.0385603175046,1289.45310284489,1312.728429611043,19470000
2024-04-23,1326.6934814453125,1340.6586759868421,1303.4181572094299,1322.0384165981359,14086900
2024-04-24,1308.0733642578125,1322.0385603175046,1298.7632335513513,1317.383494964274,18850300
2024-04-25,1331.3485107421875,1359.2788990794363,1312.7282518506884,1322.038381296438,20178700
2024-04-26,1308.0733642578125,1349.9689524368885,1308.0733642578125,1349.9689524368885,17000000
2024-04-29,1308.0733642578125,1340.658821730427,1298.7632335513513,1326.6936256707352,49323400
2024-04-30,1354.6240234375,1391.8645464185995,1308.0733697111255,1312.7284350837629,51225600
2024-05-02,1387.2093505859375,1405.829610325346,1354.6238960419726,1387.2093505859375,58959900
2024-05-03,1387.2093505859375,1410.4846752601982,1359.2789609768247,1401.174545390494,24941100
2024-05-06,1354.6240234375,1429.1050693996992,1340.6588273195875,1429.1050693996992,29176400
2024-05-07,1345.3138427734375,1363.93410357307,1340.6587775735295,1349.9689079733457,31043500
2024-05-08,1322.0384521484375,1363.9340368996204,1317.3833871760837,1354.623906954913,48390500
2024-05-13,1326.6934814453125,1340.6586759868421,1308.0732220566063,1331.348546292489,37882500
2024-05-14,1312.728271484375,1345.3137250318596,1308.0732066918772,1331.3485306543662,36320000
2024-05-15,1345.3138427734375,1363.93410357307,1317.383451573989,1322.038516773897,36425200
2024-05-16,1345.3138427734375,1349.9689079733457,1336.0037123736213,1345.3138427734375,36922100
2024-05-17,1396.51953125,1424.449921875,1349.9688802083333,1349.9688802083333,53345000
2024-05-20,1424.449951171875,1424.449951171875,1401.1746251723346,1401.1746251723346,23932100
2024-05-21,1401.174560546875,1429.1049504581083,1387.2093655912583,1429.1049504581083,46767000
2024-05-22,1452.38037109375,1466.3455669696516,1405.8297181740786,1424.4499793419473,55916700
2024-05-27,1457.035400390625,1471.0005959215257,1424.4499441518572,1452.3803352136583,48754200
2024-05-28,1443.070068359375,1466.3453920425907,1433.7599388860888,1452.3801978326612,27878800
2024-05-29,1439.2701416015625,1458.2704074972926,1406.0196762840346,1453.52034102336,29138000
2024-05-30,1444.0201416015625,1477.2706053884406,1420.269810325221,1448.7702078568307,30139500
2024-05-31,1415.519775390625,1467.7705053547086,1415.519775390625,1467.7705053547086,117693500
2024-06-03,1444.0201416015625,1463.0204066226356,1401.2695453041479,1401.2695453041479,28092300
2024-06-04,1463.0203857421875,1486.7707166795606,1448.7701871797635,1458.2703195547128,30497600
2024-06-05,1472.5205078125,1496.2708385836695,1453.5202431955645,1496.2708385836695,73123500
2024-06-06,1496.2708740234375,1515.271139090402,1472.520542689732,1491.5208077566965,69323600
2024-06-07,1520.021240234375,1534.2714393615722,1486.770775604248,1496.270908355713,68422100
2024-06-10,1515.2711181640625,1539.0214491697689,1505.7709857617801,1524.771250566345,36525400
2024-06-11,1477.2706298828125,1524.7712932230959,1477.2706298828125,1510.5210942210108,26347800
2024-06-12,1486.770751953125,1510.5210834539737,1467.770486752446,1510.5210834539737,10933200
2024-06-13,1486.770751953125,1515.2711497541434,1477.2706193527856,1486.770751953125,24309100
2024-06-14,1486.770751953125,1520.021216054313,1482.0206856529553,1486.770751953125,19618600
2024-06-19,1477.2706298828125,1515.2711605550392,1453.520298212671,1496.270895218926,24324500
2024-06-20,1482.020751953125,1501.0210180038061,1458.2704193897737,1482.020751953125,16419000
2024-06-21,1491.5208740234375,1515.2712064123457,1482.0207410678743,1482.0207410678743,46830200
2024-06-24,1472.5205078125,1491.5207724294355,1467.7704416582662,1486.7707062752017,38790000
2024-06-25,1448.770263671875,1467.7705294249488,1444.0201972336065,1467.7705294249488,18020100
2024-06-26,1458.2703857421875,1463.0204521452565,1444.0201865329805,1448.7702529360495,11745400
2024-06-27,1463.0203857421875,1477.2705843046115,1453.5202533672382,1467.7704519296622,16625500
2024-06-28,1448.770263671875,1472.5205958632173,1448.770263671875,1448.770263671875,25765800
2024-07-01,1429.7698974609375,1467.7704262971085,1429.7698974609375,1463.0203601925873,19433500
2024-07-02,1368.0191650390625,1434.5200966729058,1358.5190319485134,1429.7700301276313,62377100
2024-07-03,1382.2694091796875,1391.7695425761115,1363.2691423868396,1377.5193424814754,29725600
2024-07-04,1396.51953125,1410.7697305484694,1372.7691990858843,1382.2693319515306,20834000
2024-07-05,1415.519775390625,1448.7702399132236,1391.769443588769,1401.2695763095114,17277000
2024-07-08,1482.020751953125,1482.020751953125,1425.0199538010818,1429.770020313752,47099200
2024-07-09,1472.5205078125,1491.5207724294355,1472.5205078125,1482.0206401209678,31780300
2024-07-10,1453.5203857421875,1472.5206522224776,1448.770319122115,1472.5206522224776,9716000
2024-07-11,1486.770751953125,1491.5208182532947,1453.520287851937,1463.0204204522763,21348500
2024-07-12,1482.020751953125,1510.5211510291467,1477.2706854404546,1501.0210180038061,29000600
2024-07-15,1482.020751953125,1491.5208849784656,1477.2706854404546,1486.7708184657952,17232700
2024-07-16,1486.770751953125,1496.2708845534644,1482.0206856529553,1496.2708845534644,47366600
2024-07-17,1491.5208740234375,1510.5211399345642,1472.520608112311,1505.7710734567825,42543100
2024-07-18,1491.5208740234375,1505.7710734567825,1472.520608112311,1472.520608112311,27278200
2024-07-19,1496.2708740234375,1520.021205357143,1477.2706089564733,1477.2706089564733,49564300
2024-07-22,1496.2708740234375,1520.021205357143,1486.7707414899553,1520.021205357143,16838600
2024-07-23,1496.2708740234375,1510.5210728236607,1486.7707414899553,1486.7707414899553,14509200
2024-07-24,1496.2708740234375,1505.7710065569197,1486.7707414899553,1501.0209402901785,15333000
2024-07-25,1510.5211181640625,1515.2711845733834,1477.2706532988157,1501.0209853454205,18442600
2024-07-26,1496.2708740234375,1520.021205357143,1491.5208077566965,1520.021205357143,27215900
2024-07-29,1482.020751953125,1496.2709514911357,1467.7705524151143,1496.2709514911357,34373400
2024-07-30,1486.770751953125,1491.5208182532947,1463.0204204522763,1491.5208182532947,18284100
2024-07-31,1510.5211181640625,1529.5213838013462,1482.0207197081368,1491.5208525267785,39831000
2024-08-01,1567.52197265625,1586.5222389914773,1510.5211736505682,1510.5211736505682,68481800
2024-08-02,1558.021728515625,1567.5218610065738,1534.2713972882527,1567.5218610065738,30857100
2024-08-05,1548.5216064453125,1553.271672722752,1520.021208780675,1539.0214738904333,18928900
2024-08-06,1562.7718505859375,1577.022049831402,1543.7715849253182,1567.5219170010923,34238100
2024-08-07,1567.52197265625,1577.0221058238637,1553.2717729048297,1553.2717729048297,18663700
2024-08-08,1572.2718505859375,1596.0221806552115,1562.771718558228,1562.771718558228,39547500
2024-08-09,1581.7720947265625,1600.7723601286834,1572.271962025502,1577.0220283760323,28726400
2024-08-12,1586.5220947265625,1596.0222270303143,1567.5218301190587,1586.5220947265625,24929900
2024-08-13,1581.7720947265625,1596.0222937781532,1572.271962025502,1596.0222937781532,23657700
2024-08-14,1596.0223388671875,1605.522471836635,1572.2720064435687,1577.0220729282923,85483000
2024-08-15,1586.5220947265625,1596.0222270303143,1562.7717639671828,1586.5220947265625,33440700
2024-08-16,1567.52197265625,1605.5225053267047,1558.0218394886365,1605.5225053267047,20882800
2024-08-19,1529.5213623046875,1572.2719593877378,1520.0212296195652,1548.521627674932,36968000
2024-08-20,1615.0224609375,1634.0227251838237,1539.021403952206,1543.771470013787,48149200
2024-08-21,1643.52294921875,1662.5232145276373,1624.5226839098627,1657.7731482004153,27468300
2024-08-22,1638.77294921875,1662.5232818161232,1619.7726831408515,1624.522749660326,39387100
2024-08-23,1634.0228271484375,1662.5232252963754,1619.7726280744687,1662.5232252963754,14712400
2024-08-26,1643.52294921875,1662.5232145276373,1619.7726175826408,1619.7726175826408,36332700
2024-08-27,1653.0230712890625,1676.7734027731008,1629.2727398050242,1643.5229386954472,41882400
2024-08-28,1638.77294921875,1705.273880491395,1638.77294921875,1681.5235478940217,29151100
2024-08-29,1615.0224609375,1662.523121553309,1610.2723948759192,1662.523121553309,18397600
2024-08-30,1567.52197265625,1615.0226384943182,1553.2717729048297,1615.0226384943182,76268200
2024-09-02,1596.0223388671875,1610.2725383213588,1567.5219399588448,1567.5219399588448,19751100
2024-09-03,1596.0223388671875,1619.7726712908063,1562.771873474121,1596.0223388671875,27745900
2024-09-04,1643.52294921875,1653.0230818731936,1596.0222859465318,1610.2724849281972,18218900
2024-09-05,1605.5224609375,1672.0233912721894,1605.5224609375,1643.5229925573226,29701400
2024-09-06,1624.522705078125,1700.5237673040021,1605.5224395216558,1605.5224395216558,38817500
2024-09-09,1653.0230712890625,1667.2732701794853,1624.5226735082165,1624.5226735082165,32323400
2024-09-10,1653.0230712890625,1695.7736679603313,1643.5229386954472,1686.273535366716,37848800
2024-09-11,1634.0228271484375,1662.5232252963754,1619.7726280744687,1648.2730262224065,12867500
2024-09-12,1653.0230712890625,1667.2732701794853,1624.5226735082165,1624.5226735082165,22782500
2024-09-13,1619.7725830078125,1648.2729803627888,1615.0225167819833,1648.2729803627888,26363700
2024-09-17,1619.7725830078125,1643.5229141369593,1619.7725830078125,1624.522649233642,11301100
2024-09-18,1662.523193359375,1662.523193359375,1619.7725969587054,1619.7725969587054,17766800
2024-09-19,1643.52294921875,1676.7734135093028,1638.772882891528,1676.7734135093028,36027300
2024-09-20,1634.0228271484375,1662.5232252963754,1615.022561716479,1643.5229598644169,53855900
2024-09-23,1648.27294921875,1676.7733460352126,1638.7728169465959,1657.7730814909044,26807400
2024-09-24,1657.7730712890625,1667.2732035027534,1619.7725424342989,1643.5228729685261,50069500
2024-09-25,1653.0230712890625,1672.023336476293,1629.2727398050242,1672.023336476293,43953100
2024-09-26,1653.0230712890625,1667.2732701794853,1643.5229386954472,1667.2732701794853,43183000
2024-09-27,1648.27294921875,1662.5231476269814,1634.0227508105188,1662.5231476269814,26166200
2024-09-30,1638.77294921875,1662.5232818161232,1629.2728161798007,1662.5232818161232,32208200
2024-10-01,1653.0230712890625,1662.5232038826778,1629.2727398050242,1638.7728723986395,17776300
2024-10-02,1638.77294921875,1643.5230157382246,1624.522749660326,1634.0228826992754,34292400
2024-10-03,1653.0230712890625,1657.77313758587,1634.0228061018317,1638.7728723986395,29339700
2024-10-04,1653.0230712890625,1657.77313758587,1638.7728723986395,1653.0230712890625,23888900
2024-10-07,1643.52294921875,1657.7731482004153,1634.0228165643064,1643.52294921875,15628300
2024-10-08,1615.0224609375,1643.5228573069853,1591.2721306295957,1643.5228573069853,29450900
2024-10-09,1586.5220947265625,1610.2724254859422,1572.2718962709348,1610.2724254859422,22130300
2024-10-10,1567.52197265625,1591.2723055752842,1539.0215731534092,1581.7721724076705,20146400
2024-10-11,1634.0228271484375,1634.0228271484375,1572.271964494572,1596.0222962845205,21201000
2024-10-14,1629.272705078125,1653.0230360559403,1610.272440295873,1634.022771273688,14663800
2024-10-15,1662.523193359375,1667.273259626116,1629.2727294921874,1629.2727294921874,40200700
2024-10-16,1643.52294921875,1681.5234798365245,1638.772882891528,1681.5234798365245,23659600
2024-10-17,1605.5224609375,1648.2730590098004,1605.5224609375,1643.5229925573226,30025500
2024-10-18,1629.272705078125,1629.272705078125,1596.0222417091838,1615.022506491436,26148500
2024-10-21,1577.02197265625,1634.0227668486446,1577.02197265625,1629.272700665945,28486500
2024-10-22,1596.0223388671875,1624.52273777553,1577.0220729282923,1586.52220589774,39527600
2024-10-23,1591.272216796875,1605.522415753265,1577.0220178404852,1596.0222831156716,17965800
2024-10-24,1562.7718505859375,1591.2722490768663,1558.0217841707827,1591.2722490768663,14515800
2024-10-25,1539.021484375,1572.2719485435957,1539.021484375,1572.2719485435957,24172100
2024-10-28,1548.5216064453125,1558.0217390001917,1529.521341335554,1543.771540167873,21951600
2024-10-29,1534.2713623046875,1562.7717591276848,1520.0211638931887,1558.0216929905184,24616400
2024-10-30,1524.7713623046875,1534.2714954031592,1496.270963009273,1534.2714954031592,35374700
2024-10-31,1534.2713623046875,1548.521560716186,1510.5210316188563,1524.7712300303551,32896000
2024-11-01,1491.5208740234375,1534.2714723234724,1482.0207410678743,1529.5214058456907,47179900
2024-11-04,1510.5211181640625,1529.5213838013462,1496.2709189360996,1501.0209853454205,30367700
2024-11-05,1520.021240234375,1539.0215057373048,1510.52110748291,1524.7713066101073,27950900
2024-11-06,1510.5211181640625,1534.2714502106671,1505.7710517547414,1534.2714502106671,35557100
2024-11-07,1491.5208740234375,1524.7713393679091,1491.5208740234375,1510.5211399345642,31997100
2024-11-08,1463.0203857421875,1496.2708490545099,1453.5202533672382,1491.5207828670352,32730500
2024-11-11,1434.52001953125,1467.77048356012,1410.769688082057,1463.0204172702813,47392200
2024-11-12,1425.0198974609375,1444.0201627604167,1415.519764811198,1425.0198974609375,34349300
2024-11-13,1425.0198974609375,1439.270096435547,1406.0196321614583,1425.0198974609375,21328400
2024-11-14,1377.519287109375,1415.5198191675647,1377.519287109375,1410.769752660291,45388000
2024-11-15,1349.018798828125,1382.2692621795225,1349.018798828125,1363.2689974072953,42311800
2024-11-18,1363.26904296875,1363.26904296875,1344.26877756152,1344.26877756152,32904100
2024-11-19,1353.768798828125,1382.2691945929275,1353.768798828125,1363.268930749726,30992400
2024-11-20,1391.7694091796875,1406.01960790849,1358.518945479149,1358.518945479149,29233300
2024-11-21,1377.519287109375,1453.5203512257542,1372.7692206021013,1401.2696196457437,45074800
2024-11-22,1396.51953125,1415.5197969812925,1377.5192655187075,1382.2693319515306,21926100
2024-11-25,1425.0198974609375,1448.7702290852865,1410.769698486328,1425.0198974609375,260635400
2024-11-26,1406.0196533203125,1463.0204500765415,1406.0196533203125,1444.0201844911317,27441400
2024-11-28,1420.2698974609375,1444.020230194398,1410.7697643675533,1425.0199640076296,31493700
2024-11-29,1425.0198974609375,1453.5202954101562,1425.0198974609375,1425.0198974609375,26937300
2024-12-02,1401.26953125,1429.7699284957628,1401.26953125,1420.2697960805085,23689200
2024-12-03,1406.0196533203125,1415.5197861130173,1382.2693213385505,1401.26958692396,27013500
2024-12-04,1410.769775390625,1425.0199751420455,1401.2696422230115,1410.769775390625,39806500
2024-12-05,1429.7698974609375,1429.7698974609375,1401.2695008338092,1410.7696330428519,27924000
2024-12-06,1391.7694091796875,1429.7699391231604,1391.7694091796875,1429.7699391231604,31354700
2024-12-09,1410.769775390625,1434.5201083096592,1401.2696422230115,1406.0197088068182,36920200
2024-12-10,1429.7698974609375,1429.7698974609375,1396.519434729288,1415.5196991473733,30932300
2024-12-11,1429.7698974609375,1448.7701618790231,1420.2697652518948,1429.7698974609375,27058500
2024-12-12,1382.2694091796875,1444.0202762564431,1358.5190756886275,1429.7700761618073,47343600
2024-12-13,1372.7691650390625,1391.7694302991188,1358.5189660940202,1387.0193639841048,30597900
2024-12-16,1368.0191650390625,1377.5192981296116,1349.0188988579644,1372.7692315843371,38742700
2024-12-17,1330.0185546875,1372.7691510881696,1311.0182896205358,1368.0190848214286,20721100
2024-12-18,1311.018310546875,1358.5189739724863,1287.2679788340693,1349.018841287364,32062400
2024-12-19,1254.0174560546875,1306.2681833902996,1225.5170593261719,1306.2681833902996,53629000
2024-12-20,1211.266845703125,1258.7675063189338,1182.7664493336397,1244.5173081341914,116319600
2024-12-23,1263.5177001953125,1263.5177001953125,1201.7668351481732,1216.017034774436,44241100
2024-12-24,1330.0185546875,1334.768620954241,1239.7672956194197,1263.517626953125,21049300
2024-12-27,1287.2679443359375,1334.768606488555,1268.2676794748904,1330.0185402732932,38834800
2024-12-30,1292.01806640625,1320.5184649299172,1273.017800723805,1292.01806640625,43195600
2025-01-02,1273.017822265625,1306.2682877725629,1273.017822265625,1301.5182212715717,14746400
2025-01-03,1258.767578125,1292.0180424528303,1249.2674454599057,1277.7678434551888,25497900
2025-01-06,1216.0169677734375,1273.0177631378174,1216.0169677734375,1263.5176305770874,22169200
2025-01-07,1225.51708984375,1249.2674210422722,1216.0169573643411,1216.0169573643411,19463100
2025-01-08,1211.266845703125,1244.5173081341914,1206.5167796415442,1235.0171760110295,32640900
2025-01-09,1206.516845703125,1220.7670446681225,1192.2666467381273,1211.2669120247908,19039900
2025-01-10,1197.0167236328125,1206.516856360057,1182.7665245419457,1206.516856360057,34369300
2025-01-13,1201.7667236328125,1216.016921936759,1182.7664592275505,1197.016657531497,28554700
2025-01-14,1163.7662353515625,1206.516831752232,1163.7662353515625,1201.766765485491,25570500
2025-01-15,1192.2667236328125,1206.51692351687,1182.7665903767743,1182.7665903767743,27373400
2025-01-16,1173.266357421875,1201.7667547681554,1173.266357421875,1197.0166885437752,26983900
2025-01-17,1163.7662353515625,1178.0164341517857,1149.5160365513393,1178.0164341517857,28924700
2025-01-20,1159.0162353515625,1173.2664349665408,1154.2661688132364,1163.7663018898886,17223300
2025-01-21,1178.0164794921875,1182.7665459417528,1159.0162136939264,1163.7662801434917,39341900
2025-01-22,1197.0167236328125,1197.0167236328125,1173.2663918147011,1178.0164581783233,31461300
2025-01-23,1173.266357421875,1201.7667547681554,1173.266357421875,1197.0166885437752,16196600
2025-01-24,1159.0162353515625,1192.266701119845,1159.0162353515625,1187.516634581519,21583000
2025-01-30,1173.266357421875,1178.0164236462551,1135.2658276268346,1159.0161587487348,28410500
2025-01-31,1201.7667236328125,1201.7667236328125,1178.0163931262352,1178.0163931262352,15686200
2025-02-03,1140.015869140625,1201.7667287190754,1125.7656707763672,1192.266596476237,27741200
2025-02-04,1187.5166015625,1201.76680078125,1163.76626953125,1168.5163359375,27751900
2025-02-05,1149.51611328125,1187.5166459517045,1149.51611328125,1173.2664462002842,35245500
2025-02-06,1235.017333984375,1235.017333984375,1168.5164006159857,1168.5164006159857,50754500
2025-02-07,1201.7667236328125,1258.767516848598,1182.7664592275505,1244.5173185446517,51937400
2025-02-10,1254.0174560546875,1263.5175882975261,1178.0163981119792,1201.7667287190754,47231200
2025-02-11,1187.5166015625,1258.76759765625,1187.5166015625,1254.01753125,34737600
2025-02-12,1220.76708984375,1225.5171563411964,1192.2666908590709,1192.2666908590709,23966600
2025-02-13,1225.51708984375,1244.5173548025678,1211.2668911246367,1220.7670236040456,23376500
2025-02-14,1225.51708984375,1235.0172223231589,1216.0169573643411,1225.51708984375,30724900
2025-02-17,1220.76708984375,1230.267222838643,1211.266956848857,1225.5171563411964,11683600
2025-02-18,1230.2672119140625,1239.7673448245957,1211.2669460929958,1225.5171454587958,29474700
2025-02-19,1173.266357421875,1235.0172183388158,1168.5162911974949,1230.2671521144357,43136000
2025-02-20,1149.51611328125,1187.5166459517045,1140.0159801136365,1182.7665793678977,41528100
2025-02-21,1159.0162353515625,1173.2664349665408,1149.5161022749103,1149.5161022749103,44742900
2025-02-24,1149.51611328125,1168.5163796164773,1140.0159801136365,1159.0162464488637,29051600
2025-02-25,1102.015380859375,1149.5160438274515,1097.2653145625673,1144.7659775306438,29002100
2025-02-26,1125.7657470703125,1135.2658799569817,1111.5155477403084,1111.5155477403084,34121600
2025-02-27,1083.01513671875,1149.5160661663924,1068.764937551398,1135.2658669990406,45990500
2025-02-28,1026.0142822265625,1097.2652740478516,1011.7640838623047,1092.5152079264324,120318100
2025-03-03,1054.5146484375,1068.7648463893581,1040.2644504856419,1064.0147804054054,69021200
2025-03-04,1054.5146484375,1073.5149123733108,1035.5143845016892,1054.5146484375,61796300
2025-03-05,1035.514404296875,1059.2647346706565,1016.5141399978497,1054.5146685959003,68134600
2025-03-06,1092.5152587890625,1102.0153914741848,1045.014595363451,1049.7646617060122,94422400
2025-03-07,1102.015380859375,1102.015380859375,1073.514983078529,1092.5152482657597,70165600
2025-03-10,1026.0142822265625,1092.5152079264324,1026.0142822265625,1092.5152079264324,64822400
2025-03-11,1007.0140380859375,1016.5141705207105,997.5139056511645,1007.0140380859375,49708100
2025-03-12,1016.5142211914062,1030.7644205539025,1007.0140882830754,1016.5142211914062,61160600
2025-03-13,1030.764404296875,1030.764404296875,1002.2640060213853,1016.5142051591301,48437200
2025-03-14,997.513916015625,1030.7643798828126,988.0137834821429,1030.7643798828126,38546500
2025-03-17,1007.0140380859375,1011.764104303324,992.763839433778,1002.263971868551,36823400
2025-03-18,964.2634887695312,1011.7641532409367,935.763090086688,1011.7641532409367,65897200
2025-03-19,978.513671875,983.2637382433252,959.513406401699,969.0135391383495,77682000
2025-03-20,1035.514404296875,1035.514404296875,978.5136113997993,978.5136113997993,54985600
2025-03-21,1064.0147705078125,1068.7648364475795,1011.7640451703753,1030.7643089294434,100617100
2025-03-24,1049.7646484375,1064.0148472850678,1030.7643833074094,1054.5147147200225,37714500
2025-03-25,1078.26513671875,1087.7652700819108,1049.7647366292676,1059.2648699924284,51446800
2025-03-26,1045.0146484375,1068.7649813565342,1040.2645818536932,1068.7649813565342,56225800
2025-03-27,1078.26513671875,1078.26513671875,1030.764469902946,1045.0146699476873,49328700
2025-04-08,1002.2640380859375,1002.2640380859375,940.5131731801689,973.7636388986597,79017500
2025-04-09,1049.7646484375,1064.0148472850678,997.513919329751,997.513919329751,57273200
2025-04-10,1087.7652587890625,1092.5153254213292,1054.514792363196,1068.764992259996,59919800
2025-04-11,1121.0157470703125,1130.515880520061,1083.015213271319,1087.7652799961932,48934700
2025-04-14,1178.0164794921875,1178.0164794921875,1130.5158149965348,1140.0159478956652,62712300
2025-04-15,1135.265869140625,1182.7665331214043,1106.7654707521574,1178.0164667233264,62264800
2025-04-16,1192.2667236328125,1192.2667236328125,1140.0159907246016,1140.0159907246016,36807400
2025-04-17,1140.015869140625,1197.0166625976562,1125.7656707763672,1192.266596476237,43557100
2025-04-21,1163.7662353515625,1163.7662353515625,1121.015638950893,1140.015904017857,27306800
2025-04-22,1140.015869140625,1163.7661997477214,1125.7656707763672,1159.016133626302,36425000
2025-04-23,1216.0169677734375,1216.0169677734375,1154.2661061286926,1154.2661061286926,57924400
2025-04-24,1201.7667236328125,1235.0171863420208,1168.5162609236042,1230.2671202407053,43000100
2025-04-25,1178.0164794921875,1206.516878189579,1173.2664130426222,1201.766811740014,34274700
2025-04-28,1197.0167236328125,1225.517121814546,1173.2663918147011,1187.516590905568,35812200
2025-04-29,1197.0167236328125,1216.0169890873017,1197.0167236328125,1206.516856360057,18816100
2025-04-30,1296.76806640625,1306.2681987608746,1201.7667428600046,1201.7667428600046,80081900
2025-05-02,1249.2674560546875,1287.2679870373395,1249.2674560546875,1273.017787918845,28583800
2025-05-05,1320.5184326171875,1349.0188304434578,1254.0175043558904,1254.0175043558904,53736700
2025-05-06,1339.5186767578125,1358.518941676363,1292.0180144614362,1325.2684780688996,39508900
2025-05-07,1334.7686767578125,1368.0191420151245,1315.7684108964913,1358.519009084464,40719000
2025-05-08,1368.0191650390625,1368.0191650390625,1292.0181003146702,1339.5187657674155,51958600
2025-05-09,1377.519287109375,1382.2693536166487,1349.0188880657329,1377.519287109375,32101300
2025-05-14,1406.0196533203125,1434.5200516984269,1368.0191221494931,1377.5192549421981,50685500
2025-05-15,1448.770263671875,1448.770263671875,1391.7694664126536,1406.019665727459,52005200
2025-05-16,1429.7698974609375,1472.52049240163,1410.7696330428519,1472.52049240163,32918800
2025-05-19,1382.2694091796875,1429.7700761618073,1382.2694091796875,1425.0200094635952,34073200
2025-05-20,1425.0198974609375,1463.0204280598957,1406.0196321614583,1410.769698486328,42540900
2025-05-21,1453.5203857421875,1486.770852082695,1429.770052641825,1463.0205189823325,41062800
2025-05-22,1368.0191650390625,1448.7702963087295,1368.0191650390625,1444.0202297634548,72142000
2025-05-23,1387.019287109375,1401.2694852646082,1363.2689568506528,1363.2689568506528,51529300
2025-05-26,1444.0201416015625,1458.2703403673675,1396.5194790488795,1401.2695453041479,44934900
2025-05-27,1491.5208740234375,1491.5208740234375,1448.7702757234026,1463.0204751567476,46620000
2025-05-28,1439.2701416015625,1491.5208728148205,1420.2698757058322,1491.5208728148205,162559500
2025-06-02,1482.020751953125,1486.7708184657952,1401.2696212377302,1406.0196877504006,62511300
2025-06-03,1472.5205078125,1505.7709708921373,1453.5202431955645,1482.0206401209678,41513300
2025-06-04,1556.164306640625,1556.164306640625,1483.2191047668457,1507.5341720581055,55364000
2025-06-05,1556.164306640625,1556.164306640625,1502.6711585998535,1551.301293182373,34653900
2025-06-10,1536.7122802734375,1551.3013209089447,1507.5341990024228,1551.3013209089447,40629100
2025-06-11,1497.8082275390625,1536.7123373452719,1483.219186361734,1536.7123373452719,38326400
2025-06-12,1492.9451904296875,1507.5342313785118,1483.2191631304713,1497.8082040792956,31893000
2025-06-13,1488.0821533203125,1512.3972211850235,1468.6300990285436,1488.0821533203125,78871400
2025-06-16,1488.0821533203125,1502.671194039139,1468.6300990285436,1483.2191397473703,27361800
2025-06-17,1551.3013916015625,1551.3013916015625,1463.7671437995934,1478.3561850999217,25995500
2025-06-18,1507.5341796875,1536.7122605846776,1488.0821257560485,1526.9862336189517,29411300
2025-06-19,1473.4931640625,1512.3972740047443,1468.6301503197194,1507.5342602619637,29501400
2025-06-20,1458.904052734375,1488.0821337890625,1444.3150122070313,1468.6300797526042,62568700
2025-06-23,1390.8218994140625,1458.9040902944712,1376.2328585111177,1458.9040902944712,44385700
2025-06-24,1454.041015625,1468.630055915552,1410.2738947533446,1410.2738947533446,37331600
2025-06-25,1497.8082275390625,1497.8082275390625,1410.2739804750913,1497.8082275390625,23007500
2025-06-26,1473.4931640625,1483.219191548061,1420.0000128919141,1483.219191548061,30150200
2025-06-30,1483.2191162109375,1526.9862376728995,1458.9040487320697,1526.9862376728995,45070900
2025-07-01,1478.356201171875,1488.0822288111638,1458.9041458932977,1468.6301735325862,19239300
2025-07-02,1468.630126953125,1483.219167949348,1429.7260176298635,1473.4931406185328,32190200
2025-07-03,1517.26025390625,1517.26025390625,1468.630117563101,1473.4931311974158,17692800
2025-07-04,1473.4931640625,1522.1233014903053,1473.4931640625,1517.2602877475247,8125900
2025-07-07,1458.904052734375,1473.4930932617187,1439.4519986979167,1473.4930932617187,18135700
2025-07-08,1458.904052734375,1458.904052734375,1429.7259716796875,1449.1780257161458,17530400
2025-07-09,1468.630126953125,1483.219167949348,1434.589031295271,1458.9040996223096,65326300
2025-07-10,1463.76708984375,1473.4931170187915,1454.0410626687085,1468.6301034312708,17066700
2025-07-11,1551.3013916015625,1551.3013916015625,1449.1781024992654,1463.7671437995934,32423100
2025-07-14,1517.26025390625,1546.4383357121394,1468.630117563101,1546.4383357121394,40882700
2025-07-15,1488.0821533203125,1517.2602347579657,1468.6300990285436,1517.2602347579657,16552200
2025-07-16,1468.630126953125,1497.8082089455713,1468.630126953125,1497.8082089455713,15518200
2025-07-17,1463.76708984375,1483.219144193833,1454.0410626687085,1478.3561306063123,16505200
2025-07-18,1468.630126953125,1517.260263607202,1458.9040996223096,1473.4931406185328,26728200
2025-07-21,1463.76708984375,1478.3561306063123,1434.5890083186255,1478.3561306063123,20593200
2025-07-22,1420.0,1463.7671232876712,1420.0,1458.9041095890411,16426800
2025-07-23,1454.041015625,1454.041015625,1405.4108813231605,1434.5889619042644,12421000
2025-07-24,1468.630126953125,1468.630126953125,1434.589031295271,1454.041085956902,36113700
2025-07-25,1444.3150634765625,1463.7671182035197,1434.589036113084,1463.7671182035197,29346100
2025-07-28,1434.5889892578125,1458.9040568723517,1419.999948689089,1444.3150163036282,16114600
2025-07-29,1449.1781005859375,1463.767141867004,1424.86303178416,1439.4520730652266,21654100
2025-07-30,1444.3150634765625,1468.6301318852588,1434.589036113084,1449.1780771583017,18006500
2025-07-31,1390.8218994140625,1439.4520357572114,1390.8218994140625,1439.4520357572114,36989700
2025-08-01,1390.8218994140625,1395.6849130483774,1366.506831242488,1390.8218994140625,77411800
2025-08-04,1376.23291015625,1395.6849654234761,1351.9178410722175,1390.8219516066697,43961200
2025-08-05,1376.23291015625,1390.8219516066697,1361.6438687058305,1376.23291015625,15900700
2025-08-06,1356.78076171875,1395.6848695816534,1356.78076171875,1381.0958291330646,27885600
2025-08-07,1342.1917724609375,1361.6438271342845,1327.6027314559274,1356.7808134659479,30437600
2025-08-08,1337.3287353515625,1351.9177761008523,1313.0136674360795,1351.9177761008523,31285900
2025-08-11,1332.4656982421875,1347.0547387338902,1313.0136442532505,1337.3287117394218,48976400
2025-08-12,1342.1917724609375,1356.7808134659479,1317.8767041192539,1322.7397177875907,39294900
2025-08-13,1361.643798828125,1371.3698259626115,1342.1917445591516,1342.1917445591516,58057200
2025-08-14,1395.6849365234375,1410.273977671766,1347.054799362342,1361.6438405106708,105068500
2025-08-15,1347.0548095703125,1385.9589195940039,1347.0548095703125,1381.0959058410424,63199000
2025-08-19,1327.6026611328125,1351.917728186527,1327.6026611328125,1337.3286879542984,47228800
2025-08-20,1361.643798828125,1366.5068123953683,1313.0136631556918,1327.6027038574218,61840200
2025-08-21,1371.369873046875,1376.2328867810838,1351.91781811004,1361.6438455784573,25083300
2025-08-22,1317.876708984375,1371.3698595335563,1298.4246542392182,1356.7808184746887,84423900
2025-08-25,1264.383544921875,1327.6027221679688,1264.383544921875,1322.7397085336538,55259900
2025-08-26,1254.657470703125,1274.109524512476,1230.3424034414365,1264.3834976078003,226638000
2025-08-27,1254.657470703125,1283.8355514171512,1240.0684303461119,1240.0684303461119,91193200
2025-08-28,1235.2054443359375,1278.972566379337,1235.2054443359375,1269.2465392585816,64079300
2025-08-29,1181.7122802734375,1230.342415264114,1181.7122802734375,1220.6163882659787,114238800
2025-09-01,1142.8082275390625,1162.2602824758976,1099.0411039311834,1108.767131399601,163562600
2025-09-02,1128.2191162109375,1157.3971968025996,1123.3561027789938,1142.8081565067687,92292500
2025-09-03,1147.6712646484375,1167.123319981462,1137.9452369819253,1142.8082508151815,161024600
2025-09-04,1147.6712646484375,1171.986333814718,1137.9452369819253,1167.123319981462,93346300
2025-09-08,1118.4931640625,1162.2602878736413,1118.4931640625,1152.5342603600543,100014900
2025-09-09,1108.76708984375,1128.219144051535,1084.4520220840186,1113.6301033956963,106777100
2025-09-10,1128.2191162109375,1133.0821296428812,1103.904049051219,1108.7670624831628,63404200
2025-09-11,1167.123291015625,1181.7123321533202,1137.9452087402344,1142.8082224527996,107859700
2025-09-12,1147.6712646484375,1171.986333814718,1142.8082508151815,1167.123319981462,59780200
2025-09-15,1142.8082275390625,1162.2602824758976,1133.0822000706448,1152.53425500748,47783400
2025-09-16,1157.397216796875,1157.397216796875,1133.0821492171087,1147.6711897649684,45211600
2025-09-17,1157.397216796875,1162.2602303128283,1142.808176249015,1157.397216796875,33420100
2025-09-18,1128.2191162109375,1162.2602102345434,1123.3561027789938,1162.2602102345434,42359400
2025-09-19,1147.6712646484375,1147.6712646484375,1123.356195482157,1128.219209315413,56164100
2025-09-22,1147.6712646484375,1157.3972923149497,1133.0822231486693,1147.6712646484375,54722600
2025-09-23,1157.397216796875,1157.397216796875,1142.808176249015,1147.6711897649684,45133400
2025-09-24,1133.0821533203125,1157.3972209881304,1133.0821533203125,1157.3972209881304,45664900
2025-09-25,1113.630126953125,1137.9451952272107,1108.767113298308,1133.0821815723937,67569400
2025-09-26,1133.0821533203125,1142.8081803874395,1113.630099186058,1113.630099186058,37088000
2025-09-29,1089.3150634765625,1137.945200238909,1089.3150634765625,1133.0821865626742,67023000
2025-09-30,1099.0411376953125,1099.0411376953125,1079.5890821608823,1099.0411376953125,72629000
2025-10-01,1069.863037109375,1108.767147549716,1069.863037109375,1103.9041337446733,64880000
2025-10-02,1069.863037109375,1099.0411199396306,1060.1370094992897,1084.452078524503,52394800
2025-10-03,1050.410888671875,1084.4519822862412,1045.547875298394,1069.8629421657986,64037200
2025-10-06,1040.6849365234375,1065.0000051337981,1026.0958953572213,1050.410963967582,89645000
2025-10-07,1030.9588623046875,1064.999956814748,1030.9588623046875,1040.684889307562,77283300
2025-10-08,1030.9588623046875,1040.684889307562,1021.232835301813,1030.9588623046875,42761000
2025-10-09,1055.27392578125,1060.136939264113,1035.8218718497985,1035.8218718497985,48770900
2025-10-10,1055.27392578125,1084.4520066784276,1040.6848853326615,1060.136939264113,58140600
2025-10-13,1055.27392578125,1084.4520066784276,1026.0958448840727,1035.8218718497985,66540900
2025-10-14,1026.0958251953125,1079.5889724803762,1026.0958251953125,1064.9999323117224,55476800
2025-10-15,1055.27392578125,1060.136939264113,1026.0958448840727,1035.8218718497985,100033400
2025-10-16,1157.397216796875,1157.397216796875,1064.999959993763,1069.8629735097163,144767000
2025-10-17,1157.397216796875,1157.397216796875,1108.7670816373425,1157.397216796875,92124900
2025-10-20,1167.123291015625,1191.4383595784504,1133.0821950276693,1167.123291015625,102938300
2025-10-21,1186.5753173828125,1196.3013445744748,1157.3972358078254,1196.3013445744748,61675400
2025-10-22,1147.6712646484375,1181.7123614812301,1147.6712646484375,1167.123319981462,47977900
2025-10-23,1152.5341796875,1176.8492467695148,1133.0821260218881,1133.0821260218881,42036800
2025-10-24,1191.4383544921875,1249.7945187938458,1152.5342449577488,1152.5342449577488,136374100
2025-10-27,1240.0684814453125,1254.6575224034927,1186.5753312653187,1206.0273858762255,147021500
2025-10-28,1293.5616455078125,1308.1506866225623,1240.06849475373,1254.6575358684797,131078000
2025-10-29,1288.6986083984375,1303.287649248231,1274.1095675486438,1298.4246356316332,49672400
2025-10-30,1278.9725341796875,1303.2876013694154,1264.3834938658508,1283.835547617633,51262000
2025-10-31,1240.0684814453125,1288.6986179725798,1210.8903995289522,1278.9725906671263,77521700
2025-11-03,1215.75341796875,1259.520541015625,1210.890404296875,1240.068486328125,47089200
2025-11-04,1191.4383544921875,1225.4794503348214,1167.1232860331634,1206.027395567602,82252800
2025-11-05,1283.8355712890625,1283.8355712890625,1181.7122872092507,1191.4383142644708,113133900
2025-11-06,1215.75341796875,1274.10958203125,1215.75341796875,1259.520541015625,148218800
2025-11-07,1230.3424072265625,1264.383501497653,1220.616380291965,1220.616380291965,103737300
2025-11-10,1235.2054443359375,1259.520512137826,1235.2054443359375,1244.931471456693,55426800
2025-11-11,1249.7945556640625,1254.6575694993312,1215.7534588171814,1254.6575694993312,51423600
2025-11-12,1230.3424072265625,1274.1095284322505,1230.3424072265625,1249.794461095757,46610400
2025-11-13,1249.7945556640625,1259.5205833346,1240.068527993525,1244.9315418287938,36067000
2025-11-14,1201.164306640625,1259.520467287133,1196.301293253416,1254.6574538999241,80370400
2025-11-17,1191.4383544921875,1220.6164366430166,1191.4383544921875,1201.1643818757973,50255000
2025-11-18,1147.6712646484375,1201.1644168142545,1147.6712646484375,1191.4383891477423,127789000
2025-11-19,1196.3013916015625,1210.890432962557,1162.260295092575,1167.1233088795732,152788800
2025-11-20,1176.8492431640625,1210.8903369745933,1167.123216361054,1196.3012967700802,91578500
2025-11-21,1176.8492431640625,1196.3012967700802,1157.397189558045,1167.123216361054,130150400
2025-11-24,1137.9451904296875,1186.5753267728364,1137.9451904296875,1167.123272235577,1980522600
2025-11-25,1196.3013916015625,1206.0274191755589,1142.808239944582,1147.6712537315802,382404300
2025-11-26,1220.616455078125,1244.9315239043824,1191.438372486616,1201.1644000171189,156911100
2025-11-27,1191.4383544921875,1225.4794503348214,1186.5753408003827,1220.6164366430166,118868900
2025-11-28,1167.123291015625,1206.0274007161458,1167.123291015625,1196.3013732910156,102883300
2025-12-01,1171.986328125,1186.575369553942,1157.397286696058,1167.1233143153527,55450200
2025-12-02,1108.76708984375,1171.9862660190515,1084.4520220840186,1167.1232524671052,376504800
2025-12-03,1142.8082275390625,1152.53425500748,1108.767131399601,1118.4931588680186,159365800
2025-12-04,1157.397216796875,1171.9862573447347,1128.2191357011554,1152.5342032809217,117885800
2025-12-05,1128.2191162109375,1162.2602102345434,1123.3561027789938,1157.3971968025996,66764200
2025-12-08,1157.397216796875,1162.2602303128283,1128.2191357011554,1142.808176249015,85060100
2025-12-09,1137.9451904296875,1167.123272235577,1123.3561495267427,1167.123272235577,128666300
2025-12-10,1142.8082275390625,1147.6712412732713,1128.2191863364362,1137.9452138048537,76714900
2025-12-11,1103.904052734375,1137.9451468715583,1103.904052734375,1128.2191199752203,61058000
2025-12-12,1128.2191162109375,1137.945143074825,1099.0410356192754,1123.3561027789938,40485600
2025-12-15,1186.5753173828125,1196.3013445744748,1133.0821678286693,1142.8081950203316,143415000
2025-12-16,1167.123291015625,1191.4383595784504,1142.8082224527996,1191.4383595784504,84031800
2025-12-17,1191.4383544921875,1191.4383544921875,1167.1232860331634,1171.9862997249681,67928600
2025-12-18,1191.4383544921875,1220.6164366430166,1176.849313416773,1181.712327108578,88737900
2025-12-19,1167.123291015625,1196.3013732910156,1167.123291015625,1191.4383595784504,59204600
2025-12-22,1191.4383544921875,1191.4383544921875,1167.1232860331634,1176.849313416773,38199100
2025-12-23,1181.7122802734375,1186.5752937725051,1162.2602262771668,1181.7122802734375,33588200
2025-12-24,1176.8492431640625,1196.3012967700802,1162.2602029595494,1162.2602029595494,40215200
2025-12-29,1196.3013916015625,1206.0274191755589,1162.260295092575,1181.7123502405677,45958800
2025-12-30,1171.986328125,1196.3013971732366,1167.1233143153527,1196.3013971732366,29402100
2026-01-02,1171.986328125,1201.1644109828837,1157.397286696058,1181.7123557442947,33532500
2026-01-05,1191.4383544921875,1206.027395567602,1171.9862997249681,1181.712327108578,46518200
2026-01-06,1162.26025390625,1191.438335594273,1162.26025390625,1191.438335594273,56139100
2026-01-07,1162.26025390625,1176.8492947502616,1147.6712130622386,1162.26025390625,66577900
2026-01-08,1157.397216796875,1176.849270860688,1152.5342032809217,1162.2602303128283,40194800
2026-01-09,1152.5341796875,1167.123219936709,1147.671166271097,1167.123219936709,19865000
2026-01-12,1186.5753173828125,1201.164358170306,1157.3972358078254,1157.3972358078254,60842500
2026-01-13,1196.3013916015625,1196.3013916015625,1176.8493364535695,1196.3013916015625,39389900
2026-01-14,1196.3013916015625,1210.890432962557,1176.8493364535695,1196.3013916015625,45697500
2026-01-15,1171.986328125,1210.8904386021784,1167.1233143153527,1196.3013971732366,62817300
2026-01-19,1181.7122802734375,1201.164334269708,1167.1232397762344,1181.7122802734375,59028000
2026-01-20,1157.397216796875,1176.849270860688,1157.397216796875,1171.9862573447347,63111000
2026-01-21,1167.123291015625,1167.123291015625,1147.6712361653645,1162.2602773030599,45022400
2026-01-22,1191.4383544921875,1196.3013681839925,1167.1232860331634,1171.9862997249681,68058100
2026-01-23,1186.5753173828125,1196.3013445744748,1171.986276595319,1191.4383309786438,40388700
2026-01-26,1147.6712646484375,1186.5753753144863,1147.6712646484375,1186.5753753144863,54910900
2026-01-27,1103.904052734375,1152.5341872160654,1079.5889854935297,1152.5341872160654,111926900
2026-01-28,1069.863037109375,1099.0411199396306,1040.6849542791192,1079.58906471946,84670900
2026-01-29,1055.27392578125,1074.7259797127017,982.3287235383065,1055.27392578125,90047800
2026-01-30,1113.630126953125,1118.4931406079422,1060.1369767501365,1064.9999904049537,82357300
2026-02-02,1108.76708984375,1123.3561304995887,1094.1780491879113,1113.6301033956963,81332000
2026-02-03,1118.4931640625,1137.9452190896739,1094.1780952785327,1113.6301503057066,44686600
2026-02-04,1108.76708984375,1128.219144051535,1103.9040762918037,1128.219144051535,45098700
2026-02-05,1084.4520263671875,1128.2191485075673,1084.4520263671875,1108.767094222954,44406000
2026-02-06,1089.3150634765625,1099.0410908290316,1074.7260224478584,1084.4520498003278,33933600
2026-02-09,1074.7259521484375,1099.0410189391262,1060.1369120740244,1099.0410189391262,33061100
2026-02-10,1079.5889892578125,1079.5889892578125,1060.1369353973114,1064.9999488624367,44580100
2026-02-11,1074.7259521484375,1079.5889655065753,1064.999925432162,1079.5889655065753,32635700
2026-02-12,1069.863037109375,1079.58906471946,1065.0000233043324,1074.7260509144176,42552400
2026-02-13,1050.410888671875,1069.8629421657986,1050.410888671875,1064.9999287923176,50565600
2026-02-18,1050.410888671875,1060.136915418837,1045.547875298394,1060.136915418837,35272100
2026-02-19,1050.410888671875,1064.9999287923176,1050.410888671875,1055.273902045356,24202800
2026-02-20,1026.0958251953125,1050.4108921430686,1026.0958251953125,1040.6848653639663,72620200
2026-02-23,1050.410888671875,1064.9999287923176,1026.0958218044705,1030.9588351779514,68164800
2026-02-24,1030.9588623046875,1060.1369433133107,1026.0958488032502,1060.1369433133107,64915700
2026-02-25,1084.4520263671875,1084.4520263671875,1040.6849042268077,1045.5479177979612,78710500
2026-02-26,1045.5479736328125,1084.4520842796148,1045.5479736328125,1084.4520842796148,62743300
2026-02-27,1069.863037109375,1074.7260509144176,1045.547968084162,1055.273995694247,36614300
2026-03-02,1021.2328491210938,1045.5479169573102,1021.2328491210938,1040.684903390067,52038500
2026-03-03,1006.643798828125,1040.6848934744867,1006.643798828125,1021.2328393908515,66036500
2026-03-04,987.1917724609375,1011.5068407481527,977.4657451460515,1011.5068407481527,71675300
2026-03-05,1011.5068359375,1021.2328632061298,996.9177950345553,996.9177950345553,52394200
2026-03-06,996.9177856445312,1011.506826410061,982.3287448790015,1006.643812821551,30081300
2026-03-09,967.7396850585938,977.4657120441072,943.42461759481,972.6026985513505,87464700
2026-03-10,972.6027221679688,987.1917630004882,972.6027221679688,972.6027221679688,33206500
2026-03-11,972.6027221679688,987.1917630004882,967.7397085571289,982.3287493896485,37421700
2026-03-12,972.6027221679688,992.0547766113281,958.0136813354492,972.6027221679688,41169800
2026-03-13,938.5616455078125,972.6027414588731,938.5616455078125,972.6027414588731,32279800
2026-03-16,943.4246215820312,958.0136621219596,933.6985945554123,938.5616080687217,32183000
2026-03-17,958.013671875,992.0547668147208,958.013671875,962.8766854378173,55949700
2026-03-25,967.7396850585938,977.4657120441072,953.1506445803235,972.6026985513505,39170900
2026-03-26,958.013671875,977.465726126269,943.4246311865483,972.6027125634517,33142900
2026-03-27,933.6986083984375,958.0136763254802,923.9725812276205,958.0136763254802,38418400
2026-03-30,914.24658203125,928.8356232338763,909.3835682970412,923.9726094996676,40685700
2026-03-31,943.4246215820312,972.6027026618879,923.9725675287934,923.9725675287934,69203800
2026-04-01,953.1506958007812,972.6027508171238,948.2876820466956,962.8767233089526,21828100
2026-04-02,943.4246215820312,962.876675635269,938.5616080687217,958.0136621219596,17965800
2026-04-06,933.6986083984375,948.2876491546631,928.835594813029,943.4246355692546,17609800
2026-04-07,923.9725952148438,938.5616361919202,914.2465678967928,933.6986225328948,28107800
2026-04-08,958.013671875,958.013671875,928.8355904980964,943.4246311865483,47741700
2026-04-09,953.1506958007812,958.0137095548669,938.5616545385244,953.1506958007812,28820200
2026-04-10,958.013671875,972.6027125634517,943.4246311865483,953.1506583121827,45879800
2026-04-13,953.1506958007812,967.7397370630382,948.2876820466956,958.0137095548669,22636600
2026-04-14,953.1506958007812,972.6027508171238,948.2876820466956,967.7397370630382,31073200
2026-04-15,962.876708984375,977.4657500295929,953.1506816208964,958.0136953026357,75915800
2026-04-16,948.2876586914062,972.6027268629807,948.2876586914062,967.7397132286659,29569300
2026-04-17,933.6986083984375,953.1506627400717,933.6986083984375,948.2876491546631,37100900
2026-04-20,909.383544921875,943.4246401863303,909.383544921875,938.5616265771224,66056600
2026-04-21,914.24658203125,919.1095957654587,909.3835682970412,909.3835682970412,41518200
2026-04-22,914.24658203125,923.9726094996676,914.24658203125,919.1095957654587,30437600
2026-04-23,885.0684814453125,919.1095768855168,880.2054678109976,914.2465632512019,68701100
2026-04-24,851.0274047851562,889.931514718192,836.4383635602679,885.0685009765625,96851500
2026-04-27,851.0274047851562,870.4794597516741,836.4383635602679,851.0274047851562,70628000
2026-04-28,860.75341796875,860.75341796875,841.3013633253885,851.0273906470693,56885700
2026-04-29,851.0274047851562,865.6164460100447,846.1643910435268,860.7534322684152,51235600
2026-04-30,841.3013305664062,865.6163979238169,836.4383170949242,855.8903709808526,55352100
2026-05-04,841.3013305664062,855.8903709808526,831.575303623442,851.0273575093705,53274600
2026-05-05,826.7123413085938,851.0274101706112,826.7123413085938,841.3013826258042,48076500
2026-05-06,841.3013305664062,846.1643440378884,831.575303623442,831.575303623442,30325500
2026-05-07,875.3424682617188,880.2054819742839,860.7534271240235,860.7534271240235,111628500
2026-05-08,894.7944946289062,904.5205217444378,855.8903861667799,875.342440397843,140026400
2026-05-11,865.616455078125,909.3835792112886,860.7534412855513,899.6575516261412,107445200
2026-05-12,846.1643676757812,875.3424493197737,831.575326853785,865.6164221051096,104098100
2026-05-13,826.7123413085938,851.0274101706112,826.7123413085938,841.3013826258042,57659500
2026-05-14,826.7123413085938,826.7123413085938,826.7123413085938,826.7123413085938,0
2026-05-15,826.7123413085938,826.7123413085938,826.7123413085938,826.7123413085938,0
2026-05-18,816.9862670898438,826.7122940790085,792.6711996169317,826.7122940790085,70061400
2026-05-19,812.123291015625,821.8493184529378,797.5342498596557,816.9863047342815,41127700
2026-05-20,807.26025390625,821.8492946394955,792.6712131730045,807.26025390625,60103300
2026-05-21,787.8082275390625,816.9863100405092,782.9452137888213,807.260282540027,50675500
2026-05-22,778.0821533203125,787.8081802368164,768.3561264038086,782.9451667785644,41432000
2026-05-25,787.8082275390625,797.5342550395447,778.0822000385803,787.8082275390625,35730100
2026-05-26,773.2191772460938,792.6712320195804,768.3561635527221,787.8082183262087,31534700
2026-05-27,773.2191772460938,773.2191772460938,773.2191772460938,773.2191772460938,0
2026-05-28,773.2191772460938,773.2191772460938,773.2191772460938,773.2191772460938,0
2026-05-29,748.9041137695312,773.2191823984122,744.041100043755,773.2191823984122,152452300
2026-06-02,724.5890502929688,763.4931603758127,719.7260365326133,758.6301466154572,81017600
2026-06-03,710.0,724.5890410958904,685.6849315068494,724.5890410958904,76738700
2026-06-04,720.0,730.0,680.0,705.0,84196500
2026-06-05,695.0,710.0,690.0,705.0,53014000
2026-06-08,665.0,695.0,665.0,680.0,54722800
2026-06-09,705.0,715.0,630.0,665.0,78074500
2026-06-10,705.0,720.0,695.0,705.0,75251500
2026-06-11,725.0,740.0,700.0,700.0,97543500
2026-06-12,740.0,760.0,715.0,760.0,92741200
2026-06-15,740.0,780.0,735.0,740.0,146299700
2026-06-17,720.0,745.0,715.0,740.0,195547400
2026-06-18,710.0,720.0,705.0,715.0,111130400
2026-06-19,700.0,720.0,700.0,710.0,183948700
2026-06-22,680.0,715.0,675.0,715.0,111214500
2026-06-23,760.0,765.0,675.0,680.0,233666800
2026-06-24,765.0,785.0,750.0,760.0,98567100
2026-06-25,780.0,805.0,740.0,755.0,135032500
2026-06-26,790.0,795.0,770.0,790.0,71542200
2026-06-29,780.0,810.0,770.0,795.0,80694700
2026-06-30,765.0,790.0,755.0,785.0,94397300
2026-07-01,765.0,780.0,760.0,780.0,30082600
2026-07-02,745.0,775.0,740.0,760.0,72368400
2026-07-03,750.0,770.0,750.0,750.0,41752900
2026-07-06,750.0,760.0,730.0,750.0,62451200
2026-07-07,745.0,755.0,740.0,750.0,59673700
2026-07-08,740.0,755.0,730.0,745.0,53470500
2026-07-09,725.0,745.0,720.0,740.0,45312000
2026-07-10,725.0,740.0,720.0,725.0,33849600
2026-07-13,725.0,735.0,720.0,725.0,44899800
2026-07-14,730.0,745.0,720.0,730.0,58809400
2026-07-15,705.0,735.0,700.0,735.0,156611300
2026-07-16,720.0,730.0,705.0,705.0,98438200
2026-07-17,760.0,760.0,715.0,725.0,114748600
2026-07-20,770.0,775.0,750.0,760.0,84900400
2026-07-21,745.0,775.0,740.0,770.0,75672200
2026-07-22,730.0,745.0,725.0,740.0,82538000
2026-07-23,725.0,740.0,725.0,730.0,81978800
2026-07-24,720.0,725.0,710.0,725.0,48296500
2026-07-27,715.0,720.0,710.0,720.0,28351700
2026-07-28,700.0,715.0,695.0,715.0,87568200
2026-07-29,700.0,710.0,690.0,705.0,62351800
2026-07-30,695.0,705.0,690.0,700.0,66825100
2026-07-31,725.0,730.0,695.0,700.0,137568700
2026-08-03,725.0,740.0,720.0,725.0,115402300
2026-08-04,735.0,735.0,720.0,720.0,45379600
2026-08-05,800.0,810.0,730.0,735.0,254510300
2026-08-06,790.0,820.0,780.0,820.0,135313700
2026-08-07,790.0,800.0,775.0,790.0,53498900
2026-08-10,785.0,810.0,785.0,790.0,74995200
2026-08-11,800.0,810.0,780.0,790.0,92383400
2026-08-12,800.0,810.0,790.0,800.0,76975100
2026-08-13,800.0,805.0,795.0,805.0,41788700
2026-08-14,800.0,805.0,785.0,805.0,105488600
2026-08-18,800.0,820.0,770.0,800.0,95384200
2026-08-19,780.0,810.0,780.0,790.0,67853800
2026-08-20,825.0,835.0,785.0,790.0,119959500
2026-08-21,810.0,830.0,805.0,825.0,68915900
2026-08-24,805.0,820.0,800.0,810.0,57678100
2026-08-25,805.0,805.0,805.0,805.0,0
2026-08-26,805.0,825.0,790.0,810.0,76892300
2026-08-27,805.0,820.0,800.0,805.0,46279000
2026-08-28,800.0,810.0,795.0,805.0,33275500
2026-08-31,785.0,805.0,780.0,800.0,47708700
2026-09-01,775.0,795.0,775.0,795.0,55558100
2026-09-02,755.0,780.0,750.0,775.0,67163900
2026-09-03,780.0,790.0,760.0,770.0,89382600
2026-09-04,775.0,790.0,770.0,785.0,61674800
2026-09-07,785.0,825.0,780.0,790.0,192424800
2026-09-08,780.0,790.0,770.0,785.0,107323500
2026-09-09,760.0,785.0,760.0,780.0,117405100
2026-09-10,755.0,780.0,755.0,760.0,78226800
2026-09-11,735.0,755.0,730.0,755.0,108297500
2026-09-14,735.0,745.0,730.0,735.0,53615300
2026-09-15,770.0,780.0,730.0,740.0,123325000
2026-09-16,760.0,775.0,755.0,765.0,67032400
2026-09-17,775.0,775.0,760.0,760.0,67880000
2026-09-18,760.0,780.0,750.0,780.0,56569900
2026-09-21,750.0,765.0,745.0,760.0,26266800
2026-09-22,750.0,760.0,730.0,750.0,62569400
2026-09-23,755.0,760.0,745.0,755.0,55629900
2026-09-24,735.0,755.0,730.0,755.0,48548700
2026-09-25,735.0,740.0,725.0,740.0,25619900
2026-09-28,720.0,735.0,720.0,735.0,71219900
2026-09-29,715.0,725.0,710.0,725.0,3833900
