date,Close,High,Low,Open,Volume
2018-07-05,307.22601318359375,307.22601318359375,220.42247295076885,220.42247295076885,14250000
2018-07-06,307.22601318359375,383.30102597191217,297.4728064158606,327.70774739583334,20956000
2018-07-09,303.3246765136719,330.6336506049349,245.78076682136756,304.2999970169313,4229000
2018-07-10,292.5961608886719,297.47276357014977,280.892314453125,297.47276357014977,1017000
2018-07-11,307.22601318359375,307.22601318359375,284.7936376178075,296.49748573908727,329000
2018-07-12,294.5467834472656,307.22594962214794,294.5467834472656,302.3493472471932,653000
2018-07-13,292.5961608886719,317.9544948323568,282.84295552571615,294.54680196126304,848000
2018-07-16,296.4974670410156,297.4727876562821,287.7195815036171,292.59618457994964,25000
2018-07-17,290.64556884765625,292.5962102493184,253.58338221607593,290.64556884765625,168000
2018-07-18,279.9170227050781,292.5961909809179,277.966381431872,290.6455497077118,41000
2018-07-19,279.9170227050781,279.9170227050781,273.0897782488567,279.9170227050781,570000
2018-07-20,281.8676452636719,289.6702098384448,278.941683548132,279.9170041199786,275000
2018-07-23,281.8676452636719,281.8676452636719,277.9663629762854,281.8676452636719,123000
2018-07-24,290.64556884765625,291.6208895484873,286.744286044332,287.71960674516305,126000
2018-07-25,296.4974670410156,296.4974670410156,280.8923371967516,290.64554334941664,135000
2018-07-26,295.5221252441406,296.49744578950083,295.5221252441406,296.49744578950083,105000
2018-07-27,297.4727783203125,304.3000224129098,295.52213715099896,295.52213715099896,181000
2018-07-30,300.39874267578125,300.39874267578125,297.4727808964717,297.4727808964717,84000
2018-07-31,310.1519470214844,310.1519470214844,300.3987411403056,300.3987411403056,229000
2018-08-01,312.10260009765625,321.855806350708,310.15195884704593,310.15195884704593,317000
2018-08-02,315.028564453125,321.85580888399767,312.10260255417955,321.85580888399767,169000
2018-08-03,331.6090087890625,339.41157370174636,315.0285583496094,315.0285583496094,242000
2018-08-06,332.58428955078125,336.4855715396467,332.58428955078125,332.58428955078125,86000
2018-08-07,335.51025390625,336.48557441179145,332.5842923896257,332.5842923896257,110000
2018-08-08,346.23883056640625,346.23883056640625,335.51030342209503,335.51030342209503,367000
2018-08-09,363.7945556640625,363.7945556640625,346.2387862218289,346.2387862218289,146000
2018-08-10,431.0916748046875,450.598085429334,370.62180186828334,370.62180186828334,1061000
2018-08-13,405.7333984375,429.1410945012019,371.597175011268,429.1410945012019,446000
2018-08-14,360.8686218261719,418.4125371984533,360.8686218261719,405.7333694045608,1005000
2018-08-15,357.9426574707031,371.59714576658826,331.6090014714961,370.62182517402505,796000
2018-08-16,326.732421875,346.23883512126866,321.8558185634328,346.23883512126866,313000
2018-08-17,326.732421875,326.732421875,326.732421875,326.732421875,0
2018-08-20,355.9920349121094,360.86863813008347,326.73241560426476,326.73241560426476,303000
2018-08-21,356.96734619140625,377.4490791696017,351.1154224833504,355.9920255733969,81000
2018-08-22,356.96734619140625,356.96734619140625,356.96734619140625,356.96734619140625,0
2018-08-23,357.9426574707031,360.8686192483928,356.9673368781399,356.9673368781399,179000
2018-08-24,388.1775817871094,406.7086723749362,358.91796506948805,358.91796506948805,403000
2018-08-27,414.5112609863281,421.3385052849265,399.881451775046,399.881451775046,675000
2018-08-28,429.14105224609375,430.11637281938033,409.63464078036225,409.63464078036225,211000
2018-08-29,450.59808349609375,452.54872455018943,437.91891664447206,438.89423717151993,352000
2018-08-30,464.2525939941406,473.0304791747021,451.57342651110736,451.57342651110736,942000
2018-08-31,455.4747619628906,464.2526481677429,446.69687575803835,464.2526481677429,256000
2018-09-03,448.6474609375,448.6474609375,409.6346382472826,444.74617866847825,346000
2018-09-04,434.01763916015625,435.9682802350334,429.1410364729635,435.9682802350334,13000
2018-09-05,388.1775817871094,431.0916863062873,386.2269406726013,431.0916863062873,170000
2018-09-06,388.1775817871094,388.1775817871094,388.1775817871094,388.1775817871094,0
2018-09-07,394.0295104980469,394.0295104980469,390.128228215888,391.1035487864277,54000
2018-09-10,394.0295104980469,394.0295104980469,394.0295104980469,394.0295104980469,12000
2018-09-11,394.0295104980469,394.0295104980469,394.0295104980469,394.0295104980469,0
2018-09-12,399.8814392089844,409.63464504334985,394.02951570836507,394.02951570836507,22000
2018-09-13,407.68402099609375,407.68402099609375,407.68402099609375,407.68402099609375,11000
2018-09-14,407.68402099609375,410.60998286927145,407.68402099609375,407.68402099609375,31000
2018-09-17,407.68402099609375,407.68402099609375,407.68402099609375,407.68402099609375,2000
2018-09-18,407.68402099609375,407.68402099609375,406.7087003717012,407.68402099609375,63000
2018-09-19,407.68402099609375,407.68402099609375,407.68402099609375,407.68402099609375,20000
2018-09-20,407.68402099609375,407.68402099609375,406.7087003717012,407.68402099609375,17000
2018-09-21,370.621826171875,380.37503212376646,351.1154142680921,375.49842914782073,512000
2018-09-24,370.621826171875,409.6346499794408,328.6830405787418,370.621826171875,103000
2018-09-25,370.621826171875,370.621826171875,370.621826171875,370.621826171875,0
2018-09-26,369.6465148925781,370.62183551234745,368.67119427280875,369.6465148925781,26000
2018-09-27,342.3375244140625,369.6465007205974,342.3375244140625,369.6465007205974,11000
2018-09-28,341.3621826171875,342.3375031389509,341.3621826171875,342.3375031389509,98000
2018-10-01,366.7205505371094,366.7205505371094,341.3622145957135,341.3622145957135,31000
2018-10-02,379.3996887207031,385.25161194004556,365.745201208904,366.7205217454611,118000
2018-10-03,351.11541748046875,388.1776004367404,351.11541748046875,377.4490737915039,92000
2018-10-04,371.59710693359375,374.5230684055118,351.1153766301673,352.0906971208067,17000
2018-10-05,424.2644958496094,429.1410992501796,365.7452550427667,365.7452550427667,24000
2018-10-08,424.2644958496094,424.2644958496094,424.2644958496094,424.2644958496094,0
2018-10-09,424.2644958496094,424.2644958496094,424.2644958496094,424.2644958496094,0
2018-10-10,424.2644958496094,424.2644958496094,424.2644958496094,424.2644958496094,0
2018-10-11,380.3750305175781,380.3750305175781,380.3750305175781,380.3750305175781,19000
2018-10-12,380.3750305175781,380.3750305175781,380.3750305175781,380.3750305175781,0
2018-10-15,378.4244079589844,379.3997285980539,343.31286495248065,344.2881855915502,28000
2018-10-16,385.25164794921875,389.1529304600969,358.9179910007911,359.8933116285107,309000
2018-10-17,385.25164794921875,385.25164794921875,385.25164794921875,385.25164794921875,0
2018-10-18,383.3009948730469,383.3009948730469,382.3256742754055,382.3256742754055,6000
2018-10-19,369.6465148925781,379.39972109027144,369.6465148925781,370.62183551234745,6000
2018-10-22,358.9179992675781,359.89331991776174,342.3375482144563,359.89331991776174,55000
2018-10-23,351.11541748046875,356.96734110514325,340.3868908352322,341.3622114393446,119000
2018-10-24,355.01666259765625,373.5477521288526,337.4608935681018,356.96730360094006,67000
2018-10-25,349.1647644042969,370.6218169654548,348.18944383333513,360.86861125583755,27000
2018-10-26,370.621826171875,387.2022762900904,337.4609259354441,338.43624653063324,35000
2018-10-29,370.621826171875,370.621826171875,370.621826171875,370.621826171875,0
2018-10-30,380.3750305175781,388.1775952461438,369.64650401580025,369.64650401580025,26000
2018-10-31,376.4737548828125,378.4243960998219,376.4737548828125,378.4243960998219,2000
2018-11-01,376.4737548828125,376.4737548828125,376.4737548828125,376.4737548828125,0
2018-11-02,353.0660400390625,373.5477716435385,351.1153989338743,351.1153989338743,120000
2018-11-05,344.28814697265625,353.0660317396645,343.31282644298864,353.0660317396645,21000
2018-11-06,344.28814697265625,344.28814697265625,344.28814697265625,344.28814697265625,0
2018-11-07,351.11541748046875,353.06605868869354,351.11541748046875,353.06605868869354,17000
2018-11-08,350.14007568359375,350.14007568359375,342.3375113229566,342.3375113229566,5000
2018-11-09,346.23883056640625,350.1401131643376,346.23883056640625,350.1401131643376,12000
2018-11-12,346.23883056640625,346.23883056640625,346.23883056640625,346.23883056640625,0
2018-11-13,341.3621826171875,346.2387852260045,341.3621826171875,345.2634647042411,4000
2018-11-14,334.5349426269531,336.4855836918333,334.5349426269531,336.4855836918333,10000
2018-11-15,326.732421875,327.70774253731344,326.732421875,327.70774253731344,19000
2018-11-16,341.3621826171875,346.2387852260045,331.60897739955357,331.60897739955357,29000
2018-11-19,341.3621826171875,341.3621826171875,332.584297921317,336.48558000837056,87000
2018-11-20,341.3621826171875,341.3621826171875,341.3621826171875,341.3621826171875,0
2018-11-21,339.41156005859375,346.23880408276085,322.8311102856165,346.23880408276085,57000
2018-11-22,338.4362487792969,339.41156938096634,326.73240155926356,339.41156938096634,20000
2018-11-23,338.4362487792969,338.4362487792969,338.4362487792969,338.4362487792969,1000
2018-11-26,330.6336975097656,336.485621359496,330.6336975097656,336.485621359496,23000
2018-11-27,322.83111572265625,322.83111572265625,322.83111572265625,322.83111572265625,15000
2018-11-28,322.83111572265625,322.83111572265625,322.83111572265625,322.83111572265625,1000
2018-11-29,322.83111572265625,322.83111572265625,321.8557951313491,321.8557951313491,5000
2018-11-30,322.83111572265625,322.83111572265625,302.34938330520674,312.10258921827796,68000
2018-12-03,307.22601318359375,322.8311440119668,307.22601318359375,322.8311440119668,62000
2018-12-04,307.22601318359375,307.22601318359375,307.22601318359375,307.22601318359375,0
2018-12-05,336.4856262207031,336.4856262207031,336.4856262207031,336.4856262207031,1000
2018-12-06,336.4856262207031,336.4856262207031,336.4856262207031,336.4856262207031,0
2018-12-07,336.4856262207031,336.4856262207031,336.4856262207031,336.4856262207031,0
2018-12-10,336.4856262207031,336.4856262207031,336.4856262207031,336.4856262207031,0
2018-12-11,336.4856262207031,336.4856262207031,336.4856262207031,336.4856262207031,0
2018-12-12,336.4856262207031,336.4856262207031,336.4856262207031,336.4856262207031,0
2018-12-13,351.11541748046875,355.9920205010308,350.1400968763563,355.9920205010308,45000
2018-12-14,357.9426574707031,375.49842813684114,341.3622073971283,341.3622073971283,43000
2018-12-17,355.01666259765625,357.942624102582,355.01666259765625,357.942624102582,6000
2018-12-18,355.01666259765625,355.01666259765625,355.01666259765625,355.01666259765625,0
2018-12-19,341.3621826171875,349.16474679129465,341.3621826171875,349.16474679129465,12000
2018-12-20,341.3621826171875,341.3621826171875,341.3621826171875,341.3621826171875,0
2018-12-21,341.3621826171875,341.3621826171875,341.3621826171875,341.3621826171875,0
2018-12-24,341.3621826171875,341.3621826171875,341.3621826171875,341.3621826171875,0
2018-12-25,341.3621826171875,341.3621826171875,341.3621826171875,341.3621826171875,0
2018-12-26,341.3621826171875,341.3621826171875,341.3621826171875,341.3621826171875,0
2018-12-27,367.6958923339844,376.47377835787256,356.96736497145434,356.96736497145434,7000
2018-12-28,367.6958923339844,367.6958923339844,367.6958923339844,367.6958923339844,0
2018-12-31,367.6958923339844,367.6958923339844,367.6958923339844,367.6958923339844,0
2019-01-01,367.6958923339844,367.6958923339844,367.6958923339844,367.6958923339844,0
2019-01-02,358.9179992675781,360.8686405679454,358.9179992675781,360.8686405679454,2000
2019-01-03,358.9179992675781,358.9179992675781,358.9179992675781,358.9179992675781,0
2019-01-04,358.9179992675781,358.9179992675781,358.9179992675781,358.9179992675781,0
2019-01-07,390.12823486328125,399.8814407348633,358.91797607421876,358.91797607421876,578000
2019-01-08,370.621826171875,390.12823807565786,362.81926141036183,390.12823807565786,142000
2019-01-09,370.621826171875,370.621826171875,370.621826171875,370.621826171875,135000
2019-01-10,370.621826171875,370.621826171875,370.621826171875,370.621826171875,0
2019-01-11,360.8686218261719,361.84394242570204,360.8686218261719,360.8686218261719,16000
2019-01-14,360.8686218261719,360.8686218261719,360.8686218261719,360.8686218261719,164000
2019-01-15,361.8439636230469,361.8439636230469,361.8439636230469,361.8439636230469,11000
2019-01-16,361.8439636230469,361.8439636230469,361.8439636230469,361.8439636230469,0
2019-01-17,361.8439636230469,361.8439636230469,360.86864296638095,360.86864296638095,3000
2019-01-18,361.8439636230469,361.8439636230469,361.8439636230469,361.8439636230469,0
2019-01-21,361.8439636230469,361.8439636230469,361.8439636230469,361.8439636230469,55000
2019-01-22,361.8439636230469,365.7452462497104,361.8439636230469,365.7452462497104,94000
2019-01-23,370.621826171875,370.621826171875,370.621826171875,370.621826171875,10000
2019-01-24,389.1529235839844,389.1529235839844,370.621831984747,370.621831984747,145000
2019-01-25,389.1529235839844,389.1529235839844,375.4984350371779,389.1529235839844,63000
2019-01-28,419.3878479003906,419.3878479003906,389.152910028502,389.152910028502,588000
2019-01-29,419.3878479003906,419.3878479003906,409.63464213526527,409.63464213526527,48000
2019-01-30,419.3878479003906,419.3878479003906,419.3878479003906,419.3878479003906,0
2019-01-31,419.3878479003906,419.3878479003906,419.3878479003906,419.3878479003906,27000
2019-02-01,419.3878479003906,419.3878479003906,419.3878479003906,419.3878479003906,0
2019-02-04,419.3878479003906,419.3878479003906,419.3878479003906,419.3878479003906,0
2019-02-05,419.3878479003906,419.3878479003906,419.3878479003906,419.3878479003906,0
2019-02-06,469.12921142578125,469.12921142578125,469.12921142578125,469.12921142578125,56000
2019-02-07,473.0304870605469,473.0304870605469,469.1292046930372,469.1292046930372,541000
2019-02-08,473.0304870605469,473.0304870605469,473.0304870605469,473.0304870605469,4000
2019-02-11,507.1667175292969,507.1667175292969,473.0304961571327,473.0304961571327,28000
2019-02-12,521.7965087890625,526.6731116749417,521.7965087890625,526.6731116749417,3000
2019-02-13,536.4263916015625,546.1795987215909,536.4263916015625,536.4263916015625,11000
2019-02-14,521.7965087890625,526.6731116749417,458.4006712726343,468.1538770443925,215000
2019-02-15,474.0058288574219,487.6603177545493,468.1539050443673,468.1539050443673,164000
2019-02-18,474.0058288574219,477.9071113994583,470.1045463153855,474.0058288574219,801000
2019-02-19,487.6603088378906,487.6603088378906,474.0058201904297,474.0058201904297,352000
2019-02-20,512.0433349609375,512.0433349609375,487.6603190104167,487.6603190104167,8000
2019-02-21,551.0560913085938,555.932693886546,536.4262835747373,536.4262835747373,39000
2019-02-22,551.0560913085938,551.0560913085938,551.0560913085938,551.0560913085938,0
2019-02-25,551.0560913085938,551.0560913085938,551.0560913085938,551.0560913085938,0
2019-02-26,546.1795043945312,551.0561071123395,546.1795043945312,546.1795043945312,57000
2019-02-27,551.0560913085938,551.0560913085938,551.0560913085938,551.0560913085938,77000
2019-02-28,551.0560913085938,555.932693886546,551.0560913085938,555.932693886546,13000
2019-03-01,560.809326171875,560.809326171875,555.9327233355979,560.809326171875,165000
2019-03-04,560.809326171875,560.809326171875,560.809326171875,560.809326171875,2000
2019-03-05,565.6859741210938,585.1923870218211,560.8093708959119,560.8093708959119,28000
2019-03-06,604.69873046875,604.69873046875,604.69873046875,604.69873046875,4000
2019-03-07,604.69873046875,604.69873046875,604.69873046875,604.69873046875,0
2019-03-08,604.69873046875,604.69873046875,604.69873046875,604.69873046875,0
2019-03-11,614.4520263671875,614.4520263671875,604.6988195994544,604.6988195994544,56000
2019-03-12,614.4520263671875,614.4520263671875,614.4520263671875,614.4520263671875,0
2019-03-13,594.945556640625,612.0136668721184,594.945556640625,612.0136668721184,5000
2019-03-14,629.081787109375,633.9583901102229,614.4519781068315,614.4519781068315,21000
2019-03-15,672.9712524414062,682.7244589985281,643.7116327700408,643.7116327700408,43000
2019-03-18,672.9712524414062,682.7244589985281,643.7116327700408,682.7244589985281,31000
2019-03-19,707.107421875,711.9840247844827,672.9712015086207,672.9712015086207,69000
2019-03-20,711.9840698242188,711.9840698242188,707.1074666062447,707.1074666062447,110000
2019-03-21,726.6138305664062,731.4904334561137,711.9840218972839,711.9840218972839,78000
2019-03-22,716.8606567382812,726.6138629524075,716.8606567382812,726.6138629524075,30000
2019-03-25,726.6138305664062,731.4904334561137,711.9840218972839,726.6138305664062,142000
2019-03-26,726.6138305664062,726.6138305664062,726.6138305664062,726.6138305664062,0
2019-03-27,716.8606567382812,731.4904660594707,711.9840536312181,726.6138629524075,161000
2019-03-28,804.6395263671875,804.6395263671875,726.6138753255209,726.6138753255209,1302000
2019-03-29,790.0097045898438,799.762910819348,775.3798952455875,780.2564983603395,1318000
2019-04-01,858.2821044921875,858.2821044921875,780.2564586292614,782.6947600624778,2154000
2019-04-02,848.5289916992188,858.2821985003592,838.7757848980783,838.7757848980783,88000
2019-04-03,848.5289916992188,848.5289916992188,848.5289916992188,848.5289916992188,0
2019-04-04,838.7756958007812,848.5289015659066,829.0224900356559,838.7756958007812,9000
2019-04-05,824.1458740234375,838.7756824380548,824.1458740234375,838.7756824380548,15000
2019-04-08,777.818115234375,843.6522503796042,777.818115234375,843.6522503796042,27000
2019-04-09,750.9968872070312,760.7500935343953,750.9968872070312,760.7500935343953,28000
2019-04-10,714.42236328125,724.1755696059087,619.3286016158277,724.1755696059087,95000
2019-04-11,643.7115478515625,692.4775742039536,633.9583425810844,692.4775742039536,333000
2019-04-12,585.1923217773438,638.8349512736003,585.1923217773438,614.451937866211,47259000
2019-04-15,612.013671875,614.4519733565737,604.698767430279,614.4519733565737,7295000
2019-04-16,629.081787109375,629.081787109375,607.1370736055596,612.0136766064074,8295000
2019-04-17,629.081787109375,629.081787109375,629.081787109375,629.081787109375,0
2019-04-18,621.7669067382812,643.7116210937501,614.452001953125,629.0818115234375,10914000
2019-04-19,621.7669067382812,621.7669067382812,621.7669067382812,621.7669067382812,0
2019-04-22,624.2052001953125,624.2052001953125,619.3285970687866,621.7668986320496,13345000
2019-04-23,624.2052001953125,626.6435017585754,619.3285970687866,624.2052001953125,4668000
2019-04-24,599.8221435546875,629.0817603134527,599.8221435546875,629.0817603134527,15153000
2019-04-25,590.0689697265625,590.0689697265625,560.8093513930139,585.1923666709711,5117000
2019-04-26,590.0689697265625,590.0689697265625,585.1923666709711,587.6306681987668,1017000
2019-04-29,580.3157348632812,604.698748933167,570.5625292353269,604.698748933167,59000
2019-04-30,599.8221435546875,599.8221435546875,568.1242253993585,568.1242253993585,1008000
2019-05-01,599.8221435546875,599.8221435546875,599.8221435546875,599.8221435546875,0
2019-05-02,570.5625610351562,599.8221795497797,568.124259492271,599.8221795497797,23322000
2019-05-03,592.5072021484375,599.8221058786651,570.5624909577546,570.5624909577546,115000
2019-05-06,575.4391479492188,577.8774494235798,575.4391479492188,575.4391479492188,311000
2019-05-07,577.8775024414062,597.3839160259263,575.4392007433412,575.4392007433412,639000
2019-05-08,587.630615234375,599.8221217745073,577.8774100022692,577.8774100022692,3859000
2019-05-09,585.1923217773438,599.8221298217774,575.439116414388,587.6306231180827,16957000
2019-05-10,570.5625610351562,575.4391641209268,570.5625610351562,575.4391641209268,6227000
2019-05-13,560.809326171875,580.3157375169837,560.809326171875,570.5625318444294,10488000
2019-05-14,558.3710327148438,585.1923486967795,558.3710327148438,585.1923486967795,7000
2019-05-15,555.9327392578125,558.3710407457853,555.9327392578125,555.9327392578125,5953000
2019-05-16,531.5497436523438,546.1795531106651,497.41352158292716,546.1795531106651,13607000
2019-05-17,512.0433349609375,524.2348429361979,502.2901285807292,521.7965413411458,19313000
2019-05-20,507.1667175292969,512.0433205824633,487.66030531663165,512.0433205824633,4123000
2019-05-21,507.1667175292969,526.6731297419622,504.72841600271374,507.1667175292969,9789000
2019-05-22,507.1667175292969,507.1667175292969,487.66030531663165,487.66030531663165,91000
2019-05-23,502.29010009765625,526.6731146655037,463.2772767891004,526.6731146655037,6656000
2019-05-24,516.9199829101562,516.9199829101562,487.6603612359965,502.2901720730764,2156000
2019-05-27,536.4263916015625,546.1795987215909,516.9199773615056,526.6731844815341,1859000
2019-05-28,546.1795043945312,555.9327098301479,536.4262989589147,555.9327098301479,6003000
2019-05-29,546.1795043945312,546.1795043945312,536.4262989589147,538.8646003178188,5031000
2019-05-30,546.1795043945312,546.1795043945312,546.1795043945312,546.1795043945312,0
2019-05-31,538.8646240234375,546.1795284219457,526.6731166925905,546.1795284219457,534000
2019-06-03,538.8646240234375,538.8646240234375,538.8646240234375,538.8646240234375,0
2019-06-04,538.8646240234375,538.8646240234375,538.8646240234375,538.8646240234375,0
2019-06-05,538.8646240234375,538.8646240234375,538.8646240234375,538.8646240234375,0
2019-06-06,538.8646240234375,538.8646240234375,538.8646240234375,538.8646240234375,0
2019-06-07,538.8646240234375,538.8646240234375,538.8646240234375,538.8646240234375,0
2019-06-10,570.5625610351562,570.5625610351562,563.2476564065004,565.6859579493856,13480000
2019-06-11,565.6859741210938,570.5625773462756,565.6859741210938,570.5625773462756,1110000
2019-06-12,565.6859741210938,565.6859741210938,563.2476725085028,565.6859741210938,2884000
2019-06-13,565.6859741210938,565.6859741210938,565.6859741210938,565.6859741210938,3785000
2019-06-14,565.6859741210938,565.6859741210938,565.6859741210938,565.6859741210938,1005000
2019-06-17,555.9327392578125,555.9327392578125,536.4263273540296,536.4263273540296,1017000
2019-06-18,536.4263916015625,560.8094094016335,490.09865778142756,490.09865778142756,55000
2019-06-19,536.4263916015625,536.4263916015625,536.4263916015625,536.4263916015625,91000
2019-06-20,536.4263916015625,536.4263916015625,536.4263916015625,536.4263916015625,246000
2019-06-21,536.4263916015625,536.4263916015625,536.4263916015625,536.4263916015625,1000000
2019-06-24,536.4263916015625,536.4263916015625,497.4135631214488,502.29016668146306,4636000
2019-06-25,526.673095703125,536.4263011791088,526.673095703125,536.4263011791088,789000
2019-06-26,526.673095703125,531.5496984411169,526.673095703125,531.5496984411169,4000
2019-06-27,536.4263916015625,536.4263916015625,526.6731844815341,526.6731844815341,3785000
2019-06-28,565.6859741210938,565.6859741210938,531.5497515448209,536.4263547700027,4950000
2019-07-01,565.6859741210938,565.6859741210938,565.6859741210938,565.6859741210938,1000
2019-07-02,565.6859741210938,570.5625773462756,565.6859741210938,565.6859741210938,11786000
2019-07-03,570.5625610351562,570.5625610351562,570.5625610351562,570.5625610351562,694000
2019-07-04,563.2476806640625,570.5625856077517,541.3029658329951,570.5625856077517,18355000
2019-07-05,560.809326171875,560.809326171875,560.809326171875,560.809326171875,36000
2019-07-08,538.8646240234375,541.3029254896069,536.4263225572681,538.8646240234375,477000
2019-07-09,541.3029174804688,558.3710274911141,538.8646160503765,555.932726061022,3070000
2019-07-10,538.8646240234375,541.3029254896069,538.8646240234375,541.3029254896069,16739000
2019-07-11,538.8646240234375,546.1795284219457,536.4263225572681,538.8646240234375,1041000
2019-07-12,533.988037109375,538.8646401879994,533.988037109375,538.8646401879994,22188000
2019-07-15,526.673095703125,536.4263011791088,502.2900820131655,536.4263011791088,4505000
2019-07-16,526.673095703125,526.673095703125,526.673095703125,526.673095703125,1000
2019-07-17,536.4263916015625,536.4263916015625,529.1114862615411,529.1114862615411,10349000
2019-07-18,536.4263916015625,536.4263916015625,512.0433738014915,536.4263916015625,2620000
2019-07-19,526.673095703125,536.4263011791088,516.9198902271412,536.4263011791088,244000
2019-07-22,507.1667175292969,536.4263358482948,507.1667175292969,536.4263358482948,1393000
2019-07-23,487.6603088378906,507.1667211914063,468.153896484375,507.1667211914063,9888000
2019-07-24,487.6603088378906,490.0986103820801,482.78370574951174,490.0986103820801,24021000
2019-07-25,507.1667175292969,524.234828215379,490.0986068432148,490.0986068432148,155000
2019-07-26,502.29010009765625,509.60500446801046,490.0985928137326,507.16670301122576,891000
2019-07-29,497.4134826660156,497.4134826660156,487.6602771235447,490.09857850916245,35000
2019-07-30,497.4134826660156,524.2347979078105,492.53687989478016,494.97518128039786,172000
2019-07-31,536.4263916015625,536.4263916015625,494.97526134144175,497.4135631214488,5184000
2019-08-01,519.3582153320312,551.0561345776482,519.3582153320312,536.4263256950558,12107000
2019-08-02,519.3582153320312,546.1795316167841,514.4816123711671,519.3582153320312,834000
2019-08-05,533.988037109375,551.0561478845605,509.60502171625285,531.5497355700628,73000
2019-08-06,531.5497436523438,536.4263468051175,507.1667278884748,526.67314049957,4397000
2019-08-07,543.7412109375,543.7412109375,512.0432928110987,531.5497039658072,1078000
2019-08-08,546.1795043945312,546.1795043945312,541.302901676723,541.302901676723,50000
2019-08-09,524.23486328125,526.6731649709302,516.9199582122093,516.9199582122093,520000
2019-08-12,553.494384765625,553.494384765625,553.494384765625,553.494384765625,5000
2019-08-13,553.494384765625,553.494384765625,536.4262759843061,536.4262759843061,69000
2019-08-14,551.0560913085938,551.0560913085938,536.4262835747373,551.0560913085938,88000
2019-08-15,551.0560913085938,551.0560913085938,531.5496809967851,531.5496809967851,67000
2019-08-16,551.0560913085938,551.0560913085938,531.5496809967851,551.0560913085938,31000
2019-08-19,519.3582153320312,531.5497227341916,519.3582153320312,531.5497227341916,30000
2019-08-20,499.8517761230469,519.3581868985804,499.8517761230469,519.3581868985804,202000
2019-08-21,507.1667175292969,507.1667175292969,507.1667175292969,507.1667175292969,136000
2019-08-22,541.3029174804688,546.1795203406531,541.3029174804688,546.1795203406531,33000
2019-08-23,531.5497436523438,555.9327594162127,531.5497436523438,546.1795531106651,643000
2019-08-26,555.9327392578125,555.9327392578125,531.5497243780839,546.179533305921,2520000
2019-08-27,536.4263916015625,555.9328058416193,531.5497880415483,555.9328058416193,10132000
2019-08-28,536.4263916015625,536.4263916015625,521.7965809215199,536.4263916015625,310000
2019-08-29,524.23486328125,536.4263717296511,524.23486328125,536.4263717296511,68000
2019-08-30,553.494384765625,553.494384765625,521.7964684574614,521.7964684574614,14442000
2019-09-02,553.494384765625,555.9326860200991,551.0560835111509,553.494384765625,128000
2019-09-03,548.6177978515625,548.6177978515625,548.6177978515625,548.6177978515625,1217000
2019-09-04,548.6177978515625,548.6177978515625,521.7964832899306,526.6730859375,164000
2019-09-05,519.3582153320312,533.9880242146237,516.9199138515992,526.6731197733275,3003000
2019-09-06,521.7965087890625,521.7965087890625,521.7965087890625,521.7965087890625,121000
2019-09-09,521.7965087890625,526.6731116749417,521.7965087890625,526.6731116749417,36000
2019-09-10,521.7965087890625,521.7965087890625,521.7965087890625,521.7965087890625,469000
2019-09-11,521.7965087890625,521.7965087890625,521.7965087890625,521.7965087890625,0
2019-09-12,521.7965087890625,521.7965087890625,509.6050015743648,521.7965087890625,773000
2019-09-13,548.6177978515625,548.6177978515625,516.9198806423611,516.9198806423611,2584000
2019-09-16,516.9199829101562,536.4263973595961,507.16677568543633,526.6731901348762,14771000
2019-09-17,516.9199829101562,521.7965865225162,509.6050774916163,512.0433792977963,1375000
2019-09-18,509.6050109863281,516.9199154502467,509.6050109863281,516.9199154502467,11000
2019-09-19,524.23486328125,526.6731649709302,514.4816565225291,526.6731649709302,209000
2019-09-20,504.7283935546875,519.358202063519,504.7283935546875,516.9199006453805,712000
2019-09-23,507.1667175292969,519.3582251622126,502.29011447613055,504.72841600271374,929000
2019-09-24,507.1667175292969,507.1667175292969,507.1667175292969,507.1667175292969,1103000
2019-09-25,512.0433349609375,512.0433349609375,507.16673177083334,507.16673177083334,1231000
2019-09-26,512.0433349609375,512.0433349609375,512.0433349609375,512.0433349609375,90000
2019-09-27,512.0433349609375,512.0433349609375,509.60503336588545,512.0433349609375,105000
2019-09-30,507.1667175292969,512.0433205824633,502.29011447613055,507.1667175292969,10856000
2019-10-01,507.1667175292969,507.1667175292969,507.1667175292969,507.1667175292969,0
2019-10-02,507.1667175292969,507.1667175292969,507.1667175292969,507.1667175292969,0
2019-10-03,507.1667175292969,507.1667175292969,497.41351142296423,497.41351142296423,501000
2019-10-04,507.1667175292969,507.1667175292969,507.1667175292969,507.1667175292969,2124000
2019-10-07,502.29010009765625,509.60500446801046,502.29010009765625,509.60500446801046,370000
2019-10-08,507.1667175292969,507.1667175292969,497.41351142296423,497.41351142296423,7083000
2019-10-09,507.1667175292969,507.1667175292969,507.1667175292969,507.1667175292969,0
2019-10-10,492.53692626953125,507.16673596070547,492.53692626953125,502.29013273031404,14222000
2019-10-11,490.0986022949219,492.5369037988767,487.6603007909671,492.5369037988767,2610000
2019-10-14,490.0986022949219,490.0986022949219,487.6603007909671,487.6603007909671,10163000
2019-10-15,492.53692626953125,492.53692626953125,490.09862465433554,490.09862465433554,163000
2019-10-16,512.0433349609375,512.0433349609375,492.53692220052085,492.53692220052085,392000
2019-10-17,516.9199829101562,521.7965865225162,509.6050774916163,509.6050774916163,659000
2019-10-18,512.0433349609375,516.9199381510417,497.413525390625,516.9199381510417,202000
2019-10-21,516.9199829101562,524.2348883286962,507.16677568543633,507.16677568543633,149000
2019-10-22,516.9199829101562,516.9199829101562,516.9199829101562,516.9199829101562,16000
2019-10-23,526.673095703125,526.673095703125,516.9198902271412,516.9198902271412,1984000
2019-10-24,526.673095703125,531.5496984411169,526.673095703125,526.673095703125,2179000
2019-10-25,526.673095703125,526.673095703125,521.7964929651331,526.673095703125,120000
2019-10-28,524.23486328125,526.6731649709302,524.23486328125,526.6731649709302,306000
2019-10-29,524.23486328125,524.23486328125,524.23486328125,524.23486328125,469000
2019-10-30,521.7965087890625,526.6731116749417,516.9199059031835,524.234810232002,94000
2019-10-31,533.988037109375,536.4263386486872,526.6731324914383,526.6731324914383,567000
2019-11-01,507.1667175292969,531.5497327951284,507.1667175292969,526.6731297419622,2424000
2019-11-04,507.1667175292969,507.1667175292969,507.1667175292969,507.1667175292969,1000
2019-11-05,497.4134826660156,507.1666882084865,487.6602771235447,497.4134826660156,3481000
2019-11-06,487.6603088378906,497.41351501464845,487.6603088378906,497.41351501464845,42000
2019-11-07,512.0433349609375,521.7965413411458,490.09862060546874,490.09862060546874,211000
2019-11-08,512.0433349609375,512.0433349609375,512.0433349609375,512.0433349609375,0
2019-11-11,512.0433349609375,512.0433349609375,512.0433349609375,512.0433349609375,0
2019-11-12,512.0433349609375,516.9199381510417,490.09862060546874,507.16673177083334,494000
2019-11-13,504.7283935546875,507.1666949728261,502.29009213654894,507.1666949728261,3003000
2019-11-14,516.9199829101562,521.7965865225162,504.72847387925634,504.72847387925634,391000
2019-11-15,507.1667175292969,507.1667175292969,504.72841600271374,507.1667175292969,1449000
2019-11-18,507.1667175292969,507.1667175292969,507.1667175292969,507.1667175292969,0
2019-11-19,514.4815673828125,516.9198686500296,507.1666635811611,516.9198686500296,73000
2019-11-20,497.4134826660156,512.043290979722,497.4134826660156,512.043290979722,370000
2019-11-21,497.4134826660156,497.4134826660156,494.97518128039786,497.4134826660156,675000
2019-11-22,490.0986022949219,497.4135068067864,487.6603007909671,497.4135068067864,974000
2019-11-25,502.29010009765625,502.29010009765625,502.29010009765625,502.29010009765625,47000
2019-11-26,502.29010009765625,502.29010009765625,502.29010009765625,502.29010009765625,0
2019-11-27,502.29010009765625,502.29010009765625,502.29010009765625,502.29010009765625,0
2019-11-28,502.29010009765625,502.29010009765625,502.29010009765625,502.29010009765625,0
2019-11-29,536.4263916015625,536.4263916015625,502.29016668146306,502.29016668146306,726000
2019-12-02,526.673095703125,533.9879998101128,487.6602737991898,533.9879998101128,825000
2019-12-03,512.0433349609375,512.0433349609375,512.0433349609375,512.0433349609375,10000
2019-12-04,487.6603088378906,490.0986103820801,487.6603088378906,490.0986103820801,995000
2019-12-05,497.4134826660156,512.043290979722,494.97518128039786,509.6049895941042,7716000
2019-12-06,482.7837219238281,492.5369284273398,482.7837219238281,487.6603251755839,32237000
2019-12-09,477.9070739746094,487.66027956592796,468.15386838329084,487.66027956592796,11240000
2019-12-10,469.12921142578125,487.66030293740255,469.12921142578125,477.9070968786545,703000
2019-12-11,484.7343444824219,487.660306320344,471.0798559054523,486.6849857077033,1181000
2019-12-12,477.9070739746094,487.66027956592796,477.9070739746094,486.6849590067961,1164000
2019-12-13,473.0304870605469,473.0304870605469,473.0304870605469,473.0304870605469,80000
2019-12-16,477.9070739746094,478.88239453374126,477.9070739746094,478.88239453374126,1667000
2019-12-17,477.9070739746094,477.9070739746094,477.9070739746094,477.9070739746094,100000
2019-12-18,487.6603088378906,487.6603088378906,473.0304995727539,482.78370574951174,6287000
2019-12-19,487.6603088378906,487.6603088378906,477.9071026611328,477.9071026611328,752000
2019-12-20,487.6603088378906,497.41351501464845,487.6603088378906,497.41351501464845,15000
2019-12-23,487.6603088378906,497.41351501464845,468.153896484375,487.6603088378906,57000
2019-12-26,487.6603088378906,497.41351501464845,480.8330645141602,487.6603088378906,1292000
2019-12-27,512.0433349609375,519.3582397460938,487.6603190104167,512.0433349609375,719000
2019-12-30,516.9199829101562,516.9199829101562,487.6603612359965,512.0433792977963,3114000
2020-01-02,492.53692626953125,516.9199424214883,492.53692626953125,516.9199424214883,74000
2020-01-03,477.9070739746094,516.9198963398836,469.1291889424227,499.85178655507616,1291000
2020-01-06,477.9070739746094,477.9070739746094,477.9070739746094,477.9070739746094,427000
2020-01-07,477.9070739746094,477.9070739746094,473.0304711789501,473.0304711789501,4390000
2020-01-08,476.9317932128906,477.9071138534078,473.03051065082195,477.9071138534078,4301000
2020-01-09,476.9317932128906,477.9071138534078,476.9317932128906,477.9071138534078,2792000
2020-01-10,476.9317932128906,477.9071138534078,476.9317932128906,476.9317932128906,3971000
2020-01-13,476.9317932128906,478.8824344939249,476.9317932128906,476.9317932128906,2668000
2020-01-14,476.9317932128906,476.9317932128906,476.9317932128906,476.9317932128906,2966000
2020-01-15,468.15386962890625,476.9317546844482,468.15386962890625,476.9317546844482,1330000
2020-01-16,468.15386962890625,468.15386962890625,468.15386962890625,468.15386962890625,1242000
2020-01-17,468.15386962890625,468.15386962890625,468.15386962890625,468.15386962890625,2975000
2020-01-20,467.1785583496094,468.15387893071505,467.1785583496094,468.15387893071505,25000
2020-01-21,469.12921142578125,469.12921142578125,459.3760053670332,459.3760053670332,4000
2020-01-22,450.59808349609375,468.15385298295456,438.89423717151993,468.15385298295456,786000
2020-01-23,439.8695983886719,450.5981251786395,439.8695983886719,450.5981251786395,5000
2020-01-24,439.8695983886719,450.5981251786395,439.8695983886719,450.5981251786395,536000
2020-01-27,438.894287109375,438.894287109375,390.1282552083333,434.01768391927084,114000
2020-01-28,438.894287109375,438.894287109375,438.894287109375,438.894287109375,0
2020-01-29,429.14105224609375,438.8942579789595,397.93079390092333,438.8942579789595,108000
2020-01-30,429.14105224609375,429.14105224609375,429.14105224609375,429.14105224609375,0
2020-01-31,429.14105224609375,429.14105224609375,429.14105224609375,429.14105224609375,2000
2020-02-03,424.2644958496094,424.2644958496094,419.38789244903916,419.38789244903916,57000
2020-02-04,424.2644958496094,424.2644958496094,424.2644958496094,424.2644958496094,0
2020-02-05,424.2644958496094,424.2644958496094,424.2644958496094,424.2644958496094,0
2020-02-06,429.14105224609375,429.14105224609375,425.2397699529474,429.14105224609375,1677000
2020-02-07,429.14105224609375,429.14105224609375,429.14105224609375,429.14105224609375,0
2020-02-10,428.16571044921875,428.16571044921875,428.16571044921875,428.16571044921875,202000
2020-02-11,412.5605773925781,428.16570561546524,392.0788466000388,428.16570561546524,579000
2020-02-12,410.6099548339844,410.6099548339844,409.63463427618393,409.63463427618393,8000
2020-02-13,381.350341796875,408.6593176800272,381.350341796875,406.7086765455163,2014000
2020-02-14,390.12823486328125,390.12823486328125,381.35034957885745,381.35034957885745,1614000
2020-02-17,390.12823486328125,390.12823486328125,390.12823486328125,390.12823486328125,160000
2020-02-18,380.3750305175781,390.1282364282852,380.3750305175781,390.1282364282852,266000
2020-02-19,390.12823486328125,390.12823486328125,389.15291427612306,390.12823486328125,238000
2020-02-20,389.1529235839844,390.12824419447054,380.3750380896088,390.12824419447054,1430000
2020-02-21,390.12823486328125,390.12823486328125,390.12823486328125,390.12823486328125,150000
2020-02-24,384.27630615234375,388.1775884483066,360.86861237656643,388.1775884483066,10392000
2020-02-25,380.3750305175781,380.3750305175781,380.3750305175781,380.3750305175781,9000
2020-02-26,356.96734619140625,370.62183484353653,356.96734619140625,370.62183484353653,170000
2020-02-27,351.11541748046875,351.11541748046875,341.3622114393446,351.11541748046875,205000
2020-02-28,340.38690185546875,351.115428848048,340.38690185546875,346.2388256696029,6156000
2020-03-02,339.41156005859375,339.41156005859375,339.41156005859375,339.41156005859375,22000
2020-03-03,331.6090087890625,350.1401004566866,331.6090087890625,339.41157370174636,5273000
2020-03-04,331.6090087890625,331.6090087890625,317.9545201918658,326.7324057186351,1610000
2020-03-05,308.2012939453125,331.60898715634886,308.2012939453125,331.60898715634886,167000
2020-03-06,308.2012939453125,321.85578165175036,308.2012939453125,312.1025761471519,3429000
2020-03-09,308.2012939453125,308.2012939453125,307.22597339485264,307.22597339485264,71000
2020-03-10,308.2012939453125,308.2012939453125,308.2012939453125,308.2012939453125,2000
2020-03-11,277.96636962890625,310.151949270148,277.96636962890625,310.151949270148,4398000
2020-03-12,282.8429870605469,282.8429870605469,277.96638383536504,277.96638383536504,142000
2020-03-13,313.0779113769531,313.0779113769531,272.11444633697795,273.0897669331678,40000
2020-03-16,313.0779113769531,313.0779113769531,313.0779113769531,313.0779113769531,0
2020-03-17,313.0779113769531,313.0779113769531,313.0779113769531,313.0779113769531,0
2020-03-18,313.0779113769531,313.0779113769531,313.0779113769531,313.0779113769531,0
2020-03-19,292.5961608886719,292.5961608886719,292.5961608886719,292.5961608886719,1000
2020-03-20,272.11444091796875,272.11444091796875,272.11444091796875,272.11444091796875,4000
2020-03-23,253.58335876464844,261.3859236497145,253.58335876464844,261.3859236497145,422000
2020-03-24,253.58335876464844,253.58335876464844,253.58335876464844,253.58335876464844,0
2020-03-26,236.02757263183594,252.6080219489484,236.02757263183594,252.6080219489484,495000
2020-03-27,220.42245483398438,236.0275843797532,220.42245483398438,236.0275843797532,3550000
2020-03-30,205.7926483154297,214.57053378859968,205.7926483154297,214.57053378859968,56000
2020-03-31,191.65049743652344,202.86668430939883,191.65049743652344,202.86668430939883,1035000
2020-04-01,178.48367309570312,191.65050143882877,178.48367309570312,191.65050143882877,471000
2020-04-02,166.29214477539062,167.75512552121518,166.29214477539062,167.75512552121518,620000
2020-04-03,155.0759735107422,166.29216027409774,155.0759735107422,166.29216027409774,1534000
2020-04-06,155.0759735107422,164.82917939192095,144.34744704144555,155.0759735107422,12710000
2020-04-07,156.05130004882812,161.9032238006592,152.15001754760743,160.927903175354,12168000
2020-04-08,155.0759735107422,164.82917939192095,151.1746911582707,157.02661468697792,12494000
2020-04-09,153.61300659179688,159.46493065243675,153.61300659179688,155.07598760695683,54059000
2020-04-13,150.68702697753906,156.05129007382686,150.68702697753906,156.05129007382686,4384000
2020-04-14,158.00192260742188,160.44022388222777,151.17467903796538,152.14999954788775,24709000
2020-04-15,163.3662109375,174.5823985541045,160.4402489505597,160.4402489505597,65720000
2020-04-16,152.63766479492188,166.2921523804101,152.15000452401156,165.8044921094998,55203000
2020-04-17,190.6751708984375,190.6751708984375,152.63766877547556,152.63766877547556,62559000
2020-04-20,207.7432861328125,233.10162152930604,185.31091251283743,192.62581695413365,42253000
2020-04-21,193.6011199951172,207.7432672995464,193.6011199951172,207.7432672995464,22896000
2020-04-22,182.38494873046875,192.13815454493232,180.43430756757604,192.13815454493232,20657000
2020-04-23,219.4471435546875,219.4471435546875,181.409638671875,182.87261962890625,6616000
2020-04-24,204.81732177734375,204.81732177734375,204.81732177734375,204.81732177734375,5033000
2020-04-27,190.6751708984375,204.8173191236413,190.6751708984375,201.891357421875,6745000
2020-04-28,186.28622436523438,190.18750655089374,181.40962163316019,185.31090381881953,13132000
2020-04-29,207.7432861328125,219.44713323888644,186.28623310501027,186.28623310501027,31968000
2020-04-30,234.07693481445312,243.830140431722,207.74327964782714,207.74327964782714,47671000
2020-05-04,222.3730926513672,237.00290137843083,218.47181032415023,232.12629846940962,11085000
2020-05-05,230.1756591796875,234.07694153866527,225.2990562309653,225.2990562309653,5986000
2020-05-06,228.2250213623047,238.95354800754123,226.27438015407986,236.02758619520398,6176000
2020-05-08,228.2250213623047,235.05226559109158,228.2250213623047,234.07694498697916,3916000
2020-05-11,237.9782257080078,237.9782257080078,229.20034033353213,234.07694331935195,7506000
2020-05-12,236.02757263183594,247.7314192086212,227.249687699247,237.97821372796682,9054000
2020-05-13,229.20033264160156,236.02757659262798,226.27437094830452,236.02757659262798,2392000
2020-05-14,223.34841918945312,229.20034283633836,213.59521311131107,227.24970162070994,3808000
2020-05-15,218.4718017578125,223.3484044756208,217.49648121425085,223.3484044756208,1584000
2020-05-18,217.49649047851562,229.20033749978106,210.6692463827775,218.4718110636211,4949000
2020-05-19,219.4471435546875,226.27438802083333,218.47182291666667,223.34842610677083,3950000
2020-05-20,217.49649047851562,221.39777281893743,215.54584930830472,221.39777281893743,2274000
2020-05-26,222.3730926513672,224.32373381497567,217.49648974234597,219.44713090595448,45184000
2020-05-27,224.32373046875,228.22501273777175,220.42244819972828,222.37308933423913,55151000
2020-05-28,232.1262969970703,237.00289987516004,224.32373239212677,224.32373239212677,306526000
2020-05-29,232.1262969970703,234.0769381483062,224.32373239212677,234.0769381483062,98986000
2020-06-02,231.15097045898438,234.0769321103639,228.2250088076048,234.0769321103639,27609000
2020-06-03,226.2743682861328,242.85481768640977,225.29904773317534,231.15097105092016,25506000
2020-06-04,230.1756591796875,239.9288650771319,227.2496974104542,229.20033858994307,79818000
2020-06-05,234.07693481445312,257.4846282958984,231.15097312927244,232.12629369099935,196243000
2020-06-08,274.0650939941406,276.99105585172936,234.0769486070952,234.0769486070952,131392000
2020-06-09,269.1885070800781,292.596203347911,258.45997962398803,278.9417138583418,52550000
2020-06-10,254.55865478515625,274.0650651135207,253.583334268738,265.2871804657567,30667000
2020-06-11,248.7067413330078,255.53398521273743,241.87949745327816,253.58334410424325,48972000
2020-06-12,249.6820526123047,254.55865520238876,232.126283288002,233.10160380601883,45081000
2020-06-15,242.85482788085938,258.4599573832439,240.9041866930613,251.63271322595065,14535000
2020-06-16,255.53399658203125,258.45995837495525,243.83014941033514,243.83014941033514,27192000
2020-06-17,254.55865478515625,259.43525736724735,252.6080137523198,258.45993685082914,12156000
2020-06-18,253.58335876464844,258.45996181781476,250.65739693274867,253.58335876464844,23997000
2020-06-19,249.6820526123047,256.5092962384224,243.8301295042038,253.58333468437195,9431000
2020-06-22,251.63272094726562,259.4352859378785,245.78079720430597,248.7067590757858,33551000
2020-06-23,253.58335876464844,257.4846412071815,249.6820763221154,251.63271754338191,42114000
2020-06-24,257.484619140625,260.4105807217685,252.6080165053859,255.53397808652937,33434000
2020-06-25,254.55865478515625,257.48461633441093,249.68205220306513,257.48461633441093,7403000
2020-06-26,250.6573944091797,258.45995921569113,244.80547080429614,255.53399741324935,12177000
2020-06-29,245.78077697753906,249.68205915178572,242.85481534685408,246.75609752110074,11474000
2020-06-30,246.75611877441406,250.65740128468147,245.78079814684722,246.75611877441406,15491000
2020-07-01,243.8301544189453,246.75611627197267,239.9288719482422,246.75611627197267,24798000
2020-07-02,240.9041748046875,244.80545698775936,238.95353371315156,244.80545698775936,30942000
2020-07-03,241.87950134277344,245.7807836224956,238.95353963298183,242.85482191270398,10543000
2020-07-06,245.78077697753906,245.78077697753906,241.87949480329243,242.85481534685408,9959000
2020-07-07,252.60804748535156,254.55868877867474,246.75612360538202,246.75612360538202,24346000
2020-07-08,252.60804748535156,254.55868877867474,247.73144425204362,253.58336813201313,19961000
2020-07-09,244.8054656982422,253.58335092248194,243.8301451177711,252.60803034201086,40997000
2020-07-10,238.9535369873047,244.80546034209584,237.97821642817283,244.80546034209584,25112000
2020-07-13,222.3730926513672,240.9041837056478,222.3730926513672,239.92886312384354,68020000
2020-07-14,214.57052612304688,225.29905242919924,210.66924382990058,222.3730907093395,41706000
2020-07-15,209.6939239501953,221.39777086834576,206.7679622206577,214.570526832758,15485000
2020-07-16,214.57052612304688,222.3730907093395,209.693923256614,210.66924382990058,24383000
2020-07-17,219.4471435546875,219.4471435546875,213.5952197265625,214.57054036458334,16964000
2020-07-20,216.5211639404297,222.37308729017101,216.5211639404297,220.42244617359057,12231000
2020-07-21,225.29904174804688,230.175644383286,216.5211570046165,216.5211570046165,12917000
2020-07-22,222.3730926513672,226.27437497858415,220.4224514877587,226.27437497858415,9299000
2020-07-23,222.3730926513672,224.32373381497567,220.4224514877587,222.3730926513672,11834000
2020-07-24,214.57052612304688,223.34841128262607,214.57052612304688,220.42244956276633,23836000
2020-07-27,217.49649047851562,218.4718110636211,213.59520813809382,214.5705287231993,2283000
2020-07-28,214.57052612304688,217.49648784290662,214.57052612304688,217.49648784290662,11287000
2020-07-29,214.57052612304688,217.49648784290662,212.6198849764737,214.57052612304688,1360000
2020-07-30,214.57052612304688,218.4718084161932,212.6198849764737,214.57052612304688,3239000
2020-08-03,205.7926483154297,216.52117500485969,199.94072466664971,216.52117500485969,15287000
2020-08-04,204.81732177734375,210.66924525669643,199.94071887788317,203.84200119745162,22712000
2020-08-05,204.81732177734375,214.57052757626488,204.81732177734375,204.81732177734375,31275000
2020-08-06,203.84201049804688,209.69393424440227,202.8666898736543,204.81733112243944,61665000
2020-08-07,202.86669921875,207.74330256535455,200.91605788010816,203.84201988807092,11760000
2020-08-10,199.9407196044922,207.74328427198458,197.9900784376191,205.79264310511147,5600000
2020-08-11,206.76795959472656,207.74328015885263,197.99007451759195,199.94071564584408,16133000
2020-08-12,213.59521484375,214.57053545947488,204.81732930222603,205.7926499179509,24060000
2020-08-13,223.34841918945312,224.32373979726734,213.59521311131107,214.57053371912528,13138000
2020-08-14,224.32373046875,228.22501273777175,221.3977687669837,225.29905103600544,21541000
2020-08-18,224.32373046875,226.27437160326087,222.37308933423913,223.34840990149456,29310000
2020-08-19,234.07693481445312,238.95353762308756,221.39776751200358,224.32372919718424,26585000
2020-08-24,234.07693481445312,237.97821706136065,222.37308807373046,237.00289649963378,13041000
2020-08-25,232.1262969970703,234.0769381483062,226.27437354336266,234.0769381483062,10320000
2020-08-26,229.20033264160156,239.9288588503574,229.20033264160156,234.07693546376328,5265000
2020-08-27,228.2250213623047,230.1756625705295,224.32373894585504,229.20034196641708,5960000
2020-08-28,222.3730926513672,228.22501614219266,220.4224514877587,228.22501614219266,4995000
2020-08-31,221.39776611328125,224.3237277799766,215.54584277989056,224.3237277799766,10146000
2020-09-01,216.5211639404297,221.3977667318808,214.57052282384925,221.3977667318808,13642000
2020-09-02,215.54583740234375,218.47179899604072,214.57051687111144,217.4964784648084,6682000
2020-09-03,214.57052612304688,216.52116726962004,213.5952055497603,215.54584669633346,7631000
2020-09-04,212.61990356445312,215.54586554011073,205.79265895458536,215.54586554011073,15290000
2020-09-07,209.6939239501953,219.44712971532067,209.6939239501953,212.61988567973293,20239000
2020-09-08,211.64456176757812,213.59520288985996,209.69392064529632,209.69392064529632,2258000
2020-09-09,207.7432861328125,210.66924790933098,205.79264494846683,208.71860672498534,3521000
2020-09-10,193.6011199951172,195.0641007507478,193.6011199951172,195.0641007507478,43173000
2020-09-11,195.06411743164062,211.6445674133301,185.3109115600586,187.26155273437502,18961000
2020-09-14,203.84201049804688,210.66925486879484,197.99008675169145,197.99008675169145,8376000
2020-09-15,204.81732177734375,204.81732177734375,202.86668061755952,203.84200119745162,3221000
2020-09-16,201.89134216308594,210.66922660495925,201.89134216308594,204.81730364371037,1921000
2020-09-17,205.7926483154297,207.7432895316897,202.8666864910397,203.8420070991697,4509000
2020-09-18,203.84201049804688,203.84201049804688,198.96540737608402,203.84201049804688,3988000
2020-09-21,202.86669921875,204.81734055739182,199.94073721078726,203.84201988807092,528000
2020-09-22,200.91603088378906,201.89135142205987,194.08878711589333,197.99006926897658,753000
2020-09-23,197.01475524902344,199.9407169606426,194.08879353740429,197.99007581956315,3718000
2020-09-24,196.03944396972656,197.01476458649137,186.28623780207846,197.01476458649137,2659000
2020-09-25,196.03944396972656,197.99008520325617,187.7492187272257,195.06412335296176,3311000
2020-09-28,194.0887908935547,198.9653936798249,194.0887908935547,196.03943200806276,5419000
2020-09-29,193.6011199951172,197.01474175825527,193.6011199951172,194.08878024699408,14443000
2020-09-30,194.0887908935547,197.01475256531683,193.11347033630065,194.57645117218172,42309000
2020-10-01,194.5764617919922,195.06412209723527,193.1134808762629,195.06412209723527,56037000
2020-10-02,195.06411743164062,196.03943801879882,194.57645713806153,194.57645713806153,62747000
2020-10-05,195.06411743164062,196.03943801879882,193.60113655090333,194.57645713806153,110970000
2020-10-06,194.5764617919922,196.03944270772143,185.3109159923735,195.06412209723527,55902000
2020-10-07,195.06411743164062,197.99007919311524,195.06411743164062,197.01475860595704,808000
2020-10-08,195.06411743164062,197.01475860595704,195.06411743164062,195.06411743164062,60946000
2020-10-09,198.9654083251953,198.9654083251953,197.01476706710517,197.01476706710517,3007000
2020-10-12,207.7432861328125,208.71860672498534,199.94072139542988,199.94072139542988,10539000
2020-10-13,202.86669921875,208.71862323467548,193.60115286020132,207.74330256535455,5986000
2020-10-14,212.61990356445312,212.61990356445312,197.99009368616507,201.8913763203752,6486000
2020-10-15,202.86669921875,211.64458524263821,198.96541654146634,210.6692645733173,10444000
2020-10-16,205.7926483154297,209.69393074794968,197.9900834503897,199.94072466664971,1908000
2020-10-19,200.91603088378906,205.79263357514316,197.99006926897658,205.79263357514316,21900000
2020-10-20,203.84201049804688,204.81733112243944,197.99008675169145,200.91604862486915,16402000
2020-10-21,206.76795959472656,206.76795959472656,199.94071564584408,204.81731846647443,5012000
2020-10-22,204.81732177734375,205.79264235723585,200.9160394577753,204.81732177734375,29647000
2020-10-23,202.86669921875,205.79266122671274,201.89137854942908,201.89137854942908,3612000
2020-10-26,202.86669921875,203.84201988807092,201.89137854942908,202.86669921875,901000
2020-10-27,201.89134216308594,203.8419831501689,200.91602166954448,201.89134216308594,10457000
2020-11-02,188.23687744140625,204.81732778598607,188.23687744140625,200.91604535196728,9432000
2020-11-03,192.13815307617188,199.94071766809762,189.21219135419972,190.18751192819042,2329000
2020-11-04,192.62582397460938,195.0641255439082,192.1381636607496,192.1381636607496,1011000
2020-11-05,191.16282653808594,193.11346762520927,191.16282653808594,193.11346762520927,6840000
2020-11-06,193.6011199951172,194.57644049887094,191.16281873573286,191.16281873573286,8610000
2020-11-09,196.03944396972656,196.03944396972656,193.60114242781452,194.57646304457936,15088000
2020-11-10,219.4471435546875,228.225029296875,197.01476888020835,197.99008951822918,58226000
2020-11-11,215.54583740234375,223.34840165220234,214.57051687111144,219.44711952727306,6068000
2020-11-12,213.59521484375,215.54585607519977,207.74329114940068,215.54585607519977,3052000
2020-11-13,209.6939239501953,213.59520625624546,206.7679622206577,212.61988567973293,2551000
2020-11-16,215.54583740234375,215.54583740234375,209.6939142149498,211.64455527741444,1965000
2020-11-17,217.49649047851562,221.39777281893743,216.5211698934102,216.5211698934102,9670000
2020-11-18,227.2497100830078,227.2497100830078,219.44714492994316,219.44714492994316,7345000
2020-11-19,236.02757263183594,237.00289317990138,221.39776441085436,227.249687699247,12182000
2020-11-20,234.07693481445312,237.97821706136065,233.10161425272622,237.00289649963378,12864000
2020-11-23,236.02757263183594,243.83013701635943,230.17564934344333,236.02757263183594,21342000
2020-11-24,243.8301544189453,246.75611627197267,234.0769482421875,237.97823071289062,22117000
2020-11-25,245.78077697753906,254.55866186959403,238.95353317260742,245.78077697753906,41798000
2020-11-26,254.55865478515625,260.41057788366555,241.87948807171935,241.87948807171935,28485000
2020-11-27,268.21319580078125,273.08979936079544,253.58338512073863,256.50934725674716,17345000
2020-11-30,250.6573944091797,276.99105063115576,249.68207380836577,268.2131652238304,44199000
2020-12-01,256.5093078613281,258.4599489857489,243.83014055259326,250.6573844880659,22216000
2020-12-02,265.2872009277344,266.26252151938047,254.5586744196275,254.5586744196275,7603000
2020-12-03,268.21319580078125,273.08979936079544,265.2872336647727,267.2378750887784,9526000
2020-12-04,263.3365478515625,267.237830041956,258.4599451135706,267.237830041956,14408000
2020-12-07,276.99102783203125,279.9169893936372,258.4599379418601,265.28718158560736,15613000
2020-12-08,288.69488525390625,290.64552637048666,276.99103855442354,278.941679671004,3763000
2020-12-10,297.4727783203125,302.3493812435963,288.69489305840165,288.69489305840165,10837000
2020-12-11,288.69488525390625,307.2259758614205,288.69488525390625,293.57148804535734,13367000
2020-12-14,276.99102783203125,294.546797201667,276.01570731149593,288.6948740784551,6426000
2020-12-15,267.2378234863281,279.9169902940736,263.3365413916372,279.9169902940736,22550000
2020-12-16,277.96636962890625,278.9416902240954,266.2625224866365,276.01572843852796,7130000
2020-12-17,278.9416809082031,284.7936042838997,273.08975753250655,278.9416809082031,11142000
2020-12-18,290.64556884765625,290.64556884765625,279.9170411385146,279.9170411385146,7741000
2020-12-21,297.4727783203125,301.3740606589395,291.62085481237193,292.5961753970287,7433000
2020-12-22,276.99102783203125,297.47275876327296,276.99102783203125,294.546797201667,19267000
2020-12-23,283.81829833984375,286.7442601783988,258.4599624056996,278.94169527558523,23093000
2020-12-28,273.0897521972656,284.7935987200056,273.0897521972656,283.8182781764439,8888000
2020-12-29,254.55865478515625,274.0650651135207,254.55865478515625,273.0897445971025,17672000
2020-12-30,237.00291442871094,254.55868586787471,237.00291442871094,254.55868586787471,39725000
2021-01-04,238.9535369873047,250.65738369688697,232.1262930733817,237.00289586904097,17392000
2021-01-05,238.9535369873047,245.78078090122767,236.02757530990914,237.97821642817283,4604000
2021-01-06,234.07693481445312,241.8794993082682,229.20033200581867,238.95353762308756,16706000
2021-01-07,239.92886352539062,253.5833516935023,233.1016194413348,233.1016194413348,8085000
2021-01-08,242.85482788085938,242.85482788085938,236.02758372356612,237.00290431746515,10376000
2021-01-11,243.8301544189453,243.8301544189453,238.9535513305664,242.85483380126954,8943000
2021-01-12,245.78077697753906,247.7314180646624,240.90417425973075,243.83013589041573,10164000
2021-01-13,240.9041748046875,254.558662445439,240.9041748046875,246.7560980792953,4253000
2021-01-14,240.9041748046875,243.83013644199139,238.95353371315156,240.9041748046875,5448000
2021-01-15,238.9535369873047,240.9041781055684,234.07693419164542,240.9041781055684,8178000
2021-01-18,238.9535369873047,244.80546034209584,234.07693419164542,237.00289586904097,5518000
2021-01-19,237.00291442871094,238.95355569972915,234.07695252218366,238.95355569972915,2907000
2021-01-20,237.9782257080078,237.9782257080078,236.0275845136799,237.00290511084384,506000
2021-01-21,242.85482788085938,243.8301484747584,238.95354550526324,238.95354550526324,2495000
2021-01-22,244.8054656982422,250.65738918106868,241.87950395682893,244.8054656982422,12549000
2021-01-25,273.0897521972656,273.0897521972656,244.8054564339774,246.75609752110074,57523000
2021-01-26,254.55865478515625,276.99102666277537,254.55865478515625,276.99102666277537,20673000
2021-01-27,252.60804748535156,252.60804748535156,237.00291713876612,247.73144425204362,9190000
2021-01-28,235.05226135253906,243.8301466312646,235.05226135253906,243.8301466312646,3979000
2021-01-29,233.10162353515625,235.05226473628727,219.44713512723914,235.05226473628727,12307000
2021-02-01,242.85482788085938,242.85482788085938,231.15098075407096,233.101621941869,4131000
2021-02-02,242.85482788085938,243.8301484747584,238.95354550526324,242.85482788085938,3365000
2021-02-03,242.85482788085938,243.8301484747584,240.9041866930613,243.8301484747584,2683000
2021-02-04,242.85482788085938,242.85482788085938,237.00290431746515,242.85482788085938,1982000
2021-02-05,243.8301544189453,245.78079565429687,242.85483380126954,242.85483380126954,3805000
2021-02-08,247.73143005371094,247.73143005371094,240.90418591837243,244.805468281423,2487000
2021-02-09,238.9535369873047,246.75610146035953,238.9535369873047,246.75610146035953,1663000
2021-02-10,240.9041748046875,244.80545698775936,238.95353371315156,244.80545698775936,3540000
2021-02-11,240.9041748046875,245.78077753352733,239.92885425891953,244.80545698775936,7550000
2021-02-15,240.9041748046875,243.83013644199139,240.9041748046875,241.87949535045547,1700000
2021-02-16,240.9041748046875,241.87949535045547,239.92885425891953,240.9041748046875,5319000
2021-02-17,240.9041748046875,241.87949535045547,239.92885425891953,240.9041748046875,3055000
2021-02-18,239.92886352539062,241.8795046922637,238.95354294195408,240.90418410882717,2614000
2021-02-19,240.9041748046875,241.87949535045547,236.02757207584767,240.9041748046875,10716000
2021-02-22,243.8301544189453,254.55868121337892,232.12630700683593,241.87951318359376,21653000
2021-02-23,241.87950134277344,244.80546305256505,238.95353963298183,243.83014248263453,14362000
2021-02-24,237.9782257080078,251.63271406830336,236.0275845136799,241.87950809666367,8942000
2021-02-25,236.02757263183594,239.9288548240977,236.02757263183594,237.97821372796682,1662000
2021-02-26,237.9782257080078,238.95354630517178,235.05226391651593,236.0275845136799,9650000
2021-03-01,237.00291442871094,239.92887633523824,235.05227315769275,239.92887633523824,1041000
2021-03-02,234.07693481445312,238.95353762308756,231.15097312927244,237.97821706136065,3382000
2021-03-03,234.07693481445312,236.02757593790687,233.10161425272622,234.07693481445312,1950000
2021-03-04,234.07693481445312,237.00289649963378,232.12629369099935,237.00289649963378,1071000
2021-03-05,241.87950134277344,245.7807836224956,230.17565450360698,235.05225735325968,4594000
2021-03-08,242.85482788085938,244.80546906865743,240.9041866930613,241.87950728696032,5400000
2021-03-09,242.85482788085938,244.80546906865743,241.87950728696032,242.85482788085938,1802000
2021-03-10,247.73143005371094,253.58335359828678,244.805468281423,244.805468281423,12927000
2021-03-12,252.60804748535156,256.5093300719979,248.7067648987052,249.6820855453668,6951000
2021-03-15,238.9535369873047,252.60802481515069,237.00289586904097,252.60802481515069,6991000
2021-03-16,236.02757263183594,238.95353427603226,235.0522520837705,238.95353427603226,3462000
2021-03-17,234.07693481445312,237.97821706136065,233.10161425272622,235.05225537618,5044000
2021-03-18,237.00291442871094,237.00291442871094,232.12631125116545,234.07695252218366,5606000
2021-03-19,237.9782257080078,238.95354630517178,236.0275845136799,237.9782257080078,1507000
2021-03-22,238.9535369873047,243.83013978296398,237.97821642817283,237.97821642817283,1156000
2021-03-23,234.07693481445312,240.90417874654133,234.07693481445312,240.90417874654133,605000
2021-03-24,227.2497100830078,239.92887845673786,226.27438943887472,239.92887845673786,2765000
2021-03-25,219.4471435546875,227.24970865885416,218.47182291666667,227.24970865885416,5078000
2021-03-26,219.4471435546875,220.42246419270833,217.49650227864583,220.42246419270833,3294000
2021-03-29,222.3730926513672,231.15097788760536,219.44713090595448,229.20033672399688,931000
2021-03-30,216.5211639404297,222.37308729017101,216.5211639404297,222.37308729017101,553000
2021-03-31,209.6939239501953,219.44712971532067,205.79264164414516,216.52116798578308,4369000
2021-04-01,205.7926483154297,209.69393074794968,204.81732770729968,209.69393074794968,823000
2021-04-05,204.81732177734375,207.74328351702007,202.86668061755952,205.79264235723585,1941000
2021-04-06,204.81732177734375,224.323733375186,203.84200119745162,204.81732177734375,3757000
2021-04-07,207.7432861328125,212.61988909367665,202.86668317194835,204.81732435629402,2632000
2021-04-08,204.81732177734375,209.6939246768043,201.8913600376674,207.74328351702007,18164000
2021-04-09,208.71859741210938,212.61987960672826,206.76795631479996,209.6939179607641,5966000
2021-04-12,208.71859741210938,213.59520015538297,207.74327686345467,207.74327686345467,7763000
2021-04-13,208.71859741210938,208.71859741210938,204.81731521749052,208.71859741210938,4140000
2021-04-14,212.61990356445312,213.59522422300566,208.71862093024296,209.6939415887955,10073000
2021-04-15,212.61990356445312,213.59522422300566,211.6445829059006,212.61990356445312,36464000
2021-04-16,229.20033264160156,235.05225602819564,210.66924191738696,214.57052417511636,19918000
2021-04-19,223.34841918945312,238.95354891448042,219.4471367581963,229.20034283633836,18624000
2021-04-20,224.32373046875,226.27437160326087,223.34840990149456,223.34840990149456,581000
2021-04-21,221.39776611328125,223.3484072244115,219.447125002151,223.3484072244115,9592000
2021-04-22,221.39776611328125,224.3237277799766,220.42244555771615,221.39776611328125,26245000
2021-04-23,221.39776611328125,222.37308666884638,219.447125002151,221.39776611328125,11400000
2021-04-26,228.2250213623047,229.20034196641708,206.7679680718316,222.3730977376302,3056000
2021-04-27,227.2497100830078,228.2250307271409,222.3731068623424,228.2250307271409,2547000
2021-04-28,222.3730926513672,226.27437497858415,222.3730926513672,226.27437497858415,379000
2021-04-29,229.20033264160156,233.10161489933094,224.32372981943982,224.32372981943982,877000
2021-04-30,229.20033264160156,230.1756532060339,227.24969151273686,229.20033264160156,326000
2021-05-03,228.2250213623047,229.20034196641708,225.29905954996744,229.20034196641708,354000
2021-05-04,236.02757263183594,236.02757263183594,228.22500824731245,229.20032879537789,2001000
2021-05-05,236.02757263183594,239.9288548240977,233.10161098763962,238.95353427603226,695000
2021-05-06,233.10162353515625,236.02758533685275,233.10162353515625,233.10162353515625,2087000
2021-05-07,234.07693481445312,235.05225537618,231.15097312927244,231.15097312927244,3194000
2021-05-10,234.07693481445312,234.07693481445312,229.20033200581867,234.07693481445312,6233000
2021-05-11,224.32373046875,231.15097443953806,221.3977687669837,231.15097443953806,4046000
2021-05-17,222.3730926513672,224.32373381497567,222.3730926513672,224.32373381497567,669000
2021-05-18,217.49649047851562,222.3730934040429,217.49649047851562,222.3730934040429,6095000
2021-05-19,209.6939239501953,217.4964885622956,208.71860337368278,217.4964885622956,902000
2021-05-20,209.6939239501953,223.34841202137082,208.71860337368278,209.6939239501953,5338000
2021-05-21,209.6939239501953,214.570526832758,208.71860337368278,209.6939239501953,1196000
2021-05-24,214.57052612304688,215.54584669633346,208.71860268332742,209.693923256614,650000
2021-05-25,213.59521484375,217.49649730664953,213.59521484375,217.49649730664953,478000
2021-05-27,213.59521484375,214.57053545947488,211.64457361230023,213.59521484375,8390000
2021-05-28,218.4718017578125,218.4718017578125,212.61987849644254,213.5951990400042,6366000
2021-05-31,211.64456176757812,214.57052345100087,209.69392064529632,214.57052345100087,11259000
2021-06-02,208.71859741210938,216.52116180134712,206.76795631479996,212.61987960672826,18914000
2021-06-03,209.6939239501953,211.64456510322037,204.81732106763263,209.6939239501953,20720000
2021-06-04,209.6939239501953,210.66924452670784,204.81732106763263,209.6939239501953,2832000
2021-06-07,207.7432861328125,210.66924790933098,199.94072139542988,210.66924790933098,7912000
2021-06-08,205.7926483154297,209.69393074794968,200.9160452747797,207.7432895316897,3538000
2021-06-09,205.7926483154297,208.7186101398197,200.9160452747797,205.7926483154297,18557000
2021-06-10,197.99008178710938,205.79264658660136,197.01476118717287,205.79264658660136,16651000
2021-06-11,198.9654083251953,201.89137021233054,197.99008769615025,201.89137021233054,10429000
2021-06-14,198.9654083251953,199.9407289542404,196.03944643806008,199.9407289542404,18921000
2021-06-15,197.01475524902344,198.96539639010288,188.72453039943582,198.96539639010288,23110000
2021-06-16,209.6939239501953,210.66924452670784,195.06411530250728,197.01475645553234,19002000
2021-06-17,212.61990356445312,214.5705448815582,204.81733829603283,211.6445829059006,23908000
2021-06-18,197.99008178710938,212.61989078615684,197.99008178710938,212.61989078615684,22446000
2021-06-21,194.0887908935547,199.94071423707894,190.1875086645385,199.94071423707894,3145000
2021-06-22,198.9654083251953,198.9654083251953,194.08880517996994,194.08880517996994,235000
2021-06-23,197.99008178710938,199.94072298698237,196.03944058723636,197.99008178710938,6100000
2021-06-24,184.33558654785156,195.06411274904926,184.33558654785156,194.08879218530402,15307000
2021-06-25,191.16282653808594,192.13814708164762,183.84792246137346,184.3355827331543,24835000
2021-06-28,190.18751525878906,194.0887976230719,182.8726108257587,190.18751525878906,19330000
2021-06-29,181.4096221923828,190.18750713717554,177.02067971998645,190.18750713717554,10424000
2021-06-30,180.43431091308594,183.36027271167652,179.94665061332083,181.40963151261613,4458000
2021-07-01,172.14407348632812,181.40961851817013,168.2427913676578,181.40961851817013,10186000
2021-07-02,164.34152221679688,172.14408706981988,161.9032207002272,171.65642676650594,15499000
2021-07-05,161.41555786132812,164.34151963524948,160.92789756567456,164.34151963524948,14107000
2021-07-06,158.00192260742188,161.41554439215014,155.07596107765482,161.41554439215014,36441000
2021-07-07,158.48959350585938,158.9772537935697,155.56363177959736,158.9772537935697,20222000
2021-07-08,162.87852478027344,170.6810888416039,158.48958249577504,158.9772427496082,48423000
2021-07-09,160.44024658203125,165.8045101455642,155.56364334245583,165.8045101455642,31557000
2021-07-12,154.58831787109375,160.44024157599318,154.58831787109375,160.44024157599318,28074000
2021-07-13,148.73638916015625,156.05129354508196,146.29808769851434,156.05129354508196,32336000
2021-07-14,143.8597869873047,148.73638993602688,142.39680610268803,148.24872964115465,27637000
2021-07-15,149.22406005859375,153.1253426745047,136.54489155688316,144.34745678870507,64257000
2021-07-16,160.44024658203125,160.44024658203125,149.22405913100778,149.71171945496533,25351000
2021-07-19,151.1746826171875,164.34150981287803,150.1993620841734,158.9772468813004,26701000
2021-07-21,156.05130004882812,158.48960161209106,146.78575410842896,151.17469692230225,29255000
2021-07-22,170.68109130859375,170.68109130859375,151.1746808733259,156.05128348214288,41671000
2021-07-23,163.85386657714844,170.68111101786295,162.87854594276064,170.68111101786295,29044000
2021-07-26,164.34152221679688,170.19344585656413,158.97725888034358,165.8045031267387,49531000
2021-07-27,175.55770874023438,178.9713308546278,168.73046451144748,168.73046451144748,49476000
2021-07-28,174.0947265625,178.97132954744396,170.6811044730392,175.55770745798318,33431000
2021-07-29,170.68109130859375,174.09471313476564,170.68109130859375,173.11939261300225,23026000
2021-07-30,159.46490478515625,179.458975415711,158.97724452587443,173.1193920450473,39996000
2021-08-02,168.24281311035156,180.43432130675384,161.4155685203663,162.87854950393455,32013000
2021-08-03,168.24281311035156,169.70579409391985,165.31685114321502,165.8045114710711,22902000
2021-08-04,167.755126953125,170.68108846974928,165.80448594204216,168.73044745866642,68127000
2021-08-05,166.77981567382812,171.65641847130848,165.80449511433204,167.75513623332418,28824000
2021-08-06,185.3109130859375,190.6751763594778,166.77982177734376,166.77982177734376,91146000
2021-08-09,185.3109130859375,199.94072201377466,180.43431010999177,189.21219546669408,51023000
2021-08-10,175.55770874023438,185.7985750834147,173.60706753200955,185.7985750834147,23910000
2021-08-12,187.2615509033203,190.1875126361847,175.5577039718628,175.5577039718628,20260000
2021-08-13,178.48367309570312,187.26155865778688,176.5330318596845,187.26155865778688,12704000
2021-08-16,172.14407348632812,180.43429798850255,169.70577216215918,178.4836569291674,16411000
2021-08-18,181.4096221923828,184.82324411535777,170.19343587403657,176.04535917056504,13582000
2021-08-19,176.53302001953125,183.3602638876899,170.6810967039667,181.40962278250174,10523000
2021-08-20,177.50833129882812,182.87259405785863,173.60704929226046,176.53301079718622,20430000
2021-08-23,181.89727783203125,183.36025861888405,177.50833547147286,177.50833547147286,4564000
2021-08-24,186.28622436523438,193.11346819013826,181.8972819063676,182.384942179575,17164000
2021-08-25,189.2122039794922,190.18752461856172,186.77390238181832,187.26156270135309,4380000
2021-08-26,193.1134796142578,195.06412082248264,186.28623538547092,189.21219719780817,10699000
2021-08-27,188.72454833984375,202.86669795704134,186.77390701333374,194.08881198774628,26282000
2021-08-30,207.7432861328125,207.7432861328125,188.72453458544234,188.72453458544234,10687000
2021-08-31,206.76795959472656,210.66924185123085,204.81731846647443,209.69392128710479,6997000
2021-09-01,219.4471435546875,234.07695312500002,206.76797526041668,208.71861653645834,37497000
2021-09-02,219.4471435546875,238.95355631510418,214.57054036458334,223.34842610677083,42976000
2021-09-03,218.4718017578125,231.15096882411413,216.52116067068917,220.42244284493583,15055000
2021-09-06,214.57052612304688,226.2743730024858,213.5952055497603,218.4718084161932,29235000
2021-09-07,214.57052612304688,218.4718084161932,213.5952055497603,214.57052612304688,19997000
2021-09-08,219.4471435546875,229.20034993489583,206.76797526041668,214.57054036458334,29096000
2021-09-09,218.4718017578125,219.44712230137418,214.57051958356587,219.44712230137418,10716000
2021-09-10,222.3730926513672,223.34841323317144,216.52116916054175,219.44713090595448,19778000
2021-09-13,229.20033264160156,235.05225602819564,222.37308869057512,222.37308869057512,51342000
2021-09-14,243.8301544189453,263.33656677246097,232.12630700683593,232.12630700683593,50797000
2021-09-15,256.5093078613281,263.33655179680073,243.83014055259326,244.80546111480365,32097000
2021-09-16,250.6573944091797,257.4846386148772,245.78079140511005,257.4846386148772,27649000
2021-09-17,250.6573944091797,250.6573944091797,238.95354719941255,250.6573944091797,16284000
2021-09-20,239.92886352539062,250.65738994319264,234.07694002477135,250.65738994319264,8581000
2021-09-21,239.92886352539062,239.92886352539062,226.27437535727896,235.0522606082079,15414000
2021-09-22,238.9535369873047,239.92885754643655,237.00289586904097,239.92885754643655,2620000
2021-09-23,246.75611877441406,246.75611877441406,238.95355375387922,238.95355375387922,23597000
2021-09-24,241.87950134277344,247.73142476235668,241.87950134277344,247.73142476235668,3294000
2021-09-27,235.05226135253906,242.85482604473953,234.07694076601402,242.85482604473953,4578000
2021-09-28,234.07693481445312,235.05225537618,226.274370320638,235.05225537618,10846000
2021-09-29,229.20033264160156,234.07693546376328,225.29905038387216,234.07693546376328,7284000
2021-09-30,250.6573944091797,250.6573944091797,219.44713518313398,229.20034119127325,12331000
2021-10-01,236.02757263183594,250.6573808528175,234.07693153570506,250.6573808528175,4569000
2021-10-04,241.87950134277344,242.85482191270398,234.07693678332913,234.07693678332913,8237000
2021-10-05,242.85482788085938,246.7561102564555,238.95354550526324,241.87950728696032,26110000
2021-10-06,252.60804748535156,258.4599713653211,242.85484101873567,242.85484101873567,36141000
2021-10-07,252.60804748535156,253.58336813201313,244.80548231205884,252.60804748535156,11982000
2021-10-08,264.3118591308594,287.7195514524115,252.6080129700833,253.5833334834813,61535000
2021-10-11,276.99102783203125,292.59615616059637,263.3365405445367,264.31186106507204,31701000
2021-10-12,263.3365478515625,277.9663560655382,263.3365478515625,277.9663560655382,19558000
2021-10-13,264.3118591308594,272.1144232380434,263.3365386174614,263.3365386174614,18383000
2021-10-14,273.0897521972656,287.7195603506906,264.3118673052107,265.2871878487723,36596000
2021-10-15,265.2872009277344,275.0404068441952,263.33655974444224,273.089765660903,7486000
2021-10-18,271.1391296386719,276.0157326897271,265.28720597740556,265.28720597740556,17239000
2021-10-19,285.7689208984375,290.64552364414465,273.089753759599,273.089753759599,18716000
2021-10-21,311.12725830078125,312.1025788597178,276.9910387379996,285.76892376842915,55287000
2021-10-22,306.2506408691406,320.8804485539722,294.5467947212754,311.12724343075115,67025000
2021-10-25,316.97918701171875,336.4855985201322,305.2753401066707,306.25066068209134,34699000
2021-10-26,316.97918701171875,326.73239276592545,311.1272635591947,319.90514873798077,5834000
2021-10-27,311.12725830078125,316.00386109546434,307.2259760650348,316.00386109546434,6887000
2021-10-28,308.2012939453125,312.1025761471519,298.448088440714,311.12725559669207,8241000
2021-10-29,316.97918701171875,321.85578988882213,309.17662240835335,309.17662240835335,9600000
2021-11-01,316.00384521484375,318.92980674461086,307.22596062554254,316.9791657247661,3039000
2021-11-02,308.2012939453125,316.0038583489913,306.2506528443928,316.0038583489913,1927000
2021-11-03,316.00384521484375,319.90512725453317,308.2012811354649,308.2012811354649,10354000
2021-11-04,315.028564453125,331.6090152138158,309.1766406552341,317.95452635207045,23678000
2021-11-05,310.1519470214844,317.95451172642737,308.2013058452486,315.0285499620737,3387000
2021-11-08,316.00384521484375,316.9791657247661,310.15192215530965,310.15192215530965,12278000
2021-11-09,314.05322265625,321.8557871942935,310.15194038722825,316.9791843580163,10676000
2021-11-10,311.12725830078125,316.00386109546434,310.1519377418446,314.0532199775911,3652000
2021-11-11,295.5221252441406,311.12725396990385,289.6702019719794,310.15193342454364,17134000
2021-11-12,275.0404052734375,292.59617582280583,275.0404052734375,290.6455346506538,31978000
2021-11-15,271.1391296386719,286.74425940204867,271.1391296386719,275.04041207951605,15967000
2021-11-16,276.0157165527344,281.8676398718736,271.139113786785,272.1144343399749,10224000
2021-11-17,276.99102783203125,280.89230991417253,273.08974574988997,276.99102783203125,4046000
2021-11-18,275.0404052734375,276.9910464455895,273.0897641012854,276.9910464455895,3928000
2021-11-19,274.0650939941406,277.9663764709256,273.0897733749444,276.99105585172936,5845000
2021-11-22,269.1885070800781,277.96639318051547,259.43530030181444,276.0157518248627,7004000
2021-11-23,268.21319580078125,273.08979936079544,263.33659224076706,269.1885165127841,2189000
2021-11-24,258.4599914550781,268.21319867979804,256.50935001013414,268.21319867979804,16382000
2021-11-25,268.21319580078125,268.21319580078125,258.4599886807528,259.4353093927557,3567000
2021-11-26,249.6820526123047,268.2131424546242,249.6820526123047,268.2131424546242,34050000
2021-11-29,256.5093078613281,262.3612312345904,233.10161436827917,249.68206392585552,19198000
2021-11-30,242.85482788085938,262.36123975884004,238.95354550526324,260.410598571042,14840000
2021-12-01,237.9782257080078,244.80546988815559,226.2743785420402,242.85482869382764,12996000
2021-12-02,246.75611877441406,247.7314394019809,229.2003474782107,237.97823312631238,3373000
2021-12-03,243.8301544189453,251.63271936035156,238.9535513305664,247.73143688964845,2076000
2021-12-06,243.8301544189453,245.78079565429687,238.9535513305664,238.9535513305664,1913000
2021-12-07,257.484619140625,265.28718335700756,245.78077281605115,250.65737545129025,10961000
2021-12-08,252.60804748535156,262.36125395196746,252.60804748535156,258.4599713653211,7236000
2021-12-09,251.63272094726562,257.4846446902253,251.63272094726562,254.55868281874547,4205000
2021-12-10,250.6573944091797,251.63271500999363,245.78079140511005,248.70675320755186,2136000
2021-12-13,249.6820526123047,254.55865520238876,245.78077054023743,250.6573731303215,1879000
2021-12-14,249.6820526123047,254.55865520238876,240.90416795015335,250.6573731303215,17746000
2021-12-15,250.6573944091797,250.6573944091797,243.8301502034822,250.6573944091797,9950000
2021-12-16,246.75611877441406,258.4599663052163,243.8301568917135,250.65740128468147,12877000
2021-12-17,255.53399658203125,258.45995837495525,248.70675239854185,251.63271419146588,10626000
2021-12-20,239.92886352539062,257.4846340272485,239.92886352539062,255.53399286037538,4239000
2021-12-21,239.92886352539062,250.65738994319264,236.02758119164443,238.95354294195408,6071000
2021-12-22,228.2250213623047,239.92886861165363,228.2250213623047,239.92886861165363,7218000
2021-12-23,234.07693481445312,238.95353762308756,229.20033200581867,230.17565256754557,4999000
2021-12-24,240.9041748046875,253.58334189967104,235.0522515300797,235.0522515300797,1365000
2021-12-27,240.9041748046875,248.7067391708312,239.92885425891953,240.9041748046875,15349000
2021-12-28,249.6820526123047,250.6573731303215,241.87948846817017,241.87948846817017,13851000
2021-12-29,247.73143005371094,251.63271241676148,247.73143005371094,249.6820712352362,2487000
2021-12-30,247.73143005371094,251.63271241676148,243.83014769066037,246.75610946294827,15342000
2022-01-03,247.73143005371094,248.70675064447357,242.8548270998977,248.70675064447357,1410000
2022-01-04,257.484619140625,257.484619140625,247.73141387014678,247.73141387014678,8816000
2022-01-05,252.60804748535156,262.36125395196746,251.63272683868996,256.5093300719979,3871000
2022-01-06,235.05226135253906,252.60803190999013,235.05226135253906,252.60803190999013,18760000
2022-01-07,235.05226135253906,237.97822311211425,229.20033783338872,234.07694076601402,3154000
2022-01-10,234.07693481445312,235.05225537618,230.17565256754557,235.05225537618,5757000
2022-01-11,234.07693481445312,239.92885818481443,230.17565256754557,234.07693481445312,6249000
2022-01-12,237.00291442871094,239.92887633523824,234.07695252218366,234.07695252218366,7360000
2022-01-13,238.9535369873047,239.92885754643655,237.00289586904097,237.00289586904097,3339000
2022-01-14,239.92886352539062,240.90418410882717,237.00290177508097,239.92886352539062,8956000
2022-01-17,241.87950134277344,245.7807836224956,238.95353963298183,240.9041807728429,3304000
2022-01-18,237.00291442871094,241.87951760625643,236.02759379320185,241.87951760625643,2513000
2022-01-19,239.92886352539062,240.90418410882717,234.07694002477135,234.07694002477135,3543000
2022-01-20,238.9535369873047,239.92885754643655,238.9535369873047,239.92885754643655,6293000
2022-01-21,244.8054656982422,245.78078627871326,234.07693931306025,238.95354221541567,2209000
2022-01-24,239.92886352539062,244.80546644257336,238.95354294195408,241.8795046922637,7557000
2022-01-25,223.34841918945312,237.9782283066662,223.34841918945312,237.9782283066662,8258000
2022-01-26,220.42245483398438,220.42245483398438,207.74328707804722,220.42245483398438,24292000
2022-01-27,222.3730926513672,225.29905439677992,214.57052799693327,219.44713090595448,7689000
2022-01-28,222.3730926513672,224.32373381497567,219.44713090595448,222.3730926513672,12387000
2022-01-31,232.1262969970703,234.0769381483062,222.3730912408909,222.3730912408909,3506000
2022-02-02,257.484619140625,258.4599396676728,234.07692649147728,234.07692649147728,17107000
2022-02-03,254.55865478515625,259.43525736724735,252.6080137523198,258.45993685082914,4323000
2022-02-04,254.55865478515625,263.33653943292023,251.63269323590157,254.55865478515625,6947000
2022-02-07,257.484619140625,257.484619140625,249.68205492424244,254.55865755948156,5300000
2022-02-08,244.8054656982422,257.48463324436625,243.8301451177711,257.48463324436625,3131000
2022-02-09,243.8301544189453,244.8054750366211,242.85483380126954,244.8054750366211,1539000
2022-02-10,240.9041748046875,243.83013644199139,240.9041748046875,243.83013644199139,1483000
2022-02-11,237.9782257080078,239.92886690233576,237.00290511084384,239.92886690233576,650000
2022-02-14,224.32373046875,237.9782184103261,221.3977687669837,237.9782184103261,8085000
2022-02-15,224.32373046875,232.1262950067935,219.44712763247284,227.2496921705163,9480000
2022-02-16,235.05226135253906,238.9535436986393,224.3237349007634,231.15097900643883,6118000
2022-02-17,248.7067413330078,252.60802354999615,235.05225357354854,238.9535357905369,7194000
2022-02-18,250.6573944091797,254.5586768124354,248.70675320755186,248.70675320755186,3168000
2022-02-21,241.87950134277344,251.6327070420788,241.87950134277344,251.6327070420788,940000
2022-02-22,254.55865478515625,255.53397530157446,241.87948807171935,242.85480858813756,4466000
2022-02-23,253.58335876464844,257.4846412071815,253.58335876464844,254.5586793752817,5893000
2022-02-24,238.9535369873047,253.58334537428254,236.02757530990914,252.60802481515069,6238000
2022-02-25,248.7067413330078,251.63270299574907,236.02757412779565,237.97821523628983,6371000
2022-03-01,249.6820526123047,253.58333468437195,238.95352691411972,253.58333468437195,6885000
2022-03-02,243.8301544189453,249.682078125,243.8301544189453,249.682078125,1171000
2022-03-04,253.58335876464844,268.2131679241474,236.0275877732497,243.83015265831582,4795000
2022-03-07,254.55865478515625,271.139103564266,248.7067316866469,254.55865478515625,6132000
2022-03-08,266.26251220703125,266.26251220703125,255.5339860741472,255.5339860741472,9568000
2022-03-09,260.4106140136719,282.84298900361364,260.4106140136719,271.13914118277444,10351000
2022-03-10,254.55865478515625,273.0897445971025,249.68205220306513,260.41057788366555,7545000
2022-03-11,254.55865478515625,263.33653943292023,251.63269323590157,254.55865478515625,2784000
2022-03-14,246.75611877441406,254.5586837949489,244.80547751928034,254.5586837949489,1978000
2022-03-15,248.7067413330078,248.7067413330078,244.80545911601945,245.78077967026653,2359000
2022-03-16,256.5093078613281,258.4599489857489,248.70674336364513,248.70674336364513,1456000
2022-03-17,258.4599914550781,258.4599914550781,256.50935001013414,256.50935001013414,716000
2022-03-18,259.435302734375,261.3859441083177,256.509340673461,259.435302734375,3013000
2022-03-21,264.3118591308594,264.3118591308594,258.45993605047136,258.45993605047136,1989000
2022-03-22,264.3118591308594,265.2871796442574,261.38589759066537,264.3118591308594,3492000
2022-03-23,259.435302734375,263.3365854822603,258.4599820474037,262.361264795289,1625000
2022-03-24,259.435302734375,261.3859441083177,253.583378612547,258.4599820474037,2622000
2022-03-25,253.58335876464844,259.43528242844803,251.63271754338191,259.43528242844803,8473000
2022-03-28,253.58335876464844,258.45996181781476,253.58335876464844,254.5586793752817,2035000
2022-03-29,256.5093078613281,256.5093078613281,252.60802561248664,253.583346174697,924000
2022-03-30,252.60804748535156,256.5093300719979,252.60804748535156,256.5093300719979,670000
2022-03-31,252.60804748535156,255.53400942533634,251.63272683868996,254.55868877867474,1534000
2022-04-01,253.58335876464844,253.58335876464844,247.73143510084887,253.58335876464844,1703000
2022-04-04,260.4106140136719,260.4106140136719,252.60804879977908,252.60804879977908,522000
2022-04-05,255.53399658203125,263.336561363162,255.53399658203125,261.3859201678793,1404000
2022-04-06,251.63272094726562,253.58336219491886,249.68207969961242,253.58336219491886,3010000
2022-04-07,253.58335876464844,258.45996181781476,251.63271754338191,251.63271754338191,5525000
2022-04-08,254.55865478515625,259.43525736724735,248.7067316866469,253.583334268738,1650000
2022-04-11,267.2378234863281,271.13910558101907,258.45993877327356,260.41057982061903,16439000
2022-04-12,311.12725830078125,314.0532199775911,267.2378331486334,267.2378331486334,38022000
2022-04-13,293.5715026855469,314.05323543105015,289.67022025783194,311.12727361026396,8319000
2022-04-14,301.3740539550781,311.1272595846923,290.6455277625025,293.5714894513868,11801000
2022-04-18,305.27532958984375,314.053214466229,293.5714830879967,302.349367964382,62647000
2022-04-19,293.5715026855469,311.12727361026396,292.59618207861814,308.20131178947776,14224000
2022-04-20,280.892333984375,302.3493872748481,280.892333984375,293.57150183783637,10162000
2022-04-21,282.8429870605469,294.5468348009833,273.0897806101832,280.89234577047415,8644000
2022-04-22,283.81829833984375,291.6208632426573,277.96637466273353,282.84297772699205,2627000
2022-04-25,282.8429870605469,288.6949109307651,279.91702512543776,282.8429870605469,2287000
2022-04-26,282.8429870605469,291.62087286587416,278.94170448040137,283.8183077055832,6424000
2022-04-27,286.7442321777344,288.6948732129571,280.8923090720663,280.8923090720663,1600000
2022-04-28,300.39874267578125,310.1519486068131,286.7442543723366,286.7442543723366,6612000
2022-05-09,296.4974670410156,298.4481082715486,287.7195815036171,298.4481082715486,6397000
2022-05-10,292.5961608886719,296.49744303385415,281.8676349894206,296.49744303385415,2017000
2022-05-11,294.5467834472656,295.5221039222566,290.6455015473018,292.5961424972837,10190000
2022-05-12,277.96636962890625,293.5714991519326,274.06508724814967,287.7195755807977,19058000
2022-05-13,273.0897521972656,288.69488089425226,271.1391111101423,277.96635491507396,5064000
2022-05-17,290.64556884765625,292.5962102493184,273.08979623269715,273.08979623269715,1809000
2022-05-18,292.5961608886719,295.5221224975586,284.7935965983073,291.6208403523763,2288000
2022-05-19,284.7936096191406,292.5961742662404,282.84296845736566,292.5961742662404,627000
2022-05-20,290.64556884765625,293.57153095014945,284.7936446426699,284.7936446426699,2702000
2022-05-23,316.00384521484375,316.00384521484375,296.4974350163966,296.4974350163966,11303000
2022-05-24,318.9298095703125,341.36218149727637,316.00384801462155,316.00384801462155,5614000
2022-05-25,311.12725830078125,321.855784449084,306.25065550609816,318.9298227722742,11463000
2022-05-27,310.1519470214844,326.73239701948825,302.3493823165414,311.12726760960226,11850000
2022-05-30,307.22601318359375,319.9051819816468,306.2506925068204,311.127295890687,21331000
2022-05-31,309.1766357421875,310.15195635967075,307.225994507221,307.225994507221,1946000
2022-06-02,304.3000183105469,314.05322402562854,300.3987360245142,310.1519417395959,10597000
2022-06-03,297.4727783203125,310.15194592085044,296.49745773565576,309.17662533619364,10416000
2022-06-06,301.3740539550781,305.2753362069238,294.5468100143482,303.324695081001,5670000
2022-06-07,298.4481201171875,309.1766473109426,298.4481201171875,302.34940273309843,5134000
2022-06-08,302.349365234375,302.349365234375,296.49744203629035,298.44808310231855,13317000
2022-06-09,295.5221252441406,306.2506512431028,295.5221252441406,305.2753306977426,6970000
2022-06-10,291.620849609375,295.52213187839675,290.64552904211956,295.52213187839675,23682000
2022-06-13,281.8676452636719,291.62085098213805,278.941683548132,291.62085098213805,2632000
2022-06-14,282.8429870605469,285.768948995656,277.96638383536504,281.8676664155105,933000
2022-06-15,287.7195739746094,293.571497513076,278.94168866690944,282.8429710258872,6267000
2022-06-16,292.5961608886719,299.4234046427409,277.96635284423826,286.7442376708984,10801000
2022-06-17,283.81829833984375,292.596183855509,278.94169527558523,291.6208632426573,2749000
2022-06-20,277.96636962890625,284.79361379523027,277.96636962890625,283.8182932000411,2323000
2022-06-21,284.7936096191406,290.6455331044654,277.9663655529283,277.9663655529283,2269000
2022-06-22,290.64556884765625,290.64556884765625,286.744286044332,289.6702481468252,432000
2022-06-23,288.69488525390625,291.6208469287769,286.7442441373258,288.69488525390625,2764000
2022-06-24,312.10260009765625,316.97920322418213,290.6455463409424,290.6455463409424,3871000
2022-06-27,298.4481201171875,314.0532505808313,298.4481201171875,312.10260927287584,2602000
2022-06-28,304.3000183105469,308.20130059657953,299.42341545300604,299.42341545300604,1705000
2022-06-29,304.3000183105469,312.1025828826122,302.3493771675306,304.3000183105469,4087000
2022-06-30,308.2012939453125,310.1519350462322,304.3000117434731,304.3000117434731,2043000
2022-07-01,302.349365234375,315.02853216355845,297.47276256930445,309.1766089654738,6626000
2022-07-04,282.8429870605469,302.34939996127423,282.8429870605469,302.34939996127423,8791000
2022-07-05,277.96636962890625,286.74425498560856,277.96636962890625,282.842972604852,1780000
2022-07-06,279.9170227050781,281.86766397828427,277.966381431872,277.966381431872,17025000
2022-07-07,278.9416809082031,290.64552765959627,278.9416809082031,278.9416809082031,4556000
2022-07-08,285.7689208984375,290.64552364414465,280.8923181527304,282.8429592510132,470000
2022-07-11,299.4234619140625,299.4234619140625,278.94172673427323,285.76897179420297,931000
2022-07-12,290.64556884765625,299.4234551551358,279.9170411385146,299.4234551551358,1090000
2022-07-13,279.9170227050781,306.2506798933607,277.966381431872,296.49747352733016,2691000
2022-07-14,284.7936096191406,289.67021252357796,278.94168613381584,278.94168613381584,743000
2022-07-15,281.8676452636719,284.79360697921175,280.89232469182525,284.79360697921175,4590000
2022-07-18,284.7936096191406,285.7689302000281,279.9170067147033,285.7689302000281,643000
2022-07-19,281.8676452636719,295.5221332695245,280.89232469182525,284.79360697921175,140000
2022-07-20,289.67022705078125,291.6208683103825,282.842982642177,282.842982642177,400000
2022-07-21,292.5961608886719,294.54680196126304,287.719558207194,287.719558207194,1054000
2022-07-22,294.5467834472656,301.3740267722022,291.62082202229277,293.5714629722747,2941000
2022-07-25,293.5715026855469,302.3493881479054,293.5715026855469,301.3740675409767,1472000
2022-07-26,292.5961608886719,294.54680196126304,290.6455198160807,293.57148142496743,3441000
2022-07-27,302.349365234375,302.349365234375,290.64551883820565,292.5961599042339,1903000
2022-07-28,302.349365234375,306.25064736643145,301.3740447013609,303.3246857673891,1655000
2022-07-29,316.00384521484375,316.9791657247661,301.3740375660084,302.34935807593075,6029000
2022-08-01,307.22601318359375,316.0038992745536,306.2506925068204,316.0038992745536,3055000
2022-08-02,307.22601318359375,316.0038992745536,306.2506925068204,307.22601318359375,2132000
2022-08-03,298.4481201171875,304.3000440410539,294.54683750127657,302.34940273309843,6532000
2022-08-04,292.5961608886719,298.4480841064453,291.6208403523763,298.4480841064453,5177000
2022-08-05,289.67022705078125,293.5715095699837,289.67022705078125,290.64554768058184,3938000
2022-08-08,299.4234619140625,332.5843664908642,292.59621685413276,297.4728204683683,24944000
2022-08-09,301.3740539550781,310.15193902173087,290.6455277625025,302.34937451803955,8187000
2022-08-10,291.620849609375,301.3740552819294,290.64552904211956,301.3740552819294,13114000
2022-08-11,292.5961608886719,297.47276357014977,291.6208403523763,292.5961608886719,2846000
2022-08-12,293.5715026855469,294.5468232924756,291.6208614716894,293.5715026855469,3178000
2022-08-15,293.5715026855469,297.47278511326175,293.5715026855469,293.5715026855469,2238000
2022-08-16,294.5467834472656,296.4974243972475,291.62082202229277,293.5714629722747,2345000
2022-08-18,289.67022705078125,295.5221508295849,288.69490642098066,293.5715095699837,7738000
2022-08-19,311.12725830078125,312.1025788597178,289.6702060041756,290.64552656311224,8089000
2022-08-22,323.8064270019531,346.2387999569077,311.1272596795875,311.1272596795875,21714000
2022-08-23,323.8064270019531,328.6830298182476,319.90514474891756,323.8064270019531,5050000
2022-08-24,321.85577392578125,328.683017615116,319.9051328716856,323.80641497987693,6630000
2022-08-25,321.85577392578125,324.78173550692475,319.9051328716856,321.85577392578125,13852000
2022-08-26,332.58428955078125,341.36217402572856,321.8557640814012,321.8557640814012,5672000
2022-08-29,321.85577392578125,332.5842997233073,319.9051328716856,328.683017615116,15428000
2022-08-30,338.4362487792969,346.23881359265243,321.85579855091635,321.85579855091635,9617000
2022-08-31,331.6090087890625,340.3868943158318,324.7817644904642,337.4609324735754,6766000
2022-09-01,324.78173828125,331.6089820289039,324.78173828125,331.6089820289039,4223000
2022-09-02,325.7570495605469,329.65833159121206,323.80640854521425,324.78172905288056,1332000
2022-09-05,316.97918701171875,326.73239276592545,312.10258413461537,325.7570721905048,5815000
2022-09-06,316.97918701171875,322.8311104642428,303.3246989558293,316.97918701171875,4534000
2022-09-07,315.028564453125,319.90516761803406,312.10260255417955,316.9792057190886,1759000
2022-09-08,323.8064270019531,324.781747565212,308.2012979898108,315.02854193262306,3373000
2022-09-09,315.028564453125,326.7324120489067,313.0779231871614,324.7817707829431,1785000
2022-09-12,314.05322265625,321.8557871942935,311.1272609544837,315.02854322350544,6945000
2022-09-13,292.5961608886719,318.9298153686523,292.5961608886719,314.0532126871745,34353000
2022-09-14,298.4481201171875,303.3247233870762,292.5961961933211,297.47279946320975,11414000
2022-09-15,301.3740539550781,304.3000156439624,293.5714894513868,304.3000156439624,22769000
2022-09-16,298.4481201171875,302.34940273309843,296.497478809232,300.398761425143,6537000
2022-09-19,300.39874267578125,302.34938386198763,297.4727808964717,302.34938386198763,5990000
2022-09-20,301.3740539550781,304.3000156439624,299.42341282915527,300.3987333921167,7157000
2022-09-21,295.5221252441406,300.39872797094165,294.5468046987804,300.39872797094165,4376000
2022-09-22,291.620849609375,295.52213187839675,290.64552904211956,295.52213187839675,13119000
2022-09-23,291.620849609375,293.5714907438859,291.620849609375,291.620849609375,9251000
2022-09-26,290.64556884765625,291.6208895484873,283.8183239418388,291.6208895484873,7610000
2022-09-27,287.7195739746094,292.5961769233316,285.7689327951205,291.62085633358714,5609000
2022-09-28,282.8429870605469,289.67023157580144,282.8429870605469,286.7442696406923,5799000
2022-09-29,279.9170227050781,285.7689465246965,278.9417020684751,284.7936258880934,4453000
2022-09-30,276.0157165527344,280.89231931868375,273.08975489316475,279.9169987654939,6311000
2022-10-03,272.11444091796875,279.91700553210404,268.2131586109011,276.0157232250364,7208000
2022-10-04,270.1637878417969,277.96635211159605,269.18846730807195,272.11442890924667,17941000
2022-10-05,276.0157165527344,277.9663576591141,271.139113786785,271.139113786785,5542000
2022-10-06,276.0157165527344,277.9663576591141,272.1144343399749,276.99103710592425,12270000
2022-10-07,273.0897521972656,276.0157138279506,271.1391111101423,276.0157138279506,8359000
2022-10-10,264.3118591308594,273.0897437514414,261.38589759066537,270.1637822112474,17880000
2022-10-11,265.2872009277344,271.1391244776109,262.36123915279614,266.26252151938047,3989000
2022-10-12,272.11444091796875,273.0897614947357,263.3365557270665,265.28719688060033,8071000
2022-10-13,261.3858947753906,273.0897408101096,254.55865125513787,272.11442030721634,9903000
2022-10-14,263.3365478515625,265.2871889467593,259.43526566116896,265.2871889467593,10432000
2022-10-17,263.3365478515625,265.2871889467593,253.5833423755787,263.3365478515625,15824000
2022-10-18,260.4106140136719,266.2625379240915,258.45997271019866,264.31189662061826,6670000
2022-10-19,262.3612365722656,266.26251890047774,260.41059540815957,261.3859159902126,6231000
2022-10-20,266.26251220703125,267.2378327645662,262.3612299768916,263.3365505344265,16297000
2022-10-21,276.0157165527344,280.89231931868375,268.2131521272154,268.2131521272154,51787000
2022-10-24,286.7442321777344,286.7442321777344,275.0403859663983,276.991027001621,25390000
2022-10-25,278.9416809082031,286.74424540913185,274.06507809512266,286.74424540913185,6534000
2022-10-26,282.8429870605469,286.7442696406923,276.0157425452923,279.91702512543776,11842000
2022-10-27,282.8429870605469,284.7936283506196,276.99106319032865,282.8429870605469,22369000
2022-10-28,280.892333984375,284.79361640082465,279.9170133802626,282.8429751925998,6902000
2022-10-31,312.10260009765625,316.00388259887694,281.8676607131958,282.842981338501,41657000
2022-11-01,327.7077331542969,350.14010774521597,322.83112998235794,322.83112998235794,126366000
2022-11-02,340.38690185546875,341.36222249115775,327.70773359151144,327.70773359151144,35132000
2022-11-03,326.732421875,340.38691114738805,323.8064598880597,340.38691114738805,12077000
2022-11-04,340.38690185546875,341.36222249115775,327.70773359151144,328.68305422720044,31031000
2022-11-07,349.1647644042969,349.1647644042969,331.60899412698586,340.38687926564137,18336000
2022-11-08,341.3621826171875,355.99199044363843,335.51025948660714,349.16474679129465,12981000
2022-11-09,345.26348876953125,351.1154123079979,335.51028287208686,341.3622064105535,16120000
2022-11-10,350.14007568359375,365.74520440486816,341.36219077787695,345.2634729581955,29918000
2022-11-11,341.3621826171875,351.11538783482143,339.4115415736607,350.14006731305807,15025000
2022-11-14,354.0413818359375,355.9920230581741,343.3128551136364,343.3128551136364,14157000
2022-11-15,346.23883056640625,351.1154338138204,345.2635099169234,351.1154338138204,4804000
2022-11-16,345.26348876953125,351.1154123079979,341.3622064105535,346.2388093592757,3641000
2022-11-17,345.26348876953125,350.1400917182535,341.3622064105535,345.26348876953125,12137000
2022-11-18,344.28814697265625,347.214108561659,340.3868648539859,345.2634675023238,18961000
2022-11-21,374.5231018066406,374.5231018066406,344.28816390037537,344.28816390037537,28133000
2022-11-22,390.12823486328125,397.93079956054686,370.6218231201172,374.52310546875003,22243000
2022-11-23,394.0295104980469,408.6593190561427,385.2516253631894,392.07886935696746,19444000
2022-11-24,405.7333984375,413.5359637920673,394.02955040564905,399.8814744215745,28221000
2022-11-25,402.807373046875,409.63461665783893,391.103526856651,406.70865511028296,11414000
2022-11-28,388.1775817871094,403.7827107031741,383.30097900083916,402.80739014592,13793000
2022-11-29,413.5359191894531,414.5112397535792,386.2269433939232,388.1775845221753,25344000
2022-11-30,401.8320617675781,415.4865493033696,395.98013853795317,413.535908226828,16032000
2022-12-01,396.9554748535156,409.63464235497923,391.1035513913016,401.83207773869395,9248000
2022-12-02,389.1529235839844,405.73337396224935,384.2763205315535,392.07888541544287,7495000
2022-12-05,396.9554748535156,403.7827188927653,385.25162792908765,392.0788719683373,11318000
2022-12-06,388.1775817871094,403.7827107031741,379.39969677182296,399.8814284741579,14659000
2022-12-07,377.4490966796875,394.0295479550226,373.5478140266675,380.3750586694525,8199000
2022-12-08,389.1529235839844,392.07888541544287,361.8439464903714,372.57247320571935,16523000
2022-12-09,388.1775817871094,395.00482568788766,383.30097900083916,389.15290234436344,5879000
2022-12-12,380.3750305175781,389.15291583721455,372.5724657890124,388.1775952461438,4972000
2022-12-13,392.0788879394531,396.95549102327715,372.5724756041569,372.5724756041569,5074000
2022-12-14,376.4737548828125,392.0788846188876,370.6218312317843,392.0788846188876,11894000
2022-12-15,369.6465148925781,382.32568294957946,365.7452324135008,376.4737592309635,21828000
2022-12-16,371.59710693359375,376.4737093867905,369.64646595231505,370.6217864429544,5118000
2022-12-19,371.59710693359375,375.49838889615114,369.64646595231505,373.54774791487245,5536000
2022-12-20,370.621826171875,376.4737497430099,368.6711849814967,374.5231085526316,11000000
2022-12-21,370.621826171875,375.49842914782073,369.64650557668585,375.49842914782073,6987000
2022-12-22,370.621826171875,380.37503212376646,369.64650557668585,370.621826171875,7442000
2022-12-23,365.7452087402344,375.4984143066406,362.8192470703125,375.4984143066406,3976000
2022-12-26,371.59710693359375,373.54774791487245,356.96729957400345,360.86858153656084,3115000
2022-12-27,371.59710693359375,379.3996708587086,370.6217864429544,371.59710693359375,2843000
2022-12-28,371.59710693359375,377.4490298774299,367.69582497103636,371.59710693359375,3124000
2022-12-29,376.4737548828125,376.4737548828125,365.74522818926084,371.59715184028903,2644000
2022-12-30,375.4984436035156,377.44908486898845,370.6218404398336,376.473764236252,1001000
2023-01-02,370.621826171875,386.2269556949013,365.74522319592927,378.42439093338817,4330000
2023-01-03,361.8439636230469,371.5971701897058,357.9426809963833,365.7452462497104,11103000
2023-01-04,351.11541748046875,369.6465089586046,351.11541748046875,361.84394412570526,18973000
2023-01-05,341.3621826171875,364.76987513950894,341.3621826171875,351.11538783482143,22774000
2023-01-06,355.9920349121094,365.74524134805756,336.48562204021295,347.214149119756,20311000
2023-01-09,354.0413818359375,362.8192673360021,348.1894581692278,362.8192673360021,4893000
2023-01-10,343.3128662109375,356.96735520796346,339.4115836403587,353.0660726373846,5997000
2023-01-11,345.26348876953125,351.1154123079979,340.3868858208091,342.33752700029794,17533000
2023-01-12,346.23883056640625,350.1401131643376,342.3375479684749,345.2635099169234,2692000
2023-01-13,347.2141418457031,347.2141418457031,343.31285935305476,347.2141418457031,6974000
2023-01-16,340.38690185546875,349.16478757666994,337.4609399484017,347.2141463052919,3633000
2023-01-17,343.3128662109375,346.23882813887167,338.436262997714,346.23882813887167,30240000
2023-01-18,348.189453125,351.11541491596637,340.38688834908965,342.3375295430672,12008000
2023-01-19,362.8192443847656,370.6218087801369,350.14007724228725,350.14007724228725,10119000
2023-01-20,371.59710693359375,377.4490298774299,364.7698634991183,365.7451839897576,6705000
2023-01-24,355.9920349121094,375.49844778400575,354.04139362491975,375.49844778400575,13484000
2023-01-25,345.26348876953125,356.9673358464645,342.33752700029794,355.9920152567201,21612000
2023-01-26,347.2141418457031,355.9920274541619,341.3622181067306,345.263500599379,7726000
2023-01-27,343.3128662109375,356.96735520796346,332.5843391418457,355.016713922674,19706000
2023-01-30,360.8686218261719,364.76990422429265,343.31285103462835,343.31285103462835,8374000
2023-01-31,370.621826171875,376.4737497430099,359.8932996247944,360.86862021998354,16657000
2023-02-01,367.6958923339844,391.1035883976863,367.6958923339844,370.6218543419471,27400000
2023-02-02,378.4244079589844,384.27633179340165,368.6712015682889,371.59716348549756,8392000
2023-02-03,403.7826843261719,406.7086458067963,377.449031000552,378.42435149409346,23778000
2023-02-06,397.9308166503906,409.63466419893155,390.12825161803005,404.7580610537062,8436000
2023-02-07,424.2644958496094,432.06706129052174,398.9061581666442,400.8567995268723,21588000
2023-02-08,431.0916748046875,438.8942390545461,419.3878284298996,424.2644310860612,65053000
2023-02-09,446.69683837890625,453.5240826336057,431.091708653879,436.9436323007642,14620000
2023-02-10,452.5487365722656,468.15386541958514,444.74617214860587,445.7214927015633,125504000
2023-02-13,458.4006652832031,481.80835882957945,453.52406246104135,453.52406246104135,25885000
2023-02-14,448.6474609375,468.1538722826087,443.7708581012228,457.42534604279894,21043000
2023-02-15,453.5240783691406,466.2032461515037,448.6474753759241,448.6474753759241,36017000
2023-02-16,459.3759765625,463.27725874137474,452.54873274946925,463.27725874137474,18836000
2023-02-17,453.5240783691406,462.3019637569305,449.6227959745674,459.37600196100055,14799000
2023-02-20,466.2032470703125,466.2032470703125,444.74619385787133,453.52407926296087,19005000
2023-02-21,484.7343444824219,497.4135124467508,467.1785734548895,467.1785734548895,33311000
2023-02-22,471.079833984375,485.70964249320656,461.3266283118207,481.8083602241848,23349000
2023-02-23,486.6849670410156,490.09858905432935,473.0304789877607,473.0304789877607,21018000
2023-02-24,476.9317932128906,487.66032025857936,475.95647257237346,486.6849996180622,14974000
2023-02-27,471.079833984375,484.7343219259511,468.1538722826087,477.90707795516306,18082000
2023-02-28,476.9317932128906,482.7837170559936,470.1045487292705,471.0798693697877,100577000
2023-03-01,466.2032470703125,476.93177367653306,463.27728526861597,476.93177367653306,20002000
2023-03-02,465.2279052734375,476.93175194698307,465.2279052734375,466.2032258295663,11007000
2023-03-03,456.4500427246094,470.10453118218317,448.6474778917101,468.1538899739583,14337000
2023-03-06,454.4994201660156,458.40070274254794,444.7462137246848,455.4747408101487,3259000
2023-03-07,446.69683837890625,454.4994032414199,445.72151777109207,454.4994032414199,5813000
2023-03-08,442.7955322265625,454.4993788933439,420.36315944856483,446.696814448823,4553000
2023-03-09,453.5240783691406,458.4006813623572,434.9929869949177,440.8449105867776,4958000
2023-03-10,456.4500427246094,459.3760045369466,446.69683668348523,453.5240809122721,5565000
2023-03-13,452.5487365722656,456.4500187840955,433.0423255131162,446.6968132545208,16195000
2023-03-14,428.16571044921875,448.64744147298546,428.16571044921875,448.64744147298546,9117000
2023-03-15,446.69683837890625,454.4994032414199,424.26446439917953,424.26446439917953,6503000
2023-03-16,440.84490966796875,446.69683324763207,436.9436272815266,446.69683324763207,7980000
2023-03-17,448.6474609375,448.6474609375,439.8695758322011,441.820216966712,3250000
2023-03-20,437.9189453125,448.6474718123608,429.14105999443206,447.6721512214644,5220000
2023-03-21,438.894287109375,440.84492838541667,437.91896647135417,437.91896647135417,1812000
2023-03-24,448.6474609375,448.6474609375,437.91893469769025,438.8942552649457,7225000
2023-03-27,447.6721496582031,455.47471435812827,439.86958495827804,450.5981114206751,8987000
2023-03-28,462.30194091796875,476.93174917486647,443.7708504592316,456.4500176152096,25771000
2023-03-29,460.351318359375,467.1785624875861,455.47471541065283,462.3019595388639,9076000
2023-03-30,461.3266296386719,484.7343233201267,458.40066792849007,462.30195020873253,32701000
2023-03-31,471.079833984375,474.98111625339675,458.4006666100544,461.3266283118207,13802000
2023-04-03,476.9317932128906,482.7837170559936,471.0798693697877,472.05519001030484,20977000
2023-04-04,463.2773132324219,476.9318024645354,452.5487859786184,476.9318024645354,16434000
2023-04-05,464.2525939941406,468.1538762966124,453.52406766234327,463.27727341852267,15481000
2023-04-06,446.69683837890625,465.2279299273762,444.7461971632778,464.252609319562,16679000
2023-04-10,442.7955322265625,455.474699448909,439.86957055986716,446.696814448823,8269000
2023-04-11,445.7215270996094,453.5240921254231,442.79556521492924,442.79556521492924,7193000
2023-04-12,437.9189453125,452.54875417594656,437.9189453125,445.7215100396715,22908000
2023-04-13,439.8695983886719,444.7462014750208,437.91895715413233,437.91895715413233,8885000
2023-04-14,443.7708740234375,447.67215643243475,439.86959161444025,439.86959161444025,5223000
2023-04-17,443.7708740234375,448.6474770346841,440.8449122166895,440.8449122166895,2990000
2023-04-18,441.8201904296875,445.7214724643867,434.9929468689638,443.7708314470371,11261000
2023-04-26,442.7955322265625,446.696814448823,438.894250004302,445.72149389325784,6152000
2023-04-27,450.59808349609375,458.40064771247637,439.86955769856775,440.84487822561556,6174000
2023-04-28,448.6474609375,451.5734226392663,445.7214992357337,450.5981020720109,5245000
2023-05-02,487.6603088378906,487.6603088378906,448.64748413085937,448.64748413085937,31653000
2023-05-03,497.4134826660156,558.3710173064587,480.83303324381507,487.6602771235447,86057000
2023-05-04,502.29010009765625,524.234813208719,487.6602913569478,499.85179864087155,29135000
2023-05-05,494.9751892089844,516.9199020310576,484.73432322535024,502.2900934830088,17882000
2023-05-08,502.29010009765625,509.60500446801046,490.0985928137326,497.4134971840868,8509000
2023-05-09,502.29010009765625,509.60500446801046,490.0985928137326,502.29010009765625,10209000
2023-05-10,494.9751892089844,504.7283949076836,487.66028493496,504.7283949076836,13690000
2023-05-11,538.8646240234375,553.4944328204539,487.6602932338801,494.9751976323883,105762000
2023-05-12,533.988037109375,546.1795448059361,521.7965294128139,541.3029417273116,24538000
2023-05-15,553.494384765625,573.0007948014179,531.549673475358,533.9879747298321,73387000
2023-05-16,558.3710327148438,565.6859370735535,541.302922544521,543.7412239974243,40952000
2023-05-17,575.4391479492188,602.2604641671908,558.371037628691,563.2476405774133,54614000
2023-05-19,590.0689697265625,609.5753819489282,570.5625575041968,582.7540651431754,41011000
2023-05-22,575.4391479492188,594.9455597441075,555.93273615433,594.9455597441075,47700000
2023-05-23,594.945556640625,604.6987624871927,565.6859391009222,575.4391449474898,37739000
2023-05-24,621.7669067382812,624.2052083333333,587.630684407552,597.3838907877604,29372000
2023-05-25,594.945556640625,624.2051741803278,594.945556640625,621.7668727186859,31013000
2023-05-26,612.013671875,616.8902748381474,575.4391496513945,594.9455615039841,39017000
2023-05-29,612.013671875,629.081782246016,594.9455615039841,612.013671875,37991000
2023-05-30,594.945556640625,621.7668727186859,594.945556640625,612.0136668721184,14156000
2023-05-31,614.4520263671875,614.4520263671875,575.439199296255,592.5073111397879,38515000
2023-06-05,609.5753784179688,624.2051875,587.6306647949218,614.4519814453125,40601000
2023-06-06,619.3285522460938,651.0264702744371,609.5753466989112,609.5753466989112,51501000
2023-06-07,663.218017578125,668.0946206485524,621.7668914794922,621.7668914794922,57014000
2023-06-08,658.3413696289062,670.532876473886,633.9583559389467,663.2179723668982,18035000
2023-06-09,658.3413696289062,668.09457510489,648.5881641529224,653.4647668909143,40442000
2023-06-12,638.8349609375,658.3413719584923,633.9583581822519,658.3413719584923,12145000
2023-06-13,648.5881958007812,668.0946077045642,633.9583868729441,638.8349898488898,14968000
2023-06-14,626.6434936523438,658.3414135647191,614.4519859937378,648.5882074378344,11807000
2023-06-15,633.9583740234375,636.3966754619892,616.8902639535758,626.6434697077824,13352000
2023-06-16,658.3413696289062,660.7796709979021,624.2051504629629,633.9583559389467,39928000
2023-06-19,668.0946655273438,672.9712689253536,638.835045139285,653.4648553333143,37620000
2023-06-20,633.9583740234375,668.0945941631611,624.2051682692307,668.0945941631611,34653000
2023-06-21,643.7115478515625,651.0264518044212,633.9583425810844,633.9583425810844,22587000
2023-06-22,658.3413696289062,663.2179723668982,643.7115614149305,646.1498627839264,8540000
2023-06-23,646.1498413085938,651.0264438845077,560.8092962301002,560.8092962301002,11250000
2023-06-26,655.9031372070312,663.2180420829461,641.2733274552015,646.1499307058115,9567000
2023-06-27,663.218017578125,663.218017578125,629.0817960851333,655.903112972484,18062000
2023-07-03,653.46484375,653.46484375,619.3286205690299,651.0265420942164,19637000
2023-07-04,667.2012939453125,696.6366451487821,645.1247805427103,657.3895102108226,61050000
2023-07-05,674.56005859375,686.8247869318182,667.2012215909091,674.56005859375,11286000
2023-07-06,686.8248291015625,686.8248291015625,667.2012625558035,674.5601000104632,27105000
2023-07-07,691.7306518554688,691.7306518554688,669.6541416898688,672.1070872638243,12820000
2023-07-10,672.107177734375,691.7307449674954,672.107177734375,691.7307449674954,8628000
2023-07-11,696.6366577148438,716.260225537797,672.107197936152,672.107197936152,39912000
2023-07-12,703.9954223632812,738.3366624785632,694.1836394732006,696.6365851957208,36797000
2023-07-13,679.4660034179688,703.9954620251157,667.2012741143953,703.9954620251157,26636000
2023-07-14,681.9188842773438,703.9953949194161,679.4659386504468,681.9188842773438,32834000
2023-07-17,667.2012939453125,691.7307532815372,637.7659427418428,681.9189695470474,11805000
2023-07-18,691.7306518554688,711.3542164471133,667.2011961159131,677.0129784117354,39387000
2023-07-20,701.54248046875,711.3542634123688,677.0130231097028,696.6365889969405,117437500
2023-07-21,745.6954956054688,765.3190612792969,701.5424728393555,711.3542556762695,85477100
2023-07-24,775.1309204101562,789.8485961141465,745.6955690021756,745.6955690021756,109188500
2023-07-25,750.6014404296875,780.0367910347733,740.7896568946588,775.130899267259,45468100
2023-07-26,765.319091796875,770.2249834109575,721.1660672701322,755.50730856871,68512200
2023-07-27,794.75439453125,799.660285855517,765.3190465856482,770.2249379099152,78396700
2023-07-28,765.319091796875,799.6603330954528,765.319091796875,799.6603330954528,27916400
2023-07-31,794.75439453125,794.75439453125,765.3190465856482,765.3190465856482,67068500
2023-08-01,789.8485717773438,799.6603552776834,770.2250047766644,799.6603552776834,24485300
2023-08-02,750.6014404296875,794.7544663373161,750.6014404296875,789.8485745698018,19737600
2023-08-03,765.319091796875,780.0367666391226,726.0719588842147,750.6014169546274,42672300
2023-08-04,760.4132080078125,775.1308830015121,745.6955330141129,770.2249913369455,13512100
2023-08-07,750.6014404296875,760.413223964716,740.7896568946588,755.5073321972018,20088000
2023-08-08,755.50732421875,760.4132159344562,730.9778656402192,755.50732421875,23248700
2023-08-09,770.2249755859375,775.1308671501791,740.7896262004876,755.5073008932126,29460900
2023-08-10,755.50732421875,775.1308910815746,745.6955407873377,770.2249993658685,18013000
2023-08-11,789.8485717773438,794.7544635275135,740.7896542756454,740.7896542756454,28977000
2023-08-14,794.75439453125,799.660285855517,765.3190465856482,794.75439453125,28450600
2023-08-15,804.5662231445312,834.0015727717703,784.942656726372,794.7544399354516,43903900
2023-08-16,804.5662231445312,829.0956811672304,780.0367651218321,804.5662231445312,56205100
2023-08-18,784.9426879882812,814.3780387878418,770.2250125885009,804.5662551879883,38238400
2023-08-21,829.095703125,843.8133783284023,784.9426775147929,784.9426775147929,86457400
2023-08-22,829.095703125,843.8133783284023,809.4721361871302,843.8133783284023,35736500
2023-08-23,819.2838745117188,834.0015489041449,804.5662001192927,829.0956574400028,32615200
2023-08-24,814.3779907226562,824.1897737434111,799.660316191524,824.1897737434111,37282100
2023-08-25,794.75439453125,824.1897424768518,780.0367205584491,819.2838511525849,31538500
2023-08-28,794.75439453125,814.3779598283179,784.942611882716,794.75439453125,21260500
2023-08-29,804.5662231445312,814.3780063536109,794.7544399354516,799.6603315399915,11122900
2023-08-30,794.75439453125,809.472068504051,784.942611882716,804.566177179784,18247400
2023-08-31,794.75439453125,829.0956338011189,789.8485032069831,799.660285855517,69283300
2023-09-01,789.8485717773438,814.3780305281929,784.9426800271739,814.3780305281929,16922000
2023-09-04,799.660400390625,804.5662924175614,789.8486163367523,794.7545083636887,17475500
2023-09-05,799.660400390625,804.5662924175614,789.8486163367523,799.660400390625,19348900
2023-09-06,819.2838745117188,834.0015489041449,799.6603086551506,799.6603086551506,31578900
2023-09-07,814.3779907226562,829.0956652537886,799.660316191524,819.2838822330338,18197700
2023-09-08,799.660400390625,824.1898605253068,794.7545083636887,814.378076471434,22252500
2023-09-11,814.3779907226562,829.0956652537886,794.7544246811465,799.660316191524,43822800
2023-09-12,799.660400390625,814.378076471434,765.3191562020705,799.660400390625,30509300
2023-09-13,794.75439453125,809.472068504051,789.8485032069831,804.566177179784,20830400
2023-09-14,784.9426879882812,809.472146987915,780.0367961883545,794.7544715881347,35887400
2023-09-15,804.5662231445312,804.5662231445312,770.2249819127525,789.8485483309119,270461800
2023-09-18,784.9426879882812,804.5662551879883,775.1309043884277,804.5662551879883,26973800
2023-09-19,770.2249755859375,799.6603249713874,770.2249755859375,794.7544334071457,12737000
2023-09-20,765.319091796875,780.0367666391226,740.7896337264623,770.2249834109575,40501300
2023-09-21,755.50732421875,775.1308910815746,726.071973924513,765.3191076501623,79399400
2023-09-22,755.50732421875,780.0367827972808,750.6014325030438,755.50732421875,21902300
2023-09-25,726.072021484375,765.3191577808277,721.1661294473184,755.5073737067145,21524800
2023-09-26,750.6014404296875,765.3191157322303,721.1660898246017,726.071981592116,40948300
2023-09-27,789.8485717773438,794.7544635275135,745.6955460258152,750.601437775985,42693100
2023-09-29,784.9426879882812,799.6603633880615,784.9426879882812,794.7544715881347,15260400
2023-10-02,804.5662231445312,814.3780063536109,784.942656726372,784.942656726372,22408800
2023-10-03,819.2838745117188,834.0015489041449,799.6603086551506,804.5662001192927,25674900
2023-10-04,829.095703125,834.0015948594674,794.7544609837279,819.2839196560651,42783400
2023-10-05,824.1898193359375,873.2487371535528,804.5662522088913,829.095711117699,30637000
2023-10-06,824.1898193359375,829.095711117699,799.6603604271298,824.1898193359375,23077100
2023-10-09,809.4721069335938,829.0956731622869,809.4721069335938,819.2838900479403,7369200
2023-10-10,824.1898193359375,829.095711117699,799.6603604271298,809.4721439906529,7703700
2023-10-11,824.1898193359375,834.0016028994605,814.3780357724145,819.283927554176,10088900
2023-10-12,819.2838745117188,829.0956574400028,809.4720915834347,824.1897659758608,5904100
2023-10-13,814.3779907226562,824.1897737434111,804.5662077019014,819.2838822330338,4838400
2023-10-16,809.4721069335938,824.1897816051136,804.5662153764205,814.377998490767,7521000
2023-10-17,784.9426879882812,814.3780387878418,784.9426879882812,809.472146987915,8757800
2023-10-18,780.0368041992188,799.6603716004569,765.3191286482901,784.9426960495283,15209500
2023-10-19,780.0368041992188,784.9426960495283,760.4132367979805,780.0368041992188,7779200
2023-10-20,750.6014404296875,780.0367910347733,740.7896568946588,780.0367910347733,13207200
2023-10-23,765.319091796875,775.13087502504,735.8837421123798,750.6014169546274,12653300
2023-10-24,780.0368041992188,794.7544797501474,760.4132367979805,765.3191286482901,20817800
2023-10-25,755.50732421875,799.6603496601056,755.50732421875,780.0367827972808,26253800
2023-10-26,735.8837890625,755.5073567708333,735.8837890625,755.5073567708333,14361800
2023-10-27,765.319091796875,780.0367666391226,735.8837421123798,740.7896337264623,14468800
2023-10-30,726.072021484375,789.8486179661106,711.3543453732052,765.3191577808277,19701100
2023-10-31,730.9778442382812,770.2249768148332,711.3542779500052,765.3190852427642,49877000
2023-11-01,726.072021484375,735.8838055584881,716.2602374102619,730.9779135214316,51645200
2023-11-02,735.8837890625,745.6955729166667,726.0720052083334,730.9778971354167,20950000
2023-11-03,740.7896118164062,760.4131776923375,726.0719374094577,735.8837203474234,19995100
2023-11-06,765.319091796875,780.0367666391226,740.7896337264623,740.7896337264623,19678700
2023-11-07,740.7896118164062,780.0367435682688,730.9778288784406,765.3190691613203,18401900
2023-11-08,745.6954956054688,775.1308441162109,726.0719299316406,775.1308441162109,9157800
2023-11-09,760.4132080078125,784.9426663306451,745.6955330141129,745.6955330141129,11104800
2023-11-10,745.6954956054688,770.2249526977539,745.6954956054688,760.4131698608398,3984600
2023-11-13,770.2249755859375,770.2249755859375,745.6955177647293,745.6955177647293,3541200
2023-11-14,770.2249755859375,775.1308671501791,750.6014093289709,770.2249755859375,11736000
2023-11-15,784.9426879882812,789.848579788208,770.2250125885009,770.2250125885009,12207600
2023-11-16,789.8485717773438,799.6603552776834,775.1308965268342,784.9426800271739,16198100
2023-11-17,784.9426879882812,804.5662551879883,784.9426879882812,789.848579788208,15158000
2023-11-20,799.660400390625,799.660400390625,775.1309402559433,784.942724309816,7240800
2023-11-21,784.9426879882812,804.5662551879883,780.0367961883545,794.7544715881347,11441400
2023-11-22,775.1309204101562,794.7544880154767,775.1309204101562,784.9427042128165,2210900
2023-11-23,794.75439453125,794.75439453125,775.1308292341821,775.1308292341821,4365600
2023-11-24,829.095703125,853.6251617973373,775.130894045858,794.7544609837279,25722800
2023-11-27,794.75439453125,868.3427643952547,794.75439453125,863.4368730709876,10094300
2023-11-28,794.75439453125,819.2838511525849,789.8485032069831,799.660285855517,10303700
2023-11-29,784.9426879882812,799.6603633880615,775.1309043884277,789.848579788208,12920300
2023-11-30,824.1898193359375,824.1898193359375,780.0367933000837,789.8485768636068,20023000
2023-12-01,799.660400390625,819.2839684983704,765.3191562020705,819.2839684983704,6209100
2023-12-04,784.9426879882812,799.6603633880615,765.3191207885742,799.6603633880615,21036000
2023-12-05,775.1309204101562,789.8485961141465,765.319136607496,784.9427042128165,6326300
2023-12-06,784.9426879882812,794.7544715881347,770.2250125885009,770.2250125885009,10659400
2023-12-07,789.8485717773438,809.4721387780231,775.1308965268342,784.9426800271739,14614300
2023-12-08,780.0368041992188,799.6603716004569,775.1309123489092,789.8485878998379,8882200
2023-12-11,775.1309204101562,804.5662718181369,760.413244706166,799.6603799168067,14172500
2023-12-12,780.0368041992188,784.9426960495283,765.3191286482901,775.1309123489092,11530500
2023-12-13,765.319091796875,780.0367666391226,750.6014169546274,775.13087502504,11900600
2023-12-14,755.50732421875,770.2249993658685,750.6014325030438,765.3191076501623,6107100
2023-12-15,765.319091796875,775.13087502504,750.6014169546274,755.50730856871,6762500
2023-12-18,784.9426879882812,794.7544715881347,755.5073371887207,765.3191207885742,22206300
2023-12-19,784.9426879882812,784.9426879882812,775.1309043884277,784.9426879882812,5323400
2023-12-20,789.8485717773438,804.5662470278533,780.036788277004,784.9426800271739,9831500
2023-12-21,784.9426879882812,789.848579788208,770.2250125885009,789.848579788208,7664200
2023-12-22,784.9426879882812,794.7544715881347,775.1309043884277,784.9426879882812,12016800
2023-12-27,794.75439453125,799.660285855517,784.942611882716,784.942611882716,5386100
2023-12-28,794.75439453125,794.75439453125,784.942611882716,784.942611882716,6459500
2023-12-29,804.5662231445312,804.5662231445312,784.942656726372,789.8485483309119,24026200
2024-01-02,789.8485717773438,819.2839222783628,780.036788277004,804.5662470278533,21040100
2024-01-03,814.3779907226562,848.7192312952984,775.1308586396367,789.8485331707691,39626100
2024-01-04,824.1898193359375,834.0016028994605,804.5662522088913,824.1898193359375,32714800
2024-01-05,843.8133544921875,848.7192460880723,794.7544385333393,814.3780049168786,39480700
2024-01-08,858.5310668945312,883.0605259486607,834.0016078404018,843.8133914620536,33083100
2024-01-09,863.4369506835938,873.2487342140892,829.09570832686,858.531058918346,25884600
2024-01-10,922.3076171875,956.648858252992,853.6251350565159,863.4369182180851,83631300
2024-01-11,946.8370361328125,951.742927511739,912.495796480327,932.119361996033,24511900
2024-01-12,917.4017333984375,946.8370831331467,902.6840585310829,946.8370831331467,13112600
2024-01-15,917.4017333984375,927.2135166433405,873.2487087963736,917.4017333984375,25744800
2024-01-16,946.8370361328125,961.554710269592,917.4016878592536,917.4016878592536,72152900
2024-01-17,941.9312133789062,956.6488885879517,927.2135381698608,951.7429968516032,19114900
2024-01-18,956.6488647460938,966.4606479742588,937.0252982897637,941.9311899038462,11610200
2024-01-19,932.1194458007812,961.5547967208059,917.401770340769,956.6489049008018,23472400
2024-01-22,937.0253295898438,941.931221367801,912.4958707000573,932.1194378118864,16044000
2024-01-23,981.1784057617188,986.0842977905273,927.2135934448243,937.0253775024414,50743500
2024-01-24,946.8370361328125,1005.7077326799304,941.931144753886,981.178275785298,33955900
2024-01-25,937.0253295898438,976.2724638135021,932.1194378118864,946.8371131457583,29944200
2024-01-26,961.5548095703125,981.1783771125637,907.5899988291214,922.3076744858099,25381800
2024-01-29,956.6488647460938,961.5547563601763,946.8370815179287,956.6488647460938,19841700
2024-01-30,971.3665771484375,976.2724689522175,941.9312263257576,956.6489017370976,16078400
2024-01-31,951.7429809570312,986.084222537955,951.7429809570312,971.3665475747019,22401600
2024-02-01,961.5548095703125,981.1783771125637,937.0253501424984,961.5548095703125,15301900
2024-02-02,971.3665771484375,976.2724689522175,946.8371181295377,961.5547935408775,10114000
2024-02-05,976.2723999023438,976.2723999023438,937.0252682479781,971.3665084455481,30413700
2024-02-06,941.9312133789062,976.2724555333456,941.9312133789062,976.2724555333456,25331100
2024-02-07,951.7429809570312,971.3665475747019,941.9311976481958,946.8370893026135,14538200
2024-02-12,956.6488647460938,986.084214430589,951.7429731320112,956.6488647460938,14313700
2024-02-13,951.7429809570312,971.3665475747019,946.8370893026135,956.648872611449,9107400
2024-02-15,976.2723999023438,1005.707748643118,951.7429426183653,961.5547255319567,21934700
2024-02-16,981.1784057617188,990.9901898193359,946.8371615600586,981.1784057617188,27878300
2024-02-19,951.7429809570312,971.3665475747019,917.4017393761075,966.4606559202842,25039400
2024-02-20,966.4606323242188,995.895981532063,951.7429577202967,951.7429577202967,19377500
2024-02-21,1064.5784912109375,1064.5784912109375,971.3665495841734,981.1783329133065,33688500
2024-02-22,1030.2373046875,1074.39033203125,1025.3314127604167,1064.5785481770833,36392500
2024-02-23,1059.672607421875,1059.672607421875,1030.237257215712,1030.237257215712,21134300
2024-02-26,1059.672607421875,1074.3902825249565,1040.0490406177662,1074.3902825249565,26360400
2024-02-27,1059.672607421875,1108.731524432147,1044.9549323187935,1059.672607421875,45428800
2024-02-28,1064.5784912109375,1074.3902745400705,1025.3313578944053,1059.672599546371,31155000
2024-02-29,1079.2962646484375,1094.0139409845526,1049.8609119762075,1059.6726962002842,30633900
2024-03-01,1089.10791015625,1147.9786080025337,1064.5784527202984,1079.2961271818695,31920600
2024-03-04,1113.637451171875,1118.5433430272576,1079.296208184196,1089.1079918949615,31786700
2024-03-05,1118.5433349609375,1118.5433349609375,1094.0138758609169,1113.6374431409333,34372300
2024-03-06,1094.0137939453125,1123.44914266133,1069.4843366819648,1118.5432512086604,27843300
2024-03-07,1020.425537109375,1098.9198091947114,1005.7078610933744,1098.9198091947114,54540700
2024-03-08,1005.707763671875,1059.6725705030487,1000.8018721417683,1030.2372213224085,64777300
2024-03-13,1035.14306640625,1079.29608819609,990.9900446164099,1000.8018272363745,42728800
2024-03-14,1000.8019409179688,1040.0490758559283,981.178373448989,1035.1431839886834,54723500
2024-03-15,1000.8019409179688,1015.5196165197036,981.178373448989,1000.8019409179688,68158000
2024-03-18,976.2723999023438,1010.6136400999137,961.5547255319567,1005.707748643118,56457700
2024-03-19,990.9901733398438,1030.2373089176592,976.2724974981629,976.2724974981629,31559000
2024-03-20,1020.425537109375,1035.1432131253755,981.1784010667068,995.8960770827073,54426600
2024-03-21,1000.8019409179688,1040.0490758559283,990.9901571834788,1025.3314002541933,32793800
2024-03-22,990.9901733398438,1010.6137411287515,981.1783894453898,1010.6137411287515,11345800
2024-03-25,981.1784057617188,1010.6137579345703,976.2725137329102,1010.6137579345703,50598800
2024-03-26,1020.425537109375,1020.425537109375,976.2725090613732,1020.425537109375,29523800
2024-03-27,1010.6137084960938,1020.4254920737258,995.8960331296458,1020.4254920737258,15448200
2024-03-28,1025.331298828125,1025.331298828125,986.084167772503,1020.4254074461722,52831300
2024-04-01,1005.707763671875,1020.4254382621951,971.3665229611281,1015.5195467320884,48625300
2024-04-02,1015.5195922851562,1020.425484035326,995.8960252844769,1005.7078087848165,30792300
2024-04-03,971.3665771484375,1015.5196033824574,966.4606853446576,1015.5196033824574,51625000
2024-04-04,986.084228515625,995.8960118839398,966.4606617789957,971.3665534631531,36627500
2024-04-05,995.89599609375,1005.7077793064964,976.2724296682574,986.0842128810037,16242800
2024-04-16,927.2135009765625,981.1783079117064,922.307609437004,981.1783079117064,58582100
2024-04-17,922.3076171875,946.8370750914229,873.2487013796542,922.3076171875,54035900
2024-04-18,922.3076171875,937.0252919298537,897.7781592835771,922.3076171875,18628600
2024-04-19,917.4017333984375,941.9311915106952,858.531033929019,922.3076250208891,39620300
2024-04-22,922.3076171875,937.0252919298537,897.7781592835771,917.4017256067154,28209700
2024-04-23,981.1784057617188,990.9901898193359,922.3077014160157,922.3077014160157,49153100
2024-04-24,946.8370361328125,981.178275785298,927.2134706171065,981.178275785298,53338600
2024-04-25,917.4017333984375,961.5547580005014,902.6840585310829,946.8370831331467,51416700
2024-04-26,829.095703125,917.4017543454142,804.5662444526628,907.5899708764794,114825300
2024-04-29,794.75439453125,834.0015251253858,775.1308292341821,829.0956338011189,160834300
2024-04-30,775.1309204101562,843.8134070287776,730.9778932981853,794.7544880154767,132087200
2024-05-02,760.4132080078125,799.6603413243448,730.9778580204134,784.9426663306451,101997500
2024-05-03,799.660400390625,824.1898605253068,770.2250482290069,770.2250482290069,48775800
2024-05-06,809.4721069335938,819.2838900479403,780.036757590554,804.5662153764205,12784600
2024-05-07,799.660400390625,824.1898605253068,789.8486163367523,814.378076471434,15196000
2024-05-08,819.2838745117188,824.1897659758608,794.7544171910087,799.6603086551506,32208900
2024-05-13,873.2487182617188,878.1546099373463,814.3780181541871,819.2839098298148,50967900
2024-05-14,863.4369506835938,883.0605177445846,814.3780330311168,873.2487342140892,40218000
2024-05-15,863.4369506835938,878.1546259793369,843.813383622603,863.4369506835938,20653200
2024-05-16,858.5310668945312,887.9664177594866,843.8133914620536,863.4369587053571,13357000
2024-05-17,838.907470703125,868.3428205523575,834.0015790615863,853.6251456277412,8804000
2024-05-20,814.3779907226562,843.813339784921,804.5662077019014,838.9074482745435,26005500
2024-05-21,794.75439453125,824.1897424768518,784.942611882716,824.1897424768518,32970700
2024-05-22,804.5662231445312,819.2838979581508,794.7544399354516,794.7544399354516,6270000
2024-05-27,775.1309204101562,819.2839475221272,760.413244706166,809.472163719467,12554800
2024-05-28,760.4132080078125,789.8485579952118,745.6955330141129,775.1308830015121,27686700
2024-05-29,740.7896118164062,765.3190691613203,730.9778288784406,760.4131776923375,10314700
2024-05-30,745.6954956054688,750.6013870239258,726.0719299316406,750.6013870239258,6563000
2024-05-31,760.4132080078125,780.0367746660786,735.8837496849799,745.6955330141129,19638700
2024-06-03,789.8485717773438,819.2839222783628,740.7896542756454,760.4132212763247,21565400
2024-06-04,784.9426879882812,804.5662551879883,775.1309043884277,794.7544715881347,16635700
2024-06-05,799.660400390625,814.378076471434,765.3191562020705,784.942724309816,17449600
2024-06-06,834.0015869140625,858.5310453527113,784.9426700367646,799.660345099954,22755800
2024-06-07,834.0015869140625,858.5310453527113,814.3780201631433,838.9074786017923,17959500
2024-06-10,780.0368041992188,843.8133982532429,760.4132367979805,843.8133982532429,38165600
2024-06-11,735.8837890625,784.9427083333334,730.9778971354167,780.0368164062501,90659600
2024-06-12,735.8837890625,745.6955729166667,711.3543294270834,740.7896809895833,35743400
2024-06-13,745.6954956054688,760.4131698608398,740.7896041870117,745.6954956054688,14742400
2024-06-14,730.9778442382812,755.5073020986263,716.2601695220742,755.5073020986263,36166900
2024-06-19,691.7306518554688,740.7895633345801,686.8247607075576,735.883672186669,19234200
2024-06-20,691.7306518554688,706.4483252992021,667.2011961159131,691.7306518554688,27600100
2024-06-21,716.2601928710938,735.8837597990689,696.6366259431186,696.6366259431186,29497000
2024-06-24,701.54248046875,726.0719378277972,701.54248046875,721.1660463559878,10878000
2024-06-25,696.6366577148438,706.4484416263205,691.7307657591055,706.4484416263205,15177500
2024-06-26,735.8837890625,740.7896809895833,696.6366536458333,696.6366536458333,47451400
2024-06-27,730.9778442382812,745.6955189544882,726.0719526662123,735.8837358103502,36287200
2024-06-28,765.319091796875,765.319091796875,721.1660672701322,735.8837421123798,37619800
2024-07-01,726.072021484375,775.1309418549408,726.072021484375,760.4132657437711,32045800
2024-07-02,726.072021484375,730.9779135214316,711.3543453732052,726.072021484375,23475700
2024-07-03,721.1660766601562,740.7896433719973,716.260184982196,726.0719683381166,18678700
2024-07-04,740.7896118164062,745.695503285389,716.2601544714921,716.2601544714921,32803500
2024-07-05,721.1660766601562,745.6955350499575,721.1660766601562,740.7896433719973,6011500
2024-07-08,731.0451049804688,735.9845989330395,716.2266231227566,721.1661170753273,19581300
2024-07-09,726.1055908203125,735.9845784505209,721.1660970052084,731.0450846354166,15347600
2024-07-10,721.1660766601562,726.1055703359108,711.2870893086473,726.1055703359108,6665100
2024-07-11,735.9845581054688,740.924051784029,716.2265833912279,726.1055707483483,17672700
2024-07-12,711.287109375,740.924072265625,711.287109375,735.9845784505209,22082400
2024-07-15,726.1055908203125,735.9845784505209,711.287109375,716.2266031901041,18536200
2024-07-16,735.9845581054688,740.924051784029,716.2265833912279,726.1055707483483,24865800
2024-07-17,721.1660766601562,740.9240513631743,721.1660766601562,735.9845576874197,9108200
2024-07-18,721.1660766601562,731.0450640116652,716.2265829844017,721.1660766601562,10702600
2024-07-19,726.1055908203125,731.0450846354166,711.287109375,721.1660970052084,25619100
2024-07-22,726.1055908203125,731.0450846354166,716.2266031901041,726.1055908203125,9212100
2024-07-23,726.1055908203125,731.0450846354166,721.1660970052084,721.1660970052084,10560600
2024-07-24,735.9845581054688,750.8030391411493,721.1660770697881,726.1055707483483,24700500
2024-07-25,735.9845581054688,735.9845581054688,721.1660770697881,735.9845581054688,23765800
2024-07-26,735.9845581054688,740.924051784029,731.0450644269085,740.924051784029,22321400
2024-07-29,775.50048828125,780.4399818371814,731.0450462778662,740.9240333897293,24665700
2024-07-30,815.0164794921875,824.8954671223959,745.8635660807291,780.4400227864584,51729200
2024-07-31,800.1979370117188,834.7743910801264,790.318950135031,819.9559107650946,16341300
2024-08-01,849.5928955078125,903.9273248716842,760.6820110942042,775.5004918298056,109540400
2024-08-02,864.4114379882812,879.2299197823661,839.7139683314732,854.5324501255581,48973600
2024-08-05,829.8349609375,869.3509114583334,810.0769856770834,869.3509114583334,39775700
2024-08-06,859.471923828125,864.4114176432291,815.0164794921875,839.7139485677084,37670600
2024-08-07,834.7744750976562,864.4114387105908,829.8349811621672,859.4719447751017,16800500
2024-08-08,819.9559326171875,844.6534004671028,815.0164390472045,834.7744133271367,5285100
2024-08-09,805.1375122070312,829.8349819066335,800.1980182671109,824.8954879667131,10835700
2024-08-12,800.1979370117188,815.0164173267506,770.5609763816551,805.1374304500628,29440600
2024-08-13,800.1979370117188,805.1374304500628,785.3794566966869,800.1979370117188,24369500
2024-08-14,810.0769653320312,829.8349400962271,800.1979779499334,800.1979779499334,32009400
2024-08-15,795.2584838867188,815.0164586416682,785.379496509244,810.0769649529309,33358400
2024-08-16,790.3190307617188,810.0770065307617,790.3190307617188,790.3190307617188,24591500
2024-08-19,780.4400634765625,795.258545694472,775.5005694039261,795.258545694472,10322600
2024-08-20,824.8954467773438,829.8349404706213,780.4400035378462,785.3794972311237,32620800
2024-08-21,849.5928955078125,869.3508698219476,824.8954276151435,824.8954276151435,40116400
2024-08-22,844.6534423828125,854.5324300130209,824.8954671223959,849.5929361979166,12766800
2024-08-23,834.7744750976562,854.5324508396127,810.0770054202109,834.7744750976562,15248100
2024-08-26,810.0769653320312,839.7139274783251,795.2584842588843,839.7139274783251,42251000
2024-08-27,819.9559326171875,829.8349197571536,810.0769454772213,810.0769454772213,8891400
2024-08-28,844.6534423828125,849.5929361979166,810.0769856770834,819.9559733072916,17264200
2024-08-29,824.8954467773438,849.5929152437312,819.9559530840662,844.6534215504538,12126200
2024-08-30,859.471923828125,859.471923828125,815.0164794921875,829.8349609375,71816700
2024-09-02,869.3508911132812,889.1088659113103,844.6534226157448,864.4113974137739,55427900
2024-09-03,824.8954467773438,874.2903837101188,819.9559530840662,874.2903837101188,22491700
2024-09-04,854.5324096679688,854.5324096679688,805.1374726929416,819.9559537854498,23780200
2024-09-05,869.3508911132812,879.2298785122957,854.5324100147594,854.5324100147594,21495900
2024-09-06,859.471923828125,879.2298990885416,849.5929361979166,854.5324300130209,22291400
2024-09-09,854.5324096679688,879.2298781554822,839.7139285754606,849.592915970466,14873300
2024-09-10,918.745849609375,933.5643310546875,849.5929361979166,854.5324300130209,49232000
2024-09-11,908.8668212890625,978.0197316045346,898.987834101138,918.7458084769871,60053100
2024-09-12,918.745849609375,938.5038248697916,908.8668619791666,908.8668619791666,16363700
2024-09-13,894.0484008789062,923.6853644439528,884.1694130238907,923.6853644439528,15210200
2024-09-17,923.685302734375,963.2012515144552,894.0483411493149,894.0483411493149,32020800
2024-09-18,918.745849609375,953.3223063151041,894.0483805338541,928.6248372395834,27704100
2024-09-19,928.6248168945312,938.5038043083028,903.9273483601023,928.6248168945312,25724500
2024-09-20,938.5038452148438,948.3828330592106,918.7458695261103,928.624857370477,28836000
2024-09-23,943.4432983398438,953.3222857570149,933.5643109226726,933.5643109226726,12508900
2024-09-24,928.6248168945312,943.4432980151887,923.6853231876455,943.4432980151887,11101200
2024-09-25,938.5038452148438,938.5038452148438,913.8063756039269,928.624857370477,12502300
2024-09-26,948.3828125,948.3828125,928.6248372395834,933.5643310546875,16824800
2024-09-27,948.3828125,963.2012939453125,938.5038248697916,948.3828125,19537100
2024-09-30,928.6248168945312,958.2617791358462,918.7458294807597,948.3827917220744,18254100
2024-10-01,918.745849609375,938.5038248697916,913.8063557942709,928.6248372395834,5951200
2024-10-02,894.0484008789062,918.745870516445,864.4114373138597,918.745870516445,46912100
2024-10-03,869.3508911132812,903.9273470098321,859.4719037142667,894.0483596108177,21625500
2024-10-04,859.471923828125,874.2904052734375,859.471923828125,869.3509114583334,7423700
2024-10-07,854.5324096679688,874.2903844579796,819.9559537854498,859.4719033654715,17146900
2024-10-08,889.10888671875,894.0483805338541,839.7139485677084,859.471923828125,22797400
2024-10-09,894.0484008789062,913.8063765889373,879.2299190963829,889.1089069513985,28571700
2024-10-10,918.745849609375,948.3828125,898.9878743489584,903.9273681640625,25660900
2024-10-11,903.9273681640625,933.5643310546875,903.9273681640625,918.745849609375,10505400
2024-10-14,918.745849609375,923.6853434244791,898.9878743489584,903.9273681640625,11825100
2024-10-15,913.8063354492188,928.6248165646115,898.987854333826,918.7458291543497,10321300
2024-10-16,938.5038452148438,938.5038452148438,894.0483999151933,913.8063756039269,13817000
2024-10-17,908.8668212890625,938.5037828528364,903.9273276951002,938.5037828528364,8702100
2024-10-18,908.8668212890625,918.7458084769871,903.9273276951002,913.8063148830248,10046400
2024-10-21,903.9273681640625,938.5038248697916,903.9273681640625,913.8063557942709,15088000
2024-10-22,898.9878540039062,908.8668414105426,884.1693728939517,903.9273477072244,9465400
2024-10-23,903.9273681640625,903.9273681640625,884.1693929036459,898.9878743489584,7319100
2024-10-24,884.16943359375,908.866903805866,884.16943359375,908.866903805866,23211700
2024-10-25,894.0484008789062,908.8668826614296,874.2904251688751,884.1694130238907,16228100
2024-10-28,913.8063354492188,923.6853228594806,894.0483606286951,894.0483606286951,31009700
2024-10-29,953.322265625,973.0802400420985,913.8063167908031,913.8063167908031,35713100
2024-10-30,953.322265625,973.0802400420985,928.6247976036269,958.2617592292746,15068200
2024-10-31,1071.8701171875,1071.8701171875,953.322270125288,987.8987255184331,153887300
2024-11-01,1071.8701171875,1160.781002484159,1057.0516363047234,1076.8096108150921,84747700
2024-11-04,1042.233154296875,1106.446571386256,1012.5961925633146,1071.8701160304354,24093600
2024-11-05,1042.233154296875,1160.7810012311168,1027.4146734300948,1160.7810012311168,14966500
2024-11-06,982.959228515625,1042.2331518432004,973.0802412943624,1042.2331518432004,25763400
2024-11-07,1061.9912109375,1071.8701989462209,958.2618368459302,978.0198128633721,50600200
2024-11-08,1022.4752197265625,1066.9306640625,1007.65673828125,1061.9911702473958,16892700
2024-11-11,987.8988037109375,1027.414755859375,973.0803216552735,1027.414755859375,20521400
2024-11-12,997.7777709960938,1017.5357466593828,978.0197953328047,997.7777709960938,17689500
2024-11-13,982.959228515625,1002.7172029581501,973.0802412943624,1002.7172029581501,5814000
2024-11-14,978.019775390625,982.9592692057291,963.2012939453125,982.9592692057291,4286900
2024-11-15,987.8988037109375,1002.7172857666015,963.2013336181641,978.0198156738281,13066800
2024-11-18,1007.65673828125,1017.5357259114584,978.019775390625,987.8987630208334,16530100
2024-11-19,1032.3541259765625,1057.0515931051884,987.8986851450359,1007.6566588479366,14836300
2024-11-20,1047.1727294921875,1047.1727294921875,1017.5357654499558,1032.3542474710716,11279200
2024-11-21,1037.293701171875,1076.8096516927083,1032.3542073567708,1047.1726888020833,15244900
2024-11-22,987.8988037109375,1047.1727319335937,987.8988037109375,1037.2937438964843,12727100
2024-11-25,982.959228515625,1002.7172029581501,968.1407476837312,992.8382157368876,21152900
2024-11-26,992.8382568359375,1007.65673828125,982.9592692057291,987.8987630208334,13097500
2024-11-28,1017.5357666015625,1017.5357666015625,978.019814500531,1002.7172845636757,6285800
2024-11-29,1086.688720703125,1086.688720703125,1012.5963079279119,1017.5358021129261,43976600
2024-12-02,992.8382568359375,1096.567626953125,992.8382568359375,1086.6886393229167,14917800
2024-12-03,1037.293701171875,1047.1726888020833,1002.7172444661459,1002.7172444661459,16116700
2024-12-04,1032.3541259765625,1052.1120996794632,1012.5961522736618,1037.2936194022877,13656500
2024-12-05,1012.59619140625,1032.3541658727133,997.7777105564024,1032.3541658727133,5429000
2024-12-06,997.7777709960938,1017.5357466593828,997.7777709960938,1017.5357466593828,3125400
2024-12-09,1027.414794921875,1032.3542891282302,997.777829683744,997.777829683744,7325200
2024-12-10,1002.7172241210938,1042.2331738401517,1002.7172241210938,1037.2936801252695,7428500
2024-12-11,1007.65673828125,1017.5357259114584,992.8382568359375,1002.7172444661459,11114900
2024-12-12,1022.4752197265625,1047.1726888020833,1007.65673828125,1007.65673828125,8737000
2024-12-13,1027.414794921875,1037.2937833345854,992.8383354773888,1022.4753007155199,10939800
2024-12-16,1012.59619140625,1052.112140339177,1002.7172041730183,1027.4146722560977,8581200
2024-12-17,1007.65673828125,1007.65673828125,982.9592692057291,1007.65673828125,6495100
2024-12-18,1037.293701171875,1042.2331949869792,1007.65673828125,1007.65673828125,7952300
2024-12-19,1017.5357666015625,1037.2937426520782,953.3223444373863,1037.2937426520782,33357800
2024-12-20,987.8988037109375,1017.5357678222656,987.8988037109375,987.8988037109375,4224600
2024-12-23,1022.4752197265625,1037.293701171875,963.2012939453125,987.8987630208334,13430700
2024-12-24,992.8382568359375,1027.4147135416667,992.8382568359375,1022.4752197265625,2989400
2024-12-27,1002.7172241210938,1022.4751989806227,987.8987429764471,992.8382366913294,11390500
2024-12-30,1057.0516357421875,1057.0516357421875,992.838218617662,1012.596193117516,19536700
2025-01-02,1042.233154296875,1057.0516351636552,1012.5961925633146,1057.0516351636552,3705100
2025-01-03,1027.414794921875,1057.051760160006,1007.6568180964543,1042.2332775409404,11685900
2025-01-06,1022.4752197265625,1047.1726888020833,1017.5357259114584,1027.4147135416667,3901900
2025-01-07,1012.59619140625,1027.4146722560977,992.8382169397865,1027.4146722560977,8975400
2025-01-08,1007.65673828125,1022.4752197265625,997.7777506510416,1007.65673828125,10700200
2025-01-09,1007.65673828125,1022.4752197265625,997.7777506510416,1007.65673828125,18032500
2025-01-10,1017.5357666015625,1032.3542486394495,1002.7172845636757,1012.5962725889336,8254300
2025-01-13,978.019775390625,1012.5962320963541,978.019775390625,1012.5962320963541,9484700
2025-01-14,997.7777709960938,1007.6567588277383,973.0803014169825,997.7777709960938,12455200
2025-01-15,1007.65673828125,1012.5962320963541,992.8382568359375,997.7777506510416,8347000
2025-01-16,908.8668212890625,1017.535680356233,908.8668212890625,997.7777059803839,30950000
2025-01-17,938.5038452148438,943.4433391370271,884.1694120708265,928.624857370477,32694600
2025-01-20,943.4432983398438,953.3222857570149,908.8668423797448,938.5038046312582,12508800
2025-01-21,933.5642700195312,953.3222439881986,923.6852830351976,948.3827504960318,10406700
2025-01-22,903.9273681640625,933.5643310546875,884.1693929036459,933.5643310546875,28936800
2025-01-23,923.685302734375,928.624796331885,908.8668219418449,918.745809136865,12310000
2025-01-24,973.0802612304688,973.0802612304688,918.745830400341,928.6248178240006,16806100
2025-01-30,973.0802612304688,978.0197549422985,943.44329895949,973.0802612304688,11236500
2025-01-31,968.1408081054688,982.9592898621851,948.3828324298469,973.0803020243742,22401900
2025-02-03,923.685302734375,973.0802387094753,918.745809136865,968.1407451119652,13481700
2025-02-04,923.685302734375,938.5037835269051,913.806315539355,938.5037835269051,10693000
2025-02-05,898.9878540039062,933.5643099271334,874.2903854873155,933.5643099271334,22072200
2025-02-06,903.9273681640625,918.745849609375,864.4114176432291,898.9878743489584,22200700
2025-02-07,869.3508911132812,903.9273470098321,859.4719037142667,903.9273470098321,37040500
2025-02-10,874.2904052734375,879.2298990885416,864.4114176432291,869.3509114583334,11299400
2025-02-11,819.9559326171875,879.2298554569842,805.1374519072383,879.2298554569842,31976500
2025-02-12,839.7139282226562,849.5929156135111,810.076966050092,819.9559534409467,19236500
2025-02-13,819.9559326171875,839.7139068971197,810.0769454772213,829.8349197571536,14017000
2025-02-14,839.7139282226562,849.5929156135111,785.379497572955,819.9559534409467,36712800
2025-02-17,829.8349609375,849.5929361979166,819.9559733072916,839.7139485677084,16275400
2025-02-18,859.471923828125,864.4114176432291,839.7139485677084,839.7139485677084,26744500
2025-02-19,859.471923828125,879.2298990885416,849.5929361979166,859.471923828125,54221000
2025-02-20,810.0769653320312,859.471902242521,795.2584842588843,859.471902242521,31531100
2025-02-21,819.9559326171875,829.8349197571536,800.1979583372553,819.9559326171875,19989000
2025-02-24,815.0164794921875,839.7139485677084,810.0769856770834,829.8349609375,18491500
2025-02-25,795.2584838867188,829.8349397078805,785.379496509244,819.9559523304057,6564800
2025-02-26,819.9559326171875,829.8349197571536,795.2584647672722,800.1979583372553,17244400
2025-02-27,839.7139282226562,854.5324093089384,829.8349408318015,829.8349408318015,16897400
2025-02-28,790.3190307617188,844.6534641265869,775.5005489349365,844.6534641265869,40224600
2025-03-03,819.9559326171875,834.7744133271367,785.3794776273061,834.7744133271367,30552500
2025-03-04,790.3190307617188,819.9559944152832,785.3795368194579,819.9559944152832,18168300
2025-03-05,815.0164794921875,834.7744547526041,785.3795166015625,790.3190104166666,38257600
2025-03-06,800.1979370117188,824.8954042034385,790.318950135031,815.0164173267506,65097300
2025-03-07,815.0164794921875,834.7744547526041,800.197998046875,810.0769856770834,15244900
2025-03-10,839.7139282226562,839.7139282226562,800.1979786592372,815.0164597455193,4982300
2025-03-11,790.3190307617188,829.8349822998047,785.3795368194579,824.895488357544,18357800
2025-03-12,810.0769653320312,824.8954464051782,785.3794968767864,795.2584842588843,41005900
2025-03-13,800.1979370117188,815.0164173267506,795.2584435733748,810.0769238884067,11610400
2025-03-14,805.1375122070312,810.0770061469517,795.2585243271905,800.1980182671109,4941200
2025-03-17,770.56103515625,810.0769856770834,760.6820475260416,810.0769856770834,19027100
2025-03-18,726.1055908203125,770.56103515625,676.7106526692709,770.56103515625,54763300
2025-03-19,686.589599609375,726.1055477883318,681.6501060870054,726.1055477883318,33231900
2025-03-20,661.8921508789062,701.4081001851097,647.0736698890801,691.5291128585588,65195000
2025-03-21,597.6787719726562,661.8921937548424,582.8602900229209,661.8921937548424,87504900
2025-03-24,647.07373046875,666.8317069716126,592.7392950858779,592.7392950858779,96252700
2025-03-25,661.8921508789062,676.7106318687325,637.1946825625291,647.0736698890801,75232400
2025-03-26,671.7711791992188,691.5291550580193,652.0132033404182,661.8921912698185,63687000
2025-03-27,652.01318359375,661.8921712239584,607.5577392578125,661.8921712239584,79082700
2025-04-08,558.1627807617188,587.7997425720755,558.1627807617188,587.7997425720755,28070700
2025-04-09,513.7073974609375,563.1023395244891,498.888914841872,553.2233511117788,55293200
2025-04-10,592.7391967773438,612.4971700032552,568.0417302449545,568.0417302449545,53914600
2025-04-11,582.8602294921875,597.6787099030058,553.2232686705509,577.9207360219148,17624600
2025-04-14,617.4367065429688,652.013162109375,597.6787319335938,607.5577192382813,53793700
2025-04-15,622.376220703125,637.1947021484375,617.4367268880209,622.376220703125,36137000
2025-04-16,602.6182250976562,632.255186987705,592.7392378009733,632.255186987705,20105500
2025-04-17,617.4367065429688,627.3156938476562,592.73923828125,602.6182255859375,16215300
2025-04-21,607.5577392578125,622.376220703125,597.6787516276041,622.376220703125,11466700
2025-04-22,607.5577392578125,617.4367268880209,607.5577392578125,617.4367268880209,3951600
2025-04-23,617.4367065429688,642.1341748046875,607.5577192382813,617.4367065429688,45041900
2025-04-24,622.376220703125,627.3157145182291,612.4972330729166,622.376220703125,15776300
2025-04-25,642.1341552734375,652.0131422776442,622.376181265024,622.376181265024,37441800
2025-04-28,632.2551879882812,652.013162612915,627.3156943321228,642.1341753005981,11882100
2025-04-29,637.1947021484375,647.0736897786459,627.3157145182291,637.1947021484375,24584600
2025-04-30,642.1341552734375,647.0736487755408,617.4366877629207,637.1946617713342,23233400
2025-05-02,656.9526977539062,686.5896615623532,632.2552279135339,686.5896615623532,49255500
2025-05-05,676.710693359375,686.5896815835995,652.0132227988139,661.8922110230384,64173200
2025-05-06,696.4685668945312,701.408060276762,666.831606601147,676.7105933656084,32613300
2025-05-07,745.863525390625,755.7425124818916,696.4685899342923,696.4685899342923,44515900
2025-05-08,721.1660766601562,765.6215197419467,721.1660766601562,750.8030387146832,32545700
2025-05-09,716.2265625,735.984536637931,706.3475754310344,721.1660560344827,17074900
2025-05-14,740.924072265625,760.6820475260416,721.1660970052084,726.1055908203125,53480800
2025-05-15,750.8030395507812,760.6820269132916,735.9845585070159,750.8030395507812,28297200
2025-05-16,731.0451049804688,760.6820686958931,721.1661170753273,760.6820686958931,22479800
2025-05-19,686.589599609375,735.984534833071,676.7106125646358,726.1055477883318,43944700
2025-05-20,656.9526977539062,691.5291555304276,647.0737098177573,686.5896615623532,72317300
2025-05-21,642.1341552734375,656.9526357797475,632.2551682692308,656.9526357797475,62525000
2025-05-22,686.589599609375,701.4080801764837,627.3156773409397,647.0736514304182,128489700
2025-05-23,676.710693359375,686.5896815835995,666.8317051351506,681.6501874714872,24291600
2025-05-26,681.650146484375,701.4081217447916,666.8316650390625,666.8316650390625,43369300
2025-05-27,731.0451049804688,731.0451049804688,686.5896594073322,701.4081412650444,53647600
2025-05-28,696.4685668945312,745.8635007168384,696.4685668945312,735.984513952377,45945800
2025-06-02,740.924072265625,760.6820475260416,696.4686279296875,696.4686279296875,48721500
2025-06-03,711.287109375,745.8635660807291,711.287109375,740.924072265625,29528100
2025-06-04,706.3475952148438,731.0450635789991,701.4081015420127,716.2265825605059,12374400
2025-06-05,691.5291137695312,711.2870884486607,681.6501264299665,711.2870884486607,19546900
2025-06-10,671.7711791992188,696.4686490227194,666.8316852345187,696.4686490227194,41900500
2025-06-11,681.650146484375,686.5896402994791,656.9526774088541,671.7711588541666,25881400
2025-06-12,676.710693359375,686.5896815835995,666.8317051351506,686.5896815835995,15040900
2025-06-13,652.01318359375,671.7711588541666,642.1341959635416,671.7711588541666,33758000
2025-06-16,652.01318359375,661.8921712239584,642.1341959635416,652.01318359375,16710500
2025-06-17,661.8921508789062,666.8316445421817,652.0131635523554,656.9526572156309,13288700
2025-06-18,637.1947021484375,671.7711588541666,632.2552083333334,661.8921712239584,29624100
2025-06-19,637.1947021484375,637.1947021484375,597.6787516276041,637.1947021484375,42592100
2025-06-20,647.07373046875,652.0132245944657,607.5577774630248,632.2552480916031,24243500
2025-06-23,612.4971923828125,642.1341533045614,607.5576988958543,642.1341533045614,19165900
2025-06-24,661.8921508789062,671.7711382054571,627.3156952359783,627.3156952359783,38963400
2025-06-25,627.3157348632812,676.7106746162955,627.3157348632812,671.7711806409941,22136600
2025-06-26,632.2551879882812,642.1341753005981,617.4367070198059,632.2551879882812,14827900
2025-06-30,647.07373046875,676.7106952230439,622.3762598401718,642.1342363430343,26924300
2025-07-01,691.5291137695312,691.5291137695312,652.0131644112723,652.0131644112723,29114300
2025-07-02,711.287109375,731.0450846354166,691.5291341145834,696.4686279296875,38316900
2025-07-03,716.2265625,721.1660560344827,686.5896012931034,711.2870689655172,29194600
2025-07-04,721.1660766601562,731.0450640116652,711.2870893086473,711.2870893086473,11396100
2025-07-07,765.6215209960938,898.9878504599294,731.0450652091733,740.9240525768649,150357500
2025-07-08,701.4081420898438,780.4400454239106,691.5291541730854,765.6215635487731,52565100
2025-07-09,730.2195434570312,750.0894630068825,705.3821440197173,710.3496239071801,43358900
2025-07-10,710.349609375,740.1544880900349,700.4146498033216,735.1870083041957,35256600
2025-07-11,665.6422729492188,715.3170694379664,655.7073136514692,710.3495897890916,83437500
2025-07-14,665.6422729492188,680.5447118958431,650.7398340025944,675.5772322469683,33470200
2025-07-15,670.6097412109375,685.5121799045138,655.7073025173611,675.5772207754629,23289100
2025-07-16,700.4146118164062,710.349570849263,670.6097347178357,680.5446937506925,35184600
2025-07-17,680.5447387695312,710.3496178397297,675.5772589244982,700.4146581496635,21603700
2025-07-18,645.7723388671875,685.5121751051682,645.7723388671875,680.5446955754206,38108500
2025-07-21,650.7398681640625,665.6423078930105,635.8374284351145,645.7723882544132,22621600
2025-07-22,630.8699340820312,655.7073330616388,620.9349744901882,650.7398532657173,39642800
2025-07-23,645.7723388671875,650.7398183969351,620.9349412184495,630.8699002779447,29965700
2025-07-24,635.83740234375,655.7073211669922,635.83740234375,645.7723617553711,18238000
2025-07-25,630.8699340820312,645.7723734697958,625.9024542861098,640.8048936738743,20638800
2025-07-28,640.8048706054688,650.739829839662,630.8699113712754,630.8699113712754,9265300
2025-07-29,640.8048706054688,645.7723502225654,630.8699113712754,645.7723502225654,13812300
2025-07-30,640.8048706054688,645.7723502225654,630.8699113712754,645.7723502225654,11000500
2025-07-31,685.51220703125,695.4471665534421,640.8048891813859,645.7723689424819,118460300
2025-08-01,675.5772705078125,695.4471902286305,665.6423106474035,690.479710298426,28377000
2025-08-04,655.7073364257812,675.577255711411,650.7398566043738,675.577255711411,28710700
2025-08-05,645.7723388671875,665.6422569861778,640.8048593374399,655.7072979266827,30815600
2025-08-06,645.7723388671875,650.7398183969351,640.8048593374399,645.7723388671875,17318400
2025-08-07,635.83740234375,650.7398414611816,630.8699226379395,650.7398414611816,38273300
2025-08-08,640.8048706054688,655.7073094567587,625.9024317541788,635.837390988372,28401600
2025-08-11,640.8048706054688,650.739829839662,640.8048706054688,645.7723502225654,12328000
2025-08-12,660.6748046875,665.6422844219925,645.7723654840225,645.7723654840225,24955100
2025-08-13,675.5772705078125,680.544750438017,660.674830717199,665.6423106474035,87469500
2025-08-14,680.5447387695312,705.3821379946967,665.642299234432,685.5122186145643,74033900
2025-08-15,650.7398681640625,685.5122275316079,645.7723882544132,680.5447476219585,36213600
2025-08-19,660.6748046875,670.609764156485,650.739845218515,655.7073249530075,15262600
2025-08-20,650.7398681640625,665.6423078930105,640.8049083447638,660.6748279833612,23795900
2025-08-21,640.8048706054688,655.7073094567587,635.837390988372,650.739829839662,25663200
2025-08-22,645.7723388671875,650.7398183969351,635.8373798076923,645.7723388671875,15909300
2025-08-25,650.7398681640625,660.6748279833612,645.7723882544132,650.7398681640625,39173600
2025-08-26,645.7723388671875,665.6422569861778,640.8048593374399,655.7072979266827,34875400
2025-08-27,635.83740234375,650.7398414611816,630.8699226379395,650.7398414611816,31352600
2025-08-28,640.8048706054688,645.7723502225654,630.8699113712754,635.837390988372,9527600
2025-08-29,625.9024658203125,645.7723853701638,625.9024658203125,640.804905482701,29503700
2025-09-01,606.0325317382812,635.8374103483607,596.0975722015882,615.9674912749743,49094800
2025-09-02,606.0325317382812,625.9024508116676,596.0975722015882,611.0000115066279,48781600
2025-09-03,606.0325317382812,615.9674912749743,596.0975722015882,606.0325317382812,57059600
2025-09-04,615.9674682617188,620.9349478444746,601.0650295134513,606.0325090962071,16187600
2025-09-08,586.16259765625,620.9349551443327,586.16259765625,615.967475503178,88378300
2025-09-09,581.1951293945312,596.0975686097756,561.3252104408721,591.1300888713608,34411200
2025-09-10,596.0975341796875,606.0324930826823,576.2276163736979,586.1625752766927,29806900
2025-09-11,586.16259765625,615.967475503178,586.16259765625,601.065036579714,31225600
2025-09-12,586.16259765625,591.1300772974047,576.2276383739407,586.16259765625,35609200
2025-09-15,591.1300659179688,596.0975454634979,581.1951068269104,586.1625863724396,8970200
2025-09-16,566.2926635742188,596.0975406044407,561.3251840691817,596.0975406044407,37147500
2025-09-17,576.2276611328125,586.1626208075162,561.325221620757,566.2927014581088,23586800
2025-09-18,546.4227905273438,576.2276700106534,546.4227905273438,576.2276700106534,59131900
2025-09-19,536.48779296875,561.3251907913773,536.48779296875,551.3902316623264,22399300
2025-09-22,546.4227905273438,556.3577503551136,526.552870871804,541.4553106134588,35500600
2025-09-23,551.3902587890625,561.3252184068834,536.4878193623312,551.3902587890625,27101600
2025-09-24,536.48779296875,561.3251907913773,531.5203134042245,556.3577112268518,23682300
2025-09-25,526.5528564453125,541.4552957786703,526.5528564453125,536.4878160008844,17821200
2025-09-26,516.617919921875,531.5203599196215,506.68295992337744,531.5203599196215,30619700
2025-09-29,546.4227905273438,551.3902704412286,521.585390957919,521.585390957919,22589100
2025-09-30,536.48779296875,551.3902316623264,531.5203134042245,546.4227520978009,21919200
2025-10-01,551.3902587890625,556.357738597973,541.4552991712416,541.4552991712416,28042500
2025-10-02,541.4552612304688,556.3576996129586,536.4877817696388,556.3576996129586,20003800
2025-10-03,541.4552612304688,546.4227406912987,531.5203023088087,546.4227406912987,14050000
2025-10-06,541.4552612304688,551.3902201521287,541.4552612304688,546.4227406912987,17833900
2025-10-07,526.5528564453125,546.4227755564564,516.6178968897406,541.4552957786703,25875200
2025-10-08,526.5528564453125,526.5528564453125,511.6504171119546,526.5528564453125,15654100
2025-10-09,546.4227905273438,551.3902704412286,521.585390957919,526.552870871804,32105100
2025-10-10,566.2926635742188,581.1951020893298,546.4227455540707,546.4227455540707,50752300
2025-10-13,561.3251953125,571.2601545215708,546.4227564988938,566.2926749170354,51271400
2025-10-14,556.3577270507812,571.2601661682129,536.4878082275391,571.2601661682129,41825600
2025-10-15,611.0,611.0,556.3577235772358,561.3252032520326,70120500
2025-10-16,601.0650634765625,620.9349829303331,586.1626238862345,611.0000232034479,45593900
2025-10-17,596.0975341796875,601.0650136311849,576.2276163736979,601.0650136311849,22196600
2025-10-20,635.83740234375,640.8048820495605,596.0975646972656,601.0650444030762,77168500
2025-10-21,615.9674682617188,640.8048661754978,610.999988678963,640.8048661754978,31909200
2025-10-22,606.0325317382812,620.934971043321,601.0650519699346,620.934971043321,16826500
2025-10-23,635.83740234375,655.7073211669922,601.0650444030762,606.0325241088867,58561600
2025-10-24,625.9024658203125,640.804905482701,620.9349859328497,635.8374255952381,27406000
2025-10-27,660.6748046875,665.6422844219925,615.9674870770677,625.9024465460527,61330000
2025-10-28,710.349609375,715.3170891608391,655.7073317307692,660.6748115166083,88589700
2025-10-29,730.2195434570312,745.1219831194197,710.3496239071801,715.3171037946429,67133100
2025-10-30,710.349609375,735.1870083041957,695.4471700174824,735.1870083041957,59495300
2025-10-31,695.4471435546875,705.3821027483259,680.5447047642299,700.4146231515067,66187900
2025-11-03,745.1219482421875,769.9593465169271,715.3170703125,745.1219482421875,126009700
2025-11-04,760.0244140625,774.9268535539215,715.3170955882352,745.1219745710785,92229500
2025-11-05,789.8292846679688,814.6666835568985,755.056926223467,755.056926223467,151627600
2025-11-06,774.9268188476562,794.7967372796473,760.0243800236628,789.8292576716495,37009200
2025-11-07,764.9918823242188,779.894321590275,750.0894430581626,779.894321590275,24742300
2025-11-10,779.894287109375,779.894287109375,740.154450823547,769.959328037918,37269500
2025-11-11,764.9918823242188,784.8618013456271,760.0244025688667,779.894321590275,27754100
2025-11-12,750.0894165039062,769.9593348218906,730.219498185922,769.9593348218906,33853000
2025-11-13,745.1219482421875,760.0243872070313,720.2845499674479,755.0569075520833,46431100
2025-11-14,725.2520141601562,755.0568914544092,725.2520141601562,740.1544528072827,31703500
2025-11-17,740.1544799804688,740.1544799804688,700.4146421291684,725.2520407862311,41737300
2025-11-18,715.3170776367188,740.1544761657715,715.3170776367188,730.2195167541504,38370200
2025-11-19,725.2520141601562,735.1869732582405,710.3495755130297,720.284534611114,14470900
2025-11-20,740.1544799804688,745.1219597118812,720.2845610548186,730.2195205176437,17225500
2025-11-21,740.1544799804688,755.0569191747063,730.2195205176437,740.1544799804688,24401800
2025-11-24,730.2195434570312,740.1545032319569,715.3171037946429,740.1545032319569,19016600
2025-11-25,710.349609375,735.1870083041957,705.3821295891609,730.2195285183566,10468600
2025-11-26,735.18701171875,735.18701171875,705.3821328652872,710.3496126741977,16495100
2025-11-27,720.2845458984375,735.1869847790948,710.3495866446659,735.1869847790948,7155600
2025-11-28,745.1219482421875,750.0894278971355,715.3170703125,720.2845499674479,32691800
2025-12-01,725.2520141601562,750.089411905367,725.2520141601562,745.1219323563249,38502400
2025-12-02,725.2520141601562,735.1869732582405,715.3170550620719,725.2520141601562,11711900
2025-12-03,715.3170776367188,735.1869964599609,710.3495979309082,735.1869964599609,14013700
2025-12-04,705.3821411132812,720.2845807142661,700.4146612462863,715.3171008472711,21409100
2025-12-05,720.2845458984375,735.1869847790948,705.3821070177802,705.3821070177802,23858700
2025-12-08,710.349609375,735.1870083041957,705.3821295891609,730.2195285183566,19647200
2025-12-09,715.3170776367188,720.2845573425293,705.3821182250977,710.3495979309082,26286800
2025-12-10,710.349609375,725.2520487325174,705.3821295891609,715.3170891608391,11601200
2025-12-11,715.3170776367188,720.2845573425293,700.4146385192871,710.3495979309082,17891700
2025-12-12,715.3170776367188,720.2845573425293,705.3821182250977,720.2845573425293,11997400
2025-12-15,715.3170776367188,735.1869964599609,705.3821182250977,715.3170776367188,22191100
2025-12-16,710.349609375,725.2520487325174,705.3821295891609,720.2845689466783,18637400
2025-12-17,740.1544799804688,740.1544799804688,715.317081323406,715.317081323406,45033800
2025-12-18,715.3170776367188,745.121955871582,710.3495979309082,740.1544761657715,20305200
2025-12-19,710.349609375,720.2845689466783,705.3821295891609,720.2845689466783,17824500
2025-12-22,710.349609375,720.2845689466783,700.4146498033216,720.2845689466783,22363400
2025-12-23,690.4796752929688,710.3495940064355,670.609756579502,710.3495940064355,48216000
2025-12-24,675.5772705078125,695.4471902286305,675.5772705078125,690.479710298426,8518400
2025-12-29,665.6422729492188,680.5447118958431,655.7073136514692,675.5772322469683,18166600
2025-12-30,665.6422729492188,675.5772322469683,655.7073136514692,670.6097525980936,20363700
2026-01-02,685.51220703125,695.4471665534421,670.609767747962,670.609767747962,12178200
2026-01-05,675.5772705078125,690.479710298426,665.6423106474035,685.5122303682215,12593100
2026-01-06,645.7723388671875,685.5121751051682,640.8048593374399,675.577216045673,49363700
2026-01-07,655.7073364257812,660.6748162471887,640.8048969615589,650.7398566043738,20886900
2026-01-08,660.6748046875,670.609764156485,650.739845218515,660.6748046875,22149600
2026-01-09,640.8048706054688,660.6747890738553,635.837390988372,655.7073094567587,16492400
2026-01-12,635.83740234375,645.7723617553711,625.9024429321289,640.8048820495605,20133800
2026-01-13,620.9349365234375,635.837375,610.9999775390625,630.8698955078124,23337000
2026-01-14,625.9024658203125,640.804905482701,620.9349859328497,620.9349859328497,8014500
2026-01-15,625.9024658203125,635.8374255952381,620.9349859328497,625.9024658203125,9589100
2026-01-19,635.83740234375,640.8048820495605,625.9024429321289,635.83740234375,11329600
2026-01-20,620.9349365234375,645.772333984375,615.96745703125,640.8048544921875,17190500
2026-01-21,615.9674682617188,630.8699070099862,610.999988678963,630.8699070099862,10656300
2026-01-22,640.8048706054688,655.7073094567587,620.9349521370821,625.9024317541788,25780800
2026-01-23,660.6748046875,665.6422844219925,645.7723654840225,645.7723654840225,33530400
2026-01-26,680.5447387695312,685.5122186145643,645.7723798542997,665.642299234432,41921700
2026-01-27,675.5772705078125,690.479710298426,670.609790577608,690.479710298426,39880600
2026-01-28,660.6748046875,680.5447236254699,640.8048857495301,660.6748046875,59006100
2026-01-29,675.5772705078125,680.544750438017,586.1626317641314,655.7073507869944,53172000
2026-01-30,695.4471435546875,740.1544599260603,675.5772251674107,690.4796639578683,85750800
2026-02-02,695.4471435546875,710.3495823451451,665.6422659737723,700.4146231515067,54826200
2026-02-03,725.2520141601562,725.2520141601562,675.5772186697345,695.4471368659032,29810600
2026-02-04,700.4146118164062,735.1869684314051,675.5772142342641,725.2520093985484,28362400
2026-02-05,700.4146118164062,715.3170503656914,695.4471322999779,700.4146118164062,8196600
2026-02-06,695.4471435546875,700.4146231515067,670.6097455705915,680.5447047642299,19833200
2026-02-09,680.5447387695312,700.4146581496635,665.642299234432,685.5122186145643,12417400
2026-02-10,680.5447387695312,690.4796984595974,670.609779079465,680.5447387695312,3627200
2026-02-11,670.6097412109375,690.4796594690393,665.642261646412,685.5121799045138,24009500
2026-02-12,655.7073364257812,680.5447355328184,645.7723767829664,675.577255711411,39362200
2026-02-13,660.6748046875,675.5772438909775,645.7723654840225,665.6422844219925,21301700
2026-02-18,660.6748046875,665.6422844219925,635.8374060150377,660.6748046875,23032000
2026-02-19,665.6422729492188,680.5447118958431,655.7073136514692,655.7073136514692,19658800
2026-02-20,675.5772705078125,680.544750438017,655.7073507869944,670.609790577608,17409800
2026-02-23,715.3170776367188,715.3170776367188,675.5772399902344,675.5772399902344,43581600
2026-02-24,690.4796752929688,715.3170736848022,680.5447159362354,715.3170736848022,53629100
2026-02-25,705.3821411132812,725.2520605812609,695.4471813792914,700.4146612462863,63497100
2026-02-26,675.5772705078125,690.479710298426,665.6423106474035,665.6423106474035,61855500
2026-02-27,695.4471435546875,695.4471435546875,650.7398271833148,665.6422659737723,36195000
2026-03-02,650.7398681640625,680.5447476219585,650.7398681640625,670.6097878026599,25021900
2026-03-03,670.6097412109375,680.5447003399884,645.7723433883101,655.7073025173611,26697900
2026-03-04,630.8699340820312,680.5447320412463,611.0000148983453,680.5447320412463,18025200
2026-03-05,635.83740234375,650.7398414611816,625.9024429321289,635.83740234375,26099400
2026-03-06,615.9674682617188,630.8699070099862,596.0975499306955,630.8699070099862,23964700
2026-03-09,581.1951293945312,611.00000782502,566.2926901792869,596.0975686097756,31742400
2026-03-10,635.83740234375,650.7398414611816,596.0975646972656,596.0975646972656,47803900
2026-03-11,606.0325317382812,635.8374103483607,606.0325317382812,635.8374103483607,21175700
2026-03-12,601.0650634765625,611.0000232034479,601.0650634765625,601.0650634765625,6751000
2026-03-13,591.1300659179688,606.0325045545562,586.1625863724396,601.0650250090271,9019900
2026-03-16,596.0975341796875,596.0975341796875,586.1625752766927,596.0975341796875,5355100
2026-03-17,615.9674682617188,625.9024274272304,591.1300703479397,591.1300703479397,15109400
2026-03-25,630.8699340820312,635.8374138779528,611.0000148983453,611.0000148983453,38554000
2026-03-26,611.0,650.739837398374,611.0,625.9024390243902,28426500
2026-03-27,611.0,615.9674796747968,606.0325203252032,615.9674796747968,32383000
2026-03-30,620.9349365234375,650.7398134765625,596.0975390625,601.0650185546875,97052200
2026-03-31,620.9349365234375,670.6097314453125,620.9349365234375,665.642251953125,73630300
2026-04-01,660.6748046875,675.5772438909775,630.8699262805452,645.7723654840225,46664400
2026-04-02,670.6097412109375,685.5121799045138,640.8048638237847,665.642261646412,72316400
2026-04-06,650.7398681640625,670.6097878026599,650.7398681640625,670.6097878026599,9622800
2026-04-07,660.6748046875,670.609764156485,650.739845218515,655.7073249530075,35530500
2026-04-08,705.3821411132812,720.2845807142661,680.5447417783065,690.4797015122964,79587300
2026-04-09,675.5772705078125,700.4146701588351,665.6423106474035,700.4146701588351,25560500
2026-04-10,665.6422729492188,675.5772322469683,660.674793300344,675.5772322469683,10957900
2026-04-13,665.6422729492188,680.5447118958431,655.7073136514692,655.7073136514692,7569400
2026-04-14,670.6097412109375,690.4796594690393,660.6747820818865,670.6097412109375,13886800
2026-04-15,650.7398681640625,670.6097878026599,645.7723882544132,670.6097878026599,28272600
2026-04-16,655.7073364257812,655.7073364257812,635.8374171401515,650.7398566043738,21190500
2026-04-17,655.7073364257812,665.6422960685961,650.7398566043738,655.7073364257812,11264100
2026-04-20,630.8699340820312,665.6422926534818,630.8699340820312,660.6748128575604,13932300
2026-04-21,655.7073364257812,655.7073364257812,625.9024574973366,640.8048969615589,16672000
2026-04-22,645.7723388671875,660.6747774564303,645.7723388671875,655.7072979266827,13974100
2026-04-23,645.7723388671875,650.7398183969351,625.9024207481971,645.7723388671875,34879300
2026-04-24,635.83740234375,640.8048820495605,615.9674835205078,640.8048820495605,27050000
2026-04-27,625.9024658203125,640.804905482701,620.9349859328497,625.9024658203125,9904000
2026-04-28,620.9349365234375,655.7072929687499,615.96745703125,630.8698955078124,26111400
2026-04-29,625.9024658203125,630.8699457077753,611.0000261579241,625.9024658203125,8588700
2026-04-30,606.0325317382812,635.8374103483607,601.0650519699346,630.869930580014,15464400
2026-05-04,620.9349365234375,625.902416015625,606.0324980468749,606.0324980468749,10247100
2026-05-05,606.0325317382812,620.934971043321,601.0650519699346,620.934971043321,22996800
2026-05-06,606.0325317382812,615.9674912749743,601.0650519699346,611.0000115066279,8103800
2026-05-07,620.9349365234375,625.902416015625,596.0975390625,615.96745703125,54341900
2026-05-08,655.7073364257812,660.6748162471887,625.9024574973366,625.9024574973366,79914700
2026-05-11,645.7723388671875,675.577216045673,635.8373798076923,675.577216045673,38639000
2026-05-12,645.7723388671875,655.7072979266827,630.8699002779447,650.7398183969351,22536400
2026-05-13,611.0,650.739837398374,611.0,645.7723577235772,26782600
2026-05-14,611.0,611.0,611.0,611.0,0
2026-05-15,611.0,611.0,611.0,611.0,0
2026-05-18,601.0650634765625,611.0000232034479,586.1626238862345,611.0000232034479,22575600
2026-05-19,591.1300659179688,610.9999841000854,581.1951068269104,601.0650250090271,25586500
2026-05-20,581.1951293945312,596.0975686097756,571.2601699177017,591.1300888713608,12671800
2026-05-21,591.1300659179688,606.0325045545562,581.1951068269104,581.1951068269104,21454100
2026-05-22,576.2276611328125,591.130100644868,566.2927014581088,591.130100644868,7236900
2026-05-25,611.0,615.9674796747968,576.2276422764228,586.1626016260162,15221800
2026-05-26,601.0650634765625,611.0000232034479,601.0650634765625,611.0000232034479,3219100
2026-05-27,601.0650634765625,601.0650634765625,601.0650634765625,601.0650634765625,0
2026-05-28,601.0650634765625,601.0650634765625,601.0650634765625,601.0650634765625,0
2026-05-29,635.83740234375,660.6748008728027,586.1626052856445,601.0650444030762,84673900
2026-06-02,620.9349365234375,645.772333984375,610.9999775390625,635.837375,18192000
2026-06-03,596.0975341796875,630.8698903401693,586.1625752766927,630.8698903401693,21714000
2026-06-04,566.2926635742188,601.0650201094778,556.3577045641447,601.0650201094778,20110700
2026-06-05,566.2926635742188,581.1951020893298,561.3251840691817,581.1951020893298,29168700
2026-06-08,526.5528564453125,561.3252148898142,511.6504171119546,561.3252148898142,25463100
2026-06-09,541.4552612304688,541.4552612304688,511.6503844654888,511.6503844654888,25732000
2026-06-10,546.4227905273438,556.3577503551136,526.552870871804,536.4878306995738,15574300
2026-06-11,561.3251953125,571.2601545215708,541.4552768943583,546.4227564988938,15871400
2026-06-12,561.3251953125,566.2926749170354,541.4552768943583,561.3251953125,22530400
2026-06-15,596.0975341796875,606.0324930826823,556.3576985677083,561.3251780192057,15325900
2026-06-17,591.1300659179688,606.0325045545562,581.1951068269104,606.0325045545562,9421800
2026-06-18,596.0975341796875,596.0975341796875,566.2926574707031,596.0975341796875,10402400
2026-06-19,591.1300659179688,601.0650250090271,581.1951068269104,596.0975454634979,14333900
2026-06-22,601.0650634765625,615.9675030668905,581.1951440227919,591.1301037496772,16191100
2026-06-23,615.9674682617188,615.9674682617188,596.0975499306955,606.0325090962071,11786300
2026-06-24,596.0975341796875,620.9349314371744,586.1625752766927,615.967451985677,26384900
2026-06-25,630.8699340820312,630.8699340820312,596.0975755105808,596.0975755105808,75848600
2026-06-26,625.9024658203125,645.7723853701638,615.9675060453869,635.8374255952381,65024500
2026-06-29,620.9349365234375,635.837375,615.96745703125,630.8698955078124,45794900
2026-06-30,615.9674682617188,625.9024274272304,596.0975499306955,625.9024274272304,15891800
2026-07-01,601.0650634765625,620.9349829303331,601.0650634765625,611.0000232034479,3035400
2026-07-02,611.0,620.9349593495936,601.0650406504066,601.0650406504066,9514300
2026-07-03,615.0,625.0,610.0,615.0,7408500
2026-07-06,590.0,615.0,575.0,610.0,38481900
2026-07-07,605.0,610.0,585.0,595.0,26691400
2026-07-08,600.0,610.0,585.0,610.0,22503800
2026-07-09,610.0,620.0,595.0,600.0,15384300
2026-07-10,595.0,610.0,590.0,610.0,12459500
2026-07-13,600.0,605.0,595.0,595.0,8638800
2026-07-14,595.0,610.0,590.0,605.0,22458100
2026-07-15,615.0,635.0,590.0,600.0,39439300
2026-07-16,610.0,625.0,605.0,620.0,8189300
2026-07-17,630.0,640.0,605.0,610.0,35387000
2026-07-20,640.0,655.0,620.0,630.0,12994100
2026-07-21,635.0,640.0,625.0,640.0,19155800
2026-07-22,620.0,640.0,610.0,635.0,47382500
2026-07-23,605.0,625.0,605.0,625.0,14291500
2026-07-24,605.0,610.0,590.0,605.0,5178400
2026-07-27,585.0,605.0,580.0,605.0,7220900
2026-07-28,595.0,605.0,580.0,585.0,11917500
2026-07-29,600.0,605.0,590.0,600.0,7518400
2026-07-30,635.0,645.0,600.0,605.0,20368000
2026-07-31,650.0,650.0,625.0,630.0,25703200
2026-08-03,675.0,705.0,635.0,640.0,105522700
2026-08-04,665.0,690.0,655.0,675.0,110513500
2026-08-05,675.0,695.0,650.0,665.0,55370600
2026-08-06,675.0,685.0,665.0,685.0,9232900
2026-08-07,675.0,680.0,665.0,675.0,6924100
2026-08-10,660.0,670.0,655.0,670.0,16545300
2026-08-11,640.0,660.0,640.0,660.0,23901700
2026-08-12,630.0,655.0,625.0,640.0,20462600
2026-08-13,635.0,640.0,620.0,630.0,9443400
2026-08-14,655.0,655.0,635.0,645.0,12049000
2026-08-18,675.0,680.0,630.0,680.0,37040000
2026-08-19,645.0,675.0,645.0,675.0,10704600
2026-08-20,675.0,680.0,640.0,645.0,30155100
2026-08-21,670.0,680.0,660.0,675.0,13597500
2026-08-24,655.0,670.0,655.0,670.0,4572500
2026-08-26,675.0,690.0,650.0,655.0,51020000
2026-08-27,705.0,720.0,675.0,675.0,35984900
2026-08-28,725.0,730.0,700.0,705.0,27320400
2026-08-31,720.0,730.0,705.0,725.0,21641700
2026-09-01,710.0,730.0,710.0,720.0,10947800
2026-09-02,695.0,710.0,685.0,710.0,17881000
2026-09-03,700.0,700.0,685.0,700.0,26151000
2026-09-04,700.0,710.0,690.0,705.0,13970000
2026-09-07,690.0,705.0,685.0,705.0,4473100
