date,Close,High,Low,Open,Volume
2018-06-01,1223.633544921875,1223.633544921875,1223.633544921875,1223.633544921875,0
2018-06-04,1294.569091796875,1312.3029149721747,1235.4563478792095,1241.367622270976,95155300
2018-06-05,1330.036865234375,1371.4157899305555,1300.480490451389,1324.1255902777777,149738600
2018-06-06,1288.65771484375,1353.6817279780676,1276.8351670011468,1353.6817279780676,80143300
2018-06-07,1300.4803466796875,1330.0367181951349,1288.6577980735085,1300.4803466796875,55404000
2018-06-08,1229.5450439453125,1288.6577864426833,1223.6337696955754,1235.4563181950496,119864700
2018-06-11,1229.5450439453125,1229.5450439453125,1229.5450439453125,1229.5450439453125,0
2018-06-12,1229.5450439453125,1229.5450439453125,1229.5450439453125,1229.5450439453125,0
2018-06-13,1229.5450439453125,1229.5450439453125,1229.5450439453125,1229.5450439453125,0
2018-06-14,1229.5450439453125,1229.5450439453125,1229.5450439453125,1229.5450439453125,0
2018-06-15,1229.5450439453125,1229.5450439453125,1229.5450439453125,1229.5450439453125,0
2018-06-18,1229.5450439453125,1229.5450439453125,1229.5450439453125,1229.5450439453125,0
2018-06-19,1229.5450439453125,1229.5450439453125,1229.5450439453125,1229.5450439453125,0
2018-06-20,1205.89990234375,1247.2788205614277,1188.1660802504596,1199.9886283126532,94601200
2018-06-21,1235.4561767578125,1247.2787239038203,1199.9885353197892,1199.9885353197892,69721700
2018-06-22,1199.988525390625,1247.2787135833591,1199.988525390625,1211.8110724388087,39150300
2018-06-25,1170.432373046875,1229.5451191603534,1170.432373046875,1217.7225699376577,53313100
2018-06-26,1149.74267578125,1170.432132671915,1134.9644922879177,1170.432132671915,53669800
2018-06-27,1134.9647216796875,1167.476731936137,1126.097809791565,1152.6985454559326,35604300
2018-06-28,1075.8519287109375,1143.831583547068,1075.8519287109375,1140.8759463802799,62849200
2018-06-29,1179.2991943359375,1199.9886538856908,1078.8075336657073,1081.7631707442433,112236200
2018-07-02,1152.698486328125,1235.4563263721955,1152.698486328125,1188.166132061298,76663600
2018-07-03,963.53759765625,1123.141984998083,960.5819608536235,1123.141984998083,346079700
2018-07-04,951.715087890625,1004.9165524310947,925.1143556203901,966.4932724851999,201140500
2018-07-05,901.46923828125,951.7150646772541,898.5136014344262,951.7150646772541,139694300
2018-07-06,925.114501953125,960.5821505903056,889.6468533159444,904.4250402481031,219319900
2018-07-09,966.4932250976562,984.2270457416499,933.9812205836678,933.9812205836678,114007300
2018-07-10,936.9369506835938,984.2271437780339,936.9369506835938,975.3602325728264,112508900
2018-07-11,913.2918090820312,939.8925413853914,910.3361721594357,928.0699936950091,97951900
2018-07-12,957.6263427734375,963.5376164942612,916.2474267276717,916.2474267276717,114387900
2018-07-13,996.0496215820312,1001.960895300619,960.5819792705049,969.4488898483866,131859600
2018-07-16,969.4490356445312,1007.8723205938571,966.4933983407369,1001.9610459862685,55577900
2018-07-17,1019.6947021484375,1022.6503389662591,963.5376026098279,981.2714235167573,90337000
2018-07-18,1016.7391357421875,1046.295505967251,1013.7834987196811,1025.6060468097064,86209300
2018-07-19,990.1384887695312,1028.561773408349,981.2715769298042,1025.6061361284399,74133600
2018-07-20,1001.9609985351562,1013.7835471904383,978.315901224592,987.1828127160536,47624000
2018-07-23,990.1384887695312,1013.7835870088037,987.1828514896222,1001.9610378891674,38865600
2018-07-24,1016.7391357421875,1019.6947727646938,996.049676584643,999.0053136071493,51253700
2018-07-25,1019.6947021484375,1034.4728862375453,1016.739065330616,1025.6059757840806,56761900
2018-07-26,993.0940551757812,1025.6060629345122,990.1384181068057,1022.6504258655367,89542300
2018-07-27,1001.9609985351562,1004.9166356989767,996.0497242075152,999.0053613713357,22826000
2018-07-30,1010.827880859375,1022.6504291735197,999.0053325452302,1004.9166067023026,44179700
2018-07-31,1004.9165649414062,1019.6947497199562,987.182743207146,1013.7834758085362,49237200
2018-08-01,1034.4730224609375,1040.384296875,1004.9166503906249,1010.8279248046874,87911400
2018-08-02,1022.6505126953125,1058.1181605344564,1022.6505126953125,1034.4730619750271,74752900
2018-08-03,1040.3841552734375,1055.1623392972078,1025.6059712496672,1028.5616080544212,50859300
2018-08-06,1049.2510986328125,1061.0736462230414,1046.2954617352552,1049.2510986328125,50955200
2018-08-07,1052.20654296875,1061.0734520387114,1043.3396338987886,1058.1178156820574,29803700
2018-08-08,1105.4080810546875,1108.3637176350476,1040.3840762867646,1058.1178957689256,155451200
2018-08-09,1158.6097412109375,1188.166112160196,1096.5413622174945,1111.3195476921237,280839500
2018-08-10,1146.787109375,1173.3878412934923,1143.8314724951676,1158.60965689433,85326900
2018-08-13,1066.9849853515625,1129.0533640008223,1061.07371119449,1126.097726922286,106371700
2018-08-14,1072.896240234375,1093.5856994124483,1052.2067810563017,1066.984966183497,83590200
2018-08-15,1087.6744384765625,1096.5413496597953,1034.4729713771655,1084.718801415485,81718700
2018-08-16,1061.0736083984375,1084.7187027360071,1058.1179716062413,1069.940518775026,50896600
2018-08-17,1061.0736083984375,1061.0736083984375,1061.0736083984375,1061.0736083984375,0
2018-08-20,1099.4969482421875,1111.3194960727487,1078.8074895387056,1078.8074895387056,70202500
2018-08-21,1140.8759765625,1155.6541627874028,1087.6745061528497,1102.4526923777526,124642900
2018-08-22,1140.8759765625,1140.8759765625,1140.8759765625,1140.8759765625,0
2018-08-23,1199.988525390625,1229.5448930110838,1143.8314269117534,1152.698337197891,226891800
2018-08-24,1179.2991943359375,1205.8999280427631,1176.3435572574012,1199.9886538856908,54646600
2018-08-27,1235.4561767578125,1253.1899974768241,1188.1659881737814,1205.899808892793,127417700
2018-08-28,1217.722412109375,1259.1013290257129,1217.722412109375,1247.2787813353307,61257200
2018-08-29,1265.0125732421875,1294.5689417758836,1211.8111098815348,1229.5449310017523,134540100
2018-08-30,1211.81103515625,1288.657588605183,1211.81103515625,1265.0124952362805,73789100
2018-08-31,1265.0125732421875,1265.0125732421875,1176.3434676410996,1188.166015054578,101249200
2018-09-03,1211.81103515625,1265.0124952362805,1205.8997618140245,1265.0124952362805,51535700
2018-09-04,1182.2548828125,1229.545078125,1182.2548828125,1211.8112548828124,67496200
2018-09-05,1114.275146484375,1170.4322493575928,1087.6744135444296,1161.5653383776112,112454700
2018-09-06,1194.0772705078125,1205.8998177405633,1120.1863503031211,1120.1863503031211,110850900
2018-09-07,1199.988525390625,1217.7223459629004,1182.2547048183499,1205.8997989147167,58423200
2018-09-10,1194.0772705078125,1217.722364973314,1176.3434496586867,1205.8998177405633,42219800
2018-09-11,1194.0772705078125,1194.0772705078125,1194.0772705078125,1194.0772705078125,0
2018-09-12,1205.89990234375,1229.5449984681372,1194.0773542815564,1199.9886283126532,68982300
2018-09-13,1194.0772705078125,1223.633638589689,1188.1659968914373,1217.722364973314,50637800
2018-09-14,1199.988525390625,1211.8110724388087,1188.1659783424416,1199.988525390625,41376900
2018-09-17,1179.2991943359375,1199.9886538856908,1176.3435572574012,1199.9886538856908,31929200
2018-09-18,1217.722412109375,1223.633685954566,1170.4322213478458,1176.343495193037,56550000
2018-09-19,1194.0772705078125,1235.4561858224397,1194.0772705078125,1223.633638589689,56997800
2018-09-20,1229.5450439453125,1235.4563181950496,1194.0773984468901,1205.8999469463643,94931300
2018-09-21,1199.988525390625,1259.1012606315426,1199.988525390625,1241.3674400592672,72781300
2018-09-24,1199.988525390625,1229.5448930110838,1199.988525390625,1211.8110724388087,36368500
2018-09-25,1223.633544921875,1229.5448180857488,1199.98845226638,1205.8997254302537,28707600
2018-09-26,1265.0125732421875,1276.8351206556658,1217.722383588274,1229.5449310017523,105559200
2018-09-27,1288.65771484375,1312.3028105289563,1265.0126191585434,1265.0126191585434,115991000
2018-09-28,1330.036865234375,1347.7706901041668,1294.5692154947917,1300.480490451389,98468600
2018-10-01,1324.1253662109375,1353.6817359924316,1312.3028182983398,1341.859188079834,38543000
2018-10-02,1347.7705078125,1400.9719752261512,1312.3028628700658,1312.3028628700658,109983700
2018-10-03,1359.593017578125,1389.1493875254755,1347.7704695991847,1347.7704695991847,51957500
2018-10-04,1353.681640625,1389.149281864083,1330.0365464656113,1359.5929141648471,81767300
2018-10-05,1300.4803466796875,1359.5930897105825,1265.0127008611505,1347.7705411044035,70548600
2018-10-08,1312.3028564453125,1365.5043235985008,1288.6577599327843,1288.6577599327843,97839700
2018-10-09,1253.1900634765625,1335.9478978570903,1247.278789592239,1324.1253500884434,90954800
2018-10-10,1330.036865234375,1341.8594151475695,1259.1015657552084,1259.1015657552084,120840100
2018-10-11,1265.0125732421875,1312.302762896101,1259.1012995354483,1276.8351206556658,124281100
2018-10-12,1253.1900634765625,1300.4802545511498,1235.4562418235923,1270.9238851295327,142373000
2018-10-15,1205.89990234375,1282.7464647480085,1205.89990234375,1241.3675465303309,87204600
2018-10-16,1300.4803466796875,1300.4803466796875,1217.7225064364347,1229.5450550426137,143220400
2018-10-17,1365.5042724609375,1383.2380941812094,1324.1253551136363,1330.0366290203935,136397100
2018-10-18,1318.214111328125,1353.6817555791058,1300.4802892026346,1353.6817555791058,90272600
2018-10-19,1341.859130859375,1371.4154993805066,1294.5689412255645,1300.480214929791,125134500
2018-10-22,1383.2381591796875,1395.0607075487446,1353.6817882570444,1353.6817882570444,73182900
2018-10-23,1389.1492919921875,1430.5282070728058,1371.415471243351,1371.415471243351,134216000
2018-10-24,1330.036865234375,1418.7059895833333,1324.1255902777777,1389.1496148003473,83103900
2018-10-25,1330.036865234375,1341.8594151475695,1282.7466655815972,1300.480490451389,106852900
2018-10-26,1276.835205078125,1341.859220151548,1276.835205078125,1330.0366719563801,90792500
2018-10-29,1282.74658203125,1318.2142294606856,1259.1014837449598,1282.7465820312502,70871800
2018-10-30,1259.1011962890625,1306.3913820651776,1247.278649845034,1294.5688356211488,79967200
2018-10-31,1312.3028564453125,1312.3028564453125,1270.9239375483883,1276.8352116765202,81861200
2018-11-01,1306.3916015625,1365.5043437146494,1282.7465047016403,1324.1254242081448,108871000
2018-11-02,1188.1661376953125,1318.2141726669388,1152.6984917939599,1312.3028983500467,537044100
2018-11-05,1217.722412109375,1229.5449597997572,1179.2991321156326,1182.2547690382282,113387200
2018-11-06,1229.5450439453125,1259.101415193998,1223.6337696955754,1235.4563181950496,88428800
2018-11-07,1211.81103515625,1241.3674018673782,1194.0772151295732,1235.4561285251525,73342500
2018-11-08,1235.4561767578125,1253.1899974768241,1223.6336296118047,1229.5449031848086,73617000
2018-11-09,1247.278564453125,1270.9236557223785,1211.8109275492448,1229.5447460011849,74141100
2018-11-12,1223.633544921875,1265.0124570689916,1217.7222717580012,1247.2786375773703,99660200
2018-11-13,1223.633544921875,1253.189910741244,1199.98845226638,1205.8997254302537,72377600
2018-11-14,1223.633544921875,1241.3673644134965,1217.7222717580012,1217.7222717580012,66958500
2018-11-15,1229.5450439453125,1253.190140944261,1229.5450439453125,1235.4563181950496,60950900
2018-11-16,1223.633544921875,1253.189910741244,1217.7222717580012,1235.4560912496227,63920300
2018-11-19,1199.988525390625,1241.3674400592672,1194.0772518665333,1235.4561665351755,58524600
2018-11-20,1199.988525390625,1199.988525390625,1199.988525390625,1199.988525390625,0
2018-11-21,1149.74267578125,1211.8110464532454,1140.8757656852506,1188.1659528639138,127003800
2018-11-22,1143.8314208984375,1167.4765148704982,1140.87578415193,1155.6539678844679,57216600
2018-11-23,1167.4765625,1199.9885680379746,1152.698378164557,1167.4765625,122447900
2018-11-26,1137.920166015625,1170.4321707589286,1129.0532556310875,1167.4765339640828,64843300
2018-11-27,1134.9647216796875,1167.476731936137,1126.097809791565,1137.9203589757283,89055400
2018-11-28,1155.654052734375,1173.387874515465,1137.9202309532848,1137.9202309532848,66435200
2018-11-29,1146.787109375,1173.3878412934923,1146.787109375,1164.520930653995,55450400
2018-11-30,1155.654052734375,1155.654052734375,1134.9645939897698,1146.7871418438299,56647300
2018-12-03,1164.52099609375,1173.3879072315196,1143.8315367722876,1170.4322701855965,87543900
2018-12-04,1235.4561767578125,1235.4561767578125,1164.520893881766,1170.4321674547698,201996100
2018-12-05,1217.722412109375,1259.1013290257129,1199.9885905738015,1217.722412109375,141440100
2018-12-06,1265.0125732421875,1276.8351206556658,1199.9885624680564,1211.8111098815348,163466400
2018-12-07,1259.1011962890625,1282.7462891771202,1241.3673766230195,1270.9237427330913,75317100
2018-12-10,1235.4561767578125,1259.101271049828,1217.7223560388009,1241.3674503308164,48861100
2018-12-11,1217.722412109375,1241.3675074901396,1205.8998644189926,1223.633685954566,65718100
2018-12-12,1259.1011962890625,1270.9237427330913,1229.5448301789907,1229.5448301789907,95064700
2018-12-13,1270.9239501953125,1300.4803211300873,1265.0126760083576,1270.9239501953125,106612400
2018-12-14,1241.367431640625,1270.9237990606398,1241.367431640625,1259.1012520926338,36897100
2018-12-17,1217.722412109375,1259.1013290257129,1217.722412109375,1253.1900551805218,53048500
2018-12-18,1223.633544921875,1241.3673644134965,1211.8109985941276,1217.7222717580012,54225500
2018-12-19,1229.5450439453125,1259.101415193998,1223.6337696955754,1223.6337696955754,70801300
2018-12-20,1235.4561767578125,1253.1899974768241,1223.6336296118047,1235.4561767578125,29389800
2018-12-21,1276.835205078125,1288.6577532732927,1223.6337381998696,1235.4562863950375,118177600
2018-12-24,1276.835205078125,1276.835205078125,1276.835205078125,1276.835205078125,0
2018-12-25,1276.835205078125,1276.835205078125,1276.835205078125,1276.835205078125,0
2018-12-26,1235.4561767578125,1270.9238181958358,1235.4561767578125,1253.1899974768241,45034800
2018-12-27,1253.1900634765625,1282.7464328981796,1253.1900634765625,1265.0126112452094,55953100
2018-12-28,1253.1900634765625,1282.7464328981796,1253.1900634765625,1265.0126112452094,48988400
2018-12-31,1253.1900634765625,1253.1900634765625,1253.1900634765625,1253.1900634765625,0
2019-01-01,1253.1900634765625,1253.1900634765625,1253.1900634765625,1253.1900634765625,0
2019-01-02,1306.3916015625,1318.2141499929298,1265.0126820559956,1270.9239562712105,156535700
2019-01-03,1300.4803466796875,1330.0367181951349,1288.6577980735085,1324.1254438920455,101367700
2019-01-04,1300.4803466796875,1312.3028952858665,1294.5690723765981,1300.4803466796875,63747800
2019-01-07,1341.859130859375,1347.7704045636015,1306.3914886340172,1324.125309746696,119522900
2019-01-08,1335.9478759765625,1365.504244914097,1318.2140546140417,1341.8591497640693,106671900
2019-01-09,1335.9478759765625,1353.681697339083,1324.1253284015486,1353.681697339083,53560100
2019-01-10,1353.681640625,1377.3267347843887,1330.0365464656113,1347.7703670851529,124206000
2019-01-11,1359.593017578125,1377.3268395465352,1347.7704695991847,1365.504291567595,44509600
2019-01-14,1359.593017578125,1371.415565557065,1335.9479216202444,1359.593017578125,40958000
2019-01-15,1371.4156494140625,1383.2381981159078,1359.593100712217,1371.4156494140625,59364900
2019-01-16,1424.6171875,1442.3510114107885,1377.3269904045644,1383.2382650414938,170370000
2019-01-17,1430.5283203125,1448.2621424651343,1418.7057722107438,1430.5283203125,84413000
2019-01-18,1436.4395751953125,1448.2621231393068,1418.705753279321,1442.3508491673097,54752200
2019-01-21,1460.0845947265625,1471.9071420522837,1424.616952749399,1442.3507737379807,69734700
2019-01-22,1454.17333984375,1465.9958873221547,1436.4395186261434,1460.0846135829524,47332800
2019-01-23,1448.2620849609375,1465.9959064094387,1442.3508111447704,1454.1733587771046,45463400
2019-01-24,1412.79443359375,1460.084623839566,1395.0606122515692,1460.084623839566,83597000
2019-01-25,1430.5283203125,1436.439594363378,1406.8832241089876,1418.7057722107438,35523200
2019-01-28,1418.7056884765625,1448.262056986491,1400.9718673706057,1436.4395095825196,51345900
2019-01-29,1400.971923828125,1424.6170195889372,1395.060649887922,1418.7057456487341,27693700
2019-01-30,1495.55224609375,1495.55224609375,1400.9718668941453,1412.794414294096,109202600
2019-01-31,1519.197509765625,1560.5764302650778,1495.5524123373661,1507.3749610514956,140415000
2019-02-01,1483.729736328125,1525.1086532775148,1483.7297363281248,1519.197379427602,59923800
2019-02-04,1483.729736328125,1507.3748317277762,1477.818462478212,1489.6410101780377,47049300
2019-02-05,1483.729736328125,1483.7297363281248,1483.7297363281248,1483.7297363281248,0
2019-02-06,1495.55224609375,1513.286067193676,1489.6409723937747,1495.55224609375,55772200
2019-02-07,1454.17333984375,1501.463529757368,1442.3507923653456,1489.6409822789635,62380600
2019-02-08,1477.818359375,1489.64090625,1442.35071875,1448.2619921875,37758100
2019-02-11,1483.729736328125,1495.5522840279505,1465.9959147783864,1489.6410101780377,49760700
2019-02-12,1424.6171875,1477.8186592323652,1412.7946382261412,1477.8186592323652,104665600
2019-02-13,1383.2381591796875,1442.3509010249732,1365.5043366261018,1436.4396268404446,107938300
2019-02-14,1454.17333984375,1454.1733398437502,1383.2380549733232,1400.97187619093,75976300
2019-02-15,1454.17333984375,1471.9071610613569,1412.7944236693345,1465.9958873221547,36193500
2019-02-18,1483.729736328125,1495.5522840279505,1460.0846409284734,1471.907188628299,56773400
2019-02-19,1477.818359375,1495.5521796875,1471.9070859375,1489.64090625,24781000
2019-02-20,1471.9073486328125,1495.5524466028176,1460.08479964781,1489.6411721103163,40394100
2019-02-21,1560.5762939453125,1578.3101154674184,1471.9071863347835,1483.7297340161874,190214200
2019-02-22,1566.4876708984375,1607.8665905070754,1554.6651224388265,1560.576396668632,122010600
2019-02-25,1542.842529296875,1590.1327217657447,1542.842529296875,1572.3988995899185,40430900
2019-02-26,1560.5762939453125,1566.4875677860146,1519.197377060399,1542.8424724232068,47724400
2019-02-27,1519.197509765625,1572.3989789792072,1513.2862354085603,1566.4877046221425,55344400
2019-02-28,1501.463623046875,1531.019993579294,1495.5523489403913,1531.019993579294,51932800
2019-03-01,1471.9073486328125,1501.4637210953188,1460.08479964781,1489.6411721103163,53402000
2019-03-04,1501.463623046875,1519.1974453663265,1471.9072525144563,1477.81852662094,48224000
2019-03-05,1454.17333984375,1501.463529757368,1448.2620661045478,1495.5522560181657,64170500
2019-03-06,1454.17333984375,1465.9958873221547,1430.5282448869411,1465.9958873221547,50326700
2019-03-07,1454.17333984375,1454.1733398437502,1454.1733398437502,1454.1733398437502,0
2019-03-08,1436.4395751953125,1483.7297669712898,1436.4395751953125,1442.3508491673097,46157300
2019-03-11,1412.79443359375,1448.262076278112,1389.1493384708422,1436.439528716658,49305000
2019-03-12,1389.1492919921875,1430.5282070728058,1383.238018409242,1418.705659906915,56213200
2019-03-13,1412.79443359375,1430.528254935931,1389.1493384708422,1395.0606122515692,38996700
2019-03-14,1430.5283203125,1436.439594363378,1406.8832241089876,1412.7944981598657,31074100
2019-03-15,1483.729736328125,1495.5522840279505,1436.439545528822,1436.439545528822,63940300
2019-03-18,1460.0845947265625,1489.6409630408652,1454.173321063702,1465.995868389423,23432800
2019-03-19,1460.0845947265625,1483.7296893780047,1454.173321063702,1477.818415715144,9266000
2019-03-20,1436.4395751953125,1471.9072190272955,1430.5283012233153,1448.2621231393068,26394400
2019-03-21,1400.971923828125,1442.3508414095463,1389.149375947719,1424.6170195889372,42119900
2019-03-22,1395.0606689453125,1418.7057650291315,1389.149394924358,1412.7944910081767,24890000
2019-03-25,1377.3267822265625,1400.971877200409,1359.5929609961775,1377.3267822265625,34887000
2019-03-26,1406.8831787109375,1424.6170002913275,1389.1493571305475,1395.0606309906775,32221100
2019-03-27,1383.2381591796875,1418.705804286859,1383.2381591796875,1418.705804286859,17568800
2019-03-28,1389.1492919921875,1400.9718391580784,1377.3267448262966,1389.1492919921875,16682800
2019-03-29,1395.0606689453125,1406.883216987222,1383.2381209034031,1389.149394924358,26530900
2019-04-01,1400.971923828125,1406.883197768328,1383.2381020075159,1406.883197768328,13943400
2019-04-02,1335.9478759765625,1395.0606138516316,1330.0366021890554,1395.0606138516316,79018800
2019-04-03,1335.9478759765625,1335.9478759765625,1335.9478759765625,1335.9478759765625,0
2019-04-04,1359.593017578125,1371.415565557065,1335.9479216202444,1335.9479216202444,29508300
2019-04-05,1353.681640625,1377.3267347843887,1341.8590935453058,1365.5041877046942,15034200
2019-04-08,1324.1253662109375,1365.5042839050293,1300.4802703857422,1359.5930099487305,29013800
2019-04-09,1353.681640625,1365.5041877046942,1330.0365464656113,1341.8590935453058,22725900
2019-04-10,1365.5042724609375,1371.4155463676948,1341.8591768339084,1341.8591768339084,22316100
2019-04-11,1330.036865234375,1353.6819650607638,1324.1255902777777,1341.8594151475695,19848100
2019-04-12,1347.7705078125,1365.504330283717,1330.036685341283,1330.036685341283,12170200
2019-04-15,1347.7705078125,1365.504330283717,1335.9479594983552,1359.5930561266446,19146800
2019-04-16,1395.0606689453125,1400.9719429662673,1347.770476777675,1359.5930248195843,62610400
2019-04-17,1395.0606689453125,1395.0606689453125,1395.0606689453125,1395.0606689453125,0
2019-04-18,1395.0606689453125,1436.4395870919957,1389.149394924358,1418.7057650291315,58635000
2019-04-19,1395.0606689453125,1395.0606689453125,1395.0606689453125,1395.0606689453125,0
2019-04-22,1353.681640625,1400.9718289437774,1353.681640625,1395.06055540393,27516600
2019-04-23,1412.79443359375,1418.705707374477,1359.592969567207,1365.504243347934,42993500
2019-04-24,1412.79443359375,1424.616981155204,1400.9718860322962,1418.705707374477,20785100
2019-04-25,1383.2381591796875,1418.705804286859,1383.2381591796875,1418.705804286859,21150500
2019-04-26,1395.0606689453125,1406.883216987222,1377.3268468824485,1389.149394924358,17017200
2019-04-29,1371.4156494140625,1395.0607468177532,1365.5043750631398,1395.0607468177532,29290100
2019-04-30,1371.4156494140625,1383.2381981159078,1347.7705520103716,1377.3269237649852,27626200
2019-05-01,1371.4156494140625,1371.4156494140625,1371.4156494140625,1371.4156494140625,0
2019-05-02,1330.036865234375,1359.593240017361,1330.036865234375,1347.7706901041668,38083700
2019-05-03,1324.1253662109375,1341.859188079834,1306.391544342041,1335.9479141235352,25116200
2019-05-06,1294.569091796875,1318.2141893639412,1270.9239942298088,1300.4803661886415,30485500
2019-05-07,1324.1253662109375,1324.1253662109375,1294.5689964294434,1294.5689964294434,34568900
2019-05-08,1316.234130859375,1340.4965111517138,1310.1685357862902,1334.430916078629,44657600
2019-05-09,1237.38134765625,1322.2996754365809,1237.38134765625,1316.2340805951285,69308000
2019-05-10,1225.25,1273.7747524752476,1225.25,1255.5779702970299,62323200
2019-05-13,1200.98779296875,1237.3813624526515,1200.98779296875,1225.2501726246844,28799400
2019-05-14,1219.1845703125,1255.5781395755596,1173.6926087336753,1182.7910010494402,47625500
2019-05-15,1197.954833984375,1243.4467897053007,1197.954833984375,1237.3811956091772,37145300
2019-05-16,1152.4630126953125,1219.1845555355676,1152.4630126953125,1185.82378411544,36411100
2019-05-17,1131.2333984375,1173.6925608453416,1131.2333984375,1164.594168900804,26865000
2019-05-20,1146.397216796875,1161.56120114604,1103.938060619213,1128.200435577877,34115000
2019-05-21,1167.6268310546875,1191.889206764915,1146.3972523082386,1146.3972523082386,34267400
2019-05-22,1167.6268310546875,1179.7580189098012,1152.4628462357955,1161.5612371271307,16200100
2019-05-23,1200.98779296875,1213.1189827967173,1167.6270209418403,1167.6270209418403,34683600
2019-05-24,1185.82373046875,1219.1845003796357,1182.790933204124,1200.9877167918798,32618000
2019-05-27,1231.315673828125,1249.512457185191,1188.856512661638,1200.9877015663485,67501900
2019-05-28,1185.82373046875,1249.5124730258951,1185.82373046875,1231.3156894381395,93654300
2019-05-29,1219.1845703125,1231.3157600668533,1188.8565959266168,1188.8565959266168,50717800
2019-05-30,1219.1845703125,1219.1845703125,1219.1845703125,1219.1845703125,0
2019-05-31,1249.512451171875,1255.5780455950396,1213.1188846328885,1219.1844790560529,77589900
2019-06-03,1249.512451171875,1249.512451171875,1249.512451171875,1249.512451171875,0
2019-06-04,1249.512451171875,1249.512451171875,1249.512451171875,1249.512451171875,0
2019-06-05,1249.512451171875,1249.512451171875,1249.512451171875,1249.512451171875,0
2019-06-06,1249.512451171875,1249.512451171875,1249.512451171875,1249.512451171875,0
2019-06-07,1249.512451171875,1249.512451171875,1249.512451171875,1249.512451171875,0
2019-06-10,1243.44677734375,1285.9059355945121,1243.44677734375,1255.5779654153964,49072700
2019-06-11,1213.118896484375,1267.709246826172,1204.0205047607424,1255.5780578613283,66010500
2019-06-12,1204.0205078125,1225.2500885547859,1204.0205078125,1207.053305061398,35512100
2019-06-13,1204.0205078125,1213.118899559194,1191.8893188169081,1207.053305061398,40124600
2019-06-14,1188.8565673828125,1210.08614894322,1185.82377001704,1210.08614894322,31484100
2019-06-17,1173.6925048828125,1200.987679414971,1173.6925048828125,1182.790896393532,21744100
2019-06-18,1182.791015625,1197.9550030048076,1167.6270282451924,1176.725420673077,42834100
2019-06-20,1249.512451171875,1273.7748288645328,1237.3812623255462,1255.5780455950396,46589900
2019-06-21,1243.44677734375,1279.840341558689,1231.3155892721036,1261.6435594512195,110027900
2019-06-24,1231.315673828125,1261.6436460899015,1225.2500793757697,1261.6436460899015,21986900
2019-06-25,1225.25,1249.5123762376238,1210.0860148514853,1237.381188118812,43772700
2019-06-26,1298.037109375,1304.102703344042,1225.2499817464952,1231.3155757155373,180307400
2019-06-27,1273.7747802734375,1316.2339396158854,1273.7747802734375,1304.102751232329,53061700
2019-06-28,1279.84033203125,1304.1027079939277,1273.7747380405806,1285.9059260219194,56786200
2019-07-01,1291.9715576171875,1304.102745951621,1279.8403692827537,1298.0371517844042,36817400
2019-07-02,1279.84033203125,1304.1027079939277,1273.7747380405806,1298.0371140032582,30127600
2019-07-03,1273.7747802734375,1285.905968656994,1255.5779976981028,1285.905968656994,34461200
2019-07-04,1291.9715576171875,1291.9715576171875,1267.70918094832,1279.8403692827537,28607000
2019-07-05,1273.7747802734375,1291.9715628487725,1273.7747802734375,1285.905968656994,22834400
2019-07-08,1261.6436767578125,1273.7748659574067,1243.446892958421,1273.7748659574067,30390700
2019-07-09,1249.512451171875,1267.7092344413684,1249.512451171875,1261.643640018204,18155500
2019-07-10,1285.906005859375,1298.0371945938975,1255.578034023069,1267.7092227575915,41493700
2019-07-11,1267.7091064453125,1304.1026693097713,1261.6435126345693,1298.037075499028,32788900
2019-07-12,1249.512451171875,1273.7748288645328,1249.512451171875,1267.7092344413684,25298100
2019-07-15,1291.9715576171875,1291.9715576171875,1255.5779926138864,1255.5779926138864,34403200
2019-07-16,1291.9715576171875,1298.0371517844042,1267.70918094832,1298.0371517844042,32954900
2019-07-17,1279.84033203125,1291.9715200125888,1273.7747380405806,1285.9059260219194,20483400
2019-07-18,1273.7747802734375,1298.0371570405507,1273.7747802734375,1279.8403744652157,28613600
2019-07-19,1249.512451171875,1291.9716121340261,1243.4468567487106,1285.9060177108618,62461700
2019-07-22,1243.44677734375,1255.5779654153964,1231.3155892721036,1249.512371379573,18461600
2019-07-23,1243.44677734375,1261.6435594512195,1237.381183307927,1255.5779654153964,28418600
2019-07-24,1219.1845703125,1255.5781395755596,1213.1189754353234,1249.512544698383,38729500
2019-07-25,1213.118896484375,1237.3812744140625,1213.118896484375,1225.250085449219,27212900
2019-07-26,1194.922119140625,1219.1844971942417,1185.8237273705188,1213.1189026808377,40005000
2019-07-29,1200.98779296875,1207.0533878827337,1191.8894005977747,1197.9549955117584,16508200
2019-07-30,1219.1845703125,1225.2501651896766,1200.98778568097,1200.98778568097,29077400
2019-07-31,1243.44677734375,1255.5779654153964,1200.9876190929879,1219.1844012004574,70319300
2019-08-01,1213.118896484375,1255.5780578613283,1213.118896484375,1237.3812744140625,19719700
2019-08-02,1200.98779296875,1219.1845777107008,1194.9221980547666,1194.9221980547666,31585800
2019-08-05,1197.954833984375,1210.0860221766218,1191.8892398882515,1194.9220369363134,33018200
2019-08-06,1179.758056640625,1197.9548390052619,1164.5940713367609,1188.8564478229434,38259000
2019-08-07,1182.791015625,1204.0205979567306,1182.791015625,1188.856610576923,27646200
2019-08-08,1188.8565673828125,1197.95495948013,1176.7253779197226,1194.9221621143574,25272400
2019-08-09,1204.0205078125,1225.2500885547859,1191.8893188169081,1197.954913314704,30405100
2019-08-12,1200.98779296875,1213.1189827967173,1197.9549955117584,1210.0861853397255,9686500
2019-08-13,1179.758056640625,1197.9548390052619,1176.7252595798523,1194.9220419444891,25437300
2019-08-14,1194.922119140625,1200.9877136540292,1182.7909301138166,1191.889321883923,27352100
2019-08-15,1197.954833984375,1200.9876310324366,1167.626863503758,1176.725254647943,25444800
2019-08-16,1188.8565673828125,1204.020554211675,1188.8565673828125,1197.95495948013,15559400
2019-08-19,1210.0860595703125,1219.1844509956532,1194.9220738614113,1197.9548710031916,26147200
2019-08-20,1164.5941162109375,1204.0204795201619,1161.5613190333047,1200.9876823425293,83111400
2019-08-21,1134.26611328125,1179.7580696962734,1134.26611328125,1179.7580696962734,38374400
2019-08-22,1094.83984375,1140.3318040166205,1091.807046398892,1137.2990066655125,60121600
2019-08-23,1110.003662109375,1110.003662109375,1076.6428963082735,1097.872474545338,57979800
2019-08-26,1161.5614013671875,1164.5941987597912,1079.6758717668897,1091.8070613373043,75948800
2019-08-27,1213.118896484375,1213.118896484375,1152.4629516601562,1161.561343383789,95531400
2019-08-28,1188.8565673828125,1213.1189463089925,1176.7253779197226,1213.1189463089925,57864900
2019-08-29,1158.528564453125,1200.9877265011453,1155.4957671639806,1194.9221319228566,39162900
2019-08-30,1164.5941162109375,1176.725304921468,1158.5285218556721,1164.5941162109375,36031000
2019-09-02,1210.0860595703125,1213.1188567120928,1161.5613053018287,1170.6596967271696,47739200
2019-09-03,1219.1845703125,1231.3157600668533,1197.954988242382,1213.1189754353234,41123700
2019-09-04,1182.791015625,1225.2501802884615,1182.791015625,1219.1845853365385,29686700
2019-09-05,1182.791015625,1197.9550030048076,1170.6598257211538,1194.922205528846,25922800
2019-09-06,1179.758056640625,1188.8564478229434,1176.7252595798523,1182.7908537013977,31244500
2019-09-09,1191.8892822265625,1197.954876538148,1176.7252964475986,1176.7252964475986,21736400
2019-09-10,1225.25,1243.446782178218,1191.8892326732673,1191.8892326732673,63446200
2019-09-11,1231.315673828125,1249.512457185191,1204.020498792526,1231.315673828125,46173200
2019-09-12,1210.0860595703125,1255.578016697016,1207.0532624285322,1237.3812338463347,31667200
2019-09-13,1191.8892822265625,1219.1844566286975,1185.8236879149767,1213.118862317112,29591900
2019-09-16,1243.44677734375,1249.512371379573,1197.9548220750762,1225.2499952362805,52994300
2019-09-17,1322.299560546875,1322.299560546875,1237.3812401447822,1243.4468344592174,167473600
2019-09-18,1340.496337890625,1346.5619321797228,1285.9059892887444,1316.2339607342337,85524900
2019-09-19,1316.234130859375,1340.4965111517138,1304.1029407132057,1334.430916078629,51056100
2019-09-20,1316.234130859375,1334.430916078629,1291.9717505670362,1316.234130859375,39142400
2019-09-23,1382.9556884765625,1389.0212836014598,1310.168546977796,1328.3653323524877,106775600
2019-09-24,1382.9556884765625,1389.0212836014598,1334.4309274773848,1382.9556884765625,65080300
2019-09-25,1352.6275634765625,1395.0867246619252,1340.4963745664586,1364.7587523866662,45997100
2019-09-26,1310.16845703125,1370.82440411603,1304.102862322772,1352.627619990596,50702600
2019-09-27,1304.1029052734375,1340.4964747229287,1267.709335823946,1285.9061205486917,48487700
2019-09-30,1273.7747802734375,1322.2995338076637,1273.7747802734375,1310.1683454241072,30565500
2019-10-01,1237.38134765625,1285.9061063878676,1231.3157528147976,1273.774916704963,36385100
2019-10-02,1249.512451171875,1279.8404232876974,1225.2500734792172,1225.2500734792172,31344900
2019-10-03,1249.512451171875,1267.7092344413684,1225.2500734792172,1243.4468567487106,29721400
2019-10-04,1273.7747802734375,1285.905968656994,1231.3156209309896,1249.5124035063245,30098100
2019-10-07,1243.44677734375,1298.0371236661585,1237.381183307927,1285.9059355945121,19212800
2019-10-08,1225.25,1255.5779702970299,1219.1844059405942,1225.25,17941300
2019-10-09,1219.1845703125,1231.3157600668533,1210.086177996735,1225.2501651896766,19609600
2019-10-10,1225.25,1267.7091584158416,1219.1844059405942,1237.381188118812,26725800
2019-10-11,1328.365234375,1346.5620184075342,1237.3813142123288,1249.5125035673516,69654600
2019-10-14,1322.299560546875,1346.5619378046158,1310.1683719180046,1340.4963434901806,23101200
2019-10-15,1346.56201171875,1370.824390308277,1328.3652277766048,1334.4308224239865,59400800
2019-10-16,1346.56201171875,1364.7587956608952,1328.3652277766048,1364.7587956608952,38279300
2019-10-17,1352.6275634765625,1370.824346841718,1346.5619690215105,1358.6931579316142,42140300
2019-10-18,1376.889892578125,1376.889892578125,1346.5619213759635,1346.5619213759635,23942900
2019-10-21,1346.56201171875,1389.0211742504223,1334.4308224239865,1382.9555796030406,19516200
2019-10-22,1358.693115234375,1376.8898980276924,1346.5619267054965,1346.5619267054965,41053600
2019-10-23,1413.283447265625,1419.349041459898,1352.6275053228942,1364.7586937114404,59663100
2019-10-24,1419.34912109375,1431.4803101629273,1389.0211484208066,1425.4147156283386,58353200
2019-10-25,1419.34912109375,1425.4147156283386,1382.955553886218,1425.4147156283386,35124800
2019-10-28,1395.0867919921875,1437.5459552267323,1389.0211972443954,1419.3491709833559,57426200
2019-10-29,1425.4146728515625,1431.4802672041221,1401.152295441323,1413.2834841464428,64718400
2019-10-30,1480.005126953125,1492.1363165183145,1431.4803686923667,1431.4803686923667,129324400
2019-10-31,1279.84033203125,1382.9554298726302,1279.84033203125,1376.8898358819608,300114300
2019-11-01,1122.1348876953125,1285.9059253589526,1103.9381057326857,1267.709143396326,332234600
2019-11-04,1200.98779296875,1207.0533878827337,1140.3318438289143,1146.3974387428977,252342300
2019-11-05,1207.0533447265625,1243.4469129092731,1200.9877500294442,1204.0205473780034,110557400
2019-11-06,1200.98779296875,1219.1845777107008,1191.8894005977747,1210.0861853397255,40168200
2019-11-07,1207.0533447265625,1219.1845341207993,1197.954952680885,1207.0533447265625,26566500
2019-11-08,1213.118896484375,1231.3156799316407,1210.0860992431642,1213.118896484375,27925100
2019-11-11,1213.118896484375,1225.250085449219,1204.0205047607424,1225.250085449219,13196800
2019-11-12,1219.1845703125,1225.2501651896766,1213.1189754353234,1225.2501651896766,13786100
2019-11-13,1210.0860595703125,1219.1844509956532,1207.0532624285322,1210.0860595703125,13413700
2019-11-14,1191.8892822265625,1213.118862317112,1182.790890759184,1207.0532680055262,28756900
2019-11-15,1213.118896484375,1213.118896484375,1185.8237213134767,1188.8565185546877,24148200
2019-11-18,1204.0205078125,1225.2500885547859,1197.954913314704,1210.086102310296,12670700
2019-11-19,1219.1845703125,1225.2501651896766,1200.98778568097,1200.98778568097,18867900
2019-11-20,1204.0205078125,1219.18449405699,1204.0205078125,1213.118899559194,27413800
2019-11-21,1194.922119140625,1207.0533081674334,1194.922119140625,1197.954916397327,21406800
2019-11-22,1179.758056640625,1204.0204331268076,1173.6924625190793,1200.9876360660348,27923400
2019-11-25,1161.5614013671875,1176.7253883302055,1140.331819618962,1164.5941987597912,26110700
2019-11-26,1146.397216796875,1173.6923886253721,1140.331623057209,1173.6923886253721,51745000
2019-11-27,1176.725341796875,1191.8893281602368,1149.430166342824,1155.4957608881687,26938900
2019-11-28,1149.43017578125,1179.7581487570087,1146.3973784836742,1167.6269595667052,17017600
2019-11-29,1164.5941162109375,1167.62691338857,1128.2005500793457,1128.2005500793457,28263300
2019-12-02,1213.118896484375,1213.118896484375,1161.561343383789,1167.626937866211,42497700
2019-12-03,1249.512451171875,1249.512451171875,1200.9876957865595,1204.0204929981417,60369900
2019-12-04,1267.7091064453125,1291.971481688285,1231.3155435808537,1231.3155435808537,57186200
2019-12-05,1334.430908203125,1340.4965032404118,1279.8405528675426,1285.9061479048296,76858900
2019-12-06,1298.037109375,1334.4306731892523,1285.9059214369158,1334.4306731892523,33375100
2019-12-09,1298.037109375,1316.233891282126,1279.8403274678737,1298.037109375,23946400
2019-12-10,1273.7747802734375,1304.102751232329,1273.7747802734375,1291.9715628487725,23821800
2019-12-11,1310.16845703125,1322.299646448206,1279.84048348886,1285.906078197338,40900200
2019-12-12,1279.84033203125,1322.299489965936,1273.7747380405806,1322.299489965936,32180100
2019-12-13,1291.9715576171875,1304.102745951621,1273.7747751155368,1285.9059634499706,24338000
2019-12-16,1291.9715576171875,1310.168340118838,1279.8403692827537,1298.0371517844042,23816100
2019-12-17,1298.037109375,1304.102703344042,1279.8403274678737,1298.037109375,29335900
2019-12-18,1310.16845703125,1328.365241156684,1291.971672905816,1298.037267614294,44001600
2019-12-19,1310.16845703125,1322.299646448206,1304.102862322772,1310.16845703125,25633300
2019-12-20,1328.365234375,1328.365234375,1304.1028556649544,1310.1684503424658,34737400
2019-12-23,1316.234130859375,1334.430916078629,1310.1685357862902,1334.430916078629,19756400
2019-12-26,1328.365234375,1334.4308290525114,1316.2340450199772,1328.365234375,20650000
2019-12-27,1364.7589111328125,1370.824506293403,1328.365340169271,1328.365340169271,59014500
2019-12-30,1316.234130859375,1364.7588914440523,1310.1685357862902,1364.7588914440523,34735400
2020-01-02,1298.037109375,1322.299485251168,1279.8403274678737,1316.233891282126,20783400
2020-01-03,1310.16845703125,1310.16845703125,1279.84048348886,1298.037267614294,24049800
2020-01-06,1304.1029052734375,1334.43087981468,1291.9717154569403,1310.1685001816859,46296100
2020-01-07,1273.7747802734375,1298.0371570405507,1255.5779976981028,1285.905968656994,59205400
2020-01-08,1273.7747802734375,1285.905968656994,1261.643591889881,1261.643591889881,28479000
2020-01-09,1273.7747802734375,1291.9715628487725,1255.5779976981028,1285.905968656994,32457400
2020-01-10,1261.6436767578125,1285.906055157001,1255.5780821580151,1285.906055157001,26998000
2020-01-13,1267.7091064453125,1273.7747002560557,1255.5779188238262,1267.7091064453125,15791100
2020-01-14,1267.7091064453125,1285.9058878775418,1255.5779188238262,1261.6435126345693,32691200
2020-01-15,1237.38134765625,1273.774916704963,1219.1845631318934,1267.709321863511,44648300
2020-01-16,1231.315673828125,1255.5780516375462,1225.2500793757697,1237.3812682804803,31412600
2020-01-17,1225.25,1249.5123762376238,1225.25,1249.5123762376238,19358000
2020-01-20,1191.8892822265625,1237.381239563454,1182.790890759184,1237.381239563454,53652300
2020-01-21,1185.82373046875,1200.9877167918798,1176.7253386748723,1182.790933204124,14857900
2020-01-22,1158.528564453125,1213.1189156577225,1155.4957671639806,1185.8237400554237,47647200
2020-01-23,1161.5614013671875,1173.692590937602,1152.4630091893766,1170.6597935449984,29497600
2020-01-24,1140.331787109375,1170.6597601707947,1140.331787109375,1161.5613682523688,51592500
2020-01-27,1100.9053955078125,1140.331759534263,1097.8725982750086,1140.331759534263,49087600
2020-01-28,1097.87255859375,1110.0037470864986,1073.6101816082528,1091.8069643473757,61800200
2020-01-29,1088.774169921875,1119.102141228891,1082.7085756604718,1103.938155575383,53926300
2020-01-30,1091.806884765625,1116.0692599826389,1088.7740878634982,1094.8396816677516,54175900
2020-01-31,1034.183837890625,1103.9381729976174,1034.183837890625,1097.8725786404875,85530800
2020-02-03,1031.151123046875,1046.3151101505055,1015.9871359432444,1019.0199333639705,38058200
2020-02-04,921.9703369140625,1037.2166290283203,921.9703369140625,1031.1510347065173,166404400
2020-02-05,894.6751708984375,961.3967090671346,876.4783877615201,928.035939982786,209517700
2020-02-06,921.9703369140625,934.1015255576685,897.7079596268503,909.8391482704565,119388900
2020-02-07,934.1015014648438,943.199892712878,909.8391248034193,921.9703131341315,110802500
2020-02-10,925.0031127929688,931.0687069752178,909.8391273373463,928.0359098840933,58728700
2020-02-11,931.0687866210938,946.2327733738803,925.0031919199791,934.101583971651,55085900
2020-02-12,906.8064575195312,937.1344326874084,903.7736600027434,934.1016351706207,82712000
2020-02-13,912.8718872070312,925.0030750768921,897.7079023697052,906.8062932721008,66759400
2020-02-14,921.9703369140625,921.9703369140625,906.806351109555,912.871945431358,47548200
2020-02-17,906.8064575195312,925.0032426202575,906.8064575195311,921.9704451034698,37343600
2020-02-18,912.8718872070312,921.9702781094269,903.7734963046355,906.8062932721008,37718000
2020-02-19,928.035888671875,940.1670767590891,912.8719035628575,912.8719035628575,70151200
2020-02-20,943.1998901367188,958.3638755086918,921.9703106159567,928.0359047647459,99359700
2020-02-21,925.0031127929688,943.1998953397157,921.9703157018442,937.1343011574668,56583600
2020-02-24,897.7080078125,915.9047917546453,897.7080078125,909.8391971072635,51143600
2020-02-25,909.839111328125,921.9702994791668,879.5111409505209,879.5111409505209,54574200
2020-02-26,906.8064575195312,918.9376475866821,897.7080649691679,897.7080649691679,42886300
2020-02-27,840.0848388671875,909.8391756684341,840.0848388671875,900.7407839117498,80697700
2020-02-28,776.3960571289062,812.7896223068237,761.2320716381073,812.7896223068237,151189200
2020-03-02,782.4616088867188,818.8551720907523,770.330421152041,782.4616088867188,88138900
2020-03-03,815.8224487304688,818.8552459376451,794.5928682802335,794.5928682802335,90612800
2020-03-04,864.3472290039062,870.4128235934073,800.6584858141448,806.7240804036459,88812700
2020-03-05,864.3472290039062,888.6096073619107,849.1832425301535,879.511215477659,64954800
2020-03-06,815.8224487304688,846.1504208022334,812.7896515232923,840.0848263878804,56318300
2020-03-09,709.674560546875,776.3961004273505,706.6417632795807,773.3633031600561,87316700
2020-03-10,730.9041748046875,752.1337566454876,709.6745929638874,709.6745929638874,84443700
2020-03-11,682.3794555664062,733.9370144314237,679.3466579861112,730.9042168511285,77772500
2020-03-12,609.59228515625,649.018651857898,606.5594877176617,649.018651857898,78399800
2020-03-13,594.4282836914062,630.8218520806761,567.1331073994539,582.2970942283164,114304900
2020-03-16,555.0018310546875,570.1658155097336,555.0018310546875,570.1658155097336,50015600
2020-03-17,518.6083374023438,527.7067292865954,518.6083374023438,521.6411346970943,78689700
2020-03-18,485.24755859375,521.6411254882813,485.24755859375006,518.6083282470704,74146200
2020-03-19,451.8868103027344,454.9196076873165,451.8868103027344,451.8868103027344,10353900
2020-03-20,421.5588073730469,448.85398195115783,421.55880737304693,421.55880737304693,230646600
2020-03-23,394.26361083984375,421.55878389798676,394.26361083984375,421.55878389798676,13816900
2020-03-24,366.9684753417969,412.4604350949122,366.9684753417969,370.0012726586712,200609000
2020-03-26,412.4603576660156,427.62434140373676,373.0339999479406,373.0339999479406,284924500
2020-03-27,460.98516845703125,506.47712587055406,424.591602526213,424.591602526213,316415300
2020-03-30,442.7884216308594,451.88681385615104,430.6572319971372,451.88681385615104,86472900
2020-03-31,470.08355712890625,479.18194855720765,451.8867742723034,454.91957141507055,129356000
2020-04-01,445.82122802734375,494.345987540524,445.82122802734375,464.01801284478637,148067300
2020-04-02,485.24755859375,485.24755859375006,430.65720825195314,442.7883972167969,176088600
2020-04-03,485.24755859375,509.50993652343755,482.2147613525391,491.3131530761719,199167500
2020-04-06,542.8706665039062,542.8706665039062,494.34591419070796,497.37871121028286,297293100
2020-04-07,555.0018310546875,576.231409291752,530.7394559266137,561.067424836706,307009600
2020-04-08,518.6083374023438,555.0019049393503,518.6083374023438,545.9035130550986,125212700
2020-04-09,506.47711181640625,533.7722855071107,497.37872058617137,515.5755030466411,172427700
2020-04-13,503.44439697265625,521.6411824054029,485.24761153990966,485.24761153990966,92693600
2020-04-14,545.9034423828125,545.9034423828125,506.4770826551649,515.575473361545,219176300
2020-04-15,509.5099792480469,558.0347391764323,509.5099792480468,551.969144185384,285125800
2020-04-16,488.2803649902344,509.5099460767663,485.2475676921584,503.44435148061433,143174400
2020-04-17,506.47711181640625,512.5427059698961,497.37872058617137,500.4115176629163,126383900
2020-04-20,488.2803649902344,512.5427433748423,485.2475676921584,503.44435148061433,114845000
2020-04-21,464.0179443359375,485.24752348856214,460.985147314134,485.24752348856214,99714000
2020-04-22,464.0179443359375,470.08353837954456,442.7883651833129,457.9523502923305,136720300
2020-04-23,467.0507507324219,485.2475332284903,460.98515656706576,470.08354781509996,121051000
2020-04-24,467.0507507324219,485.2475332284903,460.98515656706576,476.1491419804561,142957600
2020-04-27,476.149169921875,479.18196718252386,460.9851836186305,470.0835754005772,50742100
2020-04-28,473.1163330078125,479.18192702073316,467.05073899489184,470.0835360013522,42480100
2020-04-29,479.1819152832031,482.21471221537524,473.1163214188588,479.1819152832031,39795500
2020-04-30,518.6083374023438,518.6083374023438,485.2475671600877,485.2475671600877,180202200
2020-05-04,497.3787841796875,515.5755689667492,491.3131892506669,515.5755689667492,116776300
2020-05-05,494.3459167480469,506.47710488910326,488.2803226775187,500.4115108185751,121349800
2020-05-06,494.3459167480469,506.47710488910326,488.2803226775187,494.34591674804693,178524800
2020-05-08,521.6411743164062,524.6739718415016,494.3459965905478,503.44438916583397,318826400
2020-05-11,542.8706665039062,548.936260543056,527.7066814060319,527.7066814060319,332702600
2020-05-12,518.6083374023438,545.9035130550986,515.5755401075932,542.8707157603482,148852200
2020-05-13,518.6083374023438,527.7067292865954,494.3459590443394,497.37875633908993,127208100
2020-05-14,491.3131103515625,518.6082831488716,488.28031337408373,509.5098922164352,145351000
2020-05-15,479.1819152832031,503.44429074058047,473.1163214188588,497.3786968762361,142061100
2020-05-18,506.47711181640625,509.5099088931512,485.2475322791916,491.3131264326815,97806100
2020-05-19,509.5099792480469,521.6411692301432,506.47718175252277,515.575574239095,117706600
2020-05-20,503.44439697265625,515.575587261154,497.3788018284074,509.50999211690515,86715700
2020-05-26,539.8378295898438,539.8378295898438,509.5098616353581,515.5754552262553,198105500
2020-05-27,536.8051147460938,551.9691010383563,527.7067229707362,545.9035065214513,223054200
2020-05-28,536.8051147460938,548.9363037799038,527.7067229707362,539.8379120045463,207684500
2020-05-29,547.3447265625,547.3447265625,531.4335426507995,544.16248978016,266711300
2020-06-02,563.255859375,588.7137513241526,547.3446769067797,547.3446769067797,244429200
2020-06-03,617.3538818359375,623.7183548445554,569.6203342713031,572.8025707756121,544273300
2020-06-04,607.8071899414062,655.5407388896842,604.6249533448544,623.7183729241656,418446600
2020-06-05,655.5407104492188,655.5407104492188,601.4426906548657,614.1716364888312,341658900
2020-06-08,706.45654296875,722.367726368947,668.269702808277,680.9986495284346,393276900
2020-06-09,696.9098510742188,738.2789289918663,693.7276143113227,731.9144554660744,276527100
2020-06-10,661.9052124023438,706.4565247755785,649.176266009991,696.9098149813138,272865000
2020-06-11,655.5407104492188,680.9986021171496,636.4472916982706,655.5407104492188,206158300
2020-06-12,665.08740234375,674.6341114683014,610.9893839712919,645.9939840946471,249131400
2020-06-15,633.2650756835938,674.6341509795069,633.2650756835938,665.0874412958347,197702600
2020-06-16,712.8209838867188,716.0032204219273,649.1762531825474,649.1762531825474,393632700
2020-06-17,716.0032958984375,735.0967171223958,696.9098746744792,716.0032958984375,234780900
2020-06-18,706.45654296875,722.367726368947,693.7275962485922,709.6387796487894,138139000
2020-06-19,687.3630981445312,716.0032272338867,687.3630981445312,703.2742809719509,130995700
2020-06-22,674.6341552734375,693.7275747623083,671.451918691959,690.5453381808298,78736100
2020-06-23,696.9098510742188,700.0920878371147,661.905246682363,665.087483445259,108966000
2020-06-24,719.1854858398438,744.6433791439091,693.7275925357785,700.0920658617948,293977300
2020-06-25,693.7275390625,719.1854304042431,690.545302644782,700.0920118979358,168840200
2020-06-26,722.36767578125,738.2788580671806,700.0920205809472,703.2742570381332,283310800
2020-06-29,731.9144287109375,738.2789020040761,709.6387721849525,716.0032454780911,201770400
2020-06-30,722.36767578125,754.1900403531113,722.36767578125,747.825567438739,280957000
2020-07-01,722.36767578125,731.9143851528083,706.4564934953194,722.36767578125,113680900
2020-07-02,716.0032958984375,731.9144802517361,712.8210590277778,728.7322433810764,149236800
2020-07-03,706.45654296875,725.5499630489865,706.45654296875,719.1854896889076,90082800
2020-07-06,722.36767578125,722.36767578125,709.6387299525055,716.0032028668777,72598300
2020-07-07,725.5499877929688,735.0966981586656,719.1855142158374,725.5499877929688,141417300
2020-07-08,744.6433715820312,751.007844843416,725.5499517978766,731.9144250592615,213135400
2020-07-09,738.2789306640625,757.3723512846848,735.0966938939587,754.1901145145811,143608200
2020-07-10,722.36767578125,741.4610945243668,719.1854393240639,738.2788580671806,80850900
2020-07-13,738.2789306640625,741.4611674341662,725.5499835836475,725.5499835836475,49146600
2020-07-14,741.4610595703125,754.1900047989874,728.7321143416376,738.2788232631437,104248000
2020-07-15,735.0966186523438,757.3722737630208,731.9143822079612,751.0078008742558,97700600
2020-07-16,738.2789306640625,744.6434042042699,731.914457123855,738.2789306640624,65006200
2020-07-17,738.2789306640625,744.6434042042699,728.7322203537512,735.0966938939587,50234900
2020-07-20,725.5499877929688,741.4611717357969,722.3677510044031,738.2789349472313,54876400
2020-07-21,735.0966186523438,744.643327985491,728.7321457635788,728.7321457635788,74949000
2020-07-22,776.4657592773438,782.8302327140433,738.2789186571465,741.4611553754963,414497900
2020-07-23,792.376953125,808.2881369226908,779.6480060868474,786.0124796059238,187897700
2020-07-24,776.4657592773438,801.9236530241419,770.1012858406442,795.5591795874424,110530200
2020-07-27,782.8302001953125,795.5591465399517,770.1012538506733,770.1012538506733,67576100
2020-07-28,776.4657592773438,792.3769428690927,770.1012858406442,786.0124694323931,56839200
2020-07-29,782.8302001953125,795.5591465399517,766.9190172645134,776.4657270229928,100171500
2020-07-30,805.1058349609375,814.6525444664031,782.8301794481843,795.5591254554719,221126300
2020-08-03,763.7367553710938,814.6525390625,751.0078094482421,805.1058296203613,192588400
2020-08-04,766.9190673828125,782.8302513534103,757.3723570004538,757.3723570004538,105825800
2020-08-05,786.0123901367188,786.0123901367186,763.7367353555161,766.9189717528308,83862900
2020-08-06,786.0123901367188,801.9235721232919,786.0123901367186,789.1946265340333,70343000
2020-08-07,770.1012573242188,798.7413867288385,763.7367841231921,798.7413867288385,95092900
2020-08-10,770.1012573242188,779.6479671257587,766.9190207237054,770.1012573242188,53606800
2020-08-11,770.1012573242188,782.830203726272,766.9190207237054,770.1012573242188,84151400
2020-08-12,776.4657592773438,786.0124694323931,763.7368124039447,770.1012858406442,124317100
2020-08-13,786.0123901367188,792.376862931348,776.4656809447747,782.8301537394041,79605200
2020-08-14,782.8302001953125,795.5591465399517,779.6479636091526,782.8302001953125,51790400
2020-08-18,792.376953125,805.1059001631527,782.8302428463857,789.1947163654619,99427300
2020-08-19,830.5637817382812,830.5637817382812,792.3769411985902,795.5591779102311,206134500
2020-08-24,836.92822265625,849.6571690084363,827.3815128921103,830.5637494801568,176421200
2020-08-25,852.8394165039062,859.203889761398,833.7459967314306,840.1104699889225,113468200
2020-08-26,836.92822265625,859.2038787725761,833.7459860682035,852.839405596483,112043900
2020-08-27,836.92822265625,846.4749324203898,830.5637494801568,836.92822265625,61154600
2020-08-28,843.292724609375,852.8394346992924,836.9282512160967,836.9282512160967,92556200
2020-08-31,798.7413940429688,852.8394167470741,798.7413940429686,843.2927068581143,161283800
2020-09-01,817.8348388671875,821.0170755942972,795.5591817774198,805.1058919587488,77012000
2020-09-02,846.4749145507812,846.4749145507811,814.6525493421052,827.3814954255756,97364900
2020-09-03,833.7459106445312,852.839328445551,824.1992017440214,849.6570921453811,74372700
2020-09-04,821.0169677734375,824.1992040826368,805.1057862274406,817.8347314642381,84262600
2020-09-07,782.8302001953125,811.4703294707507,776.4657270229928,808.2880928845909,151337100
2020-09-08,751.0078735351562,789.1947145623676,747.8256367828888,782.8302410578324,203897100
2020-09-09,712.8209838867188,744.6433492388044,706.4565108163016,744.6433492388044,208807700
2020-09-10,665.08740234375,687.3630569677033,665.08740234375,680.9985842180024,123770900
2020-09-11,703.2742919921875,712.8210018382354,633.2650864545037,636.4473230698529,230431200
2020-09-14,728.7321166992188,731.9143530166826,706.4564624769719,712.8209351118995,107686800
2020-09-15,703.2742919921875,735.0966581456802,700.0920553768383,728.7321849149816,131174000
2020-09-16,690.54541015625,712.8210685483871,687.3631732430875,703.2743578088997,54767300
2020-09-17,668.2696533203125,700.0920177641368,658.7229439871651,687.3630719866071,97076400
2020-09-18,661.9052124023438,687.3631051870493,661.9052124023438,661.9052124023438,112762700
2020-09-21,642.811767578125,674.6341323097154,636.4472946318069,661.9051864170792,79674500
2020-09-22,649.17626953125,661.9052159926471,623.7183766084559,630.0828498391544,116836300
2020-09-23,639.6295776367188,665.0874712740011,623.7183941134173,655.5407611600202,133463700
2020-09-24,610.9894409179688,636.4473342895508,607.807204246521,626.9006242752075,133949100
2020-09-25,633.2650756835938,636.4473122448179,610.9894197550252,614.1716563162493,138126700
2020-09-28,617.3538818359375,645.9940103747181,614.1716453316285,639.6295373661002,98508400
2020-09-29,607.8071899414062,630.0828461172692,604.6249533448544,620.5361363276137,96786900
2020-09-30,588.7137451171875,610.9894003378379,575.9847992768159,604.624927417652,139729500
2020-10-01,607.8071899414062,614.1716631345099,588.713770362095,595.0782435551988,135636100
2020-10-02,585.531494140625,607.8071488090184,572.8025486158288,607.8071488090184,202315100
2020-10-05,591.89599609375,598.2604691700269,585.5315230174731,591.89599609375,73231200
2020-10-06,617.3538818359375,626.9005913488644,598.2604628100838,598.2604628100838,188135700
2020-10-07,620.5361938476562,620.5361938476562,607.8072462815504,610.9894831730769,111553200
2020-10-08,623.7183837890625,639.6295670489875,620.5361471370775,626.9006204410475,213952200
2020-10-09,623.7183837890625,626.9006204410475,617.3539104850925,623.7183837890625,60133400
2020-10-12,636.4473266601562,639.6295632934571,626.9006167602539,633.2650900268554,153562000
2020-10-13,658.722900390625,668.2696090919384,630.0827742866848,639.6294829879981,208008500
2020-10-14,677.8163452148438,687.3630543023768,655.5406906772668,658.7229270397777,186576800
2020-10-15,658.722900390625,693.7274989621075,655.5406641568538,677.8163177932518,159965400
2020-10-16,655.5407104492188,668.2696562831842,649.1762375322361,661.9051833662014,86552600
2020-10-19,677.8163452148438,677.8163452148438,658.7229270397777,661.9051634022887,96583500
2020-10-20,665.08740234375,687.3630569677033,665.08740234375,677.8163478431519,123254200
2020-10-21,674.6341552734375,680.9986284363945,668.2696821104805,671.451918691959,76196800
2020-10-22,674.6341552734375,693.7275747623083,661.9052089475235,671.451918691959,201741400
2020-10-23,677.8163452148438,684.1808179398657,671.4518724898218,680.9985815773547,64536300
2020-10-26,703.2742919921875,703.2742919921875,677.8163990693934,677.8163990693934,187108900
2020-10-27,684.180908203125,709.638802461846,684.180908203125,703.2743288971658,158392800
2020-11-02,674.6341552734375,680.9986284363945,665.087445529002,668.2696821104805,94255000
2020-11-03,684.180908203125,690.5453817678053,674.6341978561047,684.180908203125,80932200
2020-11-04,668.2696533203125,693.727544875372,668.2696533203125,690.5453084309895,71755300
2020-11-05,687.3630981445312,690.5453347100151,677.8163884480794,677.8163884480794,62948400
2020-11-06,700.0921020507812,706.4565757057884,680.9986810857599,693.7276283957741,124221100
2020-11-09,716.0032958984375,716.0032958984375,700.0921115451389,709.638822157118,128688800
2020-11-10,747.8255615234375,757.3722708194814,725.5499064993352,738.2788522273937,239757500
2020-11-11,766.9190673828125,782.8302513534103,744.6434098239756,751.0078834122147,217771400
2020-11-12,747.8255615234375,770.1012165475399,741.4610886594083,766.9189801155253,117718300
2020-11-13,751.0078735351562,754.190110287424,738.2789265260859,741.4611632783535,73550300
2020-11-16,773.2835083007812,776.4657449604553,757.3723250024113,757.3723250024113,117888500
2020-11-17,808.2880859375,817.8347956139272,779.6479569082185,786.0124300258366,273905900
2020-11-18,868.7505493164062,871.9327857607886,811.4702933175223,814.6525297619047,478470000
2020-11-19,862.3860473632812,881.4794653860845,849.6571020147458,868.750520037549,197300700
2020-11-20,894.20849609375,897.390732734653,846.4749464802046,862.3861296847198,329589900
2020-11-23,906.9374389648438,919.666385476631,897.3907290810032,900.57296570895,144114800
2020-11-24,916.4842529296875,926.0309638977051,906.9375419616699,922.8487269083658,121087300
2020-11-25,900.5729370117188,938.7597753302368,884.6617543790028,929.2130657506073,194352500
2020-11-26,910.1196899414062,910.1196899414062,894.2085065508222,900.5729799070558,50964700
2020-11-27,948.3065185546875,954.670991833578,903.7552056024539,913.3019155207896,220098800
2020-11-30,884.6617431640625,948.3064728880959,884.6617431640626,948.3064728880959,405827600
2020-12-01,884.6617431640625,913.3018715398775,849.6571418158443,884.6617431640626,357636100
2020-12-02,916.4842529296875,919.6664899190267,884.6618830362955,897.3908309936523,244197000
2020-12-03,926.0308837890625,945.124304073373,922.8486470750107,929.2131205031142,210592200
2020-12-04,922.8486328125,932.395342807112,910.1196861530173,929.2131061422414,104147200
2020-12-07,932.3953247070312,941.9420345163184,926.03085150084,938.7597979132227,116680400
2020-12-08,1075.5960693359375,1088.3250169020432,935.5776461087739,948.3065936748798,825987000
2020-12-10,1062.866943359375,1104.2360160050991,1037.4090525004679,1101.0537796477358,407318000
2020-12-11,1053.3203125,1091.507151623867,1043.7736027190333,1081.9604418429003,203256500
2020-12-14,1091.5072021484375,1101.0539123713102,1050.1381245159894,1062.8670714798195,297419500
2020-12-15,1139.2406005859375,1167.8807274163103,1078.778110610706,1097.8715284976213,461332500
2020-12-16,1151.9696044921875,1199.703151639654,1142.4228950626944,1145.6051315391921,452252500
2020-12-17,1139.2406005859375,1171.0629637307961,1123.3294190135082,1161.5162547873385,207152200
2020-12-18,1139.2406005859375,1161.5162547873385,1116.9649463845365,1139.2406005859375,165406100
2020-12-21,1142.4228515625,1206.067578669046,1139.2406152071728,1145.6050879178274,387447200
2020-12-22,1069.2315673828125,1142.423013959612,1062.8670937674385,1139.2407771519252,350302700
2020-12-23,1050.1380615234375,1110.6005559747869,1024.6801691228693,1081.9604270241477,302781800
2020-12-28,1126.51171875,1129.693955243644,1037.4090969279662,1075.595934851695,362172200
2020-12-29,1097.87158203125,1151.9696020153986,1094.689345561594,1145.605129076087,266567100
2020-12-30,1053.3203125,1107.418334592145,1053.3203125,1101.053861404834,238553400
2021-01-04,980.1288452148438,1008.7689738087839,980.1288452148438,980.1288452148438,791375200
2021-01-05,1018.315673828125,1043.7735656738282,967.3998901367187,980.1288360595703,715746400
2021-01-06,992.8577270507812,1037.4090353158804,964.2176003089318,1031.0445627065806,288875700
2021-01-07,999.2222900390625,1018.315709593949,989.6755802616192,992.8578168541003,176961400
2021-01-08,1043.773681640625,1088.3249973204079,1037.4092079720847,1037.4092079720847,544955500
2021-01-11,1034.226806640625,1053.320224609375,1031.0445703125,1037.4090429687499,164191900
2021-01-12,1024.68017578125,1046.9558317764945,1018.3157026397515,1037.4091220642467,128221000
2021-01-13,1027.8624267578125,1046.9558464499082,1021.497953527114,1031.0446633731617,153048100
2021-01-14,1151.9696044921875,1186.9742057336628,1011.9511995262862,1031.0446183852728,1069873000
2021-01-15,1129.6939697265625,1174.245281208737,1126.5117331921215,1164.698571605414,623839700
2021-01-18,1142.4228515625,1196.520869603064,1104.2360152985725,1129.6939061411908,654162900
2021-01-19,1085.1427001953125,1158.3341433169905,1062.8670435930628,1151.969670002062,366089800
2021-01-20,1104.236083984375,1123.3295033039894,1072.413718451684,1085.1426646647603,207435600
2021-01-21,1123.3294677734375,1158.3340687522132,1088.3248667946618,1120.1472313208214,447066900
2021-01-22,1069.2315673828125,1126.5118299211774,1066.0493305751254,1123.3295931134903,313780100
2021-01-25,1031.0445556640625,1069.2313910590276,1021.497846815321,1069.2313910590276,167839600
2021-01-26,976.9466552734375,1056.502571826649,961.0354719627952,1034.2269151917499,220785000
2021-01-27,945.124267578125,989.6755798545349,916.4841382575758,980.1288700810185,292012100
2021-01-28,884.6617431640625,964.2176553191042,881.4795066778609,926.0308174846842,321100400
2021-01-29,856.0216064453125,913.3018626386792,830.5637148038162,897.390680362744,292962600
2021-02-01,926.0308837890625,935.5775939312177,808.2881253691473,856.0216760799237,397901900
2021-02-02,935.57763671875,957.8532947358631,916.4842155612245,941.9421104379252,264116900
2021-02-03,945.124267578125,980.1288700810185,919.6663748487479,935.5775578046085,245625300
2021-02-04,929.213134765625,957.8532656316887,922.848661239833,948.3065553430008,106027200
2021-02-05,938.759765625,948.3064751059322,929.2130561440678,941.942002118644,57651500
2021-02-08,951.4888305664062,967.4000150240383,945.1243567833533,948.3065936748798,108385200
2021-02-09,910.1196899414062,964.2177134693919,906.9374532632894,957.8532401131582,191691500
2021-02-10,894.20849609375,929.2130991436833,887.844022811944,916.4841525800712,159003900
2021-02-11,903.7552490234375,919.6664329851177,887.8440650617572,897.3907754387653,116525400
2021-02-15,967.39990234375,970.5821388646175,913.3018814890007,913.3018814890007,231361500
2021-02-16,957.8531494140625,983.3110404283897,954.6709130372715,973.7643312980169,169849400
2021-02-17,932.3953247070312,976.9466371503707,926.03085150084,957.8532175317966,184842600
2021-02-18,922.8486328125,945.1242894665947,919.6663961476293,938.7598161368534,54961000
2021-02-19,922.8486328125,929.2131061422414,906.9374494881465,922.8486328125,50215500
2021-02-22,926.0308837890625,938.7598306452695,916.4841736469072,935.5775939312177,63832600
2021-02-23,922.8486328125,935.5775794719827,919.6663961476293,935.5775794719827,43559300
2021-02-24,906.9374389648438,938.7598052443119,900.57296570895,932.3953319884183,82907500
2021-02-25,926.0308837890625,938.7598306452695,916.4841736469072,922.8486470750107,84173200
2021-02-26,916.4842529296875,926.0309638977051,903.7553049723307,910.1197789510092,100884800
2021-03-01,929.213134765625,935.5776082914169,916.484187714041,922.848661239833,57604800
2021-03-02,935.57763671875,964.2177684550383,929.2131629995748,938.7598735783375,180378400
2021-03-03,932.3953247070312,945.124271119414,926.03085150084,941.9420345163184,57605600
2021-03-04,906.9374389648438,932.3953319884183,903.7552023368969,932.3953319884183,100955400
2021-03-05,891.0263671875,910.119789341518,887.8441301618304,903.7553152901786,100872900
2021-03-08,897.3907470703125,910.1196938372673,894.2085103785738,903.7552204537899,47164900
2021-03-09,875.1149291992188,906.9372902610085,871.9326930930398,900.5728180486506,72341100
2021-03-10,881.4795532226562,891.0262631853566,878.2973165684228,884.6617898768898,34040000
2021-03-12,897.3907470703125,906.9374571455286,887.8440369950964,887.8440369950964,43481600
2021-03-15,897.3907470703125,910.1196938372673,887.8440369950964,906.9374571455286,44187900
2021-03-16,884.6617431640625,903.7551620812725,884.6617431640626,903.7551620812725,41625200
2021-03-17,881.4795532226562,894.20849983959,878.2973165684228,884.6617898768898,48007400
2021-03-18,894.20849609375,900.5729693755561,887.844022811944,887.844022811944,60249400
2021-03-19,906.9374389648438,906.9374389648438,875.1150726853755,891.0262558251096,101386300
2021-03-22,891.0263671875,906.9375523158483,884.6618931361608,903.7553152901786,43909700
2021-03-23,878.2973022460938,897.3907218601393,875.1150656437528,891.0262486554574,45027500
2021-03-24,865.5682373046875,878.2971819709329,862.3860011381262,871.9327096378103,44223800
2021-03-25,843.292724609375,871.9328548791273,833.7460145194575,859.2039080925707,69729600
2021-03-26,865.5682373046875,871.9327096378103,843.2925841387581,846.4748203053194,45416100
2021-03-29,875.1149291992188,894.2083458362926,865.5682208806818,871.9326930930398,58579800
2021-03-30,843.292724609375,881.4795649690448,843.292724609375,878.2973282724056,50768300
2021-03-31,836.92822265625,852.839405596483,821.0170397160172,843.2926958323432,70743800
2021-04-01,836.92822265625,846.4749324203898,827.3815128921103,843.2926958323432,30487300
2021-04-05,814.6525268554688,849.6571276187897,808.2880539894104,846.4748911857605,61313000
2021-04-06,824.1993408203125,824.1993408203124,808.2881566345922,817.8348671460243,25688200
2021-04-07,827.3814697265625,830.5637061485877,817.8347604604868,824.1992333045372,27802300
2021-04-08,827.3814697265625,830.5637061485877,821.016996882512,824.1992333045372,34064200
2021-04-09,840.1104125976562,856.02159465443,827.3814669522372,830.563703363592,55188500
2021-04-12,782.8302001953125,811.4703294707507,782.8302001953125,811.4703294707507,144801500
2021-04-13,751.0078735351562,770.1012940487619,728.7322162692831,770.1012940487619,199391700
2021-04-14,770.1012573242188,773.283493924732,751.0078377211389,760.5545475226788,107026600
2021-04-15,766.9190673828125,776.4657777651712,757.3723570004538,773.2835409710516,49738200
2021-04-16,747.8255615234375,770.1012165475399,744.643325091423,766.9189801155253,68685200
2021-04-19,757.372314453125,766.9190242991729,747.8256046070773,747.8256046070773,55559900
2021-04-20,763.7367553710938,766.9189918518066,751.0078094482421,760.5545188903808,49714800
2021-04-21,795.55908203125,805.105791015625,757.3722460937499,763.73671875,138345500
2021-04-22,776.4657592773438,808.2881264608415,776.4657592773438,801.9236530241419,54517500
2021-04-23,782.8302001953125,795.5591465399517,763.7367806783536,773.2834904368331,55638600
2021-04-26,766.9190673828125,789.1947249416494,763.7368305886929,786.0124881475298,36580200
2021-04-27,763.7367553710938,773.2834648132324,754.1900459289551,770.1012283325196,30873000
2021-04-28,801.923583984375,814.6525297619047,757.3722737630208,766.9189830961681,97636700
2021-04-29,782.8302001953125,805.1058562984311,782.8302001953125,805.1058562984311,69509600
2021-04-30,779.64794921875,786.0124222735969,766.9190031090561,782.8301857461735,47570500
2021-05-03,792.376953125,798.7414266440763,779.6480060868474,789.1947163654619,70588900
2021-05-04,786.0123901367188,801.9235721232919,779.6479173420894,798.7413357259773,63654400
2021-05-05,795.55908203125,811.4702636718749,786.0123730468749,792.376845703125,73211600
2021-05-06,798.7413940429688,814.652577191235,795.5591574133155,795.5591574133155,49593700
2021-05-07,782.8302001953125,808.2880928845909,782.8302001953125,805.1058562984311,37403000
2021-05-10,789.1946411132812,792.3768775693832,782.8301682010774,786.0124046571793,27144400
2021-05-11,773.2835083007812,786.0124549394773,770.1012716411072,786.0124549394773,38890700
2021-05-17,719.1854858398438,763.736799121958,719.1854858398438,757.3723257959417,317869800
2021-05-18,728.7321166992188,731.9143530166826,703.2742261595081,709.6386987944358,107898100
2021-05-19,706.45654296875,725.5499630489865,700.0920696086711,725.5499630489865,80498400
2021-05-20,693.7275390625,719.1854304042431,690.545302644782,706.4564847333716,82083200
2021-05-21,703.2742919921875,712.8210018382354,690.5453455307904,700.0920553768383,82118100
2021-05-24,671.4518432617188,709.638677949589,671.4518432617188,703.2742055016106,105360700
2021-05-25,700.0921020507812,719.1855230158026,674.6342074307529,677.8164442582564,220684200
2021-05-27,712.8209838867188,738.2788761683872,703.2742742810931,703.2742742810931,980862100
2021-05-28,719.1854858398438,741.4611424809009,709.6387758508193,719.1854858398438,238325700
2021-05-31,709.6387329101562,731.9143882033002,690.5453140874615,722.3676787919528,335051100
2021-06-02,763.7367553710938,770.1012283325196,716.0032081604004,719.1854446411132,457016300
2021-06-03,751.0078735351562,779.6480043055648,751.0078735351564,770.1012940487619,165465200
2021-06-04,744.6433715820312,766.9190279968783,741.4611349513387,751.007844843416,153454900
2021-06-07,738.2789306640625,754.1901145145811,731.914457123855,747.8256409743736,115516800
2021-06-08,716.0032958984375,751.0079014756944,712.8210590277778,738.2789539930556,185689600
2021-06-09,712.8209838867188,722.3676934923444,706.4565108163016,716.0032204219273,92483200
2021-06-10,731.9144287109375,731.9144287109375,706.4565355383832,716.0032454780911,185853800
2021-06-11,773.2835083007812,795.5591649184993,747.8256150233893,751.0078516830633,559541700
2021-06-14,741.4610595703125,779.6478952563372,741.4610595703125,773.2834226419998,223936400
2021-06-15,738.2789306640625,751.0078777444774,725.5499835836475,744.6434042042699,125634200
2021-06-16,722.36767578125,738.2788580671806,719.1854393240639,738.2788580671806,128832600
2021-06-17,703.2742919921875,725.5499482996324,700.0920553768383,719.1854750689339,142699000
2021-06-18,674.6341552734375,700.0920479252653,668.2696821104805,700.0920479252653,208025400
2021-06-21,671.4518432617188,677.816315709697,642.811717245816,661.9051345897511,204119900
2021-06-22,671.4518432617188,687.3630243816647,665.0873708137403,680.9985519336863,130826500
2021-06-23,665.08740234375,684.1808205928528,665.08740234375,684.1808205928528,92741900
2021-06-24,649.17626953125,668.2696892233456,642.8117963005515,665.0874526079964,127231800
2021-06-25,658.722900390625,671.4518453257095,652.3584279230827,652.3584279230827,129532100
2021-06-28,630.0828857421875,665.0874905056424,630.0828857421875,661.9052537089647,134192000
2021-06-29,636.4473266601562,652.3585098266601,630.0828533935547,630.0828533935547,94039400
2021-06-30,639.6295776367188,649.1762877506997,633.2651042273982,636.4473409320584,64810200
2021-07-01,642.811767578125,655.5407134707611,636.4472946318069,639.629531104966,69733400
2021-07-02,658.722900390625,665.0873728581672,642.8117192217693,649.1761916893116,90224700
2021-07-05,652.3584594726562,665.0874050233422,649.1762230849847,661.9051686356707,57817200
2021-07-06,661.9052124023438,668.2696855985201,642.8117928138146,652.3585026080792,125471300
2021-07-07,655.5407104492188,665.0874198246928,652.3584739907274,661.9051833662014,59219700
2021-07-08,642.811767578125,658.7229499439202,642.811767578125,655.5407134707611,69394300
2021-07-09,645.9940185546875,655.5407281885007,636.4473089208744,642.8117820100832,50045400
2021-07-12,642.811767578125,655.5407134707611,642.811767578125,652.3584769976021,44012900
2021-07-13,633.2650756835938,649.1762584897142,630.0828391223697,642.811785367266,103059600
2021-07-14,620.5361938476562,642.8118520883413,620.5361938476562,633.265141413762,97599800
2021-07-15,636.4473266601562,636.4473266601562,620.5361434936524,620.5361434936524,61662900
2021-07-16,642.811767578125,645.994004051284,636.4472946318069,642.811767578125,58584300
2021-07-19,636.4473266601562,649.1762731933594,636.4473266601562,636.4473266601562,35838500
2021-07-21,658.722900390625,671.4518453257095,639.6294829879981,642.8117192217693,177445600
2021-07-22,677.8163452148438,687.3630543023768,658.7229270397777,658.7229270397777,164961000
2021-07-23,677.8163452148438,687.3630543023768,665.0873997647997,684.1808179398657,95575200
2021-07-26,661.9052124023438,690.5453417851375,661.9052124023438,671.4519221966083,90867800
2021-07-27,655.5407104492188,674.6341292001669,652.3584739907274,665.0874198246928,55116700
2021-07-28,639.6295776367188,658.7229978646805,636.4473409320584,655.5407611600202,97526100
2021-07-29,639.6295776367188,645.9940510460393,630.0828675227378,645.9940510460393,108477500
2021-07-30,620.5361938476562,642.8118520883413,617.3539569561298,642.8118520883413,240537200
2021-08-02,630.0828857421875,630.0828857421875,610.9894649621212,623.7184121488322,86357700
2021-08-03,642.811767578125,645.994004051284,626.9005852123298,633.2650581586479,93092400
2021-08-04,652.3584594726562,668.2696414110137,642.8117503096418,649.1762230849847,136221900
2021-08-05,645.9940185546875,661.9052012777094,642.8117820100832,655.5407281885007,90640800
2021-08-06,652.3584594726562,665.0874050233422,645.9939866973132,649.1762230849847,70326000
2021-08-09,642.811767578125,658.7229499439202,636.4472946318069,652.3584769976021,69484200
2021-08-10,639.6295776367188,645.9940510460393,633.2651042273982,642.8118143413791,59063400
2021-08-12,649.17626953125,655.5407427619485,636.4473230698529,639.6295596852023,78142300
2021-08-13,652.3584594726562,655.5406958603277,642.8117503096418,649.1762230849847,83561800
2021-08-16,661.9052124023438,671.4519221966083,645.9940294119028,652.3585026080792,158980500
2021-08-18,652.3584594726562,671.4518777986851,645.9939866973132,665.0874050233422,107639300
2021-08-19,636.4473266601562,652.3585098266601,633.2650900268554,649.1762731933594,127902100
2021-08-20,636.4473266601562,642.8117999267578,630.0828533935547,636.4473266601562,51299700
2021-08-23,671.4518432617188,677.816315709697,639.6294810218268,642.811717245816,178325700
2021-08-24,661.9052124023438,684.1808685889611,658.7229758042556,677.8163953927847,161804100
2021-08-25,655.5407104492188,671.4518927416755,652.3584739907274,665.0874198246928,62257900
2021-08-26,645.9940185546875,658.7229647331051,642.8117820100832,655.5407281885007,95120600
2021-08-27,642.811767578125,652.3584769976021,639.629531104966,649.1762405244431,63072200
2021-08-30,655.5407104492188,658.7229469077101,639.629528156762,645.9940010737447,69239700
2021-08-31,658.722900390625,661.9051366243962,649.1761916893116,658.722900390625,64489200
2021-09-01,661.9052124023438,661.9052124023438,652.3585026080792,658.7229758042556,43332600
2021-09-02,655.5407104492188,671.4518927416755,652.3584739907274,665.0874198246928,108612000
2021-09-03,674.6341552734375,677.816391854916,645.9940260401312,658.722972366045,194482900
2021-09-06,696.9098510742188,703.2743246000107,671.4519569710509,677.8164304968428,391094300
2021-09-07,687.3630981445312,703.2742809719509,687.3630981445312,700.0920444064669,119135500
2021-09-08,668.2696533203125,687.3630719866071,665.08741687593,687.3630719866071,154801700
2021-09-09,665.08740234375,677.8163478431519,655.5406932191986,668.2696387186005,97683000
2021-09-10,671.4518432617188,674.634079485708,665.0873708137403,671.4518432617188,53477500
2021-09-13,668.2696533203125,674.6341262090773,661.9051804315476,671.4518897646949,51176400
2021-09-14,706.45654296875,712.8210163288288,671.4519394883164,671.4519394883164,338274000
2021-09-15,700.0921020507812,709.6388125332919,696.9098652232777,700.0921020507812,144877900
2021-09-16,719.1854858398438,722.367722502852,700.0920658617948,706.4565391878111,158803500
2021-09-17,696.9098510742188,716.0032716515946,690.5453775484267,712.8210348886986,171822600
2021-09-20,680.9985961914062,696.909778345411,677.8163597606052,690.5453054838091,63310800
2021-09-21,712.8209838867188,716.0032204219273,677.8163819994245,684.1808550698416,228276000
2021-09-22,703.2742919921875,722.3677116842831,703.2742919921875,716.0032384535846,101760200
2021-09-23,719.1854858398438,722.367722502852,703.274302524803,709.6387758508193,121455700
2021-09-24,716.0032958984375,728.7322433810764,709.638822157118,719.1855327690972,113150900
2021-09-27,741.4610595703125,747.82553218465,716.0031691129627,719.1854054201315,199049800
2021-09-28,738.2789306640625,754.1901145145811,738.2789306640624,744.6434042042699,141569800
2021-09-29,763.7367553710938,766.9189918518066,725.549917602539,731.9143905639648,208897200
2021-09-30,757.372314453125,773.2834975298714,757.372314453125,763.7367876838235,137617500
2021-10-01,814.6525268554688,824.1992361545563,766.9189803600311,766.9189803600311,448927100
2021-10-04,894.20849609375,894.20849609375,821.0170533529805,821.0170533529805,442993400
2021-10-05,941.9420776367188,948.306551134264,900.5729999026736,900.5729999026736,578361200
2021-10-06,919.6663818359375,967.3999310661765,906.9374353745404,954.6709846047795,472427200
2021-10-07,945.124267578125,954.6709773516413,897.3907187105428,916.4841382575758,409130700
2021-10-08,945.124267578125,964.2176871251578,922.84861143992,954.6709773516413,176757900
2021-10-11,941.9420776367188,954.6710246318095,938.759840887946,951.4887878830368,104541900
2021-10-12,976.9466552734375,983.3111285976944,938.7598153278959,941.9420519900244,443141100
2021-10-13,954.6708984375,976.946552734375,945.1241894531249,973.7643164062499,245923100
2021-10-14,970.5820922851562,989.6755104940445,957.853146812564,961.0353831807121,239965800
2021-10-15,970.5820922851562,983.3110377577484,957.853146812564,980.1288013896003,124580500
2021-10-18,970.5820922851562,992.8577468621926,967.3998559170082,976.9465650214523,160262700
2021-10-19,992.8577270507812,992.8577270507811,964.2176003089318,973.7643092228816,173561900
2021-10-21,957.8531494140625,999.2222223123442,957.8531494140624,992.8577495587624,247129500
2021-10-22,970.5820922851562,973.7643286533042,897.3906558177509,954.6709104444159,178433200
2021-10-25,964.2177124023438,973.7644224261294,951.488765703963,970.5821857515342,119723600
2021-10-26,986.4932861328125,989.6755225396925,964.2176312846522,970.5821040984123,191096100
2021-10-27,957.8531494140625,986.4932768051806,957.8531494140624,986.4932768051806,107512300
2021-10-28,951.4888305664062,957.8533043494591,938.7598830003004,954.6710674579326,145897900
2021-10-29,961.0354614257812,970.5821713074943,951.4887515440681,951.4887515440681,114875200
2021-11-01,941.9420776367188,992.8578656170819,941.9420776367186,986.4933921195365,268409100
2021-11-02,926.0308837890625,957.8532509295801,922.8486470750107,945.124304073373,164898100
2021-11-03,938.759765625,941.942002118644,919.6663466631356,929.2130561440678,81533700
2021-11-04,973.7643432617188,980.1288160934946,941.941979102839,948.306451934615,205874500
2021-11-05,954.6708984375,973.7643164062499,945.1241894531249,973.7643164062499,110073000
2021-11-08,954.6708984375,961.03537109375,941.9419531249999,954.6708984375,58804200
2021-11-09,964.2177124023438,976.9466591007246,957.8532390531534,961.0354757277486,140068900
2021-11-10,964.2177124023438,973.7644224261294,954.6710023785582,961.0354757277486,76095400
2021-11-11,957.8531494140625,967.3998585444351,954.6709130372715,964.2176221676442,44423400
2021-11-12,951.4888305664062,964.217778132512,945.1243567833533,961.0355412409855,72750800
2021-11-15,945.124267578125,957.8532139428135,938.7597943957807,957.8532139428135,48142300
2021-11-16,954.6708984375,961.03537109375,945.1241894531249,948.30642578125,69992600
2021-11-17,951.4888305664062,967.4000150240383,948.3065936748798,954.6710674579326,75963700
2021-11-18,954.6708984375,967.39984375,948.30642578125,961.03537109375,134566700
2021-11-19,973.7643432617188,986.4932889252706,954.6709247663908,957.8531611822789,248621400
2021-11-22,967.39990234375,983.3110849480879,957.8531927811472,976.9466119063527,119516900
2021-11-23,983.3110961914062,1005.5867520921825,964.2176768478838,973.7643865196451,373160100
2021-11-24,1024.68017578125,1031.0446489227484,980.1288637907608,986.4933369322592,362272200
2021-11-25,1037.4090576171875,1043.773530363305,1024.680112124952,1043.773530363305,183921300
2021-11-26,992.8577270507812,1031.0445627065806,983.3110181368313,1031.0445627065806,309775600
2021-11-29,980.1288452148438,996.0400277670327,964.2176626626547,976.9466087044059,232245100
2021-11-30,954.6708984375,989.675498046875,941.9419531249999,980.1287890625,216550500
2021-12-01,922.8486328125,961.0354727909482,916.4841594827586,954.6709994612069,244242100
2021-12-02,954.6708984375,957.853134765625,913.301826171875,922.84853515625,171024000
2021-12-03,948.3065185546875,954.670991833578,938.7598086363517,954.670991833578,90147300
2021-12-06,941.9420776367188,951.4887878830368,929.2131306416279,938.759840887946,88483100
2021-12-07,954.6708984375,957.853134765625,941.9419531249999,945.1241894531249,82686300
2021-12-08,948.3065185546875,967.399938391359,941.942045275797,967.399938391359,54070000
2021-12-09,954.6708984375,954.6708984375,941.9419531249999,951.488662109375,48756700
2021-12-10,951.4888305664062,954.6710674579326,945.1243567833533,951.4888305664061,28934900
2021-12-13,945.124267578125,961.0354505339857,945.124267578125,957.8532139428135,31731800
2021-12-14,941.9420776367188,951.4887878830368,932.3953673904006,945.1243143854914,46894900
2021-12-15,945.124267578125,961.0354505339857,938.7597943957807,941.9420309869528,63430700
2021-12-16,938.759765625,961.0354210805085,935.577529131356,954.6709480932203,54811200
2021-12-17,941.9420776367188,945.1243143854914,932.3953673904006,938.759840887946,48462200
2021-12-20,900.5729370117188,938.7597753302368,894.2084639586324,935.5775388036936,132482800
2021-12-21,897.3907470703125,910.1196938372673,868.7506168446643,903.7552204537899,204581800
2021-12-22,878.2973022460938,910.1196682695029,878.2973022460938,903.7551950648211,84745500
2021-12-23,871.9327392578125,884.6616843564666,871.9327392578125,881.4794480818031,51377100
2021-12-24,865.5682373046875,878.2971819709329,865.5682373046876,871.9327096378103,44137100
2021-12-27,894.20849609375,903.7552060164592,865.5683663256228,865.5683663256228,73275600
2021-12-28,894.20849609375,913.3019159391682,891.0262594528471,900.5729693755561,60761700
2021-12-29,887.843994140625,894.2084672169019,884.6617576024865,891.0262306787635,24390600
2021-12-30,875.1149291992188,891.0261097301136,875.1149291992188,887.8438736239347,37086500
2022-01-03,891.0263671875,897.3908412388394,868.7507080078126,875.1151820591518,46897300
2022-01-04,891.0263671875,903.7553152901786,881.4796561104911,891.0263671875,56887000
2022-01-05,868.7505493164062,891.0262044270833,865.5683128720237,891.0262044270833,62190300
2022-01-06,859.203857421875,875.1150399667245,843.2926748770254,865.5683304398148,81074300
2022-01-07,862.3860473632812,868.750520037549,856.0215746890135,859.2038110261474,43067900
2022-01-10,833.7459106445312,871.9327462465709,833.7459106445312,871.9327462465709,98760100
2022-01-11,824.1993408203125,849.657235517465,817.8348671460243,833.7460513317446,123632000
2022-01-12,827.3814697265625,840.1104154146634,821.016996882512,836.9281789926382,79062300
2022-01-13,852.8394165039062,856.0216531326521,830.5637601026848,836.9282333601766,67636800
2022-01-14,852.8394165039062,852.8394165039061,836.9282333601766,852.8394165039061,45690100
2022-01-17,827.3814697265625,856.0215975247896,817.8347604604868,852.8393611027644,57615000
2022-01-18,814.6525268554688,836.928181886673,805.1058175563812,827.3814725875854,68422400
2022-01-19,811.4702758789062,824.199221382889,801.9235667509191,808.2880395029105,32021600
2022-01-20,830.5637817382812,843.292728584845,814.6525981800767,814.6525981800767,88636700
2022-01-21,852.8394165039062,852.8394165039061,824.1992868451929,827.3815234739388,54496400
2022-01-24,830.5637817382812,862.3861488546905,830.5637817382812,852.8394387197677,46785400
2022-01-25,824.1993408203125,830.5638144946006,814.6526303088802,824.1993408203124,39100900
2022-01-26,862.3860473632812,862.3860473632812,821.0169749805408,824.1992113176747,81418100
2022-01-27,846.4749145507812,868.7505701968544,840.110441509046,856.021624113384,48137700
2022-01-28,871.9327392578125,881.4794480818031,843.2926127858406,846.4748490605041,56982200
2022-01-31,878.2973022460938,891.0262486554574,862.3861192343892,875.1150656437528,75014500
2022-02-02,865.5682373046875,881.4794181374943,859.2037649715649,878.2971819709329,39054300
2022-02-03,878.2973022460938,881.4795388484347,849.6571728250254,868.7505924390709,71079200
2022-02-04,871.9327392578125,875.114975532476,865.5682667084853,871.9327392578125,26650400
2022-02-07,881.4795532226562,897.3907364938234,871.932843259956,871.932843259956,84871800
2022-02-08,897.3907470703125,906.9374571455286,881.479563611619,881.479563611619,103269300
2022-02-09,897.3907470703125,903.7552204537899,887.8440369950964,900.5729837620512,61034300
2022-02-10,878.2973022460938,910.1196682695029,875.1150656437528,897.3907218601393,54837800
2022-02-11,875.1149291992188,884.6616375177557,871.9326930930398,878.2971653053977,26516600
2022-02-14,894.20849609375,897.390732734653,868.7506029665259,875.1150762483319,81282700
2022-02-15,903.7552490234375,906.9374858157735,894.2085386464292,894.2085386464292,55750700
2022-02-16,922.8486328125,929.2131061422414,903.7552128232759,903.7552128232759,85700300
2022-02-17,916.4842529296875,932.3954378763834,903.7553049723307,922.8487269083658,66637300
2022-02-18,929.213134765625,941.9420818172089,906.9374774253531,910.1197141882491,79218200
2022-02-21,922.8486328125,932.395342807112,913.3019228178879,929.2131061422414,42220800
2022-02-22,894.20849609375,922.8486258618773,891.0262594528471,919.6663892209742,89437000
2022-02-23,894.20849609375,900.5729693755561,884.661786171041,897.390732734653,60537800
2022-02-24,916.4842529296875,916.4842529296875,871.9329350789388,891.026357014974,218002600
2022-02-25,916.4842529296875,932.3954378763834,906.9375419616699,922.8487269083658,103152700
2022-03-01,938.759765625,941.942002118644,922.8485831567797,929.2130561440678,111751100
2022-03-02,938.759765625,957.8531845868644,932.3952926377119,951.4887115995763,120576200
2022-03-04,996.0401611328125,1002.4046350058655,938.7598962753344,938.7598962753344,272548500
2022-03-07,1015.1334228515625,1031.0446050279193,976.9465856283061,1011.9511864162911,301972900
2022-03-08,970.5820922851562,1027.862346911821,964.2176195488601,1018.315637807377,189252200
2022-03-09,983.3110961914062,992.8578058631675,961.03544029063,973.7643865196451,103142600
2022-03-10,916.4842529296875,980.1289927164713,916.4842529296875,980.1289927164713,184128600
2022-03-11,894.20849609375,916.4841525800712,884.661786171041,903.7552060164592,156517100
2022-03-14,910.1196899414062,913.301926619523,897.390743228939,897.390743228939,81573400
2022-03-15,881.4795532226562,906.9374464565236,875.1150799141894,903.7552098022902,121093700
2022-03-16,887.843994140625,897.3907037550404,881.4795210643482,884.6617576024865,98918900
2022-03-17,884.6617431640625,897.3906891088692,881.4795066778609,897.3906891088692,55428800
2022-03-18,878.2973022460938,894.2084852577983,878.2973022460938,891.0262486554574,91749900
2022-03-21,868.7505493164062,884.6617315383183,862.3860764276413,884.6617315383183,63427900
2022-03-22,878.2973022460938,887.8440120531164,868.7505924390709,868.7505924390709,64349500
2022-03-23,906.9374389648438,910.1196755927905,884.661782569216,884.661782569216,115091300
2022-03-24,910.1196899414062,916.4841632976398,900.5729799070558,913.301926619523,63589700
2022-03-25,900.5729370117188,913.3018831178914,891.0262274320892,913.3018831178914,60025700
2022-03-28,900.5729370117188,906.937410064805,894.2084639586324,900.5729370117188,43939400
2022-03-29,894.20849609375,903.7552060164592,891.0262594528471,900.5729693755561,49462700
2022-03-30,887.843994140625,900.5729402931788,881.4795210643482,900.5729402931788,56802800
2022-03-31,894.20849609375,900.5729693755561,887.844022811944,887.844022811944,44983600
2022-04-01,884.6617431640625,897.3906891088692,881.4795066778609,894.2084526226676,48007400
2022-04-04,894.20849609375,894.20849609375,875.1150762483319,887.844022811944,48723400
2022-04-05,894.20849609375,900.5729693755561,891.0262594528471,897.390732734653,50801200
2022-04-06,881.4795532226562,900.5729731480568,878.2973165684228,894.20849983959,54911400
2022-04-07,884.6617431640625,897.3906891088692,875.1150337054576,881.4795066778609,65410400
2022-04-08,887.843994140625,897.3907037550404,878.2972845262098,891.0262306787635,57989000
2022-04-11,862.3860473632812,891.0261743974861,859.2038110261474,887.8439380603522,75647100
2022-04-12,843.292724609375,862.3861447892099,843.292724609375,859.2039080925707,81174500
2022-04-13,865.5682373046875,865.5682373046876,846.4748203053194,846.4748203053194,60323400
2022-04-14,862.3860473632812,875.1149927118167,859.2038110261474,871.9327563746829,44252500
2022-04-18,856.0216064453125,868.7505522660606,849.6571335349385,868.7505522660606,45390700
2022-04-19,891.0263671875,903.7553152901786,859.2039969308037,862.3862339564732,187407600
2022-04-20,884.6617431640625,900.5729255950708,881.4795066778609,897.3906891088692,68767600
2022-04-21,894.20849609375,910.1196792982652,884.661786171041,884.661786171041,123460400
2022-04-22,881.4795532226562,894.20849983959,871.932843259956,894.20849983959,69172500
2022-04-25,859.203857421875,875.1150399667245,852.8393844039351,871.9328034577546,73702600
2022-04-26,859.203857421875,868.7505669487847,849.6571478949652,862.3860939308448,52137100
2022-04-27,871.9327392578125,878.2972118071395,859.2037941591583,862.3860304338218,38451600
2022-04-28,922.8486328125,935.5775794719827,875.1150828394397,878.2973195043103,286215400
2022-05-09,922.8486328125,954.6709994612069,906.9374494881465,938.7598161368534,216815300
2022-05-10,964.2177124023438,970.5821857515342,900.5729789104399,919.6663989580111,274722600
2022-05-11,967.39990234375,980.1288484272203,948.3064832185444,964.2176658228823,119107500
2022-05-12,935.57763671875,976.9467158933886,922.8486892803996,967.4000053146258,130850800
2022-05-13,951.4888305664062,964.217778132512,932.3954092172476,945.1243567833533,94220000
2022-05-17,992.8577270507812,992.8577270507811,957.8531276996318,967.3998366135817,180564300
2022-05-18,1002.4044799804688,1015.1334257579985,973.7643519810267,992.8577706473213,189647500
2022-05-19,989.675537109375,992.8577735631029,970.5821183870077,983.3110642019193,97415000
2022-05-20,1002.4044799804688,1018.3156622023808,992.8577706473213,999.2222435360862,119490200
2022-05-23,989.675537109375,1015.1334287391982,986.4933006556472,1011.9511922854704,93298700
2022-05-24,1078.7781982421875,1081.9604348151734,996.0400473445566,999.2222839175424,527470900
2022-05-25,1129.6939697265625,1142.4229158643266,1081.9604217099472,1081.9604217099472,353610600
2022-05-27,1132.8760986328125,1151.9695160255003,1097.8715000795514,1132.8760986328125,238297400
2022-05-30,1132.8760986328125,1155.151752257615,1113.7826812401247,1145.605043561271,86862500
2022-05-31,1145.6051025390625,1145.6051025390625,1116.964974975586,1136.058393351237,92893400
2022-06-02,1136.05859375,1158.3342524509803,1126.5118828781513,1136.05859375,103462300
2022-06-03,1139.2406005859375,1151.969545843881,1126.511655327994,1145.6050732149092,129731800
2022-06-06,1136.05859375,1142.4230676645657,1123.3296459208682,1139.2408307072828,73754300
2022-06-07,1129.6939697265625,1145.6051523987678,1120.1472601232394,1136.0584427954445,143581700
2022-06-08,1156.6739501953125,1163.5181747526813,1139.5633888018908,1146.4076133592596,204406700
2022-06-09,1149.8297119140625,1163.5181608654204,1132.7191507248651,1160.096048627581,84648200
2022-06-10,1149.8297119140625,1153.2518241519022,1139.5633752005442,1139.5633752005442,91771200
2022-06-13,1122.4527587890625,1129.2969829280203,1095.0758622332319,1108.7643105111472,143576900
2022-06-14,1184.0509033203125,1194.3172406323383,1115.6086545734736,1122.4528794481575,206113700
2022-06-15,1173.7845458984375,1208.0056696855638,1160.0960963835869,1170.3624335197248,217167100
2022-06-16,1245.6488037109375,1273.0257004957934,1201.1613464355469,1204.5834585336538,348591600
2022-06-17,1231.9603271484375,1255.915111287435,1204.5834309895833,1242.2266632080077,166891200
2022-06-20,1214.849853515625,1242.2267516230193,1180.628730881382,1242.2267516230193,91060000
2022-06-21,1211.427734375,1235.3825200829801,1194.3171731550142,1218.2719588629943,81154600
2022-06-22,1208.005615234375,1221.694064132215,1190.895054112075,1211.427727458835,109146900
2022-06-23,1180.628662109375,1204.583446557971,1153.2517655966938,1204.583446557971,130507000
2022-06-24,1163.5181884765625,1190.8950870289523,1156.6739638384652,1180.628750071806,64096700
2022-06-27,1136.141357421875,1180.6288202124906,1122.4529073324547,1166.9403701230704,94819800
2022-06-28,1153.2518310546875,1187.4729536379127,1136.141269763075,1142.9854942797201,130321500
2022-06-29,1142.9854736328125,1163.518146811845,1136.1412492398017,1146.407585829318,89496000
2022-06-30,1088.231689453125,1156.6739340728184,1088.231689453125,1142.9854851488797,132310900
2022-07-01,1095.075927734375,1132.719162750244,1077.9653663635254,1088.231703186035,132885200
2022-07-04,1060.854736328125,1115.608529170867,1040.322064012097,1105.342193012853,84152600
2022-07-05,1101.9200439453125,1112.1863797584676,1077.965260381284,1077.965260381284,89696400
2022-07-06,1047.166259765625,1074.543155445772,1033.4778119255516,1060.8547076056986,137448400
2022-07-07,1050.5885009765625,1060.854838119656,1026.6337143093444,1047.1663885955313,70540700
2022-07-08,1067.698974609375,1081.387423001803,1043.7441899226262,1077.965310903696,160761800
2022-07-11,1084.8095703125,1091.6537947308755,1067.6990092665615,1067.6990092665615,77537500
2022-07-12,1091.65380859375,1101.920145351685,1064.2769105725902,1084.80958408846,84289000
2022-07-13,1054.010498046875,1088.231618113332,1054.010498046875,1088.231618113332,48159900
2022-07-14,1074.543212890625,1074.543212890625,1047.166315746915,1054.0105400328425,51899600
2022-07-15,1047.166259765625,1071.1210434857537,1047.166259765625,1071.1210434857537,41877100
2022-07-18,1071.1212158203125,1071.1212158203125,1050.5885407566643,1057.4327657778804,37536000
2022-07-19,1084.8095703125,1088.2316825216876,1057.4326726389984,1064.2768970573738,68970500
2022-07-20,1098.498046875,1122.4528329439252,1088.2317099883178,1095.0759345794393,129984500
2022-07-21,1081.3873291015625,1112.1863353101512,1074.5431054996538,1101.9199999072885,82293400
2022-07-22,1098.498046875,1105.3422714661215,1081.3874853971963,1081.3874853971963,47750800
2022-07-25,1095.075927734375,1108.7643768310547,1084.8095909118651,1098.4980400085449,32340200
2022-07-26,1088.231689453125,1105.3422506080483,1074.5432405291863,1095.0759139150944,70392300
2022-07-27,1108.7642822265625,1112.1863942087432,1084.8094983512972,1088.2316103334779,59727200
2022-07-28,1153.2518310546875,1194.3171781545577,1112.1864839548173,1119.0307084714625,208512700
2022-07-29,1149.8297119140625,1166.9402731032599,1136.1412629627048,1156.6739363897416,81540500
2022-08-01,1153.2518310546875,1177.206616862945,1149.8297187963651,1149.8297187963651,79333900
2022-08-02,1146.4075927734375,1156.67392942514,1132.719143904501,1153.2518172079058,61593400
2022-08-03,1160.0960693359375,1163.5181816348636,1136.141283243455,1146.4076201402333,44840300
2022-08-04,1115.6085205078125,1170.362312925374,1115.6085205078125,1166.9402008992763,108225800
2022-08-05,1095.075927734375,1122.4528259277342,1088.231703186035,1115.6086013793945,99463400
2022-08-08,1122.4527587890625,1125.8748708585415,1098.4979743027106,1098.4979743027106,52153300
2022-08-09,1105.3421630859375,1129.2969468060662,1105.3421630859375,1122.4527228860295,49650500
2022-08-10,1095.075927734375,1119.0307136535644,1095.075927734375,1105.3422645568846,46635900
2022-08-11,1105.3421630859375,1129.2969468060662,1105.3421630859375,1115.6084989659928,64191000
2022-08-12,1115.6085205078125,1136.141192664398,1112.186408481715,1112.186408481715,55167900
2022-08-15,1119.0306396484375,1129.2969757920011,1112.1864155527285,1119.0306396484375,43374300
2022-08-16,1108.7642822265625,1125.8748421374662,1108.7642822265625,1119.0306181731046,33445500
2022-08-18,1122.4527587890625,1125.8748708585415,1108.7643105111472,1115.608534650105,31093200
2022-08-19,1163.5181884765625,1177.2066377527574,1125.8749529670267,1129.2970652860754,156091400
2022-08-22,1149.8297119140625,1184.0508342924572,1139.5633752005442,1170.3623853410993,88213400
2022-08-23,1228.5382080078125,1238.804544007878,1163.518080007399,1166.9401920074208,358994100
2022-08-24,1221.694091796875,1238.8046533066351,1208.005642589067,1235.3825410046832,108672500
2022-08-25,1249.0709228515625,1266.1814834385702,1228.5382501471533,1231.9603622645548,200802600
2022-08-26,1327.779541015625,1362.0006632067493,1238.8046233187015,1255.9151844142639,393226700
2022-08-29,1348.312255859375,1362.0007051574396,1293.558458667116,1293.558458667116,156002200
2022-08-30,1273.0257568359375,1362.0006753244706,1273.0257568359375,1362.0006753244706,261049900
2022-08-31,1259.3372802734375,1266.1815046227496,1221.6940463522205,1262.7593924480936,205068700
2022-09-01,1235.382568359375,1269.6036921366428,1235.382568359375,1259.3373550034626,129099100
2022-09-02,1242.2266845703125,1266.181469121255,1231.9603483341941,1245.6487966490185,90766600
2022-09-05,1245.6488037109375,1262.7593642014724,1231.9603553185098,1238.8045795147236,129134600
2022-09-06,1344.8900146484375,1351.7342386415594,1259.3372147344148,1262.7593267309758,322197700
2022-09-07,1300.4027099609375,1338.045946301912,1276.4479231984992,1327.7796091180098,258429900
2022-09-08,1269.603515625,1293.5582989386792,1259.3371799191375,1276.4477394289083,142245300
2022-09-09,1259.3372802734375,1279.869953321374,1252.4930559241252,1279.869953321374,63912600
2022-09-12,1283.2921142578125,1300.40267578125,1269.6036650390627,1273.02577734375,77125300
2022-09-13,1279.869873046875,1307.246768727022,1279.869873046875,1290.1362089269303,97306200
2022-09-14,1259.3372802734375,1273.0257289720619,1245.6488315748131,1255.9151680987814,146315400
2022-09-15,1262.7593994140625,1303.8247457364712,1262.7593994140625,1279.8699603817329,135249900
2022-09-16,1252.4930419921875,1266.1814905385504,1245.6488177190063,1255.9151541287783,114268400
2022-09-19,1245.6488037109375,1273.0257004957934,1204.5834585336538,1252.4930279071516,147856000
2022-09-20,1221.694091796875,1262.7594394202995,1218.271979494923,1249.0709902124913,107955200
2022-09-21,1238.8045654296875,1238.8045654296875,1197.739220719311,1225.1161171928954,107872900
2022-09-22,1255.9151611328125,1255.9151611328125,1221.69403957606,1225.1161517317353,87312700
2022-09-23,1218.2718505859375,1269.6035296836596,1214.8497386460895,1262.7593058039633,249973800
2022-09-26,1163.5181884765625,1190.8950870289523,1153.2518515194165,1187.4729747099036,199116200
2022-09-27,1197.7393798828125,1201.1614923967634,1166.9403672572544,1170.3624797712055,97880200
2022-09-28,1180.628662109375,1197.7392224298007,1180.628662109375,1190.8949983016305,46912800
2022-09-29,1170.3624267578125,1214.8498874240452,1170.3624267578125,1197.7393256293403,94654700
2022-09-30,1201.161376953125,1201.161376953125,1149.8296941773506,1166.9402551026087,110826400
2022-10-03,1187.472900390625,1197.7392367052414,1177.2065640760086,1194.3171246003692,50041700
2022-10-04,1208.005615234375,1211.427727458835,1190.895054112075,1201.161390785455,78404100
2022-10-05,1208.005615234375,1225.116176356675,1208.005615234375,1218.271951907755,51083500
2022-10-06,1208.005615234375,1214.8498396832952,1197.7392785609952,1214.8498396832952,32339000
2022-10-07,1201.161376953125,1208.0056013232283,1190.8950403979702,1208.0056013232283,22737200
2022-10-10,1249.0709228515625,1255.9151470863656,1194.3171289731379,1201.161353207941,132982500
2022-10-11,1231.9603271484375,1259.3372233072917,1231.9603271484375,1252.492999267578,72538000
2022-10-12,1255.9151611328125,1259.3372732884877,1208.0055909533592,1238.8046003544362,82513700
2022-10-13,1255.9151611328125,1266.1814975998382,1242.2267125101114,1255.9151611328125,58887100
2022-10-14,1231.9603271484375,1269.6035593668619,1231.9603271484375,1269.6035593668619,49728400
2022-10-17,1255.9151611328125,1259.3372732884877,1211.4277031090344,1231.9603760430857,66632800
2022-10-18,1255.9151611328125,1269.6036097555134,1242.2267125101114,1255.9151611328125,61532100
2022-10-19,1238.8045654296875,1262.7593498440738,1235.3824533704894,1255.9151257256776,48120900
2022-10-20,1255.9151611328125,1300.4026191565906,1238.8046003544362,1238.8046003544362,204131600
2022-10-21,1279.869873046875,1296.980432846967,1259.3372012867646,1259.3372012867646,102260500
2022-10-24,1314.0911865234375,1327.7796363830566,1283.2921743392944,1283.2921743392944,119392900
2022-10-25,1290.13623046875,1331.2015746746517,1290.13623046875,1324.3573506403347,72611000
2022-10-26,1314.0911865234375,1327.7796363830566,1279.8700618743896,1296.9806241989136,74750200
2022-10-27,1317.51318359375,1331.2016322544641,1303.8247349330356,1324.357407924107,54023400
2022-10-28,1307.246826171875,1317.5131625030679,1290.1362656198871,1314.0910503926702,57450000
2022-10-31,1351.7342529296875,1365.422701060621,1314.0910205696202,1317.5131326023536,164501600
2022-11-01,1331.2015380859375,1362.0005453938384,1327.7794261628374,1344.8899857783379,69401100
2022-11-02,1327.779541015625,1344.8901021111872,1314.091092139175,1327.779541015625,52163200
2022-11-03,1327.779541015625,1348.3122143302996,1314.091092139175,1327.779541015625,44920700
2022-11-04,1331.2015380859375,1334.6236500090376,1293.5583069318363,1327.7794261628374,73593700
2022-11-07,1266.181396484375,1317.513074720228,1259.3371727195945,1314.0909628378377,229111200
2022-11-08,1269.603515625,1300.4025227425875,1266.1814037230458,1266.1814037230458,106914700
2022-11-09,1252.4930419921875,1283.2920512215037,1252.4930419921875,1266.1814905385504,85043800
2022-11-10,1231.9603271484375,1252.492999267578,1208.00554300944,1252.492999267578,110580700
2022-11-11,1245.6488037109375,1255.9151400052585,1218.2719069260818,1249.0709158090444,89195600
2022-11-14,1238.8045654296875,1255.9151257256776,1235.3824533704894,1252.4930136664798,60707500
2022-11-15,1231.9603271484375,1249.0708872477212,1225.1161031087238,1249.0708872477212,45414100
2022-11-16,1235.382568359375,1238.8046807371018,1218.272006470741,1235.382568359375,34721300
2022-11-17,1231.9603271484375,1252.492999267578,1231.9603271484375,1238.804551188151,56500000
2022-11-18,1228.5382080078125,1242.2266560078997,1225.1160960077907,1235.382432007856,21912100
2022-11-21,1231.9603271484375,1242.2266632080077,1225.1161031087238,1235.3824391682942,15603200
2022-11-22,1286.714111328125,1290.136223326338,1238.8045433531415,1242.2266553513546,123915200
2022-11-23,1296.9805908203125,1300.4027031971473,1276.447916559305,1293.558478443478,50996500
2022-11-24,1283.2921142578125,1303.8247880859376,1283.2921142578125,1300.40267578125,19981700
2022-11-25,1269.603515625,1286.7140751347708,1266.1814037230458,1283.2919632328167,20408000
2022-11-28,1262.7593994140625,1276.4478481881988,1255.9151750269943,1266.1815116075966,32216300
2022-11-29,1273.0257568359375,1283.2920935846143,1269.6036445863786,1269.6036445863786,30670000
2022-11-30,1286.714111328125,1310.6688953156165,1273.0256633352726,1273.0256633352726,107333400
2022-12-01,1300.4027099609375,1314.0911595394737,1293.5584851716694,1300.4027099609375,58421400
2022-12-02,1293.558349609375,1303.824685717386,1283.2920135013642,1300.4025736813824,21365800
2022-12-05,1269.603515625,1303.8246346445417,1269.603515625,1293.5582989386792,28707000
2022-12-06,1252.4930419921875,1262.7593784019596,1231.9603691726436,1262.7593784019596,50900100
2022-12-07,1255.9151611328125,1259.3372732884877,1238.8046003544362,1252.4930489771373,41257100
2022-12-08,1266.181396484375,1273.0256202491553,1231.960277660473,1255.9150608372042,59926700
2022-12-09,1231.9603271484375,1276.4477834065754,1228.5382151285808,1269.6035593668619,67891200
2022-12-12,1249.0709228515625,1249.0709228515625,1221.6940259123503,1231.9603622645548,23620300
2022-12-13,1245.6488037109375,1255.9151400052585,1242.2266916128306,1252.4930279071516,20479200
2022-12-14,1249.0709228515625,1276.447819790775,1245.648810734161,1255.9151470863656,29273500
2022-12-15,1238.8045654296875,1255.9151257256776,1238.8045654296875,1249.0709016072817,16453300
2022-12-16,1252.4930419921875,1252.4930419921875,1231.9603691726436,1235.3824813092342,26631300
2022-12-19,1245.6488037109375,1259.3372521033655,1245.6488037109375,1252.4930279071516,13310300
2022-12-20,1245.6488037109375,1255.9151400052585,1242.2266916128306,1245.6488037109375,9417200
2022-12-21,1245.6488037109375,1255.9151400052585,1242.2266916128306,1255.9151400052585,9493200
2022-12-22,1249.0709228515625,1255.9151470863656,1242.2266986167594,1249.0709228515625,12836200
2022-12-23,1225.1160888671875,1249.070872727719,1221.6939768871114,1249.070872727719,18718700
2022-12-26,1228.5382080078125,1242.2266560078997,1218.2718720077473,1225.1160960077907,17117900
2022-12-27,1201.161376953125,1231.9603866185898,1201.161376953125,1228.5382744335382,31721100
2022-12-28,1204.5833740234375,1211.4275977394798,1197.7391503073952,1201.1612621654162,10904600
2022-12-29,1214.849853515625,1218.2719657790492,1194.3171799350791,1197.7392921985036,9892800
2022-12-30,1204.5833740234375,1218.2718214555218,1204.5833740234375,1214.8497095975008,15749300
2023-01-02,1190.89501953125,1211.427692281789,1190.89501953125,1204.5834680316093,7017500
2023-01-03,1187.472900390625,1208.0055730198576,1184.0507882857528,1187.472900390625,19098400
2023-01-04,1136.141357421875,1190.8951577795558,1129.2971323771649,1187.4730452572007,64329200
2023-01-05,1064.27685546875,1136.1412090534566,1060.8547433932877,1136.1412090534566,89781500
2023-01-06,1084.8095703125,1101.9201313584385,1064.2768970573738,1064.2768970573738,35592100
2023-01-09,1050.5885009765625,1101.9201866920298,1030.0558266903756,1084.8096247868739,49885500
2023-01-10,1074.543212890625,1074.543212890625,1040.3220914609874,1050.5884278898786,39678300
2023-01-11,1047.166259765625,1077.9652674057904,1040.3220358455883,1074.543155445772,36386000
2023-01-12,1043.744140625,1074.5431480532786,1040.3220286885246,1050.5883644979508,43841100
2023-01-13,1054.010498046875,1060.8547220601663,1043.7441620269378,1047.1662740335835,22283700
2023-01-16,1054.010498046875,1064.276834066812,1043.7441620269378,1054.010498046875,21166800
2023-01-17,1050.5885009765625,1071.1211752627494,1050.5885009765625,1060.854838119656,48147500
2023-01-18,1074.543212890625,1084.8095493195165,1054.0105400328425,1057.4326521758062,62685900
2023-01-19,1084.8095703125,1091.6537947308755,1064.2768970573738,1067.6990092665615,34847100
2023-01-20,1108.7642822265625,1115.608506190924,1084.8094983512972,1091.6537223156588,50826300
2023-01-24,1091.65380859375,1129.2970433728449,1084.80958408846,1119.0307066149098,52004100
2023-01-25,1077.96533203125,1098.4980050223214,1077.96533203125,1095.075892857143,18234700
2023-01-26,1067.698974609375,1095.075871394231,1064.276862511268,1077.965310903696,44238100
2023-01-27,1071.1212158203125,1088.2317783733527,1067.6991033097045,1071.1212158203125,33872900
2023-01-30,1071.1212158203125,1088.2317783733527,1067.6991033097045,1074.5433283309205,17091800
2023-01-31,1057.4327392578125,1081.3875262312904,1057.4327392578125,1074.5433013817253,52732800
2023-02-01,1074.543212890625,1105.342222177299,1057.4326521758062,1060.8547643187699,61527900
2023-02-02,1098.498046875,1119.0307206483644,1084.809597692757,1088.2317099883178,96442100
2023-02-03,1071.1212158203125,1105.3423409263926,1071.1212158203125,1101.9202284157845,47140700
2023-02-06,1081.3873291015625,1091.6536645044255,1067.6988818977452,1071.1209936986995,53554000
2023-02-07,1098.498046875,1105.3422714661215,1081.3874853971963,1091.6538222838785,49152500
2023-02-08,1091.65380859375,1112.1864821096199,1091.65380859375,1108.764369856975,53734100
2023-02-09,1098.498046875,1112.186496057243,1088.2317099883178,1091.6538222838785,37535800
2023-02-10,1098.498046875,1105.3422714661215,1081.3874853971963,1098.498046875,34863900
2023-02-13,1112.1864013671875,1122.4527373798078,1101.9200653545674,1101.9200653545674,48156300
2023-02-14,1105.3421630859375,1122.4527228860295,1105.3421630859375,1112.1863870059742,35028900
2023-02-15,1105.3421630859375,1115.6084989659928,1095.0758272058824,1108.7642750459559,21223500
2023-02-16,1077.96533203125,1112.1864536830358,1077.96533203125,1108.764341517857,44398900
2023-02-17,1088.231689453125,1101.9201383770637,1077.9653527601708,1081.3874649911556,30355800
2023-02-20,1084.8095703125,1095.075906940063,1081.3874581033124,1088.2316825216876,17384000
2023-02-21,1074.543212890625,1095.0758857484077,1071.1211007476613,1084.8095493195165,17657700
2023-02-22,1054.010498046875,1077.9652820933948,1054.010498046875,1071.1210580801035,41323300
2023-02-23,1050.5885009765625,1064.276950500687,1047.1663885955313,1057.4327257386249,24410900
2023-02-24,1043.744140625,1067.6989241803278,1043.744140625,1057.4325883709016,23483900
2023-02-27,1050.5885009765625,1057.4327257386249,1043.7442762145001,1043.7442762145001,21865400
2023-02-28,1071.1212158203125,1071.1212158203125,1050.5885407566643,1054.0106532672723,26805300
2023-03-01,1060.854736328125,1077.965296591482,1057.4326242754537,1074.5431845388105,17630000
2023-03-02,1095.075927734375,1098.4980400085449,1060.8548049926758,1064.2769172668457,48581200
2023-03-03,1081.3873291015625,1105.3421117082426,1081.3873291015625,1095.0757763053798,36370100
2023-03-06,1095.075927734375,1101.9201522827148,1081.3874786376953,1088.231703186035,23867800
2023-03-07,1064.27685546875,1095.07586414791,1057.4326313178256,1095.07586414791,37451000
2023-03-08,1057.4327392578125,1064.2769641073776,1043.744289558682,1064.2769641073776,26842900
2023-03-09,1071.1212158203125,1074.5433283309205,1054.0106532672723,1054.0106532672723,24852200
2023-03-10,1060.854736328125,1067.6989604334678,1050.5884001701108,1064.2768483807963,13615000
2023-03-13,1057.4327392578125,1060.854851682595,1047.1664019834648,1057.4327392578125,13429900
2023-03-14,1006.1010131835938,1057.4326975296954,999.2567886041135,1050.5884729502152,56486700
2023-03-15,965.0357055664062,1023.2116168948776,965.0357055664062,1006.1010547394447,69916100
2023-03-16,927.3922729492188,971.8797251571149,923.9701612409191,965.0355017405155,83368900
2023-03-17,951.34716796875,954.7692800837455,930.814495278777,930.814495278777,68829100
2023-03-20,913.7039794921875,951.3472146023524,906.8597549267029,951.3472146023524,40883400
2023-03-21,923.9702758789062,934.2366122775608,917.1260516131366,920.5481637460215,48695800
2023-03-24,930.814453125,944.5029009650735,927.3923411649816,927.3923411649816,53883000
2023-03-27,941.0807495117188,961.6134204101562,934.2365258789061,934.2365258789061,41984600
2023-03-28,947.9251098632812,968.4577837231357,941.0808852433297,954.7693344832327,46127400
2023-03-29,961.613525390625,968.4577497706296,947.9250766306162,947.9250766306162,65224400
2023-03-30,954.769287109375,975.3019599504368,954.7692871093749,961.6135113897288,34693000
2023-03-31,944.5029907226562,961.6135521487913,944.5029907226562,958.1914398635643,32743600
2023-04-03,927.3922729492188,971.8797251571149,923.9701612409191,971.8797251571149,96215600
2023-04-04,961.613525390625,965.0356375806273,917.1260669205961,927.3924034906029,112937600
2023-04-05,947.9251098632812,971.8798960331114,947.9251098632812,961.6135591031842,57451300
2023-04-06,934.236572265625,954.7692441835509,934.2365722656251,947.925020210909,53464400
2023-04-10,927.3922729492188,944.5028314907173,923.9701612409191,934.2364963658182,36757700
2023-04-11,941.0807495117188,951.3470849609374,930.8144140625,934.2365258789061,42299700
2023-04-12,947.9251098632812,954.7693344832327,941.0808852433297,951.3472221732569,42148500
2023-04-13,944.5029907226562,958.1914398635643,941.0808784374292,951.3472152931103,35696700
2023-04-14,951.34716796875,958.191392198741,944.502943738759,947.9250558537545,76370600
2023-04-17,961.613525390625,978.7240863406362,944.5029644406139,944.5029644406139,95126600
2023-04-18,971.8799438476562,978.7241688043299,961.6136064126458,965.0357188909826,58316500
2023-04-26,988.9904174804688,999.2567539941068,965.0356322819798,971.8798566244052,81029100
2023-04-27,978.72412109375,995.8346826513331,978.72412109375,988.9904580282998,36831400
2023-04-28,978.72412109375,992.4125703398165,975.3020087822334,982.1462334052667,34379200
2023-05-02,951.34716796875,982.1461770037096,944.502943738759,978.724064888714,89157300
2023-05-03,954.769287109375,958.1913992495519,934.2366142683131,941.0808385486671,37147400
2023-05-04,944.5029907226562,954.7693275783373,937.6587661522021,951.3472152931103,38824900
2023-05-05,937.65869140625,944.5029154311133,927.3923553689554,944.5029154311133,46266300
2023-05-08,951.34716796875,958.191392198741,937.658719508768,944.502943738759,36665400
2023-05-09,968.4577026367188,978.7240387070726,951.3471425194623,954.7692545429136,50527300
2023-05-10,975.302001953125,985.5683388157894,968.4577773780153,971.8798896655701,35431700
2023-05-11,971.8799438476562,975.3020563259931,958.191493934309,975.3020563259931,30331400
2023-05-12,971.8799438476562,975.3020563259931,958.191493934309,971.8799438476562,21013200
2023-05-15,965.0357055664062,971.8799304285793,958.1914807042332,968.4578179974928,21887000
2023-05-16,944.5029907226562,968.4577767192453,941.0808784374292,965.0356644340183,32449200
2023-05-17,941.0807495117188,961.6134204101562,937.6586376953124,944.5028613281249,33364400
2023-05-19,920.5481567382812,951.3471656997851,920.5481567382814,951.3471656997851,97160000
2023-05-22,930.814453125,941.0807890050552,920.5481172449449,920.5481172449449,40540300
2023-05-23,930.814453125,954.7692368451287,930.814453125,934.2365650850185,52495500
2023-05-24,937.65869140625,944.5029154311133,930.814467381387,930.814467381387,35604900
2023-05-25,927.3922729492188,944.5028314907173,927.3922729492189,937.658608074118,42975000
2023-05-26,920.5481567382812,937.6587172724501,910.2818204177801,927.3923809519489,83956400
2023-05-29,965.0357055664062,968.4578179974928,910.2819066690215,930.8145812555408,74311900
2023-05-30,992.4125366210938,1002.6788732068293,927.392404911436,965.0356390591326,221007500
2023-05-31,978.72412109375,1009.5231318973995,978.72412109375,992.4125703398165,146850600
2023-06-05,985.5684204101562,1009.5232084062363,982.1463078392876,992.4126455518934,95912700
2023-06-06,982.1461791992188,995.8346276898002,971.8798428312826,988.9904034445095,92382600
2023-06-07,975.302001953125,988.9904511033442,971.8798896655701,982.1462265282346,75707400
2023-06-08,978.72412109375,985.5683457167833,971.8798964707169,975.3020087822334,68226300
2023-06-09,978.72412109375,985.5683457167833,971.8798964707169,978.72412109375,122205600
2023-06-12,998.507080078125,1006.1002898125594,983.3206606092562,990.9138703436906,112454600
2023-06-13,990.9138793945312,1002.3036941002155,987.1172744926365,998.5070891983207,65644800
2023-06-14,990.9138793945312,998.5070891983207,987.1172744926365,990.9138793945312,37814100
2023-06-15,998.507080078125,998.507080078125,987.1172654764734,990.9138703436906,46373500
2023-06-16,994.7105102539062,1017.4901402597209,990.9139052529371,998.5071152548753,78354800
2023-06-19,998.507080078125,1002.3036849453422,994.7104752109078,998.507080078125,21430000
2023-06-20,998.507080078125,1002.3036849453422,990.9138703436906,1002.3036849453422,29062100
2023-06-21,990.9138793945312,998.5070891983207,987.1172744926365,994.710484296426,50812300
2023-06-22,994.7105102539062,1006.1003252568136,990.9139052529371,994.7105102539062,39606400
2023-06-23,990.9138793945312,998.5070891983207,983.3206695907417,994.710484296426,54923700
2023-06-26,990.9138793945312,1002.3036941002155,990.9138793945312,994.710484296426,43970600
2023-06-27,990.9138793945312,998.5070891983207,990.9138793945312,990.9138793945312,31525100
2023-07-03,994.7105102539062,1002.3037202558444,994.7105102539062,994.7105102539062,23357300
2023-07-04,1017.4901123046875,1025.0833220980062,994.7104829247319,998.5070878213911,84555100
2023-07-05,1021.2868041992188,1032.676619859433,1017.4901989791473,1017.4901989791473,53945000
2023-07-06,1032.676513671875,1040.269723331227,1021.2866991828469,1021.2866991828469,49417600
2023-07-07,1025.0833740234375,1032.676584201389,1017.4901638454862,1032.676584201389,44673600
2023-07-10,1025.0833740234375,1036.4731892903646,1025.0833740234375,1025.0833740234375,21548600
2023-07-11,1017.4901123046875,1032.6765318913247,1009.896902511369,1028.8799269946653,63768700
2023-07-12,1017.4901123046875,1025.0833220980062,1013.6935074080283,1017.4901123046875,19325400
2023-07-13,1017.4901123046875,1025.0833220980062,1013.6935074080283,1021.2867172013468,24719700
2023-07-14,1032.676513671875,1040.269723331227,1017.4900943531709,1017.4900943531709,49051400
2023-07-17,1040.2696533203125,1047.862862468636,1032.676444171989,1036.4730487461507,31413400
2023-07-18,1036.47314453125,1040.2697494562728,1028.8799346812043,1040.2697494562728,28055500
2023-07-20,1040.2696533203125,1044.0662578944741,1032.676444171989,1032.676444171989,42831300
2023-07-21,1047.8629150390625,1055.456124568331,1040.269705509794,1047.8629150390625,46483700
2023-07-24,1059.252685546875,1070.6424993699595,1047.8628717237902,1051.6594763314852,75984500
2023-07-25,1044.0662841796875,1070.6425168678977,1044.0662841796875,1063.0493075284091,48295600
2023-07-26,1051.6595458984375,1055.4561507572766,1040.26973132192,1047.8629410395984,37891900
2023-07-27,1036.47314453125,1051.6595642313416,1036.47314453125,1051.6595642313416,46030700
2023-07-28,1040.2696533203125,1044.0662578944741,1028.8798395978274,1036.4730487461507,21640200
2023-07-31,1036.47314453125,1051.6595642313416,1036.47314453125,1040.2697494562728,44161500
2023-08-01,1051.6595458984375,1059.2527556161158,1036.473126463081,1040.26973132192,44442100
2023-08-02,1047.8629150390625,1055.456124568331,1040.269705509794,1055.456124568331,28482300
2023-08-03,1051.6595458984375,1055.4561507572766,1040.26973132192,1044.0663361807592,22444100
2023-08-04,1055.4561767578125,1070.6425965672775,1051.6595718054464,1055.4561767578125,35422100
2023-08-07,1059.252685546875,1059.252685546875,1047.8628717237902,1055.45608093918,22281000
2023-08-08,1063.0494384765625,1066.8460436139787,1059.2528333391463,1063.0494384765625,29729400
2023-08-09,1059.252685546875,1066.8458947622648,1051.6594763314852,1063.04929015457,26589000
2023-08-10,1063.0494384765625,1078.2358590262277,1055.4562282017298,1066.8460436139787,47679500
2023-08-11,1066.845947265625,1066.845947265625,1055.4561328820062,1063.0493424710855,18972200
2023-08-14,1055.4561767578125,1066.8459916149113,1047.86296685308,1066.8459916149113,28085800
2023-08-15,1108.608642578125,1116.2018524587972,1063.0493832940924,1063.0493832940924,262746900
2023-08-16,1127.5916748046875,1127.5916748046875,1101.015440044981,1112.405254941998,102759000
2023-08-18,1135.1849365234375,1135.1849365234375,1108.6087005513168,1123.7951211068143,101170200
2023-08-21,1131.38818359375,1135.1847882366822,1112.40516037909,1135.1847882366822,62274500
2023-08-22,1157.9644775390625,1161.761082383453,1119.9984290951588,1127.5916387839395,104167300
2023-08-23,1138.9813232421875,1165.5575541178384,1138.9813232421875,1157.9643452962239,56492500
2023-08-24,1101.0155029296875,1146.5747651198815,1097.2188977471715,1138.9815547548492,132043900
2023-08-25,1101.0155029296875,1116.2019236597523,1093.4222925646552,1097.2188977471715,44898100
2023-08-28,1104.81201171875,1119.9984311238188,1104.81201171875,1104.81201171875,37981500
2023-08-29,1108.608642578125,1116.2018524587972,1101.015432697453,1108.608642578125,37849600
2023-08-30,1059.252685546875,1108.6085454469085,1055.45608093918,1101.0153362315189,202713600
2023-08-31,1044.0662841796875,1063.0493075284091,1040.2696795099432,1059.2527028586649,82657400
2023-09-01,1028.8798828125,1036.473092279751,1013.693463877998,1025.0832780788744,104000800
2023-09-04,1025.0833740234375,1044.0663994683161,1017.4901638454862,1032.676584201389,55758000
2023-09-05,1025.0833740234375,1028.8799791124134,1017.4901638454862,1025.0833740234375,38652100
2023-09-06,1055.4561767578125,1063.049386662545,1032.676547043615,1032.676547043615,72923300
2023-09-07,1028.8798828125,1059.2527206815037,1028.8798828125,1059.2527206815037,55026100
2023-09-08,1028.8798828125,1036.473092279751,1025.0832780788744,1025.0832780788744,34509800
2023-09-11,1028.8798828125,1040.2696970133763,1028.8798828125,1028.8798828125,24235200
2023-09-12,1021.2868041992188,1036.4732250795046,1017.4901989791473,1028.8800146393617,32904200
2023-09-13,1089.6256103515625,1089.6256103515625,1028.8799317256914,1032.6765366398085,113703500
2023-09-14,1066.845947265625,1123.795019183719,1066.845947265625,1097.2187856219418,152279400
2023-09-15,1047.8629150390625,1082.0323579207711,1044.0663102744281,1078.2357531561368,130519100
2023-09-18,1055.4561767578125,1066.8459916149113,1047.86296685308,1055.4561767578125,41105300
2023-09-19,1051.6595458984375,1066.8459653337939,1047.8629410395984,1059.2527556161158,48876700
2023-09-20,1055.4561767578125,1078.23580647201,1051.6595718054464,1055.4561767578125,62329800
2023-09-21,1044.0662841796875,1059.2527028586649,1040.2696795099432,1059.2527028586649,32412000
2023-09-22,1047.8629150390625,1055.456124568331,1040.269705509794,1044.0663102744281,21267000
2023-09-25,1051.6595458984375,1066.8459653337939,1051.6595458984375,1051.6595458984375,37115600
2023-09-26,1051.6595458984375,1066.8459653337939,1047.8629410395984,1063.0493604749547,34450200
2023-09-27,1044.0662841796875,1059.2527028586649,1040.2696795099432,1051.6594935191763,27293700
2023-09-29,1044.0662841796875,1051.6594935191763,1044.0662841796875,1051.6594935191763,24025400
2023-10-02,1044.0662841796875,1051.6594935191763,1036.473074840199,1044.0662841796875,25032300
2023-10-03,1032.676513671875,1044.066328160903,1028.879908842199,1044.066328160903,39498600
2023-10-04,1032.676513671875,1040.269723331227,1021.2866991828469,1032.676513671875,32394600
2023-10-05,1017.4901123046875,1036.473136787984,1017.4901123046875,1032.6765318913247,35543300
2023-10-06,1028.8798828125,1040.2696970133763,1025.0832780788744,1025.0832780788744,21086700
2023-10-09,1059.252685546875,1066.8458947622648,1040.2696625084004,1040.2696625084004,58779700
2023-10-10,1063.0494384765625,1074.4392538888114,1059.2528333391463,1066.8460436139787,32079100
2023-10-11,1055.4561767578125,1078.23580647201,1055.4561767578125,1070.6425965672775,36425600
2023-10-12,1051.6595458984375,1063.0493604749547,1047.8629410395984,1059.2527556161158,23111500
2023-10-13,1063.0494384765625,1074.4392538888114,1055.4562282017298,1059.2528333391463,37702100
2023-10-16,1063.0494384765625,1078.2358590262277,1051.6596230643136,1074.4392538888114,31476200
2023-10-17,1051.6595458984375,1066.8459653337939,1040.26973132192,1066.8459653337939,25185600
2023-10-18,1051.6595458984375,1066.8459653337939,1051.6595458984375,1055.4561507572766,23690900
2023-10-19,1036.47314453125,1059.2527740813873,1036.47314453125,1051.6595642313416,20373800
2023-10-20,1032.676513671875,1044.066328160903,1028.879908842199,1036.473118501551,32566900
2023-10-23,1013.6934814453125,1040.2697150412569,1013.6934814453125,1032.6765054424156,44360300
2023-10-24,1013.6934814453125,1025.0832958435744,1013.6934814453125,1013.6934814453125,19884500
2023-10-25,1021.2868041992188,1028.8800146393617,1017.4901989791473,1017.4901989791473,20561500
2023-10-26,1006.100341796875,1025.083367113797,1002.3037367334906,1021.2867620504127,24238600
2023-10-27,1013.6934814453125,1021.2866910441537,1002.3036670470506,1009.8968766458918,21351600
2023-10-30,964.3375854492188,1006.1002367875708,964.3375854492188,1006.1002367875708,63809000
2023-10-31,952.9478759765625,971.9309013944223,926.3716403915588,964.3376912272784,79862800
2023-11-01,926.3715209960938,960.5409623443103,926.3715209960936,956.744357750064,43315900
2023-11-02,933.9647216796875,941.5579307990346,926.3715125603404,930.168117120014,30544900
2023-11-03,937.7614135742188,945.3546234007307,933.9648086609628,941.5580184874748,19185100
2023-11-06,937.7614135742188,945.3546234007307,933.9648086609628,937.7614135742188,32850400
2023-11-07,918.7783813476562,937.7614057556657,911.1851715844525,933.9648008740638,53900600
2023-11-08,865.6259155273438,914.981779131973,858.0327057420162,914.981779131973,176783700
2023-11-09,846.6428833007812,877.0157221635895,835.2530687272281,865.6259075900364,118293300
2023-11-10,854.2361450195312,869.422565375434,846.64293484158,846.64293484158,46493800
2023-11-13,854.2361450195312,865.6259602864584,839.0497246636286,854.2361450195314,31568200
2023-11-14,858.03271484375,865.6259247096239,850.439504977876,854.236109910813,33547600
2023-11-15,858.03271484375,877.0157395084346,858.03271484375,858.03271484375,50891400
2023-11-16,861.8292846679688,869.4224942245147,854.2360751114228,861.8292846679688,45567800
2023-11-17,854.2361450195312,865.6259602864584,846.64293484158,861.8293551974828,32853200
2023-11-20,869.4224853515625,877.0156948306155,854.2360663934567,854.2360663934567,37001200
2023-11-21,865.6259155273438,899.7953595613179,861.82931063468,869.4225204200076,70479900
2023-11-22,861.8292846679688,873.2190990027877,858.0326798896957,869.4224942245147,15855000
2023-11-23,869.4224853515625,873.219090091089,858.0326711329832,865.6258806120361,28595000
2023-11-24,865.6259155273438,873.2191253126714,858.0327057420162,873.2191253126714,25651100
2023-11-27,869.4224853515625,877.0156948306155,865.6258806120361,865.6258806120361,25822300
2023-11-28,858.03271484375,873.2191345754977,858.03271484375,869.4225296425608,34210000
2023-11-29,861.8292846679688,869.4224942245147,854.2360751114228,858.0326798896957,35947700
2023-11-30,846.6428833007812,865.6259075900364,846.6428833007812,861.8293027321854,45654100
2023-12-01,850.439453125,858.0326625279018,846.6428484235491,846.6428484235491,20454000
2023-12-04,854.2361450195312,865.6259602864584,850.4395399305556,850.4395399305556,29562300
2023-12-05,846.6428833007812,861.8293027321854,842.8462784429302,854.2360930164833,22683300
2023-12-06,854.2361450195312,858.032750108507,846.64293484158,850.4395399305556,31315200
2023-12-07,839.0496826171875,858.032707110789,839.0496826171875,854.2361022120688,41205800
2023-12-08,839.0496826171875,846.6428924146281,835.2530777184672,842.8462875159079,27409400
2023-12-11,839.0496826171875,858.032707110789,839.0496826171875,839.0496826171875,30755300
2023-12-12,827.6598510742188,842.8462703599843,823.8632462527775,839.0496655385429,38210400
2023-12-13,820.066650390625,827.6598601164642,816.2700455277055,827.6598601164642,23565300
2023-12-14,827.6598510742188,831.4564558956602,812.4734317884534,820.066641431336,39617200
2023-12-15,820.066650390625,839.0496747052229,820.066650390625,831.4564649793837,45073600
2023-12-18,808.6768188476562,827.6598427642679,804.8802140643339,823.8632379809455,38679600
2023-12-19,831.4564819335938,839.0496918142659,804.8802473512415,804.8802473512415,50986900
2023-12-20,839.0496826171875,850.4394973133484,835.2530777184672,839.0496826171875,38574800
2023-12-21,835.2531127929688,842.8463229092685,831.4565077348188,835.2531127929688,19298400
2023-12-22,835.2531127929688,850.4395330255682,831.4565077348188,842.8463229092685,17813700
2023-12-27,835.2531127929688,850.4395330255682,831.4565077348188,839.0497178511185,32726800
2023-12-28,858.03271484375,865.6259247096239,835.2530852461283,835.2530852461283,46711600
2023-12-29,858.03271484375,861.8293197766869,850.439504977876,858.03271484375,20038600
2024-01-02,865.6259155273438,877.0157302053351,854.2361008493524,858.0327057420162,40931000
2024-01-03,861.8292846679688,865.6258894462417,858.0326798896957,865.6258894462417,19881900
2024-01-04,869.4224853515625,873.219090091089,861.8292758725096,865.6258806120361,27527500
2024-01-05,880.8123779296875,888.4055880842537,865.6259576205549,873.2191677751212,63283500
2024-01-08,861.8292846679688,884.6089133376066,861.8292846679688,880.8123085593337,33040100
2024-01-09,858.03271484375,865.6259247096239,854.236109910813,861.8293197766869,16679900
2024-01-10,861.8292846679688,873.2190990027877,861.8292846679688,861.8292846679688,19067300
2024-01-11,861.8292846679688,869.4224942245147,858.0326798896957,861.8292846679688,19242400
2024-01-12,865.6259155273438,869.4225204200076,861.82931063468,865.6259155273438,14587700
2024-01-15,877.0157470703125,880.8123520359848,869.4225371389678,869.4225371389678,22866600
2024-01-16,884.60888671875,888.405491382779,873.2190727266632,877.0156773906921,27283100
2024-01-17,865.6259155273438,903.5919644539816,865.6259155273438,880.8123350979989,86627700
2024-01-18,865.6259155273438,869.4225204200076,858.0327057420162,865.6259155273438,26742000
2024-01-19,873.2191162109375,884.6089307702106,861.8293016516643,865.6259065047553,21879000
2024-01-22,850.439453125,873.2190813337054,842.8462437220983,869.4224766322545,43027200
2024-01-23,846.6428833007812,858.0326978743343,842.8462784429302,850.4394881586322,23022900
2024-01-24,854.2361450195312,858.032750108507,842.8463297526042,850.4395399305556,14489400
2024-01-25,861.8292846679688,873.2190990027877,846.6428655548767,850.4394703331498,28022000
2024-01-26,858.03271484375,869.4225296425608,854.236109910813,869.4225296425608,13384400
2024-01-29,858.03271484375,865.6259247096239,850.439504977876,861.8293197766869,11153500
2024-01-30,846.6428833007812,858.0326978743343,846.6428833007812,858.0326978743343,11338700
2024-01-31,884.60888671875,892.202096046808,850.4394447424893,850.4394447424893,74315900
2024-02-01,880.8123779296875,907.3886134706694,869.4225626978381,888.4055880842537,90318800
2024-02-02,861.8292846679688,884.6089133376066,858.0326798896957,880.8123085593337,33021000
2024-02-05,865.6259155273438,877.0157302053351,858.0327057420162,865.6259155273438,31003800
2024-02-06,877.0157470703125,884.6089570016571,869.4225371389678,869.4225371389678,26223000
2024-02-07,877.0157470703125,880.8123520359848,869.4225371389678,877.0157470703125,21206000
2024-02-12,880.8123779296875,884.6089830069706,865.6259576205549,877.0157728524043,28142600
2024-02-13,873.2191162109375,880.8123259171196,869.4225113578464,880.8123259171196,21885800
2024-02-15,888.4055786132812,899.795393723708,877.0157635028546,880.8123685396635,49913200
2024-02-16,892.2020874023438,895.9986920295877,888.4054827750997,888.4054827750997,33621400
2024-02-19,895.998779296875,899.7953842938956,884.6089643058131,899.7953842938956,31611300
2024-02-20,884.60888671875,899.795305374866,880.8122820547211,880.8122820547211,35099600
2024-02-21,895.998779296875,918.7784092789989,888.4055693028337,888.4055693028337,75502700
2024-02-22,892.2020874023438,911.1851105385638,888.4054827750997,903.5919012840758,35009800
2024-02-23,880.8123779296875,899.7954033161031,877.0157728524043,899.7954033161031,40001200
2024-02-26,861.8292846679688,880.8123085593337,858.0326798896957,880.8123085593337,64215800
2024-02-27,854.2361450195312,865.6259602864584,850.4395399305556,865.6259602864584,71324300
2024-02-28,846.6428833007812,854.2360930164833,839.0496735850792,854.2360930164833,72494800
2024-02-29,827.6598510742188,846.6428751814257,827.6598510742188,846.6428751814257,131990000
2024-03-01,839.0496826171875,842.8462875159079,827.6598679210266,827.6598679210266,53595600
2024-03-04,850.439453125,854.236057826451,842.8462437220983,842.8462437220983,27121900
2024-03-05,850.439453125,854.236057826451,842.8462437220983,854.236057826451,20025800
2024-03-06,846.6428833007812,858.0326978743343,846.6428833007812,850.4394881586322,22284300
2024-03-07,846.6428833007812,854.2360930164833,842.8462784429302,850.4394881586322,40723400
2024-03-08,861.8292846679688,865.6258894462417,846.6428655548767,846.6428655548767,35806700
2024-03-13,884.60888671875,911.1851193669529,869.4224680626342,869.4224680626342,162022400
2024-03-14,907.3885498046875,911.1851546155858,877.0157113175013,888.4055257501961,106491200
2024-03-15,937.7614135742188,964.3376479670104,903.5919693549152,911.1851791814272,225400300
2024-03-18,941.5579833984375,952.9477977137411,933.9647738549016,937.7613786266696,45031900
2024-03-19,971.9307861328125,990.9138092994689,941.5579490661621,945.3545536994934,127014300
2024-03-20,975.7274780273438,994.710502891689,964.3376631087367,979.5240830002128,58557300
2024-03-21,1013.6934814453125,1021.2866910441537,979.5240382505266,979.5240382505266,96375600
2024-03-22,1002.3036499023438,1013.6934641057794,990.913835698908,1013.6934641057794,37554500
2024-03-25,1025.0833740234375,1028.8799791124134,994.710533311632,1028.8799791124134,51550500
2024-03-26,1017.4901123046875,1036.473136787984,1009.896902511369,1036.473136787984,47341100
2024-03-27,1028.8798828125,1040.2696970133763,1013.693463877998,1017.4900686116235,58354400
2024-03-28,1032.676513671875,1051.659537820255,1017.4900943531709,1028.879908842199,71277400
2024-04-01,1028.8798828125,1047.8629064806273,998.5070449434962,1032.6764875461254,53047500
2024-04-02,1017.4901123046875,1032.6765318913247,1013.6935074080283,1028.8799269946653,30974000
2024-04-03,1036.47314453125,1047.8629593063188,1013.6935149811127,1017.4901199061355,62275600
2024-04-04,1040.2696533203125,1047.862862468636,1025.0832350236656,1036.4730487461507,40188800
2024-04-05,1044.0662841796875,1044.0662841796875,1036.473074840199,1040.2696795099432,17318100
2024-04-16,1040.2696533203125,1070.6424899136064,1036.4730487461507,1040.2696533203125,91478600
2024-04-17,1055.4561767578125,1066.8459916149113,1040.2697569483475,1047.86296685308,42969400
2024-04-18,1044.0662841796875,1059.2527028586649,1036.473074840199,1055.4560981889206,32568400
2024-04-19,1025.0833740234375,1044.0663994683161,1021.2867689344619,1044.0663994683161,41564600
2024-04-22,1017.4901123046875,1044.0663465813025,1017.4901123046875,1028.8799269946653,31310800
2024-04-23,1040.2696533203125,1051.6594670427976,1021.2866304495038,1025.0832350236656,44447400
2024-04-24,1006.100341796875,1047.8629974941039,998.5071316701061,1044.0663924307194,33010100
2024-04-25,1002.3036499023438,1013.6934641057794,979.5240214954723,1006.1002546368223,45248200
2024-04-26,971.9307861328125,1006.1002278327941,968.1341814994812,1006.1002278327941,38713100
2024-04-29,1002.3036499023438,1009.8968593713008,975.7274167609937,983.3206262299509,38054700
2024-04-30,1116.201904296875,1127.591719646843,1074.4392480136585,1085.8290633636266,260115900
2024-05-02,1108.608642578125,1108.608642578125,1078.2358030554367,1097.218827757117,73186400
2024-05-03,1150.3712158203125,1150.3712158203125,1108.6085644208952,1112.4051690935694,112891800
2024-05-06,1142.778076171875,1161.7611006930026,1123.7950516507476,1157.964495788777,46006100
2024-05-07,1138.9813232421875,1142.7779276529948,1123.7949055989584,1142.7779276529948,38240500
2024-05-08,1154.1678466796875,1154.1678466796875,1119.9984038503546,1135.1848228856138,59500300
2024-05-13,1154.1678466796875,1161.761056197317,1138.9814276444285,1154.1678466796875,40059200
2024-05-14,1123.7950439453125,1142.7780683362807,1089.62560004157,1138.981463458087,75312700
2024-05-15,1127.5916748046875,1146.5746996330492,1116.2018599076705,1123.795069839015,29779500
2024-05-16,1135.1849365234375,1142.7781468011863,1127.5917262456887,1131.3883313845631,20135100
2024-05-17,1150.3712158203125,1154.1678204929867,1135.1847971296152,1138.9814018022896,24621800
2024-05-20,1195.9305419921875,1214.913566468254,1154.1678881448413,1157.9644930400545,127570400
2024-05-21,1188.33740234375,1214.9136381789137,1176.9475869858227,1207.3204279402955,43311900
2024-05-22,1207.3203125,1226.3033362814465,1188.3372887185533,1188.3372887185533,72382300
2024-05-27,1199.7271728515625,1211.1169877836976,1180.7441479646707,1207.3203828063192,43823100
2024-05-28,1241.48974609375,1245.2863508218654,1192.1338846282492,1207.3203035407112,75529800
2024-05-29,1222.5067138671875,1241.489737374442,1211.116899762835,1241.489737374442,47165900
2024-05-30,1241.48974609375,1252.8795602780963,1188.3372799001338,1226.3033271812883,99720600
2024-05-31,1199.7271728515625,1241.4898276027245,1199.7271728515625,1241.4898276027245,65354200
2024-06-03,1207.3203125,1230.0999410377358,1207.3203125,1214.9135220125786,37183600
2024-06-04,1230.0999755859375,1237.6931853117767,1214.9135561342594,1218.710160997179,67744600
2024-06-05,1203.5238037109375,1233.8966441831378,1195.9305935928874,1230.1000391241128,61844400
2024-06-06,1218.710205078125,1218.710205078125,1203.5237850771514,1207.320390077395,46979000
2024-06-07,1207.3203125,1226.3033362814465,1203.5237077437107,1218.710126768868,71486800
2024-06-10,1201.714599609375,1231.0247117949696,1197.5274407257186,1231.0247117949696,83519000
2024-06-11,1201.714599609375,1222.6503940276568,1201.714599609375,1205.9017584930314,65956400
2024-06-12,1172.404541015625,1205.9018136160714,1168.217381940569,1201.7146545410155,53998900
2024-06-13,1205.90185546875,1214.2761739095051,1180.7789001464844,1180.7789001464844,47466200
2024-06-14,1189.1531982421875,1222.6504714321081,1176.5917207959671,1214.276153134628,53300600
2024-06-19,1180.77880859375,1201.7146030723625,1168.2173319065823,1197.52744417664,19440800
2024-06-20,1197.5274658203125,1214.2761017059113,1180.7788299347137,1180.7788299347137,32866900
2024-06-21,1260.3348388671875,1277.083474599642,1193.3402959373702,1201.7146138035976,108675300
2024-06-24,1281.2706298828125,1289.6449477251838,1251.960517434513,1260.3348352768842,53635200
2024-06-25,1302.2064208984375,1302.2064208984375,1281.2706263502312,1285.4577852598725,36860400
2024-06-26,1293.8321533203125,1306.3936305370146,1272.8963579591425,1302.2064714647806,22730900
2024-06-27,1289.6448974609375,1298.0192149769175,1281.2705799449573,1293.8320562189274,22925000
2024-06-28,1289.6448974609375,1306.3935324928977,1281.2705799449573,1285.4577387029474,28690500
2024-07-01,1293.8321533203125,1298.0193123925467,1264.5220398146744,1289.6449942480785,26923500
2024-07-02,1331.5164794921875,1331.5164794921875,1285.4577333462314,1293.8320508273143,84257900
2024-07-03,1339.890869140625,1352.4523460388184,1318.9550743103027,1331.5165512084961,68227300
2024-07-04,1339.890869140625,1356.6395050048827,1331.5165512084961,1348.2651870727539,39504900
2024-07-05,1348.26513671875,1356.6394543381211,1339.8908190993789,1339.8908190993789,30695500
2024-07-08,1360.8265380859375,1365.0136966646635,1339.8907451923076,1339.8907451923076,27908600
2024-07-09,1268.7091064453125,1348.265123021091,1264.5219476781663,1344.0779642539449,141698200
2024-07-10,1272.896240234375,1293.8320336592826,1260.3347641794305,1277.0833989193566,91788900
2024-07-11,1306.3935546875,1310.5807135166267,1277.0834428836138,1281.2706017127405,54170100
2024-07-12,1323.1422119140625,1327.3293708125248,1306.3935763202137,1310.580735218676,30054600
2024-07-15,1323.1422119140625,1335.7036886094493,1306.3935763202137,1327.3293708125248,17056600
2024-07-16,1348.26513671875,1369.2009307671779,1323.1421838606366,1323.1421838606366,55415500
2024-07-17,1356.6395263671875,1365.0138444311824,1352.45236733519,1365.0138444311824,26276100
2024-07-18,1352.452392578125,1360.826710798423,1348.265233467976,1356.639551688274,16959100
2024-07-19,1335.7037353515625,1365.013848666487,1323.1422582165949,1356.6395305765086,22147100
2024-07-22,1352.452392578125,1356.639551688274,1335.703756137529,1344.0780743578268,13980300
2024-07-23,1335.7037353515625,1356.6395305765086,1335.7037353515625,1344.078053441541,16005600
2024-07-24,1327.3294677734375,1339.8909453864353,1318.9551493647723,1335.7037861821027,19525300
2024-07-25,1302.2064208984375,1339.890851085209,1298.0192619887962,1327.3293743562851,43484500
2024-07-26,1323.1422119140625,1335.7036886094493,1310.580735218676,1310.580735218676,23660700
2024-07-29,1344.0780029296875,1344.0780029296875,1327.3293673791618,1331.5165262667933,26796400
2024-07-30,1344.0780029296875,1348.265161817319,1327.3293673791618,1344.0780029296875,23602800
2024-07-31,1339.890869140625,1352.4523460388184,1331.5165512084961,1352.4523460388184,20831400
2024-08-01,1331.5164794921875,1344.077955713812,1331.5164794921875,1339.8907969732704,14582700
2024-08-02,1327.3294677734375,1348.2652637951005,1327.3294677734375,1327.3294677734375,21969200
2024-08-05,1281.2706298828125,1327.329378015855,1260.3348352768842,1327.329378015855,73254900
2024-08-06,1285.457763671875,1302.2063990291633,1268.7091283145867,1281.2706048325529,34932500
2024-08-07,1302.2064208984375,1306.3935798080788,1281.2706263502312,1281.2706263502312,35799000
2024-08-08,1310.580810546875,1323.142287964257,1298.0193331294927,1298.0193331294927,24638200
2024-08-09,1314.767822265625,1335.7036156138038,1293.8320289174462,1318.9549809352607,29247700
2024-08-12,1327.3294677734375,1331.51662697777,1306.3936717517745,1318.9551493647723,19668500
2024-08-13,1331.5164794921875,1348.2651144543534,1310.5806857894802,1335.703638232729,51526600
2024-08-14,1356.6395263671875,1356.6395263671875,1335.7037312072,1339.8908902391975,26875400
2024-08-15,1344.0780029296875,1356.639479592582,1335.7036851544246,1356.639479592582,23738300
2024-08-16,1339.890869140625,1356.6395050048827,1339.890869140625,1352.4523460388184,14691700
2024-08-19,1369.200927734375,1394.3238805368405,1339.8908161314985,1339.8908161314985,77167200
2024-08-20,1369.200927734375,1381.7624041356078,1348.2651337323205,1377.575245335197,46639900
2024-08-21,1352.452392578125,1369.2010290187209,1344.0780743578268,1369.2010290187209,38132800
2024-08-22,1365.0137939453125,1373.3881116995783,1331.5165229282497,1352.452317313914,41605500
2024-08-23,1415.259765625,1415.259765625,1365.0138567862425,1369.201015856139,91590300
2024-08-26,1406.8853759765625,1423.6340114048548,1394.3238994053431,1419.4468525477819,32651400
2024-08-27,1323.1422119140625,1385.949595390996,1314.767894117138,1385.949595390996,245090600
2024-08-28,1318.955078125,1327.3293960813492,1306.3936011904761,1327.3293960813492,50373900
2024-08-29,1298.019287109375,1327.3294000441028,1293.8321281186995,1323.1422410534274,56221600
2024-08-30,1289.6448974609375,1306.3935324928977,1277.0834211869671,1298.0192149769175,51704200
2024-09-02,1293.8321533203125,1306.3936305370146,1285.4578351758446,1289.6449942480785,54339300
2024-09-03,1302.2064208984375,1314.7678976273614,1293.8321030791549,1293.8321030791549,34002800
2024-09-04,1277.08349609375,1298.0192911116803,1277.08349609375,1293.8321321080944,32173900
2024-09-05,1281.2706298828125,1293.8321066463695,1277.083470961627,1281.2706298828125,28644900
2024-09-06,1268.7091064453125,1285.4577415138974,1264.5219476781663,1268.7091064453125,54463200
2024-09-09,1264.52197265625,1277.0834492058154,1260.334813806395,1268.7091315061052,43776100
2024-09-10,1235.2119140625,1268.7091863082626,1231.0247550317797,1264.5220272775423,108187600
2024-09-11,1243.586181640625,1251.9604993621106,1235.2118639191392,1239.3990227798822,39112500
2024-09-12,1251.9605712890625,1264.522048592966,1235.2119348838576,1243.58625308646,45904300
2024-09-13,1251.9605712890625,1264.522048592966,1239.3990939851587,1260.3348894916649,44835200
2024-09-17,1251.9605712890625,1260.3348894916649,1243.58625308646,1251.9605712890625,29029600
2024-09-18,1256.1475830078125,1260.3347416178385,1251.9604243977865,1256.1475830078125,28006500
2024-09-19,1239.3990478515625,1256.1476836333404,1231.0247299606735,1251.960524687896,77043300
2024-09-20,1247.7733154296875,1247.7733154296875,1201.714568886981,1235.2118390998585,115453800
2024-09-23,1247.7733154296875,1256.1476329829068,1235.2118390998585,1247.7733154296875,35961900
2024-09-24,1243.586181640625,1256.1476582228536,1239.3990227798822,1256.1476582228536,47845800
2024-09-25,1231.0247802734375,1256.1477349728953,1222.6504620402848,1247.7734167397427,48215700
2024-09-26,1239.3990478515625,1239.3990478515625,1226.837571015229,1235.211888906118,28541500
2024-09-27,1231.0247802734375,1243.5862576231664,1226.8376211568611,1239.39909850659,36651900
2024-09-30,1201.714599609375,1243.5861884459387,1201.714599609375,1235.211870678626,73179900
2024-10-01,1214.276123046875,1218.4632820918644,1201.7146459119074,1205.9018049568965,36017600
2024-10-02,1205.90185546875,1231.0248107910156,1197.5275370279949,1214.2761739095051,68416800
2024-10-03,1222.650390625,1226.8375494970035,1205.9017551369864,1210.0889140089898,37875200
2024-10-04,1256.1475830078125,1268.7090588378906,1222.6503141276041,1226.8374727376302,126456400
2024-10-07,1260.3348388671875,1285.457792465869,1256.147679934074,1268.7091567334148,67435900
2024-10-08,1260.3348388671875,1264.521997800301,1243.5862031347333,1260.3348388671875,60413800
2024-10-09,1260.3348388671875,1268.7091567334148,1247.7733620678468,1264.521997800301,29862500
2024-10-10,1260.3348388671875,1264.521997800301,1247.7733620678468,1264.521997800301,33954900
2024-10-11,1272.896240234375,1289.644874974301,1260.3347641794305,1264.521922864412,50007400
2024-10-14,1293.8321533203125,1302.2064714647806,1268.7091988869086,1281.2706761036104,83492600
2024-10-15,1281.2706298828125,1298.0192655675553,1277.083470961627,1293.8321066463695,36778700
2024-10-16,1293.8321533203125,1293.8321533203125,1260.3348807424404,1281.2706761036104,63614300
2024-10-17,1285.457763671875,1302.2063990291633,1277.0834459932307,1298.0192401898412,55425900
2024-10-18,1277.08349609375,1285.4578141009222,1264.5220190829918,1285.4578141009222,33027000
2024-10-21,1293.8321533203125,1302.2064714647806,1268.7091988869086,1277.0835170313765,49300700
2024-10-22,1293.8321533203125,1306.3936305370146,1285.4578351758446,1298.0193123925467,33481100
2024-10-23,1298.019287109375,1314.7679230720767,1289.644969128024,1298.019287109375,57763200
2024-10-24,1281.2706298828125,1302.2064244887408,1281.2706298828125,1302.2064244887408,25520800
2024-10-25,1256.1475830078125,1285.4576932779948,1256.1475830078125,1281.2705346679688,32979100
2024-10-28,1256.1475830078125,1264.5219002278645,1247.7732657877605,1247.7732657877605,20382900
2024-10-29,1251.9605712890625,1264.522048592966,1243.58625308646,1260.3348894916649,18544400
2024-10-30,1260.3348388671875,1268.7091567334148,1235.2118852685062,1251.9605210009604,26041500
2024-10-31,1310.580810546875,1310.580810546875,1260.3349008773462,1264.5220600164737,88125000
2024-11-01,1281.2706298828125,1314.7679012522979,1281.2706298828125,1310.580742331112,29992000
2024-11-04,1264.52197265625,1281.2706080556707,1256.1476549565398,1281.2706080556707,29052300
2024-11-05,1268.7091064453125,1277.083423979605,1260.33478891102,1264.5219476781663,13911300
2024-11-06,1268.7091064453125,1281.2705827467512,1260.33478891102,1268.7091064453125,24517100
2024-11-07,1306.3935546875,1318.9550311748799,1268.7091252253606,1268.7091252253606,81339500
2024-11-08,1281.2706298828125,1314.7679012522979,1272.8963120404412,1314.7679012522979,30071700
2024-11-11,1251.9605712890625,1281.270684998171,1231.0247757825564,1281.270684998171,47646800
2024-11-12,1277.08349609375,1281.270655097336,1247.7733830686475,1251.9605420722337,30609800
2024-11-13,1260.3348388671875,1277.083474599642,1260.3348388671875,1277.083474599642,11183900
2024-11-14,1239.3990478515625,1264.5220015242294,1239.3990478515625,1260.334842578785,22082800
2024-11-15,1243.586181640625,1256.1476582228536,1239.3990227798822,1239.3990227798822,9712600
2024-11-18,1226.8375244140625,1251.9604771324393,1222.6503656276664,1247.7733183460432,12951400
2024-11-19,1260.3348388671875,1260.3348388671875,1231.0247263353924,1235.2118852685062,13026100
2024-11-20,1247.7733154296875,1264.5219505361263,1243.5861566530778,1260.3347917595165,8252700
2024-11-21,1251.9605712890625,1264.522048592966,1251.9605712890625,1256.1477303903637,13457900
2024-11-22,1251.9605712890625,1268.7092076942672,1247.7734121877613,1264.522048592966,17575800
2024-11-25,1314.767822265625,1318.9549809352607,1256.1476008907246,1260.3347595603602,84402100
2024-11-26,1285.457763671875,1318.9550343864514,1285.457763671875,1314.7678755471295,27779100
2024-11-28,1289.6448974609375,1298.0192149769175,1277.0834211869671,1293.8320562189274,15009700
2024-11-29,1272.896240234375,1302.2063510292455,1268.7090815493934,1298.019192344264,21351100
2024-12-02,1314.767822265625,1314.767822265625,1277.083394238903,1289.6448702478106,52765000
2024-12-03,1327.3294677734375,1327.3294677734375,1293.8321941387767,1314.7679901604397,48698500
2024-12-04,1335.7037353515625,1335.7037353515625,1310.5807810816273,1327.329417261584,50400300
2024-12-05,1314.767822265625,1331.5164569441679,1306.3935049263534,1327.3292982745322,24072400
2024-12-06,1360.8265380859375,1369.2008552433892,1310.580635141226,1318.9549522986779,58566300
2024-12-09,1394.3238525390625,1394.3238525390625,1360.8265828083943,1360.8265828083943,62431500
2024-12-10,1331.5164794921875,1390.136701859768,1331.5164794921875,1390.136701859768,48882900
2024-12-11,1344.0780029296875,1360.8266384802132,1327.3293673791618,1331.5165262667933,59048300
2024-12-12,1352.452392578125,1365.013869908572,1344.0780743578268,1348.265233467976,29522000
2024-12-13,1344.0780029296875,1360.8266384802132,1331.5165262667933,1356.639479592582,23107900
2024-12-16,1318.955078125,1344.0780319940477,1310.5807601686508,1344.0780319940477,17185900
2024-12-17,1277.08349609375,1331.5165631403688,1268.7091780865778,1327.3294041367828,29877000
2024-12-18,1298.019287109375,1310.5807640814012,1277.0834921559979,1277.0834921559979,23509500
2024-12-19,1285.457763671875,1310.5807167078074,1268.7091283145867,1298.0192401898412,24710900
2024-12-20,1298.019287109375,1314.7679230720767,1285.4578101373488,1285.4578101373488,30614300
2024-12-23,1306.3935546875,1318.9550311748799,1289.6449193709936,1302.2063958583735,18652900
2024-12-24,1293.8321533203125,1314.7679486814827,1289.6449942480785,1310.5807896092488,12557200
2024-12-27,1331.5164794921875,1339.8907969732704,1302.2063683083973,1302.2063683083973,20144800
2024-12-30,1331.5164794921875,1348.2651144543534,1323.1421620111046,1339.8907969732704,22306500
2025-01-02,1348.26513671875,1348.26513671875,1331.5165014800077,1348.26513671875,18989200
2025-01-03,1335.7037353515625,1356.6395305765086,1335.7037353515625,1348.2652124865301,18495500
2025-01-06,1436.1954345703125,1444.569751973055,1335.7036257374043,1335.7036257374043,159352500
2025-01-07,1377.5751953125,1440.382575037994,1369.2008780157676,1440.382575037994,66967600
2025-01-08,1394.3238525390625,1406.885328688063,1373.3880589573948,1373.3880589573948,25784000
2025-01-09,1402.6982421875,1415.259718983209,1381.7624475279852,1394.323924323694,29178300
2025-01-10,1427.8211669921875,1432.008325839672,1402.698213907281,1402.698213907281,38298100
2025-01-13,1436.1954345703125,1444.569751973055,1415.2596410634567,1427.8211171675703,40585600
2025-01-14,1385.9495849609375,1440.3826502313066,1385.9495849609375,1440.3826502313066,38453400
2025-01-15,1385.9495849609375,1402.6982204287433,1381.762426093986,1385.9495849609375,19889800
2025-01-16,1377.5751953125,1402.6981472026976,1373.3880366641338,1398.5109885543313,23295200
2025-01-17,1365.0137939453125,1390.1367472081097,1356.6394761910467,1385.949588330977,24404700
2025-01-20,1348.26513671875,1381.7624071962343,1335.7036602896933,1360.8266131478067,27396800
2025-01-21,1348.26513671875,1365.0137719574923,1339.8908190993789,1356.6394543381211,13780400
2025-01-22,1327.3294677734375,1360.8267414080985,1323.142308569105,1356.6395822037657,19929500
2025-01-23,1381.762451171875,1390.1367690577652,1335.703702799479,1348.2651796283144,36992500
2025-01-24,1381.762451171875,1398.5110869436553,1365.0138154000947,1385.94961011482,25240000
2025-01-30,1365.0137939453125,1381.7624294538439,1348.2651584367811,1381.7624294538439,15516700
2025-01-31,1339.890869140625,1369.2009819030761,1335.7037101745605,1369.2009819030761,30190500
2025-02-03,1331.5164794921875,1344.077955713812,1306.3935270489387,1339.8907969732704,21401500
2025-02-04,1327.3294677734375,1356.6395822037657,1323.142308569105,1339.8909453864353,9938300
2025-02-05,1365.0137939453125,1369.2009528224453,1344.0779995596483,1365.0137939453125,33165300
2025-02-06,1310.580810546875,1373.388197633786,1310.580810546875,1369.2010384946584,22370800
2025-02-07,1318.955078125,1335.7037140376985,1281.2706473214287,1310.5807601686508,19952200
2025-02-10,1335.7037353515625,1356.6395305765086,1306.393622036638,1318.9550991716058,23764300
2025-02-11,1365.0137939453125,1385.949588330977,1344.0779995596483,1344.0779995596483,43807400
2025-02-12,1373.38818359375,1381.762501786395,1356.6395472084605,1373.38818359375,20008400
2025-02-13,1360.8265380859375,1385.9494895582932,1344.0779037710336,1373.3880138221152,41667900
2025-02-14,1377.5751953125,1390.136671257599,1360.826560719035,1365.0137193674013,23390200
2025-02-17,1411.072509765625,1415.2596685483124,1369.200921938752,1381.7623982868138,22340400
2025-02-18,1423.634033203125,1436.195509966682,1411.072556439568,1411.072556439568,28874000
2025-02-19,1411.072509765625,1432.0083036790616,1398.511033417563,1432.0083036790616,20119600
2025-02-20,1411.072509765625,1423.633986113687,1402.6981922002503,1411.072509765625,13862000
2025-02-21,1390.13671875,1411.0725127070784,1377.575242375753,1411.0725127070784,14786000
2025-02-24,1394.3238525390625,1432.0082809860642,1373.3880589573948,1385.9495351063954,11261400
2025-02-25,1369.200927734375,1406.8853569380735,1352.4522925327312,1406.8853569380735,19998400
2025-02-26,1352.452392578125,1390.136824569466,1327.329437917231,1377.5753472390188,21624900
2025-02-27,1281.2706298828125,1352.4523315429688,1260.3348352768842,1335.7036958582262,73543200
2025-02-28,1260.3348388671875,1298.01926926521,1239.3990442016197,1272.8963156665284,43721600
2025-03-03,1272.896240234375,1285.4577162893195,1251.9604468094676,1256.147605494449,34176400
2025-03-04,1272.896240234375,1285.4577162893195,1260.3347641794305,1272.896240234375,27451200
2025-03-05,1272.896240234375,1310.5806683992084,1260.3347641794305,1272.896240234375,32786900
2025-03-06,1260.3348388671875,1289.6449513989826,1260.3348388671875,1277.083474599642,50714000
2025-03-07,1264.52197265625,1277.0834492058154,1256.1476549565398,1264.52197265625,11712400
2025-03-10,1243.586181640625,1281.2706113873105,1239.3990227798822,1281.2706113873105,43077600
2025-03-11,1214.276123046875,1243.5862363617996,1210.0889640018859,1239.3990773168105,44526500
2025-03-12,1264.52197265625,1272.8962903559602,1226.837543007554,1226.837543007554,45179100
2025-03-13,1302.2064208984375,1327.3293743562851,1268.7091496213072,1272.8963085309485,63285800
2025-03-14,1285.457763671875,1310.5807167078074,1281.2706048325529,1310.5807167078074,35398200
2025-03-17,1277.08349609375,1314.7679271260247,1268.7091780865778,1314.7679271260247,39754100
2025-03-18,1264.52197265625,1289.6449257553809,1222.6503841576987,1289.6449257553809,41412500
2025-03-19,1256.1475830078125,1277.0833760579426,1247.7732657877605,1264.5219002278645,22820400
2025-03-20,1289.6448974609375,1302.2063737349076,1256.147627397017,1256.147627397017,43586500
2025-03-21,1289.6448974609375,1298.0192149769175,1260.3347861550071,1285.4577387029474,182221200
2025-03-24,1277.08349609375,1310.5807681224385,1264.5220190829918,1289.6449731045082,24988100
2025-03-25,1256.1475830078125,1293.8320104980469,1256.1475830078125,1293.8320104980469,32498000
2025-03-26,1298.019287109375,1323.1422410534274,1260.3348561932962,1260.3348561932962,47414500
2025-03-27,1302.2064208984375,1314.7678976273614,1293.8321030791549,1302.2064208984375,19119500
2025-04-08,1210.0888671875,1239.3989781574394,1193.3402323475345,1214.2760258974913,63430400
2025-04-09,1247.7733154296875,1247.7733154296875,1205.9017276635907,1210.0888864402002,43725000
2025-04-10,1298.019287109375,1314.7679230720767,1277.0834921559979,1277.0834921559979,34754100
2025-04-11,1323.1422119140625,1331.516529710987,1281.2706229294404,1298.0192585232892,16478400
2025-04-14,1373.38818359375,1381.762501786395,1327.3294335342036,1327.3294335342036,23460700
2025-04-15,1411.072509765625,1419.4468273309997,1381.7623982868138,1381.7623982868138,33703200
2025-04-16,1398.5111083984375,1411.0725854199804,1377.5753133625328,1402.6982674056185,28370500
2025-04-17,1402.6982421875,1406.885401119403,1385.949606459888,1398.511083255597,10827500
2025-04-21,1406.8853759765625,1411.0725348336357,1390.1367405482702,1402.6982171194895,8551100
2025-04-22,1402.6982421875,1415.259718983209,1398.511083255597,1411.072560051306,13810700
2025-04-23,1436.1954345703125,1478.0670215840244,1411.0724823620856,1415.2596410634567,49755300
2025-04-24,1482.254150390625,1503.1899434752384,1444.569722838321,1448.7568814552435,76104800
2025-04-25,1444.56982421875,1494.8157311480977,1432.008347486413,1490.6285722373188,67658200
2025-04-28,1432.0084228515625,1452.9442185072871,1423.6341045892727,1444.5699002449974,51689100
2025-04-29,1440.3826904296875,1452.944167381109,1432.0083724620729,1440.3826904296875,33941700
2025-04-30,1411.072509765625,1423.633986113687,1360.8266043733772,1381.7623982868138,105786900
2025-05-02,1369.200927734375,1415.2596745388953,1369.200927734375,1411.0725157384843,56084000
2025-05-05,1365.0137939453125,1381.7624294538439,1365.0137939453125,1373.3881116995783,32208900
2025-05-06,1356.6395263671875,1369.2010034631799,1348.2652083031926,1365.0138444311824,38047300
2025-05-07,1369.200927734375,1377.575245335197,1356.6394513331422,1365.013768933964,59351500
2025-05-08,1339.890869140625,1377.575299835205,1339.890869140625,1369.2009819030761,63549600
2025-05-09,1344.0780029296875,1356.639479592582,1335.7036851544246,1348.265161817319,29456400
2025-05-14,1390.13671875,1394.3238775414156,1352.452289627259,1352.452289627259,65241300
2025-05-15,1394.3238525390625,1406.885328688063,1373.3880589573948,1394.3238525390625,60188100
2025-05-16,1415.259765625,1432.0084019045858,1381.7624930658283,1402.6982884153106,59109700
2025-05-19,1457.13134765625,1465.5056657462285,1423.6340752963363,1423.6340752963363,109661400
2025-05-20,1444.56982421875,1486.4414133265398,1444.56982421875,1465.5056187726448,63617200
2025-05-21,1461.3184814453125,1478.0671173358032,1432.008368636954,1461.3184814453125,80257200
2025-05-22,1507.377197265625,1519.9386739095053,1452.9441318088109,1461.3184495713977,135348700
2025-05-23,1482.254150390625,1499.0027848583156,1478.0669917737023,1494.815626241393,54946000
2025-05-26,1519.938720703125,1519.938720703125,1478.0671306011104,1494.8157666419163,76740100
2025-05-27,1528.31298828125,1540.8744648972604,1503.1900350492294,1528.31298828125,74236900
2025-05-28,1524.1258544921875,1586.9332386058766,1515.7515366103623,1540.8744902558378,293189500
2025-06-02,1524.1258544921875,1540.8744902558378,1515.7515366103623,1532.5001723740127,68459800
2025-06-03,1553.43603515625,1561.8103534050708,1515.7516030365566,1536.6873986586086,67261200
2025-06-04,1540.87451171875,1565.9974657141645,1528.3130347210429,1561.8103067149286,48378500
2025-06-05,1536.6873779296875,1549.2488551334725,1524.1259007259025,1545.061696065544,37769600
2025-06-10,1570.1846923828125,1586.9333291015625,1540.874578125,1545.0617373046875,117597000
2025-06-11,1578.5589599609375,1582.7461190059269,1557.6231647359914,1574.3718009159484,158767600
2025-06-12,1557.3135986328125,1594.3924938383557,1557.3135986328125,1589.7576319376628,153459400
2025-06-13,1548.0439453125,1575.8531179827844,1538.774221089072,1566.5833937593563,70277200
2025-06-16,1561.948486328125,1599.0273821460032,1548.0439003964207,1571.2182102825946,96290000
2025-06-17,1561.948486328125,1580.487934237064,1548.0439003964207,1580.487934237064,36250600
2025-06-18,1548.0439453125,1580.4879800944987,1538.774221089072,1575.8531179827844,49528600
2025-06-19,1524.86962890625,1557.3136635638298,1501.6953184365502,1557.3136635638298,54367500
2025-06-20,1473.8861083984375,1524.8695901354904,1473.8861083984375,1520.2347281593948,133442500
2025-06-23,1497.0604248046875,1529.504458778783,1473.8861148231908,1473.8861148231908,78199600
2025-06-24,1469.251220703125,1515.5998396527502,1464.6163588081624,1501.6952539678628,70685300
2025-06-25,1418.2677001953125,1478.5209031447866,1418.2677001953125,1473.8860413794425,53211700
2025-06-26,1436.8072509765625,1446.0769751764112,1418.2678025768648,1418.2678025768648,53960500
2025-06-30,1497.0604248046875,1501.6952868009869,1450.711804841694,1464.616390830592,79848800
2025-07-01,1469.251220703125,1510.9649777577877,1455.3466350182373,1510.9649777577877,29640100
2025-07-02,1464.6163330078125,1473.8860566344442,1455.3466093811808,1473.8860566344442,22601400
2025-07-03,1478.52099609375,1492.4255822639107,1459.981547866869,1473.8861340370297,20267100
2025-07-04,1487.7906494140625,1487.7906494140625,1455.3466165607963,1473.88606390552,17581800
2025-07-07,1469.251220703125,1483.1558063880125,1459.9814969131999,1483.1558063880125,13203200
2025-07-08,1459.9815673828125,1469.2512916201636,1455.3467052641367,1464.616429501488,12986200
2025-07-09,1450.7117919921875,1473.8861017684205,1446.076930036941,1464.6163778579273,24267700
2025-07-10,1478.52099609375,1478.52099609375,1455.3466858101488,1459.981547866869,21279900
2025-07-11,1478.52099609375,1487.7907202071904,1469.2512719803094,1487.7907202071904,19771500
2025-07-14,1464.6163330078125,1487.7906420743918,1455.3466093811808,1478.52091844776,18870600
2025-07-15,1450.7117919921875,1483.1558256789137,1446.076930036941,1469.251239813174,30626100
2025-07-16,1455.3466796875,1473.8861278363854,1446.0769556130574,1459.9815417247214,32847700
2025-07-17,1459.9815673828125,1469.2512916201636,1450.7118431454612,1459.9815673828125,19127500
2025-07-18,1515.599853515625,1520.2347154529816,1464.6163722047017,1469.2512341420584,68163000
2025-07-21,1510.9649658203125,1534.139275112035,1501.6952421036235,1524.869551395346,47571300
2025-07-22,1487.7906494140625,1515.599820431148,1487.7906494140625,1510.964958594967,40084800
2025-07-23,1492.425537109375,1506.3301228588412,1483.1558132763976,1501.6952609423524,21059600
2025-07-24,1506.330078125,1520.2346634615385,1492.4254927884615,1492.4254927884615,30088900
2025-07-25,1487.7906494140625,1520.2346822673287,1487.7906494140625,1510.964958594967,20758800
2025-07-28,1492.425537109375,1501.6952609423524,1487.7906751928863,1487.7906751928863,13013700
2025-07-29,1510.9649658203125,1510.9649658203125,1478.5209328119008,1497.0603802452788,23886400
2025-07-30,1501.6953125,1515.5998987268517,1501.6953125,1510.9650366512344,18905400
2025-07-31,1510.9649658203125,1520.2346895370015,1492.4255183869343,1510.9649658203125,33065600
2025-08-01,1501.6953125,1520.234760802469,1497.0604504243827,1506.330174575617,26251100
2025-08-04,1515.599853515625,1515.599853515625,1487.790681891485,1501.695267703555,22289000
2025-08-05,1506.330078125,1515.5998016826923,1497.0603545673077,1515.5998016826923,12572400
2025-08-06,1566.5833740234375,1571.2182360767613,1497.0604432235807,1506.3301673302283,74965700
2025-08-07,1566.5833740234375,1571.2182360767613,1538.7742017034948,1566.5833740234375,45838500
2025-08-08,1561.948486328125,1589.7576581915337,1557.3136243508902,1571.2182102825946,41327500
2025-08-11,1548.0439453125,1571.2182558710704,1538.774221089072,1561.9485316476423,17115700
2025-08-12,1557.3135986328125,1566.5833224341982,1548.0438748314266,1548.0438748314266,19832300
2025-08-13,1557.3135986328125,1575.853046235584,1552.6787367321197,1557.3135986328125,19826500
2025-08-14,1538.774169921875,1575.8530655826432,1534.1393079642792,1575.8530655826432,38506800
2025-08-15,1534.1392822265625,1552.6787297459166,1524.8695584668853,1538.7741441064009,39045100
2025-08-19,1543.4090576171875,1571.218229826506,1529.5044715125282,1534.1393335474145,36826900
2025-08-20,1566.5833740234375,1571.2182360767613,1538.7742017034948,1543.4090637568186,35098500
2025-08-21,1599.02734375,1608.297067481884,1566.5833106884056,1566.5833106884056,63665100
2025-08-22,1594.3924560546875,1612.931903218114,1585.1227324729741,1603.6621796364009,30190200
2025-08-25,1594.3924560546875,1612.931903218114,1585.1227324729741,1603.6621796364009,22096900
2025-08-26,1580.4879150390625,1599.0273627228053,1561.94846735532,1594.3925008018696,46899600
2025-08-27,1543.4090576171875,1580.4879538962791,1543.4090576171875,1575.8530918613926,57863200
2025-08-28,1589.7576904296875,1599.0274145721346,1548.0439317886753,1548.0439317886753,51571700
2025-08-29,1585.122802734375,1594.3925267269738,1548.0439067639802,1585.122802734375,50385800
2025-09-01,1543.4090576171875,1575.8530918613926,1520.2347474427552,1575.8530918613926,41944900
2025-09-02,1575.85302734375,1580.4878891888786,1548.043856272978,1548.043856272978,17338800
2025-09-03,1631.471435546875,1659.2806077436967,1580.4879531860352,1580.4879531860352,113454700
2025-09-04,1640.7410888671875,1645.3759507001457,1622.201641535355,1640.7410888671875,48841200
2025-09-08,1599.02734375,1668.5502717391303,1599.02734375,1640.741100543478,48013100
2025-09-09,1599.02734375,1603.662205615942,1566.5833106884056,1585.122758152174,47322200
2025-09-10,1585.122802734375,1603.6622507195723,1580.4879407380756,1599.027388723273,25998300
2025-09-11,1622.20166015625,1640.7411077008928,1589.757626953125,1589.757626953125,40032400
2025-09-12,1663.9154052734375,1668.5502671265667,1631.471372301532,1640.7410960077907,72938300
2025-09-15,1640.7410888671875,1659.2805361990202,1617.5667797023968,1659.2805361990202,39446800
2025-09-16,1617.5667724609375,1640.7410815219826,1603.6621870243107,1640.7410815219826,19024500
2025-09-17,1631.471435546875,1636.1062975796785,1608.2971253828568,1617.5668494484642,24372200
2025-09-18,1636.1063232421875,1645.3760474531914,1622.2017369256816,1640.7411853476895,24671200
2025-09-19,1617.5667724609375,1636.1062197097735,1603.6621870243107,1636.1062197097735,41128100
2025-09-22,1599.02734375,1631.4713768115942,1589.7576200181159,1617.566791213768,23445900
2025-09-23,1599.02734375,1612.931929347826,1589.7576200181159,1599.02734375,28295400
2025-09-24,1594.3924560546875,1622.2016267998274,1589.757594263831,1599.027317845544,26571800
2025-09-25,1589.7576904296875,1594.392552500911,1575.8531042160168,1594.392552500911,23701800
2025-09-26,1585.122802734375,1603.6622507195723,1575.8530787417762,1589.7576647306744,27997600
2025-09-29,1571.2181396484375,1594.3924484928098,1566.5832778795632,1585.122724955061,23467200
2025-09-30,1566.5833740234375,1594.3925463433802,1548.0439258101424,1575.853098130085,41575900
2025-10-01,1548.0439453125,1575.8531179827844,1520.2347726422156,1575.8531179827844,40458900
2025-10-02,1515.599853515625,1557.3136109518348,1510.9649915782684,1557.3136109518348,37127300
2025-10-03,1487.7906494140625,1548.043853284414,1487.7906494140625,1515.599820431148,55730700
2025-10-06,1515.599853515625,1520.2347154529816,1492.4255438288417,1497.0604057661983,39941800
2025-10-07,1506.330078125,1529.5043870192308,1501.6952163461538,1520.2346634615385,35251000
2025-10-08,1552.6787109375,1566.583296408582,1492.4255072294775,1506.3300927005596,47934000
2025-10-09,1580.4879150390625,1594.3925008018696,1538.7741577506415,1557.3136054343843,59295400
2025-10-10,1580.4879150390625,1612.931948485612,1580.4879150390625,1594.3925008018696,66364500
2025-10-13,1548.0439453125,1575.8531179827844,1548.0439453125,1571.2182558710704,26027200
2025-10-14,1538.774169921875,1571.2182036250472,1529.504446006683,1548.0438938370671,22887400
2025-10-15,1497.0604248046875,1538.7741827713814,1492.4255628083881,1538.7741827713814,43721900
2025-10-16,1506.330078125,1510.9649399038462,1492.4254927884615,1501.6952163461538,19285600
2025-10-17,1501.6953125,1506.330174575617,1487.790726273148,1492.4255883487654,26239900
2025-10-20,1571.2181396484375,1575.853001417312,1506.3300748841953,1515.5997984219441,35352000
2025-10-21,1585.122802734375,1603.6622507195723,1557.313630756579,1575.8530787417762,41770900
2025-10-22,1552.6787109375,1599.0273291744402,1543.408987290112,1594.3924673507463,67874400
2025-10-23,1640.7410888671875,1645.3759507001457,1552.6787140409826,1552.6787140409826,122199100
2025-10-24,1599.02734375,1650.0108242753622,1599.02734375,1650.0108242753622,40235000
2025-10-27,1575.85302734375,1617.566783949908,1557.3135799632353,1599.0273365693934,51018500
2025-10-28,1580.4879150390625,1603.662224643741,1575.8530531181268,1585.1227769599982,34329100
2025-10-29,1603.6622314453125,1612.9319553264993,1566.5833359205653,1575.8530598017521,32882200
2025-10-30,1626.8365478515625,1636.1062717709447,1594.392514133725,1608.2971000127982,55126800
2025-10-31,1612.9320068359375,1640.7411793675917,1594.3925584815015,1622.2017310131555,64931200
2025-11-03,1626.8365478515625,1640.7411337306357,1608.2971000127982,1612.9319619724893,34118600
2025-11-04,1612.9320068359375,1640.7411793675917,1608.2971447473285,1631.4714551903735,27654400
2025-11-05,1580.4879150390625,1603.662224643741,1575.8530531181268,1603.662224643741,36438900
2025-11-06,1599.02734375,1608.297067481884,1580.4878962862317,1585.122758152174,29143000
2025-11-07,1631.471435546875,1636.1062975796785,1599.0274013172498,1603.6622633500533,41713200
2025-11-10,1603.6622314453125,1654.6457127918397,1603.6622314453125,1631.4714030888729,37605500
2025-11-11,1626.8365478515625,1626.8365478515625,1608.2971000127982,1608.2971000127982,21122800
2025-11-12,1640.7410888671875,1645.3759507001457,1626.836503368313,1636.1062270342295,21779000
2025-11-13,1612.9320068359375,1719.533834873945,1603.6622826587195,1659.2806277220277,162452900
2025-11-14,1603.6622314453125,1617.5668172670928,1589.7576456235324,1603.6622314453125,27995600
2025-11-17,1622.20166015625,1622.20166015625,1594.3924888392858,1617.5667982700893,17883100
2025-11-18,1603.6622314453125,1622.201679207686,1589.7576456235324,1622.201679207686,28477900
2025-11-19,1622.20166015625,1640.7411077008928,1603.6622126116072,1603.6622126116072,28953300
2025-11-20,1622.20166015625,1640.7411077008928,1617.5667982700893,1631.4713839285714,13375400
2025-11-21,1594.3924560546875,1622.2016267998274,1594.3924560546875,1608.2970414272575,11718300
2025-11-24,1608.297119140625,1622.2017051850685,1599.0273951109962,1622.2017051850685,13982600
2025-11-25,1608.297119140625,1636.106291229512,1603.6622571258106,1636.106291229512,25117400
2025-11-26,1626.8365478515625,1631.4714098112536,1599.027376093416,1622.2016858918714,28814700
2025-11-27,1612.9320068359375,1645.3760414562007,1612.9320068359375,1631.4714551903735,22519900
2025-11-28,1673.1851806640625,1673.1851806640625,1617.5668367084704,1626.836560701069,72539900
2025-12-01,1733.4383544921875,1733.4383544921875,1673.1851496568975,1733.4383544921875,84343200
2025-12-02,1696.3594970703125,1719.5338071395793,1668.5503249871927,1714.8989451257257,38476800
2025-12-03,1733.4383544921875,1742.7080783130014,1682.4548734777113,1691.7245972985252,63283500
2025-12-04,1714.89892578125,1747.3429595122466,1700.994339896537,1747.3429595122466,19895300
2025-12-05,1691.724609375,1724.1686429794522,1687.089747431507,1714.8989190924658,17631200
2025-12-08,1696.3594970703125,1714.8989451257257,1677.8200490148993,1705.6292210980191,21393700
2025-12-09,1673.1851806640625,1700.9943526418585,1668.5503186677631,1696.3594906455592,21483800
2025-12-10,1719.5338134765625,1724.1686755074968,1682.4549172290895,1691.7246412909578,31706500
2025-12-11,1691.724609375,1728.8035049229452,1668.5502996575344,1724.1686429794522,30982100
2025-12-12,1696.3594970703125,1705.6292210980191,1668.5503249871927,1705.6292210980191,20130900
2025-12-15,1687.0897216796875,1710.2640310434194,1668.550274188702,1700.9943072979268,13147200
2025-12-16,1677.820068359375,1705.6292407631215,1673.1852062920839,1687.0897924939572,20098600
2025-12-17,1728.803466796875,1747.342914161989,1677.8199865428116,1682.4548483840902,48848400
2025-12-18,1705.629150390625,1742.7080449643342,1691.7245649254842,1742.7080449643342,30574100
2025-12-19,1724.168701171875,1751.9778737714214,1705.6292527721773,1714.898976972026,44274500
2025-12-22,1765.8824462890625,1775.152170416564,1724.1686877153052,1724.1686877153052,42110500
2025-12-23,1742.7081298828125,1770.5173021681767,1728.8035437401306,1770.5173021681767,21267400
2025-12-24,1751.977783203125,1784.421816225405,1747.3429213427992,1747.3429213427992,25187600
2025-12-29,1761.24755859375,1779.7870065789473,1747.3429726048519,1761.24755859375,17037900
2025-12-30,1770.5172119140625,1779.786935536649,1751.977764668889,1761.2474882914757,26244200
2026-01-02,1789.0567626953125,1789.0567626953125,1770.5173143772263,1775.1521764567478,27636600
2026-01-05,1812.2310791015625,1816.8659411964516,1789.0567686271181,1793.691630722007,32107000
2026-01-06,1761.24755859375,1816.865902549342,1738.0732486122533,1812.2310405530427,56607500
2026-01-07,1802.9613037109375,1826.1356135272736,1714.898926408861,1714.898926408861,55398900
2026-01-08,1816.8658447265625,1872.4841869120694,1816.8658447265625,1821.5007065753546,79475200
2026-01-09,1830.7705078125,1849.3099559928798,1812.2310596321204,1835.405369857595,23379900
2026-01-12,1821.500732421875,1849.309903909232,1789.0566990199586,1830.770456250994,30511400
2026-01-13,1835.4052734375,1844.6749970407197,1812.2309644294508,1830.7704116358902,24455600
2026-01-14,1881.75390625,1918.8328009544334,1849.3098733836207,1849.3098733836207,79691800
2026-01-15,1872.4842529296875,1881.7539769540917,1849.3099428686764,1881.7539769540917,32721200
2026-01-19,1891.023681640625,1909.5631294998468,1853.9447859221814,1900.293405570236,24114600
2026-01-20,1928.1025390625,1946.6419865534856,1872.4841965895432,1891.0236440805288,46546600
2026-01-21,1937.372314453125,1946.6420384457238,1891.0236944901314,1928.1025904605262,55138400
2026-01-22,2002.2603759765625,2048.608995790835,1946.6420321994358,1946.6420321994358,93110000
2026-01-23,2104.227294921875,2132.036466220402,1983.7208859615914,2002.2603334939427,86989900
2026-01-26,2094.95751953125,2141.3061372199945,2067.148348918003,2104.227243068999,49581000
2026-01-27,2002.2603759765625,2094.957615605107,1965.1814801251446,2094.957615605107,62735700
2026-01-28,1965.1815185546875,2039.3393117076946,1909.5631736899322,1946.642070266436,76372900
2026-01-29,1928.1025390625,1974.4511577899639,1710.2640310434194,1974.4511577899639,136964100
2026-01-30,1965.1815185546875,2002.2604151311912,1918.8328978340583,1928.102621978184,72304800
2026-02-02,2020.7998046875,2094.9575956852063,1983.7209091886468,2011.5300808127868,131625600
2026-02-03,2002.2603759765625,2067.1484437165436,1965.1814801251446,2067.1484437165436,54321900
2026-02-04,2039.3392333984375,2048.6089571866123,1992.990614457564,2011.5300620339135,38052100
2026-02-05,2039.3392333984375,2067.148404762962,2030.069509610263,2039.3392333984375,29529900
2026-02-06,2067.1484375,2067.1484375,1965.1814742152467,2011.5300938901346,50045400
2026-02-09,2057.878662109375,2067.1483858125703,2002.2603198902027,2039.3392147029842,47396200
2026-02-10,2057.878662109375,2085.6878332189613,2039.3392147029842,2076.4181095157655,32413900
2026-02-11,2067.1484375,2085.687885369955,2030.0695417600896,2057.8787135650223,24828700
2026-02-12,2057.878662109375,2094.9575569221565,2057.878662109375,2085.6878332189613,24789200
2026-02-13,1974.451171875,2057.8786861795775,1955.9117242517605,2048.6089623679577,55623500
2026-02-18,2002.2603759765625,2002.2603759765625,1965.1814801251446,1992.990652013708,34315200
2026-02-19,2020.7998046875,2048.6089763116397,1983.7209091886468,2020.7998046875,32033700
2026-02-20,2030.069580078125,2030.069580078125,1992.9906836383418,2020.7998559681791,28861000
2026-02-23,2104.227294921875,2113.4970186880505,2039.3392285586453,2039.3392285586453,57113300
2026-02-24,2085.68798828125,2113.4971614583333,2057.8788151041667,2104.227437065972,38507100
2026-02-25,2122.766845703125,2169.115466788346,2085.687948834948,2094.9576730519925,62482800
2026-02-26,2132.036376953125,2169.115270465353,2104.2272068189536,2141.3061003311823,28090200
2026-02-27,2215.464111328125,2215.464111328125,2122.7668681763207,2150.576041121862,71287900
2026-03-02,2271.082275390625,2317.4308932557396,2215.463933952487,2271.082275390625,82931500
2026-03-03,2224.733642578125,2335.970324707031,2187.654748535156,2317.430877685547,69119700
2026-03-04,2169.115478515625,2243.273272652911,2113.49713291266,2224.73382411859,70501400
2026-03-05,2224.733642578125,2252.5428131103513,2178.385025024414,2178.385025024414,53835200
2026-03-06,2196.924560546875,2261.8126277360234,2150.5759411260547,2224.7337321993673,30108000
2026-03-09,1900.29345703125,2104.227389005335,1881.7540086699696,2085.687940644055,131453600
2026-03-10,1826.1356201171875,1900.293411797073,1747.3429664573086,1900.293411797073,167238700
2026-03-11,1812.2310791015625,1849.3099758606738,1807.5962170066737,1826.1356653862292,75601200
2026-03-12,1891.023681640625,1900.293405570236,1789.056718414905,1812.2310282389324,85440800
2026-03-13,1798.326416015625,1881.7539301606796,1793.6915541186775,1881.7539301606796,55319400
2026-03-16,1793.6915283203125,1807.5961138111677,1747.3429100174621,1798.3263901505975,44209800
2026-03-17,1849.3099365234375,1849.3099365234375,1802.961316560444,1802.961316560444,56332600
2026-03-25,1812.2310791015625,1844.675113765785,1798.3264928168958,1826.1356653862292,37441900
2026-03-26,1728.803466796875,1849.3098746701157,1710.2640194317612,1835.4052891462802,98454400
2026-03-27,1700.994384765625,1738.0732814362652,1691.7246605979649,1728.8035572686051,30907100
2026-03-30,1756.6126708984375,1765.8823947554213,1696.3594658280426,1705.6291896850264,46523100
2026-03-31,1710.2640380859375,1761.2475188960875,1696.3594524104421,1756.6126570042557,71011600
2026-04-01,1705.629150390625,1751.9777686077616,1691.7245649254842,1728.8034594991934,51525200
2026-04-02,1663.9154052734375,1714.8988856578603,1659.280543420308,1714.8988856578603,47987400
2026-04-06,1668.55029296875,1682.4548787434896,1631.4713975694444,1668.55029296875,34448800
2026-04-07,1626.8365478515625,1691.7246152872374,1626.8365478515625,1668.550305488782,44205400
2026-04-08,1696.3594970703125,1710.2640831118724,1622.2017048486596,1640.7411529040728,70808800
2026-04-09,1659.280517578125,1696.3594118256808,1650.0107940162359,1696.3594118256808,40513200
2026-04-10,1687.0897216796875,1696.3594454251802,1673.1851360614482,1682.4548598069412,21695100
2026-04-13,1696.3594970703125,1728.8035311672859,1691.7246350564592,1696.3594970703125,41613700
2026-04-14,1710.2640380859375,1728.8034856532647,1696.3594524104421,1705.6291761941056,25996900
2026-04-15,1756.6126708984375,1789.056704397881,1710.2640516135184,1710.2640516135184,68013000
2026-04-16,1765.8824462890625,1770.5173083528134,1751.97786009781,1770.5173083528134,32454200
2026-04-17,1770.5172119140625,1779.786935536649,1765.8823501027691,1775.1520737253556,17245300
2026-04-20,1770.5172119140625,1789.0566591592358,1751.977764668889,1789.0566591592358,29267000
2026-04-21,1775.152099609375,1775.152099609375,1738.0732045783698,1770.5172377304993,20806700
2026-04-22,1802.9613037109375,1826.1356135272736,1765.8824080048,1770.5172699680672,38784200
2026-04-23,1798.326416015625,1807.5961398095199,1765.8823827369924,1802.9612779125723,40279200
2026-04-24,1789.0567626953125,1812.2310730929203,1761.2475902181834,1798.3264868543556,40491700
2026-04-27,1742.7081298828125,1812.2310605962227,1742.7081298828125,1807.596198548662,31726800
2026-04-28,1765.8824462890625,1793.6916186715675,1756.612722161561,1756.612722161561,14316400
2026-04-29,1779.7869873046875,1789.0567111968994,1747.3429536819458,1775.1521253585815,14468700
2026-04-30,1798.326416015625,1798.326416015625,1714.8989018705702,1779.786968427835,49935600
2026-05-04,1751.977783203125,1798.3264018063821,1747.3429213427992,1798.3264018063821,21532000
2026-05-05,1733.4383544921875,1756.6126640442221,1719.5337687609667,1719.5337687609667,15179300
2026-05-06,1756.6126708984375,1765.8823947554213,1738.07322318447,1742.7080851129617,16013000
2026-05-07,1784.421875,1784.421875,1756.612702922078,1765.882426948052,25370300
2026-05-08,1733.4383544921875,1784.4218355066635,1728.8034925817806,1779.7869735962565,17533300
2026-05-11,1719.5338134765625,1733.438399569365,1687.0897792600238,1733.438399569365,23195700
2026-05-12,1724.168701171875,1747.343011671497,1710.2641148721018,1724.168701171875,14851200
2026-05-13,1714.89892578125,1724.1686497043918,1705.629201858108,1724.1686497043918,9472900
2026-05-14,1714.89892578125,1714.89892578125,1714.89892578125,1714.89892578125,0
2026-05-15,1714.89892578125,1714.89892578125,1714.89892578125,1714.89892578125,0
2026-05-18,1724.168701171875,1728.8035632717992,1673.1852180727067,1719.5338390719505,36646300
2026-05-19,1691.724609375,1728.8035049229452,1631.4714041095892,1728.8035049229452,37202300
2026-05-20,1668.55029296875,1687.0897406684028,1640.741121419271,1682.4548787434896,25107100
2026-05-21,1691.724609375,1710.2640571489726,1659.280575770548,1663.9154377140412,23757900
2026-05-22,1687.0897216796875,1700.9943072979268,1645.37596482497,1696.3594454251802,15048800
2026-05-25,1738.0732421875,1761.2475520833334,1687.0897604166666,1687.0897604166666,47139300
2026-05-26,1756.6126708984375,1775.1521186124053,1738.07322318447,1747.3429470414537,29151000
2026-05-27,1756.6126708984375,1756.6126708984375,1756.6126708984375,1756.6126708984375,0
2026-05-28,1756.6126708984375,1756.6126708984375,1756.6126708984375,1756.6126708984375,0
2026-05-29,1691.724609375,1779.78698630137,1691.724609375,1761.2475385273974,74831100
2026-06-02,1691.724609375,1719.533781035959,1682.4548854880138,1719.533781035959,32121400
2026-06-03,1650.0108642578125,1700.9943460185875,1636.1062783230557,1696.3594840403352,41279300
2026-06-04,1594.3924560546875,1659.2805211266807,1557.3135617278342,1654.645659335824,75818800
2026-06-05,1520.0,1630.0,1505.0,1630.0,62163200
2026-06-08,1390.0,1495.0,1380.0,1495.0,82320500
2026-06-09,1485.0,1485.0,1350.0,1380.0,67811700
2026-06-10,1540.0,1560.0,1440.0,1485.0,60651400
2026-06-11,1500.0,1560.0,1465.0,1540.0,59785200
2026-06-12,1530.0,1560.0,1510.0,1550.0,31677700
2026-06-15,1575.0,1615.0,1530.0,1540.0,49249500
2026-06-17,1565.0,1600.0,1550.0,1580.0,34100500
2026-06-18,1560.0,1575.0,1530.0,1560.0,11943100
2026-06-19,1540.0,1580.0,1540.0,1560.0,31361300
2026-06-22,1560.0,1575.0,1545.0,1550.0,9951100
2026-06-23,1545.0,1560.0,1525.0,1560.0,22173900
2026-06-24,1495.0,1575.0,1485.0,1555.0,23665000
2026-06-25,1520.0,1535.0,1490.0,1495.0,14408200
2026-06-26,1520.0,1540.0,1495.0,1525.0,23910500
2026-06-29,1425.0,1520.0,1415.0,1520.0,89203600
2026-06-30,1365.0,1440.0,1350.0,1435.0,78353400
2026-07-01,1365.0,1380.0,1350.0,1365.0,26232700
2026-07-02,1365.0,1390.0,1355.0,1370.0,29265900
2026-07-03,1390.0,1395.0,1365.0,1365.0,28229900
2026-07-06,1405.0,1415.0,1390.0,1390.0,25085700
2026-07-07,1405.0,1415.0,1395.0,1410.0,18732000
2026-07-08,1425.0,1440.0,1390.0,1405.0,27601400
2026-07-09,1400.0,1425.0,1395.0,1425.0,39493000
2026-07-10,1465.0,1480.0,1400.0,1400.0,42248300
2026-07-13,1530.0,1530.0,1470.0,1470.0,44784100
2026-07-14,1490.0,1535.0,1490.0,1535.0,42209000
2026-07-15,1490.0,1510.0,1475.0,1490.0,23702200
2026-07-16,1490.0,1505.0,1480.0,1490.0,30521300
2026-07-17,1500.0,1510.0,1490.0,1500.0,40701800
2026-07-20,1500.0,1525.0,1500.0,1500.0,39723300
2026-07-21,1540.0,1545.0,1500.0,1510.0,48584200
2026-07-22,1535.0,1570.0,1520.0,1540.0,51337300
2026-07-23,1550.0,1580.0,1540.0,1540.0,41571400
2026-07-24,1515.0,1550.0,1500.0,1550.0,32459900
2026-07-27,1530.0,1535.0,1500.0,1510.0,31769300
2026-07-28,1495.0,1530.0,1495.0,1530.0,43077800
2026-07-29,1490.0,1510.0,1480.0,1495.0,16230800
2026-07-30,1500.0,1505.0,1475.0,1490.0,14208600
2026-07-31,1500.0,1525.0,1500.0,1510.0,24390600
2026-08-03,1510.0,1550.0,1500.0,1550.0,15393200
2026-08-04,1515.0,1530.0,1490.0,1525.0,28199400
2026-08-05,1505.0,1520.0,1505.0,1520.0,17831200
2026-08-06,1505.0,1515.0,1500.0,1510.0,28221800
2026-08-07,1510.0,1520.0,1500.0,1505.0,17980000
2026-08-10,1510.0,1525.0,1510.0,1510.0,20588100
2026-08-11,1490.0,1520.0,1485.0,1515.0,29821300
2026-08-12,1485.0,1500.0,1480.0,1485.0,26112600
2026-08-13,1475.0,1505.0,1470.0,1485.0,25697600
2026-08-14,1495.0,1495.0,1470.0,1480.0,17773500
2026-08-18,1515.0,1525.0,1490.0,1495.0,32365400
2026-08-19,1505.0,1525.0,1500.0,1520.0,14895400
2026-08-20,1525.0,1540.0,1510.0,1510.0,27450600
2026-08-21,1520.0,1530.0,1515.0,1530.0,18956900
2026-08-24,1540.0,1560.0,1510.0,1525.0,36377100
2026-08-25,1540.0,1540.0,1540.0,1540.0,0
2026-08-26,1520.0,1550.0,1515.0,1545.0,52147400
2026-08-27,1535.0,1540.0,1515.0,1520.0,26339500
2026-08-28,1510.0,1530.0,1500.0,1530.0,57344100
2026-08-31,1530.0,1530.0,1495.0,1510.0,37894200
2026-09-01,1555.0,1565.0,1530.0,1535.0,48408200
2026-09-02,1535.0,1570.0,1530.0,1560.0,24552900
2026-09-03,1540.0,1545.0,1500.0,1540.0,67582000
2026-09-04,1520.0,1545.0,1520.0,1540.0,25218600
2026-09-07,1515.0,1525.0,1490.0,1490.0,19873000
