date,Close,High,Low,Open,Volume
2018-06-01,1277.2666015625,1277.2666015625,1277.2666015625,1277.2666015625,0
2018-06-04,1331.0460205078125,1334.4072478323271,1287.3500652891216,1287.3500652891216,59256200
2018-06-05,1344.4910888671875,1384.8258215332032,1341.1298611450195,1344.4910888671875,62334700
2018-06-06,1314.2398681640625,1357.9358228600543,1310.8786408797553,1354.5745955757473,27261200
2018-06-07,1324.3236083984375,1344.4909729933377,1314.2399261009875,1327.684835830921,27420400
2018-06-08,1368.01953125,1378.1032132985256,1337.7684851044226,1351.2133945024568,46079200
2018-06-11,1368.01953125,1368.01953125,1368.01953125,1368.01953125,0
2018-06-12,1368.01953125,1368.01953125,1368.01953125,1368.01953125,0
2018-06-13,1368.01953125,1368.01953125,1368.01953125,1368.01953125,0
2018-06-14,1368.01953125,1368.01953125,1368.01953125,1368.01953125,0
2018-06-15,1368.01953125,1368.01953125,1368.01953125,1368.01953125,0
2018-06-18,1368.01953125,1368.01953125,1368.01953125,1368.01953125,0
2018-06-19,1368.01953125,1368.01953125,1368.01953125,1368.01953125,0
2018-06-20,1425.1605224609375,1425.1605224609375,1354.5747418673532,1361.2971971619804,58511600
2018-06-21,1378.1031494140625,1438.6052389005335,1368.019467832984,1435.2440117068409,24215800
2018-06-22,1394.9093017578125,1394.9093017578125,1341.1296660273908,1378.1031655920558,22123000
2018-06-25,1388.18701171875,1428.521743294113,1371.3808735623486,1428.521743294113,23189800
2018-06-26,1378.1031494140625,1408.354194157298,1371.380695026677,1388.186830995141,11509800
2018-06-27,1357.935791015625,1401.6317446869198,1344.490882193688,1401.6317446869198,37884900
2018-06-28,1290.711181640625,1378.103084564209,1260.4601383209229,1357.9357223510742,35209900
2018-06-29,1334.4072265625,1344.490908375315,1290.7112720403024,1304.1561811240556,32722700
2018-07-02,1344.4910888671875,1381.4645938110352,1314.2400393676758,1344.4910888671875,24171200
2018-07-03,1344.4910888671875,1374.7421383666992,1327.6849502563477,1371.3809106445312,23568600
2018-07-04,1344.4910888671875,1361.2972274780273,1324.3237225341798,1357.9359997558593,14089400
2018-07-05,1344.4910888671875,1361.2972274780273,1331.0461779785155,1354.5747720336915,27873000
2018-07-06,1327.6849365234375,1364.6584410848498,1314.2400257738332,1354.5747580226464,25122400
2018-07-09,1344.4910888671875,1357.9359997558593,1331.0461779785155,1341.1298611450195,18080300
2018-07-10,1341.1297607421875,1374.7420354475055,1337.7685332716558,1347.8522156832512,24437600
2018-07-11,1368.01953125,1371.3807585995085,1341.129712453931,1344.4909398034397,29899000
2018-07-12,1421.799072265625,1431.882753629211,1368.0194383264998,1371.380665447695,49301600
2018-07-13,1401.6319580078125,1445.327918329399,1398.2707302907672,1445.327918329399,37962000
2018-07-16,1425.1605224609375,1441.9666606975052,1404.9931565770562,1408.3543842243698,34479900
2018-07-17,1472.2176513671875,1482.3013339107986,1428.5216936782072,1428.5216936782072,49660900
2018-07-18,1455.4114990234375,1495.7462287885212,1448.6890440625903,1495.7462287885212,36878200
2018-07-19,1478.9400634765625,1495.7462005615234,1465.4951538085936,1468.856381225586,31058600
2018-07-20,1431.8828125,1492.384903169014,1421.799130721831,1489.0236759096244,21604200
2018-07-23,1448.68896484375,1482.3012378099622,1421.7991464707802,1431.8828283606438,53583800
2018-07-24,1425.1605224609375,1462.1340265813863,1418.4380671663102,1448.6891159921322,18294300
2018-07-25,1452.05029296875,1455.4115204987704,1425.160472728588,1425.160472728588,19731200
2018-07-26,1489.0238037109375,1489.0238037109375,1455.4115282321352,1462.1339833278957,39352200
2018-07-27,1546.1646728515625,1546.1646728515625,1485.662576957371,1492.3850320567255,48018800
2018-07-30,1465.4952392578125,1556.2483848081818,1435.244190741023,1546.1647019692518,93903300
2018-07-31,1505.8299560546875,1505.8299560546875,1448.6890871865407,1478.9401354108538,63878500
2018-08-01,1525.9971923828125,1525.9971923828125,1482.3012375348465,1512.552283198823,37044300
2018-08-02,1509.1910400390625,1525.997176342393,1499.1073582570643,1525.997176342393,21721700
2018-08-03,1512.55224609375,1529.3583821614582,1502.468564453125,1509.1910188802083,29213500
2018-08-06,1539.442138671875,1546.1645934259006,1515.9135470327853,1525.9972291638237,22559300
2018-08-07,1606.6668701171875,1626.8342366876964,1539.4423148821588,1549.5259981674133,37076700
2018-08-08,1616.75048828125,1636.9178540394362,1589.8606672703354,1593.2218948966997,27973700
2018-08-09,1613.3890380859375,1626.8339467366536,1593.2216751098633,1616.7502652486164,17356100
2018-08-10,1643.64013671875,1660.4462730860173,1623.4727730780291,1630.195227624936,20050200
2018-08-13,1630.1953125,1636.917767396907,1559.609536082474,1636.917767396907,29644100
2018-08-14,1398.2706298828125,1576.415686093844,1378.1032650287334,1566.3320036668044,160956200
2018-08-15,1354.57470703125,1425.1604858095534,1344.4910243486352,1398.2706653225807,69077500
2018-08-16,1384.82568359375,1418.4379574673846,1337.7685001706614,1344.4909549453882,51023400
2018-08-17,1384.82568359375,1384.82568359375,1384.82568359375,1384.82568359375,0
2018-08-20,1431.8828125,1448.6889487969484,1388.1868581279343,1388.1868581279343,44262600
2018-08-21,1384.82568359375,1445.3277765662924,1381.4644562063866,1438.6053217915655,56123300
2018-08-22,1384.82568359375,1384.82568359375,1384.82568359375,1384.82568359375,0
2018-08-23,1357.935791015625,1401.6317446869198,1354.5745638101407,1394.9092902759514,36131300
2018-08-24,1368.01953125,1388.1868953470514,1347.8521671529484,1361.2970765509826,24379400
2018-08-27,1364.6583251953125,1401.6318266168603,1364.6583251953125,1388.1869170090247,30642100
2018-08-28,1391.548095703125,1404.9930048403533,1368.0195047129755,1378.1031865658967,34660900
2018-08-29,1394.9093017578125,1404.9929834572665,1388.1868472915098,1398.2705289909638,24666200
2018-08-30,1398.2706298828125,1431.8829046396108,1394.9094024071326,1411.7155397855317,38205900
2018-08-31,1361.2972412109375,1391.548291015625,1354.5747856987846,1391.548291015625,109255600
2018-09-03,1378.1031494140625,1384.8256038014483,1354.5745590582128,1374.7419222203698,28891600
2018-09-04,1344.4910888671875,1388.187049255371,1344.4910888671875,1378.1033660888672,22298400
2018-09-05,1273.9052734375,1341.1298261254947,1250.3766799967018,1337.768598491095,53173400
2018-09-06,1280.627685546875,1307.5175057158383,1253.7378653779117,1280.627685546875,57015300
2018-09-07,1267.1827392578125,1283.9888763832475,1263.8215118327253,1280.6276489581605,39546200
2018-09-10,1250.3765869140625,1280.6276333716607,1247.015359529885,1280.6276333716607,35224600
2018-09-11,1250.3765869140625,1250.3765869140625,1250.3765869140625,1250.3765869140625,0
2018-09-12,1324.3236083984375,1324.3236083984375,1260.460287181254,1267.1827420462207,81377800
2018-09-13,1334.4072265625,1341.1296811043767,1310.878635665932,1331.0459992915619,28861100
2018-09-14,1334.4072265625,1347.8521356462531,1310.878635665932,1334.4072265625,22781000
2018-09-17,1320.96240234375,1337.7685397781488,1307.5174923962309,1334.4073122912691,13694100
2018-09-18,1388.18701171875,1388.18701171875,1320.9624590931446,1331.0461419869855,47601600
2018-09-19,1391.548095703125,1401.6317775560462,1378.1031865658967,1381.4644138502038,30723200
2018-09-20,1398.2706298828125,1401.6318573584924,1388.186947455773,1394.9094024071326,25321200
2018-09-21,1401.6319580078125,1411.7156411589478,1391.5482748566772,1404.9931857248575,20881200
2018-09-24,1384.82568359375,1404.9930479179307,1381.4644562063866,1401.6318205305672,6572000
2018-09-25,1388.18701171875,1401.631922243871,1357.9359630372276,1357.9359630372276,13013000
2018-09-26,1381.4644775390625,1401.6318421746694,1378.1032500997946,1394.9093872961337,11987600
2018-09-27,1398.2706298828125,1401.6318573584924,1381.4644925044133,1388.186947455773,13987600
2018-09-28,1452.05029296875,1462.1339755588108,1404.9931075484665,1408.3543350784869,63262300
2018-10-01,1478.9400634765625,1495.7462005615234,1455.4114715576172,1455.4114715576172,30505300
2018-10-02,1542.8033447265625,1593.2217546849467,1482.301252776501,1492.384934768178,68013600
2018-10-03,1566.33203125,1589.8606239940987,1542.803438505901,1542.803438505901,31540000
2018-10-04,1583.1380615234375,1593.221743443969,1546.1645611481556,1562.9706976823747,33505200
2018-10-05,1593.221923828125,1610.0280622651305,1559.609646954114,1579.7770130785207,27384900
2018-10-08,1576.41552734375,1606.6665715784914,1569.693073069363,1596.5828901669108,14236800
2018-10-09,1512.55224609375,1573.0543359375,1512.55224609375,1569.6931087239582,14837700
2018-10-10,1525.9971923828125,1552.8870107507917,1512.552283198823,1512.552283198823,23170800
2018-10-11,1502.4686279296875,1532.719674129614,1465.4951270186662,1478.9400364408557,23564100
2018-10-12,1532.7197265625,1546.1646364446274,1512.5523617393094,1512.5523617393094,29412800
2018-10-15,1492.385009765625,1549.5258772566513,1492.385009765625,1536.0809672587627,20091100
2018-10-16,1475.578857421875,1505.8299046127563,1448.6890376966473,1492.3849947501426,23007900
2018-10-17,1512.55224609375,1546.1645182291666,1489.0236555989584,1495.7461100260416,42250800
2018-10-18,1509.1910400390625,1542.8033126457233,1505.8298127783964,1515.9134945603948,18713200
2018-10-19,1525.9971923828125,1539.442101566802,1509.1910559028256,1509.1910559028256,20393400
2018-10-22,1549.5257568359375,1566.3318930272164,1532.7196206446583,1536.080847882914,27245400
2018-10-23,1515.91357421875,1559.6095309035477,1515.91357421875,1546.1646211543791,23360300
2018-10-24,1445.3277587890625,1519.2747604015262,1441.9665314430415,1515.913533055505,27168800
2018-10-25,1509.1910400390625,1509.1910400390625,1398.2705404370824,1408.3542222190806,25579100
2018-10-26,1428.521728515625,1509.1911908318014,1428.521728515625,1502.4687356387867,32077600
2018-10-29,1408.3543701171875,1452.0503290945703,1404.9931425035427,1428.5217357990564,27864700
2018-10-30,1408.3543701171875,1428.5217357990564,1391.5482320489632,1408.3543701171875,13300900
2018-10-31,1428.521728515625,1445.3278664981617,1415.0768181295955,1425.1605009191176,19530400
2018-11-01,1421.799072265625,1445.3276621139923,1418.4378451444297,1428.5215265080158,11951200
2018-11-02,1411.715576171875,1428.521713983445,1404.993121047247,1418.438031296503,10915900
2018-11-05,1475.578857421875,1478.9400848875287,1404.993080643152,1408.3543081088055,31859800
2018-11-06,1495.74609375,1505.829775280899,1482.3011850421349,1482.3011850421349,30680100
2018-11-07,1502.4686279296875,1505.8298552852348,1482.301263796403,1502.4686279296875,17824800
2018-11-08,1502.4686279296875,1529.3584467740666,1502.4686279296875,1519.2747647074245,25794600
2018-11-09,1455.4114990234375,1509.1911387102157,1455.4114990234375,1502.4686837493684,15214600
2018-11-12,1485.6624755859375,1522.6359761095694,1465.4951116639563,1468.8563389842866,24190400
2018-11-13,1562.970703125,1562.970703125,1492.3849294354839,1495.7461567540322,44704500
2018-11-14,1640.279052734375,1653.7239630026895,1593.221866795274,1596.5830943623528,96979200
2018-11-15,1579.7767333984375,1689.0166138993934,1579.7767333984375,1663.807410706865,59573300
2018-11-16,1593.221923828125,1623.472973014735,1573.0545577037185,1586.4994684533228,24047500
2018-11-19,1566.33203125,1606.666761668455,1566.33203125,1593.2218515289699,23279200
2018-11-20,1566.33203125,1566.33203125,1566.33203125,1566.33203125,0
2018-11-21,1462.1339111328125,1586.4993242636494,1425.1604099317528,1549.5258230625898,65978300
2018-11-22,1418.4381103515625,1489.0238930941757,1408.3544271026178,1475.5789820955827,44667700
2018-11-23,1448.68896484375,1468.8563286234773,1425.1603737674013,1428.5216010640227,37523600
2018-11-26,1324.3236083984375,1455.411478265288,1320.9623809659543,1452.0502508328047,90097500
2018-11-27,1300.794921875,1354.57455688792,1294.0724674983849,1331.0459665697674,61331700
2018-11-28,1341.1297607421875,1361.2971255653783,1314.2399409779332,1317.601168448465,63465800
2018-11-29,1391.548095703125,1391.548095703125,1364.6582774286685,1364.6582774286685,67164700
2018-11-30,1351.21337890625,1401.6317885669312,1324.3235604205536,1394.909333945507,248474300
2018-12-03,1331.0460205078125,1378.103203051018,1327.6847931832979,1371.3807484019885,51990700
2018-12-04,1344.4910888671875,1361.2972274780273,1317.6012670898438,1341.1298611450195,45990900
2018-12-05,1327.6849365234375,1357.9359857100476,1314.2400257738332,1327.6849365234375,30515400
2018-12-06,1371.380615234375,1371.380615234375,1314.2397562662761,1314.2397562662761,47642100
2018-12-07,1341.1297607421875,1374.7420354475055,1331.0460783305923,1374.7420354475055,25615100
2018-12-10,1351.21337890625,1351.21337890625,1317.6011057991295,1334.4072423526898,32151600
2018-12-11,1438.6053466796875,1438.6053466796875,1341.1297507598022,1351.213433096342,66827000
2018-12-12,1448.68896484375,1455.4114194369924,1408.3542372842953,1445.327737547129,41563400
2018-12-13,1512.55224609375,1519.2747005208332,1458.7726106770833,1462.133837890625,59699500
2018-12-14,1499.107421875,1509.1911040849216,1468.8563752452353,1509.1911040849216,21022800
2018-12-17,1475.578857421875,1509.19113207841,1455.4114926279542,1505.8299046127563,12981600
2018-12-18,1421.799072265625,1465.4950248411642,1418.4378451444297,1465.4950248411642,21918600
2018-12-19,1418.4381103515625,1435.2442490998037,1398.270743853673,1421.7993381012107,23695800
2018-12-20,1435.244140625,1441.9665956162178,1418.4380031469555,1418.4380031469555,10561700
2018-12-21,1421.799072265625,1441.966434992797,1418.4378451444297,1418.4378451444297,14891400
2018-12-24,1421.799072265625,1421.799072265625,1421.799072265625,1421.799072265625,0
2018-12-25,1421.799072265625,1421.799072265625,1421.799072265625,1421.799072265625,0
2018-12-26,1441.9664306640625,1445.3276577751676,1415.076613775222,1415.076613775222,9515600
2018-12-27,1441.9664306640625,1468.8562475529027,1438.6052035529574,1462.1337933306927,10801300
2018-12-28,1445.3277587890625,1458.772668173147,1428.521622058957,1441.9665314430415,13908200
2018-12-31,1445.3277587890625,1445.3277587890625,1445.3277587890625,1445.3277587890625,0
2019-01-01,1445.3277587890625,1445.3277587890625,1445.3277587890625,1445.3277587890625,0
2019-01-02,1425.1605224609375,1452.0503436394456,1418.4380671663102,1452.0503436394456,5920600
2019-01-03,1398.2706298828125,1425.1604496882512,1394.9094024071326,1404.9930848341721,16436300
2019-01-04,1472.2176513671875,1475.5788788817247,1384.8257359892266,1398.2706460473746,25670400
2019-01-07,1478.9400634765625,1495.7462005615234,1465.4951538085936,1482.3012908935546,18429000
2019-01-08,1468.8563232421875,1485.6624596637228,1448.688959536345,1485.6624596637228,10791700
2019-01-09,1455.4114990234375,1485.6625463472503,1455.4114990234375,1478.9400913864029,13994100
2019-01-10,1441.9664306640625,1468.8562475529027,1431.8827493307474,1462.1337933306927,17745200
2019-01-11,1455.4114990234375,1458.7727265038611,1438.6053616213192,1441.9665891017428,13298400
2019-01-14,1475.578857421875,1475.5788574218752,1452.0502651623008,1468.8564024905681,14094100
2019-01-15,1472.2176513671875,1478.9401063962616,1458.7727413090397,1478.9401063962616,16836700
2019-01-16,1472.2176513671875,1485.6625614253355,1468.8564238526506,1478.9401063962616,13923600
2019-01-17,1495.74609375,1512.5522296348315,1482.3011850421349,1482.3011850421349,38360000
2019-01-18,1502.4686279296875,1515.913537351877,1495.7461732185927,1495.7461732185927,22593300
2019-01-21,1502.4686279296875,1515.913537351877,1499.10740057414,1512.5523099963298,12099600
2019-01-22,1485.6624755859375,1499.1073848672581,1445.3277477419754,1499.1073848672581,10041300
2019-01-23,1475.578857421875,1485.6625398188355,1455.4114926279542,1455.4114926279542,10107200
2019-01-24,1475.578857421875,1485.6625398188355,1462.1339475592613,1475.5788574218752,9429000
2019-01-25,1468.8563232421875,1485.6624596637228,1465.4950959578803,1478.9400050951087,5444000
2019-01-28,1462.1339111328125,1492.384957570043,1462.1339111328125,1472.217593278556,14585000
2019-01-29,1472.2176513671875,1502.4686989980203,1465.4951963381136,1465.4951963381136,14647800
2019-01-30,1445.3277587890625,1475.5788049032521,1445.3277587890625,1472.2175775572312,22200200
2019-01-31,1448.68896484375,1468.8563286234773,1445.327737547129,1445.327737547129,21052100
2019-02-01,1452.05029296875,1465.4952030888312,1448.6890654387298,1448.6890654387298,10496900
2019-02-04,1425.1605224609375,1462.1340265813863,1418.4380671663102,1452.0503436394456,17761000
2019-02-05,1425.1605224609375,1425.1605224609375,1425.1605224609375,1425.1605224609375,0
2019-02-06,1441.9664306640625,1455.4113391084827,1428.5215222196423,1431.8827493307474,10841300
2019-02-07,1448.68896484375,1458.7726467336138,1441.9665102505076,1458.7726467336138,6551200
2019-02-08,1445.3277587890625,1452.0502134811047,1435.2440767509993,1448.6889861350835,9321800
2019-02-11,1431.8828125,1441.966494278169,1428.5215852406104,1431.8828125,5431800
2019-02-12,1408.3543701171875,1448.6891014809255,1381.4645492080288,1445.3278738672807,10790000
2019-02-13,1384.82568359375,1438.6053217915655,1371.380774044296,1425.1604122421115,17535900
2019-02-14,1361.2972412109375,1408.3544297960068,1351.2135579427083,1394.9095187717014,11820200
2019-02-15,1337.7685546875,1371.3808299309044,1320.9624170657976,1361.2971473578832,13945700
2019-02-18,1337.7685546875,1357.9359198335426,1331.046099638819,1351.2134647848618,12340700
2019-02-19,1411.715576171875,1425.160486421131,1351.2134800502233,1354.5747076125372,25487000
2019-02-20,1398.2706298828125,1425.1604496882512,1381.4644925044133,1415.0767672612117,22225400
2019-02-21,1411.715576171875,1421.799258858817,1398.270665922619,1411.715576171875,25676300
2019-02-22,1388.18701171875,1418.4380604002724,1381.4645564561895,1411.715605137712,13983400
2019-02-25,1388.18701171875,1404.9931498751514,1388.18701171875,1401.631922243871,7772900
2019-02-26,1394.9093017578125,1398.2705289909638,1371.380711125753,1398.2705289909638,10342700
2019-02-27,1378.1031494140625,1398.2705125762195,1378.1031494140625,1391.548058188834,12771900
2019-02-28,1337.7685546875,1388.1869675526068,1334.4073271631596,1378.1032849795854,18995700
2019-03-01,1357.935791015625,1361.297018221109,1334.4072005772355,1334.4072005772355,10162500
2019-03-04,1364.6583251953125,1381.4644622051069,1361.2970977933537,1368.0195525972715,12983500
2019-03-05,1334.4072265625,1368.019499271883,1334.4072265625,1361.2970447300063,14203400
2019-03-06,1357.935791015625,1357.935791015625,1331.0459733717512,1337.7684277827195,10901200
2019-03-07,1357.935791015625,1357.935791015625,1357.935791015625,1357.935791015625,0
2019-03-08,1344.4910888671875,1368.0196829223632,1341.1298611450195,1347.8523165893555,11833300
2019-03-11,1351.21337890625,1361.2970608383862,1334.4072423526898,1354.5746062169621,8611500
2019-03-12,1341.1297607421875,1354.5746706243149,1337.7685332716558,1354.5746706243149,7039600
2019-03-13,1351.21337890625,1357.9358335276743,1347.852151595538,1357.9358335276743,6046800
2019-03-14,1351.21337890625,1357.9358335276743,1344.490924284826,1351.21337890625,7374500
2019-03-15,1361.2972412109375,1364.6584689670137,1347.852330186632,1351.2135579427083,17600200
2019-03-18,1361.2972412109375,1371.3809244791667,1351.2135579427083,1351.2135579427083,8162500
2019-03-19,1351.21337890625,1364.6582881490983,1351.21337890625,1357.9358335276743,9037600
2019-03-20,1351.21337890625,1361.2970608383862,1344.490924284826,1344.490924284826,8733800
2019-03-21,1357.935791015625,1364.6582454265933,1351.2133366046564,1364.6582454265933,7417300
2019-03-22,1371.380615234375,1374.7418422324986,1351.2132532456342,1351.2132532456342,10320600
2019-03-25,1391.548095703125,1398.270550271739,1364.6582774286685,1368.0195047129755,15175700
2019-03-26,1425.1605224609375,1425.1605224609375,1398.2707012824292,1404.9931565770562,19100600
2019-03-27,1384.82568359375,1431.8828670168384,1374.7420014316594,1428.521639629475,13590300
2019-03-28,1398.2706298828125,1404.9930848341721,1361.2971276503342,1361.2971276503342,9870100
2019-03-29,1415.0767822265625,1421.7992372490164,1378.1032796030654,1391.5481896479735,12882500
2019-04-01,1411.715576171875,1428.521713983445,1408.354348609561,1425.160486421131,7709000
2019-04-02,1401.6319580078125,1428.5217797441733,1401.6319580078125,1418.438096593038,5149200
2019-04-03,1401.6319580078125,1401.6319580078125,1401.6319580078125,1401.6319580078125,0
2019-04-04,1357.935791015625,1408.3541990978883,1357.935791015625,1404.992971892404,21427600
2019-04-05,1351.21337890625,1381.4644247026588,1337.768469663402,1378.1031973919467,13730200
2019-04-08,1357.935791015625,1371.380699837562,1344.490882193688,1351.2133366046564,11642600
2019-04-09,1368.01953125,1381.4644406480343,1357.9358492014742,1378.1032132985256,6002700
2019-04-10,1347.8524169921875,1368.0197848274822,1347.8524169921875,1347.8524169921875,9264700
2019-04-11,1347.8524169921875,1357.936100909835,1344.4911890196386,1347.8524169921875,3931800
2019-04-12,1354.57470703125,1357.9359345921216,1347.8522519095068,1357.9359345921216,4407200
2019-04-15,1334.4072265625,1354.5745901881298,1334.4072265625,1354.5745901881298,13128300
2019-04-16,1337.7685546875,1344.4910097361808,1327.6848721144786,1344.4910097361808,12290400
2019-04-17,1337.7685546875,1337.7685546875,1337.7685546875,1337.7685546875,0
2019-04-18,1327.6849365234375,1354.5747580226464,1324.3237088360365,1351.2135303352452,13862800
2019-04-19,1327.6849365234375,1327.6849365234375,1327.6849365234375,1327.6849365234375,0
2019-04-22,1361.2972412109375,1361.2972412109375,1334.4074191623263,1337.7686469184027,9967500
2019-04-23,1361.2972412109375,1374.7421522352429,1354.5747856987846,1368.0196967230902,12470500
2019-04-24,1388.18701171875,1394.9094669813105,1357.9359630372276,1361.297190668508,24595100
2019-04-25,1354.57470703125,1394.9094377617091,1347.8522519095068,1391.5482102008375,51970600
2019-04-26,1351.21337890625,1361.2970608383862,1341.1296969741138,1357.9358335276743,23691500
2019-04-29,1327.6849365234375,1351.2135303352452,1320.9624811486353,1351.2135303352452,22089900
2019-04-30,1331.0460205078125,1341.1297024813564,1324.323565858783,1327.6847931832979,24542500
2019-05-01,1331.0460205078125,1331.0460205078125,1331.0460205078125,1331.0460205078125,0
2019-05-02,1324.3236083984375,1344.4909729933377,1320.9623809659543,1331.0460632634042,15633000
2019-05-03,1273.9052734375,1324.323687953496,1267.1828181687006,1317.6012326846965,43590200
2019-05-06,1273.9052734375,1287.3501839750988,1243.6542247279024,1247.015452362302,19066900
2019-05-07,1255.30859375,1329.1502757352941,1247.9244255514707,1329.1502757352941,78132400
2019-05-08,1177.7750244140625,1214.6958715743779,1163.0066855499363,1185.1591938461256,124110500
2019-05-09,1148.238037109375,1203.6192929185088,1148.238037109375,1185.1588743154643,65673700
2019-05-10,1137.161865234375,1177.7747889927455,1118.7014453442066,1163.0064530806108,37161200
2019-05-13,1085.47265625,1151.9301658163265,1085.47265625,1137.1618303571427,46174800
2019-05-14,1126.0855712890625,1126.0855712890625,1059.6280621638064,1070.7043136846823,55003800
2019-05-15,1070.7042236328125,1140.8538106984106,1070.7042236328125,1137.1617271686423,35715000
2019-05-16,1037.4757080078125,1085.4728048195618,1037.4757080078125,1070.7044673390235,30683700
2019-05-17,1015.3231201171875,1048.5518767755682,1015.3231201171876,1037.475624556108,36491200
2019-05-20,1037.4757080078125,1055.9361298584854,1004.2469486766014,1015.3232017870051,48074300
2019-05-21,1037.4757080078125,1063.3202985987543,1037.4757080078125,1044.8598767480817,35060000
2019-05-22,1052.243896484375,1059.6280641790022,1033.783477247807,1037.4755610951206,23406500
2019-05-23,1063.3201904296875,1078.0885264078775,1055.9360224405923,1055.9360224405923,44323400
2019-05-24,1063.3201904296875,1070.7043584187825,1048.5518544514973,1070.7043584187825,31992900
2019-05-27,1063.3201904296875,1078.0885264078775,1059.62810643514,1067.0122744242349,20297400
2019-05-28,1107.6253662109375,1115.0095353190104,1067.0124361165365,1067.0124361165365,63191500
2019-05-29,1107.6253662109375,1118.7016198730469,1092.8570279947917,1107.6253662109375,27637200
2019-05-30,1107.6253662109375,1107.6253662109375,1107.6253662109375,1107.6253662109375,0
2019-05-31,1129.7777099609375,1137.1618779998978,1100.241037805096,1103.9331218245761,42958800
2019-06-03,1129.7777099609375,1129.7777099609375,1129.7777099609375,1129.7777099609375,0
2019-06-04,1129.7777099609375,1129.7777099609375,1129.7777099609375,1129.7777099609375,0
2019-06-05,1129.7777099609375,1129.7777099609375,1129.7777099609375,1129.7777099609375,0
2019-06-06,1129.7777099609375,1129.7777099609375,1129.7777099609375,1129.7777099609375,0
2019-06-07,1129.7777099609375,1129.7777099609375,1129.7777099609375,1129.7777099609375,0
2019-06-10,1085.47265625,1140.8539142219388,1081.780572385204,1137.1618303571427,70543500
2019-06-11,1081.7806396484375,1100.2410601202537,1070.7043873653477,1085.4727237428008,30082300
2019-06-12,1063.3201904296875,1085.4726943969727,1059.62810643514,1081.780610402425,45497800
2019-06-13,1048.5518798828125,1067.0123003032845,1044.859795798718,1052.243963966907,36078500
2019-06-14,1044.85986328125,1063.320284893993,1044.85986328125,1052.2440319263471,29226200
2019-06-17,1041.1676025390625,1055.9359373268505,1041.1676025390625,1048.5517699329564,16575500
2019-06-18,1063.3201904296875,1067.0122744242349,1044.8597704569497,1048.5518544514973,28509100
2019-06-20,1078.088623046875,1092.856960348887,1078.088623046875,1089.164876023384,17671700
2019-06-21,1070.7042236328125,1096.5488083411908,1063.320056573276,1085.472557751886,27930000
2019-06-24,1063.3201904296875,1078.0885264078775,1063.3201904296875,1078.0885264078775,9595800
2019-06-25,1129.7777099609375,1133.4697939804178,1063.3201976102941,1063.3201976102941,70032300
2019-06-26,1103.93310546875,1163.006448905205,1100.2410215039715,1137.1618611517558,78050500
2019-06-27,1092.856689453125,1115.0091899150127,1081.7804392221813,1111.3171065046981,32033900
2019-06-28,1092.856689453125,1103.932939684069,1074.396272401552,1096.5487728634396,26468300
2019-07-01,1129.7777099609375,1133.4697939804178,1092.8568697661356,1100.241037805096,46328600
2019-07-02,1115.00927734375,1140.8538632424463,1111.3171936439362,1137.1617795426325,36968600
2019-07-03,1107.6253662109375,1122.3937044270833,1107.6253662109375,1115.0095353190104,25327500
2019-07-04,1126.0855712890625,1129.7776551293546,1118.7014036084784,1122.3934874487704,16206700
2019-07-05,1126.0855712890625,1148.2380743308145,1122.3934874487704,1144.5459904905224,43347900
2019-07-08,1100.240966796875,1133.4697208276532,1092.85679923448,1129.7776370464555,44526600
2019-07-09,1081.7806396484375,1103.933144214617,1078.0885555540742,1100.2410601202537,28031000
2019-07-10,1085.47265625,1096.5489078443877,1074.396404655612,1074.396404655612,19539400
2019-07-11,1074.3963623046875,1096.5488646202482,1074.3963623046875,1089.164697181728,21374100
2019-07-12,1048.5518798828125,1081.7806366396621,1044.859795798718,1074.3964684714733,35322000
2019-07-15,1048.5518798828125,1063.3202162191901,1041.1677117146237,1055.9360480510013,25467400
2019-07-16,1048.5518798828125,1059.6281321350957,1044.859795798718,1055.9360480510013,30885700
2019-07-17,1041.1676025390625,1048.5517699329564,1037.4755188421154,1041.1676025390625,14372800
2019-07-18,1059.6280517578125,1070.704303169915,1041.1676327376415,1041.1676327376415,23888200
2019-07-19,1063.3201904296875,1070.7043584187825,1059.62810643514,1067.0122744242349,12921000
2019-07-22,1048.5518798828125,1067.0123003032845,1048.5518798828125,1063.3202162191901,11271800
2019-07-23,1044.85986328125,1059.6282005714443,1041.1677789587015,1059.6282005714443,21399400
2019-07-24,1026.3994140625,1052.2440036252249,1026.3994140625,1048.5519194019785,26408000
2019-07-25,1030.0914306640625,1037.475598625812,1019.0151787214381,1026.3993466831876,18414000
2019-07-26,1015.3231201171875,1030.0914564098011,1015.3231201171876,1030.0914564098011,14034400
2019-07-29,996.8627319335938,1026.3994054723669,993.1706477412471,1019.0152370876737,16759600
2019-07-30,1007.9390258789062,1019.0152789105426,996.86277284727,996.86277284727,13025400
2019-07-31,1011.6310424804688,1011.6310424804688,996.8627060938926,996.8627060938926,20532800
2019-08-01,1007.9390258789062,1015.3231945666638,1000.5548571911487,1007.9390258789062,10080000
2019-08-02,993.1705932617188,1007.9389292210009,982.0943412922572,989.4785092718982,16007600
2019-08-05,967.3261108398438,989.4786171949547,967.3261108398438,985.7865328024362,17234300
2019-08-06,941.4813842773438,956.2497197169885,926.7130488376991,948.8655519971661,23625700
2019-08-07,945.1734619140625,971.0180487632751,937.7892942428589,948.8655457496643,26664100
2019-08-08,948.8656616210938,956.2498301940205,945.1735773346303,948.8656616210938,10745500
2019-08-09,937.7893676757812,971.0181247981515,930.4051994263656,948.8656200499046,23442600
2019-08-12,915.6368408203125,952.5576811759703,911.9447567847468,941.481429069273,20580000
2019-08-13,893.4843139648438,915.6368176168647,889.7922300228403,911.9447336748613,18919100
2019-08-14,897.1763305664062,911.9446652259355,893.4842469015239,908.2525815610533,16649300
2019-08-15,878.7160034179688,889.7922555618927,867.6397512740448,886.1001715139181,20207700
2019-08-16,900.8685302734375,956.2497923804111,867.6397730092534,878.7160254306481,56470000
2019-08-19,904.5606689453125,926.7131751235651,900.8685845822704,908.2527533083546,12316000
2019-08-20,908.2526245117188,919.3288760301543,889.7922053143261,904.5605406722402,12784600
2019-08-21,893.4843139648438,919.3289015588682,893.4843139648438,919.3289015588682,12268000
2019-08-22,893.4843139648438,908.2526497328578,889.7922300228403,897.1763979068473,10769000
2019-08-23,919.328857421875,934.0971924808609,897.1763548333961,897.1763548333961,26484800
2019-08-26,889.792236328125,908.2526561689574,882.408068391792,904.560572200791,22206000
2019-08-27,893.4843139648438,911.9447336748613,893.4843139648438,893.4843139648438,21763000
2019-08-28,889.792236328125,904.560572200791,889.7922363281249,893.4843202962915,8920700
2019-08-29,889.792236328125,900.8684882326244,886.1001523599584,889.7922363281249,11826900
2019-08-30,911.9447631835938,911.9447631835938,893.4843428762335,893.4843428762335,19139600
2019-09-02,893.4843139648438,915.6368176168647,893.4843139648438,911.9447336748613,11107200
2019-09-03,900.8685302734375,915.6368668352972,897.1764461329726,897.1764461329726,22955600
2019-09-04,900.8685302734375,934.0972875376217,900.8685302734375,915.6368668352972,35551000
2019-09-05,911.9447631835938,919.3289313065378,897.1764269377056,908.2526791221218,20546700
2019-09-06,959.94189453125,967.3260629507212,911.9447998046876,919.3289682241588,56924300
2019-09-09,996.8627319335938,1022.7073212800202,959.9418900101273,967.3260583948206,81823400
2019-09-10,978.4022827148438,1000.5547872291421,963.6339463719783,996.8627031434257,32325400
2019-09-11,993.1705932617188,1004.2468452311804,989.4785092718982,993.1705932617188,33609700
2019-09-12,967.3261108398438,1004.2469547650286,967.3261108398438,996.8627859799917,26637500
2019-09-13,945.1734619140625,982.0943002700806,945.1734619140625,971.0180487632751,28450400
2019-09-16,952.5575561523438,971.0179739072341,941.4813054994095,959.9417232542999,22555400
2019-09-17,948.8656616210938,963.6339987669473,948.8656616210938,959.9419144804839,16643900
2019-09-18,941.4813842773438,956.2497197169885,937.7893004174326,948.8655519971661,27744100
2019-09-19,908.2526245117188,945.173462906504,908.2526245117188,941.4813790670255,22492800
2019-09-20,911.9447631835938,915.6368472450658,900.8685109991777,908.2526791221218,20320500
2019-09-23,886.10009765625,919.3288513183593,886.10009765625,911.9446838378906,23032200
2019-09-24,856.5635375976562,882.4081270941373,845.4872849563072,871.3318744527883,30356200
2019-09-25,849.1793823242188,867.6398036790931,845.4872980532439,845.4872980532439,27631500
2019-09-26,849.1793823242188,860.2556351371434,845.4872980532439,860.2556351371434,21164600
2019-09-27,849.1793823242188,871.3318879500679,849.1793823242188,849.1793823242188,23032200
2019-09-30,834.4110107421875,856.563515452157,834.4110107421875,849.1793472155006,13196000
2019-10-01,841.795166015625,852.8714182000411,838.103081954153,845.4872500770971,7765200
2019-10-02,827.02685546875,849.1793605259487,827.02685546875,834.4110238211496,11565700
2019-10-03,827.02685546875,834.4110238211496,812.258518763951,823.3347712925503,6640600
2019-10-04,812.2584838867188,830.7189039750533,812.2584838867188,812.2584838867188,11964400
2019-10-07,793.7980346679688,823.3347057253816,779.0296991392623,812.2584540788517,16376500
2019-10-08,823.334716796875,827.0268007286995,793.7980453422786,804.8742971377521,16859700
2019-10-09,827.02685546875,834.4110238211496,812.258518763951,823.3347712925503,15658200
2019-10-10,834.4110107421875,834.4110107421875,804.8743377955614,830.7189266238593,18207800
2019-10-11,838.10302734375,845.4871949855451,823.3346920601597,830.7188597019548,15699200
2019-10-14,830.7188720703125,852.8713753255208,823.3347043185764,849.1792914496529,8465600
2019-10-15,834.4110107421875,838.1030948605157,815.9505901505462,830.7189266238593,14802000
2019-10-16,834.4110107421875,852.8714313338288,830.7189266238593,834.4110107421875,13826800
2019-10-17,819.6426391601562,838.1030589610607,812.2584712397945,830.718891040699,19263100
2019-10-18,867.6396484375,867.6396484375,819.6425615026595,819.6425615026595,51681800
2019-10-21,867.6396484375,886.1000664893617,860.2554812167552,875.0238156582446,17523300
2019-10-22,871.331787109375,878.7159547967425,845.4872002035884,875.0238709530587,13939300
2019-10-23,904.5606689453125,919.3290063974808,849.1794034996811,871.3319096779337,42560400
2019-10-24,889.792236328125,915.6368241052904,889.7922363281249,908.2526561689574,18263400
2019-10-25,867.6396484375,893.4842337101063,867.6396484375,893.4842337101063,28610000
2019-10-28,875.0239868164062,889.7923241466409,856.5635651536129,867.6398181512889,16107300
2019-10-29,867.6396484375,889.792150099734,867.6396484375,882.4079828789893,16981300
2019-10-30,863.9476318359375,878.7159674228766,863.9476318359375,871.3317996294071,8763900
2019-10-31,830.7188720703125,871.3317947048612,830.7188720703125,863.947626953125,29125000
2019-11-01,808.56640625,830.718910530822,808.56640625,830.718910530822,17881000
2019-11-04,849.1793823242188,852.8714665951936,819.6427081564199,823.3347924273947,22374200
2019-11-05,897.1763305664062,904.5604978961709,852.8713265878183,856.5634102527006,49811800
2019-11-06,908.2526245117188,930.4051275485899,875.023869956412,897.1763729932832,71502800
2019-11-07,882.4081420898438,908.2527320255296,845.4872993245783,908.2527320255296,47709200
2019-11-08,952.5575561523438,963.6338068052779,893.4842193366945,893.4842193366945,90666400
2019-11-11,959.94189453125,971.0181471604568,941.4814734825721,941.4814734825721,36136900
2019-11-12,967.3261108398438,985.7865328024362,941.4815200922144,959.9419420548068,40791500
2019-11-13,941.4813842773438,978.4022228764553,930.4051326976104,967.3259712967218,33803400
2019-11-14,908.2526245117188,945.173462906504,886.1001214748476,941.4813790670255,49560800
2019-11-15,926.7130737304688,930.4051576895544,897.1764020577846,911.9447378941267,16303600
2019-11-18,926.7130737304688,945.1734935258964,919.3289058122978,937.7893256077255,24614400
2019-11-19,915.6368408203125,941.481429069273,908.252672749181,926.7130929270098,21764300
2019-11-20,904.5606689453125,926.7131751235651,893.4844158561863,923.021090760523,17586400
2019-11-21,878.7160034179688,904.5605917537914,871.3318353220194,897.1764236578421,29775300
2019-11-22,897.1763305664062,904.5604978961709,878.7159122419946,878.7159122419946,21145000
2019-11-25,923.0209350585938,926.7130187988281,900.8684326171874,908.2526000976562,27497500
2019-11-26,971.0181884765625,971.0181884765625,915.6369229740969,926.71317607459,89132700
2019-11-27,952.5575561523438,971.0179739072341,941.4813054994095,971.0179739072341,34853500
2019-11-28,911.9447631835938,967.3260241056744,911.9447631835938,952.5576878597863,21173900
2019-11-29,893.4843139648438,919.3289015588682,889.7922300228403,911.9447336748613,13394500
2019-12-02,934.0972900390625,934.0972900390625,904.5606168362463,908.2527009865984,15718900
2019-12-03,923.0209350585938,945.1734375,915.6367675781249,923.0209350585938,16071500
2019-12-04,908.2526245117188,930.4051275485899,904.5605406722402,915.6367921906758,20090900
2019-12-05,945.1734619140625,952.5576295852661,911.9447073936462,919.3288750648499,28990000
2019-12-06,941.4813842773438,956.2497197169885,926.7130488376991,956.2497197169885,9373200
2019-12-09,956.249755859375,967.3260078577462,934.0972518626328,941.4814198615469,25638800
2019-12-10,941.4813842773438,967.3259712967218,941.4813842773438,948.8655519971661,20799900
2019-12-11,930.4052734375,952.5577799479167,930.4052734375,948.8656955295139,14370700
2019-12-12,911.9447631835938,941.4814356753701,904.5605950606497,937.789351613898,16313400
2019-12-13,952.5575561523438,952.5575561523438,908.2525535406068,923.0208877445191,28503500
2019-12-16,993.1705932617188,1004.2468452311804,956.2497533635136,956.2497533635136,64818900
2019-12-17,978.4022827148438,1007.938955400575,963.6339463719783,1004.2468713148585,30387500
2019-12-18,985.7864379882812,993.1706060630997,963.6339337638254,974.7101858760533,28631000
2019-12-19,978.4022827148438,993.1706190577094,971.018114543411,982.0943668005602,11609500
2019-12-20,959.94189453125,982.0943997896635,959.9418945312501,978.402315579928,16557600
2019-12-23,963.6337890625,982.0942064774904,952.5575386135057,978.4021229944923,11993800
2019-12-26,974.710205078125,985.7864574085582,967.3260368578362,967.3260368578362,11773200
2019-12-27,978.4022827148438,989.478534971993,971.018114543411,974.7101986291274,10007300
2019-12-30,982.0944213867188,996.8627585504288,974.7102528048638,978.4023370957913,14763500
2020-01-02,971.0181884765625,989.4786103107176,959.9419353760694,974.7102728433935,8093400
2020-01-03,985.7864379882812,985.7864379882811,959.9418497264161,963.6339337638254,13483900
2020-01-06,1007.9390258789062,1011.6311102227851,971.0181824401185,978.402351127876,26770600
2020-01-07,1000.5547485351562,1011.6310003639586,974.7101609346171,1007.9389164210245,22952100
2020-01-08,985.7864379882812,996.8626901005091,974.7101858760533,996.8626901005091,15608000
2020-01-09,985.7864379882812,993.1706060630997,978.4022699134626,985.7864379882811,10703400
2020-01-10,1026.3994140625,1033.7835825089928,993.1706560532824,993.1706560532824,52606300
2020-01-13,1044.85986328125,1052.2440319263471,1037.4756946361529,1037.4756946361529,44452800
2020-01-14,1030.0914306640625,1059.6281025110607,1026.3993466831876,1052.243934549311,28139900
2020-01-15,993.1705932617188,1030.091433159924,993.1705932617188,1026.3993491701035,27000700
2020-01-16,989.4786376953125,1011.6311445093867,978.4023842882754,996.8628066333372,23356800
2020-01-17,985.7864379882812,1000.5547741379183,982.0943539508719,993.1706060630997,9792700
2020-01-20,956.249755859375,989.4785118544885,952.557671859918,982.0943438555744,21197700
2020-01-21,945.1734619140625,963.6338810920715,937.7892942428589,945.1734619140625,20624800
2020-01-22,915.6368408203125,948.8655971404045,911.9447567847468,945.1735131048388,27981500
2020-01-23,889.792236328125,911.9447401371239,882.408068391792,908.2526561689574,35676700
2020-01-24,875.0239868164062,893.4844084791996,867.6398181512889,889.7923241466409,25342900
2020-01-27,827.02685546875,863.9476972307478,827.02685546875,863.9476972307478,39268200
2020-01-28,860.255615234375,863.9476994199304,812.2585208221567,823.3347733788224,48613600
2020-01-29,860.255615234375,886.1002045332618,856.5635310488198,871.3318677910408,31015700
2020-01-30,827.02685546875,860.255613054548,827.02685546875,852.8714447021484,30619900
2020-01-31,815.9505615234375,838.1030654562005,812.2584775346437,834.4109814674067,17939300
2020-02-03,801.1822509765625,819.6426715059763,797.4901668706797,804.8743350824452,35172600
2020-02-04,823.334716796875,827.0268007286995,801.1822132059276,808.5663810695768,21085800
2020-02-05,856.5635375976562,863.9477060252223,841.7952007425242,841.7952007425242,32483400
2020-02-06,845.4872436523438,871.3318318862582,841.7951596189274,871.3318318862582,15297600
2020-02-07,856.5635375976562,863.9477060252223,834.4110323149582,838.1031165287412,11738300
2020-02-10,830.7188720703125,852.8713753255208,830.7188720703125,849.1792914496529,13933600
2020-02-11,852.8713989257812,856.5634829038149,823.3347271015118,834.4109790356129,13944500
2020-02-12,841.795166015625,867.6397544459293,834.4109978926809,860.2555863229852,16223000
2020-02-13,841.795166015625,849.1793341385691,830.718913831209,849.1793341385691,11677000
2020-02-14,860.255615234375,863.9476994199304,834.4110259354883,841.7951943065988,18474200
2020-02-17,863.9476318359375,871.3317996294071,852.8713801457332,860.2555479392028,13087400
2020-02-18,878.7160034179688,878.7160034179688,863.9476672260702,867.6397512740448,17424900
2020-02-19,886.10009765625,893.4842651367187,875.0238464355468,878.7159301757812,20155700
2020-02-20,919.328857421875,926.713024951368,889.7921873039031,893.4842710686496,32998700
2020-02-21,889.792236328125,911.9447401371239,878.7159844236255,904.560572200791,22774600
2020-02-24,867.6396484375,886.1000664893617,856.563397606383,886.1000664893617,17784200
2020-02-25,889.792236328125,897.1764042644579,849.1793126782935,852.87139664646,23201800
2020-02-26,871.331787109375,904.5605417025291,871.331787109375,889.7922063277939,26455900
2020-02-27,845.4872436523438,893.4843360867563,841.7951596189274,871.3318318862582,26832100
2020-02-28,827.02685546875,845.4872763497489,808.5664345877511,830.7189396449498,42001000
2020-03-02,812.2584838867188,845.4872400457209,801.182231833718,845.4872400457209,39002300
2020-03-03,875.0239868164062,886.1002398140822,830.7189748257022,830.7189748257022,30483600
2020-03-04,911.9447631835938,923.0210153680099,867.6397544459293,875.0239225688733,33038400
2020-03-05,908.2526245117188,937.789295227547,908.2526245117188,934.0972113880684,29850800
2020-03-06,904.5606689453125,915.6369220344388,893.4844158561863,893.4844158561863,18529800
2020-03-09,815.9505615234375,875.0239053441389,815.9505615234375,875.0239053441389,38358000
2020-03-10,852.8713989257812,856.5634829038149,819.642643123478,819.642643123478,23587000
2020-03-11,812.2584838867188,867.6397441517223,801.182231833718,860.2555761163885,24599500
2020-03-12,760.5692749023438,808.5663650660839,742.1088556085975,775.3376103373407,23191300
2020-03-13,760.5692749023438,760.5692749023438,760.5692749023438,760.5692749023438,0
2020-03-16,760.5692749023438,760.5692749023438,760.5692749023438,760.5692749023438,0
2020-03-17,631.3463745117188,683.0355513723273,631.3463745117188,677.4974252801193,23282900
2020-03-18,588.8875122070312,631.3464864413941,588.8875122070312,631.3464864413941,29978700
2020-03-19,548.2744750976562,587.0413571752683,548.2744750976562,587.0413571752683,2795600
2020-03-20,664.5751953125,684.8816596137153,511.35369194878473,548.2745361328125,79840200
2020-03-23,618.4241333007812,699.6499896149137,618.4241333007812,660.883103646805,74786200
2020-03-24,660.8829345703125,670.1131431536968,627.6541836701292,627.6541836701292,48910700
2020-03-26,745.8009033203125,782.7217401183477,675.6513134040455,683.0354807636526,41809200
2020-03-27,753.18505859375,827.026731004902,736.5706823012408,771.645476696538,71887800
2020-03-30,701.4960327148438,753.1852140727796,701.4960327148438,753.1852140727796,16821100
2020-03-31,804.8743896484375,804.8743896484375,701.4960276752437,712.5722807438002,33618700
2020-04-01,756.877197265625,823.334707269436,753.1851133765243,782.7217844893293,30561000
2020-04-02,749.4930419921875,760.5692938442888,719.956370386584,749.4930419921875,23837600
2020-04-03,779.02978515625,786.4139537359301,745.8010265476896,745.8010265476896,25841300
2020-04-06,797.4901733398438,797.4901733398438,771.6455843890155,775.3376685248481,18666000
2020-04-07,775.337646484375,830.7189069475446,771.6455624534971,830.7189069475446,21588800
2020-04-08,736.57080078125,793.7981061051065,721.8024639234806,775.3376850328948,19039300
2020-04-09,731.0325927734375,753.1850955847538,714.4182156649503,736.5707184762666,9649000
2020-04-13,738.4168701171875,749.4931231689453,721.8024905395507,731.0327014160156,5783600
2020-04-14,767.9534912109375,775.3376593956581,742.1089025644156,745.8009866567759,15932800
2020-04-15,723.6484985351562,782.7218453543527,723.6484985351562,775.3376770019531,19782000
2020-04-16,703.342041015625,734.7247567564797,699.6499568108186,731.0326725516733,15573500
2020-04-17,731.0325927734375,738.4167603772096,708.8800899621212,708.8800899621212,14020600
2020-04-20,714.418212890625,745.8009250847869,714.418212890625,734.7246737221415,7323100
2020-04-21,673.8052978515625,710.7261360900043,664.575088291952,710.7261360900043,26386000
2020-04-22,684.8816528320312,694.1118637866408,655.3449777772806,664.5751887318902,18720700
2020-04-23,697.803955078125,710.7262505425348,684.8816596137153,694.1118706597223,25778600
2020-04-24,683.0355224609375,723.6484454180743,681.1894805083404,694.1117741765203,28119600
2020-04-27,673.8052978515625,697.8038427065497,670.1132140277184,692.2657169707834,16358000
2020-04-28,657.19091796875,681.1894627260358,653.4988341599368,670.1132112995963,17254900
2020-04-29,660.8829345703125,671.9591848703736,659.0368928536357,662.7289762869893,9910000
2020-04-30,692.2658081054688,697.8039345703125,670.1133022460938,670.1133022460938,20464800
2020-05-04,670.1132202148438,690.4196814334754,660.8830105700112,690.4196814334754,11936000
2020-05-05,670.1132202148438,688.5736395045088,657.1909267120782,683.0355137176093,35220100
2020-05-06,699.6499633789062,705.188089738106,671.9593315829073,673.8053737026406,58599000
2020-05-08,760.5692749023438,767.9534426198422,699.6498912329813,707.0340589504798,86015500
2020-05-11,756.877197265625,797.4901200457317,749.4930294874238,767.9534489329268,38337600
2020-05-12,734.7247314453125,775.3376562990735,731.0326473676979,775.3376562990735,26412900
2020-05-13,703.342041015625,729.1866304492701,686.7276620939961,716.2643357324475,58253000
2020-05-14,688.5736694335938,719.9563835900846,684.881585415183,690.4197114427991,37832000
2020-05-15,670.1132202148438,716.2642684390065,664.5750944279442,694.1117652914083,30769700
2020-05-18,701.4960327148438,705.1881170975535,666.4212310791015,675.6514420358758,45956600
2020-05-19,707.0340576171875,732.8786445796957,705.188015691294,714.4182253207613,45276000
2020-05-20,708.8800659179688,714.4181914329529,697.8038148880005,708.8800659179688,24247000
2020-05-26,753.18505859375,760.5692258348652,712.5721387676164,718.1102641984528,51276500
2020-05-27,771.6455688476562,779.0297369706003,745.800980417352,764.2614007247122,41042300
2020-05-28,771.6455688476562,790.1059891550165,764.2614007247122,782.7218210320724,46169400
2020-05-29,718.1104125976562,771.6456361589211,718.1104125976562,771.6456361589211,364481600
2020-06-02,767.9534912109375,775.3376593956581,727.3405661949745,729.1866082411547,125564400
2020-06-03,779.02978515625,790.1060380257702,756.8772794172097,775.3377008664099,87870700
2020-06-04,804.8743896484375,849.1794019226635,786.4139678675101,790.1060522236955,132199300
2020-06-05,815.9505615234375,830.7188974786129,797.4901415794684,812.2584775346437,66641200
2020-06-08,849.1793823242188,856.5635508661685,830.7189609693444,830.7189609693444,93899700
2020-06-09,882.4081420898438,886.1002263663703,852.8714678776314,856.563552154158,119439500
2020-06-10,875.0239868164062,915.6369144745516,841.7952278233781,878.7160711489649,269829400
2020-06-11,841.795166015625,878.7160066303454,830.718913831209,867.6397544459293,115570200
2020-06-12,882.4081420898438,889.7923106428968,793.7981194532067,797.4902037297333,161447100
2020-06-15,871.331787109375,915.6367932335804,867.6397032656912,886.1001224841101,132252000
2020-06-16,900.8685302734375,915.6368668352972,893.4843619925077,893.4843619925077,99983800
2020-06-17,911.9447631835938,919.3289313065378,893.4843428762335,915.6368472450658,115857300
2020-06-18,904.5606689453125,926.7131751235651,897.1765002192283,923.021090760523,216195200
2020-06-19,971.209716796875,971.209716796875,971.209716796875,971.209716796875,109431900
2020-06-22,907.3143310546875,937.1321729203345,907.3143310546875,911.5740227497799,207937000
2020-06-23,886.0158081054688,920.0933391864484,864.7173511798566,881.7561167203463,156000400
2020-06-24,903.0546264648438,920.0933930019162,890.2755515620394,894.5352431963074,108004000
2020-06-25,877.4963989257812,903.0545464673088,873.2367076688599,886.0157814396238,79582000
2020-06-26,877.4963989257812,898.7948552103876,873.2367076688599,894.5351639534663,48365400
2020-06-29,864.7173461914062,886.0158029941502,856.1979634703087,873.2367289125038,63577100
2020-06-30,860.4576416015625,881.7560980768487,851.938259011448,873.2367154867343,51448600
2020-07-01,890.2755126953125,890.2755126953125,849.8084439364347,860.457672557192,82565200
2020-07-02,881.756103515625,903.0545601222826,877.4964121942935,898.7948688009511,80132800
2020-07-03,873.23681640625,894.5352753429878,873.23681640625,894.5352753429878,31700400
2020-07-06,881.756103515625,881.756103515625,868.9770295516305,877.4964121942935,33927100
2020-07-07,873.23681640625,890.2755835556402,873.23681640625,886.0158917682927,30740100
2020-07-08,886.0158081054688,894.5351908757136,868.977042564979,873.2367339501014,57910300
2020-07-09,894.5352172851562,924.3530578613281,877.4964512416294,886.0158342633928,129801200
2020-07-10,881.756103515625,907.3142514436141,877.4964121942935,894.5351774796196,53632400
2020-07-13,924.35302734375,924.35302734375,881.756113641273,886.0158050115207,142137400
2020-07-14,911.5740356445312,937.1321861766208,911.5740356445311,928.6128026659243,111290100
2020-07-15,915.833740234375,932.8725074945494,907.3143566042878,932.8725074945494,51534200
2020-07-16,903.0546264648438,928.6127762704525,903.0546264648438,924.3530846361843,31992300
2020-07-17,911.5740356445312,924.353110910576,898.7949603784864,911.5740356445311,59441700
2020-07-20,886.0158081054688,920.0933391864484,886.0158081054688,920.0933391864484,44068400
2020-07-21,898.794921875,907.3143050207345,886.0158471563981,886.0158471563981,29396200
2020-07-22,886.0158081054688,911.5739564162035,886.0158081054688,907.314265031081,31878600
2020-07-23,898.794921875,911.5739965936019,890.2755387292653,898.794921875,32352000
2020-07-24,881.756103515625,903.0545601222826,881.756103515625,894.5351774796196,31699900
2020-07-27,886.0158081054688,898.7948822608361,881.7561167203463,886.0158081054688,23222200
2020-07-28,886.0158081054688,898.7948822608361,873.2367339501014,890.2754994905912,30856500
2020-07-29,881.756103515625,890.2754861582881,873.236720872962,886.0157948369565,14713800
2020-07-30,864.7173461914062,890.275494354699,860.4576548308575,886.0158029941502,46692000
2020-08-03,841.2891235351562,868.9771200059336,807.2115894172765,864.7174282411986,77529900
2020-08-04,856.1979370117188,860.4576282406327,841.2890177105197,851.9382457828048,53867700
2020-08-05,868.9769897460938,873.2366808723001,849.8083796781652,856.1979163674747,30482100
2020-08-06,886.0158081054688,886.0158081054688,868.977042564979,877.4964253352239,38585900
2020-08-07,873.23681640625,890.2755835556402,860.4577410442073,890.2755835556402,26817300
2020-08-10,903.0546264648438,903.0546264648438,868.9770933906987,873.2367850249668,69697100
2020-08-11,894.5352172851562,911.573983328683,886.0158342633928,907.3142918178013,37992000
2020-08-12,877.4963989257812,894.5351639534663,873.2367076688599,894.5351639534663,36475500
2020-08-13,881.756103515625,886.0157948369565,873.236720872962,873.236720872962,12773500
2020-08-14,877.4963989257812,886.0157814396238,873.2367076688599,886.0157814396238,17210000
2020-08-18,886.0158081054688,886.0158081054688,877.4964253352239,877.4964253352239,19991700
2020-08-19,898.794921875,907.3143050207345,881.7561555835308,886.0158471563981,55754100
2020-08-24,894.5352172851562,903.0546003069196,881.7561427525111,890.2755257742746,26481700
2020-08-25,903.0546264648438,903.0546264648438,894.5352431963074,894.5352431963074,26816900
2020-08-26,907.3143310546875,924.3530978350573,894.5352559694102,907.3143310546875,45944800
2020-08-27,907.3143310546875,920.0934061399648,898.7949476645026,911.5740227497799,26375900
2020-08-28,907.3143310546875,920.0934061399648,903.0546393595951,907.3143310546875,26919000
2020-08-31,868.9769897460938,915.8335921343635,864.7172986198874,915.8335921343635,63035800
2020-09-01,894.5352172851562,898.7949087960379,860.4576851981027,873.2367597307477,34663600
2020-09-02,915.833740234375,920.0934320494187,890.2755893441134,903.0546647892442,43367500
2020-09-03,911.5740356445312,924.353110910576,903.0546521338347,920.0934191552277,25352600
2020-09-04,894.5352172851562,907.3142918178013,881.7561427525111,907.3142918178013,18682000
2020-09-07,898.794921875,907.3143050207345,881.7561555835308,894.5352303021327,17178600
2020-09-08,886.0158081054688,907.314265031081,886.0158081054688,898.7948822608361,19034400
2020-09-09,868.9769897460938,886.0157542509191,860.457607493681,877.4963719985064,27289600
2020-09-10,809.3414306640625,860.4577315481085,809.3414306640625,860.4577315481085,68273200
2020-09-11,839.1592407226562,841.2890865112925,771.0041754862984,785.9130960067517,46751800
2020-09-14,873.23681640625,873.23681640625,851.9383574695122,851.9383574695122,26702000
2020-09-15,873.23681640625,881.7561999809451,864.7174328315549,881.7561999809451,28752300
2020-09-16,868.9769897460938,881.7560631247128,864.7172986198874,877.4963719985064,13859300
2020-09-17,856.1979370117188,881.7560843852029,851.9382457828048,877.496393156289,15857900
2020-09-18,851.9383544921875,868.9771215820313,851.9383544921875,860.4577380371094,18694700
2020-09-21,851.9383544921875,868.9771215820313,851.9383544921875,860.4577380371094,15419900
2020-09-22,851.9383544921875,856.1980462646484,841.2891250610352,847.6786627197265,17243900
2020-09-23,843.4188232421875,864.7172783745659,839.1591322157118,856.1978963216145,12875500
2020-09-24,830.6398315429688,843.4189058743991,826.3801400991587,839.159214430589,11910700
2020-09-25,847.6786499023438,849.8084957563698,828.5100372161098,839.1592664862397,11710500
2020-09-28,839.1592407226562,856.1980070317458,837.0293949340202,849.8084696658373,5436200
2020-09-29,845.5487670898438,856.1979958945017,839.159229807049,847.6786128507753,17340900
2020-09-30,839.1592407226562,847.6786238772011,826.3801659908393,845.5487780885649,11323400
2020-10-01,851.9383544921875,860.4577380371094,839.1592791748046,843.4189709472656,9175800
2020-10-02,839.1592407226562,856.1980070317458,830.6398575681116,856.1980070317458,9279700
2020-10-05,830.6398315429688,847.6785973182092,830.6398315429688,839.159214430589,11708500
2020-10-06,839.1592407226562,841.2890865112925,834.899549145384,837.0293949340202,6498000
2020-10-07,837.0293579101562,845.5487406878677,834.8995122157284,839.1592036045841,18221500
2020-10-08,847.6786499023438,868.9771084426036,837.0294206322138,841.2891123402658,30616700
2020-10-09,845.5487670898438,856.1979958945017,843.4189213289121,847.6786128507753,11386800
2020-10-12,860.4576416015625,860.4576416015625,843.4188764213336,845.5487220688622,15389500
2020-10-13,864.7173461914062,864.7173461914062,845.5487350689366,860.4576548308575,14388400
2020-10-14,873.23681640625,881.7561999809451,851.9383574695122,860.4577410442073,28140300
2020-10-15,856.1979370117188,881.7560843852029,856.1979370117188,877.496393156289,19485700
2020-10-16,873.23681640625,877.4965081935976,849.8085115758385,856.1980492568598,26072500
2020-10-19,873.23681640625,886.0158917682927,868.9771246189024,881.7561999809451,15469800
2020-10-20,856.1979370117188,877.496393156289,851.9382457828048,873.2367019273748,18312400
2020-10-21,851.9383544921875,868.9771215820313,851.9383544921875,856.1980462646484,13260800
2020-10-22,837.0293579101562,851.9382777711514,834.8995122157284,851.9382777711514,71860900
2020-10-23,834.8995361328125,843.4189191545759,832.7696903773716,839.1592276436942,22850600
2020-10-26,839.1592407226562,847.6786238772011,837.0293949340202,837.0293949340202,19051200
2020-10-27,834.8995361328125,845.5487649100168,834.8995361328125,839.1592276436942,11583500
2020-11-02,826.3800659179688,839.1591391022672,826.3800659179688,834.8994480408344,18159000
2020-11-03,830.6398315429688,837.0293687086839,830.6398315429688,830.6398315429688,9393500
2020-11-04,824.250244140625,837.0293176931929,824.250244140625,832.7696265090035,16673900
2020-11-05,839.1592407226562,841.2890865112925,828.5100117794753,830.6398575681116,14737000
2020-11-06,847.6786499023438,856.1980333184478,845.5488040483177,845.5488040483177,35428700
2020-11-09,856.1979370117188,868.9770106984608,851.9382457828048,856.1979370117188,29260700
2020-11-10,860.4576416015625,873.2367154867343,856.1979503065053,873.2367154867343,20916700
2020-11-11,881.756103515625,894.5351774796196,860.4576469089674,868.9770295516305,65778900
2020-11-12,868.9769897460938,886.0157542509191,868.9769897460938,886.0157542509191,24822800
2020-11-13,868.9769897460938,873.2366808723001,860.457607493681,864.7172986198874,17436800
2020-11-16,907.3143310546875,915.8337144448724,873.2367974939481,877.4964891890405,61569000
2020-11-17,898.794921875,920.0933797393365,898.794921875,911.5739965936019,53820400
2020-11-18,898.794921875,911.5739965936019,898.794921875,907.3143050207345,27678900
2020-11-19,949.9111938476562,954.1708852998879,894.535204968645,898.7948964208766,132673300
2020-11-20,932.8723754882812,962.6902139742081,928.612684276006,954.1708315496575,72908500
2020-11-23,971.209716796875,971.209716796875,945.651566354852,949.9112580951892,77900700
2020-11-24,971.209716796875,996.767867238898,971.209716796875,983.9887920178865,88378800
2020-11-25,971.209716796875,1001.0275589792352,958.4306415758634,988.2484837582236,102632700
2020-11-26,1005.2870483398438,1005.2870483398438,983.9885939258639,983.9885939258639,99508100
2020-11-27,1026.585693359375,1030.8453850330654,1005.2872349909233,1013.806618338304,61249600
2020-11-30,1005.2870483398438,1077.7017933473749,983.9885939258639,1039.3645754022114,192854700
2020-12-01,1035.1051025390625,1056.4035614390432,988.248492959105,1022.3260271990741,91179000
2020-12-02,1043.6243896484375,1052.1437724210778,1030.8453154894771,1043.6243896484375,64008000
2020-12-03,1039.36474609375,1069.18258717021,1039.36474609375,1060.6632040055072,61766600
2020-12-04,1056.403564453125,1064.9229480374242,1035.1051054923764,1052.1438726609751,64010900
2020-12-07,1141.597412109375,1150.116795781833,1077.7020345659398,1077.7020345659398,156851600
2020-12-08,1201.23291015625,1214.0119836685506,1150.1166161070478,1171.415071960882,139826000
2020-12-10,1192.713623046875,1222.5314636230469,1171.4151654924665,1214.0120806012835,107887700
2020-12-11,1196.973388671875,1214.012155770407,1184.194313347976,1201.233080446508,59382300
2020-12-14,1299.205810546875,1299.205810546875,1222.5313692686987,1222.5313692686987,106224600
2020-12-15,1307.7252197265625,1316.2446022654979,1265.1283070318862,1303.465528457095,92609200
2020-12-16,1350.3221435546875,1354.5818348592763,1320.5043044225652,1320.5043044225652,57825600
2020-12-17,1294.9461669921875,1354.5818457352486,1277.907401637027,1350.3221543964587,85604700
2020-12-18,1269.38818359375,1299.2060268325295,1256.6091079199875,1294.9463349412752,72485000
2020-12-21,1294.9461669921875,1311.984932347348,1243.8298709267065,1269.388018959447,85692700
2020-12-22,1226.791015625,1290.6863810221353,1214.0119425455728,1286.4266899956597,75288800
2020-12-23,1201.23291015625,1265.1282777177526,1150.1166161070478,1226.791057180851,81613400
2020-12-28,1214.011962890625,1235.3104183799342,1205.4925806949013,1235.3104183799342,52184700
2020-12-29,1231.0509033203125,1252.3493618552661,1209.752444785359,1231.0509033203125,64321200
2020-12-30,1196.973388671875,1226.791231094306,1188.454005122609,1214.012155770407,47652800
2021-01-04,1188.4539794921875,1205.4927462232583,1124.558604250672,1196.973362857723,76884400
2021-01-05,1179.9345703125,1218.2717946186824,1175.6748787229242,1188.4539534916516,46044200
2021-01-06,1141.597412109375,1179.934638635436,1120.29895292823,1179.934638635436,64679600
2021-01-07,1201.23291015625,1209.7522924977836,1116.039086740913,1137.3375425947472,108301800
2021-01-08,1214.011962890625,1277.9073293585525,1205.4925806949013,1235.3104183799342,107126400
2021-01-11,1239.5701904296875,1260.8686473099226,1222.5314249254993,1248.0895731817816,86412200
2021-01-12,1218.2716064453125,1248.0894429667012,1209.7522245820585,1239.5700611034472,51911000
2021-01-13,1294.9461669921875,1303.4655496697676,1235.3104882491261,1269.388018959447,162580800
2021-01-14,1277.907470703125,1320.5043863932292,1277.907470703125,1311.9850032552083,97453500
2021-01-15,1252.349365234375,1282.1672072637648,1243.8299817974064,1269.388132108312,57645400
2021-01-18,1256.6090087890625,1286.4268496755826,1218.271784792108,1252.3493172338453,62283700
2021-01-19,1214.011962890625,1269.3879471628288,1175.6747430098683,1260.8685649671052,66704700
2021-01-20,1226.791015625,1235.3103976779514,1192.7134874131943,1209.7522515190972,38652700
2021-01-21,1218.2716064453125,1248.0894429667012,1209.7522245820585,1235.3103701718203,29798700
2021-01-22,1179.9345703125,1222.5314862082582,1158.636112364621,1218.2717946186824,39287300
2021-01-25,1150.1165771484375,1179.9344143337673,1116.0390489366318,1179.9344143337673,41122900
2021-01-26,1175.6749267578125,1184.194310285043,1107.5198585399683,1150.116776176121,78348700
2021-01-27,1141.597412109375,1214.0121733252681,1128.8183366006879,1201.233097816581,138977300
2021-01-28,1103.2601318359375,1175.6748895240105,1090.481056949807,1137.337664865619,107796600
2021-01-29,1099.0003662109375,1150.116662313772,1056.4034527919089,1128.8182056042576,108401800
2021-02-01,1111.779296875,1120.298678460249,1039.364553400383,1103.259915289751,70788300
2021-02-02,1060.6630859375,1128.8181436684238,1043.6243215047691,1116.0390703438754,80881200
2021-02-03,1026.585693359375,1064.9229184225883,1022.3260016856847,1060.6632267488978,87968000
2021-02-04,1056.403564453125,1073.4423316217237,1022.3260301159273,1026.5857219080772,79730000
2021-02-05,1090.4810791015625,1103.260154247284,1060.6632370948792,1073.4423122406006,72468700
2021-02-08,1111.779296875,1124.5583692528735,1099.0002244971263,1111.779296875,37956000
2021-02-09,1103.2601318359375,1128.8182816081985,1086.2213653210968,1128.8182816081985,38755800
2021-02-10,1086.2213134765625,1111.7794620289521,1077.701930625766,1111.7794620289521,19875200
2021-02-11,1103.2601318359375,1111.7795150933578,1081.9616736923865,1090.481056949807,19691700
2021-02-15,1107.519775390625,1116.0391582782452,1094.7407010591949,1107.519775390625,18710800
2021-02-16,1107.519775390625,1120.2988497220554,1094.7407010591949,1107.519775390625,26515700
2021-02-17,1090.4810791015625,1120.2989211082458,1086.221387386322,1111.779537677765,42563500
2021-02-18,1090.4810791015625,1107.5198459625244,1077.702003955841,1077.702003955841,22065500
2021-02-19,1086.2213134765625,1094.740696327359,1077.701930625766,1090.4810049019607,10726800
2021-02-22,1167.155517578125,1171.4152092481181,1094.7407591882413,1099.0004508582344,117066900
2021-02-23,1158.63623046875,1175.6749985638787,1150.1168464211855,1171.4153065400965,48060500
2021-02-24,1120.2989501953125,1162.8958684536894,1116.039258369475,1158.6361766278517,53690300
2021-02-25,1141.597412109375,1154.376487618062,1133.0780284369168,1141.597412109375,37517300
2021-02-26,1154.3763427734375,1154.3763427734375,1107.5197384542205,1120.2988123594614,36346300
2021-03-01,1158.63623046875,1171.4153065400965,1145.8571543974035,1167.1556145163142,23529500
2021-03-02,1162.895751953125,1188.4539003476991,1162.895751953125,1171.4151347513164,42723000
2021-03-03,1154.3763427734375,1175.6747992821724,1150.1166514716904,1175.6747992821724,22092100
2021-03-04,1154.3763427734375,1171.4151079804255,1133.0778862647026,1154.3763427734375,42974700
2021-03-05,1154.3763427734375,1154.3763427734375,1137.3375775664495,1141.5972688681964,19286700
2021-03-08,1141.597412109375,1167.155563126749,1141.597412109375,1162.89587129052,18341300
2021-03-09,1111.779296875,1150.1165140086207,1099.0002244971263,1141.5971324233717,28531500
2021-03-10,1107.519775390625,1128.8182326096755,1099.0003925030048,1128.8182326096755,16141100
2021-03-12,1162.895751953125,1167.1554433522206,1120.298837962168,1128.8182207603593,45093100
2021-03-15,1167.155517578125,1184.1942842580977,1158.6361342381388,1171.4152092481181,27693700
2021-03-16,1154.3763427734375,1175.6747992821724,1150.1166514716904,1171.4151079804255,20082000
2021-03-17,1154.3763427734375,1167.1554166786784,1145.8569601699435,1158.6360340751844,17423100
2021-03-18,1171.4151611328125,1179.9345441228693,1162.8957781427557,1167.155469637784,42697500
2021-03-19,1175.6749267578125,1184.194310285043,1158.6361597033515,1171.4152349941971,50493100
2021-03-22,1179.9345703125,1222.5314862082582,1175.6748787229242,1192.7136450812275,63607300
2021-03-23,1192.713623046875,1209.7523890904017,1179.9345485142298,1205.4926975795202,39694200
2021-03-24,1167.155517578125,1184.1942842580977,1162.8958259081319,1184.1942842580977,28610400
2021-03-25,1145.85693359375,1171.4150808114543,1133.0778599848977,1167.1553896085036,32469400
2021-03-26,1150.1165771484375,1158.635959201389,1133.0778130425347,1150.1165771484375,23697000
2021-03-29,1141.597412109375,1158.6361794542909,1141.597412109375,1150.116795781833,14444900
2021-03-30,1120.2989501953125,1145.8571011503386,1116.039258369475,1141.597409324501,29091500
2021-03-31,1116.0391845703125,1128.818259202797,1103.260109937828,1116.0391845703125,24382700
2021-04-01,1128.8182373046875,1137.3376202277418,1116.039162920106,1128.8182373046875,17046300
2021-04-05,1081.961669921875,1158.6361189714567,1073.4422866941438,1141.597352515994,72616600
2021-04-06,1073.4423828125,1081.9617668030753,1039.3648468501983,1077.7020748077878,48211800
2021-04-07,1073.4423828125,1090.4811507936508,1064.9229988219245,1081.9617668030753,22051100
2021-04-08,1081.961669921875,1086.2213615357407,1069.1825950802781,1073.4422866941438,18123700
2021-04-09,1081.961669921875,1090.4810531496064,1077.7019783080095,1081.961669921875,12621600
2021-04-12,1047.884033203125,1090.4809451219512,1039.3646508193597,1086.2212539300685,30610800
2021-04-13,1047.884033203125,1060.6631067787728,1035.1049596274772,1047.884033203125,27946200
2021-04-14,1063.125732421875,1067.5188139608083,1049.9464878050749,1054.3395693440082,29522000
2021-04-15,1041.1602783203125,1071.9118477221782,1036.7671969771889,1067.5187663790546,19323000
2021-04-16,1045.5533447265625,1063.1256698480174,1041.1602634461988,1045.5533447265625,20695200
2021-04-19,1063.125732421875,1076.3049770386751,1045.5534062661416,1049.9464878050749,26395000
2021-04-20,1063.125732421875,1071.9118954997418,1049.9464878050749,1063.125732421875,10846000
2021-04-21,1049.9464111328125,1058.7325735690704,1045.5533299146834,1054.3394923509413,10382800
2021-04-22,1036.76708984375,1058.732494289592,1027.980928065413,1049.9463325112552,13289600
2021-04-23,1049.9464111328125,1058.7325735690704,1032.3740862602967,1036.7671674784258,11052800
2021-04-26,1049.9464111328125,1071.911817223457,1041.1602486965546,1045.5533299146834,12495000
2021-04-27,1049.9464111328125,1063.1256547871992,1041.1602486965546,1063.1256547871992,8821700
2021-04-28,1054.3394775390625,1058.7325586954753,1045.553315226237,1054.3394775390625,6040200
2021-04-29,1063.125732421875,1071.9118954997418,1054.3395693440082,1063.125732421875,10663900
2021-04-30,1041.1602783203125,1067.5187663790546,1036.7671969771889,1063.125685035931,28344800
2021-05-03,1001.6224975585938,1041.1602277253803,1001.6224975585938,1032.3740654660944,30773300
2021-05-04,1010.40869140625,1014.8017726732337,997.2294476052989,1001.6225288722826,19078000
2021-05-05,1006.0155639648438,1010.4086450301925,997.2294018341465,1010.4086450301925,9690200
2021-05-06,1006.0155639648438,1023.5878882262384,1006.0155639648439,1010.4086450301925,13024900
2021-05-07,1001.6224975585938,1019.1948220771656,1001.6224975585938,1010.4086598178797,11633000
2021-05-10,1001.6224975585938,1010.4086598178797,988.4432541696649,1006.0155786882367,18400000
2021-05-11,1001.6224975585938,1023.5879032068085,992.8363352993078,1001.6224975585938,24415700
2021-05-17,992.8363037109375,1023.5878706400373,988.443222721066,1019.1947896501658,20751000
2021-05-18,992.8363037109375,1001.6224656906802,979.6570607413232,997.2293847008089,12949900
2021-05-19,979.6570434570312,1001.6224480188481,975.263962544668,997.2293671064848,17102600
2021-05-20,948.9054565429688,984.0501030815972,944.5123757256401,979.6570222642687,28546300
2021-05-21,944.5123901367188,970.8708754428598,940.119309252362,962.0847136741461,18400400
2021-05-24,931.3331298828125,966.4777762934847,931.3331298828125,962.0846954921507,11103400
2021-05-25,962.084716796875,970.8708785941068,935.7262314051798,944.5123932024115,16105500
2021-05-27,957.691650390625,975.2639742510034,957.691650390625,962.0847313557197,18092400
2021-05-28,962.084716796875,970.8708785941068,953.2985549996432,962.084716796875,10980900
2021-05-31,970.8709106445312,984.0501537754525,962.0847485572504,962.0847485572504,11327800
2021-06-02,1032.3739013671875,1041.160062229887,979.6569361909907,984.0500166223404,64936900
2021-06-03,1019.19482421875,1032.3740676353716,1010.4086619410022,1032.3740676353716,22029200
2021-06-04,1001.6224975585938,1019.1948220771656,1001.6224975585938,1010.4086598178797,12600600
2021-06-07,975.2639770507812,1001.6224629170185,975.2639770507812,1001.6224629170185,18213400
2021-06-08,962.084716796875,1001.6224448844179,962.084716796875,992.8362830871861,30094000
2021-06-09,975.2639770507812,984.0501390061937,962.0847341176626,966.4778150953688,21115000
2021-06-10,966.477783203125,988.4431873668324,966.477783203125,984.0501065340909,22824900
2021-06-11,1006.0155639648438,1027.9809692915871,962.0847533113572,979.6570775727519,76607700
2021-06-14,1006.0155639648438,1023.5878882262384,992.8363207687978,1010.4086450301925,21724800
2021-06-15,984.0501708984375,1006.015576498849,975.2640086582728,1006.015576498849,14850800
2021-06-16,992.8363037109375,1001.6224656906802,962.0847367818376,975.2639797514519,30760900
2021-06-17,966.477783203125,988.4431873668324,966.477783203125,979.6570257013494,21771400
2021-06-18,931.3331298828125,970.8708570948187,926.9400490814785,957.6916146908166,37712000
2021-06-21,913.7608642578125,922.5470264141376,900.5816210233248,922.5470264141376,22927200
2021-06-22,922.5470581054688,931.3332205636161,913.7608956473215,922.5470581054688,13637600
2021-06-23,900.5816650390625,931.3332340891769,900.5816650390625,926.9401527963034,16552300
2021-06-24,891.7954711914062,909.3677957469018,887.4023900525323,900.581633469154,14156800
2021-06-25,891.7954711914062,909.3677957469018,887.4023900525323,896.1885523302801,18516800
2021-06-28,883.00927734375,909.3677632346082,883.00927734375,900.5816012709888,12391800
2021-06-29,878.6162719726562,891.7955160522461,876.4197312927246,878.6162719726562,13399800
2021-06-30,878.6162719726562,891.7955160522461,876.4197312927246,878.6162719726562,18161700
2021-07-01,883.00927734375,900.5816012709888,878.6161963619403,891.7954393073694,11926800
2021-07-02,922.5470581054688,931.3332205636161,887.4024082728795,891.7954895019532,19535700
2021-07-05,904.9747314453125,935.7262999895706,896.1885690040958,926.9401375483541,16037200
2021-07-06,944.5123901367188,953.2985519054324,918.1539048305777,926.9400665992914,24718600
2021-07-07,922.5470581054688,935.7263017926898,922.5470581054688,935.7263017926898,13590700
2021-07-08,909.36767578125,931.3330785778985,904.9745952219203,926.9399980185689,11132900
2021-07-09,935.726318359375,944.512480973078,904.9747492114143,918.1539931319688,15219500
2021-07-12,931.3331298828125,948.9054530881485,931.3331298828125,944.5123722868145,12700100
2021-07-13,913.7608642578125,940.1193507267878,904.9747021014874,931.3331885704628,12721100
2021-07-14,909.36767578125,931.3330785778985,904.9745952219203,913.7607563405797,11271500
2021-07-15,922.5470581054688,926.9401393345424,909.3678144182478,909.3678144182478,7678900
2021-07-16,935.726318359375,953.298643586781,922.5470744388203,922.5470744388203,27623200
2021-07-19,940.119384765625,948.9055472400702,931.3332222911799,940.119384765625,13533600
2021-07-21,935.726318359375,953.298643586781,926.9401557456719,940.1193996662265,17241000
2021-07-22,988.443359375,997.2295225694444,940.1194618055555,944.5125434027777,44501800
2021-07-23,975.2639770507812,1014.8017058501373,975.2639770507812,1010.408624872431,32513700
2021-07-26,984.0501708984375,997.2294142586844,975.2640086582728,975.2640086582728,17187000
2021-07-27,979.6570434570312,997.2293671064848,970.8708816323045,992.8362861941214,11666700
2021-07-28,970.8709106445312,984.0501537754525,957.69166751361,979.657072731812,13950700
2021-07-29,984.0501708984375,997.2294142586844,962.0847652980259,975.2640086582728,20433300
2021-07-30,979.6570434570312,997.2293671064848,966.4778007199412,979.6570434570312,19335700
2021-08-02,984.0501708984375,997.2294142586844,970.8709275381905,988.4432520185197,13784600
2021-08-03,975.2639770507812,984.0501390061937,970.8708960730751,984.0501390061937,9003000
2021-08-04,992.8363037109375,997.2293847008089,979.6570607413232,988.443222721066,15136800
2021-08-05,962.084716796875,1006.0155257830337,962.084716796875,997.2293639858019,23635900
2021-08-06,975.2639770507812,984.0501390061937,966.4778150953688,970.8708960730751,11295600
2021-08-09,970.8709106445312,997.2293969063737,966.4778296008908,984.0501537754525,16669900
2021-08-10,988.443359375,992.8364409722221,970.8710329861111,984.0502777777778,15439200
2021-08-12,1041.1602783203125,1045.5533596634361,988.4433022028284,997.2294648890756,53808100
2021-08-13,1027.98095703125,1049.9463620960203,1014.8017139923878,1045.5532810830662,29949200
2021-08-16,1023.5879516601562,1041.1602770105453,1019.194870322559,1032.3741143353507,18091800
2021-08-18,988.443359375,1019.1949305555555,984.0502777777778,1019.1949305555555,34384400
2021-08-19,944.5123901367188,997.2293607490008,935.7262283680051,988.4431989802871,43424500
2021-08-20,926.9401245117188,953.2986114646586,922.5470433528955,944.5124491470119,39361100
2021-08-23,922.5470581054688,935.7263017926898,913.7608956473215,931.3332205636161,53197900
2021-08-24,913.7608642578125,940.1193507267878,909.3677831796499,931.3331885704628,35462400
2021-08-25,918.1539916992188,926.9401542992113,918.1539916992188,918.1539916992188,15412100
2021-08-26,922.5470581054688,931.3332205636161,913.7608956473215,922.5470581054688,15548200
2021-08-27,913.7608642578125,926.9401074923002,913.7608642578125,922.5470264141376,11491100
2021-08-30,926.9401245117188,931.333205670542,918.153962194072,922.5470433528955,17414300
2021-08-31,926.9401245117188,931.333205670542,922.5470433528955,926.9401245117188,24026300
2021-09-01,957.691650390625,970.8708932859088,944.5124074953412,944.5124074953412,72378300
2021-09-02,962.084716796875,975.2639594927226,953.2985549996432,966.4777976954908,33632700
2021-09-03,1006.0155639648438,1006.0155639648439,966.4778343767058,966.4778343767058,57376600
2021-09-06,1014.8016357421875,1027.9808777648132,1006.0154743937702,1010.4085550679789,34645400
2021-09-07,1001.6224975585938,1023.5879032068085,997.2294164289508,1019.1948220771656,18759700
2021-09-08,1010.40869140625,1014.8017726732337,988.4432850713315,1001.6225288722826,28186200
2021-09-09,1027.98095703125,1032.374038044204,1001.6224709535256,1010.4086329794337,41081700
2021-09-10,1032.3739013671875,1036.7669817985372,1014.8015796417885,1027.9808209358378,26774900
2021-09-13,1023.5879516601562,1032.3741143353507,1014.8017889849618,1032.3741143353507,11547300
2021-09-14,1041.1602783203125,1045.5533596634361,1027.9810342909416,1032.3741156340652,31209400
2021-09-15,1058.732421875,1067.5185830523858,1032.3739383428422,1036.7670189315352,38499200
2021-09-16,1058.732421875,1080.6978248184646,1045.5531801089212,1063.1255024636928,41284500
2021-09-17,1019.19482421875,1041.1602299131196,1010.4086619410022,1032.3740676353716,51739300
2021-09-20,1006.0155639648438,1027.9809692915871,997.2294018341465,1019.1948071608898,17119100
2021-09-21,1001.6224975585938,1010.4086598178797,979.657091910379,1006.0155786882367,25481900
2021-09-22,1032.3739013671875,1041.160062229887,1001.6223383477394,1006.0154187790891,26238200
2021-09-23,1063.125732421875,1067.5188139608083,1036.7672431882747,1049.9464878050749,36159800
2021-09-24,1076.304931640625,1102.6634197624362,1071.9118502869899,1076.304931640625,60322600
2021-09-27,1080.6978759765625,1102.663279959826,1071.911714383257,1080.6978759765625,28935900
2021-09-28,1155.3804931640625,1159.7735748871198,1098.270430764318,1098.270430764318,97944900
2021-09-29,1159.7734375,1177.345762310606,1142.201112689394,1146.5941938920455,70824000
2021-09-30,1212.4903564453125,1225.6695994501529,1159.773384425951,1159.773384425951,81040500
2021-10-01,1194.9180908203125,1234.4558217665729,1186.1319283878101,1212.4904156853172,84607400
2021-10-04,1269.6004638671875,1287.172788626595,1221.2765707788171,1221.2765707788171,99049500
2021-10-05,1247.6348876953125,1317.9241771429358,1230.0625653334066,1295.9587741905534,121685900
2021-10-06,1247.6348876953125,1300.35185478103,1234.4556459238831,1282.779532419124,99269600
2021-10-07,1177.345703125,1216.8834319612874,1168.5595411613806,1208.097269997668,119597200
2021-10-08,1221.276611328125,1225.6696926638376,1181.738879306711,1181.738879306711,62867400
2021-10-11,1247.6348876953125,1265.2072100572184,1221.2764041524538,1234.4556459238831,68436800
2021-10-12,1243.241943359375,1269.6004297910226,1234.4557812154924,1265.2073487190812,56681900
2021-10-13,1225.6695556640625,1252.028040732107,1225.6695556640625,1243.2418790427587,29495800
2021-10-14,1238.8487548828125,1252.0279969560338,1225.669512809591,1230.062593500665,36796500
2021-10-15,1243.241943359375,1260.81426764714,1230.0627001435512,1238.8488622874338,39191200
2021-10-18,1256.4212646484375,1265.2074273382866,1230.0627765788897,1234.4558579238144,53083800
2021-10-19,1238.8487548828125,1256.4210776471077,1234.4556741917386,1256.4210776471077,34372100
2021-10-21,1194.9180908203125,1221.2765781178193,1172.9526847390568,1221.2765781178193,83092500
2021-10-22,1172.95263671875,1181.7387987915497,1124.6287453183522,1124.6287453183522,46458000
2021-10-25,1203.7042236328125,1252.028115822451,1194.9180614165145,1243.241953606153,63608600
2021-10-26,1230.062744140625,1243.241987827846,1208.0973379952568,1225.6696629115513,52184000
2021-10-27,1221.276611328125,1247.635099342401,1212.4904486566995,1247.635099342401,37901500
2021-10-28,1159.7734375,1199.3111683238637,1146.5941938920455,1199.3111683238637,93386600
2021-10-29,1177.345703125,1181.7387841068098,1137.8079742887128,1142.2010552705224,35804400
2021-11-01,1172.95263671875,1194.9180419007491,1133.4149073911517,1155.3803125731508,51187000
2021-11-02,1142.2010498046875,1172.9526165301984,1133.414887883113,1164.1664546086238,45731500
2021-11-03,1159.7734375,1164.1665187026515,1142.201112689394,1159.7734375,19187100
2021-11-04,1177.345703125,1190.5249460704292,1164.166460179571,1181.7387841068098,27267200
2021-11-05,1164.1663818359375,1177.3456238944575,1155.3802204635908,1177.3456238944575,11416000
2021-11-08,1177.345703125,1186.1318650886194,1172.9526221431904,1172.9526221431904,17516800
2021-11-09,1177.345703125,1203.7041890158582,1177.345703125,1194.9180270522388,21991400
2021-11-10,1177.345703125,1181.7387841068098,1164.166460179571,1181.7387841068098,11782000
2021-11-11,1177.345703125,1177.345703125,1159.7733791977612,1172.9526221431904,9624900
2021-11-12,1168.5595703125,1186.1318946781016,1159.7734081296992,1177.3457324953008,13547900
2021-11-15,1102.663330078125,1168.5595450230328,1098.2702490817978,1168.5595450230328,58991100
2021-11-16,1102.663330078125,1120.2356540634337,1098.2702490817978,1102.663330078125,22806700
2021-11-17,1120.235595703125,1124.6286764705883,1107.0563534007354,1115.8425149356617,24562900
2021-11-18,1115.8426513671875,1120.235732671783,1102.663407453402,1120.235732671783,10476000
2021-11-19,1150.9873046875,1150.9873046875,1111.4495728470897,1120.2357354782919,29270100
2021-11-22,1142.2010498046875,1155.3802926870492,1124.6287259615385,1150.987211726262,17143100
2021-11-23,1159.7734375,1181.7388435132577,1150.987275094697,1172.9526811079545,21397900
2021-11-24,1168.5595703125,1181.738813586701,1164.1664892210997,1177.3457324953008,15699500
2021-11-25,1186.1318359375,1190.5249168113426,1164.166431568287,1181.7387550636574,21725900
2021-11-26,1142.2010498046875,1181.7387784517728,1133.414887883113,1181.7387784517728,23076900
2021-11-29,1168.5595703125,1172.9526514039003,1107.0564350328948,1107.0564350328948,26057700
2021-11-30,1142.2010498046875,1159.7733736478365,1133.414887883113,1146.5941307654748,29610300
2021-12-01,1142.2010498046875,1164.1664546086238,1133.414887883113,1133.414887883113,19843900
2021-12-02,1203.7042236328125,1212.4903858491105,1137.8080070105782,1142.2010881187273,53396300
2021-12-03,1190.52490234375,1208.0972256255766,1181.7387407028366,1203.7041448051198,15291300
2021-12-06,1208.0972900390625,1208.0972900390625,1181.7388037109374,1190.5249658203124,22381700
2021-12-07,1208.0972900390625,1230.0626953125,1190.5249658203124,1216.8834521484375,21647800
2021-12-08,1194.9180908203125,1212.4904156853172,1190.5250096040613,1208.097334469066,15037900
2021-12-09,1194.9180908203125,1208.097334469066,1190.5250096040613,1203.7042532528149,15640600
2021-12-10,1203.7042236328125,1203.7042236328125,1164.1664936594718,1194.9180614165145,30834000
2021-12-13,1190.52490234375,1208.0972256255766,1190.52490234375,1208.0972256255766,19058600
2021-12-14,1199.3111572265625,1199.3111572265625,1172.9526702545502,1190.5249949025583,16520100
2021-12-15,1186.1318359375,1216.8834020543982,1186.1318359375,1199.3110785590277,34563600
2021-12-16,1177.345703125,1199.3111080340486,1168.5595411613806,1199.3111080340486,23601400
2021-12-17,1199.3111572265625,1199.3111572265625,1168.559589092548,1186.1319137405562,17001300
2021-12-20,1164.1663818359375,1186.1317852668042,1164.1663818359375,1181.7387045806308,22005300
2021-12-21,1181.7388916015625,1181.7388916015625,1164.1665660758886,1168.5596474573072,12443700
2021-12-22,1186.1318359375,1194.9179976851851,1181.7387550636574,1186.1318359375,18016500
2021-12-23,1186.1318359375,1194.9179976851851,1177.3456741898149,1190.5249168113426,9183800
2021-12-24,1190.52490234375,1203.7041448051198,1172.9525790619234,1186.1318215232932,15486400
2021-12-27,1186.1318359375,1199.3110785590277,1181.7387550636574,1199.3110785590277,6821500
2021-12-28,1230.062744140625,1243.241987827846,1186.1319318498884,1190.525013078962,108072700
2021-12-29,1225.6695556640625,1238.8487981980848,1208.0972322853663,1230.0626365087367,28686800
2021-12-30,1190.52490234375,1212.4903064460332,1186.1318215232932,1208.0972256255766,24442600
2022-01-03,1172.95263671875,1177.34571775515,1142.2010694639514,1168.5595556823503,40712700
2022-01-04,1186.1318359375,1194.9179976851851,1159.7733506944444,1172.9525933159723,27350500
2022-01-05,1199.3111572265625,1216.8834818745706,1190.5249949025583,1203.7042383885646,34201700
2022-01-06,1186.1318359375,1199.3110785590277,1168.5595124421295,1190.5249168113426,23256700
2022-01-07,1225.6695556640625,1225.6695556640625,1186.131828061996,1199.3110705960182,69207200
2022-01-10,1221.276611328125,1225.6696926638376,1203.7042859852743,1225.6696926638376,14976200
2022-01-11,1243.241943359375,1265.2073487190812,1225.66961907161,1252.0281055032576,78645300
2022-01-12,1212.4903564453125,1252.0280854598334,1212.4903564453125,1243.2419234566066,19484700
2022-01-13,1234.455810546875,1243.2419728995217,1216.8834858415814,1216.8834858415814,24127600
2022-01-14,1243.241943359375,1247.6350244313162,1225.66961907161,1243.241943359375,28433000
2022-01-17,1234.455810546875,1256.421216428492,1221.2765670179049,1252.0281352521686,17583800
2022-01-18,1238.8487548828125,1243.2418355738862,1199.3110286631481,1243.2418355738862,22623300
2022-01-19,1234.455810546875,1243.2419728995217,1221.2765670179049,1238.8488917231984,12803500
2022-01-20,1238.8487548828125,1252.0279969560338,1230.062593500665,1243.2418355738862,18520300
2022-01-21,1243.241943359375,1243.241943359375,1225.66961907161,1230.0627001435512,10488600
2022-01-24,1260.814208984375,1269.6003707194577,1238.8488046466682,1243.2418855142096,41539700
2022-01-25,1234.455810546875,1265.2073787811387,1225.669648194228,1260.8142976048155,22515400
2022-01-26,1260.814208984375,1260.814208984375,1234.4557237791266,1234.4557237791266,20867000
2022-01-27,1273.993408203125,1282.7795696390085,1247.634923895474,1256.4210853313577,47926500
2022-01-28,1265.2073974609375,1278.3866411844888,1256.4212349785698,1269.6004787021213,22974900
2022-01-31,1252.0279541015625,1269.6002762643916,1243.2417930201482,1269.6002762643916,14587800
2022-02-02,1234.455810546875,1256.421216428492,1230.0627293705516,1252.0281352521686,16747000
2022-02-03,1238.8487548828125,1243.2418355738862,1208.0971900452957,1234.4556741917386,17408000
2022-02-04,1225.6695556640625,1238.8487981980848,1225.6695556640625,1238.8487981980848,10788200
2022-02-07,1238.8487548828125,1252.0279969560338,1225.669512809591,1230.062593500665,15870300
2022-02-08,1247.6348876953125,1256.4210488762653,1234.4556459238831,1252.027968285789,12237700
2022-02-09,1260.814208984375,1273.993451586999,1238.8488046466682,1247.634966381751,26572100
2022-02-10,1247.6348876953125,1269.6002906476947,1247.6348876953125,1256.4210488762653,9756900
2022-02-11,1265.2073974609375,1269.6004787021213,1238.8489100138345,1243.2419912550183,22618000
2022-02-14,1278.386474609375,1295.9587972844179,1252.0279905968105,1256.4210712655713,44303800
2022-02-15,1278.386474609375,1282.7795552781358,1269.6003132718536,1278.386474609375,34432700
2022-02-16,1273.993408203125,1282.7795696390085,1269.6003274851832,1278.3864889210668,18397500
2022-02-17,1273.993408203125,1282.7795696390085,1265.2072467672413,1273.993408203125,22027700
2022-02-18,1287.1728515625,1291.56593296715,1265.207444539249,1269.6005259438991,21449300
2022-02-21,1291.56591796875,1309.138243383291,1282.7797552614797,1291.56591796875,39800200
2022-02-22,1291.56591796875,1304.7451620296556,1278.3866739078444,1291.56591796875,21463000
2022-02-23,1322.3173828125,1331.1035448245432,1300.351977782392,1313.5312208004568,70217300
2022-02-24,1392.606689453125,1392.606689453125,1309.1381497067232,1326.7104738638604,131871800
2022-02-25,1379.4273681640625,1423.3581760673765,1375.034287373731,1405.7858529060509,73101000
2022-03-01,1401.3929443359375,1440.9306763077977,1392.6067816755242,1392.6067816755242,61140500
2022-03-02,1427.7513427734375,1445.3236669921876,1414.572099609375,1432.144423828125,48840200
2022-03-04,1555.1507568359375,1559.5438380699372,1449.7168072199418,1449.7168072199418,99834700
2022-03-07,1590.2952880859375,1651.798420774344,1563.936802648049,1581.509126273308,112276900
2022-03-08,1528.7921142578125,1590.2952452911727,1515.612871893521,1590.2952452911727,74669100
2022-03-09,1555.1507568359375,1572.7230817719367,1515.613025729939,1528.7922694319384,44823300
2022-03-10,1524.3990478515625,1555.1506136583662,1476.075158726585,1524.3990478515625,54914800
2022-03-11,1528.7921142578125,1555.1505989863954,1489.254387164938,1489.254387164938,30616000
2022-03-14,1454.10986328125,1546.3645675981873,1432.1444574915029,1528.7922429663897,58766900
2022-03-15,1449.7169189453125,1493.647734670928,1418.9653479373817,1449.7169189453125,39740800
2022-03-16,1484.8614501953125,1489.2545314089082,1454.1098817001434,1454.1098817001434,19332100
2022-03-17,1458.5028076171875,1484.861292092197,1454.1097268713524,1484.861292092197,12122900
2022-03-18,1401.3929443359375,1484.8614896098647,1401.3929443359375,1467.2891642890381,173133100
2022-03-21,1414.572021484375,1436.5374255446914,1401.3927790481853,1418.9651022964383,55014500
2022-03-22,1449.7169189453125,1458.5030820904356,1414.57226636482,1414.57226636482,32211000
2022-03-23,1462.8961181640625,1467.2891995999905,1445.32379242035,1462.8961181640625,25727600
2022-03-24,1471.68212890625,1489.2544528334888,1458.502885960821,1476.0752098880598,26027000
2022-03-25,1458.5028076171875,1480.4682113463618,1454.1097268713524,1476.075130600527,18989500
2022-03-28,1506.8267822265625,1511.2198632243076,1458.5028912513667,1458.5028912513667,31588100
2022-03-29,1480.46826171875,1515.612908881213,1476.0751808234422,1515.612908881213,33505700
2022-03-30,1440.9306640625,1484.861476991235,1432.144501476753,1480.4683956983613,43628200
2022-03-31,1445.3236083984375,1467.2890127813926,1440.9305275218467,1440.9305275218467,13814700
2022-04-01,1462.8961181640625,1476.0753624718468,1436.537629548494,1445.32379242035,20596500
2022-04-04,1476.0751953125,1480.46827625093,1462.89595249721,1471.68211437407,17373500
2022-04-05,1528.7921142578125,1528.7921142578125,1476.0751448006465,1476.0751448006465,38725700
2022-04-06,1533.185302734375,1550.7576271210155,1528.7922216377149,1546.3645460243554,60587800
2022-04-07,1537.578369140625,1541.9714501953124,1511.2198828125,1541.9714501953124,28540400
2022-04-08,1581.50927734375,1581.50927734375,1528.7923014322917,1537.5784640842014,40875900
2022-04-11,1559.5438232421875,1612.2607975489657,1559.5438232421875,1581.509229203345,44012000
2022-04-12,1541.971435546875,1568.3299216245994,1533.1852735209668,1559.5437595986912,27267200
2022-04-13,1651.7984619140625,1651.7984619140625,1555.150679568027,1568.3299226152137,93553600
2022-04-14,1656.1915283203125,1664.9776902742665,1634.2261234354278,1651.7984473433355,40945400
2022-04-18,1651.7984619140625,1678.1569480084358,1634.2261378511469,1643.0122998826048,28935400
2022-04-19,1647.405517578125,1660.58476171875,1638.6193548177084,1647.405517578125,23595300
2022-04-20,1625.43994140625,1673.7638315561655,1607.8676177153716,1656.1915078652871,43015000
2022-04-21,1634.2261962890625,1682.550089190083,1629.8331151162424,1629.8331151162424,41534000
2022-04-22,1621.0469970703125,1647.4054848275534,1612.2608344845655,1629.8331596560595,21773500
2022-04-25,1625.43994140625,1629.8330223289695,1585.9022131017737,1603.4745367926519,24476200
2022-04-26,1599.08154296875,1634.2261922647665,1585.9022994827437,1625.4400299407623,24081900
2022-04-27,1625.43994140625,1625.43994140625,1590.2952940244932,1590.2952940244932,20516600
2022-04-28,1678.1568603515625,1691.3361027103444,1625.439890916435,1629.8329717026954,47082900
2022-05-09,1656.1915283203125,1695.7292571131052,1621.0468805044968,1691.3361761361282,55066700
2022-05-10,1607.86767578125,1629.8330811880976,1563.9368649675546,1607.86767578125,89346300
2022-05-11,1629.8331298828125,1651.7985359459233,1616.653886244946,1616.653886244946,41108200
2022-05-12,1603.474609375,1656.191582833904,1594.6884471318492,1634.2261772260274,54157300
2022-05-13,1669.3707275390625,1682.5499701248973,1612.2606763337787,1629.8329997815583,52937900
2022-05-17,1801.163330078125,1814.3425739567456,1686.9432164634147,1691.336297756288,108021000
2022-05-18,1757.2325439453125,1814.342601623535,1722.0878930664062,1801.1633575439453,123533500
2022-05-19,1735.26708984375,1744.0532523239715,1708.9086024030853,1730.8740086036391,47998400
2022-05-20,1779.19775390625,1801.1631582754628,1748.4461877893518,1752.8392686631944,58291500
2022-05-23,1801.163330078125,1827.521817835366,1787.9840861995046,1801.163330078125,71425900
2022-05-24,1932.95556640625,1950.527889737216,1722.087686434659,1809.9493030894887,245375200
2022-05-25,1928.5625,1985.6725512528474,1924.1694191343963,1976.88638952164,142694400
2022-05-27,1941.7418212890625,1950.5279833763432,1928.5625781581412,1941.7418212890625,59131500
2022-05-30,1946.1348876953125,1994.4587788119004,1941.7418066847135,1959.3141307271092,70833100
2022-05-31,1990.065673828125,1994.458754785803,1950.527945209023,1959.314107124379,99567500
2022-06-02,1998.8516845703125,2033.9963295737466,1990.0655233194539,1998.8516845703125,137664800
2022-06-03,2033.9967041015625,2033.9967041015625,1994.4589711924607,2012.0312969298393,160576400
2022-06-06,2224.168212890625,2224.168212890625,2224.168212890625,2224.168212890625,5083700
2022-06-07,2100.31640625,2115.797853961916,2069.3535108261667,2069.3535108261667,341714900
2022-06-08,2089.99560546875,2095.156088445216,2064.19319058642,2079.674639515818,97305700
2022-06-09,2100.31640625,2131.279301673833,2084.8349585380834,2089.9954411087224,69345500
2022-06-10,2022.9093017578125,2100.3165454475247,2012.5883359325173,2089.99557962223,69686500
2022-06-13,1997.106689453125,2002.2671718548127,1930.0204182311854,1976.4647598463744,86455600
2022-06-14,2002.2672119140625,2017.7486594288619,1966.1438343795303,1991.946246904196,43898700
2022-06-15,1899.0574951171875,2002.2671415909476,1899.0574951171875,2002.2671415909476,69214900
2022-06-16,1971.30419921875,1991.946128006381,1919.699377249673,1924.8598594465807,64469500
2022-06-17,1924.85986328125,1955.82275652438,1914.5388988668735,1955.82275652438,43960700
2022-06-20,1924.85986328125,1945.5017921100036,1899.0574522453085,1930.0203454884386,27244500
2022-06-21,2079.67431640625,2100.3162451050716,1950.6622620386167,1960.9832263880273,153209600
2022-06-22,2126.11865234375,2151.9210631731644,2089.9952771825697,2089.9952771825697,127231900
2022-06-23,2110.637451171875,2146.760830531785,2059.032623514861,2141.600347766084,64292400
2022-06-24,2110.637451171875,2136.4398650003823,2105.476968406174,2120.958416703278,34837300
2022-06-27,2048.711669921875,2110.637463471151,2028.0697387387831,2110.637463471151,40998500
2022-06-28,2079.67431640625,2084.8347985809555,2043.5509411833127,2059.032387707429,33674700
2022-06-29,2059.032470703125,2095.155847382127,2053.8719883204103,2074.5139178512686,24862800
2022-06-30,1971.30419921875,2028.069503384735,1955.822752628027,2007.4275745971042,60279700
2022-07-01,1919.6995849609375,2002.2673090452788,1909.3786194503948,1971.3044125136507,52894800
2022-07-04,1899.0574951171875,1955.8228006777556,1868.0946011750593,1919.6994244119394,50271500
2022-07-05,2038.390625,2048.7115901898733,1935.1809731012656,1935.1809731012656,60671300
2022-07-06,1991.9462890625,2022.9091847474094,1950.6624281492877,2012.5882195191064,26374200
2022-07-07,1986.7857666015625,2012.5881791548295,1960.9833540482955,1991.9462491122158,14136700
2022-07-08,2028.069580078125,2069.3534392145757,2022.909097686069,2043.551027254294,37218100
2022-07-11,1997.106689453125,2048.7115134700016,1986.7857246497497,2033.2300662649386,11693400
2022-07-12,2053.8720703125,2069.3535180786744,2007.427727013976,2022.9091747801506,36237800
2022-07-13,2079.67431640625,2089.9952807556606,2053.8719055327233,2064.1928698821343,43410200
2022-07-14,2095.156005859375,2105.4769714054805,2053.872143674954,2074.5140747671644,36588500
2022-07-15,2033.230224609375,2079.674569841569,2017.748776198644,2079.674569841569,21496700
2022-07-18,2007.4278564453125,2033.2302710525787,1997.106890602406,2022.9093052096723,15850200
2022-07-19,2053.8720703125,2074.514000667399,1997.1067618365262,2002.2672444252512,22969200
2022-07-20,2079.67431640625,2095.155762930366,2074.513834231545,2074.513834231545,31963000
2022-07-21,2074.513916015625,2095.1558455282184,2069.353433637477,2084.8348807719217,8932100
2022-07-22,2089.99560546875,2110.6375373746146,2064.19319058642,2079.674639515818,20685700
2022-07-25,2095.156005859375,2126.118902497691,2095.156005859375,2105.4769714054805,17318700
2022-07-26,2110.637451171875,2120.958416703278,2095.156002874771,2110.637451171875,19512700
2022-07-27,2203.526123046875,2219.0075712181647,2120.958399466664,2120.958399466664,77959700
2022-07-28,2203.526123046875,2224.1680539419276,2157.0817785330064,2213.8470884944013,46216600
2022-07-29,2219.007568359375,2244.8099819449494,2203.5261202080305,2203.5261202080305,42404400
2022-08-01,2208.6865234375,2239.649418625876,2193.205075843312,2219.007488500292,26438200
2022-08-02,2162.2421875,2219.0074955250593,2157.081704952267,2208.6865304295943,22471500
2022-08-03,2182.884033203125,2203.5259625951167,2162.2421038111333,2167.4025861591313,18590500
2022-08-04,2120.958251953125,2182.8840403313184,2115.7977695882755,2182.8840403313184,27594700
2022-08-05,2126.11865234375,2141.6000988413984,2079.6743128508037,2105.476723680218,42041100
2022-08-08,2084.8349609375,2115.7978563969677,2069.3535132077664,2115.7978563969677,44836600
2022-08-09,2100.31640625,2136.4397842444714,2089.9954411087224,2100.31640625,36672200
2022-08-10,2151.92138671875,2172.563318485836,2105.4770402428057,2115.798006126349,44328300
2022-08-11,2141.600341796875,2203.5261348126883,2136.439859045557,2193.2051693100525,44076200
2022-08-12,2141.600341796875,2157.081790050828,2120.958410791604,2141.600341796875,16067100
2022-08-15,2131.279541015625,2167.4029230667375,2120.9585747153073,2141.600507315943,16300500
2022-08-16,2105.476806640625,2141.600183225146,2100.316324271408,2131.279218486711,19514200
2022-08-18,2131.279541015625,2157.08195676642,2115.7980915651483,2131.279541015625,16799000
2022-08-19,2172.563232421875,2182.884197896563,2141.6003359978104,2151.9213014724983,29511500
2022-08-22,2115.798095703125,2177.7238936261433,2105.477129382622,2167.4029273056403,26489200
2022-08-23,2193.205078125,2208.686525735294,2110.6373575367647,2115.797840073529,45538300
2022-08-24,2234.489013671875,2239.6494963824334,2177.7237038557305,2188.0446692768473,41538600
2022-08-25,2249.970458984375,2327.377699545764,2224.1680454639118,2234.489010872097,126329500
2022-08-26,2249.970458984375,2280.9333552089306,2249.9704589843745,2270.6123898007454,40084500
2022-08-29,2249.970458984375,2265.4519070966526,2198.3656319434485,2219.007562759819,34708100
2022-08-30,2239.649658203125,2286.094005953881,2224.168208952873,2260.2915905367945,34388600
2022-08-31,2193.205078125,2234.4889384191174,2151.921217830882,2229.328455882353,74260800
2022-09-01,2188.04443359375,2229.328290831368,2177.7234692843454,2193.204915748452,32141600
2022-09-02,2198.36572265625,2229.328620158451,2188.044756822183,2208.686688490317,27124700
2022-09-05,2296.414794921875,2306.7357602923103,2203.5261065879563,2203.5261065879563,73175300
2022-09-06,2306.73583984375,2337.6987370228608,2306.73583984375,2322.2172884333054,35981300
2022-09-07,2286.09375,2301.57519751693,2255.1308549661403,2301.57519751693,21382600
2022-09-08,2234.489013671875,2270.6123926457853,2224.1680482507577,2270.6123926457853,31126800
2022-09-09,2224.168212890625,2255.1311114459468,2198.3657974278567,2234.489179075732,26030100
2022-09-12,2239.649658203125,2249.9706243699598,2224.168208952873,2239.649658203125,12531400
2022-09-13,2255.130859375,2265.4518244064643,2234.488929312071,2249.9703768592676,13358400
2022-09-14,2249.970458984375,2265.4519070966526,2224.1680454639118,2255.1309416884674,17757300
2022-09-15,2275.772705078125,2311.8960813492067,2260.2912581048045,2265.4517404292446,28087800
2022-09-16,2229.328369140625,2280.9331925003617,2219.0074044686776,2275.7727101643877,35922800
2022-09-19,2177.723876953125,2234.489191281287,2167.4029107116407,2229.328708160545,38555600
2022-09-20,2167.402587890625,2198.365482003348,2157.0816231863837,2182.8840349469865,25845100
2022-09-21,2172.563232421875,2172.563232421875,2146.7608187351543,2167.4027496845306,25503200
2022-09-22,2239.649658203125,2244.810141286542,2167.402895035282,2172.5633781187,30196900
2022-09-23,2219.007568359375,2234.4890165107195,2193.205154773801,2229.328533793605,13667700
2022-09-26,2141.600341796875,2188.044686558735,2110.637445288968,2172.5632383047814,50781400
2022-09-27,2151.92138671875,2167.4028355440646,2136.439937893435,2141.600420835207,16453700
2022-09-28,2141.600341796875,2167.402755553464,2136.439859045557,2136.439859045557,14137400
2022-09-29,2136.439697265625,2162.24210906835,2131.27921490508,2146.760661986715,14467700
2022-09-30,2151.92138671875,2157.0818696605215,2100.316557301034,2126.118972009892,18311600
2022-10-03,2146.7607421875,2151.921224740835,2131.2792945274937,2141.6002596341646,10035000
2022-10-04,2188.04443359375,2188.04443359375,2167.402504974941,2182.883951439048,18377000
2022-10-05,2172.563232421875,2203.5261288459396,2167.4027496845306,2193.2051633712513,13327400
2022-10-06,2182.884033203125,2229.328374335106,2167.4025861591313,2167.4025861591313,29068300
2022-10-07,2213.84716796875,2213.84716796875,2182.8842705146412,2182.8842705146412,13954900
2022-10-10,2141.600341796875,2188.044686558735,2136.439859045557,2182.884203807417,30417100
2022-10-11,2177.723876953125,2193.2053263153507,2146.7609782286727,2146.7609782286727,13346800
2022-10-12,2198.36572265625,2219.007654324384,2172.5633080710827,2182.8842739051497,23061800
2022-10-13,2193.205078125,2234.4889384191174,2193.205078125,2224.167973345588,30507400
2022-10-14,2182.884033203125,2219.0074096391104,2182.884033203125,2208.6864449431146,14881500
2022-10-17,2193.205078125,2203.5260431985294,2157.081700367647,2182.8841130514706,12921500
2022-10-18,2043.5511474609375,2208.6865937204075,2043.5511474609375,2208.6865937204075,82991500
2022-10-19,1924.85986328125,1997.106614181887,1904.2179344524968,1919.6993810740619,181494300
2022-10-20,1976.46484375,2007.427739474543,1935.1809827839425,1935.1809827839425,142412300
2022-10-21,1976.46484375,1997.1067742330285,1955.822913266971,1991.9462916122714,33609400
2022-10-24,1950.662353515625,1991.9462128492887,1950.6623535156248,1981.6252480158728,32953300
2022-10-25,1935.18115234375,1950.6626015624997,1924.8601861979164,1950.6626015624997,31677000
2022-10-26,1966.1439208984375,1986.7858518265052,1914.5390935782686,1914.5390935782686,34456500
2022-10-27,1955.822998046875,1997.1068608024818,1950.6625152024242,1986.7858951135802,52332800
2022-10-28,1955.822998046875,1976.4649294246785,1950.6625152024242,1966.1439637357769,17110100
2022-10-31,2017.74853515625,2022.9090173433503,1960.9832310981458,1966.1437132852461,61756700
2022-11-01,1935.18115234375,2002.2674322916664,1930.0206692708332,2002.2674322916664,53983400
2022-11-02,1930.0205078125,1960.9834036597592,1914.53905988887,1935.1809904537097,38596200
2022-11-03,1935.18115234375,1955.8230846354165,1919.6997031249998,1935.1811523437498,19265200
2022-11-04,1935.18115234375,1955.8230846354165,1935.1811523437498,1940.3416354166666,23911100
2022-11-07,1976.46484375,1981.625326370757,1940.3414654046996,1940.3414654046996,20922900
2022-11-08,1955.822998046875,1966.1439637357769,1940.3415495135225,1960.9834808913258,19180800
2022-11-09,1888.73681640625,1950.6626136654716,1888.7368164062502,1950.6626136654716,58128700
2022-11-10,1790.6873779296875,1847.4526838582942,1770.0454485011032,1831.971236786856,84559700
2022-11-11,1795.8477783203125,1816.489706806753,1785.5268140770925,1790.6872961987026,27996300
2022-11-14,1795.8477783203125,1831.9711531715832,1785.5268140770925,1801.0082604419226,27835700
2022-11-15,1806.1689453125,1821.6503934151783,1790.6874972098212,1811.3294280133928,16334300
2022-11-16,1806.1689453125,1837.131841517857,1801.008462611607,1826.8108761160713,23171500
2022-11-17,1831.9713134765625,1837.1317960497358,1785.5269703180015,1806.1689006106953,13789700
2022-11-18,1831.9713134765625,1842.2922786229092,1816.489865757042,1831.9713134765623,11151000
2022-11-21,1883.576171875,1883.576171875,1831.9713452482877,1831.9713452482877,21065200
2022-11-22,1904.2181396484375,1904.2181396484375,1873.255243068788,1883.576208595338,15741500
2022-11-23,1909.378662109375,1930.0205935916383,1899.0576963682431,1904.218179238809,11413000
2022-11-24,1904.2181396484375,1919.6995879382623,1899.0576568851627,1909.3786224117125,6081200
2022-11-25,1878.4156494140625,1909.3785447340742,1878.4156494140623,1904.218062180739,6007100
2022-11-28,1899.0574951171875,1914.5389420882514,1878.4155658224354,1878.4155658224354,9513300
2022-11-29,1935.18115234375,1945.5021184895832,1914.5392200520832,1924.8601861979164,14829100
2022-11-30,1960.9835205078125,1966.1440034565173,1945.5020716616982,1950.662554610403,26589900
2022-12-01,1966.1439208984375,1986.7858518265052,1960.9834381664207,1971.3044036304545,13035900
2022-12-02,1945.501953125,1966.1438836621353,1940.3414704907161,1960.9834010278514,8869700
2022-12-05,1904.2181396484375,1960.9834500444615,1904.2181396484375,1960.9834500444615,10447500
2022-12-06,1888.73681640625,1924.860198140796,1883.5763333013151,1919.699715035861,10636100
2022-12-07,1904.2181396484375,1930.020553464812,1893.8971741218877,1893.8971741218877,15604000
2022-12-08,1909.378662109375,1914.5391449799406,1862.9343162742819,1909.3786621093748,12590200
2022-12-09,1868.0947265625,1899.0576225828727,1862.9342438924377,1899.0576225828727,11010300
2022-12-12,1960.9835205078125,1971.3044864052222,1868.0948274311268,1868.0948274311268,24873400
2022-12-13,1919.6995849609375,1960.9834470031083,1919.6995849609375,1960.9834470031083,13723700
2022-12-14,1955.822998046875,1981.6254122691294,1935.1810666690717,1940.3415495135225,21040500
2022-12-15,1945.501953125,1976.4648489307028,1940.3414704907161,1950.6624357592837,14399200
2022-12-16,1960.9835205078125,1960.9835205078125,1919.6996569181745,1935.1811057642888,15471000
2022-12-19,1971.30419921875,1971.3041992187502,1950.6622704311194,1960.9832348249347,11047100
2022-12-20,1945.501953125,1971.304366296419,1940.3414704907161,1966.1438836621353,12167500
2022-12-21,1940.3414306640625,1955.822878249148,1930.0204656073388,1955.822878249148,6824700
2022-12-22,1940.3414306640625,1960.98336077751,1930.0204656073388,1940.3414306640625,5661500
2022-12-23,1930.0205078125,1940.3414730949196,1924.8600251712899,1935.1809904537097,6330000
2022-12-26,1909.378662109375,1935.1810764622041,1904.218179238809,1930.0205935916383,9093600
2022-12-27,1904.2181396484375,1914.5391051749873,1893.8971741218877,1904.2181396484375,6339500
2022-12-28,1893.8970947265625,1914.5390249143181,1888.7366121796238,1904.2180598204404,5923500
2022-12-29,1893.8970947265625,1904.2180598204404,1888.7366121796238,1893.8970947265625,5196900
2022-12-30,1904.2181396484375,1909.3786224117125,1883.576208595338,1893.8971741218877,9279800
2023-01-02,1904.2181396484375,1930.020553464812,1899.0576568851627,1904.2181396484375,3809800
2023-01-03,1924.85986328125,1930.0203454884386,1899.0574522453085,1904.2179344524968,8567800
2023-01-04,1868.0947265625,1924.8600359331836,1868.0947265624998,1924.8600359331836,13984400
2023-01-05,1759.724609375,1873.2552293346773,1749.4036439241202,1868.0947466092373,29603400
2023-01-06,1770.0455322265625,1806.168910435268,1744.2431192203444,1754.5640844228315,17087900
2023-01-09,1692.638427734375,1780.366638927925,1682.3174617116044,1770.0456729051543,33010300
2023-01-10,1733.922119140625,1739.0826016380672,1671.9963291713168,1692.6382591610861,17511900
2023-01-11,1754.56396484375,1759.7244470932906,1708.119624597886,1744.243000344669,11056600
2023-01-12,1718.4407958984375,1744.2432102512666,1718.4407958984373,1733.922244510135,10809700
2023-01-13,1718.4407958984375,1733.922244510135,1713.2803130278714,1718.4407958984373,6907600
2023-01-16,1713.2801513671875,1728.7615985180958,1702.9591865999153,1713.2801513671875,6438200
2023-01-17,1728.76171875,1749.4036497201494,1702.9593050373135,1708.1197877798506,8112900
2023-01-18,1759.724609375,1785.5270230021993,1733.9221957478005,1733.9221957478005,10347000
2023-01-19,1801.008544921875,1801.008544921875,1759.724681427964,1759.724681427964,9464800
2023-01-20,1842.2923583984375,1842.2923583984377,1795.848013228729,1806.1689788219978,12454900
2023-01-24,1826.81103515625,1837.1320014565679,1811.3295857057735,1837.1320014565679,12646500
2023-01-25,1795.8477783203125,1826.8106710499733,1795.8477783203127,1826.8106710499733,9716900
2023-01-26,1749.4036865234375,1775.2061007789455,1733.9222379701328,1775.2061007789455,16932400
2023-01-27,1790.6873779296875,1795.8478602868336,1764.8849661439572,1770.0454485011032,12588300
2023-01-30,1780.36669921875,1826.8110478940218,1770.0457328464674,1790.6876655910328,8147600
2023-01-31,1754.56396484375,1795.8478228400736,1754.56396484375,1764.884929342831,16209800
2023-02-01,1744.2431640625,1770.0455777320637,1733.9221985946747,1754.5641295303255,13751700
2023-02-02,1764.885009765625,1764.8850097656248,1739.0825973421508,1749.4035623115403,12761100
2023-02-03,1718.4407958984375,1754.5641759923985,1713.2803130278714,1749.4036931218327,17534100
2023-02-06,1682.3172607421875,1728.7616022964198,1677.156778347273,1718.4406375065905,31840600
2023-02-07,1790.6873779296875,1790.6873779296875,1718.4406249296424,1723.6011072867884,34808600
2023-02-08,1801.008544921875,1821.6504766688306,1764.8851643647029,1806.169027858614,15272900
2023-02-09,1795.8477783203125,1801.0082604419226,1754.563921347432,1780.3663319554823,15367900
2023-02-10,1739.08251953125,1770.0454130540616,1728.7615550236462,1770.0454130540616,20199900
2023-02-13,1739.08251953125,1775.2058953078636,1733.9220372774482,1754.5639662926558,12384800
2023-02-14,1754.56396484375,1770.0454115923712,1733.9220358455882,1739.0825180951288,7805600
2023-02-15,1775.2059326171875,1811.3293091530022,1754.5640031681503,1754.5640031681503,18276700
2023-02-16,1811.3294677734375,1816.4899505876067,1770.0456052600825,1780.3665708884214,13802700
2023-02-17,1801.008544921875,1806.169027858614,1790.6875790483973,1801.008544921875,8531200
2023-02-20,1842.2923583984375,1847.4528411950719,1790.687530432095,1801.0084960253635,11345300
2023-02-21,1816.4898681640625,1847.452763644132,1816.4898681640627,1847.452763644132,5918800
2023-02-22,1826.81103515625,1852.6134509070446,1811.3295857057735,1831.971518306409,6890700
2023-02-23,1837.1317138671875,1862.9341255788052,1826.8107491825403,1837.1317138671875,8374700
2023-02-24,1888.73681640625,1899.0577826161204,1842.2924684618342,1857.7739177766396,15629200
2023-02-27,1924.85986328125,1950.6622743171918,1909.3784166596852,1914.5388988668735,17146400
2023-02-28,1991.9462890625,1997.1067716766518,1924.8600150785298,1924.8600150785298,36876800
2023-03-01,2002.2672119140625,2012.5881769239286,1991.946246904196,1991.946246904196,19526100
2023-03-02,2064.193115234375,2064.193115234375,1971.304425048828,2002.2673217773436,36403900
2023-03-03,2069.353759765625,2074.5142429570606,2033.2303774255768,2069.353759765625,24567900
2023-03-06,2059.032470703125,2064.1929530858392,2012.5881292586935,2064.1929530858392,19550700
2023-03-07,1976.46484375,2048.7116004406003,1976.4648437499998,2038.3906351990859,24036800
2023-03-08,1991.9462890625,2007.4277369049548,1945.5019455351362,1955.8229107634393,22532000
2023-03-09,2033.230224609375,2033.2302246093752,1991.9463621807583,1991.9463621807583,23742100
2023-03-10,2007.4278564453125,2033.2302710525787,2002.2673735238593,2033.2302710525787,12200200
2023-03-13,2028.069580078125,2028.0695800781252,1991.946203333731,2007.4276505098999,16218900
2023-03-14,1976.46484375,2022.9091873368145,1976.4648437499998,2022.9091873368145,23028400
2023-03-15,1966.1439208984375,2002.267300022556,1966.1439208984377,1986.7858518265052,11839300
2023-03-16,1883.576171875,1971.304377140411,1878.4156892123287,1955.8229291523974,28905300
2023-03-17,2002.2672119140625,2002.2672119140623,1888.736596805533,1888.736596805533,144938200
2023-03-20,1976.46484375,1981.625326370757,1940.3414654046996,1966.1438785084854,13420800
2023-03-21,1935.18115234375,1966.14405078125,1935.1811523437498,1966.14405078125,9262600
2023-03-24,1914.5390625,1960.9834063342316,1914.5390625,1945.5019583894878,11071300
2023-03-27,1909.378662109375,1945.502042203336,1909.3786621093748,1924.8601107210725,11044100
2023-03-28,1966.1439208984375,1981.6253690944884,1914.5390935782686,1930.0205417743193,20342500
2023-03-29,2017.74853515625,2043.550946091752,1976.464677659447,1991.946124220748,27957300
2023-03-30,1997.106689453125,2038.3905486666263,1986.7857246497497,2022.9091014615633,16050300
2023-03-31,2059.032470703125,2059.032470703125,1997.1066821105496,1997.1066821105496,22278900
2023-04-03,2084.8349609375,2095.155926090656,2059.0325480546103,2064.1930306311883,31523300
2023-04-04,2115.798095703125,2141.6005115043827,2089.9956799018673,2110.6376125428733,25067200
2023-04-05,2100.31640625,2115.797853961916,2089.9954411087224,2115.797853961916,12105400
2023-04-06,2079.67431640625,2110.637209454482,2079.67431640625,2095.155762930366,9000200
2023-04-10,2043.5511474609375,2089.9954917214136,2028.0696993741124,2079.6745263301964,13363600
2023-04-11,2053.8720703125,2069.3535180786744,2038.3906225463252,2043.5511051350502,12151300
2023-04-12,2022.9093017578125,2059.0326821463445,2022.9093017578123,2059.0326821463445,16002900
2023-04-13,2053.8720703125,2095.155931022299,2033.2301399576004,2033.2301399576004,21928200
2023-04-14,2048.711669921875,2079.674566696513,2028.0697387387831,2053.872152717648,18329300
2023-04-17,2038.390625,2064.193037974683,2033.2301424050631,2048.7115901898733,14543500
2023-04-18,2084.8349609375,2105.476891243812,2038.3906177482984,2038.3906177482984,22457900
2023-04-26,2136.439697265625,2136.439697265625,2084.834873660175,2084.834873660175,35310300
2023-04-27,2131.279541015625,2136.440024165784,2120.9585747153073,2136.440024165784,10775200
2023-04-28,2136.439697265625,2167.402591428895,2126.118732544535,2131.27921490508,18429100
2023-05-02,1991.9462890625,1991.9462890625002,1991.9462890625002,1991.9462890625002,14301100
2023-05-03,1852.61328125,1852.6132812500002,1852.6132812500002,1852.6132812500002,24435700
2023-05-04,1759.724609375,1862.9342638837975,1749.4036439241202,1811.3294366293987,125846600
2023-05-05,1733.922119140625,1754.564049130394,1708.1197066534132,1754.564049130394,53580000
2023-05-08,1801.008544921875,1816.4899937320918,1744.2432326177473,1744.2432326177473,41505500
2023-05-09,1801.008544921875,1816.4899937320918,1790.6875790483973,1811.329510795353,17810800
2023-05-10,1801.008544921875,1826.8109596055697,1795.8480619851362,1801.008544921875,13856500
2023-05-11,1775.2059326171875,1811.3293091530022,1764.8849678926688,1806.168826790743,18151200
2023-05-12,1754.56396484375,1785.5268583409927,1754.56396484375,1775.2058938419118,13302600
2023-05-15,1759.724609375,1785.5270230021993,1744.2431611986801,1754.56412664956,12768700
2023-05-16,1739.08251953125,1780.3663775616656,1723.6010727698442,1770.0454130540616,14421100
2023-05-17,1687.477783203125,1739.0826083775323,1677.1568181682433,1739.0826083775323,37555700
2023-05-19,1610.070556640625,1677.1568298339841,1599.7495915339541,1677.1568298339841,43420000
2023-05-22,1630.7125244140625,1661.6754204472409,1620.3915590696697,1620.3915590696697,33256500
2023-05-23,1625.552001953125,1677.1568274119543,1625.552001953125,1630.7124844990078,23083500
2023-05-24,1604.9100341796875,1646.1938935798082,1604.9100341796875,1625.551963879748,16240300
2023-05-25,1553.3052978515625,1594.5891595884812,1553.3052978515627,1573.947228720022,40149100
2023-05-26,1517.1820068359375,1579.1078030333226,1512.0215238194887,1548.1449049346302,30321200
2023-05-29,1527.5028076171875,1537.8237725335198,1465.5770181191933,1537.8237725335198,36353800
2023-05-30,1594.589111328125,1610.0705590109224,1512.021390353206,1527.5028380360031,31065600
2023-05-31,1579.107666015625,1599.749596290339,1542.9842880348754,1568.7867008782678,30729400
2023-06-05,1625.552001953125,1635.8729670448909,1589.4286241319444,1594.5891066778272,22083900
2023-06-06,1692.638427734375,1702.9593937571456,1651.3545636432927,1671.9964956888339,41069800
2023-06-07,1646.194091796875,1682.3174731215713,1635.8731257041047,1682.3174731215713,35833900
2023-06-08,1702.959228515625,1708.1197110262783,1656.5148859197443,1666.8358509410511,26853300
2023-06-09,1744.2431640625,1749.4036467964129,1687.4778539894603,1713.2802676590238,28242500
2023-06-12,1821.650390625,1826.8108733179886,1749.4036329231585,1749.4036329231585,44733700
2023-06-13,1801.008544921875,1831.9714425423085,1785.5270961116585,1816.4899937320918,51190800
2023-06-14,1795.8477783203125,1821.6501889283631,1775.2058498338722,1811.329224685143,44344200
2023-06-15,1873.2552490234375,1878.4157318031164,1785.5270417688962,1801.0084901079329,97154700
2023-06-16,1971.30419921875,2095.1557719445354,1971.3041992187502,2064.192878763089,284014900
2023-06-19,1955.822998046875,1997.1068608024818,1945.5020323579733,1971.3044465802277,63449900
2023-06-20,1986.7857666015625,1997.1067316228693,1966.1438365589488,1966.1438365589488,62961300
2023-06-21,1986.7857666015625,2002.2672141335227,1981.6252840909092,1997.1067316228693,61158000
2023-06-22,1950.662353515625,1997.106695265997,1935.1809062655009,1986.7857304325807,111652300
2023-06-23,1909.378662109375,1966.1439736855993,1899.0576963682431,1950.6625250739019,225347500
2023-06-26,2308.00390625,2308.00390625,2308.00390625,2308.00390625,4857300
2023-06-27,1963.6351318359375,1963.6351318359375,1963.6351318359375,1963.6351318359375,64168100
2023-07-03,1992.9432373046875,2014.9242288926068,1948.9812541288488,1956.308251324822,116625000
2023-07-04,2000.27001953125,2014.9240123483287,1992.9430231227104,2000.2700195312498,33908200
2023-07-05,2036.9051513671875,2058.8861422092796,2007.5971635777316,2007.5971635777316,47096400
2023-07-06,2058.885986328125,2073.5399791133786,2044.2319935428714,2044.2319935428714,33725200
2023-07-07,2029.578125,2051.5591155234656,2022.2511281588447,2051.5591155234656,26853600
2023-07-10,2036.9051513671875,2051.5591452619155,2029.5781544198235,2029.5781544198235,20234400
2023-07-11,2022.2509765625,2029.5779728543932,2000.2699876868207,2029.5779728543932,24286200
2023-07-12,2000.27001953125,2022.251008756868,2000.2700195312498,2022.251008756868,26430800
2023-07-13,2007.5970458984375,2007.5970458984375,1985.616056344805,1992.9430528626824,16924300
2023-07-14,2029.578125,2044.2321186823103,2007.5971344765342,2007.5971344765342,22841800
2023-07-17,2044.2320556640625,2058.8860488946293,2036.905059048779,2044.2320556640623,20966500
2023-07-18,2014.924072265625,2051.559055397727,2014.924072265625,2044.2320587713068,17228700
2023-07-20,2029.578125,2044.2321186823103,2022.2511281588447,2029.578125,9100600
2023-07-21,2044.2320556640625,2051.559052279346,2029.5780624334957,2036.905059048779,16007800
2023-07-24,2110.175048828125,2110.175048828125,2051.559075249566,2066.2130686442056,52006600
2023-07-25,2088.194091796875,2132.1560726768093,2080.8670949835528,2117.5020790501644,51691700
2023-07-26,2110.175048828125,2117.502045525445,2088.1940587361655,2095.5210554334853,25935800
2023-07-27,2073.5400390625,2110.1750220848057,2073.5400390625,2110.1750220848057,19828800
2023-07-28,2051.55908203125,2066.2130754743303,2022.2510951450893,2066.2130754743303,15406900
2023-07-31,2029.578125,2066.213109205776,2022.2511281588447,2044.2321186823103,25251600
2023-08-01,2000.27001953125,2044.231997982486,2000.2700195312498,2029.5780051654074,23270900
2023-08-02,2007.5970458984375,2022.2510389341924,1992.9430528626824,2000.2700493805598,13498100
2023-08-03,2007.5970458984375,2022.2510389341924,2000.2700493805598,2007.5970458984375,8719400
2023-08-04,2036.9051513671875,2058.8861422092796,2022.2511574724597,2022.2511574724597,17940600
2023-08-07,2029.578125,2044.2321186823103,2022.2511281588447,2036.9051218411553,8800700
2023-08-08,2029.578125,2051.5591155234656,2022.2511281588447,2036.9051218411553,12299300
2023-08-09,2036.9051513671875,2051.5591452619155,2022.2511574724597,2029.5781544198235,12224700
2023-08-10,2044.2320556640625,2066.2130455099127,2036.905059048779,2051.559052279346,13118900
2023-08-11,2029.578125,2051.5591155234656,2029.578125,2051.5591155234656,9851300
2023-08-14,2036.9051513671875,2044.2321483145515,2014.9241605250957,2029.5781544198235,11758100
2023-08-15,2044.2320556640625,2058.8860488946293,2029.5780624334957,2036.905059048779,15620300
2023-08-16,2029.578125,2051.5591155234656,2029.578125,2051.5591155234656,8650100
2023-08-18,2044.2320556640625,2066.2130455099127,2029.5780624334957,2036.905059048779,21852700
2023-08-21,2051.55908203125,2066.2130754743303,2044.2320853097099,2051.55908203125,19218000
2023-08-22,2190.77197265625,2190.77197265625,2058.886034503031,2058.886034503031,116091200
2023-08-23,2212.752685546875,2249.387663784406,2205.4256898993685,2205.4256898993685,64887800
2023-08-24,2161.464111328125,2212.753090240996,2161.464111328125,2198.09909626589,35075400
2023-08-25,2132.156005859375,2161.4639921942116,2110.1750161082473,2154.1369956105027,19594600
2023-08-28,2176.117919921875,2183.444916285248,2146.8099344683815,2146.8099344683815,17600500
2023-08-29,2168.790771484375,2205.425750732422,2168.790771484375,2198.0987548828125,25740000
2023-08-30,2132.156005859375,2154.1369956105027,2110.1750161082473,2146.8099990267933,26862600
2023-08-31,2095.52099609375,2124.828982053103,2088.193999603912,2124.828982053103,17422300
2023-09-01,2110.175048828125,2117.502045525445,2088.1940587361655,2095.5210554334853,9102500
2023-09-04,2139.48291015625,2168.7908952268835,2110.1749250856165,2110.1749250856165,24017100
2023-09-05,2146.81005859375,2168.791048954778,2124.829068232722,2139.4830618067404,21273000
2023-09-06,2190.77197265625,2198.098969220318,2154.136989835911,2161.463986399979,40392900
2023-09-07,2139.48291015625,2183.4448877622003,2139.48291015625,2176.1178914945417,23288700
2023-09-08,2146.81005859375,2168.791048954778,2132.156065019731,2132.156065019731,12325600
2023-09-11,2110.175048828125,2161.4640257093643,2110.175048828125,2154.1370290120444,16394900
2023-09-12,2102.847900390625,2132.155885065059,2102.847900390625,2117.501892727842,10707800
2023-09-13,2073.5400390625,2124.829015293728,2073.5400390625,2117.502018689267,22179100
2023-09-14,2117.502197265625,2132.1561917103695,2095.5212055985075,2095.5212055985075,19874100
2023-09-15,2088.194091796875,2124.8290758634867,2088.194091796875,2117.5020790501644,15248700
2023-09-18,2080.866943359375,2110.1749284771126,2073.5399470799407,2088.1939396388093,9005200
2023-09-19,2110.175048828125,2124.8290422227647,2051.559075249566,2088.1940587361655,24105700
2023-09-20,2102.847900390625,2146.8098774022756,2095.5209042220167,2110.1748965592333,22569600
2023-09-21,2066.212890625,2102.8478709552305,2058.885894558954,2102.8478709552305,26347700
2023-09-22,2095.52099609375,2102.847992583588,2036.9050241750438,2051.55901715472,15150600
2023-09-25,2088.194091796875,2117.5020790501644,2080.8670949835528,2102.84808542352,11448200
2023-09-26,2058.885986328125,2102.8479646838855,2051.558989935498,2102.8479646838855,12175400
2023-09-27,2051.55908203125,2080.867068917411,2044.2320853097099,2058.88607875279,16730500
2023-09-29,2051.55908203125,2066.2130754743303,2044.2320853097099,2058.88607875279,13238700
2023-10-02,2051.55908203125,2073.5400721958704,2044.2320853097099,2058.88607875279,10995500
2023-10-03,2007.5970458984375,2058.88602152358,2007.5970458984375,2051.5590250057026,29890100
2023-10-04,1970.962158203125,1992.9431488150558,1963.6351613324814,1985.6161519444122,27672800
2023-10-05,1948.9810791015625,1985.6160617914413,1941.6540825635866,1963.635072177514,22059800
2023-10-06,1948.9810791015625,1970.9620687154897,1934.3270860256107,1948.9810791015623,15054100
2023-10-09,1992.9432373046875,2007.5972316966338,1963.6352485207951,1970.9622457167682,17938500
2023-10-10,2014.924072265625,2036.9050621448864,2007.5970756392046,2014.924072265625,16467200
2023-10-11,2007.5970458984375,2036.9050319699475,1978.2890598269273,2036.9050319699475,14138600
2023-10-12,1985.615966796875,2022.2509477340866,1978.2889706094325,2007.596955359202,6972300
2023-10-13,1970.962158203125,2007.597142556343,1970.962158203125,2007.597142556343,9031100
2023-10-16,1985.615966796875,2007.596955359202,1978.2889706094325,1978.2889706094325,10559400
2023-10-17,1992.9432373046875,2007.5972316966338,1985.6162401087145,1985.6162401087145,4603300
2023-10-18,1992.9432373046875,2014.9242288926068,1978.2892429127414,1992.9432373046875,8393100
2023-10-19,1970.962158203125,2000.2701456856994,1963.6351613324814,2000.2701456856994,10048500
2023-10-20,1992.9432373046875,1992.9432373046875,1956.308251324822,1978.2892429127414,8034000
2023-10-23,1948.9810791015625,1992.9430583294172,1941.6540825635866,1992.9430583294172,15562700
2023-10-24,1956.30810546875,1970.9620987681415,1948.9811088190543,1948.9811088190543,4910200
2023-10-25,1970.962158203125,1985.6161519444122,1948.9811675911942,1956.3081644618378,7822600
2023-10-26,1948.9810791015625,1978.2890652534657,1934.3270860256107,1970.9620687154897,8877200
2023-10-27,1948.9810791015625,1963.635072177514,1941.6540825635866,1948.9810791015623,3865600
2023-10-30,1897.692138671875,1963.635108741554,1897.6921386718748,1948.9811153927365,13971700
2023-10-31,1817.09521484375,1861.0571958480343,1795.114224341608,1839.076205345892,35009600
2023-11-01,1729.171142578125,1809.768102613546,1721.8441462112685,1802.4411062466897,29746200
2023-11-02,1743.8251953125,1765.8061851693803,1729.17120207458,1729.17120207458,14768500
2023-11-03,1751.1522216796875,1773.1332119099764,1743.8252249362579,1751.1522216796875,15475300
2023-11-06,1758.4791259765625,1773.1331186930338,1751.1521296183269,1758.4791259765625,10389400
2023-11-07,1729.171142578125,1765.8061244124074,1721.8441462112685,1758.4791280455509,11316700
2023-11-08,1707.1903076171875,1736.4982957307873,1692.5363135603877,1729.1712987023873,10537000
2023-11-09,1721.8441162109375,1736.4981086893285,1707.1901237325467,1721.8441162109375,9197100
2023-11-10,1714.5172119140625,1736.4982018103965,1714.5172119140625,1721.8442085461738,5557200
2023-11-13,1729.171142578125,1736.4981389449815,1714.5171498444122,1714.5171498444122,6214200
2023-11-14,1751.1522216796875,1758.4792184231171,1729.1712314493984,1729.1712314493984,6851600
2023-11-15,1758.4791259765625,1780.4601150512694,1758.4791259765625,1758.4791259765625,7956100
2023-11-16,1743.8251953125,1765.8061851693803,1736.49819869354,1758.4791885504203,4847000
2023-11-17,1758.4791259765625,1765.8061223347981,1743.825133260091,1743.825133260091,4944200
2023-11-20,1773.13330078125,1787.7872950025826,1758.4793065599174,1758.4793065599174,5072600
2023-11-21,1780.4600830078125,1787.787079234182,1765.8060905550733,1773.133086781443,4335600
2023-11-22,1773.13330078125,1824.4222805559143,1773.13330078125,1787.7872950025826,8969300
2023-11-23,1780.4600830078125,1787.787079234182,1758.4790943287037,1773.133086781443,3260600
2023-11-24,1802.4410400390625,1817.0950322345022,1787.787047843623,1787.787047843623,5179400
2023-11-27,1787.787109375,1817.0950947745903,1787.787109375,1802.441102074795,7940300
2023-11-28,1787.787109375,1809.7680984246927,1787.787109375,1795.1141057248976,4994200
2023-11-29,1773.13330078125,1802.4412892239152,1773.13330078125,1795.114292113249,5818000
2023-11-30,1773.13330078125,1787.7872950025826,1765.8063036705837,1773.13330078125,6078200
2023-12-01,1780.4600830078125,1795.1140754605517,1780.4600830078125,1787.787079234182,6114400
2023-12-04,1802.4410400390625,1809.7680361367825,1787.787047843623,1795.114043941343,7547600
2023-12-05,1773.13330078125,1809.7682863345817,1773.13330078125,1809.7682863345817,5829600
2023-12-06,1765.8060302734375,1787.7870182021525,1758.4790342971992,1773.1330262496758,7407000
2023-12-07,1773.13330078125,1787.7872950025826,1758.4793065599174,1765.8063036705837,9757500
2023-12-08,1765.8060302734375,1787.7870182021525,1765.8060302734375,1787.7870182021525,10357500
2023-12-11,1736.498291015625,1787.7872700751582,1729.1712940071202,1773.1332760581486,11896500
2023-12-12,1721.8441162109375,1758.479097406915,1714.5171199717422,1743.825104928524,9805900
2023-12-13,1685.2093505859375,1721.8443364682405,1685.2093505859375,1721.8443364682405,10745300
2023-12-14,1692.5361328125,1714.5171215503246,1685.2091365665583,1685.2091365665583,6876400
2023-12-15,1692.5361328125,1765.8060952719156,1692.5361328125,1699.8631290584415,23165500
2023-12-18,1707.1903076171875,1729.1712987023873,1692.5363135603877,1699.8633105887875,11128000
2023-12-19,1736.498291015625,1736.498291015625,1707.190302981606,1714.5172999901106,7665600
2023-12-20,1729.171142578125,1765.8061244124074,1721.8441462112685,1736.4981389449815,9858700
2023-12-21,1743.8251953125,1751.1521919314603,1721.8442054556199,1736.49819869354,6161100
2023-12-22,1758.4791259765625,1765.8061223347981,1743.825133260091,1751.1521296183269,7311600
2023-12-27,1787.787109375,1795.1141057248976,1758.47912397541,1758.47912397541,10653600
2023-12-28,1802.4410400390625,1809.7680361367825,1787.787047843623,1787.787047843623,8040000
2023-12-29,1787.787109375,1809.7680984246927,1780.4601130251024,1809.7680984246927,8144200
2024-01-02,1853.730224609375,1868.384218479805,1787.7872521924407,1787.7872521924407,20588900
2024-01-03,1853.730224609375,1861.05722154459,1817.0952399333005,1846.4032276741602,15782700
2024-01-04,1941.654052734375,1970.962038436026,1861.057092054835,1861.057092054835,36304400
2024-01-05,1948.9810791015625,1978.2890652534657,1941.6540825635866,1941.6540825635866,20780900
2024-01-08,1927.000244140625,1963.6352297706749,1919.673247014615,1948.981235518655,14404100
2024-01-09,1927.000244140625,1941.6542383926449,1897.692255636585,1934.327241266635,12085800
2024-01-10,1941.654052734375,1948.9810491597877,1919.673063458137,1934.3270563089623,10351400
2024-01-11,1919.6732177734375,1941.6542088166448,1912.346220759035,1941.6542088166448,6832800
2024-01-12,1934.3270263671875,1941.6540226791844,1912.346037431197,1919.6730337431939,7291900
2024-01-15,1985.615966796875,1992.9429629843173,1941.6539896722209,1941.6539896722209,20575200
2024-01-16,1978.2889404296875,1992.9429325810186,1963.6349482783564,1992.9429325810186,9765000
2024-01-17,1948.9810791015625,1992.9430583294172,1948.9810791015623,1978.2890652534657,12819400
2024-01-18,1934.3270263671875,1948.9810189911814,1919.6730337431939,1948.9810189911814,8669100
2024-01-19,1919.6732177734375,1941.6542088166448,1912.346220759035,1941.6542088166448,6349700
2024-01-22,1868.384033203125,1927.0000028722425,1868.384033203125,1912.346010454963,15847200
2024-01-23,1861.0572509765625,1897.6922362320065,1846.4032568743846,1868.3842480276512,8693800
2024-01-24,1839.076171875,1890.3651487798807,1831.7491751743028,1875.7111553784862,7820000
2024-01-25,1883.038330078125,1890.3653274714252,1839.0763457183245,1839.0763457183245,9744300
2024-01-26,1883.038330078125,1905.0193222580253,1861.057337898225,1905.0193222580253,5259500
2024-01-29,1883.038330078125,1897.6923248647254,1875.711332684825,1883.038330078125,5576600
2024-01-30,1897.692138671875,1912.3461320206925,1861.057155299831,1875.7111486486485,8538000
2024-01-31,1912.345947265625,1948.9809270982998,1905.01895129909,1912.345947265625,14814000
2024-02-01,1875.7110595703125,1912.3460412025452,1875.7110595703125,1912.3460412025452,12264200
2024-02-02,1861.0572509765625,1890.3652391809178,1861.0572509765623,1875.71124507874,6281100
2024-02-05,1861.0572509765625,1897.6922362320065,1861.0572509765623,1868.3842480276512,8566700
2024-02-06,1875.7110595703125,1883.038055896759,1861.0570669174194,1868.384063243866,8824400
2024-02-07,1912.345947265625,1912.345947265625,1875.7109674329502,1875.7109674329502,6168100
2024-02-12,1941.654052734375,1948.9810491597877,1912.3460670327242,1912.3460670327242,11854100
2024-02-13,1934.3270263671875,1948.9810189911814,1927.0000300551908,1941.6540226791844,5620100
2024-02-15,1948.9810791015625,1978.2890652534657,1941.6540825635866,1948.9810791015623,10671400
2024-02-16,1963.6351318359375,1970.9621285965193,1941.654141554192,1963.6351318359375,13090200
2024-02-19,1970.962158203125,1970.962158203125,1941.6541707205506,1963.6351613324814,10044100
2024-02-20,1934.3270263671875,1970.9620079271722,1934.3270263671877,1970.9620079271722,9295000
2024-02-21,1912.345947265625,1934.3269351652298,1905.01895129909,1934.3269351652298,7854800
2024-02-22,1927.000244140625,1941.6542383926449,1905.019252762595,1912.346249888605,6881000
2024-02-23,1927.000244140625,1934.327241266635,1912.346249888605,1927.000244140625,3933700
2024-02-26,1890.3651123046875,1934.3270916606104,1890.3651123046875,1934.3270916606104,11071200
2024-02-27,1897.692138671875,1912.3461320206925,1897.6921386718748,1905.0191353462837,5649800
2024-02-28,1919.6732177734375,1927.00021478784,1905.0192237446327,1905.0192237446327,4858100
2024-02-29,1875.7110595703125,1927.0000338554382,1875.7110595703125,1919.6730375289917,16546000
2024-03-01,1890.3651123046875,1912.346101982649,1883.0381157453671,1897.692108864008,8631800
2024-03-04,1970.962158203125,1970.962158203125,1897.692189496689,1897.692189496689,27146000
2024-03-05,2007.5970458984375,2051.5590250057026,2007.5970458984375,2007.5970458984375,69921100
2024-03-06,2036.9051513671875,2044.2321483145515,2000.2701666303676,2022.2511574724597,27998700
2024-03-07,2080.866943359375,2080.866943359375,2014.9239768444652,2036.9049656827685,30004000
2024-03-08,2124.828857421875,2124.828857421875,2058.885892881196,2080.8668810614226,34845300
2024-03-13,2051.55908203125,2124.8290492466517,2051.55908203125,2124.8290492466517,33678100
2024-03-14,2110.175048828125,2117.502045525445,2051.559075249566,2051.559075249566,31781000
2024-03-15,2080.866943359375,2154.1369061537193,2080.866943359375,2117.501924756547,49866500
2024-03-18,2088.194091796875,2110.175082236842,2080.8670949835528,2095.5210886101972,12802300
2024-03-19,2146.81005859375,2146.81005859375,2088.194084297675,2088.194084297675,21766300
2024-03-20,2117.502197265625,2146.8101861551145,2117.502197265625,2139.483188932742,14828300
2024-03-21,2161.464111328125,2183.445102290784,2124.82912639036,2124.82912639036,26602900
2024-03-22,2154.136962890625,2183.4449487802935,2154.136962890625,2161.4639593630422,15643300
2024-03-25,2146.81005859375,2161.464052167769,2124.829068232722,2161.464052167769,13402300
2024-03-26,2154.136962890625,2161.4639593630422,2124.828977000957,2161.4639593630422,13218400
2024-03-27,2161.464111328125,2168.791108315678,2154.137114340572,2154.137114340572,12763000
2024-03-28,2176.117919921875,2190.7719126486213,2161.4639271951282,2176.117919921875,24637300
2024-04-01,2117.502197265625,2176.118175044604,2088.194208376135,2176.118175044604,32364300
2024-04-02,2139.48291015625,2139.48291015625,2095.5209325502997,2117.5019213532746,16327900
2024-04-03,2139.48291015625,2161.463898959225,2124.828917620933,2139.48291015625,17802900
2024-04-04,2146.81005859375,2154.137055380759,2110.175074658703,2132.156065019731,9335400
2024-04-05,2146.81005859375,2154.137055380759,2132.156065019731,2146.81005859375,9068600
2024-04-16,2271.368896484375,2293.3498858051917,2146.809956999748,2154.13695344002,58080000
2024-04-17,2264.0419921875,2315.330969356796,2242.061001972087,2286.0229824029125,36783600
2024-04-18,2293.35009765625,2293.35009765625,2220.080126485124,2271.3691063049123,26810000
2024-04-19,2300.677001953125,2308.003998774632,2264.042017845591,2293.350005131618,22919300
2024-04-22,2256.71484375,2308.003817471591,2242.060851258117,2300.6768212256493,19618600
2024-04-23,2242.060791015625,2264.041779162837,2234.7337949665543,2256.7147831137663,8395600
2024-04-24,2168.790771484375,2271.3687133789062,2102.8478088378906,2256.7147216796875,31018500
2024-04-25,2117.502197265625,2168.791177822232,2102.84820282088,2168.791177822232,23582700
2024-04-26,2110.175048828125,2154.1370290120444,2110.175048828125,2124.8290422227647,11557400
2024-04-29,2198.098876953125,2198.098876953125,2095.520929361979,2124.8289143880206,11267600
2024-04-30,2220.080078125,2220.080078125,2183.4450933374587,2198.0990872524753,14322600
2024-05-02,2117.502197265625,2139.483188932742,2014.9242361524111,2022.2512333747836,45398700
2024-05-03,2146.81005859375,2161.464052167769,2117.5020714457123,2132.156065019731,15044700
2024-05-06,2146.81005859375,2161.464052167769,2132.156065019731,2154.137055380759,14822200
2024-05-07,2110.175048828125,2161.4640257093643,2102.848052130805,2154.1370290120444,19836200
2024-05-08,2146.81005859375,2212.7530296768346,2044.2321035756186,2124.829068232722,89508200
2024-05-13,2146.81005859375,2176.1180457417877,2132.156065019731,2161.464052167769,20604500
2024-05-14,2139.48291015625,2168.7908952268835,2139.48291015625,2154.136902691567,22326100
2024-05-15,2132.156005859375,2161.4639921942116,2124.8290092756656,2154.1369956105027,16338100
2024-05-16,2146.81005859375,2146.81005859375,2124.829068232722,2139.4830618067404,21537000
2024-05-17,2139.48291015625,2161.463898959225,2132.1559138885914,2146.809906423908,30769200
2024-05-20,2146.81005859375,2168.791048954778,2132.156065019731,2146.81005859375,72080600
2024-05-21,2178.781494140625,2238.1257371716924,2144.870498122872,2161.8259961317485,61531400
2024-05-22,2195.73681640625,2204.214564732143,2178.781319754464,2178.781319754464,18229700
2024-05-27,2136.392578125,2204.214564732143,2136.392578125,2204.214564732143,21414000
2024-05-28,2127.914794921875,2170.3035358565735,2127.914794921875,2153.3480394826943,11910700
2024-05-29,2094.00390625,2144.870397899798,2085.5261576417006,2136.392649291498,14743600
2024-05-30,2110.959228515625,2119.43697642131,2051.614993175828,2094.0037327042546,9640300
2024-05-31,2110.959228515625,2136.3924722326806,2110.959228515625,2119.43697642131,15709000
2024-06-03,2187.259033203125,2195.736781393835,2119.437047677447,2119.437047677447,16723300
2024-06-04,2178.781494140625,2195.7369921495015,2170.303745136187,2195.7369921495015,11333500
2024-06-05,2144.870361328125,2187.2591036468625,2119.4371159368825,2178.781355183115,9835700
2024-06-06,2127.914794921875,2153.3480394826943,2119.4370467349354,2144.870291295754,4891100
2024-06-07,2144.870361328125,2161.82585825562,2127.91486440063,2136.3926128643775,7711700
2024-06-10,2102.481689453125,2153.348181939894,2094.00394070533,2144.8704331920994,13448200
2024-06-11,2068.570556640625,2119.437045738345,2068.570556640625,2102.4815493724386,12171100
2024-06-12,2060.0927734375,2085.5260175540125,2051.6150253986625,2068.5705214763375,6485000
2024-06-13,2136.392578125,2136.392578125,2060.092843191964,2060.092843191964,14098000
2024-06-14,2085.52587890625,2136.3923637576218,2077.0481314310214,2136.3923637576218,5659700
2024-06-19,2060.0927734375,2094.0037655928495,2051.6150253986625,2085.5260175540125,5276200
2024-06-20,2051.615234375,2077.048481082128,2051.615234375,2060.092983277376,6492600
2024-06-21,2051.615234375,2077.048481082128,2017.704238765496,2060.092983277376,18936500
2024-06-24,2060.0927734375,2068.5705214763375,2051.6150253986625,2060.0927734375,6459100
2024-06-25,2043.13720703125,2077.0481980193204,2043.1372070312498,2068.570450272303,6880400
2024-06-26,2068.570556640625,2068.570556640625,2034.6595639088114,2043.1373120917647,6341900
2024-06-27,2060.0927734375,2068.5705214763375,2051.6150253986625,2068.5705214763375,4573400
2024-06-28,2077.04833984375,2094.003836495536,2060.092843191964,2060.092843191964,12859800
2024-07-01,2119.43701171875,2119.43701171875,2077.048271484375,2085.52601953125,9767100
2024-07-02,2110.959228515625,2136.3924722326806,2110.959228515625,2119.43697642131,9422500
2024-07-03,2119.43701171875,2144.870255859375,2110.959263671875,2119.43701171875,10030300
2024-07-04,2144.870361328125,2178.781355183115,2127.91486440063,2136.3926128643775,18794900
2024-07-05,2153.34814453125,2178.7813903328,2136.3926473302167,2153.34814453125,9942000
2024-07-08,2161.82568359375,2170.303431372549,2144.870188036152,2153.347935814951,7491700
2024-07-09,2144.870361328125,2178.781355183115,2144.870361328125,2161.82585825562,10477700
2024-07-10,2153.34814453125,2170.3036417322837,2144.870395930733,2144.870395930733,7337200
2024-07-11,2161.82568359375,2170.303431372549,2153.347935814951,2161.82568359375,4841300
2024-07-12,2144.870361328125,2170.3036067193675,2144.870361328125,2161.82585825562,7888600
2024-07-15,2136.392578125,2170.3035714285716,2119.437081473214,2170.3035714285716,12266200
2024-07-16,2144.870361328125,2161.82585825562,2136.3926128643775,2144.870361328125,6947800
2024-07-17,2153.34814453125,2161.825893131767,2144.870395930733,2161.825893131767,7325200
2024-07-18,2221.170166015625,2229.6479147408754,2136.3926787631203,2153.348176213621,26806000
2024-07-19,2229.64794921875,2272.036693500475,2221.170200362405,2221.170200362405,30356300
2024-07-22,2272.03662109375,2288.9921182660914,2238.125626749067,2238.125626749067,18786400
2024-07-23,2246.603271484375,2305.9475088443396,2246.603271484375,2280.5142642614974,21142700
2024-07-24,2221.170166015625,2272.036658367128,2212.6924172903746,2246.6034121913763,11115400
2024-07-25,2212.692138671875,2255.0808769606083,2204.214391014128,2221.1698863296215,10327000
2024-07-26,2255.0810546875,2263.558803013393,2221.170061383929,2221.170061383929,8478400
2024-07-29,2263.558837890625,2288.992083260183,2255.0810894341057,2272.0365863471443,10990800
2024-07-30,2238.12548828125,2280.5142285896072,2238.12548828125,2272.0364805279355,7184600
2024-07-31,2272.03662109375,2272.03662109375,2238.125626749067,2238.125626749067,10266700
2024-08-01,2263.558837890625,2288.992083260183,2238.1255925210676,2288.992083260183,9702200
2024-08-02,2305.94775390625,2322.903252096737,2255.0812593347887,2263.559008430032,22835800
2024-08-05,2170.303466796875,2297.4696855545044,2127.9147272109985,2297.4696855545044,48501700
2024-08-06,2195.73681640625,2229.6478097098216,2153.348074776786,2204.214564732143,19166600
2024-08-07,2212.692138671875,2229.647633987368,2195.7366433563816,2204.214391014128,10480400
2024-08-08,2195.73681640625,2221.170061383929,2187.2590680803573,2212.692313058036,8760900
2024-08-09,2187.259033203125,2221.170025965964,2187.259033203125,2204.214529584545,7434400
2024-08-12,2246.603271484375,2246.603271484375,2195.736782318691,2195.736782318691,13483400
2024-08-13,2255.0810546875,2272.036551339286,2246.6033063616073,2263.558803013393,8739100
2024-08-14,2305.94775390625,2305.94775390625,2238.1257611443016,2255.0812593347887,22031400
2024-08-15,2288.991943359375,2305.947439236111,2263.558699544271,2305.947439236111,19410100
2024-08-16,2314.42529296875,2331.380789620536,2288.9920479910716,2305.9475446428573,25829000
2024-08-19,2297.4697265625,2314.4252226994927,2288.991978494004,2314.4252226994927,11115900
2024-08-20,2305.94775390625,2314.425503001494,2288.992255715763,2305.94775390625,9550300
2024-08-21,2297.4697265625,2322.902970767989,2297.4697265625,2305.9474746309966,12353000
2024-08-22,2305.94775390625,2322.903252096737,2263.559008430032,2288.992255715763,17628700
2024-08-23,2339.8583984375,2365.2916418987775,2305.947407155797,2305.947407155797,22179900
2024-08-26,2348.33642578125,2365.2919234403203,2339.858676951715,2348.33642578125,12227700
2024-08-27,2356.814208984375,2390.7252047971,2339.8587110780127,2356.814208984375,16790600
2024-08-28,2356.814208984375,2373.769706890738,2348.336460031194,2365.291957937556,10744200
2024-08-29,2356.814208984375,2382.247455843919,2339.8587110780127,2356.814208984375,15032300
2024-08-30,2314.42529296875,2356.814034598214,2314.42529296875,2356.814034598214,21459200
2024-09-02,2390.724853515625,2390.724853515625,2314.425124148105,2322.9028718556074,30665600
2024-09-03,2373.76953125,2416.158272879464,2365.2917829241073,2390.725027901786,14953700
2024-09-04,2339.8583984375,2382.247137539629,2322.9029027966485,2348.336146257926,14767300
2024-09-05,2331.380859375,2356.8141051136363,2297.469865056818,2339.8586079545453,14614200
2024-09-06,2297.4697265625,2331.3807188364854,2297.4697265625,2331.3807188364854,13816400
2024-09-09,2272.03662109375,2314.425364024604,2246.603375335238,2305.947615438433,22601600
2024-09-10,2263.558837890625,2297.4698317167017,2246.603340977587,2280.5143348036636,17035500
2024-09-11,2255.0810546875,2280.514299665179,2246.6033063616073,2246.6033063616073,9549300
2024-09-12,2305.94775390625,2331.381001191981,2280.5145066205196,2280.5145066205196,20896600
2024-09-13,2314.42529296875,2322.903041294643,2288.9920479910716,2305.9475446428573,10996900
2024-09-17,2373.76953125,2390.725027901786,2297.469796316964,2314.42529296875,32828500
2024-09-18,2356.814208984375,2390.7252047971,2356.814208984375,2382.247455843919,9166700
2024-09-19,2356.814208984375,2373.769706890738,2339.8587110780127,2356.814208984375,10019700
2024-09-20,2500.935791015625,2500.935791015625,2339.8585705773307,2365.291815909693,85703000
2024-09-23,2645.057373046875,2653.53512103741,2483.980161226713,2500.9356572077827,127993400
2024-09-24,2628.10205078125,2662.013044984879,2594.191056577621,2645.0575478830647,42900500
2024-09-25,2611.146484375,2678.968470982143,2577.235491071429,2645.0574776785716,41602600
2024-09-26,2636.57958984375,2645.0573377210612,2602.668598334506,2628.101841966439,30074500
2024-09-27,2662.012939453125,2662.012939453125,2577.2354573049365,2636.5796948086686,43117300
2024-09-30,2611.146484375,2695.923967633929,2602.6687360491073,2670.49072265625,37413700
2024-10-01,2602.668701171875,2645.057442233306,2534.846715473585,2611.1464493841613,55814500
2024-10-02,2585.713134765625,2611.1463787141397,2551.8021428342727,2602.668630731301,23254500
2024-10-03,2594.19091796875,2611.1464141646243,2568.757673674939,2585.7131698708126,18192500
2024-10-04,2534.8466796875,2628.1019087061036,2534.8466796875,2594.1909163357022,27042800
2024-10-07,2628.10205078125,2662.013044984879,2594.191056577621,2594.191056577621,31774800
2024-10-08,2611.146484375,2645.0574776785716,2594.190987723214,2636.579729352679,21266900
2024-10-09,2585.713134765625,2611.1463787141397,2560.2798908171108,2611.1463787141397,14404900
2024-10-10,2560.27978515625,2602.6685233210883,2560.27978515625,2585.7130280551532,15849000
2024-10-11,2568.7578125,2594.191058168317,2560.2800639438947,2585.7133096122116,10016300
2024-10-14,2628.10205078125,2645.0575478830647,2568.7578109248993,2577.2355594758064,30455100
2024-10-15,2628.10205078125,2662.013044984879,2611.1465536794353,2628.10205078125,24711000
2024-10-16,2611.146484375,2645.0574776785716,2585.7132393973216,2645.0574776785716,21907400
2024-10-17,2594.19091796875,2619.624162262561,2594.19091796875,2611.1464141646243,12348900
2024-10-18,2585.713134765625,2611.1463787141397,2568.757638799949,2602.668630731301,12261800
2024-10-21,2560.27978515625,2585.7130280551532,2551.8020375232823,2585.7130280551532,15196900
2024-10-22,2577.235595703125,2585.7133443732014,2560.280098362973,2560.280098362973,7584100
2024-10-23,2500.935791015625,2585.713275456833,2500.935791015625,2577.235527012712,29092600
2024-10-24,2475.50244140625,2517.8911818412885,2475.50244140625,2500.9356856672734,13921900
2024-10-25,2441.591552734375,2492.4580434163413,2433.113804287381,2475.5025465223525,17372800
2024-10-28,2433.113525390625,2467.0245152915395,2407.680282964939,2441.5912728658536,16500200
2024-10-29,2416.158203125,2433.1136992872807,2399.2027069627193,2416.158203125,9846900
2024-10-30,2407.680419921875,2441.5914117517605,2373.7694280919895,2416.1581678793464,17122400
2024-10-31,2509.413330078125,2509.413330078125,2407.68035723712,2416.1581049738706,22804100
2024-11-01,2475.50244140625,2500.9356856672734,2441.5914490582195,2500.9356856672734,14265400
2024-11-04,2433.113525390625,2475.502262766768,2416.1580304401677,2475.502262766768,9847800
2024-11-05,2450.0693359375,2475.5025816392736,2424.636090235727,2441.5915873702425,13393700
2024-11-06,2424.635986328125,2458.5469791439027,2407.680489920236,2458.5469791439027,9440000
2024-11-07,2399.202880859375,2424.6361269462236,2382.2473834681427,2424.6361269462236,9943500
2024-11-08,2373.76953125,2407.6805245535716,2373.76953125,2399.202776227679,9176000
2024-11-11,2348.33642578125,2373.7696722698556,2331.3809281221797,2373.7696722698556,16646500
2024-11-12,2433.113525390625,2450.0690203410823,2356.813798113567,2356.813798113567,18297100
2024-11-13,2382.247314453125,2450.069302053214,2382.247314453125,2433.1138051531916,11390000
2024-11-14,2348.33642578125,2382.247421099391,2348.33642578125,2382.247421099391,8777600
2024-11-15,2331.380859375,2373.7696022727273,2331.380859375,2348.336356534091,8098700
2024-11-18,2305.94775390625,2348.336499382468,2288.992255715763,2331.381001191981,11015500
2024-11-19,2348.33642578125,2365.2919234403203,2305.947681633574,2305.947681633574,6834200
2024-11-20,2322.903076171875,2356.814069984603,2305.947579265511,2348.336321531421,5495500
2024-11-21,2305.94775390625,2348.336499382468,2305.94775390625,2322.903252096737,4713200
2024-11-22,2348.33642578125,2356.8141746107854,2322.9031792926444,2331.3809281221797,5347300
2024-11-25,2373.76953125,2399.202776227679,2339.858537946429,2348.3362862723216,12285400
2024-11-26,2339.8583984375,2399.20263318048,2339.8583984375,2399.20263318048,6816800
2024-11-28,2365.291748046875,2365.291748046875,2322.903007042451,2339.8585034442203,5875400
2024-11-29,2288.991943359375,2365.2916748046873,2288.991943359375,2365.2916748046873,10744500
2024-12-02,2263.558837890625,2314.4253286297403,2255.0810894341057,2288.992083260183,12311800
2024-12-03,2288.991943359375,2297.469691297743,2263.558699544271,2263.558699544271,6349300
2024-12-04,2297.4697265625,2331.3807188364854,2288.991978494004,2288.991978494004,10573800
2024-12-05,2322.903076171875,2348.336321531421,2288.992082359147,2314.425327718693,8311500
2024-12-06,2314.42529296875,2314.42529296875,2288.9920479910716,2314.42529296875,7213200
2024-12-09,2331.380859375,2339.8586079545453,2314.425362215909,2314.425362215909,10858500
2024-12-10,2399.202880859375,2424.6361269462236,2322.9031425988296,2339.858639990062,28227200
2024-12-11,2373.76953125,2424.6360212053573,2365.2917829241073,2399.202776227679,13120800
2024-12-12,2373.76953125,2399.202776227679,2356.814034598214,2373.76953125,9050900
2024-12-13,2356.814208984375,2382.247455843919,2348.336460031194,2373.769706890738,4660300
2024-12-16,2322.903076171875,2365.291818437785,2305.947579265511,2356.814069984603,9329800
2024-12-17,2263.558837890625,2322.9030770862596,2263.558837890625,2322.9030770862596,12049200
2024-12-18,2272.03662109375,2297.4698668522624,2255.0811239214086,2263.5588725075795,5529700
2024-12-19,2187.259033203125,2272.036515110223,2178.7812850124155,2272.036515110223,23987000
2024-12-20,2195.73681640625,2229.6478097098216,2195.73681640625,2195.73681640625,6238800
2024-12-23,2195.73681640625,2221.170061383929,2195.73681640625,2204.214564732143,7109000
2024-12-24,2195.73681640625,2221.170061383929,2195.73681640625,2204.214564732143,5148700
2024-12-27,2221.170166015625,2238.125663466126,2204.214668565124,2204.214668565124,7571900
2024-12-30,2331.380859375,2331.380859375,2221.170127840909,2229.6478764204544,16423500
2025-01-02,2272.03662109375,2339.8586097831158,2263.5588725075795,2331.380861196945,11358800
2025-01-03,2288.991943359375,2297.469691297743,2272.036447482639,2288.991943359375,6270800
2025-01-06,2246.603271484375,2297.469760650059,2246.603271484375,2288.992012455778,8069600
2025-01-07,2238.12548828125,2263.5587324662642,2212.6922440962358,2246.6032363429213,10403000
2025-01-08,2238.12548828125,2272.0364805279355,2212.6922440962358,2212.6922440962358,7642200
2025-01-09,2221.170166015625,2238.125663466126,2212.6924172903746,2238.125663466126,7940500
2025-01-10,2280.514404296875,2305.9476504414497,2212.6924145780085,2212.6924145780085,13279300
2025-01-13,2212.692138671875,2280.514119933848,2212.692138671875,2280.514119933848,14542900
2025-01-14,2221.170166015625,2255.0811609166267,2204.214668565124,2212.6924172903746,10125500
2025-01-15,2263.558837890625,2263.558837890625,2221.170095608029,2221.170095608029,10005600
2025-01-16,2280.514404296875,2297.4699017265916,2263.5589068671584,2263.5589068671584,13448300
2025-01-17,2272.03662109375,2288.9921182660914,2255.0811239214086,2280.514369679921,8275600
2025-01-20,2255.0810546875,2288.9920479910716,2255.0810546875,2263.558803013393,8433900
2025-01-21,2280.514404296875,2280.514404296875,2263.5589068671584,2272.0366555820165,6286700
2025-01-22,2297.4697265625,2322.902970767989,2280.5142304255073,2280.5142304255073,10055500
2025-01-23,2288.991943359375,2297.469691297743,2272.036447482639,2297.469691297743,6637800
2025-01-24,2288.991943359375,2305.947439236111,2272.036447482639,2288.991943359375,5699600
2025-01-30,2272.03662109375,2297.4698668522624,2255.0811239214086,2288.9921182660914,7985700
2025-01-31,2280.514404296875,2288.992153011733,2229.647912007725,2255.0811581523,9102600
2025-02-03,2263.558837890625,2280.5143348036636,2246.603340977587,2280.5143348036636,8952800
2025-02-04,2280.514404296875,2331.3808965860244,2263.5589068671584,2272.0366555820165,8784900
2025-02-05,2305.94775390625,2322.903252096737,2272.036757525276,2272.036757525276,8030000
2025-02-06,2246.603271484375,2314.42525703862,2246.603271484375,2305.9475088443396,9826200
2025-02-07,2263.558837890625,2288.992083260183,2204.214598694991,2246.603340977587,6640700
2025-02-10,2221.170166015625,2263.558909641877,2221.170166015625,2263.558909641877,7866600
2025-02-11,2221.170166015625,2238.125663466126,2204.214668565124,2221.170166015625,5596900
2025-02-12,2238.12548828125,2238.12548828125,2195.736747972893,2221.1699921579075,4652700
2025-02-13,2280.514404296875,2314.425399156308,2212.6924145780085,2238.1256607225837,7256600
2025-02-14,2297.4697265625,2322.902970767989,2255.0809862200185,2272.036482357011,9924200
2025-02-17,2297.4697265625,2297.4697265625,2272.036482357011,2297.4697265625,5549300
2025-02-18,2280.514404296875,2305.9476504414497,2272.0366555820165,2297.4699017265916,6466600
2025-02-19,2255.0810546875,2305.9475446428573,2255.0810546875,2288.9920479910716,11910500
2025-02-20,2263.558837890625,2288.992083260183,2229.6478440645483,2263.558837890625,8642500
2025-02-21,2255.0810546875,2280.514299665179,2238.125558035714,2255.0810546875,7654900
2025-02-24,2238.12548828125,2288.9919766512785,2229.6477402195787,2246.6032363429213,8644300
2025-02-25,2221.170166015625,2263.558909641877,2212.6924172903746,2246.6034121913763,10908400
2025-02-26,2212.692138671875,2238.125381645115,2204.214391014128,2221.1698863296215,7508100
2025-02-27,2221.170166015625,2246.6034121913763,2212.6924172903746,2212.6924172903746,11462100
2025-02-28,2195.73681640625,2212.692313058036,2102.481584821429,2204.214564732143,21109800
2025-03-03,2187.259033203125,2212.6922777752543,2144.8702922495763,2195.736781393835,8847900
2025-03-04,2127.914794921875,2187.259032230453,2094.003802174116,2187.259032230453,11829000
2025-03-05,2187.259033203125,2187.259033203125,2119.437047677447,2127.9147958681565,13004500
2025-03-06,2187.259033203125,2204.214529584545,2170.3035368217056,2187.259033203125,8411300
2025-03-07,2161.82568359375,2187.258926930147,2161.82568359375,2178.781179151348,5569000
2025-03-10,2127.914794921875,2178.7812840435136,2127.914794921875,2161.825787669634,11349200
2025-03-11,2110.959228515625,2136.3924722326806,2102.48148060994,2119.43697642131,5507500
2025-03-12,2102.481689453125,2136.3926844443045,2102.481689453125,2110.95943820092,7374600
2025-03-13,2077.04833984375,2119.437081473214,2077.04833984375,2102.481584821429,9681000
2025-03-14,2077.04833984375,2102.481584821429,2077.04833984375,2085.526088169643,5732000
2025-03-17,2077.04833984375,2102.481584821429,2051.6150948660716,2077.04833984375,6458800
2025-03-18,2051.615234375,2085.526229984504,1992.2709920583677,2077.048481082128,13320600
2025-03-19,2060.0927734375,2077.048269515175,2017.7040332433128,2034.6595293209875,6280300
2025-03-20,2043.13720703125,2094.0036935133558,2043.1372070312498,2068.570450272303,7010200
2025-03-21,1966.837646484375,2043.1373827704067,1966.8376464843748,2043.1373827704067,13568500
2025-03-24,1949.8822021484375,1992.2709456734035,1907.4934586234715,1966.837699558424,13409000
2025-03-25,2077.04833984375,2094.003836495536,1941.4043666294644,1949.8821149553573,13581800
2025-03-26,2127.914794921875,2153.3480394826943,2085.526053987176,2085.526053987176,13483000
2025-03-27,2136.392578125,2178.781319754464,2127.9148297991073,2127.9148297991073,8070300
2025-04-08,2051.615234375,2077.048481082128,1949.8822475464876,1966.8377453512396,19199300
2025-04-09,2085.52587890625,2161.825606183308,2043.1371415301066,2043.1371415301066,12180100
2025-04-10,2272.03662109375,2272.03662109375,2144.8703923011894,2161.825889473531,27346700
2025-04-11,2272.03662109375,2280.514369679921,2221.1701295767257,2238.125626749067,13694600
2025-04-14,2322.903076171875,2322.903076171875,2263.5588369996008,2272.0365854527827,13422200
2025-04-15,2339.8583984375,2348.336146257926,2297.4696593353715,2331.3806506170745,13376700
2025-04-16,2297.4697265625,2339.8584669049815,2297.4697265625,2331.3807188364854,13161700
2025-04-17,2314.42529296875,2331.380789620536,2288.9920479910716,2297.469796316964,7922200
2025-04-21,2314.42529296875,2322.903041294643,2288.9920479910716,2314.42529296875,8532900
2025-04-22,2339.8583984375,2373.769389719203,2288.991911514946,2297.4696593353715,19672500
2025-04-23,2356.814208984375,2390.7252047971,2339.8587110780127,2356.814208984375,18149700
2025-04-24,2356.814208984375,2382.247455843919,2348.336460031194,2356.814208984375,13587300
2025-04-25,2356.814208984375,2390.7252047971,2348.336460031194,2356.814208984375,22505600
2025-04-28,2348.33642578125,2382.247421099391,2339.858676951715,2356.8141746107854,26690700
2025-04-29,2365.291748046875,2407.6804890512994,2348.336251645105,2348.336251645105,26130000
2025-04-30,2339.8583984375,2416.1581288213315,2339.8583984375,2373.769389719203,35320900
2025-05-02,2322.903076171875,2331.380824625057,2238.1255916400546,2288.992082359147,21611100
2025-05-05,2305.94775390625,2314.425503001494,2272.036757525276,2305.94775390625,16635000
2025-05-06,2297.4697265625,2314.4252226994927,2297.4697265625,2305.9474746309966,10763800
2025-05-07,2339.8583984375,2348.336146257926,2297.4696593353715,2297.4696593353715,14513800
2025-05-08,2305.94775390625,2356.8142484777113,2297.4700048110067,2348.336499382468,15449000
2025-05-09,2297.4697265625,2322.902970767989,2297.4697265625,2322.902970767989,10006700
2025-05-14,2365.291748046875,2365.291748046875,2305.9475106406812,2305.9475106406812,19082400
2025-05-15,2348.33642578125,2382.247421099391,2348.33642578125,2373.7696722698556,19167800
2025-05-16,2424.635986328125,2441.591482736014,2348.3362524926247,2365.2917489005135,53076400
2025-05-19,2458.546875,2467.0246228448277,2424.6358836206896,2424.6358836206896,34963000
2025-05-20,2390.724853515625,2483.9800782981497,2373.7693581006206,2475.5023305906475,36974900
2025-05-21,2365.291748046875,2416.1582372521843,2356.81399984599,2382.247244448645,42906300
2025-05-22,2390.724853515625,2399.202601223127,2365.2916103931184,2365.2916103931184,19170600
2025-05-23,2407.680419921875,2407.680419921875,2390.7249240069323,2399.2026719644036,7835700
2025-05-26,2399.202880859375,2424.6361269462236,2382.2473834681427,2424.6361269462236,15733300
2025-05-27,2416.158203125,2441.591447368421,2399.2027069627193,2407.6804550438596,22143500
2025-05-28,2450.0693359375,2458.547084504758,2424.636090235727,2433.1138388029844,30732700
2025-06-02,2424.635986328125,2458.5469791439027,2407.680489920236,2458.5469791439027,23519300
2025-06-03,2424.635986328125,2441.591482736014,2407.680489920236,2433.1137345320694,13790600
2025-06-04,2416.158203125,2433.1136992872807,2407.6804550438596,2424.6359512061404,13894600
2025-06-05,2433.113525390625,2450.0690203410823,2407.680282964939,2416.1580304401677,24750100
2025-06-10,2509.413330078125,2509.413330078125,2433.1136004473715,2433.1136004473715,52866600
2025-06-11,2551.80224609375,2568.757742745536,2509.413504464286,2509.413504464286,79019800
2025-06-12,2526.369140625,2602.6688797713928,2450.0694014786077,2568.7578845952185,122174600
2025-06-13,2517.89111328125,2534.8466089935814,2500.935617568918,2526.368861137416,48234700
2025-06-16,2551.80224609375,2568.757742745536,2526.3690011160716,2526.3690011160716,55322700
2025-06-17,2568.7578125,2568.7578125,2543.324566831683,2551.802315387789,36623700
2025-06-18,2560.27978515625,2585.7130280551532,2551.8020375232823,2568.7575327892177,42362000
2025-06-19,2534.8466796875,2568.7576720579013,2509.413435409699,2560.279923965301,54886200
2025-06-20,2500.935791015625,2543.324533236229,2483.9802941273833,2534.846784792108,86319100
2025-06-23,2398.165283203125,2474.600830078125,2398.165283203125,2407.7197265625,89814500
2025-06-24,2331.2841796875,2436.383056640625,2312.17529296875,2417.274169921875,50087000
2025-06-25,2312.17529296875,2359.947509765625,2293.06640625,2350.39306640625,24482300
2025-06-26,2293.06640625,2312.17529296875,2273.95751953125,2312.17529296875,17939900
2025-06-30,2350.39306640625,2359.947509765625,2302.620849609375,2312.17529296875,24171400
2025-07-01,2350.39306640625,2379.056396484375,2331.2841796875,2359.947509765625,11130800
2025-07-02,2331.2841796875,2369.501953125,2312.17529296875,2350.39306640625,10843500
2025-07-03,2312.17529296875,2350.39306640625,2302.620849609375,2331.2841796875,14752400
2025-07-04,2321.729736328125,2331.2841796875,2312.17529296875,2321.729736328125,8575200
2025-07-07,2331.2841796875,2331.2841796875,2312.17529296875,2331.2841796875,5802100
2025-07-08,2293.06640625,2331.2841796875,2293.06640625,2331.2841796875,15150600
2025-07-09,2283.511962890625,2312.17529296875,2273.95751953125,2302.620849609375,12099400
2025-07-10,2321.729736328125,2331.2841796875,2283.511962890625,2293.06640625,9847900
2025-07-11,2369.501953125,2379.056396484375,2331.2841796875,2340.838623046875,22480400
2025-07-14,2379.056396484375,2398.165283203125,2369.501953125,2388.61083984375,15473600
2025-07-15,2359.947509765625,2388.61083984375,2340.838623046875,2379.056396484375,8920800
2025-07-16,2350.39306640625,2379.056396484375,2350.39306640625,2359.947509765625,8773000
2025-07-17,2331.2841796875,2369.501953125,2331.2841796875,2359.947509765625,12575300
2025-07-18,2340.838623046875,2350.39306640625,2331.2841796875,2340.838623046875,9030100
2025-07-21,2312.17529296875,2350.39306640625,2302.620849609375,2350.39306640625,13727500
2025-07-22,2312.17529296875,2340.838623046875,2312.17529296875,2321.729736328125,16287900
2025-07-23,2331.2841796875,2340.838623046875,2312.17529296875,2321.729736328125,8733700
2025-07-24,2359.947509765625,2379.056396484375,2331.2841796875,2331.2841796875,10467000
2025-07-25,2340.838623046875,2369.501953125,2340.838623046875,2359.947509765625,7215000
2025-07-28,2350.39306640625,2359.947509765625,2340.838623046875,2359.947509765625,5804000
2025-07-29,2350.39306640625,2359.947509765625,2340.838623046875,2350.39306640625,5767100
2025-07-30,2340.838623046875,2359.947509765625,2331.2841796875,2350.39306640625,7429700
2025-07-31,2312.17529296875,2350.39306640625,2302.620849609375,2340.838623046875,13453400
2025-08-01,2312.17529296875,2321.729736328125,2293.06640625,2312.17529296875,8947200
2025-08-04,2293.06640625,2321.729736328125,2293.06640625,2312.17529296875,12680300
2025-08-05,2293.06640625,2312.17529296875,2293.06640625,2302.620849609375,10816200
2025-08-06,2312.17529296875,2312.17529296875,2293.06640625,2302.620849609375,16496700
2025-08-07,2293.06640625,2321.729736328125,2293.06640625,2321.729736328125,7148800
2025-08-08,2293.06640625,2312.17529296875,2283.511962890625,2302.620849609375,14962200
2025-08-11,2302.620849609375,2312.17529296875,2293.06640625,2293.06640625,8915300
2025-08-12,2331.2841796875,2331.2841796875,2302.620849609375,2312.17529296875,9569000
2025-08-13,2340.838623046875,2359.947509765625,2331.2841796875,2331.2841796875,11480600
2025-08-14,2312.17529296875,2350.39306640625,2312.17529296875,2340.838623046875,8775800
2025-08-15,2312.17529296875,2331.2841796875,2312.17529296875,2321.729736328125,4658600
2025-08-19,2293.06640625,2321.729736328125,2293.06640625,2312.17529296875,9605000
2025-08-20,2321.729736328125,2321.729736328125,2293.06640625,2312.17529296875,10212100
2025-08-21,2321.729736328125,2331.2841796875,2302.620849609375,2321.729736328125,8972300
2025-08-22,2312.17529296875,2321.729736328125,2302.620849609375,2321.729736328125,4639600
2025-08-25,2312.17529296875,2321.729736328125,2302.620849609375,2312.17529296875,6953800
2025-08-26,2388.61083984375,2388.61083984375,2302.620849609375,2321.729736328125,20508700
2025-08-27,2340.838623046875,2388.61083984375,2340.838623046875,2388.61083984375,10527100
2025-08-28,2321.729736328125,2350.39306640625,2312.17529296875,2350.39306640625,7643700
2025-08-29,2293.06640625,2321.729736328125,2293.06640625,2321.729736328125,13505600
2025-09-01,2293.06640625,2302.620849609375,2216.630859375,2245.294189453125,20954100
2025-09-02,2312.17529296875,2321.729736328125,2293.06640625,2293.06640625,8182200
2025-09-03,2312.17529296875,2331.2841796875,2302.620849609375,2312.17529296875,8285200
2025-09-04,2302.620849609375,2321.729736328125,2283.511962890625,2312.17529296875,12386800
2025-09-08,2302.620849609375,2312.17529296875,2293.06640625,2302.620849609375,13472000
2025-09-09,2293.06640625,2302.620849609375,2264.403076171875,2293.06640625,14794500
2025-09-10,2273.95751953125,2293.06640625,2264.403076171875,2293.06640625,8457200
2025-09-11,2264.403076171875,2302.620849609375,2264.403076171875,2273.95751953125,13348700
2025-09-12,2283.511962890625,2293.06640625,2273.95751953125,2273.95751953125,10868900
2025-09-15,2273.95751953125,2293.06640625,2273.95751953125,2283.511962890625,10496000
2025-09-16,2273.95751953125,2293.06640625,2254.8486328125,2273.95751953125,11733200
2025-09-17,2273.95751953125,2283.511962890625,2254.8486328125,2273.95751953125,11005300
2025-09-18,2254.8486328125,2273.95751953125,2254.8486328125,2273.95751953125,5634400
2025-09-19,2273.95751953125,2273.95751953125,2245.294189453125,2254.8486328125,9270300
2025-09-22,2264.403076171875,2283.511962890625,2254.8486328125,2273.95751953125,6894200
2025-09-23,2273.95751953125,2283.511962890625,2254.8486328125,2264.403076171875,11688500
2025-09-24,2273.95751953125,2283.511962890625,2264.403076171875,2273.95751953125,9053800
2025-09-25,2245.294189453125,2283.511962890625,2226.185302734375,2273.95751953125,15375900
2025-09-26,2245.294189453125,2254.8486328125,2226.185302734375,2245.294189453125,10245200
2025-09-29,2226.185302734375,2254.8486328125,2216.630859375,2245.294189453125,12694800
2025-09-30,2245.294189453125,2245.294189453125,2226.185302734375,2226.185302734375,7579300
2025-10-01,2226.185302734375,2245.294189453125,2216.630859375,2245.294189453125,7058500
2025-10-02,2207.076416015625,2235.73974609375,2207.076416015625,2226.185302734375,12049700
2025-10-03,2216.630859375,2226.185302734375,2197.52197265625,2207.076416015625,9129300
2025-10-06,2207.076416015625,2235.73974609375,2197.52197265625,2235.73974609375,11174600
2025-10-07,2168.858642578125,2207.076416015625,2168.858642578125,2207.076416015625,16627300
2025-10-08,2168.858642578125,2178.4130859375,2130.640869140625,2168.858642578125,16846500
2025-10-09,2235.73974609375,2254.8486328125,2178.4130859375,2178.4130859375,33979600
2025-10-10,2273.95751953125,2273.95751953125,2235.73974609375,2254.8486328125,19662700
2025-10-13,2235.73974609375,2245.294189453125,2207.076416015625,2235.73974609375,9587100
2025-10-14,2197.52197265625,2254.8486328125,2178.4130859375,2245.294189453125,14060200
2025-10-15,2073.314208984375,2207.076416015625,2073.314208984375,2197.52197265625,31527000
2025-10-16,2111.531982421875,2149.749755859375,2111.531982421875,2121.08642578125,13972300
2025-10-17,2111.531982421875,2121.08642578125,2073.314208984375,2111.531982421875,13410100
2025-10-20,2168.858642578125,2168.858642578125,2101.9775390625,2111.531982421875,10329300
2025-10-21,2235.73974609375,2235.73974609375,2168.858642578125,2168.858642578125,16072500
2025-10-22,2187.967529296875,2254.8486328125,2187.967529296875,2245.294189453125,12005500
2025-10-23,2216.630859375,2226.185302734375,2187.967529296875,2197.52197265625,5932800
2025-10-24,2245.294189453125,2273.95751953125,2216.630859375,2216.630859375,16373900
2025-10-27,2235.73974609375,2264.403076171875,2197.52197265625,2245.294189453125,30696100
2025-10-28,2245.294189453125,2254.8486328125,2226.185302734375,2254.8486328125,7232900
2025-10-29,2264.403076171875,2273.95751953125,2235.73974609375,2245.294189453125,10528000
2025-10-30,2321.729736328125,2331.2841796875,2264.403076171875,2273.95751953125,30872400
2025-10-31,2293.06640625,2331.2841796875,2283.511962890625,2321.729736328125,13522200
2025-11-03,2293.06640625,2302.620849609375,2273.95751953125,2293.06640625,10144900
2025-11-04,2293.06640625,2293.06640625,2273.95751953125,2293.06640625,10187200
2025-11-05,2273.95751953125,2293.06640625,2264.403076171875,2293.06640625,10530900
2025-11-06,2293.06640625,2293.06640625,2273.95751953125,2283.511962890625,5407600
2025-11-07,2283.511962890625,2283.511962890625,2264.403076171875,2283.511962890625,9184800
2025-11-10,2283.511962890625,2293.06640625,2273.95751953125,2283.511962890625,5360900
2025-11-11,2283.511962890625,2293.06640625,2264.403076171875,2283.511962890625,7638300
2025-11-12,2273.95751953125,2283.511962890625,2254.8486328125,2283.511962890625,8223400
2025-11-13,2254.8486328125,2283.511962890625,2245.294189453125,2273.95751953125,7304300
2025-11-14,2235.73974609375,2254.8486328125,2226.185302734375,2254.8486328125,7367200
2025-11-17,2245.294189453125,2264.403076171875,2235.73974609375,2235.73974609375,7490900
2025-11-18,2207.076416015625,2245.294189453125,2207.076416015625,2245.294189453125,9919300
2025-11-19,2216.630859375,2226.185302734375,2207.076416015625,2207.076416015625,5694700
2025-11-20,2226.185302734375,2235.73974609375,2216.630859375,2216.630859375,5732100
2025-11-21,2216.630859375,2226.185302734375,2197.52197265625,2216.630859375,5794800
2025-11-24,2226.185302734375,2226.185302734375,2197.52197265625,2216.630859375,7934900
2025-11-25,2207.076416015625,2235.73974609375,2197.52197265625,2226.185302734375,5470900
2025-11-26,2216.630859375,2226.185302734375,2197.52197265625,2226.185302734375,5543000
2025-11-27,2197.52197265625,2226.185302734375,2197.52197265625,2226.185302734375,5256000
2025-11-28,2207.076416015625,2207.076416015625,2178.4130859375,2197.52197265625,6650100
2025-12-01,2187.967529296875,2207.076416015625,2178.4130859375,2197.52197265625,7593800
2025-12-02,2207.076416015625,2207.076416015625,2187.967529296875,2187.967529296875,5398600
2025-12-03,2207.076416015625,2207.076416015625,2187.967529296875,2197.52197265625,3128800
2025-12-04,2197.52197265625,2216.630859375,2187.967529296875,2197.52197265625,4369500
2025-12-05,2197.52197265625,2207.076416015625,2187.967529296875,2207.076416015625,3949700
2025-12-08,2197.52197265625,2207.076416015625,2187.967529296875,2207.076416015625,6949200
2025-12-09,2187.967529296875,2197.52197265625,2178.4130859375,2197.52197265625,8121300
2025-12-10,2187.967529296875,2197.52197265625,2168.858642578125,2187.967529296875,10110400
2025-12-11,2159.30419921875,2187.967529296875,2149.749755859375,2178.4130859375,11068100
2025-12-12,2159.30419921875,2178.4130859375,2149.749755859375,2159.30419921875,9574000
2025-12-15,2159.30419921875,2178.4130859375,2140.1953125,2159.30419921875,14821100
2025-12-16,2178.4130859375,2178.4130859375,2159.30419921875,2159.30419921875,5695500
2025-12-17,2168.858642578125,2187.967529296875,2140.1953125,2178.4130859375,14496300
2025-12-18,2159.30419921875,2197.52197265625,2159.30419921875,2168.858642578125,11761300
2025-12-19,2168.858642578125,2187.967529296875,2149.749755859375,2178.4130859375,7515700
2025-12-22,2178.4130859375,2178.4130859375,2159.30419921875,2178.4130859375,5773900
2025-12-23,2178.4130859375,2178.4130859375,2159.30419921875,2168.858642578125,5748100
2025-12-24,2178.4130859375,2187.967529296875,2168.858642578125,2178.4130859375,4387200
2025-12-29,2216.630859375,2216.630859375,2168.858642578125,2178.4130859375,9022100
2025-12-30,2207.076416015625,2226.185302734375,2187.967529296875,2216.630859375,6256500
2026-01-02,2216.630859375,2216.630859375,2187.967529296875,2207.076416015625,6217500
2026-01-05,2235.73974609375,2245.294189453125,2216.630859375,2216.630859375,8906900
2026-01-06,2264.403076171875,2264.403076171875,2226.185302734375,2245.294189453125,16784600
2026-01-07,2312.17529296875,2350.39306640625,2273.95751953125,2350.39306640625,34828200
2026-01-08,2283.511962890625,2331.2841796875,2283.511962890625,2321.729736328125,15692800
2026-01-09,2283.511962890625,2312.17529296875,2283.511962890625,2283.511962890625,8648400
2026-01-12,2273.95751953125,2302.620849609375,2254.8486328125,2293.06640625,19351700
2026-01-13,2312.17529296875,2312.17529296875,2264.403076171875,2283.511962890625,17873600
2026-01-14,2331.2841796875,2340.838623046875,2321.729736328125,2321.729736328125,22448800
2026-01-15,2340.838623046875,2350.39306640625,2321.729736328125,2331.2841796875,14964900
2026-01-19,2350.39306640625,2359.947509765625,2331.2841796875,2340.838623046875,18156900
2026-01-20,2359.947509765625,2359.947509765625,2331.2841796875,2340.838623046875,14155200
2026-01-21,2369.501953125,2436.383056640625,2312.17529296875,2359.947509765625,42532000
2026-01-22,2417.274169921875,2436.383056640625,2379.056396484375,2379.056396484375,38152400
2026-01-23,2445.9375,2455.491943359375,2398.165283203125,2417.274169921875,30704900
2026-01-26,2474.600830078125,2484.1552734375,2445.9375,2455.491943359375,25968800
2026-01-27,2474.600830078125,2484.1552734375,2417.274169921875,2474.600830078125,25926900
2026-01-28,2340.838623046875,2465.04638671875,2293.06640625,2417.274169921875,50716500
2026-01-29,2331.2841796875,2340.838623046875,2121.08642578125,2340.838623046875,37405600
2026-01-30,2369.501953125,2388.61083984375,2312.17529296875,2331.2841796875,21023000
2026-02-02,2426.82861328125,2493.709716796875,2369.501953125,2426.82861328125,65842000
2026-02-03,2407.7197265625,2436.383056640625,2379.056396484375,2426.82861328125,18391400
2026-02-04,2436.383056640625,2445.9375,2407.7197265625,2407.7197265625,21583800
2026-02-05,2474.600830078125,2531.927490234375,2445.9375,2465.04638671875,52650600
2026-02-06,2436.383056640625,2474.600830078125,2407.7197265625,2465.04638671875,22364000
2026-02-09,2465.04638671875,2465.04638671875,2407.7197265625,2436.383056640625,14194400
2026-02-10,2465.04638671875,2465.04638671875,2436.383056640625,2465.04638671875,13434000
2026-02-11,2436.383056640625,2474.600830078125,2436.383056640625,2465.04638671875,17360100
2026-02-12,2436.383056640625,2465.04638671875,2417.274169921875,2436.383056640625,14860100
2026-02-13,2436.383056640625,2445.9375,2426.82861328125,2445.9375,7763900
2026-02-18,2503.26416015625,2503.26416015625,2436.383056640625,2445.9375,26334600
2026-02-19,2522.373046875,2541.48193359375,2493.709716796875,2512.818603515625,36299700
2026-02-20,2503.26416015625,2541.48193359375,2493.709716796875,2522.373046875,14520100
2026-02-23,2512.818603515625,2522.373046875,2484.1552734375,2512.818603515625,9446400
2026-02-24,2474.600830078125,2512.818603515625,2474.600830078125,2512.818603515625,15217600
2026-02-25,2512.818603515625,2512.818603515625,2484.1552734375,2503.26416015625,11896300
2026-02-26,2493.709716796875,2522.373046875,2465.04638671875,2512.818603515625,12915200
2026-02-27,2484.1552734375,2503.26416015625,2455.491943359375,2493.709716796875,9458900
2026-03-02,2627.471923828125,2627.471923828125,2493.709716796875,2503.26416015625,73917100
2026-03-03,2789.8974609375,2809.00634765625,2684.798583984375,2713.4619140625,148905100
2026-03-04,2732.57080078125,2837.669677734375,2665.689697265625,2799.451904296875,121906900
2026-03-05,2837.669677734375,2837.669677734375,2732.57080078125,2732.57080078125,88323100
2026-03-06,2847.22412109375,2875.887451171875,2780.343017578125,2837.669677734375,94306700
2026-03-09,2818.560791015625,2856.778564453125,2713.4619140625,2856.778564453125,72725300
2026-03-10,2818.560791015625,2818.560791015625,2761.234130859375,2799.451904296875,26486000
2026-03-11,2742.125244140625,2818.560791015625,2723.016357421875,2809.00634765625,25995900
2026-03-12,2780.343017578125,2799.451904296875,2742.125244140625,2742.125244140625,25949100
2026-03-13,2780.343017578125,2809.00634765625,2751.6796875,2789.8974609375,16326800
2026-03-16,2789.8974609375,2789.8974609375,2713.4619140625,2789.8974609375,27882300
2026-03-17,2780.343017578125,2799.451904296875,2751.6796875,2770.78857421875,18156300
2026-03-25,3019.2041015625,3028.758544921875,2761.234130859375,2780.343017578125,134168900
2026-03-26,2990.540771484375,3038.31298828125,2904.55078125,3019.2041015625,38485700
2026-03-27,2961.87744140625,3009.649658203125,2923.65966796875,2990.540771484375,26659000
2026-03-30,3009.649658203125,3019.2041015625,2961.87744140625,2990.540771484375,38180700
2026-03-31,3038.31298828125,3076.53076171875,2990.540771484375,3019.2041015625,48824200
2026-04-01,2847.22412109375,3047.867431640625,2837.669677734375,3038.31298828125,60499300
2026-04-02,2780.343017578125,2894.996337890625,2780.343017578125,2866.3330078125,41964800
2026-04-06,2847.22412109375,2875.887451171875,2799.451904296875,2799.451904296875,21950500
2026-04-07,2799.451904296875,2875.887451171875,2742.125244140625,2866.3330078125,33065800
2026-04-08,2732.57080078125,2799.451904296875,2684.798583984375,2742.125244140625,53019400
2026-04-09,2751.6796875,2789.8974609375,2723.016357421875,2732.57080078125,19539100
2026-04-10,2761.234130859375,2770.78857421875,2732.57080078125,2751.6796875,14675500
2026-04-13,2789.8974609375,2818.560791015625,2761.234130859375,2770.78857421875,27124500
2026-04-14,2799.451904296875,2828.115234375,2780.343017578125,2818.560791015625,18535000
2026-04-15,2770.78857421875,2809.00634765625,2761.234130859375,2809.00634765625,18766700
2026-04-16,2742.125244140625,2770.78857421875,2732.57080078125,2761.234130859375,13610400
2026-04-17,2770.78857421875,2780.343017578125,2732.57080078125,2742.125244140625,11032000
2026-04-20,2742.125244140625,2780.343017578125,2723.016357421875,2770.78857421875,14870300
2026-04-21,2780.343017578125,2799.451904296875,2723.016357421875,2742.125244140625,17370400
2026-04-22,2866.3330078125,2866.3330078125,2789.8974609375,2799.451904296875,26315500
2026-04-23,2828.115234375,2885.44189453125,2799.451904296875,2885.44189453125,21797100
2026-04-24,2770.78857421875,2828.115234375,2751.6796875,2828.115234375,20405800
2026-04-27,2780.343017578125,2799.451904296875,2732.57080078125,2770.78857421875,11926400
2026-04-28,2761.234130859375,2789.8974609375,2751.6796875,2780.343017578125,9708300
2026-04-29,2780.343017578125,2789.8974609375,2742.125244140625,2761.234130859375,8737300
2026-04-30,2742.125244140625,2799.451904296875,2723.016357421875,2789.8974609375,14060300
2026-05-04,2818.560791015625,2818.560791015625,2761.234130859375,2770.78857421875,17446300
2026-05-05,2818.560791015625,2837.669677734375,2780.343017578125,2828.115234375,11847100
2026-05-06,2799.451904296875,2818.560791015625,2770.78857421875,2818.560791015625,10142900
2026-05-07,2751.6796875,2799.451904296875,2742.125244140625,2780.343017578125,15964800
2026-05-08,2732.57080078125,2789.8974609375,2723.016357421875,2761.234130859375,12602300
2026-05-11,2742.125244140625,2770.78857421875,2684.798583984375,2732.57080078125,15126200
2026-05-12,2732.57080078125,2751.6796875,2694.35302734375,2742.125244140625,10044200
2026-05-13,2703.907470703125,2732.57080078125,2694.35302734375,2732.57080078125,7812400
2026-05-14,2703.907470703125,2703.907470703125,2703.907470703125,2703.907470703125,0
2026-05-15,2703.907470703125,2703.907470703125,2703.907470703125,2703.907470703125,0
2026-05-18,2723.016357421875,2732.57080078125,2637.0263671875,2713.4619140625,17488500
2026-05-19,2531.927490234375,2742.125244140625,2522.373046875,2723.016357421875,39725400
2026-05-20,2694.35302734375,2732.57080078125,2503.26416015625,2531.927490234375,46764500
2026-05-21,2589.254150390625,2723.016357421875,2579.69970703125,2694.35302734375,23420700
2026-05-22,2598.80859375,2637.0263671875,2522.373046875,2589.254150390625,15862400
2026-05-25,2675.244140625,2732.57080078125,2579.69970703125,2627.471923828125,27203100
2026-05-26,2713.4619140625,2742.125244140625,2675.244140625,2694.35302734375,13647500
2026-05-27,2713.4619140625,2713.4619140625,2713.4619140625,2713.4619140625,0
2026-05-28,2713.4619140625,2713.4619140625,2713.4619140625,2713.4619140625,0
2026-05-29,2656.13525390625,2742.125244140625,2646.580810546875,2713.4619140625,29747600
2026-06-02,2637.0263671875,2684.798583984375,2608.363037109375,2665.689697265625,16488300
2026-06-03,2503.26416015625,2675.244140625,2484.1552734375,2656.13525390625,28439300
2026-06-04,2541.48193359375,2570.145263671875,2398.165283203125,2503.26416015625,30880500
2026-06-05,2474.600830078125,2551.036376953125,2465.04638671875,2541.48193359375,16106500
2026-06-08,2388.61083984375,2465.04638671875,2350.39306640625,2465.04638671875,21406900
2026-06-09,2522.373046875,2541.48193359375,2369.501953125,2388.61083984375,20332400
2026-06-10,2617.91748046875,2627.471923828125,2522.373046875,2579.69970703125,25276800
2026-06-11,2512.818603515625,2656.13525390625,2465.04638671875,2627.471923828125,31537200
2026-06-12,2503.26416015625,2551.036376953125,2436.383056640625,2484.1552734375,46138000
2026-06-15,2503.26416015625,2579.69970703125,2484.1552734375,2503.26416015625,39951600
2026-06-17,2474.600830078125,2541.48193359375,2455.491943359375,2503.26416015625,26024100
2026-06-18,2465.04638671875,2493.709716796875,2455.491943359375,2474.600830078125,13982900
2026-06-19,2417.274169921875,2503.26416015625,2398.165283203125,2503.26416015625,26880500
2026-06-22,2455.491943359375,2503.26416015625,2445.9375,2455.491943359375,38825500
2026-06-23,2480.0,2500.0,2430.0,2470.0,19977700
2026-06-24,2420.0,2500.0,2400.0,2490.0,13699200
2026-06-25,2370.0,2450.0,2360.0,2420.0,17171200
2026-06-26,2360.0,2390.0,2320.0,2350.0,16820300
2026-06-29,2320.0,2370.0,2300.0,2360.0,12422600
2026-06-30,2290.0,2330.0,2250.0,2320.0,16909100
2026-07-01,2290.0,2310.0,2250.0,2290.0,10118100
2026-07-02,2270.0,2320.0,2260.0,2280.0,10241400
2026-07-03,2310.0,2330.0,2270.0,2280.0,8696800
2026-07-06,2330.0,2350.0,2320.0,2320.0,6111200
2026-07-07,2370.0,2370.0,2320.0,2330.0,9252000
2026-07-08,2350.0,2380.0,2330.0,2370.0,7131800
2026-07-09,2360.0,2360.0,2320.0,2350.0,5477200
2026-07-10,2380.0,2390.0,2350.0,2360.0,8656000
2026-07-13,2410.0,2420.0,2350.0,2380.0,10203500
2026-07-14,2420.0,2450.0,2400.0,2430.0,8463100
2026-07-15,2420.0,2430.0,2390.0,2420.0,6308500
2026-07-16,2420.0,2430.0,2400.0,2420.0,4940900
2026-07-17,2410.0,2440.0,2400.0,2420.0,15088000
2026-07-20,2440.0,2450.0,2420.0,2420.0,13428700
2026-07-21,2420.0,2450.0,2410.0,2450.0,12797400
2026-07-22,2430.0,2450.0,2400.0,2420.0,9281500
2026-07-23,2440.0,2460.0,2420.0,2430.0,18558900
2026-07-24,2390.0,2440.0,2370.0,2440.0,12444000
2026-07-27,2360.0,2390.0,2330.0,2390.0,10881400
2026-07-28,2330.0,2360.0,2330.0,2350.0,9691400
2026-07-29,2330.0,2350.0,2320.0,2330.0,10043500
2026-07-30,2350.0,2360.0,2330.0,2330.0,9252500
2026-07-31,2320.0,2370.0,2320.0,2350.0,27670000
2026-08-03,2320.0,2340.0,2310.0,2340.0,14504100
2026-08-04,2360.0,2360.0,2320.0,2320.0,9082700
2026-08-05,2360.0,2370.0,2340.0,2370.0,13690100
2026-08-06,2350.0,2370.0,2350.0,2360.0,9337400
2026-08-07,2370.0,2370.0,2350.0,2360.0,9940400
2026-08-10,2390.0,2400.0,2370.0,2380.0,10339700
2026-08-11,2350.0,2390.0,2330.0,2390.0,9427900
2026-08-12,2350.0,2360.0,2330.0,2340.0,10222900
2026-08-13,2340.0,2360.0,2330.0,2350.0,5823800
2026-08-14,2360.0,2370.0,2320.0,2340.0,10351500
2026-08-18,2370.0,2380.0,2350.0,2360.0,10452300
2026-08-19,2370.0,2390.0,2350.0,2380.0,9062800
2026-08-20,2400.0,2400.0,2360.0,2380.0,7825700
2026-08-21,2400.0,2410.0,2380.0,2400.0,8314400
2026-08-24,2480.0,2510.0,2380.0,2410.0,33941000
2026-08-25,2480.0,2480.0,2480.0,2480.0,0
2026-08-26,2420.0,2470.0,2410.0,2460.0,19885800
2026-08-27,2500.0,2510.0,2400.0,2410.0,23812700
2026-08-28,2530.0,2640.0,2510.0,2540.0,37465600
2026-08-31,2560.0,2590.0,2540.0,2550.0,30232000
2026-09-01,2670.0,2790.0,2660.0,2660.0,115499100
2026-09-02,2720.0,2830.0,2700.0,2700.0,93828700
2026-09-03,2890.0,2930.0,2760.0,2760.0,109722100
2026-09-04,2880.0,2930.0,2860.0,2920.0,26032000
2026-09-07,3010.0,3040.0,2900.0,2900.0,92569800
2026-09-08,3000.0,3030.0,2970.0,3010.0,67132000
2026-09-09,3100.0,3100.0,2970.0,3030.0,104634100
2026-09-10,3100.0,3200.0,3050.0,3080.0,81084900
2026-09-11,3100.0,3140.0,3040.0,3110.0,51290600
2026-09-14,3080.0,3160.0,3020.0,3100.0,46598300
2026-09-15,3020.0,3090.0,3020.0,3080.0,22338600
2026-09-16,3000.0,3070.0,2980.0,3020.0,25481200
2026-09-17,3140.0,3140.0,2990.0,3010.0,49391500
2026-09-18,3090.0,3150.0,3080.0,3140.0,35040000
2026-09-21,3080.0,3100.0,3030.0,3090.0,15402900
2026-09-22,3010.0,3070.0,2990.0,3070.0,22639100
2026-09-23,3050.0,3050.0,2940.0,3000.0,23188400
2026-09-24,3050.0,3050.0,2990.0,3050.0,11206200
2026-09-25,3090.0,3140.0,3030.0,3050.0,31882000
2026-09-28,3180.0,3200.0,3060.0,3090.0,60648500
2026-09-29,3130.0,3170.0,3120.0,3160.0,2382400
