date,Close,High,Low,Open,Volume
2018-06-01,6988.267578125,6988.267578125,6988.267578125,6988.267578125,0
2018-06-04,7217.05078125,7237.84921961754,7029.864835942133,7029.864835942133,8841229
2018-06-05,7321.041015625,7321.041015625,7196.251219597099,7300.243395202339,5623000
2018-06-06,7237.8486328125,7341.84000152064,7217.050196131182,7321.041564839323,5608059
2018-06-07,7258.6474609375,7279.445898740433,7133.856834119896,7258.6474609375,6420112
2018-06-08,6884.27490234375,7279.445181672933,6884.27490234375,7196.2514386562625,14739294
2018-06-11,6884.27490234375,6884.27490234375,6884.27490234375,6884.27490234375,0
2018-06-12,6884.27490234375,6884.27490234375,6884.27490234375,6884.27490234375,0
2018-06-13,6884.27490234375,6884.27490234375,6884.27490234375,6884.27490234375,0
2018-06-14,6884.27490234375,6884.27490234375,6884.27490234375,6884.27490234375,0
2018-06-15,6884.27490234375,6884.27490234375,6884.27490234375,6884.27490234375,0
2018-06-18,6884.27490234375,6884.27490234375,6884.27490234375,6884.27490234375,0
2018-06-19,6884.27490234375,6884.27490234375,6884.27490234375,6884.27490234375,0
2018-06-20,6801.0810546875,6863.476360990006,6613.895543129183,6738.685748384995,18419504
2018-06-21,6468.30615234375,6780.282259975911,6468.30615234375,6655.492061332553,8820672
2018-06-22,6343.51708984375,6530.702625008879,6343.51708984375,6468.307310837419,5978186
2018-06-25,6364.314453125,6509.903504257127,6364.314453125,6447.508196629072,6001551
2018-06-26,6322.71826171875,6447.5084750137285,6301.919824944715,6343.516698492784,4203061
2018-06-27,6364.314453125,6405.911324877035,6301.919552846153,6405.911324877035,3463710
2018-06-28,5885.951171875,6364.31437657094,5885.951171875,6301.91947704262,7492588
2018-06-29,5927.5478515625,5989.942749074366,5823.5556767940725,5885.950981655129,4618714
2018-07-02,5781.958984375,5948.346469112066,5761.1605487828665,5927.548033519933,5192707
2018-07-03,5594.7734375,5865.153118245724,5407.587912025267,5823.556244284843,4753488
2018-07-04,5761.16064453125,5781.959080469046,5469.982948751321,5594.773157028885,2345808
2018-07-05,5698.76513671875,5781.958877550234,5636.369831095137,5657.168266303008,1917419
2018-07-06,5781.958984375,5906.749597927799,5657.168370822201,5677.966806414333,4735037
2018-07-09,5865.15234375,5927.547646451996,5781.958606814005,5802.757041048004,4377144
2018-07-10,6301.919921875,6301.919921875,5906.750024439441,5948.346898627315,7585646
2018-07-11,6301.919921875,6301.919921875,6093.9355509356365,6239.524610593191,7342872
2018-07-12,6177.12939453125,6364.314923912892,6156.330957116707,6301.920019018504,3032112
2018-07-13,6031.53955078125,6322.717636840405,5989.942681344228,6322.717636840405,5068261
2018-07-16,5865.15234375,6031.539410272814,5802.757041048004,6031.539410272814,8667247
2018-07-17,5906.74951171875,6052.338151389613,5823.5557705644305,5823.5557705644305,2532325
2018-07-18,5885.951171875,5969.144507029161,5865.152736249159,5969.144507029161,1967358
2018-07-19,5761.16064453125,5969.144596559997,5761.16064453125,5844.354388282433,4082025
2018-07-20,6010.7412109375,6031.539645984298,5719.563527631522,5740.36196267832,5517408
2018-07-23,6156.33056640625,6218.72587468997,5948.346612809731,6010.741513744238,4427584
2018-07-24,6343.51708984375,6426.7104347231125,6114.734271215064,6239.524899557983,8313064
2018-07-25,6385.11328125,6468.3070298648145,6343.516814291826,6343.516814291826,3761837
2018-07-26,6343.51708984375,6447.508872780266,6343.51708984375,6447.508872780266,4153523
2018-07-27,6426.7109375,6426.7109375,6322.7191464279595,6322.7191464279595,2082176
2018-07-30,6530.70166015625,6530.70166015625,6260.322412708618,6343.516152646102,2718041
2018-07-31,6322.71826171875,6447.5084750137285,6260.322951396647,6405.91160146566,2840882
2018-08-01,7175.453125,7258.646869432299,6322.718059267356,6322.718059267356,17495240
2018-08-02,7133.85595703125,7196.251262768715,6925.871604573035,7196.251262768715,4521645
2018-08-03,7425.03369140625,7466.630564450455,7175.453267839459,7175.453267839459,8338936
2018-08-06,7487.42822265625,7695.412566257356,7154.654087592837,7425.032919575918,7760431
2018-08-07,7445.83154296875,7529.025282521293,7300.243313450179,7487.428412745022,4075306
2018-08-08,7154.65478515625,7383.43677072486,7092.2594759925105,7321.04146156112,5436082
2018-08-09,6925.8720703125,7092.25956346802,6821.8798870903,7071.46112682358,4867805
2018-08-10,6988.267578125,7071.461327058467,6863.476954724799,6967.469140891633,1651181
2018-08-13,6738.68603515625,6946.670398348909,6738.68603515625,6863.476653071845,2632303
2018-08-14,6322.71826171875,6780.283056049047,6322.71826171875,6697.089716302137,4036699
2018-08-15,6655.4921875,6821.8792579617175,6322.717639227378,6322.717639227378,4541500
2018-08-16,6780.28271484375,7009.065507845051,6572.298764919046,6759.484279116359,3994984
2018-08-17,6780.28271484375,6780.28271484375,6780.28271484375,6780.28271484375,0
2018-08-20,7029.8642578125,7154.654877755078,6801.081454584441,6863.47676455573,11133890
2018-08-21,7175.453125,7196.251561108075,6967.468763919252,7029.864072243477,8629342
2018-08-22,7175.453125,7175.453125,7175.453125,7175.453125,0
2018-08-23,7549.82373046875,7591.420600316973,7237.848021305454,7237.848021305454,12376438
2018-08-24,7279.44580078125,7549.824673882422,7237.848925735149,7549.824673882422,3951463
2018-08-27,7820.20361328125,7882.598919879111,7341.83959603098,7341.83959603098,8907614
2018-08-28,7653.81591796875,7944.994007396293,7570.622178132309,7820.203397641631,6647844
2018-08-29,7653.81591796875,7965.792442355403,7591.42061309142,7737.009657805191,5703123
2018-08-30,7695.41455078125,7903.398948018194,7653.817671333862,7695.41455078125,3554160
2018-08-31,7861.80078125,7861.80078125,7487.428927524556,7570.622672796877,7216522
2018-09-03,7716.21142578125,7903.397345336203,7695.412990275145,7737.009861287356,3131287
2018-09-04,7716.21142578125,7820.203603311779,7633.017683756827,7653.816119262932,5049710
2018-09-05,7362.6376953125,7716.2110832193775,7071.460425852261,7716.2110832193775,7123764
2018-09-06,7383.4365234375,7508.22713758547,7196.251416913953,7196.251416913953,4719193
2018-09-07,7466.63037109375,7612.219422978278,7237.848389973626,7383.436627159734,6903954
2018-09-10,7300.2431640625,7508.226693989431,7196.250991749854,7425.032956139314,4318682
2018-09-11,7300.2431640625,7300.243164062499,7300.243164062499,7300.243164062499,0
2018-09-12,7237.8486328125,7466.630621608546,7237.8486328125,7383.436874883275,3890293
2018-09-13,7487.42822265625,7487.42822265625,7341.839182135475,7487.42822265625,4513422
2018-09-14,7487.42822265625,7612.218828816914,7404.234485215808,7591.420394456803,2489607
2018-09-17,7321.041015625,7445.831626351288,7258.646524960243,7425.03319123024,1137155
2018-09-18,7092.25927734375,7445.831871336542,7071.460841538385,7445.831871336542,3268969
2018-09-19,7487.42822265625,7549.823525736581,7175.452521952948,7175.452521952948,4172677
2018-09-20,7549.82373046875,7674.61434001342,7445.831555848192,7529.025295544638,4294314
2018-09-21,7737.009765625,7737.009765625,7529.025413135513,7716.211330376052,5057632
2018-09-24,7591.42041015625,7737.00945097811,7549.823541350004,7737.00945097811,2429239
2018-09-25,7508.22705078125,7591.420792584743,7321.04113172339,7445.83174442863,711674
2018-09-26,7612.2197265625,7633.01816337547,7466.63066887171,7591.42128974953,2366766
2018-09-27,7841.00146484375,7841.00146484375,7508.2265211057265,7508.2265211057265,6257762
2018-09-28,8256.96875,8256.96875,7882.597779282012,7882.597779282012,8479025
2018-10-01,7986.59228515625,8256.971172587517,7986.59228515625,8007.390723781618,3422094
2018-10-02,7508.22705078125,8111.3808641581745,7508.22705078125,7965.792630700462,4761711
2018-10-03,7612.2197265625,7737.01034744032,7508.227542497651,7508.227542497651,3716511
2018-10-04,7362.6376953125,7612.218910305591,7196.251033348806,7612.218910305591,7693846
2018-10-05,7425.03369140625,7508.22743749466,7217.050140883664,7362.638381839942,5902977
2018-10-08,7737.009765625,7778.606636122898,7362.637931143923,7445.831672139718,12029475
2018-10-09,7737.009765625,7841.001941869744,7425.033236890769,7778.606636122898,7682414
2018-10-10,7591.42041015625,7820.203188590602,7570.621975753127,7820.203188590602,7260845
2018-10-11,7404.23486328125,7570.622346657997,7279.445065447088,7404.23486328125,6597103
2018-10-12,7404.23486328125,7612.219217502184,7362.637992437063,7404.23486328125,8620317
2018-10-15,7341.84033203125,7570.623145824952,7341.84033203125,7508.227832972125,4971092
2018-10-16,7466.63037109375,7487.428807077254,7362.63819117623,7383.436627159734,3862717
2018-10-17,7487.42822265625,7591.420394456803,7466.629788296139,7591.420394456803,4740853
2018-10-18,7487.42822265625,7508.22665701636,7425.032919575918,7487.42822265625,4597555
2018-10-19,7425.03369140625,7508.22743749466,7362.638381839942,7487.429000972557,1795280
2018-10-22,7487.42822265625,7591.420394456803,7466.629788296139,7508.22665701636,3284212
2018-10-23,7570.62255859375,7591.420994598086,7466.630378572075,7529.025686585081,6965626
2018-10-24,7570.62255859375,7612.21943060242,7529.025686585081,7591.420994598086,5473987
2018-10-25,7445.83154296875,7487.428412745022,7196.2511390095015,7237.848008785772,6413594
2018-10-26,7425.03369140625,7508.22743749466,7362.638381839942,7487.429000972557,5426154
2018-10-29,7154.65478515625,7487.428952664427,7113.057912380424,7445.8320798886,7456989
2018-10-30,7196.251953125,7258.647264848219,7154.655078642854,7175.453515883927,10160389
2018-10-31,7487.42822265625,7570.621960096692,7196.250956313058,7196.250956313058,12716180
2018-11-01,7695.41455078125,7757.809869952333,7508.228593268001,7633.019231610167,14225368
2018-11-02,8090.5810546875,8090.5810546875,7799.403822524175,7820.202254442859,13299599
2018-11-05,8069.7861328125,8132.180634710341,7965.793938485208,7986.5923773506665,4584319
2018-11-06,8111.38134765625,8215.373531109317,7882.599358757952,8152.978221037476,5330188
2018-11-07,8090.5810546875,8215.371646199608,7986.589709792337,8194.573214280923,4837020
2018-11-08,8173.775390625,8215.372257557858,8132.178523692141,8194.573824091429,3871441
2018-11-09,8090.5810546875,8173.7747823622385,8028.186573629707,8173.7747823622385,5292885
2018-11-12,7612.2197265625,8194.575142627207,7612.2197265625,8090.582958562358,4796006
2018-11-13,7612.2197265625,7778.6072210662605,7487.4291056846805,7549.824416123591,10766872
2018-11-14,8319.365234375,8444.155847315862,7716.211419859239,7716.211419859239,13248658
2018-11-15,8568.947265625,8901.72145004529,8360.96289117577,8402.559766065617,17214260
2018-11-16,9151.3037109375,9421.683427608328,8652.141971782234,8652.141971782234,22264873
2018-11-19,9234.49609375,9546.4726434166,9088.90703723892,9359.28671361664,7037726
2018-11-20,9234.49609375,9234.49609375,9234.49609375,9234.49609375,0
2018-11-21,9276.0927734375,9276.0927734375,9005.713102702875,9234.49590101679,3345582
2018-11-22,9879.24609375,9941.641399127868,9068.107938536108,9213.6969844178,13712344
2018-11-23,9588.0703125,9900.046073361644,9546.473435758646,9900.046073361644,12924759
2018-11-26,9692.060546875,9692.060546875,9192.898899532847,9546.472310144918,6827843
2018-11-27,9359.287109375,9879.247232774118,9317.690234327192,9692.061295058982,11470725
2018-11-28,9296.890625,9525.67340892659,9109.704710878244,9463.278104219338,9017819
2018-11-29,9983.2373046875,9983.2373046875,9525.672590829889,9567.269457062246,9950307
2018-11-30,10004.0380859375,10170.425589921168,9920.844333945666,9983.239647939541,14894925
2018-12-03,9650.46484375,10128.828927804108,9588.070343137111,10066.433612492703,8727915
2018-12-04,9796.0517578125,9941.640794844849,9650.462720780151,9775.253323950736,6644836
2018-12-05,9796.0517578125,9858.447059397793,9504.874498446141,9650.462720780151,3977435
2018-12-06,9879.24609375,9983.238269379779,9504.87507618118,9504.87507618118,5104362
2018-12-07,9879.24609375,9983.238269379779,9692.060177616397,9983.238269379779,4240565
2018-12-10,9941.6435546875,9983.2404339585,9816.852916874503,9879.248235781,2100828
2018-12-11,9650.46484375,9879.247666558487,9650.46484375,9837.650789684216,5240339
2018-12-12,9650.46484375,9858.449228121352,9629.666405312864,9692.06172062427,7767450
2018-12-13,9650.46484375,9775.25547437281,9567.271904699975,9567.271904699975,8936494
2018-12-14,9504.875,9650.46323001642,9234.495345529655,9567.270304877771,13463153
2018-12-17,9484.0771484375,9608.867765869325,9400.88340348295,9504.875584676138,4096565
2018-12-18,9463.2783203125,9546.472061821893,9317.689272671065,9317.689272671065,3195967
2018-12-19,9567.2705078125,9650.463434715783,9380.084589208718,9463.278330810399,5419436
2018-12-20,9546.4716796875,9608.86698332193,9484.07637605307,9484.07637605307,4202860
2018-12-21,9567.2705078125,9567.2705078125,9380.084589208718,9421.681460009559,5701719
2018-12-24,9567.2705078125,9567.2705078125,9567.2705078125,9567.2705078125,0
2018-12-25,9567.2705078125,9567.2705078125,9567.2705078125,9567.2705078125,0
2018-12-26,9608.8681640625,9629.665786464564,9359.28691885616,9380.08535595669,3084156
2018-12-27,9712.859375,9754.456248516402,9608.868005907447,9608.868005907447,3872343
2018-12-28,9567.2705078125,9712.858740917043,9567.2705078125,9671.261870116203,3688634
2018-12-31,9567.2705078125,9567.2705078125,9567.2705078125,9567.2705078125,0
2019-01-01,9567.2705078125,9567.2705078125,9567.2705078125,9567.2705078125,0
2019-01-02,9546.4716796875,9567.27011423231,9421.681072418638,9421.681072418638,2064227
2019-01-03,9588.0703125,9608.868750870677,9359.287490422552,9608.868750870677,5179470
2019-01-04,9567.2705078125,9608.86737861334,9484.07676621082,9484.07676621082,4464486
2019-01-07,9484.0771484375,9671.262259886806,9484.0771484375,9567.27089339205,2913182
2019-01-08,9400.8828125,9525.67342208691,9151.30159332618,9484.076552224607,6733381
2019-01-09,9317.689453125,9525.673810926472,9192.898838444116,9359.286324685294,4732831
2019-01-10,9920.8427734375,9920.8427734375,9380.08428524819,9400.882719974637,11104910
2019-01-11,9629.666015625,9858.448829175235,9567.271517537058,9775.25507879333,7894102
2019-01-14,9629.666015625,9712.859766006904,9463.279329559678,9608.868392728009,4097267
2019-01-15,9816.8525390625,9837.65097789755,9567.272087740437,9671.263467217153,5288673
2019-01-16,9920.8427734375,9920.8427734375,9650.463121993658,9816.850599805253,7009046
2019-01-17,10336.8134765625,10378.410354098287,9962.441578740405,9983.240017508298,9830574
2019-01-18,10565.59375,10565.59375,10191.222728470058,10461.601573269905,6350118
2019-01-21,10794.375,10877.568729524284,10523.995379046075,10565.592243808218,5906487
2019-01-22,10877.5703125,10877.5703125,10607.190652198646,10877.5703125,5945395
2019-01-23,10794.375,10877.568729524284,10690.382838094643,10856.770297143214,4204264
2019-01-24,10981.5625,11023.159370855217,10731.98127486869,10815.175016579127,9830775
2019-01-25,10981.5625,11189.546039577692,10919.167193717172,11106.353112565654,3694049
2019-01-28,10877.5703125,11189.54602891855,10607.190652198646,11168.747593510754,7353803
2019-01-29,10711.18359375,10898.369525780594,10627.989846180848,10711.18359375,7908843
2019-01-30,10440.802734375,10607.190210712086,10170.4239000256,10607.190210712086,7967104
2019-01-31,10544.794921875,10815.174571301977,10544.794921875,10607.190225588918,11410458
2019-02-01,10586.3935546875,10981.56387737682,10378.409989023201,10565.59511665122,5602544
2019-02-04,10191.22265625,10648.787415921486,10191.22265625,10586.392110325594,7890592
2019-02-05,10191.22265625,10191.22265625,10191.22265625,10191.22265625,0
2019-02-06,10731.9814453125,10835.973624102135,10357.610416368228,10399.20647318567,5362879
2019-02-07,10648.7880859375,10773.578704981042,10586.392776415729,10648.7880859375,2436159
2019-02-08,10399.2080078125,10648.789273738706,10357.611944856664,10648.789273738706,2878285
2019-02-11,10378.4091796875,10503.19898347524,10295.215434030048,10399.206801403425,3517258
2019-02-12,10232.8193359375,10440.802869349214,10149.625596693464,10274.416205559517,5162824
2019-02-13,10544.794921875,10627.988660160223,10274.416087146388,10274.416087146388,5383135
2019-02-14,10316.0146484375,10544.796651550892,10149.627144574308,10523.998213567993,4478525
2019-02-15,10004.0380859375,10232.820903915042,9941.642771943625,10232.820903915042,6539945
2019-02-18,10399.2080078125,10586.393957257156,9920.844729485803,10149.627556584826,6278018
2019-02-19,10378.4091796875,10544.795856303967,10378.4091796875,10544.795856303967,1598635
2019-02-20,10731.9814453125,10815.175188344208,10482.400216217378,10544.795523491159,15652527
2019-02-21,10752.7802734375,10835.974019504933,10461.602162201485,10773.578709954358,4642480
2019-02-22,10461.6025390625,10711.18378625553,10399.207227264244,10586.393162659015,4539294
2019-02-25,10773.5791015625,10835.974413381078,10357.611170803786,10482.40097974247,4336832
2019-02-26,10752.7802734375,10898.369329055507,10482.400598718343,10711.183400403783,1518312
2019-02-27,10482.3994140625,10690.38375572598,10440.802545729804,10690.38375572598,3529091
2019-02-28,10523.998046875,10711.183985756194,10461.602733914602,10648.788672795796,4728318
2019-03-01,10711.18359375,10815.175778211442,10523.997661719408,10523.997661719408,4584720
2019-03-04,10731.9814453125,10856.77205986006,10731.9814453125,10815.175188344208,3593871
2019-03-05,10690.3837890625,10815.17439444973,10607.19005213768,10815.17439444973,3350195
2019-03-06,10565.59375,10815.174974152225,10565.59375,10731.98123276815,1765698
2019-03-07,10565.59375,10565.59375,10565.59375,10565.59375,0
2019-03-08,10378.4091796875,10607.191165547056,10378.4091796875,10482.400547060877,2089196
2019-03-11,10523.998046875,10607.191797488864,10336.812922692292,10399.207420954204,1377221
2019-03-12,10482.3994140625,10690.38375572598,10440.802545729804,10523.996282395196,950637
2019-03-13,10586.3935546875,10607.19199272378,10253.619360805522,10274.417798841801,2227179
2019-03-14,10711.18359375,10794.377341319152,10586.392972396272,10586.392972396272,2288950
2019-03-15,10752.7802734375,10898.369329055507,10711.183400403783,10856.77245602179,4622424
2019-03-18,11023.16015625,11106.35390388795,10919.167971702562,10919.167971702562,2945472
2019-03-19,11002.3603515625,11147.949391829752,10981.561917238607,11147.949391829752,2663389
2019-03-20,10648.7880859375,11064.756816082643,10627.989649430243,10898.369324024587,1592718
2019-03-21,11293.5380859375,11314.336521124265,11023.159243207945,11023.159243207945,10734984
2019-03-22,11355.9345703125,11522.32206907865,11127.152574207521,11480.725194387112,2751634
2019-03-25,11147.9501953125,11293.538431374594,10919.167401260274,11251.941559728735,2483390
2019-03-26,11543.12109375,11563.919532154014,11231.14451768979,11335.136709709861,2126399
2019-03-27,11543.12109375,11647.113285770069,11397.532024921902,11397.532024921902,2150566
2019-03-28,11439.126953125,11647.11130173592,11251.941039375171,11480.723822847183,1921531
2019-03-29,11543.12109375,11647.113285770069,11397.532024921902,11543.12109375,4161445
2019-04-01,11605.515625,11709.507809995312,11543.120314002812,11647.112498998125,2983277
2019-04-02,11418.330078125,11543.120704339233,11064.75745188316,11480.725391232116,2948681
2019-04-03,11418.330078125,11418.330078125,11418.330078125,11418.330078125,0
2019-04-04,12021.482421875,12021.482421875,11314.336444982257,11314.336444982257,5162423
2019-04-05,11293.5380859375,11730.305224859563,11293.5380859375,11522.320872991913,2309307
2019-04-08,11189.546875,11439.128118765284,11085.555504796259,11355.934370843523,4110504
2019-04-09,11709.5068359375,11896.692753357962,11418.328742172336,11480.724047979156,6313917
2019-04-10,11855.095703125,11979.885498148731,11605.514483680774,11647.111353588145,3692544
2019-04-11,11501.5224609375,12000.684091725403,11501.5224609375,11896.692730280816,3931307
2019-04-12,10856.7724609375,11459.926305501041,10690.384968727298,11293.53881329084,5527736
2019-04-15,10669.5859375,11168.74757160991,10440.80314846286,10815.17498506909,11729242
2019-04-16,11085.556640625,11147.95195795936,10690.386297507388,10690.386297507388,8827391
2019-04-17,11085.556640625,11085.556640625,11085.556640625,11085.556640625,0
2019-04-18,11418.330078125,11584.717579743978,11251.942576506022,11418.330078125,9328080
2019-04-19,11418.330078125,11418.330078125,11418.330078125,11418.330078125,0
2019-04-22,10960.7646484375,11418.329437520359,10877.570902295445,11418.329437520359,4646291
2019-04-23,11418.330078125,11439.128515827371,10856.773074859439,10856.773074859439,3361426
2019-04-24,11189.546875,11397.531244804402,11023.160193854937,11397.531244804402,5093431
2019-04-25,11106.3544921875,11106.3544921875,10815.176360031075,11064.757616165154,7908341
2019-04-26,11397.5302734375,11418.328708645371,10919.167078354854,10919.167078354854,9344526
2019-04-29,11251.94140625,11335.135148406938,11147.950043252229,11293.53827732847,5768203
2019-04-30,11231.1435546875,11355.934174411546,11168.748244825476,11231.1435546875,5779033
2019-05-01,11231.1435546875,11231.1435546875,11231.1435546875,11231.1435546875,0
2019-05-02,10731.9814453125,11023.159545923476,10648.787702280793,10919.167367133843,9327980
2019-05-03,10191.22265625,10731.981156716009,9754.455517078753,10731.981156716009,36370309
2019-05-06,9276.0927734375,9775.254427787608,9151.302156175367,9775.254427787608,18255449
2019-05-07,9900.044921875,9962.440229729755,9317.689529929039,9317.689529929039,17693390
2019-05-08,9421.6806640625,9816.850088588026,9338.486929489056,9650.46261944114,18115762
2019-05-09,9068.107421875,9359.285497048328,9068.107421875,9338.487063107375,14253646
2019-05-10,9276.0927734375,9421.681826909991,8381.760831090634,9151.302156175367,24425869
2019-05-13,8714.53515625,9172.099903829687,8714.53515625,9151.301469180684,8589331
2019-05-14,8880.9228515625,9151.3025334437,8485.753361973055,8527.350236108625,9098944
2019-05-15,8776.9306640625,9047.309506081368,8756.132228930403,8880.922025024596,12411936
2019-05-16,8901.7216796875,9088.907621520737,8631.342800626879,8735.334990534233,9148582
2019-05-17,8776.9306640625,9047.309506081368,8735.333793798307,8984.914200685078,7370549
2019-05-20,9359.287109375,9421.68242194671,8589.745735689035,8756.133235880267,6676824
2019-05-21,9005.712890625,9359.286297874654,8922.519147742727,9172.100376389544,10847997
2019-05-22,9005.712890625,9005.712890625,8735.334040956026,8818.527783838299,2249942
2019-05-23,9068.107421875,9234.494893402616,8839.325463222867,9005.712120052143,6062119
2019-05-24,8984.9140625,9213.696845434457,8943.317192875553,9172.09997581001,4339439
2019-05-27,9463.2783203125,9525.673626444544,8943.317435878804,9005.712742010848,8264630
2019-05-28,9192.8984375,9484.076525722461,9192.8984375,9484.076525722461,11706579
2019-05-29,9317.689453125,9484.076939366178,9026.511352202939,9026.511352202939,7808063
2019-05-30,9317.689453125,9317.689453125,9317.689453125,9317.689453125,0
2019-05-31,9608.8681640625,9608.8681640625,9296.891607554575,9400.883793057217,9483511
2019-06-03,9608.8681640625,9608.8681640625,9608.8681640625,9608.8681640625,0
2019-06-04,9608.8681640625,9608.8681640625,9608.8681640625,9608.8681640625,0
2019-06-05,9608.8681640625,9608.8681640625,9608.8681640625,9608.8681640625,0
2019-06-06,9608.8681640625,9608.8681640625,9608.8681640625,9608.8681640625,0
2019-06-07,9608.8681640625,9608.8681640625,9608.8681640625,9608.8681640625,0
2019-06-10,10314.2509765625,10398.967705609954,9700.05552058115,9805.950602277782,13036469
2019-06-11,10144.818359375,10504.86448767102,9996.56407125311,10335.431015531716,13263098
2019-06-12,9827.1298828125,10123.638437443718,9742.413982530561,9911.846612707133,6818818
2019-06-13,9721.236328125,9890.668984934466,9678.877956519427,9827.131427526107,6947977
2019-06-14,9700.0556640625,9911.84666020122,9700.0556640625,9827.129929900651,4627238
2019-06-17,9827.1298828125,9890.667430233476,9700.055617583244,9848.30906528616,3759631
2019-06-18,9700.0556640625,9954.205025351503,9551.801386036508,9954.205025351503,9531444
2019-06-19,9827.1298828125,9911.846612707133,9742.413982530561,9805.95070033884,7084957
2019-06-20,9678.8779296875,9933.027329003553,9594.161186711208,9827.131400283188,12867500
2019-06-21,9636.51953125,9742.415459674217,9276.473374607658,9742.415459674217,16895977
2019-06-24,9572.98046875,9657.697198166834,9424.72619227054,9636.518015812626,4405924
2019-06-25,9700.0556640625,9721.234846637642,9530.622203461367,9636.518116337076,4693321
2019-06-26,9700.0556640625,9742.414029212783,9572.98056861165,9700.0556640625,4829499
2019-06-27,9848.3095703125,9933.026304551451,9551.801830088907,9636.518564327858,6960010
2019-06-28,9805.951171875,9911.84708933548,9721.235267519349,9869.488722351289,5600037
2019-07-01,10568.40234375,10589.580698763906,9869.489251069375,9911.847620322746,15998287
2019-07-02,10759.0146484375,10822.552205108861,10293.073395793677,10589.581163980542,11273077
2019-07-03,10759.0146484375,10780.193833994621,10589.581163980542,10780.193833994621,4890167
2019-07-04,10653.119140625,10928.448563721746,10610.760767840886,10928.448563721746,4163952
2019-07-05,10674.2978515625,10716.65622245989,10610.760295216418,10674.2978515625,4483539
2019-07-08,10356.6103515625,10610.759733889081,10187.176876936266,10610.759733889081,3084558
2019-07-09,10526.0439453125,10568.40231444843,10187.17699222506,10187.17699222506,2750029
2019-07-10,10631.9384765625,10631.9384765625,10293.072370999433,10610.759293114013,4946724
2019-07-11,10526.0439453125,10631.939038539549,10356.61046876878,10631.939038539549,4992551
2019-07-12,10504.865234375,10526.044419897866,10441.327677806401,10483.686048852134,4124042
2019-07-15,10589.5810546875,10610.760240026035,10356.610845576437,10568.402698961774,5867178
2019-07-16,10462.5078125,10674.298857329773,10441.328625055734,10674.298857329773,4642981
2019-07-17,10589.5810546875,10610.760240026035,10377.790030914972,10462.506772269106,5579680
2019-07-18,10631.9384765625,10737.834393804938,10568.401755829771,10589.580109665525,7769055
2019-07-19,10653.119140625,10801.373445369401,10568.403224669619,10631.939954232943,5851334
2019-07-22,10547.2236328125,10759.01465897838,10441.327704923151,10759.01465897838,2882898
2019-07-23,10610.7587890625,10737.833883716874,10462.505341578424,10589.579606620106,10888510
2019-07-24,10674.2978515625,10801.372964254666,10610.760295216418,10759.014593357277,12139380
2019-07-25,10568.40234375,10695.476621897335,10504.864789869944,10504.864789869944,4600463
2019-07-26,10504.865234375,10843.731373128043,10335.43175019207,10568.402790943597,5428160
2019-07-29,10631.9384765625,10695.476026907963,10568.401755829771,10695.476026907963,5011404
2019-07-30,10716.6552734375,10737.834457010653,10631.938539144885,10716.6552734375,6146754
2019-07-31,10907.267578125,10970.805126820358,10314.251286581046,10420.147201073307,11993475
2019-08-01,11055.5224609375,11097.880829042926,10759.013884199521,10907.26817256851,6042966
2019-08-02,10970.8056640625,11076.701583740502,10716.655456835295,10737.834640770896,11186336
2019-08-05,10504.865234375,11097.881599402437,10165.998266009143,11013.164857310972,4829800
2019-08-06,10653.119140625,10780.194258977344,9848.310887339667,10293.073801572873,7099798
2019-08-07,10780.193359375,10886.08928249832,10547.223158116476,10737.834990125673,6476870
2019-08-08,10928.447265625,10991.98481725409,10674.29705910864,10674.29705910864,6807487
2019-08-09,10843.7294921875,10991.983765131552,10780.19194664005,10886.0878558858,5020028
2019-08-12,10843.7294921875,10991.983765131552,10801.3711284892,10843.7294921875,4153624
2019-08-13,10504.865234375,10716.656259990847,10377.790121237804,10610.760332376516,6116871
2019-08-14,10886.08984375,10907.269029466595,10462.506959030934,10759.014729450435,3189449
2019-08-15,10970.8056640625,11013.1640319337,10526.043631027642,10610.759537157293,6718841
2019-08-16,10928.447265625,11013.164001130453,10822.551346243183,11013.164001130453,4477121
2019-08-19,11224.9560546875,11246.135238969135,10864.909921899716,10970.805843307888,7857801
2019-08-20,11203.77734375,11267.314899279278,11055.52304751502,11224.956528926426,9942284
2019-08-21,10991.9853515625,11203.777200621103,10886.089427033197,11097.8812760918,6639220
2019-08-22,11034.34375,11203.777229686435,10886.089455274368,11182.59804472563,4799215
2019-08-23,11076.703125,11119.061498765126,10822.552882409253,11097.882311882564,4362604
2019-08-26,10907.267578125,11182.59695580488,10589.579834648215,11013.163492617261,7699462
2019-08-27,10928.447265625,11097.880736635907,10886.088897872272,11097.880736635907,14194683
2019-08-28,10970.8056640625,11097.880767676103,10843.730560448897,10928.4472961913,9048204
2019-08-29,11097.8818359375,11182.598579834577,10970.806720091883,10970.806720091883,9444603
2019-08-30,11224.9560546875,11394.38869932781,11055.522580434426,11119.060133279329,13081995
2019-09-02,11246.134765625,11309.672315795638,11097.880481893506,11203.776398844573,7824910
2019-09-03,11267.314453125,11330.852006138366,11182.597715773843,11246.135268787211,6014186
2019-09-04,11309.6728515625,11415.567943917345,11140.239376414316,11288.493667168977,4281278
2019-09-05,11373.208984375,11373.208984375,11182.597164346957,11267.313897520633,6494418
2019-09-06,11394.388671875,11436.747040336213,11373.209487644393,11436.747040336213,2346811
2019-09-09,11373.208984375,11436.746534255257,11352.030630694308,11436.746534255257,1878511
2019-09-10,10886.08984375,11394.389471335444,10631.939615150868,11373.210285618849,5436583
2019-09-11,10314.2509765625,10759.012974448944,10208.355065253185,10674.29624540149,9419534
2019-09-12,10568.40234375,10589.580698763906,10187.177020469659,10462.506420616572,6682741
2019-09-13,10843.7294921875,10928.4462195841,10568.400957761218,10589.579309997698,4710970
2019-09-16,10928.447265625,10928.447265625,10568.401969339571,10907.268081748636,3338261
2019-09-17,10780.193359375,10949.626836372312,10653.118251627018,10949.626836372312,3303164
2019-09-18,10864.91015625,10886.089340988457,10504.864845308997,10780.193417296168,4657622
2019-09-19,10547.2236328125,10716.656287822641,10483.686076078891,10610.760359933292,6305795
2019-09-20,10886.08984375,10886.08984375,10504.865330464123,10589.58124371768,7828219
2019-09-23,10589.5810546875,10886.089649426971,10589.5810546875,10886.089649426971,3337560
2019-09-24,10398.9677734375,10716.654679824886,10271.89267903747,10589.579585424855,5411614
2019-09-25,10356.6103515625,10504.864641860453,9869.489112012081,10293.072798577663,5219080
2019-09-26,10377.7900390625,10589.581063001304,10187.17737086605,10335.431668352177,5693897
2019-09-27,10038.921875,10293.07206892317,9954.205143692277,10187.176154788516,5315046
2019-09-30,9784.7724609375,10038.921823955703,9678.876547341288,10038.921823955703,7845266
2019-10-01,9488.263671875,9763.593040522217,9361.188578653208,9742.413858318585,8189622
2019-10-02,9276.47265625,9572.981232876582,9276.47265625,9488.264496697559,3036324
2019-10-03,9170.5771484375,9403.548183406787,8958.786128078214,9064.68122345146,8903101
2019-10-04,9763.5947265625,10102.460870725514,9170.577522454778,9170.577522454778,5468572
2019-10-07,9572.98046875,9805.950645033605,9467.084556978958,9721.23474522946,1718367
2019-10-08,9700.0556640625,9784.772394363066,9403.547108010518,9657.697298912217,3107622
2019-10-09,9615.33984375,9721.235766647613,9467.08555169334,9615.33984375,3349693
2019-10-10,9784.7724609375,9890.667544921007,9678.876547341288,9678.876547341288,2283836
2019-10-11,10017.7431640625,10102.459899360836,9805.95132581666,9996.563980237916,1590512
2019-10-14,10250.7158203125,10250.7158203125,10081.282322704568,10102.461509905559,2790843
2019-10-15,10462.5078125,10568.403749721332,10229.536750613071,10250.715938057338,5646064
2019-10-16,10674.2978515625,10759.014593357277,10462.50682668837,10462.50682668837,9211858
2019-10-17,10759.0146484375,10801.37301955174,10547.223622479116,10737.83546288038,4618714
2019-10-18,10589.5810546875,10843.731278749903,10568.402698961774,10822.55209341137,2942864
2019-10-21,10695.4775390625,10801.37347127678,10610.760793291074,10801.37347127678,1479905
2019-10-22,10653.119140625,10737.83588619323,10441.328106317274,10589.581581448827,2771188
2019-10-23,10737.8349609375,10737.8349609375,10547.223129446436,10716.655776370408,3223543
2019-10-24,10759.0146484375,10801.37301955174,10589.581163980542,10759.0146484375,6479778
2019-10-25,10610.7587890625,10886.088160813644,10398.967794251237,10801.371431044061,3901925
2019-10-28,10970.8056640625,10970.8056640625,10589.580353221692,10653.117905028494,2618565
2019-10-29,11013.1630859375,11140.23817863575,10653.116989959124,10991.983903821125,15438333
2019-10-30,11288.4951171875,11394.390223144677,11119.061620275414,11182.599181617445,10044869
2019-10-31,10716.6552734375,11352.030780632114,10674.296906291192,11352.030780632114,9349439
2019-11-01,10843.7294921875,10928.4462195841,10526.042594062917,10674.296037394299,5941685
2019-11-04,10759.0146484375,10970.8065040087,10716.656277323262,10928.44813289446,6607833
2019-11-05,10568.40234375,10759.01417577739,10504.864789869944,10547.223159123314,9109073
2019-11-06,10716.6552734375,10801.372007730115,10526.043450891853,10589.580171998577,9489829
2019-11-07,10843.7294921875,10843.7294921875,10716.654401092599,10801.3711284892,6310007
2019-11-08,10864.91015625,10907.268525726917,10695.476678342337,10907.268525726917,3937223
2019-11-11,10759.0146484375,10886.08976178022,10674.297906209022,10886.08976178022,3135499
2019-11-12,10716.6552734375,10716.6552734375,10547.222634465006,10589.580171998577,3944443
2019-11-13,10610.7587890625,10674.296336389687,10568.401253790402,10674.296336389687,2451100
2019-11-14,10674.2978515625,10674.2978515625,10441.327641239675,10589.581109767723,2836068
2019-11-15,10801.3720703125,10801.3720703125,10547.222695574868,10631.938600745585,2672314
2019-11-18,10589.5810546875,10759.01453739577,10462.506772269106,10589.5810546875,3593169
2019-11-19,10526.0439453125,10589.58066940362,10420.148022472677,10504.864760744536,4493968
2019-11-20,10504.865234375,10568.402790943597,10420.148492283535,10420.148492283535,4382759
2019-11-21,10547.2236328125,10610.760359933292,10483.686076078891,10483.686076078891,4229835
2019-11-22,10377.7900390625,10568.40270725895,10229.535741576372,10547.22352190379,3513548
2019-11-25,10250.7158203125,10398.970130719441,9827.132076292668,10377.79094351845,4971693
2019-11-26,10165.998046875,10420.148267671035,10081.281306609655,10420.148267671035,9276036
2019-11-27,10144.818359375,10314.251831514302,10123.639175357586,10123.639175357586,4896485
2019-11-28,9827.1298828125,10293.071897232987,9700.055617583244,9911.846612707133,10462829
2019-11-29,9700.0556640625,9869.488295050936,9572.98056861165,9742.414029212783,12095960
2019-12-02,9784.7724609375,10038.921823955703,9636.518181902804,9700.05573006053,6799665
2019-12-03,9933.0263671875,9954.20555088079,9657.697808787469,9657.697808787469,4572987
2019-12-04,9933.0263671875,9996.563918267371,9848.309632414339,9869.488816107629,6623075
2019-12-05,10526.0439453125,10568.40231444843,9954.205961977446,9954.205961977446,4869109
2019-12-06,10526.0439453125,10610.759853971584,10293.072915064886,10547.223129880465,4925164
2019-12-09,10547.2236328125,10568.40281839037,10335.431777033802,10526.04444723463,3089571
2019-12-10,10441.3271484375,11055.522667848465,10335.431226192028,11055.522667848465,3616834
2019-12-11,10102.458984375,10462.505076783335,10102.458984375,10356.609167251472,4498280
2019-12-12,10165.998046875,10208.356417007673,10017.743751410648,10017.743751410648,3647018
2019-12-13,10420.1484375,10526.044364557585,10208.356583384826,10250.71495420786,7012054
2019-12-16,10377.7900390625,10526.044336548628,10293.073297641855,10526.044336548628,3144023
2019-12-17,10398.9677734375,10483.68450303752,10335.430226237486,10483.68450303752,4318982
2019-12-18,10589.5810546875,10631.939425364568,10314.252474899371,10420.148401592038,5735713
2019-12-19,10653.119140625,10695.477513409114,10441.328106317274,10674.298327017057,5749150
2019-12-20,10483.685546875,10695.476562349924,10441.32717785746,10653.118193332384,4720196
2019-12-23,10377.7900390625,10547.22352190379,10356.610853707338,10526.044336548628,11424597
2019-12-26,10441.3271484375,10462.506332886594,10250.71448839565,10377.789595090217,2040561
2019-12-27,10356.6103515625,10504.864641860453,10314.251982905942,10462.506273203895,2522298
2019-12-30,10165.998046875,10462.506637803706,10038.922936476984,10420.148267671035,4069390
2020-01-02,10335.431640625,10356.610825923342,10165.998158238255,10293.073270028313,4507004
2020-01-03,10441.3271484375,10504.864701784783,10377.789595090217,10420.147963988406,3127978
2020-01-06,10398.9677734375,10441.326138237511,10229.53431423746,10335.430226237486,1864573
2020-01-07,10420.1484375,10420.1484375,10335.43169585393,10398.969252088482,3692946
2020-01-08,10165.998046875,10293.073157273016,10038.922936476984,10123.639676742328,13130530
2020-01-09,10335.431640625,10377.790011221687,10144.818972939911,10377.790011221687,6445984
2020-01-10,10335.431640625,10420.148381818373,10293.073270028313,10356.610825923342,5114590
2020-01-13,10314.2509765625,10441.32607013368,10250.713429776912,10441.32607013368,3156557
2020-01-14,10420.1484375,10462.506808323034,10314.252510442413,10356.610881265447,7079341
2020-01-15,10208.35546875,10483.684849036928,10123.638736354022,10483.684849036928,3690739
2020-01-16,10547.2236328125,10568.40281839037,10144.819106832976,10208.356663566585,4816864
2020-01-17,10886.08984375,10970.806586616378,10420.148587597745,10504.865330464123,4611895
2020-01-20,10801.3720703125,10949.626356183551,10610.75941704972,10949.626356183551,2614654
2020-01-21,10759.0146484375,10907.26894733734,10674.297906209022,10907.26894733734,2746921
2020-01-22,10991.9853515625,11013.164536468359,10759.014317598036,10928.44779684492,4985131
2020-01-23,11055.5224609375,11224.955933359202,10907.26817256851,11224.955933359202,3997089
2020-01-24,10991.9853515625,11034.34372137422,10843.731057221477,10843.731057221477,2017296
2020-01-27,10716.6552734375,11055.52221060796,10653.117722718038,11013.163843461653,1686479
2020-01-28,10759.0146484375,11034.34406068006,10547.223622479116,10716.656277323262,2833060
2020-01-29,10420.1484375,10843.731316117537,10377.790066676966,10759.014574471466,4907315
2020-01-30,10420.1484375,10547.223549969103,10293.073325030895,10462.506808323034,3731753
2020-01-31,10123.6396484375,10420.148238537193,10123.6396484375,10165.998018451743,8628339
2020-02-03,10165.998046875,10335.43152740569,9911.847826078967,10081.281306609655,2774497
2020-02-04,10187.177734375,10293.07366492949,10144.819362153205,10271.894478818593,2959511
2020-02-05,10483.685546875,10483.685546875,10165.997779243453,10250.714517278531,6706607
2020-02-06,10504.865234375,10674.297888945115,10483.686048852134,10674.297888945115,6815108
2020-02-07,10462.5078125,10589.58210755271,10441.328625055734,10441.328625055734,5754164
2020-02-10,10420.1484375,10462.506808323034,10165.998212561792,10462.506808323034,2113363
2020-02-11,10187.177734375,10483.68633992757,10165.998548264102,10398.969595483979,2082979
2020-02-12,9657.6982421875,10187.17702866797,9382.36884181901,10165.99784402424,7665768
2020-02-13,9467.0859375,9615.34023559838,9276.473268516367,9594.161050155755,8037299
2020-02-14,9636.51953125,9742.415459674217,9361.190117347032,9467.086045771252,2357540
2020-02-17,9805.951171875,9890.667905843386,9615.339350058868,9678.876900535157,2870865
2020-02-18,9975.384765625,10165.997419457943,9742.41457388637,9848.309663069705,4939103
2020-02-19,9954.205078125,10293.072001123812,9827.129982000444,10060.100991562129,6042364
2020-02-20,9975.384765625,10123.639051939512,9911.847214347352,9996.563949384215,7508833
2020-02-21,9827.1298828125,9996.563342601768,9827.1298828125,9996.563342601768,7459997
2020-02-24,9530.6220703125,9742.41389310505,9403.54697663697,9488.263705753989,4506302
2020-02-25,9488.263671875,9657.697129504057,9318.830214245943,9615.338765096792,2508459
2020-02-26,9318.8310546875,9551.802079938516,9318.8310546875,9318.8310546875,3957379
2020-02-27,9212.935546875,9424.727397500945,9022.322881311651,9297.652287125378,4970791
2020-02-28,8874.068359375,9022.321807556582,8132.797800016305,8979.964272085199,7788810
2020-03-02,8810.53125,9149.397357915728,8725.814515617883,8810.53125,5142568
2020-03-03,9255.29296875,9509.443163462198,8937.606054972464,9043.501139823169,3651430
2020-03-04,9488.263671875,9805.950575316798,9107.03839220962,9255.292667635045,6580256
2020-03-05,9403.5478515625,9784.77316805908,9234.11437756402,9530.62295706136,4829399
2020-03-06,9149.3984375,9318.831926256556,8979.96577835628,9234.115181878278,3829524
2020-03-09,8069.26123046875,8979.965360550596,8069.26123046875,8895.248620113885,4307952
2020-03-10,8048.08251953125,8429.30704434439,7836.2906559612575,8132.799264959247,6503744
2020-03-11,7688.03466796875,8238.692563057133,7645.676304530209,8132.797484073443,4204164
2020-03-12,6798.51123046875,7539.7814498383905,6798.51123046875,7539.7814498383905,7858001
2020-03-13,6798.51123046875,6798.51123046875,6798.51123046875,6798.51123046875,0
2020-03-16,5972.5234375,6480.82300444859,5972.5234375,6332.569136924569,4250693
2020-03-17,5570.11962890625,5972.523713292706,5570.11962890625,5908.986160788573,12222310
2020-03-18,5337.14892578125,5739.553034500033,5188.895042446797,5612.478336614275,9056025
2020-03-19,4977.1025390625,5337.148229942387,4977.1025390625,5337.148229942387,6228079
2020-03-20,5972.5234375,5972.5234375,4638.236140945639,5040.640206750317,16477215
2020-03-23,5570.11962890625,5845.448608284441,5570.11962890625,5845.448608284441,8355582
2020-03-24,5188.89501953125,5739.553009152634,5188.89501953125,5718.373823797473,9970964
2020-03-26,5760.73193359375,6163.1360223097945,5061.819678141246,5188.89478451675,9805505
2020-03-27,6756.15283203125,6904.406709344545,5887.807093514453,5887.807093514453,14091998
2020-03-30,6290.21142578125,6756.153089692159,6290.21142578125,6756.153089692159,5201030
2020-03-31,6459.64453125,6523.1816689172465,5887.806973793737,6290.211057986994,9657494
2020-04-01,6523.18115234375,6650.256247227873,6184.314647459103,6438.464837227349,6623677
2020-04-02,6353.7490234375,6502.00290737236,6184.3155391617665,6396.107394506434,7031408
2020-04-03,6523.18115234375,6586.718699785812,6353.7481073046,6353.7481073046,3999195
2020-04-06,6883.2275390625,7010.302646857777,6502.002630483058,6629.077738278335,7274984
2020-04-07,6862.04833984375,7200.915293244182,6650.256908774869,7031.481816543966,7262349
2020-04-08,6713.794921875,6862.048809324383,6396.107546133274,6819.690852057714,6412491
2020-04-09,6862.04833984375,6862.04833984375,6269.032001005771,6692.6152779499225,3674795
2020-04-13,6523.18115234375,6862.047657228398,6523.18115234375,6862.047657228398,2723757
2020-04-14,6480.8232421875,6607.898345989381,6226.673449390116,6523.18161012146,8042714
2020-04-15,6036.06103515625,6544.360606154192,6036.06103515625,6523.181422795414,8377944
2020-04-16,5633.6572265625,6036.061314174107,5633.6572265625,6036.061314174107,9892446
2020-04-17,5485.40283203125,5824.269360194481,5358.327728417647,5760.73180838768,18900840
2020-04-20,5337.14892578125,5697.194663602645,5315.969740332556,5506.582409370803,16224815
2020-04-21,4998.28125,5294.789364832453,4977.102069311516,5231.252237573316,13935864
2020-04-22,5845.4482421875,5993.702522078731,4913.565026769615,4977.102575294428,24552821
2020-04-23,5845.4482421875,6269.031484213234,5781.910693662687,5930.164973553918,16181495
2020-04-24,5676.01513671875,5930.164913435131,5570.119223584279,5845.448182927554,11356408
2020-04-27,6057.240234375,6057.240234375,5591.2986140682515,5718.373299747281,8135271
2020-04-28,5887.806640625,6141.956421331753,5887.806640625,6099.598055412901,6045072
2020-04-29,6226.67333984375,6247.852523438122,5887.806817140151,5908.986000734524,5606956
2020-04-30,6734.9736328125,6734.9736328125,6226.673618598428,6353.748725853543,15901318
2020-05-04,6374.927734375,6607.898343103664,6269.031814586345,6586.719159145933,7701467
2020-05-05,6353.7490234375,6480.823721837893,6332.569837903033,6438.465765575367,7480755
2020-05-06,6311.390625,6396.107366770503,6269.032254114749,6353.748995885251,5948504
2020-05-08,6311.390625,6459.644923098381,6141.957141458994,6332.569810442626,5655691
2020-05-11,6777.33154296875,6904.406226812582,6396.106661824536,6396.106661824536,14643528
2020-05-12,6862.04833984375,6967.944262781385,6629.077724187342,6946.765078193858,10566115
2020-05-13,6967.9443359375,7095.019444796817,6671.436163405485,6777.332087454916,6089094
2020-05-14,7264.4521484375,7264.4521484375,6862.047679970783,6967.9435927251825,8032987
2020-05-15,7222.0947265625,7391.528209098049,7010.302873393065,7264.453097196388,6615454
2020-05-18,7285.63134765625,7942.1851786228735,7200.914617258918,7222.093799858251,8081321
2020-05-19,7200.9150390625,7603.31870240848,7095.0191198628345,7455.064415528948,5137754
2020-05-20,7222.0947265625,7349.169838464161,7158.55717061167,7285.632282513331,3429816
2020-05-26,7264.4521484375,7518.601509435361,7031.481140377822,7158.556235683101,3078441
2020-05-27,7836.28955078125,7878.647917521296,7264.452429403355,7285.631612773379,5823557
2020-05-28,8132.7998046875,8238.694913887313,7836.291176011898,7899.828739299527,9939376
2020-05-29,8302.23046875,8323.409651389005,7963.364376138631,8132.797837250666,12354677
2020-06-02,8238.693359375,8386.947645739541,8217.515005221381,8386.947645739541,7040333
2020-06-03,8217.515625,8408.127463660783,8132.7988835450715,8281.052351478389,5917317
2020-06-04,8132.7998046875,8365.770040462572,7963.366302587156,8302.232477174943,6219155
2020-06-05,7984.54443359375,8217.515468147963,7857.469323836907,8217.515468147963,5516204
2020-06-08,8598.7392578125,8641.097624233942,8048.081323946495,8090.439690367935,8683893
2020-06-09,8005.72412109375,8810.532370460915,8005.72412109375,8598.740507571438,7400532
2020-06-10,7815.10888671875,7878.646424790656,7539.779555073823,7836.288066076052,10566316
2020-06-11,8005.72412109375,8048.082493671645,7666.857140470588,7793.932258204274,5609262
2020-06-12,7963.365234375,8005.7236042181,7666.856645473296,7836.290124845698,3243599
2020-06-15,7984.54443359375,8132.798728310067,7772.752583999011,7984.54443359375,6962617
2020-06-16,8238.693359375,8281.051726907726,8026.902351324115,8090.439902623204,2938954
2020-06-17,8153.9794921875,8323.412175059057,8132.800303126936,8281.05379693793,2722754
2020-06-18,7899.82763671875,8238.693764010912,7899.82763671875,8153.977854397461,3890594
2020-06-19,8048.08251953125,8217.516010387244,8005.7241468172515,8026.903333174251,7065703
2020-06-22,8111.61962890625,8175.157184454821,8048.082073357678,8175.157184454821,2615155
2020-06-23,8090.4404296875,8217.515540564182,7963.3653188108165,8069.261244541386,3382484
2020-06-24,8026.9033203125,8196.336810897006,7963.365761343311,8132.799251927816,5184985
2020-06-25,8005.72412109375,8111.6200525384875,7942.186562226907,8026.903307382698,2669305
2020-06-26,8048.08251953125,8111.620078602248,8005.7241468172515,8069.26170588825,2745016
2020-06-29,8026.9033203125,8111.620065604753,7984.544947666373,8048.082506635564,2395345
2020-06-30,8188.83349609375,8273.911539066426,8082.484900929011,8125.024338994906,5593519
2020-07-01,8210.1025390625,8316.450292310876,8146.2933872180465,8252.641973625468,2685049
2020-07-02,8188.83349609375,8231.372934159645,8188.83349609375,8210.103215126697,1502669
2020-07-03,8316.4521484375,8592.958534809513,8188.834649425033,8210.104371453648,5700516
2020-07-06,8465.337890625,8507.877323064065,8231.371845369144,8295.180160868738,3240490
2020-07-07,8231.373046875,8635.496880875717,8125.024450253989,8635.496880875717,5711646
2020-07-08,8273.9111328125,8337.720286778276,8167.563376028614,8231.372529994389,3371754
2020-07-09,8082.484375,8380.259588925857,8082.484375000001,8273.911000681244,3689336
2020-07-10,8018.67626953125,8188.834032950304,7976.136828676486,8082.485430813395,3786605
2020-07-13,7954.86669921875,8167.563892555916,7933.596979885033,8082.485015221049,3646015
2020-07-14,8210.1025390625,8210.1025390625,7976.135648966172,8018.6750835291405,4917744
2020-07-15,8039.94482421875,8295.18059918063,8039.94482421875,8210.102562966036,3443654
2020-07-16,7997.4052734375,8146.29329268004,7933.596122333554,8125.023575645391,2876781
2020-07-17,7954.86669921875,8125.024453888483,7912.327260551317,7933.596979885033,6322341
2020-07-20,8039.94482421875,8061.214541562161,7912.326520158286,7997.405389531929,3096491
2020-07-21,8061.21630859375,8252.643806645661,7976.137420570678,8082.486030599518,5703223
2020-07-22,8167.56396484375,8231.373123409649,8061.215367233918,8188.833684365716,3593169
2020-07-23,8039.94482421875,8252.641997652858,7976.135672188519,8167.563128279215,3411063
2020-07-24,7891.0576171875,8018.675934418425,7869.787897649013,8018.675934418425,3528991
2020-07-27,7976.13671875,7976.13671875,7784.7092375418015,7784.7092375418015,2579256
2020-07-28,7997.4052734375,8103.753858610743,7933.596122333554,7997.4052734375,5023638
2020-07-29,8061.21630859375,8103.755752605285,7976.137420570678,8082.486030599518,2247234
2020-07-30,7848.517578125,8082.484475162596,7848.517578125001,8061.214757250087,3755619
2020-08-03,7763.43798828125,7997.404863674628,7508.20139694302,7869.786568005513,5692493
2020-08-04,7827.24755859375,7954.8658611511,7699.6292560364,7742.168690222183,2427234
2020-08-05,8039.94482421875,8061.214541562161,7784.7082160978225,7827.247650784644,5220484
2020-08-06,8167.56396484375,8231.373123409649,8039.945647711952,8039.945647711952,8263025
2020-08-07,8231.373046875,8401.529968309493,8146.294169578191,8167.563888902394,5937072
2020-08-10,8167.56396484375,8252.642842931615,8103.754806277851,8252.642842931615,1784350
2020-08-11,8167.56396484375,8252.642842931615,8125.024525799817,8167.56396484375,4742157
2020-08-12,8380.259765625,8507.87807420939,8082.484545420504,8125.023981615301,12823478
2020-08-13,8273.9111328125,8465.338594709829,8210.102812005798,8422.799158732645,3576924
2020-08-14,8082.484375,8337.720153628012,8082.484375000001,8273.911000681244,5643156
2020-08-18,8295.1806640625,8380.259534101599,8082.484322123809,8082.484322123809,8897084
2020-08-19,8125.02392578125,8380.259708037003,8125.02392578125,8337.720272134533,3289526
2020-08-24,8252.6416015625,8316.449917371167,8125.02330362715,8125.02330362715,4126248
2020-08-25,8763.115234375,8954.542709113177,8273.911687821883,8337.720846067941,18305187
2020-08-26,8890.7333984375,8975.812274640255,8720.575646031994,8848.193960336124,7442649
2020-08-27,9082.1591796875,9103.428896731051,8784.383974236835,8890.732559454585,4471105
2020-08-28,9060.890625,9231.048383176709,8954.542859298701,9082.160344772088,5251470
2020-08-31,8975.8125,9188.508862688032,8635.49698664453,9060.89054517973,9883120
2020-09-01,9358.666015625,9358.666015625,8848.193611682229,8933.272484532537,4734836
2020-09-02,9103.4296875,9592.633221996295,9060.890249717713,9528.824065322866,6329160
2020-09-03,8954.5419921875,9231.047489290155,8848.1934036253,9103.429183015516,4592742
2020-09-04,8805.654296875,8933.272607913044,8720.575422849637,8848.193733887681,6072347
2020-09-07,8997.08203125,9018.35175038948,8805.654558994675,8848.193997273635,1922132
2020-09-08,8678.03515625,9039.620336291631,8678.03515625,8997.080903345557,3415275
2020-09-09,8592.9560546875,8741.844065915358,8529.146907018418,8678.034918246276,5613775
2020-09-10,7997.4052734375,8337.719912832841,7997.4052734375,8337.719912832841,6552880
2020-09-11,7997.4052734375,8125.023575645391,7444.393463695674,7444.393463695674,14217847
2020-09-14,8380.259765625,8422.799201819797,8167.563417810097,8252.64229019969,4880340
2020-09-15,8188.83349609375,8422.79957229706,8167.563777060802,8337.72069616527,3288724
2020-09-16,7997.4052734375,8273.910761728896,7997.4052734375,8210.102443783986,3094686
2020-09-17,7912.3271484375,8039.94546263151,7784.708834243489,7997.40602456684,3347086
2020-09-18,7933.5966796875,7933.5966796875,7805.97836851412,7912.326961158603,4136576
2020-09-21,7827.24755859375,7976.135578243991,7720.898973129291,7933.596144058208,3769959
2020-09-22,7678.35888671875,7784.707463149614,7635.819456146404,7657.089171432577,5859256
2020-09-23,7572.01123046875,7784.708409178285,7423.124038531145,7699.629537694471,4856474
2020-09-24,7486.9326171875,7529.472054396469,7316.775701510724,7401.854575928661,7591863
2020-09-25,7486.9326171875,7572.011491605437,7401.854575928661,7444.394013137629,6494117
2020-09-28,7763.43798828125,7827.247136115809,7529.471112887873,7657.089408556988,4465389
2020-09-29,7742.16943359375,7869.78774840449,7678.360276188379,7848.518029269368,3543431
2020-09-30,7805.9775390625,7912.326120406541,7678.359241449652,7869.786687868925,5035571
2020-10-01,8146.2939453125,8146.2939453125,7891.057320448682,7912.327039187334,4195440
2020-10-02,8039.94482421875,8210.102562966036,7827.247650784644,8188.832845622625,1771414
2020-10-05,8039.94482421875,8146.293410935804,7976.135672188519,8061.214541562161,1955224
2020-10-06,8018.67626953125,8210.103753377687,7933.597387821723,8167.564312522923,1681866
2020-10-07,8061.21630859375,8061.21630859375,7933.597976559142,7976.137420570678,1383939
2020-10-08,8210.1025390625,8210.1025390625,7954.865931684688,8039.944800810625,1039784
2020-10-09,7976.13671875,8146.294479823953,7954.866998615756,8146.294479823953,2743712
2020-10-12,7997.4052734375,8039.944707506797,7869.786971229609,7976.135556402852,5327180
2020-10-13,7954.86669921875,8039.945576553616,7912.327260551317,7997.4061378861825,2693773
2020-10-14,7912.3271484375,7976.136305534505,7869.78771037283,7954.86658650217,5713251
2020-10-15,7742.16943359375,7997.406063215231,7678.360276188379,7912.327186674737,5463959
2020-10-16,7805.9775390625,7827.247255331308,7720.898673987268,7742.168390256076,2762865
2020-10-19,7805.9775390625,7848.516971600116,7784.707822793693,7805.9775390625,1920729
2020-10-20,8061.21630859375,8061.21630859375,7784.709922518766,7784.709922518766,6086486
2020-10-21,8082.484375,8167.563245595691,8018.675222053233,8125.023810297846,3779987
2020-10-22,7933.5966796875,8082.484709389776,7912.326961158603,8018.675553803087,4274660
2020-10-23,8018.67626953125,8018.67626953125,7869.788226539577,7933.597387821723,1043595
2020-10-26,8167.56396484375,8167.56396484375,7976.136489146053,8039.945647711952,4091150
2020-10-27,8146.2939453125,8252.642539005757,8018.675632880591,8167.563664051152,4045323
2020-11-02,7763.43798828125,8061.214011509186,7593.28026072243,8061.214011509186,6886105
2020-11-03,7593.27978515625,7891.055789734512,7529.470641318052,7848.516360509046,12175781
2020-11-04,7763.43798828125,8188.832307178302,7742.168272336398,7784.7077042261035,22141832
2020-11-05,8465.337890625,8486.607606844533,7933.595818295685,7933.595818295685,12548214
2020-11-06,8805.654296875,8826.92401538134,8295.181052722824,8486.60851927989,9938474
2020-11-09,8699.3056640625,8997.081721772463,8550.41763520752,8933.2725665489,4436007
2020-11-10,9018.3515625,9060.890166733589,8741.84521944752,8784.38465684021,17342717
2020-11-11,9528.82421875,9528.82421875,9060.890395610473,9103.429834077702,6194586
2020-11-12,9635.1728515625,9847.869211548452,9124.699588014313,9507.554535675454,9705929
2020-11-13,9528.82421875,9613.90309568446,9273.587587946622,9613.90309568446,3594272
2020-11-16,9316.126953125,9592.633300986752,9167.23891966098,9528.824143787886,6056503
2020-11-17,9337.396484375,9507.554233482684,9273.587328459618,9358.666203013461,7366137
2020-11-18,9486.2841796875,9571.363051235448,9379.935590252564,9528.823615461475,4537689
2020-11-19,9486.2841796875,9592.632769122436,9337.396154478589,9358.665872365576,3877658
2020-11-20,9656.4423828125,9677.712101712768,9507.554350510622,9613.902945011963,3356312
2020-11-23,10294.5322265625,10379.611094807377,9784.059850252283,9869.137885338121,5015515
2020-11-24,9975.486328125,10315.801796242435,9975.486328125,10294.532079485096,7008344
2020-11-25,10124.375,10294.532745059967,10081.835563735009,10124.375,6545059
2020-11-26,10145.6455078125,10209.454667176535,9932.948309932388,10166.915227600512,3729647
2020-11-27,10145.6455078125,10209.454667176535,10081.836348448467,10145.6455078125,7065703
2020-11-30,9954.216796875,10209.45340271968,9443.74441834468,10145.644251258509,14743104
2020-12-01,10209.4541015625,10379.61185043968,10018.026634075673,10145.644945733558,7216923
2020-12-02,10166.9150390625,10209.45447784966,10018.027003307441,10209.45447784966,3749202
2020-12-03,10209.4541015625,10209.4541015625,10039.29635268532,10166.914664343205,3319008
2020-12-04,9932.9482421875,10209.454597545813,9869.139083258659,10209.454597545813,3238986
2020-12-07,9996.7568359375,10124.375146580127,9954.217399056626,10081.835709699251,6588279
2020-12-08,9847.869140625,10081.836051399578,9784.060816300143,9996.757174754277,4090348
2020-12-10,9954.216796875,10103.104816951063,9847.868211106383,9847.868211106383,6931130
2020-12-11,9762.791015625,10018.026810270707,9741.521296641266,10018.026810270707,4197947
2020-12-14,10209.4541015625,10209.4541015625,9826.599999747943,9826.599999747943,9524425
2020-12-15,10422.15234375,10443.422064514938,9911.6790453915,10209.455136100625,5227002
2020-12-16,10719.9267578125,10890.084510543296,10507.230400058123,10507.230400058123,10987384
2020-12-17,10996.4326171875,11060.24177162511,10783.735435728804,10805.005153874674,8397899
2020-12-18,10677.3876953125,11017.703212748056,10613.57936895248,10996.433492908334,7881166
2020-12-21,10634.84765625,10805.005405377638,10443.421021640506,10677.38709353191,5423447
2020-12-22,10592.3095703125,10805.005933968247,10464.691252223569,10464.691252223569,6342898
2020-12-23,10507.23046875,10762.466266355701,10209.454399524371,10762.466266355701,3838951
2020-12-28,10677.3876953125,10762.466574671389,10507.230769753869,10762.466574671389,3315899
2020-12-29,10698.6552734375,10847.543282510347,10677.385557855665,10805.003851346677,2624481
2020-12-30,10571.0390625,10762.465692202315,10464.690472021448,10698.656537915183,2566119
2021-01-04,10698.6552734375,10805.003851346677,10422.149804032619,10571.037813105466,1660005
2021-01-05,10549.76953125,10698.656727397818,10507.230094305169,10698.656727397818,2940759
2021-01-06,10230.7236328125,10571.039124334515,9826.59981978919,10422.151096793634,8807335
2021-01-07,10464.69140625,10549.770286228202,10251.994206304493,10251.994206304493,8860082
2021-01-08,10485.9609375,10634.848141622771,10337.07290021809,10549.770096335104,4891571
2021-01-11,10230.7236328125,10549.769406114388,10166.914478152123,10507.229969674137,6329661
2021-01-12,10315.802734375,10571.039358674629,10251.993578300093,10379.611890449907,5111582
2021-01-13,10251.9931640625,10422.150906720266,10124.374857069175,10379.611471055825,4968785
2021-01-14,10145.6455078125,10379.612425480624,10145.6455078125,10379.612425480624,4445534
2021-01-15,10166.9150390625,10422.15167178546,10018.027003307441,10145.64531966892,5747045
2021-01-18,10762.4658203125,11038.972158848106,10188.184258051484,10188.184258051484,23527877
2021-01-19,10549.76953125,10890.08419364956,10209.454035691348,10890.08419364956,5409709
2021-01-20,10592.3095703125,10677.387615879315,10337.072934134638,10443.42153254208,4621522
2021-01-21,10422.15234375,10698.657880535005,10400.882622985062,10634.848718240193,6439767
2021-01-22,10337.072265625,10528.499730378577,10294.532829013095,10337.072265625,4570079
2021-01-25,10018.0263671875,10209.453829574548,9613.902557529475,10209.453829574548,5999645
2021-01-26,9996.7568359375,10124.375146580127,9911.67796217575,10081.835709699251,3713603
2021-01-27,9847.869140625,10315.802962174153,9465.015028880267,10230.724085528853,8216195
2021-01-28,9592.6337890625,9975.487918576298,9401.20630772602,9847.869597685312,5050111
2021-01-29,9018.3515625,9784.060602409305,9018.3515625,9358.666228482412,7962993
2021-02-01,9805.3310546875,10209.454906993307,8890.733915478571,9167.239446058598,7193759
2021-02-02,9316.126953125,10145.645163551138,9252.317795926134,9869.138815689386,7665367
2021-02-03,9252.3173828125,9613.902590794718,9231.0476646959,9422.475127745309,6820322
2021-02-04,9039.62109375,9443.744907441502,8954.542220728825,9358.666034420325,6248636
2021-02-05,9571.36328125,9741.52102843505,9103.429476491112,9103.429476491112,3940232
2021-02-08,9401.2060546875,9698.982128751662,9401.2060546875,9698.982128751662,2180349
2021-02-09,9273.5869140625,9528.823526318589,9209.777760998477,9401.205220190544,6122185
2021-02-10,9401.2060546875,9486.284932991546,9188.508858927384,9358.666615535478,2176939
2021-02-11,9316.126953125,9443.745267522732,9252.317795926134,9401.205829390155,1600039
2021-02-15,9507.5546875,9550.09412680832,9294.857490958397,9443.745528537518,2341195
2021-02-16,9379.935546875,9528.823571395378,9294.856675720499,9528.823571395378,2433752
2021-02-17,9337.396484375,9422.475358928843,9231.047891182698,9379.93592165192,2349719
2021-02-18,9103.4296875,9443.745189758292,9103.4296875,9443.745189758292,2914285
2021-02-19,9145.96875,9167.238468018393,9018.351275048719,9018.351275048719,2144249
2021-02-22,8954.5419921875,9188.508053865275,8954.5419921875,9145.968618440396,4587126
2021-02-23,8890.7333984375,9060.890317683892,8848.193960336124,8997.081993690943,5034066
2021-02-24,8741.8447265625,8933.272184036488,8678.035574071171,8890.732749042269,5535257
2021-02-25,8784.3857421875,8933.273791457648,8678.037135565966,8805.655463511806,5777930
2021-02-26,8678.03515625,8763.114022142148,8465.33799151963,8507.877424465703,12276460
2021-03-01,9082.1591796875,9124.6986137746,8869.462842411034,8869.462842411034,8147204
2021-03-02,9954.216796875,10039.295665489894,9167.238095346276,9188.5078125,18757843
2021-03-03,9635.1728515625,9954.21780812099,9592.633412933485,9954.21780812099,5509987
2021-03-04,9528.82421875,9635.172814918074,9401.205903348311,9550.093937983615,4713577
2021-03-05,9528.82421875,9550.093937983615,9145.969272544933,9401.205903348311,11607304
2021-03-08,9294.8564453125,9826.599376846885,9231.047293528374,9784.059942324133,7764642
2021-03-09,9358.666015625,9486.284324900464,9231.047706349536,9443.744888475308,6048381
2021-03-10,9613.90234375,9677.711496460124,9294.856580199381,9443.744603189669,3607107
2021-03-12,9720.2509765625,9805.32984723621,9507.553799878227,9784.060129567782,5028451
2021-03-15,9465.0146484375,9869.138463099951,9379.935775211912,9826.599859646243,5172350
2021-03-16,9465.0146484375,9550.093521663086,9379.935775211912,9486.284366743896,3869034
2021-03-17,9422.474609375,9507.553477160855,9379.935175482073,9401.204892428537,2712425
2021-03-18,9677.7119140625,9741.52106952605,9528.823884647552,9528.823884647552,2731979
2021-03-19,10039.2958984375,10039.2958984375,9550.09322570965,9677.711531593193,7099196
2021-03-22,9869.138671875,10124.37529695112,9826.600067521416,10039.296421925748,5387046
2021-03-23,9677.7119140625,9890.408265781905,9592.633040111103,9869.138547294055,4606580
2021-03-24,9805.3310546875,9890.409102678857,9422.476089510159,9528.82469094831,4842335
2021-03-25,9592.6337890625,9911.678758130805,9294.857706983534,9911.678758130805,3003132
2021-03-26,9422.474609375,9613.902061893174,9358.66545853561,9571.362628000246,2935644
2021-03-29,9486.2841796875,9635.172204896411,9422.475026026537,9528.823615461475,2443980
2021-03-30,9252.3173828125,9550.093436444915,9188.508228462697,9358.665973395506,2291758
2021-03-31,8869.462890625,9124.698663376015,8763.114304829143,9124.698663376015,7688130
2021-04-01,8869.462890625,8933.272042102515,8741.844587669972,8869.462890625,4435807
2021-04-05,8763.115234375,9018.351867359237,8741.845514959648,9018.351867359237,1981698
2021-04-06,8826.923828125,8848.19354618012,8678.035801739159,8763.114673959639,4386369
2021-04-07,8805.654296875,8912.002889406704,8741.845141355978,8805.654296875,4283584
2021-04-08,8882.1708984375,8903.834752664363,8773.851627303187,8882.1708984375,6003356
2021-04-09,8990.4892578125,9098.80851796175,8925.49770172295,8968.82540578265,6536435
2021-04-12,8600.541015625,9055.481966139436,8448.894032120188,9055.481966139436,5648070
2021-04-13,9098.8095703125,9228.791848927347,8448.89393424901,8622.204770532608,12332015
2021-04-14,9575.4130859375,9705.396207237653,9055.481449334702,9142.136863534804,8026569
2021-04-15,9380.4384765625,9488.75774515068,9228.79150053905,9488.75774515068,3260044
2021-04-16,9228.79296875,9445.431540391442,9120.474531527232,9402.103826063154,3731452
2021-04-19,9033.818359375,9228.79220920773,8968.826793231463,9142.137636280897,2122990
2021-04-20,9142.1376953125,9163.801550833565,8990.490706665048,9077.146128749306,2469852
2021-04-21,9055.482421875,9185.465557135076,9033.818565998321,9120.473989505037,899595
2021-04-22,8947.1630859375,9185.465499074686,8947.1630859375,9185.465499074686,1485120
2021-04-23,9012.154296875,9228.791997110104,8925.498877341812,8925.498877341812,3491085
2021-04-26,9120.47265625,9185.464214379399,8990.489539991204,9033.817245410803,3447164
2021-04-27,8925.4990234375,9142.137575816485,8925.4990234375,9120.473720578586,1990823
2021-04-28,9120.47265625,9163.800361669599,8882.170276442206,8925.497981861805,1888940
2021-04-29,9142.1376953125,9207.129261875694,9055.482273228243,9207.129261875694,1407906
2021-04-30,9033.818359375,9315.447630732446,8925.499082469105,9315.447630732446,3200078
2021-05-03,8817.1796875,9033.818238410973,8795.515832408902,8925.498962955486,1727593
2021-05-04,8708.859375,8860.506342579672,8578.876259931709,8795.514785045527,4614703
2021-05-05,8795.515625,8925.498752481424,8665.532497518576,8752.187915839526,3123967
2021-05-06,8687.1962890625,8925.498687715934,8687.1962890625,8795.515561177697,3952566
2021-05-07,8492.2216796875,8773.851789854416,8492.2216796875,8752.187935226191,6340692
2021-05-10,8622.2041015625,8730.523365835592,8405.566421614101,8600.54024870788,3922182
2021-05-11,8600.541015625,8687.196434770607,8492.221741692993,8622.204870411402,1535861
2021-05-17,8427.2314453125,8665.533883818398,8427.2314453125,8665.533883818398,2977260
2021-05-18,8253.919921875,8492.22146825456,8015.617526897608,8427.229905987997,5559925
2021-05-19,8037.28125,8275.583641093694,7928.961981321048,8232.255933622113,4815460
2021-05-20,8253.919921875,8297.247630052709,7885.634402364484,8037.281380986461,4312565
2021-05-21,8167.265625,8318.912624408107,8058.946339708495,8232.257196174904,3132992
2021-05-24,7993.953125,8232.255503647033,7972.289272395724,8232.255503647033,2583066
2021-05-25,8145.6005859375,8188.9282937668395,7928.962046790804,8015.617462449482,4535283
2021-05-27,8232.2568359375,8383.903828709648,8145.601411496272,8232.2568359375,9299902
2021-05-28,8362.2392578125,8383.903112071026,8123.936860968717,8232.256132261346,2728169
2021-05-31,8405.56640625,8470.557116097276,8188.927878099797,8383.902553434978,3283409
2021-06-02,9033.818359375,9120.473780899718,8492.22197484552,8578.877396370237,11115339
2021-06-03,9142.1376953125,9142.1376953125,8795.516006975466,9033.818417707178,5783345
2021-06-04,8990.4892578125,9142.13622202145,8903.8338496931,9142.13622202145,4183908
2021-06-07,9012.154296875,9098.809716408188,8860.507312691921,9098.809716408188,2376393
2021-06-08,8817.1796875,9012.154383319876,8752.188122226707,8903.835107864388,3888488
2021-06-09,9012.154296875,9098.809716408188,8817.179602925327,8817.179602925327,4040510
2021-06-10,8947.1630859375,9098.81007611571,8903.83537445801,9098.81007611571,2359245
2021-06-11,8947.1630859375,9055.48236463622,8947.1630859375,8947.1630859375,3022485
2021-06-14,8817.1796875,9185.465224048654,8773.851977317805,9185.465224048654,3407052
2021-06-15,8838.8427734375,8903.834333055245,8730.523507407925,8773.851213819755,4714179
2021-06-16,8838.8427734375,8903.834333055245,8795.51506702567,8903.834333055245,2372883
2021-06-17,8578.876953125,8795.515495743719,8535.549244601256,8730.523932958104,4110705
2021-06-18,8578.876953125,8752.187787219975,8318.911550580378,8665.532370172488,7291630
2021-06-21,8665.5322265625,8708.859934368193,8362.239120520475,8492.221395339728,3268668
2021-06-22,8405.56640625,8665.531791432459,8405.56640625,8665.531791432459,4916340
2021-06-23,8405.56640625,8622.204085802417,8405.56640625,8492.220968912297,1964851
2021-06-24,8427.2314453125,8643.870025772407,8405.568435864498,8492.223019450472,3437537
2021-06-25,8427.2314453125,8535.550735542452,8383.904577818506,8492.223019450472,1717465
2021-06-28,8080.60986328125,8492.222281803839,8080.60986328125,8492.222281803839,3122864
2021-06-29,8297.248046875,8492.221894871598,8145.601060634853,8210.592626166344,3568400
2021-06-30,8232.2568359375,8470.558404552963,8232.2568359375,8470.558404552963,2331669
2021-07-01,8145.6005859375,8318.911417254856,8080.609024193492,8297.247563340186,2056004
2021-07-02,8058.9453125,8275.58385546985,8058.945312499999,8145.60072968794,2512370
2021-07-05,7972.2890625,8080.608322669532,7907.297506398281,8080.608322669532,1271427
2021-07-06,8058.9453125,8123.936875390955,7950.626041015074,8037.281458203014,2252048
2021-07-07,7755.65087890625,8080.608673524301,7712.323172957177,8058.944820549765,7401435
2021-07-08,7668.99609375,7798.979222219977,7560.6776686228795,7777.31536747498,6663788
2021-07-09,7712.32373046875,7733.987585009332,7582.3414518231075,7625.668312306421,4422871
2021-07-12,7625.66796875,7842.306504395685,7582.341110218676,7712.323383008274,3945948
2021-07-13,7452.35791015625,7733.98715492465,7387.366350148664,7690.659448252926,4450247
2021-07-14,7387.3662109375,7560.67703435844,7279.046946299412,7452.357769720353,4200253
2021-07-15,7344.0390625,7474.022189931517,7300.711353356161,7409.030626215758,4758502
2021-07-16,7668.99609375,7712.323803239992,7344.039121172919,7344.039121172919,3126875
2021-07-19,7452.35791015625,7647.331741581203,7409.030203484526,7647.331741581203,1854846
2021-07-21,7668.99609375,7755.6515127299845,7452.358394897899,7452.358394897899,2809896
2021-07-22,7690.65966796875,7777.315083787871,7582.341246792676,7755.651229833091,4956953
2021-07-23,7539.01318359375,7712.3231584666255,7452.357771858419,7690.659305532792,3700767
2021-07-26,7409.02978515625,7604.004454170357,7409.02978515625,7539.012897832322,2895032
2021-07-27,7257.3828125,7452.357481302741,7149.063552054033,7409.029777124354,5004886
2021-07-28,7105.736328125,7279.047156551958,7062.40862101826,7279.047156551958,3217727
2021-07-29,6954.08984375,7192.3918108066855,6932.425989990401,7105.736395768287,6790540
2021-07-30,6672.45947265625,7149.063811624316,6672.45947265625,7084.0722529970035,7159463
2021-08-02,6759.11572265625,6910.762711599097,6650.796444839931,6910.762711599097,6385817
2021-08-03,7192.3916015625,7257.383160950536,6694.123403886454,6759.11496327449,8361599
2021-08-04,7322.375,7365.702707913494,7127.400314389278,7235.719584173013,4428587
2021-08-05,7279.04736328125,7409.030488293067,7170.728092438068,7409.030488293067,2412994
2021-08-06,7322.375,7560.677393524216,7279.047292086507,7365.702707913494,5593017
2021-08-09,7235.7197265625,7430.694416010069,7192.392017796374,7344.038998477817,2663790
2021-08-10,7344.0390625,7365.70291707192,7127.400516780806,7170.728225924645,2126901
2021-08-12,7604.00439453125,7668.9951017618,7322.374319275287,7409.0297270463525,5668025
2021-08-13,7690.65966796875,7733.987375878311,7430.694269109214,7647.331960059189,5844114
2021-08-16,7842.306640625,7863.970494565892,7560.677387991218,7712.323516979642,4876329
2021-08-18,8167.265625,8167.265625,7733.9884838339785,7842.307769125484,7753913
2021-08-19,7885.634765625,8145.601026666881,7777.315490190883,8145.601026666881,3899418
2021-08-20,8123.93798828125,8145.601845545945,7733.98855751673,7885.6355583695995,3711096
2021-08-23,8275.583984375,8318.911693643868,7993.953874127366,8123.937001933967,4411439
2021-08-24,8123.93798828125,8297.248846398814,7928.96327289899,8297.248846398814,3132390
2021-08-25,8167.265625,8232.257196174904,7972.29091147529,8123.937910883397,1610067
2021-08-26,7604.00439453125,8167.263696445426,7604.004394531249,8167.263696445426,7181725
2021-08-27,7668.99609375,7733.987657984989,7365.702975917915,7517.349959132887,4178092
2021-08-30,7907.29736328125,7907.29736328125,7668.994995221401,7755.650401788619,2757149
2021-08-31,8015.6171875,8015.617187499999,7777.3148026128165,7907.297921642189,7162672
2021-09-01,7820.64208984375,7972.289053917846,7798.978237833165,7972.289053917846,1583794
2021-09-02,7928.9619140625,7928.9619140625,7712.323378542264,7842.306499854406,1149589
2021-09-03,7972.2890625,7972.2890625,7777.314394194843,7777.314394194843,2215346
2021-09-06,7972.2890625,8037.280618601719,7820.642098262656,7972.2890625,2638420
2021-09-07,7733.98681640625,8080.60845460833,7712.322964018619,7972.28919267018,4786580
2021-09-08,7409.02978515625,7733.986718248672,7365.702080930893,7712.3228661359935,7836943
2021-09-09,7582.34130859375,7647.33202238998,7365.7027672802,7495.68589206833,6907163
2021-09-10,7712.32373046875,7712.32373046875,7517.349888201361,7604.00530636369,3105115
2021-09-13,7712.32373046875,7733.987585009332,7560.677597282525,7712.32373046875,1055127
2021-09-14,7712.32373046875,7777.3152940904965,7668.996021387586,7733.987585009332,2653060
2021-09-15,7712.32373046875,7885.634566793407,7668.996021387586,7712.32373046875,3966805
2021-09-16,7560.6767578125,7755.650578431737,7539.0129056772785,7733.986726296515,2523000
2021-09-17,7517.349609375,7560.6773168490945,7387.3664869527165,7517.349609375,7385089
2021-09-20,7365.70263671875,7539.013466697553,7322.374929224049,7517.349612950203,4243774
2021-09-21,7300.7109375,7430.694057527541,7170.727817472459,7300.7109375,6315823
2021-09-22,7409.02978515625,7625.667457685279,7300.710524592858,7300.710524592858,5410010
2021-09-23,7365.70263671875,7495.685759202852,7344.0387829714,7409.030344213451,3638194
2021-09-24,7192.3916015625,7474.0216922439895,7170.727748433154,7365.702426597262,8593442
2021-09-27,7105.736328125,7322.374863658698,7062.40862101826,7192.391742338479,5959935
2021-09-28,6802.44287109375,7127.4002533637195,6780.779017322491,7105.736399592461,13309527
2021-09-29,7344.0390625,7387.366771643839,6759.115413357103,6802.443122500941,20426072
2021-09-30,7105.736328125,7430.694131425547,7019.08091391152,7365.702570765438,13438184
2021-10-01,7019.0810546875,7170.728032602549,6932.426063034959,7062.408762663228,13822450
2021-10-04,7170.72802734375,7257.383443231655,6997.417619866852,7019.081049539915,12106489
2021-10-05,6910.7626953125,7257.383959208894,6867.434984288083,7170.728537160059,14674714
2021-10-06,6910.7626953125,7019.081548574599,6845.771128775874,6932.426550824709,29378510
2021-10-07,6997.41796875,7214.056094972176,6954.090258645778,6997.41796875,21437377
2021-10-08,6997.41796875,7127.400674763731,6932.426403593667,7019.081399503176,20762505
2021-10-11,6824.10693359375,7040.74505363373,6824.10693359375,6997.417769064873,17963339
2021-10-12,6867.43505859375,7019.081624521083,6824.107347100527,6824.107347100527,21904273
2021-10-13,7192.3916015625,7257.383160950536,6910.761935179908,6910.761935179908,36524236
2021-10-14,7733.98681640625,7755.65066879388,7279.046764863786,7279.046764863786,42033020
2021-10-15,7604.00439453125,7907.297473132229,7517.348986760184,7755.650509532865,26986874
2021-10-18,7712.32373046875,7863.970712252825,7625.668312306421,7690.659875928168,16373628
2021-10-19,7604.00439453125,7798.978213418398,7539.012838702951,7755.650509532865,10401759
2021-10-21,7625.66796875,7733.987236572842,7409.0302817021275,7625.66796875,14135318
2021-10-22,7668.99609375,7733.987657984989,7495.686104387892,7668.99609375,11292932
2021-10-25,7430.6943359375,7755.651299583893,7365.702773488654,7712.323591284662,19384883
2021-10-26,7257.3828125,7430.693629213547,7235.718960410806,7365.702072945967,20216490
2021-10-27,7495.685546875,7668.995523346687,7300.71086867183,7300.71086867183,30387911
2021-10-28,7647.33203125,7755.651302032272,7517.349754909111,7582.341317378474,26217139
2021-10-29,7885.634765625,7993.954041059117,7517.350077746874,7668.996214756766,29179458
2021-11-01,7993.953125,8080.608535417103,7820.642304165794,7885.633861978621,23244491
2021-11-02,7777.314453125,8037.280679501689,7755.650600926943,7993.952975105574,10976955
2021-11-03,8210.59375,8210.59375,7777.316587151455,7777.316587151455,18733275
2021-11-04,8578.876953125,8752.187787219975,8448.89382755377,8470.55768181564,38180631
2021-11-05,8578.876953125,8643.868515910615,8340.575404842251,8622.204661648744,8451147
2021-11-08,8297.248046875,8578.877315580254,8297.248046875,8578.877315580254,8788283
2021-11-09,8362.2392578125,8405.56696632955,8210.59227800282,8297.247695036922,14169513
2021-11-10,8297.248046875,8383.903467583656,8275.584191697835,8362.23961240649,5067760
2021-11-11,8167.265625,8362.240338524709,8102.274053825096,8297.248767349805,7509033
2021-11-12,8167.265625,8232.257196174904,8058.946339708495,8167.265625,7290627
2021-11-15,7972.2890625,8232.255286906877,7907.297506398281,8210.59143487297,8157031
2021-11-16,7950.62548828125,8123.936310608424,7885.63392990856,7972.289341072147,7319006
2021-11-17,7842.306640625,7993.953618211251,7733.987370920535,7950.625910329465,16496168
2021-11-18,7777.314453125,7907.297566313345,7733.986748728886,7842.306009719173,7182227
2021-11-19,7755.65087890625,7863.970143778934,7712.323172957177,7777.314731880787,9059736
2021-11-22,7733.98681640625,7820.64222595677,7733.986816406249,7777.31452118151,9278142
2021-11-23,7409.02978515625,7755.65057036135,7322.374376705537,7733.986718248672,34599596
2021-11-24,7430.6943359375,7560.677460835192,7344.038919339039,7409.030481787885,21664307
2021-11-25,7387.3662109375,7495.685475575588,7365.702358009882,7452.357769720353,11057980
2021-11-26,7170.72802734375,7365.702713091538,7105.73646542782,7365.702713091538,19919666
2021-11-29,7105.736328125,7192.391742338479,7040.74476746489,7149.06403523174,13467264
2021-11-30,6932.42626953125,7300.711373996139,6932.42626953125,7127.400536930813,35855982
2021-12-01,7019.0810546875,7127.400324626821,6954.089917022823,6975.753771010687,17696799
2021-12-02,6997.41796875,7084.072964659509,6932.426403593667,6997.41796875,14519885
2021-12-03,6845.77099609375,7062.409122718094,6845.77099609375,7019.081412533438,39114322
2021-12-06,7040.74462890625,7170.72774766846,6867.434228188867,6889.098081315902,28114102
2021-12-07,6997.41796875,7127.400674763731,6954.090258645778,7105.73681971162,16051033
2021-12-08,6954.08984375,7062.408688249088,6954.08984375,7040.744834489488,11789008
2021-12-09,6954.08984375,6997.4175512692,6889.098282471202,6975.7536975096,12249285
2021-12-10,6824.10693359375,6954.0900601970925,6802.44307915986,6932.426205763202,20817056
2021-12-13,6845.77099609375,7084.072977810422,6845.77099609375,6867.434851186078,45695983
2021-12-14,6715.78759765625,6889.098431481744,6694.123743428064,6867.434577253557,29656481
2021-12-15,6672.45947265625,6780.778737035104,6629.1317669047085,6737.451031283563,20533169
2021-12-16,6564.14111328125,6759.115379142644,6499.149549894478,6759.115379142644,21167428
2021-12-17,6434.15771484375,6607.468543224255,6434.15771484375,6499.149275486439,23195555
2021-12-20,6347.5029296875,6520.813775243013,6304.175218298621,6412.494496770817,12166556
2021-12-21,6434.15771484375,6499.149275486439,6347.5023006534975,6347.5023006534975,13416122
2021-12-22,6282.5107421875,6520.813131293258,6260.846888632431,6499.149277738189,18506847
2021-12-23,6325.8388671875,6390.830432146101,6282.5111572151,6282.5111572151,8127850
2021-12-24,6304.17431640625,6412.493579381997,6282.510463811101,6347.502021596549,5382232
2021-12-27,6412.49462890625,6499.150053469622,6325.839204342878,6325.839204342878,15166780
2021-12-28,6369.16650390625,6477.485777591439,6369.16650390625,6455.821922854401,11841253
2021-12-29,6260.84716796875,6390.83029509854,6217.519458925486,6369.166440576908,11432920
2021-12-30,6282.5107421875,6347.502302852707,6260.846888632431,6260.846888632431,8879837
2022-01-03,6304.17431640625,6369.165874191698,6282.510463811101,6325.838169001399,7173001
2022-01-04,6390.83056640625,6520.813699054169,6325.839000082291,6325.839000082291,15415570
2022-01-05,6260.84716796875,6434.158004141803,6239.183313447118,6434.158004141803,12117620
2022-01-06,6217.51904296875,6325.838308330267,6109.200201906129,6239.182896041053,13280446
2022-01-07,6195.85595703125,6282.510949816457,6152.528248489187,6217.519387003362,16394386
2022-01-10,6152.5283203125,6239.183314109298,6152.5283203125,6195.856029360361,7191252
2022-01-11,6022.544921875,6174.191896711367,6000.881068326948,6152.528043163315,20522238
2022-01-12,6044.20947265625,6087.5371847504475,5935.890192420756,6044.20947265625,12086233
2022-01-13,6130.8642578125,6174.191965390565,6000.881135078306,6044.2088426563705,11255127
2022-01-14,6065.87255859375,6130.864118483864,6000.880998703637,6109.200265187159,8713375
2022-01-17,5914.2255859375,6065.872559025218,5892.561732639255,6065.872559025218,12244773
2022-01-18,5827.5703125,5935.8895815889155,5740.915321527778,5914.225727771132,13097137
2022-01-19,5784.2431640625,5914.225865701722,5740.915455416452,5827.570448409627,13209248
2022-01-20,5740.91552734375,5784.243236532646,5675.923963560406,5784.243236532646,13424044
2022-01-21,6000.880859375,6087.53627054985,5675.923491768203,5675.923491768203,26085875
2022-01-24,6044.20947265625,6065.873328703349,5935.890192420756,6000.8817605620525,9787555
2022-01-25,5892.56201171875,6087.536700637218,5827.570448745928,6000.881283340121,13676946
2022-01-26,5957.55322265625,6000.880928744538,5870.897810479672,5892.561663523817,6727866
2022-01-27,5849.23388671875,6000.880856194361,5805.90660545318,5935.88929784767,9301306
2022-01-28,5914.2255859375,5935.889439235745,5827.570172744518,5849.234026042764,6824634
2022-01-31,5827.5703125,5914.225727771132,5762.579175345561,5914.225727771132,8206067
2022-02-02,5957.55322265625,6000.880928744538,5827.570104391384,5827.570104391384,9087212
2022-02-03,5979.216796875,6022.544500942813,5827.569832637656,5935.889092807188,9978886
2022-02-04,6087.53662109375,6217.51932104204,5957.553496846544,5979.217350887745,23930795
2022-02-07,6260.84716796875,6282.511022490382,6109.2006106162535,6109.2006106162535,16644179
2022-02-08,6195.85595703125,6304.174804087488,6130.864394218155,6282.510949816457,12676370
2022-02-09,6347.5029296875,6390.830641076378,6239.183651215304,6239.183651215304,14487094
2022-02-10,6304.17431640625,6390.8297267868475,6260.846611215951,6369.165874191698,14387618
2022-02-11,6390.83056640625,6390.83056640625,6239.183578317012,6304.175144640971,7922781
2022-02-14,6239.18310546875,6369.1662282656525,6174.19196836921,6325.838520666685,9902975
2022-02-15,6304.17431640625,6325.838169001399,6217.5189060256525,6239.182758620802,5830677
2022-02-16,6412.49462890625,6542.477765751309,6325.839204342878,6325.839204342878,15899513
2022-02-17,6347.5029296875,6455.822208159695,6239.183651215304,6434.158352465256,7648520
2022-02-18,6369.16650390625,6455.821922854401,6304.174939695136,6347.502649169212,7966904
2022-02-21,6304.17431640625,6412.493579381997,6282.510463811101,6369.165874191698,6888812
2022-02-22,6282.5107421875,6325.838449297637,6152.528045155992,6325.838449297637,8414445
2022-02-23,6239.18310546875,6282.510813067718,6109.200406970759,6282.510813067718,14641021
2022-02-24,5979.216796875,6217.518744949093,5892.561388739375,6195.855317214064,28519126
2022-02-25,6239.18310546875,6282.510813067718,6000.88113797334,6000.88113797334,24095853
2022-03-01,6152.5283203125,6390.830295776815,6087.5367567407075,6195.856029360361,19561573
2022-03-02,5827.5703125,6152.528119766747,5784.2430291633445,6152.528119766747,28490947
2022-03-04,5740.91552734375,5914.225939800407,5719.251672749302,5827.5705214226155,19214009
2022-03-07,5459.28564453125,5697.588054975223,5459.28564453125,5675.924199480316,22338778
2022-03-08,5524.27685546875,5610.932271871159,5329.3025928622465,5459.285293166943,19422387
2022-03-09,5567.6044921875,5632.596053654881,5502.61293072012,5610.93219983242,12528861
2022-03-10,6022.544921875,6044.208775423052,5654.259835857013,5675.923689405066,30133505
2022-03-11,5935.8896484375,6022.545064684526,5849.234232190474,6022.545064684526,6740300
2022-03-14,5870.89794921875,6000.881070555333,5784.242959293268,5979.217216999236,7105413
2022-03-15,5740.91552734375,5914.225939800407,5675.923963560406,5892.562085205959,12111403
2022-03-16,5784.2431640625,5827.570448409627,5697.587746770404,5740.915455416452,5114089
2022-03-17,5849.23388671875,5979.21700341213,5827.570033936519,5849.23388671875,8617208
2022-03-18,5762.5791015625,5870.897944965609,5719.251394481694,5849.234091425205,8695926
2022-03-21,5697.587890625,5805.907164975001,5675.924035755,5805.907164975001,5622399
2022-03-22,5762.5791015625,5849.234091425205,5697.587540941291,5697.587540941291,7475440
2022-03-23,5697.587890625,5805.907164975001,5697.587890625,5784.243310105001,4639672
2022-03-24,5697.587890625,5762.579455235001,5632.596326014999,5697.587890625,12221809
2022-03-25,5632.59619140625,5784.2431718721655,5610.932337053976,5719.251608815344,10938448
2022-03-28,5870.89794921875,5892.561802774847,5675.923691512781,5719.251398624976,18616451
2022-03-29,5784.2431640625,5935.889720024747,5784.2431640625,5892.562011378698,5401686
2022-03-30,5849.23388671875,5892.56159228321,5784.242752670951,5849.23388671875,8255805
2022-03-31,5762.5791015625,5935.889505586817,5740.915248022096,5849.234091425205,8930778
2022-04-01,5870.89794921875,5892.561802774847,5805.9068128493645,5827.570242106555,6552880
2022-04-04,5935.8896484375,5935.8896484375,5827.570378128718,5870.898086252231,5084005
2022-04-05,5914.2255859375,5979.217145832236,5892.561732639255,5957.553292533991,4585422
2022-04-06,5805.9072265625,5914.226077762586,5740.915661263087,5914.226077762586,10116768
2022-04-07,5719.25146484375,5805.906880071455,5719.25146484375,5805.906880071455,6965024
2022-04-08,5784.2431640625,5827.570448409627,5719.251601093428,5762.579309739476,9909995
2022-04-11,5648.70947265625,5848.8608117704125,5626.470434976898,5826.621774091061,15466612
2022-04-12,5604.2314453125,5670.948558922161,5470.797653657396,5648.709521052274,17331786
2022-04-13,5515.275390625,5604.231101076284,5448.558281113394,5604.231101076284,12004706
2022-04-14,5359.6025390625,5537.514844503078,5337.363500882428,5515.275806323006,13916310
2022-04-18,5470.7978515625,5515.27592891126,5359.602658190599,5381.841696864979,8312162
2022-04-19,5381.84130859375,5470.797456873558,5359.602271523798,5426.3193827336545,9094833
2022-04-20,5292.884765625,5426.31897809456,5292.884765625,5381.840907271373,12730019
2022-04-21,5404.08056640625,5493.036718319684,5337.363452471174,5359.6024904495325,9654185
2022-04-22,5337.36328125,5448.558467574681,5292.885206720128,5404.080393044808,7600587
2022-04-25,5315.1240234375,5359.602096121785,5270.645950753216,5337.363059779642,7122260
2022-04-26,5693.1875,5737.665574983585,5315.124298203734,5315.124298203734,22276205
2022-04-27,5759.904296875,5804.382369421514,5581.992006688943,5715.426224328486,12633050
2022-04-28,5693.1875,5782.143649967171,5670.948462508208,5759.904612475379,10508957
2022-05-09,5448.55859375,5804.382762664792,5381.841480410186,5670.948535985163,23530786
2022-05-10,5426.31982421875,5537.515018615346,5203.92943542556,5426.31982421875,20017438
2022-05-11,5759.904296875,5826.621405694772,5448.558224613586,5470.797260886843,16699131
2022-05-12,5581.99267578125,5782.144026231948,5537.515033467556,5759.904987292982,17085904
2022-05-13,5604.2314453125,5670.948558922161,5493.0366915272825,5670.948558922161,11298246
2022-05-17,5648.70947265625,5737.665623373655,5604.231397297547,5604.231397297547,10299074
2022-05-18,5759.904296875,5826.621405694772,5626.470079235457,5693.187188055228,10161894
2022-05-19,5537.5146484375,5670.948437229247,5537.5146484375,5670.948437229247,10054395
2022-05-20,5648.70947265625,5715.426585694304,5537.514719823707,5581.992359618195,9865170
2022-05-23,5782.1435546875,5804.382591812832,5648.709331935507,5737.665480436835,13288368
2022-05-24,5960.0556640625,6026.772337773994,5737.665299810217,5804.3824090859025,20840421
2022-05-25,5804.38232421875,5982.294177455097,5782.143288118684,5960.055576919214,9054822
2022-05-27,5960.0556640625,6093.489447049679,5871.099518361587,5871.099518361587,19840748
2022-05-30,6382.59619140625,6560.5084746238945,6093.48916674175,6093.48916674175,68249557
2022-05-31,6493.7919921875,6493.7919921875,6293.6410899060475,6404.835842033871,18455003
2022-06-02,6382.59619140625,6627.225580830511,6315.879520763804,6493.791368417278,17537056
2022-06-03,6315.8798828125,6493.791740664514,6315.8798828125,6404.835593956409,8232140
2022-06-06,6404.83544921875,6404.83544921875,6160.206486863828,6315.879740085078,11371750
2022-06-07,6360.35791015625,6471.552657172811,6315.879837123948,6404.83554762436,11441243
2022-06-08,6427.07470703125,6449.313743972629,6338.118994829935,6360.358031771314,5772415
2022-06-09,6226.923828125,6449.313762617513,6226.923828125,6427.074725611842,11886077
2022-06-10,6137.96728515625,6271.401498604486,6049.0111428574255,6226.923427455074,10430138
2022-06-13,5826.62158203125,5982.294405091136,5759.904471192356,5937.8167667627395,15467614
2022-06-14,6071.25048828125,6115.728561700622,5759.904409909846,5826.621520038903,16161740
2022-06-15,6137.96728515625,6204.684391880368,5960.055436122775,6115.728249581543,9294186
2022-06-16,6137.96728515625,6204.684391880368,6071.250178432132,6182.445356305661,9117897
2022-06-17,6071.25048828125,6137.967598410307,5982.294341442507,6093.489524990936,6258764
2022-06-20,6315.8798828125,6338.118919489526,6004.533369334134,6115.728552719264,11287817
2022-06-21,6360.35791015625,6449.313620656661,6338.118873640099,6404.83554762436,12675668
2022-06-22,6360.35791015625,6449.313620656661,6293.640800607797,6382.596511108209,9902073
2022-06-23,6493.7919921875,6538.270067264314,6226.923977290826,6360.358202521269,13668222
2022-06-24,6782.8994140625,6805.138015819899,6516.030966203229,6560.50904084644,38856106
2022-06-27,6516.03125,6849.616388788724,6471.5531734196065,6827.377350498527,15551046
2022-06-28,6315.8798828125,6538.269814018566,6315.8798828125,6516.03077734154,16820869
2022-06-29,6493.7919921875,6538.270067264314,6271.40205236764,6315.880127444455,13772311
2022-06-30,6338.119140625,6560.509079590199,6338.119140625,6516.031004684317,7693044
2022-07-01,6115.72802734375,6360.357409775995,6093.488992577182,6338.118375009427,8038903
2022-07-04,6049.01123046875,6115.728338159171,5871.099378858476,6115.728338159171,9453428
2022-07-05,5960.0556640625,6137.967519900135,5960.0556640625,6049.011374199223,5666822
2022-07-06,5982.29443359375,6049.011544750517,5782.143535687651,5960.055832105697,11539115
2022-07-07,5893.33837890625,6026.772157911237,5826.621271621669,6004.533122149709,6225873
2022-07-08,5937.81689453125,5960.0559319560825,5848.860744831922,5915.577857106418,5378823
2022-07-11,5782.1435546875,5893.3387403141605,5782.1435546875,5871.099703188828,10809390
2022-07-12,5693.1875,5826.621724950757,5648.709425016415,5782.143649967171,12521440
2022-07-13,5693.1875,5804.382687458964,5626.470387524621,5693.1875,11253221
2022-07-14,5804.38232421875,5804.38232421875,5648.709071518286,5693.187143718418,9188493
2022-07-15,5670.9482421875,5871.099571837602,5670.9482421875,5804.382461954235,8232440
2022-07-18,5782.1435546875,5782.1435546875,5715.426443311503,5782.1435546875,4222816
2022-07-19,5826.62158203125,5871.0996559238465,5737.665434246059,5804.382545084953,5930253
2022-07-20,5782.1435546875,5871.099703188828,5782.1435546875,5871.099703188828,9596625
2022-07-21,5804.38232421875,5826.621360318816,5715.426179818484,5782.143288118684,10785123
2022-07-22,5804.38232421875,5848.860396418882,5804.38232421875,5848.860396418882,3454384
2022-07-25,5782.1435546875,5826.621628938164,5759.904517562168,5804.382591812832,3569603
2022-07-26,5848.86083984375,5848.86083984375,5715.426613127184,5804.382764271561,6896734
2022-07-27,5715.4267578125,5848.860987906936,5670.948681114355,5826.621949557864,10082774
2022-07-28,5715.4267578125,5804.3829112087915,5715.4267578125,5759.904834510646,10827340
2022-07-29,5804.38232421875,5848.860396418882,5737.6652159185505,5759.904252018618,7013859
2022-08-01,5737.66552734375,5848.8607138794605,5670.948415422324,5826.621676572318,12288193
2022-08-02,5737.66552734375,5759.904564650892,5648.709378115182,5759.904564650892,5395670
2022-08-03,5759.904296875,5804.382369421514,5715.426224328486,5782.143333148258,6274408
2022-08-04,6004.533203125,6026.772239186436,5759.9042420133865,5759.9042420133865,28903091
2022-08-05,6049.01123046875,6071.250266365557,5960.055522445703,6049.01123046875,9575467
2022-08-08,6226.923828125,6249.162865130671,6071.2505690852995,6093.4896060909705,15546232
2022-08-09,6182.4453125,6271.401454168526,6137.967241665737,6249.162418751394,8267036
2022-08-10,6226.923828125,6226.923828125,6071.2505690852995,6182.445754113657,7173803
2022-08-11,6160.20654296875,6271.401724853797,6160.20654296875,6249.1626884767875,5296595
2022-08-12,6249.16259765625,6338.118741871467,6115.728381333424,6137.967417387228,11280999
2022-08-15,6160.20654296875,6293.640761230806,6137.967506591741,6271.401724853797,4800920
2022-08-16,6115.72802734375,6204.68416641002,6093.488992577182,6182.445131643453,5863367
2022-08-18,6071.25048828125,6249.162781958736,6026.772414861879,6115.728561700622,7078539
2022-08-19,5848.86083984375,6049.011744354381,5848.86083984375,6004.533668782193,15718009
2022-08-22,5871.099609375,5937.816719684929,5826.621535835047,5848.860572605024,7952062
2022-08-23,5937.81689453125,6026.772608666369,5871.099782256754,5937.81689453125,10760555
2022-08-24,5848.86083984375,6071.250782140475,5826.621802057655,5960.056028774221,12364003
2022-08-25,5826.62158203125,5893.338692870144,5804.382545084953,5848.860618977548,8061165
2022-08-26,5826.62158203125,5893.338692870144,5782.143508138654,5848.860618977548,7305569
2022-08-29,5804.38232421875,5804.38232421875,5670.948107618352,5737.6652159185505,6007868
2022-08-30,5826.62158203125,5915.577729816442,5782.143508138654,5804.382545084953,5476594
2022-08-31,5871.099609375,5915.577682914953,5804.382499065071,5848.860572605024,11968907
2022-09-01,5737.66552734375,5893.338788493745,5715.426490036608,5871.099751186603,8303237
2022-09-02,5715.4267578125,5782.143872859719,5693.187719463427,5737.665796161573,12612292
2022-09-05,5804.38232421875,5848.860396418882,5670.948107618352,5693.187143718418,8596450
2022-09-06,5804.38232421875,5848.860396418882,5737.6652159185505,5826.621360318816,6148258
2022-09-07,5826.62158203125,5826.62158203125,5737.665434246059,5782.143508138654,5502767
2022-09-08,5826.62158203125,5982.294405091136,5804.382545084953,5848.860618977548,14611639
2022-09-09,5871.099609375,5893.338646144976,5804.382499065071,5848.860572605024,6067634
2022-09-12,5893.33837890625,5915.577414667778,5804.382235860141,5893.33837890625,5847925
2022-09-13,5982.29443359375,6004.533470646006,5871.099683896674,5915.577758001185,7840954
2022-09-14,5915.57763671875,5915.57763671875,5848.860526929831,5871.099563526138,6518986
2022-09-15,5893.33837890625,6004.533122149709,5893.33837890625,5960.055486190832,12936893
2022-09-16,6115.72802734375,6137.967062110318,5848.860045709095,5915.5771500087985,24235039
2022-09-19,6226.923828125,6249.162865130671,6071.2505690852995,6115.728643096642,21419026
2022-09-20,6404.83544921875,6538.269666265536,6182.445523038293,6249.162631561686,30398340
2022-09-21,6404.83544921875,6538.269666265536,6404.83544921875,6449.313521567678,19760525
2022-09-22,6471.55224609375,6516.030316300763,6271.401365726356,6382.596105679724,10217347
2022-09-23,6604.98681640625,6627.22585272084,6449.313562204119,6471.552598518709,14904753
2022-09-26,6604.98681640625,6649.46488903543,6449.313562204119,6582.7477800916595,19483557
2022-09-27,6671.7041015625,6693.943138464466,6538.269880150707,6604.986990856603,12825684
2022-09-28,6582.74853515625,6716.18276834917,6538.270457425277,6671.704690618197,13278240
2022-09-29,6671.7041015625,6716.182175366432,6449.313732542843,6604.986990856603,18008263
2022-09-30,6649.46533203125,6693.943407623616,6538.270143050335,6649.46533203125,14840474
2022-10-03,6627.22607421875,6671.704148334495,6516.030888929388,6582.748000103005,6568323
2022-10-04,6627.22607421875,6693.943185392368,6604.987037160878,6671.704148334495,7721623
2022-10-05,6516.03125,6693.943556321574,6516.03125,6627.226441450984,5463057
2022-10-06,6516.03125,6604.987403160787,6471.5531734196065,6538.270288290197,11439538
2022-10-07,6427.07470703125,6582.747965620901,6360.358031771314,6516.030854796765,6137327
2022-10-10,6538.27001953125,6582.748094283349,6315.880081334963,6315.880081334963,6768378
2022-10-11,6693.943359375,6738.421434646777,6449.313945380227,6582.748171195558,11986456
2022-10-12,6671.7041015625,6760.6602491703625,6516.030843248741,6693.943138464466,12762008
2022-10-13,6538.27001953125,6693.943281163598,6538.27001953125,6671.704243787548,4809042
2022-10-14,6404.83544921875,6649.464847137858,6404.83544921875,6582.747738614465,6324848
2022-10-17,6671.7041015625,6671.7041015625,6338.118983597215,6382.596621836947,9066254
2022-10-18,6693.943359375,6693.943359375,6604.987208831446,6671.704321739111,11777376
2022-10-19,6894.09375,6938.5718219651035,6649.464789756111,6693.942861721214,19550943
2022-10-20,6938.572265625,6960.81130302954,6871.855153411379,6916.333228220459,9626408
2022-10-21,6760.66015625,6938.572013456256,6760.66015625,6938.572013456256,6507755
2022-10-24,6738.42138671875,6849.616138543089,6671.70427428562,6760.66042419646,7280499
2022-10-25,6649.46533203125,6782.899558808348,6604.987256438884,6782.899558808348,10338985
2022-10-26,6649.46533203125,6716.1824454197995,6604.987256438884,6649.46533203125,7402137
2022-10-27,6827.376953125,6871.855027116638,6671.704129718469,6716.1822037101065,9042488
2022-10-28,6894.09375,6894.09375,6716.1818977037665,6827.376642052344,6022609
2022-10-31,7072.00634765625,7072.00634765625,6871.855015045468,6916.333088958974,13425147
2022-11-01,7138.7236328125,7205.440309747392,6938.572295315189,7072.006520313396,20395988
2022-11-02,7205.43994140625,7272.157050494784,7094.245195156216,7138.7232678819055,10305993
2022-11-03,7138.7236328125,7183.201707811902,7094.245557813098,7183.201707811902,7640297
2022-11-04,7338.8740234375,7383.352095338062,7116.48409949887,7116.48409949887,19504515
2022-11-07,7338.8740234375,7361.1130593877815,7249.917879636376,7361.1130593877815,7664465
2022-11-08,7072.00634765625,7316.63531861634,7027.528273742742,7316.63531861634,14796051
2022-11-09,7005.2890625,7072.006171710393,6871.854844079215,7049.767135306929,17832776
2022-11-10,7094.24560546875,7116.484643117842,6894.09426662692,6960.8113795741965,14511361
2022-11-11,7227.67919921875,7249.918236262978,7072.00637547335,7183.201560694494,12769127
2022-11-14,7116.484375,7249.91816030314,7027.528227755108,7227.679123491917,4716686
2022-11-15,7072.00634765625,7138.7234585265105,6960.811162872482,7116.484421569758,9039780
2022-11-16,6782.8994140625,7049.767426357565,6738.421339419288,7049.767426357565,18392229
2022-11-17,6782.8994140625,6871.855127784716,6693.943264776077,6782.8994140625,6663086
2022-11-18,6871.85498046875,6916.33305415846,6782.899268653529,6805.137869934186,6141439
2022-11-21,6827.376953125,6894.094064112457,6805.137916129182,6871.855027116638,3842460
2022-11-22,6849.61572265625,6916.3328310385305,6827.3766865288235,6849.61572265625,3460400
2022-11-23,6805.13818359375,6916.333372943185,6805.13818359375,6849.616259333524,5145175
2022-11-24,6760.66015625,6849.615867071032,6760.66015625,6805.137793878419,4463283
2022-11-25,6849.61572265625,6894.093794911104,6716.181941455875,6716.181941455875,7836542
2022-11-28,6849.61572265625,6894.093794911104,6782.899049838155,6849.61572265625,6980366
2022-11-29,6760.66015625,6849.615867071032,6716.182083057388,6849.615867071032,4214091
2022-11-30,6760.66015625,6916.332976859951,6760.66015625,6760.66015625,24878725
2022-12-01,6849.61572265625,6871.8547587836765,6738.4209775833015,6849.61572265625,12715779
2022-12-02,6827.376953125,6894.094064112457,6760.660277701744,6871.855027116638,4973498
2022-12-05,6849.61572265625,6849.61572265625,6805.137650401397,6805.137650401397,4965476
2022-12-06,6382.59619140625,6827.376463886189,6382.59619140625,6827.376463886189,12942508
2022-12-07,6226.923828125,6382.596651600499,6093.4896060909705,6226.923828125,15743480
2022-12-08,6182.4453125,6293.640489585658,6093.4891708314735,6226.923383334263,11992974
2022-12-09,6182.4453125,6204.684347917131,6004.533029162948,6182.4453125,12786175
2022-12-12,6004.533203125,6093.489347370744,5915.577494443439,6093.489347370744,19619534
2022-12-13,6244.248046875,6333.451590401785,5998.938302176339,5998.938302176339,14420700
2022-12-14,6244.248046875,6333.451590401785,6110.442731584822,6288.849818638392,8380800
2022-12-15,6444.95654296875,6444.95654296875,6132.744115281683,6221.9476660494165,12044000
2022-12-16,6266.54931640625,6400.354639888234,6065.841331183274,6400.354639888234,31899800
2022-12-19,6199.64697265625,6333.452303001349,6088.142530702001,6199.64697265625,18396200
2022-12-20,6043.5400390625,6177.345353580489,6021.239153309502,6155.044467827491,11320700
2022-12-21,5998.9384765625,6043.540249622444,5932.035816972584,6043.540249622444,10073700
2022-12-22,5998.9384765625,6021.239363092473,5932.035816972584,5998.9384765625,14300200
2022-12-23,6021.23974609375,6065.841521990741,5954.337082248264,5998.938858145255,9382500
2022-12-26,6065.84130859375,6088.142195757698,5976.637759937959,6065.84130859375,4903900
2022-12-27,5954.33642578125,6177.345280679424,5909.734654801615,6065.8408532303365,21447500
2022-12-28,5954.33642578125,5976.637311271067,5887.433769311798,5976.637311271067,9087800
2022-12-29,5954.33642578125,5976.637311271067,5887.433769311798,5954.33642578125,4995800
2022-12-30,5865.13330078125,5954.336849082106,5842.832413706036,5954.336849082106,9125300
2023-01-02,5909.73486328125,5932.035749557783,5887.433977004717,5887.433977004717,4453300
2023-01-03,5976.63720703125,5976.63720703125,5887.433666627799,5909.734551728662,15497600
2023-01-04,6043.5400390625,6132.743582074493,5954.336496050508,5976.637381803506,16057900
2023-01-05,5976.63720703125,6132.74340273729,5932.035436829525,6065.840747434702,14572400
2023-01-06,6311.15087890625,6378.053538399956,5976.637581437721,5976.637581437721,21832100
2023-01-09,6400.35498046875,6422.65586890244,6288.850538300305,6333.452315167683,12903000
2023-01-10,6288.85009765625,6400.354532011857,6199.646550171764,6400.354532011857,10089800
2023-01-11,6244.248046875,6378.053362165178,6177.34538922991,6288.849818638392,10540000
2023-01-12,6601.0625,6623.363386824324,6288.850084459459,6311.150971283783,26049500
2023-01-13,6422.65576171875,6601.0628662109375,6422.65576171875,6556.461090087891,10994600
2023-01-16,6601.0625,6667.9651604729725,6444.956292229729,6444.956292229729,11370500
2023-01-17,6444.95654296875,6601.062756812284,6400.354767584883,6578.761869120351,12056600
2023-01-18,6244.248046875,6422.655133928572,6199.646275111607,6422.655133928572,18150900
2023-01-19,6355.7529296875,6400.354704632675,6221.947604851974,6244.248492324561,9340200
2023-01-20,6288.85009765625,6378.053645140735,6266.549210785129,6378.053645140735,6741100
2023-01-24,6333.4521484375,6400.354811977332,6288.850372744278,6355.753036284111,5254900
2023-01-25,6288.85009765625,6378.053645140735,6266.549210785129,6378.053645140735,4561000
2023-01-26,6534.16015625,6556.4610441552895,6355.753053007679,6378.053940912969,14976000
2023-01-27,6489.55810546875,6578.761653310245,6489.55810546875,6534.159879389497,6949400
2023-01-30,6444.95654296875,6489.558318352617,6378.05387989295,6467.257430660683,5415300
2023-01-31,6601.0625,6601.0625,6444.956292229729,6444.956292229729,15697900
2023-02-01,6534.16015625,6645.66459577645,6489.558380439419,6601.0628199658695,8356200
2023-02-02,6534.16015625,6667.96548368174,6534.16015625,6556.4610441552895,10742900
2023-02-03,6489.55810546875,6556.460766349871,6467.257218508376,6556.460766349871,4333000
2023-02-06,6467.25732421875,6645.6644228178875,6400.354662244073,6467.25732421875,11896400
2023-02-07,6467.25732421875,6489.558211543642,6400.354662244073,6467.25732421875,4979200
2023-02-08,6444.95654296875,6467.257430660683,6400.354767584883,6467.257430660683,3261400
2023-02-09,6534.16015625,6690.26637158703,6467.25749253413,6467.25749253413,14621400
2023-02-10,6913.27490234375,6935.575789125503,6645.6642609627015,6667.965147744455,26338000
2023-02-13,6779.46923828125,6890.973666542454,6734.867466976768,6868.672780890214,9772100
2023-02-14,6824.0712890625,6868.673062193628,6757.1686293658095,6846.372175628064,4417000
2023-02-15,6801.7705078125,6824.071394723361,6667.965186347336,6824.071394723361,7725900
2023-02-16,6712.56689453125,6801.770441302429,6645.6642344528655,6801.770441302429,4655500
2023-02-17,6623.36328125,6757.168600063132,6601.062394781145,6734.867713594276,6631600
2023-02-20,6712.56689453125,6757.16866791684,6623.363347760071,6645.6642344528655,4652300
2023-02-21,6757.1689453125,6801.770720529084,6667.965394879332,6734.868057704209,3918700
2023-02-22,6623.36328125,6712.566827125421,6534.159735374579,6690.265940656565,4897500
2023-02-23,6801.7705078125,6801.7705078125,6601.062525614754,6623.363412525615,4110400
2023-02-24,6601.0625,6779.469594594594,6601.0625,6779.469594594594,5740100
2023-02-27,6578.76123046875,6645.663887049788,6467.256802833686,6601.062115995763,9114700
2023-02-28,6444.95654296875,6623.3636445042175,6422.655655276817,6601.062756812284,10922900
2023-03-01,6467.25732421875,6534.159986193426,6422.655549568965,6444.956436893857,5717600
2023-03-02,6378.0537109375,6467.25725934222,6378.0537109375,6467.25725934222,7080600
2023-03-03,6400.35498046875,6489.5585342035065,6378.054092035061,6378.054092035061,8810300
2023-03-06,6355.7529296875,6511.859141995614,6333.452042214912,6467.257367050438,7318000
2023-03-07,6311.15087890625,6422.65531139576,6221.947332914642,6378.053538399956,5743300
2023-03-08,6155.044921875,6311.151133661685,6110.443147078805,6244.248471467391,9216900
2023-03-09,6177.345703125,6266.549251184567,6132.743929095216,6177.345703125,8277200
2023-03-10,6043.5400390625,6199.646239333488,6021.239153309502,6155.044467827491,10718700
2023-03-13,5909.73486328125,6021.239294663915,5887.433977004717,6021.239294663915,12126100
2023-03-14,5865.13330078125,5998.938623232533,5842.832413706036,5887.434187856464,8648200
2023-03-15,5508.31884765625,5976.637454137145,5463.71707561045,5909.734796068446,32999900
2023-03-16,5352.212890625,5441.416438802084,5218.407568359376,5441.416438802084,22284900
2023-03-17,5441.41650390625,5441.41650390625,5307.611180039703,5352.212954661885,20019900
2023-03-20,5419.11572265625,5486.018385898919,5352.21305941358,5441.416610403806,8541800
2023-03-21,5575.2216796875,5597.52256640625,5419.11547265625,5463.71724609375,10872500
2023-03-24,5619.8232421875,5686.725899832589,5530.619698660714,5597.522356305803,11793200
2023-03-27,5575.2216796875,5642.12433984375,5552.92079296875,5642.12433984375,4664600
2023-03-28,5686.7265625,5775.9301164215685,5619.823897058824,5642.124785539216,6044200
2023-03-29,5686.7265625,5775.9301164215685,5664.425674019608,5709.027450980392,6110800
2023-03-30,5686.7265625,5753.629227941176,5664.425674019608,5686.7265625,4799200
2023-03-31,5619.8232421875,5753.628557477678,5619.8232421875,5709.026785714285,7199600
2023-04-03,5664.42529296875,5686.7261799489415,5575.221745047982,5619.823519008366,4342200
2023-04-04,5686.7265625,5686.7265625,5552.921231617647,5664.425674019608,7546300
2023-04-05,5374.513671875,5686.726084349067,5352.2127852697095,5686.726084349067,28052300
2023-04-06,5374.513671875,5463.717218296162,5352.2127852697095,5419.115445085581,14761400
2023-04-10,5396.81494140625,5441.416717781508,5374.514053218621,5374.514053218621,7172600
2023-04-11,5486.0185546875,5508.31944312119,5396.815000952744,5396.815000952744,11200300
2023-04-12,5530.6201171875,5575.221892326109,5419.115679340978,5508.319229618196,10673700
2023-04-13,5441.41650390625,5575.221827772797,5441.41650390625,5530.620053150615,5257700
2023-04-14,5463.7177734375,5530.6204400510205,5441.416884566326,5463.7177734375,7014500
2023-04-17,5396.81494140625,5508.319382344395,5352.213165030991,5463.717605969137,12547400
2023-04-18,5374.513671875,5463.717218296162,5374.513671875,5441.416331690872,12759200
2023-04-26,5374.513671875,5419.115445085581,5307.611012059128,5419.115445085581,16861600
2023-04-27,5374.513671875,5441.416331690872,5352.2127852697095,5352.2127852697095,14572100
2023-04-28,5307.6103515625,5419.114770712972,5285.309467732405,5396.813886882878,21384000
2023-05-02,5240.7080078125,5352.212433510638,5173.805352393617,5307.610663231383,24274000
2023-05-03,5218.4072265625,5307.610768896901,5173.805455395299,5240.708112146101,21341800
2023-05-04,5400.14013671875,5423.416602825297,5260.481340079472,5307.034272292565,19960000
2023-05-05,5307.03466796875,5400.140539336623,5237.205264442845,5400.140539336623,16448000
2023-05-08,5423.41748046875,5469.970420215263,5283.758661229212,5307.035131102468,17230700
2023-05-09,5702.73486328125,5726.011332110969,5446.693706154337,5469.970174984056,24426600
2023-05-10,5632.9052734375,5749.287613797779,5609.628805365444,5726.0111457257235,9144300
2023-05-11,5469.97021484375,5679.458435837766,5423.41727684508,5656.1819668384305,29845900
2023-05-12,5493.2470703125,5539.800011586335,5446.694129038666,5493.2470703125,12770000
2023-05-15,5446.69384765625,5493.2467865251065,5376.864439352965,5493.2467865251065,9901000
2023-05-16,5493.2470703125,5539.800011586335,5423.417658401748,5446.694129038666,7533500
2023-05-17,5516.52294921875,5609.6288217794045,5516.52294921875,5516.52294921875,10772800
2023-05-19,5516.52294921875,5609.6288217794045,5469.970012938424,5516.52294921875,10078300
2023-05-22,5632.9052734375,5679.458209581612,5516.522933077222,5516.522933077222,9107600
2023-05-23,5539.79931640625,5656.181654986213,5539.79931640625,5632.90518727022,12953800
2023-05-24,5516.52294921875,5563.075885499077,5493.246481078587,5539.799417358914,5858500
2023-05-25,5493.2470703125,5563.076482223252,5493.2470703125,5493.2470703125,8174100
2023-05-26,5493.2470703125,5563.076482223252,5493.2470703125,5539.800011586335,4980200
2023-05-29,5493.2470703125,5539.800011586335,5400.141187764831,5493.2470703125,10150400
2023-05-30,5493.2470703125,5609.629423497087,5493.2470703125,5493.2470703125,6233800
2023-05-31,5400.14013671875,5539.798933358028,5400.14013671875,5516.522467251481,29085600
2023-06-05,5423.41748046875,5516.523359961776,5307.035131102468,5353.588070848981,12517800
2023-06-06,5446.69384765625,5493.2467865251065,5400.140908787393,5423.417378221821,7626500
2023-06-07,5446.69384765625,5493.2467865251065,5376.864439352965,5469.970317090678,8369100
2023-06-08,5469.97021484375,5493.2466838430855,5400.140807845744,5446.6937458444145,6741600
2023-06-09,5516.52294921875,5539.799417358914,5446.69354479826,5469.970012938424,5821700
2023-06-12,5632.9052734375,5632.9052734375,5516.522933077222,5539.799401149277,11212000
2023-06-13,5586.3525390625,5679.458414713542,5586.3525390625,5679.458414713542,8181800
2023-06-14,5563.076171875,5609.6291105517785,5516.5232331982215,5609.6291105517785,6593800
2023-06-15,5656.181640625,5679.458108281893,5563.075769997428,5563.075769997428,11462900
2023-06-16,5586.3525390625,5702.734883626303,5586.3525390625,5656.181945800781,13036700
2023-06-19,5586.3525390625,5679.458414713542,5539.7996012369795,5609.629007975261,8320300
2023-06-20,5609.62890625,5609.62890625,5539.799500778008,5609.62890625,3990100
2023-06-21,5609.62890625,5632.905374740664,5539.799500778008,5586.352437759337,6447000
2023-06-22,5609.62890625,5702.734780212656,5609.62890625,5609.62890625,10289000
2023-06-23,5702.73486328125,5795.840738600127,5632.905456792092,5632.905456792092,15710700
2023-06-26,5726.01171875,5819.117600355691,5702.735248348577,5726.01171875,10878200
2023-06-27,5656.181640625,5772.563978909465,5656.181640625,5772.563978909465,8246200
2023-07-03,5656.181640625,5702.734575938786,5632.905172968107,5632.905172968107,5357400
2023-07-04,5656.181640625,5702.734575938786,5609.628705311214,5656.181640625,4332800
2023-07-05,5749.28759765625,5749.28759765625,5632.905257622723,5656.181725629428,6148500
2023-07-06,5819.1171875,5819.1171875,5726.011312500001,5772.56425,9365300
2023-07-07,5982.05224609375,6028.605181861016,5772.56403514105,5819.116970908317,19887700
2023-07-10,5982.05224609375,6028.605181861016,5935.499310326483,6005.328713977383,9604700
2023-07-11,6098.4345703125,6121.71103813812,5982.052231184399,5982.052231184399,15507800
2023-07-12,6051.88232421875,6168.264676607572,6051.88232421875,6098.435265174279,11668100
2023-07-13,6261.3701171875,6261.3701171875,6075.158366490474,6075.158366490474,22427600
2023-07-14,6401.029296875,6447.582237215909,6261.370475852273,6331.199886363636,26507300
2023-07-17,6307.92333984375,6424.305689287362,6284.646869955028,6401.02921939864,12723700
2023-07-18,6307.92333984375,6377.7527495099175,6191.540990400139,6331.199809732472,10925700
2023-07-20,6238.09326171875,6354.475598691114,6238.09326171875,6307.922663902168,6440300
2023-07-21,6470.8583984375,6563.96427467401,6051.881955373201,6238.093707846223,29539000
2023-07-24,6470.8583984375,6587.2407437331385,6401.0289912601165,6470.8583984375,13990300
2023-07-25,6517.4111328125,6633.793474469866,6470.858196149553,6494.134664481026,13293800
2023-07-26,6354.47607421875,6563.964296445742,6331.199605082417,6540.687827309409,8358500
2023-07-27,6214.81689453125,6424.305104459269,6214.81689453125,6354.47570114993,9332800
2023-07-28,6284.646484375,6284.646484375,6144.987673611111,6191.540610532407,5518200
2023-07-31,6494.134765625,6494.134765625,6238.09360999104,6331.199484767025,10793100
2023-08-01,6261.3701171875,6401.028930210269,6238.093648350372,6401.028930210269,7657700
2023-08-02,6354.47607421875,6494.134889036744,6191.540790264423,6261.37019767342,16698300
2023-08-03,6726.8994140625,6750.17588262327,6377.7523856509515,6377.7523856509515,36491300
2023-08-04,6587.24072265625,6726.899536564157,6540.687784686948,6726.899536564157,12539100
2023-08-07,6470.8583984375,6633.793681851394,6401.0289912601165,6587.2407437331385,10112300
2023-08-08,6377.75244140625,6494.134785227532,6331.199503877737,6447.581847699019,12971800
2023-08-09,6214.81689453125,6447.58157222905,6144.98749122191,6377.75216891971,26885900
2023-08-10,6191.541015625,6284.64689555921,6191.541015625,6214.8174856085525,7660700
2023-08-11,6261.3701171875,6307.923054861757,6214.817179513244,6238.093648350372,7848200
2023-08-14,6377.75244140625,6377.75244140625,6238.093628820711,6307.92303511348,7277300
2023-08-15,6377.75244140625,6424.305378934762,6307.92303511348,6377.75244140625,5339200
2023-08-16,6447.58154296875,6447.58154296875,6307.922736983867,6377.752139976309,3655100
2023-08-18,6261.3701171875,6447.581867884526,6238.093648350372,6447.581867884526,9581000
2023-08-21,6238.09326171875,6331.199131296641,6214.816794324277,6261.369729113223,11999800
2023-08-22,6284.646484375,6331.199421296296,6238.093547453704,6238.093547453704,5463900
2023-08-23,6261.3701171875,6354.475992536013,6261.3701171875,6284.646586024628,6978300
2023-08-24,6401.029296875,6517.411647727273,6284.646946022727,6284.646946022727,19141200
2023-08-25,6401.029296875,6517.411647727273,6401.029296875,6424.305767045455,7441100
2023-08-28,6377.75244140625,6470.8583164632755,6377.75244140625,6470.8583164632755,1918600
2023-08-29,6401.029296875,6447.582237215909,6354.476356534091,6401.029296875,5150200
2023-08-30,6401.029296875,6470.858707386364,6377.752826704545,6424.305767045455,6141100
2023-08-31,6331.19970703125,6447.582054586972,6307.923237520105,6424.305585075827,11044700
2023-09-01,6331.19970703125,6401.029115564683,6307.923237520105,6354.476176542395,3905100
2023-09-04,6307.92333984375,6470.858629064806,6284.646869955028,6354.476279621195,5524700
2023-09-05,6494.134765625,6494.134765625,6331.199484767025,6331.199484767025,10340100
2023-09-06,6401.029296875,6494.135177556818,6401.029296875,6494.135177556818,4497200
2023-09-07,6401.029296875,6424.305767045455,6331.199886363636,6401.029296875,3496800
2023-09-08,6447.58154296875,6447.58154296875,6331.1992046480145,6401.028607640456,4613000
2023-09-11,6610.51708984375,6610.51708984375,6424.305340834067,6447.581809460277,8855600
2023-09-12,6540.68798828125,6610.5173974088075,6517.411518572064,6610.5173974088075,3803900
2023-09-13,6494.134765625,6563.964171706989,6447.581828237007,6540.687703012993,4196500
2023-09-14,6517.4111328125,6563.964069475446,6470.858196149553,6517.4111328125,5283600
2023-09-15,6517.4111328125,6540.687601143973,6424.305259486607,6540.687601143973,6661200
2023-09-18,6401.029296875,6540.688117897727,6401.029296875,6517.411647727273,5554500
2023-09-19,6377.75244140625,6494.134785227532,6377.75244140625,6424.305378934762,4817500
2023-09-20,6401.029296875,6470.858707386364,6377.752826704545,6401.029296875,7999500
2023-09-21,6424.3056640625,6470.858603657156,6377.752724467844,6424.3056640625,2866700
2023-09-22,6377.75244140625,6424.305378934762,6377.75244140625,6424.305378934762,3635800
2023-09-25,6191.541015625,6424.305715460526,6168.2645456414475,6377.752775493421,9659700
2023-09-26,6098.4345703125,6284.646312917462,6075.158102486879,6191.54044161498,8460800
2023-09-27,6098.4345703125,6191.54044161498,6051.881634661259,6098.4345703125,7265600
2023-09-29,5982.05224609375,6168.263989162816,5982.05224609375,6121.711053395549,6352400
2023-10-02,6028.60546875,6075.158406732625,5982.052530767374,6005.328999758687,4337800
2023-10-03,5958.77587890625,6051.88175201416,5935.4994106292725,6051.88175201416,5909100
2023-10-04,5865.669921875,5958.775793650793,5842.393453931051,5912.222857762897,10565200
2023-10-05,5819.1171875,5935.4995312500005,5795.840718750001,5935.4995312500005,8835500
2023-10-06,5912.22314453125,5982.052551750124,5819.11726823942,5819.11726823942,5913300
2023-10-09,6144.98779296875,6191.540730794271,5958.776041666667,5958.776041666667,9458700
2023-10-10,6121.71142578125,6261.370241578541,6121.71142578125,6144.987895080799,5242800
2023-10-11,6075.15869140625,6284.646922144397,6075.15869140625,6214.817511898348,5492100
2023-10-12,6098.4345703125,6238.093377266221,6098.4345703125,6121.71103813812,5090800
2023-10-13,6121.71142578125,6191.5408336798955,6075.158487182153,6168.264364380348,4250600
2023-10-16,6005.3291015625,6191.54085664971,5982.052632176599,6191.54085664971,4686800
2023-10-17,6121.71142578125,6168.264364380348,6005.329079283508,6075.158487182153,5030100
2023-10-18,5958.77587890625,6191.540561676025,5958.77587890625,6168.264093399048,7998500
2023-10-19,6028.60546875,6098.434875723938,5982.052530767374,6005.328999758687,5575000
2023-10-20,5958.77587890625,6051.88175201416,5912.222942352295,6028.605283737183,3398000
2023-10-23,5842.39404296875,6005.329335003735,5795.841102387326,5982.052864713023,5652500
2023-10-24,5888.9462890625,5935.499224153903,5842.393353971097,5842.393353971097,2349700
2023-10-25,5958.77587890625,6005.328815460205,5912.222942352295,5912.222942352295,3014600
2023-10-26,5819.1171875,5958.776,5726.011312500001,5958.776,6081400
2023-10-27,5749.28759765625,5865.669937689778,5749.28759765625,5865.669937689778,3376200
2023-10-30,5679.4580078125,5749.2874095479,5609.628606077101,5726.010942302767,3971400
2023-10-31,5679.4580078125,5749.2874095479,5586.352138831968,5679.4580078125,5559900
2023-11-01,5632.9052734375,5795.8405499418905,5586.352337293389,5749.287613797779,8358700
2023-11-02,5819.1171875,5865.670125000001,5702.73484375,5702.73484375,6474600
2023-11-03,5772.564453125,5912.223270539314,5749.287983555947,5865.670331401209,4991900
2023-11-06,6028.60546875,6051.881937741313,5819.117247828185,5819.117247828185,8153900
2023-11-07,6005.3291015625,6051.8820403343025,5958.7761627906975,6028.605570948402,5863100
2023-11-08,5912.22314453125,6051.8819589689965,5865.670206385335,6051.8819589689965,9556800
2023-11-09,5935.49951171875,6051.881855085785,5935.49951171875,5935.49951171875,4695800
2023-11-10,5842.39404296875,5935.499924131598,5819.1175726780375,5935.499924131598,2995900
2023-11-13,5912.22314453125,5935.499613604208,5819.11726823942,5842.393737312377,1826700
2023-11-14,5795.8408203125,5935.499635259789,5795.8408203125,5888.946696944026,2158400
2023-11-15,5842.39404296875,5912.223453840887,5795.841102387326,5865.670513259462,3832600
2023-11-16,5842.39404296875,5912.223453840887,5795.841102387326,5842.39404296875,3552100
2023-11-17,6168.26416015625,6168.26416015625,5842.393600751769,5842.393600751769,9220400
2023-11-20,6238.09326171875,6261.369729113223,6098.434457351912,6168.263859535331,8561000
2023-11-21,6168.26416015625,6238.0935657429245,6098.4347545695755,6238.0935657429245,3785000
2023-11-22,6005.3291015625,6168.264387263808,5935.499693404797,6168.264387263808,5365200
2023-11-23,6005.3291015625,6098.434979106105,6005.3291015625,6028.605570948402,3894100
2023-11-24,5982.05224609375,6098.434585511916,5958.775778210116,6098.434585511916,1115600
2023-11-27,6051.88232421875,6121.711735652044,5958.776442307692,5958.776442307692,3589300
2023-11-28,5958.77587890625,6121.711156845093,5958.77587890625,6075.158220291138,3992100
2023-11-29,5958.77587890625,6028.605283737183,5912.222942352295,5958.77587890625,2618000
2023-11-30,6051.88232421875,6051.88232421875,5865.670560396635,5958.776442307692,12981100
2023-12-01,6098.4345703125,6191.54044161498,5958.775763358779,5982.052231184399,7693300
2023-12-04,6005.3291015625,6168.264387263808,6005.3291015625,6098.434979106105,3688400
2023-12-05,5935.49951171875,6028.605386412378,5865.670105698529,5982.052449065564,4266500
2023-12-06,5982.05224609375,6005.328713977383,5912.2228424428495,5935.499310326483,3683400
2023-12-07,5865.669921875,5982.052261594742,5795.840518043155,5958.775793650793,5695700
2023-12-08,5865.669921875,5888.946389818948,5819.116985987103,5865.669921875,2601700
2023-12-11,5702.73486328125,5865.670145089286,5656.181925621811,5819.1172074298465,8210100
2023-12-12,5749.28759765625,5842.393469683072,5702.7346616428395,5726.011129649545,3726500
2023-12-13,5795.8408203125,5819.117289470381,5702.7349436809745,5795.8408203125,2625800
2023-12-14,5749.28759765625,5842.393469683072,5749.28759765625,5772.564065662956,3743900
2023-12-15,5772.564453125,5795.840922694052,5702.735044417843,5772.564453125,6326000
2023-12-18,5702.73486328125,5772.564269770408,5702.73486328125,5772.564269770408,4222700
2023-12-19,5749.28759765625,5749.28759765625,5679.458193636134,5726.011129649545,2738700
2023-12-20,5795.8408203125,5842.393758628264,5726.011412838856,5726.011412838856,3960700
2023-12-21,5726.01171875,5842.394070757114,5726.01171875,5772.564659552845,5001700
2023-12-22,5842.39404296875,5888.946983550174,5726.011691515189,5726.011691515189,6519900
2023-12-27,5842.39404296875,5912.223453840887,5819.1175726780375,5865.670513259462,1616900
2023-12-28,5842.39404296875,5888.946983550174,5819.1175726780375,5842.39404296875,2850700
2023-12-29,5958.77587890625,6005.328815460205,5795.840600967407,5842.393537521362,7400100
2024-01-02,6028.60546875,6028.60546875,5912.223123793436,5958.776061776061,2082000
2024-01-03,5982.05224609375,6028.605181861016,5958.775778210116,6028.605181861016,2195500
2024-01-04,6028.60546875,6098.434875723938,5935.4995927847485,5982.052530767374,3422700
2024-01-05,5935.49951171875,6098.434792432598,5912.223043045344,6028.605386412378,6862900
2024-01-08,5819.1171875,5935.4995312500005,5819.1171875,5935.4995312500005,3444200
2024-01-09,5865.669921875,5912.222857762897,5819.116985987103,5842.393453931051,3325900
2024-01-10,5888.9462890625,5982.052159245307,5865.669821516799,5865.669821516799,2805100
2024-01-11,5819.1171875,5982.05246875,5819.1171875,5888.94659375,4454500
2024-01-12,5842.39404296875,5865.670513259462,5795.841102387326,5842.39404296875,6964200
2024-01-15,5842.39404296875,5912.223453840887,5795.841102387326,5842.39404296875,10243600
2024-01-16,5749.28759765625,5842.393469683072,5749.28759765625,5842.393469683072,5540200
2024-01-17,5656.181640625,5772.563978909465,5632.905172968107,5749.287511252572,8261700
2024-01-18,5632.9052734375,5702.734677653668,5609.628805365444,5656.181741509557,6687800
2024-01-19,5632.9052734375,5679.458209581612,5609.628805365444,5632.9052734375,3927900
2024-01-22,5586.3525390625,5679.458414713542,5539.7996012369795,5656.181945800781,6356700
2024-01-23,5563.076171875,5609.6291105517785,5446.693825183054,5586.35264121339,6396200
2024-01-24,5609.62890625,5632.905374740664,5469.970095306016,5539.799500778008,5632100
2024-01-25,5726.01171875,5795.841129954269,5632.905837144309,5632.905837144309,8009900
2024-01-26,5749.28759765625,5772.564065662956,5679.458193636134,5749.28759765625,3471500
2024-01-29,5772.564453125,5772.564453125,5702.735044417843,5772.564453125,3629600
2024-01-30,5749.28759765625,5795.840533669661,5726.011129649545,5772.564065662956,2735700
2024-01-31,5772.564453125,5865.670331401209,5726.011513986895,5726.011513986895,7377600
2024-02-01,5888.9462890625,5888.9462890625,5772.563951333992,5772.563951333992,7816800
2024-02-02,5888.9462890625,5958.775691699605,5795.840418879694,5888.9462890625,8590800
2024-02-05,5842.39404296875,5912.223453840887,5795.841102387326,5888.946983550174,6680200
2024-02-06,5819.1171875,5888.94659375,5772.56425,5865.670125000001,3813300
2024-02-07,5726.01171875,5865.670541158536,5726.01171875,5819.117600355691,6746700
2024-02-12,5772.564453125,5865.670331401209,5679.45857484879,5749.287983555947,6269900
2024-02-13,5726.01171875,5819.117600355691,5726.01171875,5795.841129954269,5147900
2024-02-15,6051.88232421875,6051.88232421875,5865.670560396635,5888.947030874399,41566100
2024-02-16,6051.88232421875,6098.435265174279,5958.776442307692,6075.158794696515,14152200
2024-02-19,5888.9462890625,6005.328626791008,5865.669821516799,6005.328626791008,7943500
2024-02-20,5842.39404296875,5935.499924131598,5842.39404296875,5912.223453840887,6343500
2024-02-21,5795.8408203125,5865.670227786145,5702.7349436809745,5865.670227786145,10759500
2024-02-22,5726.01171875,5795.841129954269,5632.905837144309,5726.01171875,13162700
2024-02-23,5679.4580078125,5749.2874095479,5632.905073322234,5726.010942302767,10246500
2024-02-26,5632.9052734375,5726.0111457257235,5632.9052734375,5702.734677653668,8463500
2024-02-27,5609.62890625,5656.1818432313285,5586.352437759337,5656.1818432313285,9191000
2024-02-28,5609.62890625,5656.1818432313285,5586.352437759337,5586.352437759337,5419400
2024-02-29,5679.4580078125,5679.4580078125,5586.352138831968,5632.905073322234,11254200
2024-03-01,5702.73486328125,5702.73486328125,5609.628987962373,5656.181925621811,7025300
2024-03-04,5632.9052734375,5702.734677653668,5632.9052734375,5702.734677653668,2352300
2024-03-05,5563.076171875,5656.182049228557,5563.076171875,5656.182049228557,5702200
2024-03-06,5539.79931640625,5586.352251838235,5516.522848690257,5563.075784122242,6309200
2024-03-07,5516.52294921875,5586.35235363924,5493.246481078587,5539.799417358914,5807900
2024-03-08,5493.2470703125,5539.800011586335,5493.2470703125,5539.800011586335,6695300
2024-03-13,5353.587890625,5469.970236073369,5307.034952445652,5446.693766983695,24346100
2024-03-14,5400.14013671875,5493.246001144936,5353.587204505658,5353.587204505658,11629200
2024-03-15,5446.69384765625,5446.69384765625,5330.3115004841075,5400.140908787393,9738500
2024-03-18,5307.03466796875,5423.417007178591,5307.03466796875,5423.417007178591,10812100
2024-03-19,5260.48193359375,5330.311339791897,5260.48193359375,5307.034871059182,11906500
2024-03-20,5330.31103515625,5353.587502558678,5260.481632948962,5260.481632948962,9986500
2024-03-21,5353.587890625,5400.140828804348,5307.034952445652,5353.587890625,13701500
2024-03-22,5400.14013671875,5446.693068931842,5330.310738399111,5330.310738399111,8651100
2024-03-25,5423.41748046875,5423.41748046875,5353.588070848981,5423.41748046875,11249800
2024-03-26,5446.69384765625,5469.970317090678,5353.587969918536,5469.970317090678,8430900
2024-03-27,5516.52294921875,5539.799417358914,5400.140608517932,5446.69354479826,9001800
2024-03-28,5493.2470703125,5539.800011586335,5423.417658401748,5516.523540949417,8128800
2024-04-01,5469.97021484375,5493.2466838430855,5307.034931848404,5493.2466838430855,7557200
2024-04-02,5376.8642578125,5423.417195109578,5330.311320515422,5423.417195109578,7609100
2024-04-03,5307.03466796875,5376.864071494654,5283.758200126782,5353.587603652686,5994400
2024-04-04,5307.03466796875,5330.311135810718,5283.758200126782,5307.03466796875,4941600
2024-04-05,5260.48193359375,5307.034871059182,5260.48193359375,5307.034871059182,5768800
2024-04-16,5190.65234375,5260.481747477578,5120.822940022422,5260.481747477578,16305200
2024-04-17,4981.1640625,5190.652270735981,4981.1640625,5167.375803154206,11729200
2024-04-18,4981.1640625,5050.993465245327,4934.611127336449,4981.1640625,7719100
2024-04-19,4725.123046875,5004.440665409483,4725.123046875,4981.164197198276,16105100
2024-04-22,4678.5703125,4841.505597014925,4636.672667910448,4748.399720149254,16088400
2024-04-23,4543.56640625,4748.399318007172,4515.6346455558405,4678.569916271773,23190300
2024-04-24,4469.08154296875,4636.672100830078,4450.460369873047,4562.187408447266,18681800
2024-04-25,4469.08154296875,4543.566235351563,4422.528610229492,4469.08154296875,18056300
2024-04-26,4264.2490234375,4487.703120735535,4264.2490234375,4469.081945960698,22366700
2024-04-29,4301.49169921875,4413.2187563413145,4282.8705230316555,4301.49169921875,21495900
2024-04-30,4348.04443359375,4366.66560889822,4301.491495332575,4301.491495332575,24647500
2024-05-02,4413.21826171875,4422.528848768789,4329.422978268394,4357.3547394185125,20484200
2024-05-03,4310.80224609375,4422.529302148016,4310.80224609375,4413.218714143493,13946100
2024-05-06,4375.97607421875,4385.286661610705,4310.801962475067,4348.044312042885,13406400
2024-05-07,4375.97607421875,4413.2184237865695,4366.665486826795,4375.97607421875,8058800
2024-05-08,4171.14306640625,4385.286572047642,4143.2113048008505,4385.286572047642,22529600
2024-05-13,4078.036865234375,4180.45331618775,4050.1051058834546,4161.832143287136,30089700
2024-05-14,3929.06787109375,4087.347856422171,3919.75728372149,4087.347856422171,35689600
2024-05-15,3835.962158203125,3919.757448066786,3780.0986316273516,3891.825684778899,39417100
2024-05-16,3916.5048828125,4125.638638690837,3840.4562443112864,3868.9744837492412,47082600
2024-05-17,3859.46826171875,3935.5168974176418,3859.46826171875,3897.4925795681957,32411400
2024-05-20,3792.92578125,3840.456179511278,3773.9136219454886,3802.4318609022557,28480300
2024-05-21,3792.92578125,3878.4804981203006,3783.4197015977443,3802.4318609022557,20008900
2024-05-22,3754.901611328125,3830.9502515575555,3707.371211184731,3783.4198514141613,21807200
2024-05-27,3574.285888671875,3792.925716968293,3574.285888671875,3716.877081039104,42613300
2024-05-28,3593.298095703125,3669.3467326492228,3574.2859364666006,3593.298095703125,20602200
2024-05-29,3574.285888671875,3602.8041271453208,3526.7554912161318,3593.298047654172,18878100
2024-05-30,3507.743408203125,3602.804205173399,3488.73124880907,3574.285966082317,43930000
2024-05-31,3317.621826171875,3469.7191018702993,3317.621826171875,3450.706942407996,290449700
2024-06-03,3374.658203125,3412.68252090669,3241.5730908890846,3336.63388534331,70088100
2024-06-04,3640.828369140625,3859.4681928749183,3355.645990356764,3384.16422823515,142238100
2024-06-05,3669.346923828125,3792.925965304202,3583.7922028062258,3707.3712442823025,95511400
2024-06-06,3754.901611328125,3840.4563315862342,3688.3590511273733,3697.865131156052,62672100
2024-06-07,3811.93798828125,3916.504865765274,3764.4075894248754,3802.431908509975,58719100
2024-06-10,3897.49267578125,3945.023074266387,3821.44403820503,3849.9622772961125,37510400
2024-06-11,3688.359130859375,3945.0232971820637,3678.8530506252014,3897.492896011195,89001000
2024-06-12,3431.69482421875,3707.371139737708,3393.670504836825,3697.865059892227,69083400
2024-06-13,3479.225341796875,3602.804383991846,3441.2010211214993,3460.213181459187,51881200
2024-06-14,3270.09130859375,3517.2493726153702,3251.079149822856,3488.73113445903,38426200
2024-06-19,3336.634033203125,3403.176592269854,3279.5975540030718,3308.115793603098,66326000
2024-06-20,3327.1279296875,3450.706967075893,3327.1279296875,3374.658328683036,41238000
2024-06-21,3517.24951171875,3536.261671241554,3260.585358160895,3327.127916490709,64506600
2024-06-24,3507.743408203125,3593.2981254763718,3498.2373285060976,3536.2616472942073,35053400
2024-06-25,3479.225341796875,3526.755742641095,3403.176700446124,3517.2496624722507,35154300
2024-06-26,3450.70703125,3545.767831008953,3441.2009512741047,3479.225271177686,18688000
2024-06-27,3422.188720703125,3498.237358940972,3374.6583218044702,3469.7191196017793,21756600
2024-06-28,3545.767822265625,3593.298222027899,3422.1887828837134,3422.1887828837134,46235100
2024-07-01,3726.38330078125,3735.8893806301817,3593.298182896205,3602.804262745137,37021100
2024-07-02,3764.407470703125,3792.9257091175427,3659.8405965169272,3754.9013912316527,36443900
2024-07-03,3840.456298828125,3849.9623787757196,3764.4076592473702,3792.9258990901535,39198700
2024-07-04,3745.3955078125,3897.492787317576,3735.8894278434327,3849.96238747224,33469800
2024-07-05,3754.901611328125,3802.4320114715188,3707.371211184731,3745.3955312994462,12150300
2024-07-08,3992.5537109375,4011.565871465774,3754.9017043340773,3754.9017043340773,41513500
2024-07-09,3973.54150390625,4030.5779848235643,3906.9989428360495,4011.565824517793,36592700
2024-07-10,3849.96240234375,4230.205602575231,3849.96240234375,3973.541442418981,105896800
2024-07-11,3811.93798828125,3945.0231050790994,3783.419748967425,3802.431908509975,52636300
2024-07-12,3887.98681640625,3916.505057113386,3830.9503349919773,3840.4564152276894,20073800
2024-07-15,3859.46826171875,3964.035135804726,3830.9500233316658,3906.998659030557,23445300
2024-07-16,3859.46826171875,3916.5047384929185,3849.9621822563886,3887.9865001058342,16038800
2024-07-17,3868.974609375,3916.5050099815726,3849.962449132371,3916.5050099815726,13397200
2024-07-18,3878.48046875,3954.529105392157,3868.9743891697303,3868.9743891697303,21104000
2024-07-19,3859.46826171875,3906.998659030557,3840.456102794027,3887.9865001058342,15604900
2024-07-22,3916.5048828125,3954.529202063107,3859.4684039365898,3887.9866433745447,13226200
2024-07-23,3859.46826171875,3945.022976880003,3859.46826171875,3926.0108179552803,15155900
2024-07-24,3859.46826171875,3897.4925795681957,3840.456102794027,3878.480420643473,7936900
2024-07-25,3783.419677734375,3878.4804736573496,3707.371040995996,3849.9622348804573,31301800
2024-07-26,3811.93798828125,3868.9744669088996,3783.419748967425,3792.9258287387,8829600
2024-07-29,3792.92578125,3878.4804981203006,3783.4197015977443,3830.9500998590224,12987500
2024-07-30,3707.37109375,3821.4440504807694,3707.37109375,3802.431891025641,10885100
2024-07-31,3716.877197265625,3745.3954366308344,3688.3589579004156,3716.877197265625,9188200
2024-08-01,3659.840576171875,3688.35881442776,3545.767623148336,3593.2980202414774,30671900
2024-08-02,3669.346923828125,3754.9016448500242,3631.3226033739475,3659.8408437145804,14597400
2024-08-05,3593.298095703125,3669.3467326492228,3564.779856848338,3669.3467326492228,18686600
2024-08-06,3602.804443359375,3697.86524661424,3583.792282708402,3631.3226843358348,18645000
2024-08-07,3593.298095703125,3659.8406530309608,3593.298095703125,3612.3102549396494,14092800
2024-08-08,3564.780029296875,3612.3104296875,3555.2739492187497,3593.29826953125,14213100
2024-08-09,3583.792236328125,3650.3347977453577,3583.792236328125,3583.792236328125,11419400
2024-08-12,3650.334716796875,3650.334716796875,3593.298236846924,3593.298236846924,9331500
2024-08-13,3802.431884765625,3830.950123901367,3640.828529663086,3659.840689086914,34882400
2024-08-14,3859.46826171875,3916.5047384929185,3821.4439438693043,3840.456102794027,27492300
2024-08-15,3811.93798828125,3897.4927062227243,3802.431908509975,3868.9744669088996,15306900
2024-08-16,3849.96240234375,3878.4806423611108,3830.9502423321755,3830.9502423321755,10111100
2024-08-19,3926.010986328125,4002.059625288476,3859.468427237818,3859.468427237818,31920100
2024-08-20,3954.529296875,3983.047536996695,3916.5049767127402,3954.529296875,15804300
2024-08-21,3868.974609375,3983.047570830774,3868.974609375,3973.5414907094596,13932800
2024-08-22,3802.431884765625,3859.4683630371096,3792.925805053711,3859.4683630371096,13794300
2024-08-23,3840.456298828125,3878.480618618503,3821.4441389329363,3821.4441389329363,6368700
2024-08-26,3811.93798828125,3868.9744669088996,3811.93798828125,3840.456227595075,13315200
2024-08-27,3773.91357421875,3830.950051410973,3754.9014151546758,3811.9378923468985,17533300
2024-08-28,3821.444091796875,3830.9501716272152,3773.9136926451724,3783.419772475513,7746300
2024-08-29,3821.444091796875,3926.0109699306204,3821.444091796875,3849.962331287896,23427300
2024-08-30,3811.93798828125,3859.4683871376246,3802.431908509975,3849.9623073663497,9952200
2024-09-02,3887.98681640625,3926.011137349098,3821.444254756265,3830.9503349919773,17321400
2024-09-03,3830.9501953125,3926.010994203629,3830.9501953125,3906.998834425403,7541300
2024-09-04,3783.419677734375,3840.4561552881596,3783.419677734375,3821.443996103565,8886200
2024-09-05,3830.9501953125,3878.4805947580644,3783.419795866935,3792.9258757560483,8784000
2024-09-06,3821.444091796875,3887.986650609258,3821.444091796875,3830.9501716272152,9203800
2024-09-09,3802.431884765625,3859.4683630371096,3754.901486206055,3840.4562036132816,9583300
2024-09-10,3802.431884765625,3830.950123901367,3792.925805053711,3830.950123901367,4099100
2024-09-11,3773.91357421875,3868.9743695391217,3754.9014151546758,3802.4318128148616,12607500
2024-09-12,3764.407470703125,3802.4317885890155,3764.407470703125,3773.9135501745977,8294200
2024-09-13,3754.901611328125,3792.92593144284,3754.901611328125,3764.4076913568038,7673000
2024-09-17,3764.407470703125,3802.4317885890155,3754.9013912316527,3754.9013912316527,4946300
2024-09-18,3716.877197265625,3792.9258355728502,3697.865037688819,3773.913675996044,9065000
2024-09-19,3697.864990234375,3735.889308900024,3688.3589105679625,3726.383229233612,11076600
2024-09-20,3716.877197265625,3735.8893568424314,3697.865037688819,3697.865037688819,9859300
2024-09-23,3640.828369140625,3735.8891620685786,3631.3222898478293,3716.8770034829877,16752800
2024-09-24,3631.322509765625,3669.346829239611,3621.8164298971287,3631.322509765625,12538400
2024-09-25,3678.852783203125,3678.852783203125,3621.8163059441617,3640.8284650304827,12116400
2024-09-26,3707.37109375,3735.8893329326925,3650.3346153846155,3678.852854567308,11114800
2024-09-27,3659.840576171875,3735.889211520901,3659.840576171875,3726.383132102273,10839900
2024-09-30,3602.804443359375,3669.3470056377805,3574.2862023829157,3669.3470056377805,13169500
2024-10-01,3688.359130859375,3707.3712913277222,3583.792248283465,3583.792248283465,11367300
2024-10-02,3707.37109375,3754.901492387821,3669.346774839744,3688.358934294872,11369300
2024-10-03,3840.456298828125,3859.4684587233137,3716.8772595093983,3716.8772595093983,26774700
2024-10-04,3830.9501953125,3878.4805947580644,3802.431955645161,3859.4684349798385,14116000
2024-10-07,3830.9501953125,3849.962355090726,3792.9258757560483,3840.4562752016127,7161600
2024-10-08,3821.444091796875,3840.456251457556,3773.9136926451724,3830.9501716272152,7285700
2024-10-09,3811.93798828125,3897.4927062227243,3811.93798828125,3830.9501478238,13583800
2024-10-10,3849.96240234375,3849.96240234375,3773.9137622974536,3821.444162326389,12321200
2024-10-11,4097.1201171875,4097.1201171875,3811.93774244127,3849.962059074101,42520100
2024-10-14,3935.51708984375,4173.16908802272,3926.011009916591,4116.132608459768,34703500
2024-10-15,4011.565673828125,4049.58999301133,3945.0231152575166,3954.529195053318,17690100
2024-10-16,4116.1328125,4201.68753608545,4011.5659281177827,4021.0720085161665,40382000
2024-10-17,4344.2783203125,4372.796558739059,4154.156730802106,4154.156730802106,45368500
2024-10-18,4296.748046875,4420.327083621405,4239.71156837666,4344.278445623618,20375800
2024-10-21,4192.18115234375,4344.278427712231,4192.18115234375,4306.254108870111,12872800
2024-10-22,4097.1201171875,4201.686987927784,4068.601879712877,4173.168750453161,21642900
2024-10-23,4068.60205078125,4144.650687244451,4030.5777325496497,4097.120289454951,11976300
2024-10-24,4078.1083984375,4116.1327191688515,4040.0840777061476,4068.602318254662,7772400
2024-10-25,4173.1689453125,4182.675024914579,4059.095990087557,4078.108149291714,15277100
2024-10-28,3935.51708984375,4192.181247877038,3926.011009916591,4173.16908802272,29216500
2024-10-29,3906.998779296875,3964.0352578267566,3859.468380521974,3935.517018561816,28652600
2024-10-30,3716.877197265625,3906.998793033688,3688.3589579004156,3906.998793033688,39194600
2024-10-31,3754.901611328125,3830.9502515575555,3659.840811041337,3716.8772912134095,27690000
2024-11-01,3621.81640625,3792.9258427657483,3621.81640625,3754.901523540026,22623200
2024-11-04,3431.69482421875,3640.8285808193386,3431.69482421875,3621.816421128376,29707200
2024-11-05,3450.70703125,3498.2374311294766,3431.6948712982094,3431.6948712982094,9901600
2024-11-06,3469.718994140625,3545.7676296286386,3450.7068352686215,3450.7068352686215,10907800
2024-11-07,3479.225341796875,3517.2496624722507,3469.7192616280313,3498.237502134563,7329900
2024-11-08,3450.70703125,3507.743511105372,3450.70703125,3488.7313511535813,5170300
2024-11-11,3374.658203125,3450.7068386883802,3308.1156470070423,3450.7068386883802,16016400
2024-11-12,3422.188720703125,3488.731279161241,3336.634002685547,3374.6583218044702,12596800
2024-11-13,3507.743408203125,3507.743408203125,3403.176531535823,3422.188690929878,5542000
2024-11-14,3450.70703125,3517.249591081267,3450.70703125,3517.249591081267,5105100
2024-11-15,3365.15234375,3479.2253045550847,3365.15234375,3450.7070643538136,4684600
2024-11-18,3374.658203125,3393.670362015845,3308.1156470070423,3374.658203125,5202000
2024-11-19,3498.237548828125,3517.2497094195824,3374.658504983653,3374.658504983653,7248500
2024-11-20,3441.200927734375,3574.286046486533,3441.200927734375,3507.743487110454,8908100
2024-11-21,3422.188720703125,3469.7191196017793,3412.682640923394,3460.2130398220484,4399000
2024-11-22,3412.6826171875,3488.7312548964137,3412.6826171875,3422.1886969011143,3858400
2024-11-25,3469.718994140625,3517.2493913206335,3412.6825175246145,3422.1885969606165,5313900
2024-11-26,3422.188720703125,3536.261678059896,3422.188720703125,3488.731279161241,5081100
2024-11-28,3431.69482421875,3517.2495428280818,3422.188744373269,3441.2009040642315,8178400
2024-11-29,3327.1279296875,3460.213046875,3317.621849888393,3450.706967075893,7413800
2024-12-02,3251.0791015625,3365.1520524945176,3251.0791015625,3327.1277355171783,5879700
2024-12-03,3127.500244140625,3298.6096799902643,3117.994164371201,3251.0792811431425,22354700
2024-12-04,3270.09130859375,3270.09130859375,3146.5122765829396,3146.5122765829396,19718800
2024-12-05,3203.548828125,3260.5853057770773,3194.0427485163204,3260.5853057770773,6901600
2024-12-06,3117.994140625,3213.054937595274,3098.981981230945,3203.5488578982468,19594300
2024-12-09,3146.51220703125,3165.524365381892,3108.487890329966,3127.500048680608,10425600
2024-12-10,3146.51220703125,3184.536523732534,3146.51220703125,3165.524365381892,9854000
2024-12-11,3270.09130859375,3279.597387979197,3146.5122765829396,3146.5122765829396,15160800
2024-12-12,3213.05517578125,3346.1403014053253,3194.0430149778103,3289.1038189950073,11730700
2024-12-13,3232.067138671875,3270.091457950368,3203.548899213006,3203.548899213006,6867400
2024-12-16,3194.04296875,3251.0794503348216,3175.030808221726,3232.0672898065477,4345600
2024-12-17,3127.500244140625,3222.5610418348692,3117.994164371201,3194.042802526596,7382900
2024-12-18,3213.05517578125,3222.5612561829694,3137.0065325674923,3146.512612969212,10466100
2024-12-19,3117.994140625,3184.536698504192,3098.981981230945,3184.536698504192,6603300
2024-12-20,3098.98193359375,3156.018410899156,3098.98193359375,3117.994092695552,7533200
2024-12-23,3184.53662109375,3194.0427005597016,3060.9575880363805,3137.0062237639927,13913800
2024-12-24,3079.9697265625,3184.5365999951773,3079.9697265625,3184.5365999951773,6957200
2024-12-27,3137.00634765625,3165.5245871803977,3089.475948449337,3089.475948449337,10314000
2024-12-30,3127.500244140625,3184.5367227571714,3108.4880846017763,3184.5367227571714,5280100
2025-01-02,3117.994140625,3156.0184594131097,3098.981981230945,3156.0184594131097,3218900
2025-01-03,3108.48828125,3184.5369242163606,3098.982200879205,3137.006522362385,4297600
2025-01-06,3060.957763671875,3127.5003237516985,3060.957763671875,3117.994243740295,6742200
2025-01-07,3022.933349609375,3089.4759076196447,3022.933349609375,3070.463748188139,4344300
2025-01-08,2899.354248046875,3051.4515200755636,2889.848168545082,3032.4393610719776,11759800
2025-01-09,2823.305908203125,2937.3788741911303,2823.305908203125,2899.3545521951282,10586500
2025-01-10,2832.811767578125,2908.8604056339136,2823.3056878211514,2823.3056878211514,6219300
2025-01-13,2775.775146484375,2842.3177013658496,2756.762987946811,2832.811622097068,6333400
2025-01-14,2642.690185546875,2823.305701825259,2595.159786526248,2775.7753028046313,17575500
2025-01-15,2737.7509765625,2766.269215901693,2652.196258544922,2652.196258544922,16658700
2025-01-16,2709.232666015625,2794.7873817845393,2709.232666015625,2756.763063665022,8767700
2025-01-17,2709.232666015625,2766.269143194901,2680.7144274259867,2718.738745545504,5646600
2025-01-20,2794.787353515625,2842.317750684258,2709.2326386120853,2709.2326386120853,11313900
2025-01-21,2861.329833984375,2880.34199234972,2804.293358888341,2813.7994380710134,9357500
2025-01-22,2804.293701171875,2908.8605849443857,2794.7876208289194,2889.8484242584746,7509300
2025-01-23,2842.31787109375,2946.8847492945233,2823.305711420882,2823.305711420882,8701500
2025-01-24,2794.787353515625,2870.835988985438,2785.281274081898,2842.317750684258,5475200
2025-01-30,2699.726806640625,2794.787609691351,2671.208565725407,2785.2815293862786,9609700
2025-01-31,2671.20849609375,2775.7753767237546,2671.20849609375,2709.2328163228426,9236000
2025-02-03,2623.677978515625,2671.20837667714,2576.1475803541102,2671.20837667714,12298300
2025-02-04,2737.7509765625,2737.7509765625,2585.6537000868057,2652.196258544922,12117000
2025-02-05,2737.7509765625,2785.2813754611543,2699.726657443576,2709.232737223307,6613400
2025-02-06,2633.18408203125,2747.2570386535426,2604.665842875677,2737.750958935018,11650400
2025-02-07,2566.6416015625,2633.184161603009,2528.6172815393516,2633.184161603009,9248600
2025-02-10,2519.111083984375,2595.1597204820164,2481.0867657355543,2576.1475613576063,8640700
2025-02-11,2462.07470703125,2519.1111867308155,2443.0625471313947,2519.1111867308155,10123000
2025-02-12,2424.05029296875,2500.098929610907,2395.532054227941,2462.074611289828,13190600
2025-02-13,2519.111083984375,2623.6779591686322,2357.507731426887,2424.050288362323,16559000
2025-02-14,2652.1962890625,2652.1962890625,2490.5929309475805,2519.111170614919,13262300
2025-02-17,2652.1962890625,2690.2206086189517,2585.6537298387098,2652.1962890625,11248600
2025-02-18,2661.702392578125,2709.2327924455913,2642.6902326311383,2661.702392578125,7857500
2025-02-19,2690.220458984375,2756.763014506957,2614.1718241014246,2661.7022209032684,10829300
2025-02-20,2642.690185546875,2709.2327441757534,2566.6415471138716,2690.2205845675026,12194100
2025-02-21,2652.1962890625,2718.7388482862902,2585.6537298387098,2623.678049395161,6247600
2025-02-24,2642.690185546875,2718.738823979879,2576.147626917997,2623.678025938624,7507200
2025-02-25,2652.1962890625,2680.7145287298385,2595.1598097278224,2661.7023689516127,10101100
2025-02-26,2547.62939453125,2652.1962726649954,2471.5807558885263,2642.6901928346547,10520700
2025-02-27,2462.07470703125,2576.1476664303814,2462.07470703125,2547.6294265805986,6046700
2025-02-28,2214.91650390625,2471.5806481357295,2195.9043450744366,2462.0745687198228,21236700
2025-03-03,2224.422607421875,2290.9651640541533,2176.8922098273906,2281.4590845352564,18668100
2025-03-04,2100.843505859375,2252.940773251909,2100.843505859375,2224.422535615809,29970700
2025-03-05,2157.880126953125,2205.41052622522,2034.3010888456772,2119.8558075354485,34627600
2025-03-06,2214.91650390625,2262.446900985783,2138.867868578997,2157.88002741081,28688700
2025-03-07,2243.434814453125,2300.471292786679,2233.928734730866,2243.434814453125,13484200
2025-03-10,2319.4833984375,2357.507716444672,2224.42260341957,2233.928682921363,18436100
2025-03-11,2214.91650390625,2281.4590598175964,2186.39826565853,2262.446900985783,11714000
2025-03-12,2224.422607421875,2252.940845978566,2195.904368865184,2205.410448384081,10723700
2025-03-13,2214.91650390625,2262.446900985783,2157.88002741081,2233.9286627380634,9211600
2025-03-14,2148.3740234375,2195.9044221861172,2110.3497044386063,2195.9044221861172,8492600
2025-03-17,2148.3740234375,2167.386182936947,2100.8436246888828,2148.3740234375,9282800
2025-03-18,2100.843505859375,2243.4346940398755,1996.276634527008,2167.3860603436087,17979300
2025-03-19,2119.855712890625,2167.386110040639,2091.3374746006166,2100.8435540306195,9172700
2025-03-20,2138.867919921875,2157.880079210069,2091.3375217013886,2138.867919921875,6095400
2025-03-21,2015.288818359375,2148.373929005749,2015.288818359375,2138.867849673865,13888000
2025-03-24,2110.349853515625,2129.362014358108,2034.3012101456925,2043.8072905669342,9540600
2025-03-25,2386.02587890625,2424.0501957015686,2129.3617405378486,2129.3617405378486,21358000
2025-03-26,2614.171875,2652.196193181818,2386.0259659090907,2405.038125,27623700
2025-03-27,2519.111083984375,2652.1961978552476,2490.5928452977596,2614.171879606427,13084200
2025-04-08,2148.3740234375,2195.9044221861172,2148.3740234375,2195.9044221861172,10507400
2025-04-09,1986.770751953125,2100.843713787754,1967.7585916473533,2091.3376336348683,20082600
2025-04-10,2053.313232421875,2176.892269558377,2034.301072862413,2100.8436313205293,21439000
2025-04-11,2034.301025390625,2081.8314231801255,2005.7827867169246,2034.301025390625,11548600
2025-04-14,2338.49560546875,2338.49560546875,2043.8071348608994,2053.3132145579266,34753800
2025-04-15,2376.52001953125,2462.074740234375,2367.0139394531247,2367.0139394531247,25653600
2025-04-16,2328.98974609375,2424.0505520567604,2328.98974609375,2424.0505520567604,10412900
2025-04-17,2328.98974609375,2395.532310267857,2309.977584901148,2328.98974609375,13460000
2025-04-21,2252.94091796875,2357.5077960179324,2224.422678500791,2348.001716195279,10664700
2025-04-22,2414.54443359375,2424.0505140409696,2262.447146438238,2262.447146438238,14140300
2025-04-23,2424.05029296875,2462.074611289828,2405.0381338082107,2452.5685317095586,10682400
2025-04-24,2405.0380859375,2538.1231974123025,2376.519847764328,2424.0502447196145,18715300
2025-04-25,2471.58056640625,2481.0866455078126,2395.53193359375,2424.0501708984375,7634500
2025-04-28,2443.0625,2519.1111381322958,2443.0625,2490.5928988326846,6544300
2025-04-29,2433.556640625,2566.6417694091797,2414.544479370117,2452.568801879883,13809000
2025-04-30,2481.0869140625,2566.641635237069,2414.5443531489464,2443.062593540469,33298400
2025-05-02,2414.54443359375,2490.5930771715057,2395.532272699311,2443.0626749354083,20067800
2025-05-05,2424.05029296875,2481.0867704503676,2357.5077359068628,2424.05029296875,18570500
2025-05-06,2424.05029296875,2481.0867704503676,2376.5198950674016,2424.05029296875,16650900
2025-05-07,2386.02587890625,2500.098829292206,2386.02587890625,2443.062354099228,19223700
2025-05-08,2367.013671875,2500.098777924197,2357.507592871486,2395.531908885542,31026700
2025-05-09,2290.96533203125,2386.0261341902233,2281.4592518153527,2376.520053974326,13861500
2025-05-14,2395.5322265625,2405.038306826637,2328.9896647135415,2328.9896647135415,13724100
2025-05-15,2395.5322265625,2452.5687081473216,2376.520066034226,2414.544387090774,12543300
2025-05-16,2443.0625,2443.0625,2395.532101167315,2433.556420233463,15861200
2025-05-19,2576.147705078125,2614.1720254482816,2462.0747439676543,2462.0747439676543,30774400
2025-05-20,2405.0380859375,2604.6657531497035,2376.519847764328,2595.1596737586465,30865400
2025-05-21,2443.0625,2462.074659533074,2338.4956225680935,2424.050340466926,34225500
2025-05-22,2538.123291015625,2547.6293707572568,2424.0503341160465,2443.0624935993096,26412100
2025-05-23,2585.65380859375,2604.665968951057,2576.1477284150965,2595.1598887724035,12441000
2025-05-26,2718.739013671875,2718.739013671875,2595.1599675958805,2604.666048063265,31628500
2025-05-27,2699.726806640625,2813.799770301496,2690.220726335552,2737.7511278609154,24998300
2025-05-28,2671.20849609375,2737.751056494662,2671.20849609375,2718.738896380116,19659200
2025-06-02,2623.677978515625,2690.220535941746,2595.1597396187162,2680.714456309443,14098800
2025-06-03,2690.220458984375,2699.726538344744,2576.147506659949,2623.6779034617934,11092900
2025-06-04,2652.1962890625,2747.257087953629,2623.678049395161,2747.257087953629,12332600
2025-06-05,2697.697998046875,2737.0804505731066,2658.3155455206434,2658.3155455206434,12437800
2025-06-10,2825.69091796875,2904.4558216055098,2697.697949559016,2707.5435625136106,25335600
2025-06-11,2786.30859375,2865.073500993816,2776.4629803445227,2855.2278875883394,10224100
2025-06-12,2874.9189453125,2884.7645581389124,2746.925978569135,2786.308429874786,19001300
2025-06-13,2855.227783203125,3012.7575919315736,2776.462878838901,2825.6909440665413,27335200
2025-06-16,2835.53662109375,2904.455913967556,2805.99978129069,2855.227847629123,9410000
2025-06-17,2865.073486328125,2904.455939748443,2805.9998061976485,2835.5366462628867,8783400
2025-06-18,2825.69091796875,2894.6102086509145,2815.845305014155,2865.0733697871296,7541100
2025-06-19,2687.852294921875,2845.382099752461,2638.6242309123168,2835.5364869505493,16740500
2025-06-20,2638.624267578125,2717.3891710879197,2609.087428761952,2687.852332271747,9440300
2025-06-23,2490.940185546875,2609.0875461261735,2461.4033454020505,2599.241932744565,9202400
2025-06-24,2559.859375,2579.5506009615383,2520.476923076923,2520.476923076923,7061700
2025-06-25,2559.859375,2618.9330528846153,2540.1681490384613,2599.241826923077,5560500
2025-06-26,2540.168212890625,2579.550665803658,2520.4769864341088,2540.168212890625,2960900
2025-06-30,2648.469970703125,2678.006810525093,2559.859451237221,2609.0875176071677,11571000
2025-07-01,2609.08740234375,2678.0066922169813,2609.08740234375,2658.315466538915,5204900
2025-07-02,2579.55078125,2628.7788495944656,2540.1683265744273,2618.9332359255723,4865200
2025-07-03,2638.624267578125,2687.852332271747,2579.550589945779,2579.550589945779,8365500
2025-07-04,2618.93310546875,2668.1611713610196,2599.241879111842,2648.4699450041117,2790400
2025-07-07,2638.624267578125,2648.4698805168496,2589.3962028845035,2638.624267578125,2355900
2025-07-08,2638.624267578125,2638.624267578125,2609.087428761952,2638.624267578125,2481100
2025-07-09,2687.852294921875,2687.852294921875,2628.778618110405,2638.6242309123168,5937700
2025-07-10,2707.543701171875,2727.2349280894887,2678.0068607954545,2697.698087713068,3847200
2025-07-11,2756.771728515625,2756.771728515625,2717.389275251116,2717.389275251116,4328200
2025-07-14,2697.697998046875,2766.6172899677804,2668.1611586522013,2766.6172899677804,3936800
2025-07-15,2687.852294921875,2737.0803589314332,2648.4698437142283,2687.852294921875,3104200
2025-07-16,2756.771728515625,2756.771728515625,2707.543661934989,2717.389275251116,6169800
2025-07-17,2658.315673828125,2756.7718098958335,2648.4700602213543,2756.7718098958335,8515600
2025-07-18,2550.013916015625,2678.006892495174,2550.013916015625,2668.161278919824,14148400
2025-07-21,2451.5576171875,2559.859359312249,2431.8663913466366,2559.859359312249,24063600
2025-07-22,2372.792724609375,2451.557628330848,2362.947111644191,2451.557628330848,25049900
2025-07-23,2431.866455078125,2451.557681435033,2353.1015496504933,2402.329615542763,14640100
2025-07-24,2461.4033203125,2559.859453125,2441.71209375,2441.71209375,24192400
2025-07-25,2431.866455078125,2490.9401341488488,2422.020841899671,2471.248907791941,7552100
2025-07-28,2441.712158203125,2471.24899882655,2422.020931120842,2422.020931120842,8960100
2025-07-29,2520.47705078125,2530.3226642608643,2422.0209159851074,2441.712142944336,10159900
2025-07-30,2471.2490234375,2559.859546190239,2461.4034097983067,2530.3227052726593,7363900
2025-07-31,2422.020751953125,2490.940041642848,2422.020751953125,2471.248816017213,6951300
2025-08-01,2471.2490234375,2490.9402507158866,2402.3297279631474,2412.1753416023407,6661300
2025-08-04,2422.020751953125,2471.248816017213,2422.020751953125,2471.248816017213,3147500
2025-08-05,2471.2490234375,2530.3227052726593,2431.866568880727,2441.71218251992,7887800
2025-08-06,2481.094482421875,2510.6313214983256,2461.4032563709075,2461.4032563709075,2641000
2025-08-07,2451.5576171875,2500.7856817896586,2451.5576171875,2500.7856817896586,3542100
2025-08-08,2441.712158203125,2481.0946123676918,2441.712158203125,2461.403385285408,2452600
2025-08-11,2628.77880859375,2648.470035624415,2441.712151802434,2441.712151802434,22180200
2025-08-12,2589.396240234375,2658.3155317995484,2589.396240234375,2658.3155317995484,9249100
2025-08-13,2589.396240234375,2648.4699187188094,2589.396240234375,2589.396240234375,6425000
2025-08-14,2609.08740234375,2707.5435307340804,2589.396176665684,2589.396176665684,11278200
2025-08-15,2559.859375,2638.6242788461536,2550.013762019231,2609.087439903846,5932900
2025-08-19,2658.315673828125,2658.315673828125,2540.168310546875,2550.013924153646,8079800
2025-08-20,2776.462890625,2776.462890625,2658.3155335771276,2678.006759751773,18553600
2025-08-21,2727.23486328125,2796.1541558551444,2687.852410381882,2776.4629294054603,14605200
2025-08-22,2707.543701171875,2756.771768465909,2697.698087713068,2737.0805415482955,3354000
2025-08-25,2766.617431640625,2786.3086589120885,2707.5437498262345,2717.3893634619662,7464800
2025-08-26,2727.23486328125,2776.4629294054603,2707.543636831566,2766.617316180618,7716000
2025-08-27,2687.852294921875,2746.925971733345,2668.1610693180514,2727.234746129521,5168300
2025-08-28,2687.852294921875,2727.234746129521,2678.0066821199634,2697.6979077237866,2544000
2025-08-29,2609.08740234375,2697.6979178950473,2579.550563826651,2678.0066922169813,9746800
2025-09-01,2678.0068359375,2727.2349027745863,2481.0945685891543,2510.6314086914062,16091300
2025-09-02,2668.1611328125,2737.0804240659595,2638.6242937038746,2707.543584957334,4721700
2025-09-03,2756.771728515625,2776.4629551478793,2678.006821986607,2678.006821986607,11042700
2025-09-04,2737.08056640625,2796.1542476955933,2727.2349528580257,2776.4630205991457,5462200
2025-09-08,2737.08056640625,2796.1542476955933,2737.08056640625,2737.08056640625,6835900
2025-09-09,2697.697998046875,2737.0804505731066,2658.3155455206434,2737.0804505731066,7483600
2025-09-10,2668.1611328125,2707.543584957334,2658.3155197762917,2697.6979719211254,2472800
2025-09-11,2737.08056640625,2776.4630205991457,2668.1612715686824,2737.08056640625,7999300
2025-09-12,2825.69091796875,2835.536530923345,2766.6172402411803,2786.3084661503704,12843000
2025-09-15,2845.38232421875,2904.4560056904197,2845.38232421875,2855.2279377973614,7844800
2025-09-16,2884.7646484375,2884.7646484375,2835.536582764505,2865.073422168302,9112800
2025-09-17,2894.6103515625,2894.6103515625,2845.382284359056,2884.764738121811,8486400
2025-09-18,2845.38232421875,2914.301619269031,2825.6910970615268,2894.610392111808,8869500
2025-09-19,2825.69091796875,2865.0733697871296,2796.154079104965,2855.227756832535,7641500
2025-09-22,2865.073486328125,2924.147166458602,2845.382259617966,2855.2278729730456,18586400
2025-09-23,2865.073486328125,2884.764713038284,2835.5366462628867,2884.764713038284,5299700
2025-09-24,2845.38232421875,2874.9191649545846,2805.9998699043035,2865.0735513759732,8720300
2025-09-25,2815.845458984375,2865.073526449137,2815.845458984375,2845.382299463232,4813300
2025-09-26,2796.154052734375,2874.918955628301,2776.4628270108933,2815.8452784578562,5099800
2025-09-29,2835.53662109375,2845.3822343614365,2776.46294148763,2815.8453945583765,3938400
2025-09-30,2796.154052734375,2884.7645684900417,2796.154052734375,2845.382117043079,8301200
2025-10-01,2776.462890625,2835.5365691489365,2766.6172775376776,2796.1541167996456,5232800
2025-10-02,2687.852294921875,2776.4628101390795,2687.852294921875,2756.7715845352564,15208600
2025-10-03,2668.1611328125,2697.6979719211254,2648.469906740083,2697.6979719211254,6035200
2025-10-06,2668.1611328125,2697.6979719211254,2658.3155197762917,2668.1611328125,4134200
2025-10-07,2569.705078125,2678.0068247126437,2550.013851472701,2678.0068247126437,12309300
2025-10-08,2530.322509765625,2609.087412793349,2510.6312840086944,2579.5505741579523,6989200
2025-10-09,2540.168212890625,2579.550665803658,2520.4769864341088,2540.168212890625,8507800
2025-10-10,2550.013916015625,2579.5507567416744,2540.168302440275,2550.013916015625,4026600
2025-10-13,2500.78564453125,2540.1680956262303,2490.9400317575046,2520.47687007874,4141600
2025-10-14,2431.866455078125,2510.6313605057567,2431.866455078125,2500.7857473273025,11687300
2025-10-15,2520.47705078125,2520.47705078125,2382.6384620666504,2422.0209159851074,13771900
2025-10-16,2382.638427734375,2530.3226278005554,2382.638427734375,2520.47701446281,12898500
2025-10-17,2353.1015625,2392.48401542887,2343.2559492677824,2362.9471757322176,5295800
2025-10-20,2471.2490234375,2500.78586435508,2353.1016597671814,2353.1016597671814,7243900
2025-10-21,2530.322509765625,2569.704961279487,2461.4032196163666,2510.6312840086944,6144800
2025-10-22,2530.322509765625,2589.396187036418,2500.785671130229,2530.322509765625,10661000
2025-10-23,2618.93310546875,2658.315558182566,2520.4769736842104,2520.4769736842104,10952700
2025-10-24,2618.93310546875,2658.315558182566,2618.93310546875,2618.93310546875,6553700
2025-10-27,2697.697998046875,2737.0804505731066,2599.2418667312954,2648.469932389085,9539300
2025-10-28,2668.1611328125,2717.3891979935424,2658.3155197762917,2707.543584957334,6059400
2025-10-29,2668.1611328125,2727.2348110297507,2648.469906740083,2668.1611328125,6267900
2025-10-30,2678.0068359375,2707.543676039752,2668.161222570083,2668.161222570083,6859600
2025-10-31,2717.38916015625,2727.234773055367,2648.469869862432,2697.6979343580165,4936400
2025-11-03,2756.771728515625,2786.308568464007,2717.389275251116,2717.389275251116,6548400
2025-11-04,2727.23486328125,2776.4629294054603,2697.698023606724,2756.771702955776,8576000
2025-11-05,2756.771728515625,2776.4629551478793,2707.543661934989,2737.0805018833703,3999100
2025-11-06,2845.38232421875,2874.9191649545846,2766.617415589857,2776.463029168469,13178600
2025-11-07,2835.53662109375,2855.227847629123,2796.1541680230034,2855.227847629123,7351100
2025-11-10,2717.38916015625,2865.0733536430025,2697.6979343580165,2865.0733536430025,17773200
2025-11-11,2648.469970703125,2756.771716717007,2628.7787441551463,2746.9261034430183,8884000
2025-11-12,2648.469970703125,2668.1611972511037,2618.933130881157,2648.469970703125,7622100
2025-11-13,2618.93310546875,2658.315558182566,2599.241879111842,2648.4699450041117,9365500
2025-11-14,2559.859375,2628.7786658653845,2550.013762019231,2618.9330528846153,11247900
2025-11-17,2559.859375,2579.5506009615383,2530.322536057692,2559.859375,5953600
2025-11-18,2500.78564453125,2569.7049339474656,2500.78564453125,2530.3224828524853,6843100
2025-11-19,2668.1611328125,2687.852358884917,2510.6313242331644,2510.6313242331644,14142800
2025-11-20,2609.08740234375,2707.5435307340804,2609.08740234375,2668.161079377948,5823300
2025-11-21,2658.315673828125,2668.1612874348957,2569.7051513671877,2609.087605794271,4823400
2025-11-24,2579.55078125,2668.1613042700383,2550.0139402433206,2658.315690601145,9573400
2025-11-25,2510.63134765625,2599.2418658088236,2500.7857345281864,2589.39625268076,29689000
2025-11-26,2914.301513671875,2924.1471268937394,2441.7120790223817,2520.476984797297,167419400
2025-11-27,2825.69091796875,2924.1470475146994,2737.0804013773954,2914.3014345601046,63134300
2025-11-28,2865.073486328125,2914.3015531035226,2766.6173527773303,2805.9998061976485,26293600
2025-12-01,2825.69091796875,2973.3751122876743,2815.845305014155,2904.4558216055098,26746200
2025-12-02,2766.617431640625,2825.6911134550155,2707.5437498262345,2815.8454998192838,32008900
2025-12-03,2815.845458984375,2835.5366859702794,2746.9261645337083,2756.7717780266607,9410700
2025-12-04,2756.771728515625,2845.38224836077,2717.389275251116,2845.38224836077,18783000
2025-12-05,2865.073486328125,2924.147166458602,2756.771739422251,2756.771739422251,23143800
2025-12-08,2845.38232421875,2953.6840735834776,2845.38232421875,2933.9928464262543,12113300
2025-12-09,2865.073486328125,2904.455939748443,2776.4629661324097,2884.764713038284,22008800
2025-12-10,2766.617431640625,2865.0735679979425,2766.617431640625,2865.0735679979425,9523900
2025-12-11,2786.30859375,2825.691047371908,2737.0805267226146,2776.4629803445227,19538900
2025-12-12,2727.23486328125,2845.3822219793547,2717.389250056408,2815.8453823048285,9709500
2025-12-15,2707.543701171875,2786.3086088423292,2668.1612473366476,2737.0805415482955,24488700
2025-12-16,2727.23486328125,2786.3085426303023,2697.698023606724,2717.389250056408,11910000
2025-12-17,2707.543701171875,2766.617381924716,2697.698087713068,2727.2349280894887,5614200
2025-12-18,2618.93310546875,2687.8523977179275,2618.93310546875,2678.0067845394738,10418300
2025-12-19,2628.77880859375,2697.6981032010767,2609.087581563085,2638.6244221090824,14677600
2025-12-22,2658.315673828125,2668.1612874348957,2609.087605794271,2628.7788330078124,8001100
2025-12-23,2589.396240234375,2668.1611448802873,2569.705014072897,2658.3155317995484,10578400
2025-12-24,2628.77880859375,2668.1612626550796,2579.550741017088,2579.550741017088,14999800
2025-12-29,2579.55078125,2648.4700769322517,2569.7051675811067,2638.624463263359,13038300
2025-12-30,2599.241943359375,2628.7787836248226,2569.7051030939274,2579.5507165157433,9565800
2026-01-02,2618.93310546875,2638.624331825658,2599.241879111842,2628.7787186472037,8286200
2026-01-05,2609.08740234375,2648.469853699882,2579.550563826651,2618.933015182783,8354600
2026-01-06,2569.705078125,2648.4699847341954,2569.705078125,2609.0875314295977,16539200
2026-01-07,2589.396240234375,2599.241853315114,2569.705014072897,2579.550627153636,9421100
2026-01-08,2569.705078125,2648.4699847341954,2569.705078125,2589.3963047772986,10862500
2026-01-09,2589.396240234375,2618.9330794765924,2569.705014072897,2579.550627153636,10096200
2026-01-12,2609.08740234375,2648.469853699882,2569.704950987618,2599.241789504717,11679600
2026-01-13,2589.396240234375,2678.006757961027,2569.705014072897,2638.6243056380704,10866700
2026-01-14,2569.705078125,2618.933144755747,2569.705078125,2609.0875314295977,7946800
2026-01-15,2599.241943359375,2678.0068507339015,2579.5507165157433,2579.5507165157433,16752600
2026-01-19,2628.77880859375,2658.315649139747,2589.3963545324204,2609.087581563085,7729200
2026-01-20,2599.241943359375,2638.624397046638,2589.396329937559,2618.9331702030067,12932200
2026-01-21,2569.705078125,2618.933144755747,2569.705078125,2599.2419181034484,8103700
2026-01-22,2609.08740234375,2648.469853699882,2569.704950987618,2579.550563826651,13519800
2026-01-23,2687.852294921875,2727.234746129521,2609.0873925065816,2658.31545651614,26094400
2026-01-26,2648.469970703125,2707.543650347061,2638.6243574291357,2697.6980370730716,10614700
2026-01-27,2618.93310546875,2648.4699450041117,2559.8594263980262,2648.4699450041117,16011300
2026-01-28,2461.4033203125,2609.08751953125,2422.0208671875,2579.5506796874997,22948400
2026-01-29,2382.638427734375,2471.2489477740833,2106.9612542775053,2461.403334436338,23555700
2026-01-30,2412.17529296875,2490.94020049426,2412.17529296875,2412.17529296875,12882700
2026-02-02,2540.168212890625,2599.2418922601746,2461.403307064559,2481.0945335210754,24113900
2026-02-03,2500.78564453125,2559.85932117372,2490.9400317575046,2550.0137083999753,12643600
2026-02-04,2510.63134765625,2579.5506395526963,2490.9401214001227,2510.63134765625,14556400
2026-02-05,2559.859375,2579.5506009615383,2540.1681490384613,2559.859375,6548100
2026-02-06,2589.396240234375,2589.396240234375,2490.9401094269842,2540.1681748306796,8723400
2026-02-09,2530.322509765625,2599.2417999148834,2520.4768968871595,2589.396187036418,5640800
2026-02-10,2756.771728515625,2786.308568464007,2530.322622244699,2530.322622244699,44926200
2026-02-11,2786.30859375,2786.30859375,2678.0068462897525,2756.7717535335687,15352100
2026-02-12,3150.59619140625,3209.669869995117,2776.4628936767576,2786.3085067749025,55367100
2026-02-13,2963.529541015625,3111.2137374117524,2953.68392792255,3101.3681243186775,36922400
2026-02-18,2904.455810546875,3002.9119397179556,2884.7645847126587,2963.5294880495235,13370200
2026-02-19,2815.845458984375,2933.992820899803,2815.845458984375,2924.147207406851,14326900
2026-02-20,3022.603271484375,3052.1401112708672,2815.8453929789293,2825.6910062410934,41178300
2026-02-23,3150.59619140625,3170.287417602539,3052.1400604248047,3052.1400604248047,36786200
2026-02-24,3061.98583984375,3150.596362540193,3052.1402262108118,3130.9051352743168,21182800
2026-02-25,2983.220703125,3150.5961221122116,2973.3750902433994,3081.6768319410066,15415200
2026-02-26,2845.38232421875,3032.44898221237,2835.5367106401386,2983.220914319312,22651800
2026-02-27,2874.9189453125,2904.4557837917378,2825.6908811804365,2845.382106833262,9577900
2026-03-02,2737.08056640625,2805.999861243817,2707.543725761578,2805.999861243817,17875500
2026-03-03,2678.0068359375,2796.1541963465074,2648.469995835248,2707.543676039752,12522600
2026-03-04,2461.4033203125,2658.3155859374997,2431.86648046875,2658.3155859374997,29592900
2026-03-05,2628.77880859375,2697.6981032010767,2412.175311256437,2510.631446409761,29816200
2026-03-06,2618.93310546875,2668.1611713610196,2559.8594263980262,2628.7787186472037,10110500
2026-03-09,2481.094482421875,2540.1681605747767,2441.7120303199404,2451.557643345424,11052300
2026-03-10,2609.08740234375,2618.933015182783,2481.094435436321,2540.1681124705187,12070700
2026-03-11,2550.013916015625,2658.315665344474,2550.013916015625,2648.470051769124,10480800
2026-03-12,2510.63134765625,2569.7050264246327,2490.9401214001227,2550.013800168505,6323100
2026-03-13,2451.5576171875,2500.7856817896586,2441.712004267068,2481.0944559487953,8410400
2026-03-16,2392.484130859375,2451.5578131028165,2362.947289737654,2451.5578131028165,3675800
2026-03-17,2481.094482421875,2481.094482421875,2412.1751912434893,2422.0208042689733,3570800
2026-03-25,2569.705078125,2589.3963047772986,2451.557718211207,2461.4033315373563,5318700
2026-03-26,2540.168212890625,2589.396279031916,2500.785759977592,2589.396279031916,6113600
2026-03-27,2461.4033203125,2559.859453125,2431.86648046875,2530.32261328125,9736000
2026-03-30,2422.020751953125,2471.248816017213,2392.483913514672,2441.71197757876,5212000
2026-03-31,2422.020751953125,2481.0944288300307,2372.792687889037,2461.403203204395,9909800
2026-04-01,2441.712158203125,2471.24899882655,2412.1753175797003,2451.5577717442666,3733900
2026-04-02,2422.020751953125,2471.248816017213,2412.1751391403072,2451.557590391578,2521600
2026-04-06,2392.484130859375,2461.4034268100563,2323.5648349086932,2422.0209719810955,9734700
2026-04-07,2323.564697265625,2402.32960225768,2323.564697265625,2392.4839891336733,3492000
2026-04-08,2362.947265625,2431.866560872396,2343.256038411458,2362.947265625,14825700
2026-04-09,2343.255859375,2372.79269793855,2323.5646336659665,2362.9470850840335,4831900
2026-04-10,2372.792724609375,2412.1751764701116,2323.5646597834543,2343.2558857138224,12177800
2026-04-13,2333.410400390625,2372.7928544056567,2333.410400390625,2372.7928544056567,7576000
2026-04-14,2343.255859375,2372.79269793855,2333.4102465204833,2343.255859375,6258300
2026-04-15,2362.947265625,2402.3297200520833,2333.4104248046874,2362.947265625,11036200
2026-04-16,2451.5576171875,2471.2488430283634,2382.638326744478,2382.638326744478,17439100
2026-04-17,2441.712158203125,2481.0946123676918,2422.020931120842,2481.0946123676918,11292800
2026-04-20,2353.1015625,2451.5576948221756,2343.2559492677824,2441.712081589958,11980100
2026-04-21,2343.255859375,2362.9470850840335,2333.4102465204833,2362.9470850840335,5912500
2026-04-22,2353.1015625,2392.48401542887,2343.2559492677824,2343.2559492677824,6529600
2026-04-23,2225.108642578125,2372.792844519151,2225.108642578125,2353.101617593681,11046000
2026-04-24,2097.11572265625,2244.7999284771126,2067.5788814920775,2234.9543147557215,24342200
2026-04-27,2028.1962890625,2116.8068065458133,2028.1962890625,2097.1155804384102,11663300
2026-04-28,2008.505126953125,2038.041967055377,1969.1226734834559,2008.505126953125,12275400
2026-04-29,2057.733154296875,2077.424380653783,1988.8138620476973,2018.3507015830592,23431500
2026-04-30,1969.1226806640625,2077.424428100586,1969.1226806640625,2057.7332012939455,17921400
2026-05-04,1988.8138427734375,2038.0419081886216,1978.9682296904007,2008.5050689395111,10092900
2026-05-05,2047.8875732421875,2097.115639906663,2008.505119910607,2018.3507332435022,9766100
2026-05-06,2028.1962890625,2087.2699673847087,2018.3506760087985,2067.5787412773057,8485500
2026-05-07,2116.806884765625,2136.4981116006543,2067.5788176780525,2067.5788176780525,14844600
2026-05-08,2047.8875732421875,2126.6524799053486,2047.8875732421875,2126.6524799053486,10398000
2026-05-11,2028.1962890625,2067.5787412773057,1998.6594499013956,2057.7331282236046,10314800
2026-05-12,2057.733154296875,2057.733154296875,1998.6594752261512,2028.1963147615131,5484300
2026-05-13,2038.0419921875,2057.733219165157,2008.5051517210145,2047.8876056763286,5751200
2026-05-14,2038.0419921875,2038.0419921875,2038.0419921875,2038.0419921875,0
2026-05-15,2038.0419921875,2038.0419921875,2038.0419921875,2038.0419921875,0
2026-05-18,1978.96826171875,2028.1963279306592,1954.3542286127954,2018.3507146882773,18221000
2026-05-19,1885.4349365234375,1998.6594888472994,1875.5893232778844,1978.968262356193,18847900
2026-05-20,1806.6700439453125,1895.2805638118402,1782.056010649055,1890.3577571525886,22673200
2026-05-21,1775.0,1830.0,1765.0,1810.0,15058600
2026-05-22,1765.0,1790.0,1750.0,1775.0,9199600
2026-05-25,1760.0,1815.0,1755.0,1765.0,14755600
2026-05-26,1775.0,1800.0,1760.0,1760.0,7597300
2026-05-27,1775.0,1775.0,1775.0,1775.0,0
2026-05-28,1775.0,1775.0,1775.0,1775.0,0
2026-05-29,1690.0,1790.0,1690.0,1765.0,32598900
2026-06-02,1765.0,1785.0,1675.0,1690.0,12091500
2026-06-03,1720.0,1780.0,1675.0,1775.0,11692100
2026-06-04,1630.0,1725.0,1620.0,1725.0,15252700
2026-06-05,1555.0,1645.0,1550.0,1630.0,6645900
2026-06-08,1485.0,1520.0,1410.0,1510.0,19154300
2026-06-09,1600.0,1625.0,1460.0,1480.0,12330900
2026-06-10,1625.0,1675.0,1590.0,1605.0,10918500
2026-06-11,1550.0,1620.0,1520.0,1600.0,17452900
2026-06-12,1530.0,1585.0,1525.0,1550.0,15467300
2026-06-15,1555.0,1585.0,1540.0,1545.0,45345500
2026-06-17,1590.0,1625.0,1570.0,1580.0,22801000
2026-06-18,1500.0,1580.0,1485.0,1570.0,31019400
2026-06-19,1440.0,1550.0,1440.0,1525.0,75134500
2026-06-22,1460.0,1480.0,1430.0,1450.0,28713100
2026-06-23,1510.0,1540.0,1455.0,1460.0,24697600
2026-06-24,1460.0,1560.0,1450.0,1530.0,20895000
2026-06-25,1485.0,1530.0,1445.0,1460.0,24206400
2026-06-26,1465.0,1505.0,1435.0,1485.0,14731800
2026-06-29,1490.0,1490.0,1445.0,1465.0,9973700
2026-06-30,1415.0,1490.0,1390.0,1490.0,27373000
2026-07-01,1400.0,1440.0,1400.0,1415.0,9944600
2026-07-02,1395.0,1425.0,1395.0,1400.0,14038600
2026-07-03,1425.0,1460.0,1405.0,1410.0,11522500
2026-07-06,1405.0,1425.0,1380.0,1425.0,18086000
2026-07-07,1520.0,1530.0,1410.0,1410.0,28499700
2026-07-08,1420.0,1510.0,1420.0,1510.0,24798700
2026-07-09,1410.0,1440.0,1405.0,1410.0,11869200
2026-07-10,1415.0,1435.0,1410.0,1425.0,6650900
2026-07-13,1435.0,1445.0,1415.0,1420.0,8153500
2026-07-14,1440.0,1480.0,1430.0,1440.0,12976800
2026-07-15,1450.0,1470.0,1430.0,1440.0,11279900
2026-07-16,1495.0,1500.0,1450.0,1450.0,37705200
2026-07-17,1505.0,1520.0,1475.0,1495.0,23697600
2026-07-20,1505.0,1530.0,1490.0,1505.0,13849600
2026-07-21,1520.0,1535.0,1500.0,1510.0,13773500
2026-07-22,1510.0,1535.0,1495.0,1520.0,11777100
2026-07-23,1515.0,1550.0,1505.0,1510.0,15293800
2026-07-24,1455.0,1510.0,1450.0,1510.0,20170600
2026-07-27,1455.0,1470.0,1440.0,1450.0,6304500
2026-07-28,1480.0,1495.0,1430.0,1440.0,15004600
2026-07-29,1460.0,1485.0,1430.0,1480.0,11064900
2026-07-30,1455.0,1510.0,1450.0,1465.0,21604800
2026-07-31,1460.0,1470.0,1450.0,1465.0,10042000
2026-08-03,1480.0,1495.0,1445.0,1460.0,9211300
2026-08-04,1530.0,1530.0,1475.0,1475.0,17651600
2026-08-05,1565.0,1575.0,1530.0,1545.0,13639300
2026-08-06,1625.0,1640.0,1575.0,1580.0,27886200
2026-08-07,1620.0,1640.0,1610.0,1635.0,13686400
2026-08-10,1610.0,1640.0,1590.0,1620.0,13350200
2026-08-11,1545.0,1635.0,1530.0,1615.0,25220400
2026-08-12,1555.0,1565.0,1535.0,1550.0,11706800
2026-08-13,1510.0,1520.0,1480.0,1500.0,15883400
2026-08-14,1580.0,1610.0,1495.0,1515.0,22509200
2026-08-18,1550.0,1605.0,1545.0,1595.0,16770000
2026-08-19,1525.0,1550.0,1520.0,1550.0,11770400
2026-08-20,1545.0,1555.0,1525.0,1530.0,8406400
2026-08-21,1565.0,1585.0,1545.0,1545.0,12348600
2026-08-24,1505.0,1575.0,1500.0,1575.0,26914900
2026-08-26,1490.0,1520.0,1485.0,1505.0,16460200
2026-08-27,1505.0,1520.0,1465.0,1485.0,23426700
2026-08-28,1500.0,1530.0,1490.0,1510.0,20679200
2026-08-31,1480.0,1530.0,1480.0,1505.0,119990500
2026-09-01,1730.0,1785.0,1530.0,1530.0,135860100
2026-09-02,1680.0,1725.0,1675.0,1725.0,23574400
2026-09-03,1785.0,1840.0,1680.0,1685.0,61532100
2026-09-04,1795.0,1830.0,1770.0,1805.0,24656500
2026-09-07,1755.0,1800.0,1750.0,1750.0,19225700
2026-09-08,1760.0,1795.0,1755.0,1760.0,18083100
2026-09-09,1730.0,1790.0,1720.0,1780.0,20604300
2026-09-10,1730.0,1780.0,1705.0,1745.0,27120100
2026-09-11,1695.0,1730.0,1670.0,1715.0,20887700
2026-09-14,1655.0,1705.0,1620.0,1695.0,22734500
2026-09-15,1585.0,1680.0,1585.0,1670.0,25254800
2026-09-16,1585.0,1625.0,1585.0,1585.0,13419400
2026-09-17,1620.0,1625.0,1580.0,1590.0,14461100
2026-09-18,1550.0,1635.0,1550.0,1630.0,26294200
2026-09-21,1560.0,1580.0,1555.0,1570.0,8790200
2026-09-22,1580.0,1620.0,1570.0,1580.0,17266700
2026-09-23,1615.0,1620.0,1570.0,1580.0,11357100
2026-09-24,1570.0,1610.0,1560.0,1605.0,8736100
2026-09-25,1580.0,1595.0,1565.0,1570.0,8814900
2026-09-28,1515.0,1590.0,1515.0,1580.0,14267600
2026-09-29,1495.0,1525.0,1490.0,1515.0,1546100
