date,Close,High,Low,Open,Volume
2018-06-01,872.3645629882812,872.3645629882812,872.3645629882812,872.3645629882812,0
2018-06-04,859.079833984375,876.7928202520941,836.9386011497262,872.3645736851643,12172103
2018-06-05,863.5079956054688,894.5057185246394,850.2232572115385,859.0797494741587,21154015
2018-06-06,863.5079956054688,876.792733999399,854.6515033428486,863.5079956054688,5903383
2018-06-07,881.2210083007812,885.6492545736495,859.07977693644,867.9362694821765,9496065
2018-06-08,881.2210083007812,885.6492545736495,872.3645157550447,885.6492545736495,15652295
2018-06-11,881.2210083007812,881.2210083007812,881.2210083007812,881.2210083007812,0
2018-06-12,881.2210083007812,881.2210083007812,881.2210083007812,881.2210083007812,0
2018-06-13,881.2210083007812,881.2210083007812,881.2210083007812,881.2210083007812,0
2018-06-14,881.2210083007812,881.2210083007812,881.2210083007812,881.2210083007812,0
2018-06-15,881.2210083007812,881.2210083007812,881.2210083007812,881.2210083007812,0
2018-06-18,881.2210083007812,881.2210083007812,881.2210083007812,881.2210083007812,0
2018-06-19,881.2210083007812,881.2210083007812,881.2210083007812,881.2210083007812,0
2018-06-20,814.7974243164062,881.2211273856785,797.084436831267,872.3646336431088,13979590
2018-06-21,810.3690795898438,823.6538185995133,805.9408332532872,814.7973259264003,5812462
2018-06-22,836.9386596679688,850.223400297619,801.5126846555679,810.3691784086682,28484997
2018-06-25,876.7927856445312,885.6492784288195,841.3668145073785,845.7950608995226,29494833
2018-06-26,881.2435913085938,899.0464921431109,876.7928660999645,881.2435913085938,18450318
2018-06-27,881.2435913085938,881.2435913085938,867.891415682706,872.3421408913352,8583446
2018-06-28,818.933349609375,881.2434957753057,818.933349609375,881.2434957753057,12113175
2018-06-29,805.5812377929688,827.8348631463657,792.2290625809306,818.933413005007,26893513
2018-07-02,756.6232299804688,818.9333783318015,756.6232299804688,818.9333783318015,16237762
2018-07-03,725.4681396484375,765.5246626965107,725.4681396484375,761.0739379133915,12712265
2018-07-04,734.36962890625,747.7218039772728,721.0174538352272,734.36962890625,9639310
2018-07-05,734.36962890625,747.7218039772728,721.0174538352272,747.7218039772728,1941443
2018-07-06,738.8203125,747.7217620481928,721.0174134036145,743.2710372740963,4751748
2018-07-09,756.6232299804688,765.5246797449448,734.3696055692784,734.3696055692784,13707033
2018-07-10,752.1724853515625,774.4261091785318,743.2710358207747,765.524659647744,5875415
2018-07-11,721.0173950195312,747.7217429832176,716.5666703589169,747.7217429832176,12831154
2018-07-12,721.0173950195312,738.8202936619888,716.5666703589169,721.0173950195312,7575984
2018-07-13,716.5667724609375,729.9189483453029,716.5667724609375,721.017497755726,10217347
2018-07-16,707.665283203125,734.3696335126768,703.214558151533,721.0174583579009,10908390
2018-07-17,716.5667724609375,721.017497755726,707.6653218713607,707.6653218713607,5490058
2018-07-18,712.115966796875,734.3695907592773,707.6652420043945,725.4681411743164,13041377
2018-07-19,707.665283203125,721.0174583579009,707.665283203125,712.1160082547169,7175766
2018-07-20,703.2145385742188,712.1159884295886,703.2145385742188,712.1159884295886,7941218
2018-07-23,698.7637939453125,716.5666931541103,698.7637939453125,707.6652435497114,16227442
2018-07-24,698.7637939453125,716.5666931541103,694.3130691431131,703.214518747512,17308074
2018-07-25,716.5667724609375,725.4682230505144,703.2145965765723,707.6653218713607,30832852
2018-07-26,712.115966796875,729.9188659667968,707.6652420043945,721.0174163818359,18523901
2018-07-27,712.115966796875,716.5666915893554,703.2145172119141,712.115966796875,7397444
2018-07-30,698.7637939453125,712.1159683519109,698.7637939453125,712.1159683519109,18672616
2018-07-31,680.9608764648438,703.2144998787275,680.9608764648438,703.2144998787275,20987549
2018-08-01,689.8623657226562,707.665265483241,680.960915842364,680.960915842364,14247194
2018-08-02,685.41162109375,698.7637955306412,685.41162109375,694.3130707183442,11654853
2018-08-03,680.9608764648438,694.313050513174,676.5101517820669,689.8623258303973,11100140
2018-08-06,685.41162109375,694.3130707183442,680.960896281453,689.8623459060472,9293892
2018-08-07,685.41162109375,694.3130707183442,680.960896281453,689.8623459060472,7374430
2018-08-08,667.6087036132812,689.8623270670573,667.6087036132812,689.8623270670573,20821909
2018-08-09,663.157958984375,676.5101326552013,663.157958984375,676.5101326552013,6252310
2018-08-10,654.2565307617188,667.6087048588967,649.8058060626594,667.6087048588967,12092018
2018-08-13,623.1014404296875,658.7072370256697,623.1014404296875,654.256512451172,17078758
2018-08-14,583.0449829101562,632.0029585743679,578.5942578497734,627.552233513985,24073095
2018-08-15,578.5941772460938,600.8477994478666,565.2420039250301,578.5941772460938,14150081
2018-08-16,565.2420654296875,591.9464149775467,565.2420654296875,578.5942402036171,8077135
2018-08-17,565.2420654296875,565.2420654296875,565.2420654296875,565.2420654296875,0
2018-08-20,578.5941772460938,587.4956261268029,565.2420039250301,583.0449016864483,10078539
2018-08-21,578.5941772460938,591.9463505671574,574.1434528057391,583.0449016864483,4138932
2018-08-22,578.5941772460938,578.5941772460938,578.5941772460938,578.5941772460938,0
2018-08-23,614.2000122070312,618.6507369331691,574.1434896717901,583.0449391240659,30818919
2018-08-24,600.8478393554688,623.101463035301,591.9463898835359,609.7492888274016,12670055
2018-08-27,614.2000122070312,618.6507369331691,600.8478380286175,605.2985627547555,9863259
2018-08-28,618.6507568359375,623.1014817052608,609.749307097291,623.1014817052608,10251300
2018-08-29,609.7493286132812,623.1015036924042,600.8478785605326,618.6507786660299,8314810
2018-08-30,614.2000122070312,618.6507369331691,605.2985627547555,605.2985627547555,10618598
2018-08-31,587.4956665039062,614.2000149813565,587.4956665039062,605.2985654888731,4090736
2018-09-03,583.0449829101562,605.2986082120706,583.0449829101562,605.2986082120706,2283972
2018-09-04,565.2420654296875,583.0449651282604,565.2420654296875,583.0449651282604,4029124
2018-09-05,547.4391479492188,560.7913222894435,525.185524048844,560.7913222894435,10519214
2018-09-06,542.9884033203125,574.1434756419698,534.0869540855533,547.4391279376921,9029900
2018-09-07,547.4391479492188,556.3405975093686,542.9884231691437,547.4391479492188,5438250
2018-09-10,569.6928100585938,578.5942602157593,542.9884595870972,556.3406348228455,12160132
2018-09-11,569.6928100585938,569.6928100585938,569.6928100585938,569.6928100585938,0
2018-09-12,578.5941772460938,583.0449016864483,560.7912794846754,569.6927283653846,7676710
2018-09-13,596.3971557617188,600.8478808047166,578.5942555897271,578.5942555897271,13858843
2018-09-14,614.2000122070312,614.2000122070312,591.9463885763417,591.9463885763417,9132483
2018-09-17,596.3971557617188,609.7493308907125,587.495705675723,605.2986058477146,7421800
2018-09-18,569.6928100585938,605.2986106872559,565.242084980011,605.2986106872559,8756723
2018-09-19,556.340576171875,583.044923828125,547.439126953125,569.6927499999999,7845343
2018-09-20,547.4391479492188,556.3405975093686,542.9884231691437,556.3405975093686,10728095
2018-09-21,551.8898315429688,565.2420048867502,547.4391070950417,551.8898315429688,29610419
2018-09-24,538.5377197265625,560.7913445086518,534.0869947701447,560.7913445086518,12157345
2018-09-25,529.63623046875,542.9884043461135,529.63623046875,538.5376797203256,7383822
2018-09-26,529.63623046875,542.9884043461135,529.63623046875,534.0869550945378,9245593
2018-09-27,529.63623046875,542.9884043461135,525.1855058429621,534.0869550945378,12214932
2018-09-28,583.0449829101562,587.4957079705391,529.6362821855618,538.5377323063275,119752143
2018-10-01,560.7913208007812,591.9463941786024,556.3405960325211,583.0449446420821,30358017
2018-10-02,542.9884033203125,569.6927510245902,534.0869540855533,560.791301789831,26815595
2018-10-03,534.0869750976562,547.4391494750977,525.1855255126953,542.9884246826172,19360667
2018-10-04,511.8333435058594,534.0869671365489,507.3826187797215,534.0869671365489,16971841
2018-10-05,494.0304870605469,516.2841126038147,489.5797619518933,498.48121216920043,20200734
2018-10-08,511.8333435058594,516.2840682319973,489.57971987516987,498.4811693274457,16619198
2018-10-09,529.63623046875,551.8898535976891,507.38260733981093,507.38260733981093,39871731
2018-10-10,542.9884033203125,560.791301789831,525.185504850794,525.185504850794,23753167
2018-10-11,529.63623046875,534.0869550945378,525.1855058429621,534.0869550945378,8611930
2018-10-12,529.63623046875,542.9884043461135,525.1855058429621,525.1855058429621,23198454
2018-10-15,525.1854858398438,534.0869347523835,511.83331247103416,529.6362102961136,13160576
2018-10-16,507.3826599121094,534.0870104337994,498.4812097382127,534.0870104337994,21347416
2018-10-17,534.0869750976562,542.9884246826172,511.8333511352539,511.8333511352539,22224224
2018-10-18,542.9884033203125,547.4391279376921,525.185504850794,542.9884033203125,11427292
2018-10-19,542.9884033203125,578.5942002593493,542.9884033203125,551.8898525550717,34768269
2018-10-22,538.5377197265625,560.7913445086518,538.5377197265625,556.340619552234,9509378
2018-10-23,547.4391479492188,551.8898727292936,538.5376983890689,547.4391479492188,8294376
2018-10-24,525.1854858398438,551.8898325774629,525.1854858398438,547.439108121193,15367456
2018-10-25,547.4391479492188,556.3405975093686,520.734799268769,520.734799268769,9178615
2018-10-26,538.5377197265625,551.8898945958161,534.0869947701447,547.4391696393983,4432955
2018-10-29,534.0869750976562,547.4391494750977,529.6362503051757,538.5376998901367,3571422
2018-10-30,525.1854858398438,538.5376592086534,520.7347613835739,534.0869347523835,5585520
2018-10-31,534.0869750976562,547.4391494750977,529.6362503051757,534.0869750976562,6753668
2018-11-01,507.3826599121094,556.340635868541,507.3826599121094,551.8899107815927,9647050
2018-11-02,551.8898315429688,556.340555990896,511.8333115116243,520.7347604074786,17418191
2018-11-05,538.5377197265625,556.340619552234,538.5377197265625,556.340619552234,4961868
2018-11-06,565.2420654296875,569.6927903543308,538.5377158818283,538.5377158818283,19155294
2018-11-07,600.8478393554688,605.2985640914352,560.7913167317708,578.5942156756366,56284731
2018-11-08,609.7493286132812,618.6507786660299,587.4957034814097,609.7493286132812,33638615
2018-11-09,565.2420654296875,600.8478648268332,565.2420654296875,600.8478648268332,18658374
2018-11-12,538.5377197265625,574.1435193779055,534.0869947701447,565.2420694650698,14065661
2018-11-13,560.7913208007812,560.7913208007812,525.1855226547,538.5376969594804,14813259
2018-11-14,542.9884033203125,560.791301789831,542.9884033203125,560.791301789831,6333737
2018-11-15,560.7913208007812,565.2420455690415,538.5376969594804,542.9884217277406,20603533
2018-11-16,583.0449829101562,596.3971580913048,560.7913576082419,560.7913576082419,24998304
2018-11-19,605.298583984375,605.298583984375,569.6927849264706,587.4956844554227,19024124
2018-11-20,605.298583984375,605.298583984375,605.298583984375,605.298583984375,0
2018-11-21,609.7493286132812,614.2000536396556,578.5942534286611,600.8478785605326,15073123
2018-11-22,645.3551635742188,649.8058888402478,609.749361445986,614.200086712015,45655709
2018-11-23,654.2565307617188,667.6087048588967,636.4536319654815,645.3550813636001,32201522
2018-11-26,663.157958984375,672.0594080982592,632.0028870857802,667.6086835413171,20575049
2018-11-27,658.7073364257812,694.3131383947424,658.7073364257812,667.6087869180216,47396218
2018-11-28,649.8057861328125,658.7072352579195,627.5521633200449,658.7072352579195,17802517
2018-11-29,712.115966796875,725.4681411743164,663.1579940795898,663.1579940795898,80405609
2018-11-30,729.9189453125,738.8203958650914,698.7638683784298,712.116044207317,23839341
2018-12-03,783.32763671875,792.2290871360085,734.3696594238281,738.8203846324574,34054831
2018-12-04,761.0739135742188,801.1304353412829,752.172464292649,756.6231889334339,17719955
2018-12-05,761.0739135742188,774.4260874965735,738.8202903702943,756.6231889334339,15640117
2018-12-06,738.8203125,774.4261106927711,729.9188629518072,756.6232115963855,12211527
2018-12-07,765.524658203125,778.8768324741097,738.8203096611555,738.8203096611555,25137318
2018-12-10,743.2710571289062,765.5246815938435,734.3696073429313,761.0739567008561,8070530
2018-12-11,729.9189453125,747.7218464176829,712.116044207317,738.8203958650914,18316774
2018-12-12,752.1724853515625,765.524659647744,725.4681367591993,729.9188615245931,28421940
2018-12-13,783.32763671875,810.0319879705256,756.6232854669745,765.524735884233,47689209
2018-12-14,761.0739135742188,783.3275367781433,761.0739135742188,778.8768121373583,30536970
2018-12-17,743.2710571289062,765.5246815938435,721.017432663969,752.1725069148812,34769714
2018-12-18,712.115966796875,752.1724899291992,707.6652420043945,743.2710403442383,40430365
2018-12-19,738.8203125,743.2710372740963,716.566688629518,716.566688629518,23131373
2018-12-20,721.0173950195312,734.3695690013744,707.6652210376881,734.3695690013744,15277670
2018-12-21,729.9189453125,729.9189453125,712.116044207317,716.5667694836128,17477945
2018-12-24,729.9189453125,729.9189453125,729.9189453125,729.9189453125,0
2018-12-25,729.9189453125,729.9189453125,729.9189453125,729.9189453125,0
2018-12-26,685.41162109375,725.4681444044237,680.960896281453,725.4681444044237,16382452
2018-12-27,703.2145385742188,712.1159884295886,689.862363791164,694.3130887188489,16451907
2018-12-28,716.5667724609375,716.5667724609375,680.9609701026301,703.2145965765723,27500756
2018-12-31,716.5667724609375,716.5667724609375,716.5667724609375,716.5667724609375,0
2019-01-01,716.5667724609375,716.5667724609375,716.5667724609375,716.5667724609375,0
2019-01-02,716.5667724609375,729.9189483453029,698.7638712817838,712.1160471661491,6938503
2019-01-03,747.7217407226562,747.7217407226562,721.0173928397043,721.0173928397043,22673360
2019-01-04,761.0739135742188,774.4260874965735,738.8202903702943,747.721739651864,32468816
2019-01-07,787.7782592773438,796.6797085347149,774.4260853912871,774.4260853912871,47356794
2019-01-08,765.524658203125,792.2290067450945,756.6232086891351,787.7782819880996,22804324
2019-01-09,783.32763671875,787.7783619273793,765.524735884233,765.524735884233,15995855
2019-01-10,845.6376342773438,863.4405318410772,769.9753196314762,769.9753196314762,53707044
2019-01-11,907.9478759765625,921.3000506232765,836.7362778607536,845.6377276252298,79673284
2019-01-14,890.1448974609375,916.8492443847657,876.7927239990235,890.1448974609375,33256870
2019-01-15,925.7508544921875,939.1030302781325,876.792876610389,890.1450523963341,35298626
2019-01-16,903.4971923828125,934.6522679822198,903.4971923828125,925.7508178109606,34690145
2019-01-17,881.2435913085938,930.2015686035156,867.891415682706,890.1450417258524,28004384
2019-01-18,863.4406127929688,890.1449616422358,863.4406127929688,890.1449616422358,22229074
2019-01-21,858.9898681640625,881.2434916916288,845.6376940475226,872.3420422806023,19751391
2019-01-22,863.4406127929688,881.2435120258134,845.637713560124,854.5391631765464,35128858
2019-01-23,903.4971923828125,916.8493676397013,863.440666612146,872.3421167834051,41713997
2019-01-24,916.8493041992188,952.4551024205476,903.4971298662205,916.8493041992188,45284593
2019-01-25,907.9478759765625,930.2015003877527,903.4971510943244,921.3000506232765,18563428
2019-01-28,899.0464477539062,925.7507976871906,881.2435477983834,907.9478977316677,13602695
2019-01-29,890.1448974609375,899.0463464355469,867.8912750244141,881.2434484863281,10278752
2019-01-30,885.6941528320312,894.5956016042124,872.3419796737594,881.2434284459407,9089344
2019-01-31,921.300048828125,925.7507737016908,890.1449747131643,899.046424460296,26248498
2019-02-01,872.342041015625,952.4550855986926,863.4405916175064,943.5536362005739,44706866
2019-02-04,850.0885009765625,890.145027200589,845.6377758405596,876.7928517925802,12935698
2019-02-05,850.0885009765625,850.0885009765625,850.0885009765625,850.0885009765625,0
2019-02-06,863.4406127929688,890.1449616422358,850.0884383683352,850.0884383683352,28366934
2019-02-07,845.6376342773438,876.7927050138775,845.6376342773438,867.8912562320107,9637556
2019-02-08,867.891357421875,867.891357421875,832.2855581430289,845.6377328725961,17176801
2019-02-11,845.6376342773438,881.2434294048109,841.1869098864104,872.3419806229441,13907968
2019-02-12,818.933349609375,858.9898721446162,814.4826248832371,858.9898721446162,20584441
2019-02-13,810.0318603515625,850.088380918398,805.5811358441363,818.9333093664148,12244345
2019-02-14,787.7782592773438,818.9333316781426,787.7782592773438,814.4826070494571,10169770
2019-02-15,769.9754638671875,810.03199088918,769.9754638671875,792.2290899905166,14239660
2019-02-18,783.32763671875,796.6798123446379,769.9754610928622,769.9754610928622,15279528
2019-02-19,796.6796875,810.0318610335196,783.3275139664805,787.7782384776536,19859237
2019-02-20,841.18701171875,841.18701171875,796.6797624214616,796.6797624214616,23515698
2019-02-21,872.342041015625,881.2434904137436,841.1869681222098,845.6376928212691,29221656
2019-02-22,872.342041015625,881.2434904137436,845.6376928212691,881.2434904137436,12835592
2019-02-25,858.9898681640625,881.2434916916288,850.0884187530359,854.5391434585491,17258950
2019-02-26,850.0885009765625,863.4406763845714,845.6377758405596,858.9899512485684,13387518
2019-02-27,872.342041015625,872.342041015625,850.0884175203284,854.5391422193877,8346494
2019-02-28,836.736328125,872.3421293218086,832.285602975399,867.8914041722074,7612725
2019-03-01,827.8348388671875,841.1870136876261,810.0319391066029,836.7362887474799,9898554
2019-03-04,818.933349609375,836.7362485139266,814.4826248832371,832.2855237877887,7033965
2019-03-05,796.6796875,818.933310055866,787.7782384776536,801.1304120111732,15453527
2019-03-06,787.7782592773438,801.1304331634004,783.3275346486582,796.6797085347149,4011064
2019-03-07,787.7782592773438,787.7782592773438,787.7782592773438,787.7782592773438,0
2019-03-08,783.32763671875,801.1305375532671,778.8769115101207,801.1305375532671,5087052
2019-03-11,774.4260864257812,787.778260329674,769.9753617911502,783.327535695043,6042913
2019-03-12,756.6232299804688,792.2290290383731,756.6232299804688,778.876854391659,9520214
2019-03-13,774.4260864257812,778.8768110604121,752.1724632526266,752.1724632526266,4005801
2019-03-14,787.7782592773438,787.7782592773438,778.8768100199726,778.8768100199726,8867975
2019-03-15,814.482666015625,827.8348408683402,787.7783163101947,787.7783163101947,20487534
2019-03-18,823.384033203125,836.736206714527,805.5811351879223,814.4825841955237,22999377
2019-03-19,832.2855834960938,845.6377586323948,823.3841334052265,841.1870335869611,10505281
2019-03-20,818.933349609375,836.7362485139266,810.0319001570992,823.3840743355129,15009963
2019-03-21,876.7927856445312,899.0464096456615,832.2855376422707,832.2855376422707,76279577
2019-03-22,872.342041015625,881.2434904137436,867.8913163165656,867.8913163165656,17339344
2019-03-25,832.2855834960938,863.4406588141294,814.4826833143592,863.4406588141294,12667372
2019-03-26,867.891357421875,867.891357421875,836.7362830528846,836.7362830528846,9760573
2019-03-27,854.5391845703125,872.3420842488607,850.0884596506755,872.3420842488607,11213869
2019-03-28,845.6376342773438,872.3419806229441,845.6376342773438,850.0883586682771,6325068
2019-03-29,850.0885009765625,863.4406763845714,845.6377758405596,854.5392261125654,4165661
2019-04-01,907.9478759765625,921.3000506232765,841.1870027429917,841.1870027429917,50397034
2019-04-02,907.9478759765625,934.6522252699907,890.1449764476102,925.7507755055146,23153768
2019-04-03,907.9478759765625,907.9478759765625,907.9478759765625,907.9478759765625,0
2019-04-04,965.8073120117188,970.2580369518649,903.4971628496725,903.4971628496725,38046596
2019-04-05,988.0609741210938,1005.8638745557081,956.9058983605187,956.9058983605187,60784768
2019-04-08,979.159423828125,1005.8637717507103,974.7086991743608,988.0608731356534,15328549
2019-04-09,1050.3709716796875,1054.8216961359574,983.6101048356396,983.6101048356396,27128505
2019-04-10,1037.018798828125,1050.3709722035944,1028.1173499111453,1045.9202477451045,6935717
2019-04-11,1041.4697265625,1054.8219025440706,1028.1175505809294,1045.9204518896902,6054162
2019-04-12,1054.82177734375,1072.624676539425,1037.018878148075,1054.82177734375,15227307
2019-04-15,1032.5682373046875,1068.174038591056,992.5117108575229,1068.174038591056,25901738
2019-04-16,1041.4697265625,1050.3711772168804,1019.2160999265492,1032.5682759081196,15090254
2019-04-17,1041.4697265625,1041.4697265625,1041.4697265625,1041.4697265625,0
2019-04-18,1077.075439453125,1108.2305141480501,1059.2725396274536,1068.1739895402893,49329199
2019-04-19,1077.075439453125,1077.075439453125,1077.075439453125,1077.075439453125,0
2019-04-22,1037.018798828125,1085.9767678715127,1023.6666254526556,1077.0753189545333,13497016
2019-04-23,1063.7232666015625,1103.7797912853034,996.962392128661,1037.0189168124018,32739000
2019-04-24,1050.3709716796875,1077.0753184173068,1037.0187983108779,1068.173869504767,14456179
2019-04-25,1005.86376953125,1050.371015970686,979.1594216675885,1050.371015970686,27475678
2019-04-26,1023.6666870117188,1023.6666870117188,961.3565408457881,1014.765237559443,18906370
2019-04-29,1023.6666870117188,1050.3710353685462,1005.8637881071671,1023.6666870117188,9166849
2019-04-30,996.9623413085938,1037.018863950457,979.1594423566546,1028.1174144744873,12263231
2019-05-01,996.9623413085938,996.9623413085938,996.9623413085938,996.9623413085938,0
2019-05-02,943.5536499023438,1001.4130718303177,930.2014756112728,996.9623470666273,24538331
2019-05-03,912.3986206054688,952.4551454125381,894.5957206912157,943.5536954554116,16380800
2019-05-06,881.2435913085938,903.4972173517401,876.7928660999645,903.4972173517401,19763362
2019-05-07,921.300048828125,948.00439806952,881.2435249660326,881.2435249660326,10784754
2019-05-08,930.2014770507812,939.102926591937,894.5956788861581,921.3000275096255,5203774
2019-05-09,956.90576171875,970.2579351380814,912.3985169876453,930.2014148800872,13482155
2019-05-10,983.6101684570312,988.0608932011808,925.7507467830883,956.9058199921345,14168347
2019-05-13,925.7508544921875,996.9624586838942,916.8494039682241,983.6102828979492,17457511
2019-05-14,943.5536499023438,948.0043746660341,885.6942279743698,916.8493013202019,16724671
2019-05-15,930.2014770507812,970.2579999859823,916.8493027390475,943.553651362515,6796290
2019-05-16,885.6941528320312,930.2013966929374,885.6941528320312,925.7506723068468,9026185
2019-05-17,850.0885009765625,894.595752336592,850.0885009765625,885.694302064586,26513831
2019-05-20,881.2435913085938,899.0464921431109,832.2856140136719,832.2856140136719,12844364
2019-05-21,885.6941528320312,907.9477747624843,876.79270405985,885.6941528320312,3914260
2019-05-22,899.0464477539062,903.4971727427869,881.2435477983834,885.694272787264,1687359
2019-05-23,899.0464477539062,916.8493477094291,890.1449977761448,899.0464477539062,5566324
2019-05-24,939.1029663085938,952.4551411850193,881.2435418440833,899.0464416793172,7826663
2019-05-27,996.9623413085938,1023.6666897365026,934.6521949768066,939.1029197147915,15783259
2019-05-28,930.2014770507812,1019.2159724623393,930.2014770507812,1001.4130733800276,62349523
2019-05-29,970.2579956054688,996.9623441083716,943.553647102566,952.4550966035335,20846781
2019-05-30,970.2579956054688,970.2579956054688,970.2579956054688,970.2579956054688,0
2019-05-31,921.300048828125,983.6101970580465,912.3985990809934,970.258022437349,46055206
2019-06-03,921.300048828125,921.300048828125,921.300048828125,921.300048828125,0
2019-06-04,921.300048828125,921.300048828125,921.300048828125,921.300048828125,0
2019-06-05,921.300048828125,921.300048828125,921.300048828125,921.300048828125,0
2019-06-06,921.300048828125,921.300048828125,921.300048828125,921.300048828125,0
2019-06-07,921.300048828125,921.300048828125,921.300048828125,921.300048828125,0
2019-06-10,1014.7653198242188,1014.7653198242188,952.4551686069422,952.4551686069422,29901450
2019-06-11,1028.1173095703125,1041.469482421875,1005.8636881510416,1023.6665852864583,16501960
2019-06-12,1037.018798828125,1054.8216966620842,1014.7651765356759,1028.1173499111453,18754559
2019-06-13,1099.3291015625,1103.7798266700406,1028.1174998418524,1032.5682249493927,38860450
2019-06-14,1068.1739501953125,1139.385546875,1054.821775817871,1108.2304733276367,21317384
2019-06-17,1028.1173095703125,1090.4274495442708,983.6100667317708,1068.173828125,25070752
2019-06-18,1090.427490234375,1094.8782146843112,1023.6666234853316,1028.1173479352678,32140839
2019-06-19,1130.484130859375,1139.3855807086616,1094.8783314622294,1103.7797813115158,47999952
2019-06-20,1130.484130859375,1170.5406551811639,1059.2725320650836,1130.484130859375,51832476
2019-06-21,1126.0333251953125,1143.8362236173728,1108.2304267732522,1139.3854990118577,12407302
2019-06-24,1068.1739501953125,1126.0333724975585,1041.4696014404296,1126.0333724975585,17862064
2019-06-25,1032.5682373046875,1085.9769392342403,1023.6667869830953,1077.075488912648,23418998
2019-06-26,1041.4697265625,1068.174078525641,1028.1175505809294,1028.1175505809294,8364244
2019-06-27,1072.624755859375,1085.9769312435167,1045.9204050910919,1050.371130219139,14651025
2019-06-28,1085.976806640625,1126.0333281970416,1050.371009701588,1077.0753574058658,29686892
2019-07-01,1090.44580078125,1117.2600417840677,1068.1005999455688,1094.9148409483862,24713981
2019-07-02,1054.6934814453125,1090.4458028502384,1041.2863609184653,1090.4458028502384,21998004
2019-07-03,1027.87939453125,1063.6317212975543,1018.9413128396739,1063.6317212975543,31909769
2019-07-04,1068.1004638671875,1085.97662225827,1032.3481470850222,1036.817186682793,16652532
2019-07-05,1072.5697021484375,1081.5077829996744,1059.162580871582,1072.5697021484375,5464773
2019-07-08,1045.7554931640625,1077.0387771476028,1032.348371456831,1077.0387771476028,17232117
2019-07-09,1068.1004638671875,1077.0385430627289,1036.817186682793,1059.1623846716461,13551610
2019-07-10,1117.2601318359375,1117.2601318359375,1059.1626049804688,1063.6316455078124,21390348
2019-07-11,1188.7647705078125,1188.7647705078125,1117.2601226577185,1117.2601226577185,37405297
2019-07-12,1139.6053466796875,1206.6409553079043,1130.6672655292587,1193.233833582261,20029005
2019-07-15,1153.012451171875,1215.5790182897288,1139.6053296466207,1139.6053296466207,23099689
2019-07-16,1161.950439453125,1170.8885197566105,1130.6671583909256,1170.8885197566105,7544921
2019-07-17,1121.7291259765625,1170.8885697444598,1099.383924263882,1161.9504890593876,18693463
2019-07-18,1054.6934814453125,1135.1362046063957,1041.2863609184653,1117.2600439039327,55940344
2019-07-19,1059.16259765625,1094.914921627769,1054.69355715981,1054.69355715981,19012668
2019-07-22,1072.5697021484375,1085.9768234252929,1059.162580871582,1072.5697021484375,16130122
2019-07-23,1103.85302734375,1108.3220679402834,1072.5697431680162,1085.9768649576165,20041699
2019-07-24,1153.012451171875,1157.4814916802932,1103.8530055792758,1103.8530055792758,37105803
2019-07-25,1139.6053466796875,1161.9505495557598,1108.3220626531863,1161.9505495557598,14815839
2019-07-26,1090.44580078125,1139.605242619749,1090.44580078125,1139.605242619749,13479471
2019-07-29,1126.1982421875,1130.6672828311011,1085.9768763950892,1094.9149576822917,11182186
2019-07-30,1188.7647705078125,1193.2338109984435,1130.6672441296112,1130.6672441296112,43055938
2019-07-31,1184.2957763671875,1193.2338576982606,1153.0124917084315,1188.764817032724,15813806
2019-08-01,1126.1982421875,1184.2957705543156,1112.7911202566963,1184.2957705543156,17094342
2019-08-02,1099.3837890625,1126.198027820122,1068.1005105119411,1126.198027820122,26585041
2019-08-05,1081.5078125,1099.3839746900826,1041.286447572314,1099.3839746900826,23241593
2019-08-06,1112.791015625,1126.1981362951806,996.595969816767,1072.5696536144578,24300553
2019-08-07,1081.5078125,1121.729177427686,1050.2245286673553,1094.9149341425618,38367040
2019-08-08,1117.2601318359375,1117.2601318359375,1068.1006860351563,1072.5697265625,21715436
2019-08-09,1126.1982421875,1139.6053641183037,1090.4459170386906,1117.2601609002977,15549815
2019-08-12,1103.85302734375,1135.1363115194838,1081.507824361083,1126.198230326417,6675131
2019-08-13,1126.1982421875,1135.1363234747023,1081.507835751488,1103.853038969494,14590239
2019-08-14,1121.7291259765625,1153.0124083743153,1121.7291259765625,1126.1981663190986,9574912
2019-08-15,1085.976806640625,1121.7291294929912,1077.0387259275335,1121.7291294929912,17136242
2019-08-16,1068.1004638671875,1099.383741051582,1068.1004638671875,1090.4456618560407,18760132
2019-08-19,1072.5697021484375,1094.9149042765298,1072.5697021484375,1081.5077829996744,8970352
2019-08-20,1068.1004638671875,1085.97662225827,1063.6314242694168,1081.5075826604996,4468560
2019-08-21,1090.44580078125,1103.8529212826588,1045.7553991098873,1063.6315597784323,8284469
2019-08-22,1077.0386962890625,1103.85293769045,1072.569656055498,1094.914857223321,13644492
2019-08-23,1072.5697021484375,1090.4458638509113,1050.224500020345,1081.5077829996744,13197935
2019-08-26,1041.286376953125,1059.1625379308612,1027.879256219823,1059.1625379308612,15975009
2019-08-27,1005.5340576171875,1054.6935004340278,996.5959771050346,1050.2244601779514,17612211
2019-08-28,965.312744140625,1018.9412299262153,947.4365822120949,1005.5341084798177,33387524
2019-08-29,951.9056396484375,983.1889235805457,951.9056396484375,974.2508424570863,10692387
2019-08-30,947.4365844726562,978.7198679222251,929.5604225014741,956.3746654582474,15319157
2019-09-02,956.3746948242188,965.3127760842582,938.4985323041399,947.4366135641793,11299630
2019-09-03,947.4365844726562,965.3127464438385,934.0294629942697,965.3127464438385,17572995
2019-09-04,987.6578369140625,1001.0649568721719,938.4983970676611,965.3126369838801,17772175
2019-09-05,1005.5340576171875,1014.4721381293402,996.5959771050346,996.5959771050346,11798923
2019-09-06,1041.286376953125,1063.631578175295,1001.0650147532189,1001.0650147532189,20552345
2019-09-09,1032.3482666015625,1054.693467177354,1018.9411462560877,1045.7553869470373,7364523
2019-09-10,1059.16259765625,1072.5697191455697,1027.879314181171,1036.8173951740507,8353511
2019-09-11,1121.7291259765625,1144.074327689243,1063.6316015235932,1063.6316015235932,36625396
2019-09-12,1112.791015625,1148.5433374121485,1094.9148547314257,1121.7290960717871,13415073
2019-09-13,1103.85302734375,1130.6672709229504,1090.44590555415,1090.44590555415,7727589
2019-09-16,1068.1004638671875,1103.8527806493528,1050.2243054761047,1103.8527806493528,11218720
2019-09-17,1090.44580078125,1094.9148409483862,1036.8173187756147,1059.1625196112961,13869060
2019-09-18,1108.322021484375,1126.1981831212197,1063.631617392263,1068.1006578014744,26412796
2019-09-19,1085.976806640625,1126.198169849537,1081.5077662840793,1108.322008423354,20880941
2019-09-20,1063.6314697265625,1108.321867614233,1059.1624299377954,1108.321867614233,14923995
2019-09-23,1054.6934814453125,1068.1006019721597,1050.2244412696969,1063.631561796544,9082533
2019-09-24,1032.3482666015625,1068.1005875228288,1018.9411462560877,1054.693467177354,9286461
2019-09-25,1018.9412841796875,1027.8793656198602,1010.0032027395148,1027.8793656198602,7720674
2019-09-26,1090.44580078125,1090.44580078125,1001.0649974385246,1018.9411581070697,22947363
2019-09-27,1036.8173828125,1072.5697063577586,1023.410261483028,1054.6935445851293,26272750
2019-09-30,1032.3482666015625,1036.8173067167209,987.6578654499798,1036.8173067167209,9318041
2019-10-01,1010.0030517578125,1032.3482520179411,1001.0649716537611,1001.0649716537611,6934169
2019-10-02,992.1270141601562,1023.4102983904314,992.1270141601562,1010.0031765774563,12765827
2019-10-03,1023.4102783203125,1023.4102783203125,965.3127516034389,987.6579541868518,6544064
2019-10-04,1023.4102783203125,1027.879318836995,1005.5341162535822,1018.94123780363,5407392
2019-10-07,1023.4102783203125,1027.879318836995,983.1889136701692,1023.4102783203125,3169655
2019-10-08,1018.9412841796875,1027.8793656198602,1001.0651212993421,1018.9412841796875,7503536
2019-10-09,1018.9412841796875,1036.817447060033,1005.5341620194284,1018.9412841796875,8437105
2019-10-10,1018.9412841796875,1023.4103248997739,1005.5341620194284,1018.9412841796875,4127579
2019-10-11,1023.4102783203125,1027.879318836995,1014.4721972869473,1023.4102783203125,5035864
2019-10-14,1041.286376953125,1063.631578175295,1027.879256219823,1027.879256219823,17201260
2019-10-15,1050.224609375,1072.569813829787,1041.286527593085,1041.286527593085,10499192
2019-10-16,1072.5697021484375,1094.9149042765298,1059.162580871582,1063.6316212972004,30853802
2019-10-17,1054.6934814453125,1090.4458028502384,1054.6934814453125,1072.5696421477755,4479809
2019-10-18,1059.16259765625,1085.9768406348892,1041.2864356704906,1054.69355715981,6611971
2019-10-21,1072.5697021484375,1081.5077829996744,1045.7554595947265,1063.6316212972004,2594921
2019-10-22,1090.44580078125,1090.44580078125,1063.6315597784323,1072.569640112705,4953405
2019-10-23,1103.85302734375,1108.3220679402834,1081.507824361083,1094.9149461506831,6849130
2019-10-24,1103.85302734375,1117.2601491333503,1094.9149461506831,1108.3220679402834,9265924
2019-10-25,1063.6314697265625,1103.852827825466,1063.6314697265625,1103.852827825466,4364326
2019-10-28,1059.16259765625,1068.1006786491298,1045.7554761669305,1063.63163815269,3143648
2019-10-29,1063.6314697265625,1099.383788036699,1059.1624299377954,1063.6314697265625,10102070
2019-10-30,1054.6934814453125,1090.4458028502384,1023.4102002160024,1077.0386823233912,6236211
2019-10-31,1010.0030517578125,1063.6315323821211,992.1268915497096,1054.6934522780698,15588619
2019-11-01,978.7198486328125,1010.0031314658247,974.2508082280964,1010.0031314658247,9752730
2019-11-04,983.1888427734375,1005.5340437455611,960.843641801314,983.1888427734375,11924418
2019-11-05,1018.9412841796875,1032.3484063399465,987.657999139083,987.657999139083,10993945
2019-11-06,1027.87939453125,1036.8174762228261,1014.4722719938858,1027.87939453125,6285645
2019-11-07,1032.3482666015625,1045.7553869470373,1023.410186371246,1027.8792264864041,11394370
2019-11-08,1032.3482666015625,1032.3482666015625,1010.0030660257711,1032.3482666015625,1664448
2019-11-11,1045.7554931640625,1063.6316554403713,1032.348371456831,1041.2864525949853,6204837
2019-11-12,1036.8173828125,1059.1625850282867,1036.8173828125,1045.7554636988145,2668607
2019-11-13,996.595947265625,1045.7553886105661,996.595947265625,1045.7553886105661,3021869
2019-11-14,974.2507934570312,1014.472156489661,969.7817531200724,1005.5340758157432,5486239
2019-11-15,987.6578369140625,1001.0649568721719,974.2507169559531,1001.0649568721719,4927811
2019-11-18,996.595947265625,1005.5340275101597,987.6578670210903,992.1269071433576,5001188
2019-11-19,996.595947265625,1001.0649873878924,983.1888268988229,992.1269071433576,4353799
2019-11-20,978.7198486328125,1005.5340910611087,974.2508082280964,1005.5340910611087,1794276
2019-11-21,956.3746948242188,996.5960604943962,938.4985323041399,978.7198979743173,9747466
2019-11-22,929.5604248046875,960.8437083317683,929.5604248046875,956.3746678278997,4225828
2019-11-25,916.1533203125,934.029482660061,893.8081173780488,929.5604420731707,13327557
2019-11-26,920.6223754882812,929.5604568037015,898.2771721997308,925.0914161459914,7039435
2019-11-27,902.7462158203125,925.0914191822014,893.8081344755569,916.1533378374459,4208077
2019-11-28,871.4629516601562,916.1533594376002,853.5867885491788,902.7462371043671,13396084
2019-11-29,911.6842651367188,911.6842651367188,862.524819467582,862.524819467582,13860495
2019-12-02,907.2152099609375,929.5604121767241,893.8080886314655,907.2152099609375,9486880
2019-12-03,893.8080444335938,907.2151651000976,884.8699639892578,907.2151651000976,12274274
2019-12-04,875.9319458007812,911.6842701191804,875.9319458007812,911.6842701191804,5736298
2019-12-05,866.993896484375,889.3391000020135,862.5248557808472,884.8700592984858,13980313
2019-12-06,889.339111328125,893.8081520885678,858.0558260050251,875.9319890467964,15760554
2019-12-09,947.4365844726562,965.3127464438385,893.8080985591097,893.8080985591097,46855231
2019-12-10,938.4984741210938,974.2507969447545,934.0294337681362,947.436554827009,22750040
2019-12-11,920.6223754882812,947.436619434542,911.6842941728611,947.436619434542,8155466
2019-12-12,907.2152099609375,947.4365739493534,902.7461695177801,911.6842504040948,10518698
2019-12-13,920.6223754882812,929.5604568037015,893.8081315420206,916.1533348305712,14848554
2019-12-16,911.6842651367188,925.091386682847,907.2152246213427,916.1533056520949,10281435
2019-12-17,893.8080444335938,916.1532455444335,889.3390042114257,911.6842053222656,23437265
2019-12-18,920.6223754882812,934.0294974614117,893.8081315420206,893.8081315420206,35783368
2019-12-19,902.7462158203125,934.029500526957,893.8081344755569,920.6223785098236,29269851
2019-12-20,889.339111328125,911.6843151303392,875.9319890467964,907.2152743698963,15670768
2019-12-23,889.339111328125,893.8081520885678,871.4629482863536,893.8081520885678,9104309
2019-12-26,893.8080444335938,898.2770846557617,875.9318835449218,884.8699639892578,9309682
2019-12-27,884.8700561523438,902.7462189028962,866.9938934017913,893.8081375276199,17081751
2019-12-30,898.2771606445312,902.7462012447528,871.462917043202,884.8700388438666,27885494
2020-01-02,893.8080444335938,902.7461248779297,889.3390042114257,902.7461248779297,6708981
2020-01-03,911.6842651367188,929.5604271982231,884.8700220444623,893.8081030752145,26091321
2020-01-06,884.8700561523438,916.1533409658105,884.8700561523438,907.2152595905343,11252260
2020-01-07,871.4629516601562,893.8081555488783,866.9939108824119,893.8081555488783,14359788
2020-01-08,853.5867309570312,866.9938523856757,840.1796095283868,866.9938523856757,16921684
2020-01-09,866.993896484375,880.401018594958,858.0558150773196,858.0558150773196,25037727
2020-01-10,875.9319458007812,884.870026880381,858.0557836415816,880.4009863405811,37845558
2020-01-13,902.7462158203125,907.2152564926903,875.9319717860458,875.9319717860458,21148648
2020-01-14,925.0913696289062,934.0294504948861,907.2152078969467,911.6842483299366,30870933
2020-01-15,920.6223754882812,929.5604568037015,907.215253515151,925.0914161459914,14168554
2020-01-16,925.0913696289062,929.5604100618962,907.2152078969467,925.0913696289062,9926006
2020-01-17,911.6842651367188,925.091386682847,907.2152246213427,925.091386682847,8340405
2020-01-20,898.2771606445312,920.622363645639,889.3390794440882,911.6842824451959,10321272
2020-01-21,875.9319458007812,898.2771484997808,875.9319458007812,898.2771484997808,12298320
2020-01-22,853.5867309570312,880.4009738143202,849.1176904808165,875.9319333381054,15245780
2020-01-23,844.6486206054688,875.9319028501158,844.6486206054688,858.0557415674604,12401522
2020-01-24,835.7105712890625,853.5867332417697,822.3034498245321,844.6486522654161,11625131
2020-01-27,791.0202026367188,831.2415688724842,782.0821212509932,831.2415688724842,22251675
2020-01-28,831.2415161132812,835.7105565224924,768.6749503843246,791.0201524303806,22695962
2020-01-29,813.3653564453125,844.6486393855168,813.3653564453125,835.7105585454584,13266358
2020-01-30,773.1441040039062,813.3654735763638,768.6750629402999,813.3654735763638,21843097
2020-01-31,755.267822265625,786.5511048446746,723.9845396865754,777.6130241078033,22856854
2020-02-03,732.922607421875,764.2058894459794,728.4535671327172,750.7987685785062,7565974
2020-02-04,773.1441040039062,777.6131450675126,737.3917754950551,750.7988986858743,8571062
2020-02-05,786.5511474609375,791.020188071511,746.329781965776,782.082106850364,17332636
2020-02-06,799.9581909179688,817.8343516088731,782.0820302270645,795.4891507452427,14965070
2020-02-07,799.9581909179688,817.8343516088731,791.0201105725166,795.4891507452427,11056382
2020-02-10,777.613037109375,799.9582393251616,773.1439966662176,795.4891988820043,4626150
2020-02-11,791.0202026367188,795.4892433295817,773.1440398652675,786.551161943856,5450325
2020-02-12,777.613037109375,795.4891988820043,764.205915779903,786.5511179956897,3330031
2020-02-13,759.7368774414062,782.0820797190946,728.4535942526425,777.613039263557,5748476
2020-02-14,759.7368774414062,768.6749583524816,737.3916751637178,746.3297560747932,12118954
2020-02-17,791.0202026367188,813.3654061010329,759.7369177866791,795.4892433295817,25882645
2020-02-18,831.2415161132812,840.1795969317036,786.5511120211694,786.5511120211694,24774355
2020-02-19,808.8963012695312,849.1176643160826,808.8963012695312,835.7105433005655,17279693
2020-02-20,808.8963012695312,835.7105433005655,804.4272609310256,831.2415029620598,22866349
2020-02-21,799.9581909179688,831.2414721270513,791.0201105725166,808.8962712634209,16250353
2020-02-24,786.5511474609375,808.896350513805,768.6749850186435,799.958269292658,10818913
2020-02-25,799.9581909179688,804.4272310906948,768.6749097088862,777.6129900543383,5593054
2020-02-26,786.5511474609375,795.4892286820846,782.082106850364,782.082106850364,8643717
2020-02-27,764.2059326171875,791.0201758669133,755.2678515339455,786.5511353252923,8176622
2020-02-28,750.798828125,768.6749906994048,706.1084216889881,737.3917061941964,18999768
2020-03-02,728.4535522460938,768.6749140265529,706.1083512569497,750.7987532352378,14807273
2020-03-03,741.8607177734375,759.7368796474963,737.3916773049228,741.8607177734375,11182186
2020-03-04,764.2059326171875,777.6130542420505,728.4536082842196,741.8607299090826,21625650
2020-03-05,746.3297729492188,782.0820974018759,746.3297729492188,773.1440162887117,6363769
2020-03-06,719.5155639648438,741.8607678146836,715.0465231948757,741.8607678146836,9633944
2020-03-09,634.603759765625,706.1084087533011,630.1347192038952,697.1703276298415,12061264
2020-03-10,616.7275390625,665.8869805819746,612.2584989243659,639.0727397531703,12567162
2020-03-11,580.9752197265625,625.6656212439904,563.0990591195914,625.6656212439904,20111980
2020-03-12,522.8777465820312,567.5681522728032,522.8777465820312,563.099111703726,46421781
2020-03-13,522.8777465820312,522.8777465820312,522.8777465820312,522.8777465820312,0
2020-03-16,540.75390625,580.975271177686,540.75390625,580.975271177686,1800056
2020-03-17,505.00152587890625,536.2848062430863,505.00152587890625,505.00152587890625,4794886
2020-03-18,473.7182922363281,505.00157568589697,473.7182922363281,505.00157568589697,11612230
2020-03-19,441.5412292480469,441.5412292480469,441.5412292480469,441.5412292480469,2223186
2020-03-20,411.1517333984375,420.0898145592731,411.1517333984375,412.9393383704555,29684312
2020-03-23,382.5498352050781,384.3374682265873,382.5498352050781,384.3374682265873,5100881
2020-03-24,357.5232238769531,375.3993850708008,357.5232238769531,375.3993850708008,20629540
2020-03-26,357.5232238769531,389.7003083958047,332.496586945418,350.37274813926564,185829027
2020-03-27,384.3374938964844,418.30218576920566,361.0984882677018,371.82417451164054,116750707
2020-03-30,357.5232238769531,384.3374656677246,357.5232238769531,384.3374656677246,4875590
2020-03-31,357.5232238769531,368.2489093331133,337.8594296734981,357.5232238769531,20076582
2020-04-01,332.49658203125,362.8860612417207,332.49658203125,357.52321859290134,47545552
2020-04-02,318.1956481933594,330.70896605244474,312.83280572528554,330.70896605244474,60060597
2020-04-03,378.974609375,378.974609375,319.9832570264844,319.9832570264844,106607047
2020-04-06,455.8421325683594,460.31117308373547,378.9746413339654,389.70032731071905,124658901
2020-04-07,464.78021240234375,491.5944554255559,429.0278883713942,482.65637441781854,77076815
2020-04-08,432.6031494140625,464.78023712329264,432.6031494140625,460.31119638172254,29083777
2020-04-09,446.9040222167969,482.6563439941406,412.93930526817206,434.39070396465246,72478116
2020-04-13,434.3907165527344,464.78019657419856,420.08979305744873,451.3730755191736,30558540
2020-04-14,482.6563720703125,487.125412552445,434.3907292332068,434.3907292332068,32891533
2020-04-15,451.37310791015625,513.9396773234453,451.37310791015625,491.59447396155633,28311720
2020-04-16,432.6031494140625,460.31119638172254,429.0279111907317,446.90407415701213,26699080
2020-04-17,443.3288269042969,464.7802276570024,439.7535887537838,451.3731057053581,48421637
2020-04-20,425.45263671875,451.37307644150474,425.45263671875,446.9040360806978,38160429
2020-04-21,396.8507995605469,425.45264732241407,396.8507995605469,423.6650423936869,29059628
2020-04-22,384.3374938964844,395.06318014042307,370.0365695211084,382.54986075557923,72710115
2020-04-23,393.27557373046875,404.001259935696,378.9746494067081,393.27557373046875,36072025
2020-04-24,370.0365295410156,395.06313745636453,370.0365295410156,389.7002949138162,20389698
2020-04-27,380.76226806640625,384.3375063133494,366.4613432290076,373.61179157251996,23702495
2020-04-28,377.18701171875,395.0631739452381,373.61177364337783,384.3374878694943,26385241
2020-04-29,378.974609375,391.48789924250815,375.3993716341248,380.7622141702526,18593047
2020-04-30,396.8507995605469,412.93932837020765,384.33748060834046,386.1250855370676,72109374
2020-05-04,371.82415771484375,393.275557384048,371.82415771484375,393.275557384048,35891627
2020-05-05,380.76226806640625,384.3375063133494,373.61179157251996,373.61179157251996,11181360
2020-05-06,384.3374938964844,389.70033701845375,380.76225576504714,380.76225576504714,7679600
2020-05-08,386.1250915527344,391.4879345728388,384.3374865961571,389.7003296162615,8906057
2020-05-11,411.1517333984375,414.7269714928463,386.1250948879487,387.9127280103395,44852485
2020-05-12,387.9127197265625,418.3021725041463,386.12508664234616,414.726962636458,17789410
2020-05-13,386.1250915527344,391.4879345728388,375.39940551252556,384.3374865961571,22477585
2020-05-14,375.3994140625,387.91273349465797,375.3994140625,382.549862202038,23829640
2020-05-15,384.3374938964844,389.70033701845375,371.82417451164054,380.76225576504714,30052126
2020-05-18,378.974609375,386.12505670638035,375.3993716341248,386.12505670638035,19903821
2020-05-19,378.974609375,398.63837472425854,378.974609375,387.91268965200294,28079825
2020-05-20,373.6117858886719,380.76226227377623,370.03657584649324,378.9746572526869,19355610
2020-05-26,389.7003173828125,395.0631602345669,375.3993937280103,375.3993937280103,45338981
2020-05-27,404.0012512207031,411.151727303522,387.9127222599191,393.2755652468471,99930367
2020-05-28,405.78887939453125,416.5145652382888,400.42600832228044,409.3640892422024,47802732
2020-05-29,414.72698974609375,421.877438099249,396.8508266376447,405.7889081918692,51822259
2020-06-02,427.240234375,432.603105237538,412.9393110924307,414.7269440967337,40283095
2020-06-03,478.1873474121094,505.0015911922277,429.0279004818925,430.81550547375116,107706668
2020-06-04,473.7182922363281,531.8158186426703,469.24925174353257,487.1254137147148,113164114
2020-06-05,540.75390625,576.5062306301653,460.3111763946281,491.5944602272727,129853490
2020-06-08,616.7275390625,625.6656193387681,549.6919369904891,554.1609771286231,83625007
2020-06-09,576.5062255859375,652.4799142290456,576.5062255859375,643.5418332122093,97613577
2020-06-10,540.75390625,607.7895144628098,540.75390625,594.3823928202479,58896990
2020-06-11,536.2848510742188,567.5681340535482,513.9396489461262,545.2229319254557,52564697
2020-06-12,558.6300659179688,563.0991064453125,500.5325390625,536.28486328125,103499416
2020-06-15,522.8777465820312,576.5062334109575,522.8777465820312,567.5681522728032,64236992
2020-06-16,572.0371704101562,580.9752511978149,536.2848472595215,536.2848472595215,76286078
2020-06-17,580.9752197265625,589.913300030048,558.6300189678486,589.913300030048,61023372
2020-06-18,603.3204345703125,612.2585150824652,558.6300320095486,563.099072265625,87609342
2020-06-19,594.3823852539062,616.7275877070606,585.4443042726446,616.7275877070606,49067477
2020-06-22,589.9132690429688,594.3823089599609,576.5061492919922,589.9132690429688,29228364
2020-06-23,558.6300659179688,589.913349609375,549.6919848632813,589.913349609375,44620692
2020-06-24,563.09912109375,580.9752836681548,554.1610398065476,563.09912109375,46803320
2020-06-25,545.222900390625,567.5681012263063,540.7538602234888,558.6300208920338,32067256
2020-06-26,554.1610107421875,567.568131969821,545.2229299237652,549.6919703329763,18345877
2020-06-29,536.2848510742188,554.1610127766927,531.8158106486002,554.1610127766927,22086036
2020-06-30,522.8777465820312,558.6300711346488,518.4087060129541,554.1610305655717,24995724
2020-07-01,536.2848510742188,536.2848510742188,518.4086893717448,527.3467702229817,16415580
2020-07-02,576.5062255859375,576.5062255859375,536.2848610101744,536.2848610101744,51220279
2020-07-03,549.69189453125,589.913252667683,540.753814945376,585.444212874746,63349038
2020-07-06,545.222900390625,558.6300208920338,536.2848200563525,549.6919405577613,35753955
2020-07-07,531.8157348632812,554.1609338071165,531.8157348632812,545.2228542295825,32774605
2020-07-08,549.69189453125,554.160934324187,522.877655773628,522.877655773628,47391264
2020-07-09,549.69189453125,567.568053702998,545.222854738313,554.160934324187,108252712
2020-07-10,531.8157348632812,549.6918940183494,531.8157348632812,545.2228542295825,44493237
2020-07-13,531.8157348632812,540.7538144408154,527.3466950745142,536.2847746520483,44693450
2020-07-14,527.3467407226562,536.2848210738878,522.8777005470405,527.3467407226562,36435194
2020-07-15,536.2848510742188,558.6300532023112,527.3467702229817,536.2848510742188,127989242
2020-07-16,540.75390625,549.6919873450413,531.8158251549587,545.2229467975206,77170317
2020-07-17,527.3467407226562,545.2229014251192,527.3467407226562,540.7538612495034,45634862
2020-07-20,509.47064208984375,536.2848864103619,505.0016013697574,536.2848864103619,58545586
2020-07-21,536.2848510742188,540.7538914998372,509.47060852050777,518.4086893717448,63611792
2020-07-22,527.3467407226562,545.2229014251192,522.8777005470405,540.7538612495034,39105143
2020-07-23,540.75390625,549.6919873450413,522.8777440599173,527.3467846074379,85788646
2020-07-24,527.3467407226562,540.7538612495034,522.8777005470405,540.7538612495034,26794439
2020-07-27,554.1610107421875,567.568131969821,536.2848491053428,536.2848491053428,216836498
2020-07-28,549.69189453125,567.568053702998,540.753814945376,563.099013910061,75653757
2020-07-29,545.222900390625,554.1609807248975,540.7538602234888,554.1609807248975,47231816
2020-07-30,536.2848510742188,549.6919723510742,531.8158106486002,549.6919723510742,50202601
2020-08-03,500.5325012207031,545.2229031154088,500.5325012207031,540.7538629259382,112176467
2020-08-04,491.59442138671875,513.9396223588424,473.7182606090199,500.5325017755682,124773765
2020-08-05,491.59442138671875,500.5325017755682,478.1873008034446,491.59442138671875,105459023
2020-08-06,491.59442138671875,500.5325017755682,482.65634099786934,491.59442138671875,74111191
2020-08-07,473.7182922363281,496.0634947003059,473.7182922363281,491.59445420751035,77741232
2020-08-10,469.2492370605469,482.6563581194197,460.3111563546317,473.7182774135045,50649364
2020-08-11,509.47064208984375,509.47064208984375,469.2492756090666,469.2492756090666,163823799
2020-08-12,509.47064208984375,531.8158456902755,496.0635199295847,513.9396828099301,154195118
2020-08-13,505.00152587890625,518.4086460349835,496.0634457748548,518.4086460349835,29714963
2020-08-14,505.00152587890625,513.9396059829577,500.53248582688053,513.9396059829577,30857104
2020-08-18,522.8777465820312,531.8158277201857,500.5325437366453,505.00158430572253,66452334
2020-08-19,522.8777465820312,531.8158277201857,518.4087060129541,522.8777465820312,45105228
2020-08-24,545.222900390625,549.6919405577613,518.4086593878073,522.8776995549437,64704911
2020-08-25,563.09912109375,567.5681617373511,545.2229585193453,549.6919991629464,164910727
2020-08-26,558.6300659179688,572.0371875,554.161025390625,567.5681469726562,104893371
2020-08-27,572.0371704101562,589.9133319854736,545.2229280471802,554.1610088348389,129189899
2020-08-28,589.9132690429688,594.3823089599609,572.037109375,572.037109375,88277578
2020-08-31,576.5062255859375,612.2585496532824,554.1610230438469,598.8514281280281,112245819
2020-09-01,576.5062255859375,585.4443066027737,558.630063552265,576.5062255859375,27561852
2020-09-02,589.9132690429688,603.3203887939453,576.5061492919922,580.9751892089844,57877557
2020-09-03,567.568115234375,594.3823568989911,563.0990749569389,594.3823568989911,39022581
2020-09-04,567.568115234375,572.037155511811,545.2229138471948,558.630034679503,22901231
2020-09-07,563.09912109375,576.5062430245536,554.1610398065476,567.5681617373511,10909216
2020-09-08,554.1610107421875,572.0371723790323,549.6919703329763,567.568131969821,10303521
2020-09-09,549.69189453125,558.629974117124,527.346695566565,549.69189453125,43775155
2020-09-10,513.939697265625,518.4087381114131,513.939697265625,513.939697265625,23652132
2020-09-11,513.939697265625,540.7539423403532,478.18737049932065,478.18737049932065,133905114
2020-09-14,531.8157348632812,545.2228542295825,509.47053591944587,509.47053591944587,74812864
2020-09-15,509.47064208984375,540.7539271304482,509.47064208984375,536.2848864103619,20988788
2020-09-16,496.0635070800781,513.9396694973782,496.0635070800781,509.4706288930532,24094457
2020-09-17,491.59442138671875,505.0015419699929,487.12538119229407,500.5325017755682,8934025
2020-09-18,509.47064208984375,540.7539271304482,496.0635199295847,496.0635199295847,159808193
2020-09-21,505.00152587890625,527.3467261390349,487.1253656708034,513.9396059829577,78317308
2020-09-22,496.0635070800781,505.00158828872816,491.5944664757531,505.00158828872816,38024098
2020-09-23,478.1873474121094,509.47063182224736,473.71830678208966,500.532550562208,46046434
2020-09-24,464.78021240234375,473.7182934100811,455.8421313946064,469.24925290621246,27931523
2020-09-25,478.1873474121094,482.6563880421291,464.7802255220502,464.7802255220502,30908396
2020-09-28,487.1253967285156,496.06347740243336,473.7182757176391,487.1253967285156,49505468
2020-09-29,491.59442138671875,513.9396223588424,482.65634099786934,496.0634615811435,87187657
2020-09-30,496.0635070800781,505.00158828872816,478.187344662778,491.5944664757531,21046271
2020-10-01,505.00152587890625,513.9396059829577,496.0634457748548,505.00152587890625,28052579
2020-10-02,491.59442138671875,505.0015419699929,482.65634099786934,500.5325017755682,21999758
2020-10-05,496.0635070800781,505.00158828872816,491.5944664757531,500.53254768440314,13489895
2020-10-06,505.00152587890625,513.9396059829577,500.53248582688053,509.47056593093197,23522923
2020-10-07,505.00152587890625,513.9396059829577,496.0634457748548,496.0634457748548,35286138
2020-10-08,527.3467407226562,536.2848210738878,505.0015398445776,509.4705800201933,74419663
2020-10-09,527.3467407226562,536.2848210738878,518.4086603714248,531.815780898272,26187299
2020-10-12,558.6300659179688,558.6300659179688,531.8158227539062,540.7539038085938,88649416
2020-10-13,558.6300659179688,580.9752685546875,540.7539038085938,558.6300659179688,84298197
2020-10-14,580.9752197265625,585.4442598783053,558.6300189678486,558.6300189678486,59337767
2020-10-15,554.1610107421875,580.9752531974547,554.1610107421875,580.9752531974547,36203298
2020-10-16,580.9752197265625,580.9752197265625,554.1609788161057,558.6300189678486,42021850
2020-10-19,594.3823852539062,630.1347091789532,580.9752637820136,594.3823852539062,143409126
2020-10-20,576.5062255859375,594.38238761961,576.5062255859375,585.4443066027737,25227104
2020-10-21,558.6300659179688,589.913349609375,549.6919848632813,580.9752685546875,67344726
2020-10-22,580.9752197265625,585.4442598783053,549.691938664363,554.1609788161057,81531134
2020-10-23,585.4442749023438,603.3204359680641,572.0371541030534,585.4442749023438,69682054
2020-10-26,585.4442749023438,603.3204359680641,580.9752346359136,589.9133151687738,28497485
2020-10-27,589.9132690429688,594.3823089599609,576.5061492919922,580.9751892089844,21917506
2020-11-02,589.9132690429688,594.3823089599609,576.5061492919922,589.9132690429688,10739964
2020-11-03,576.5062255859375,603.3204686364462,567.5681445691013,594.38238761961,60354724
2020-11-04,558.6300659179688,589.913349609375,554.161025390625,585.4443090820313,25992040
2020-11-05,589.9132690429688,598.8513488769531,567.5680694580078,567.5680694580078,59383796
2020-11-06,630.1346435546875,639.0727236051086,580.9752032773715,594.3823233530031,149462772
2020-11-09,656.948974609375,665.8870558965774,639.0728120349703,648.0108933221726,87606659
2020-11-10,679.2941284179688,683.7631687365081,665.887007462351,674.8250880994295,72465113
2020-11-11,670.3560791015625,679.29416015625,652.4799169921876,679.29416015625,83239030
2020-11-12,643.5418090820312,670.3560511271158,639.0727687411838,670.3560511271158,34498291
2020-11-13,670.3560791015625,679.29416015625,634.6037548828125,652.4799169921876,41092718
2020-11-16,692.7012939453125,710.5774563697076,683.7632127331149,683.7632127331149,58817937
2020-11-17,701.6393432617188,715.0464644705414,692.701262455837,706.1083836646596,45615667
2020-11-18,697.1702880859375,710.577409010667,692.7012477776942,692.7012477776942,31324405
2020-11-19,710.577392578125,723.9845131928066,688.2321915536556,692.7012317585495,57533480
2020-11-20,697.1702880859375,728.4535702436398,697.1702880859375,715.0464493189102,51107892
2020-11-23,715.0464477539062,719.5154880523681,692.7012462615967,701.6393268585205,29585135
2020-11-24,710.577392578125,732.9225936025944,710.577392578125,723.9845131928066,40984459
2020-11-25,701.6393432617188,728.4535856793641,697.1703028587779,723.9845452764232,26901563
2020-11-26,764.2059326171875,768.6749731588085,701.6393650344937,701.6393650344937,80504064
2020-11-27,755.267822265625,764.2059030024963,750.7987818971893,764.2059030024963,47240072
2020-11-30,732.922607421875,764.2058894459794,706.1083656869283,755.2678088676639,118621767
2020-12-01,723.984619140625,741.860782576196,701.6394148461612,732.9227008584105,57673216
2020-12-02,750.798828125,750.798828125,723.9845842633929,728.453624906994,70803657
2020-12-03,741.8607177734375,764.2059201160109,737.3916773049228,759.7368796474963,30068328
2020-12-04,715.0464477539062,746.3297298431396,706.1083671569825,746.3297298431396,94104798
2020-12-07,715.0464477539062,737.3916492462158,710.5774074554444,723.98452835083,60716551
2020-12-08,701.6393432617188,723.9845452764232,697.1703028587779,719.5155048734823,63655962
2020-12-10,719.5155639648438,723.9846047348117,692.7013193450359,706.1084416549398,81093246
2020-12-11,723.984619140625,737.3917417173033,719.5155782817322,728.4536599995178,65346727
2020-12-14,710.577392578125,728.4535533977005,706.1083523732311,723.9845131928066,76886613
2020-12-15,697.1702880859375,710.577409010667,692.7012477776942,706.1083687024238,71036998
2020-12-16,728.4535522460938,732.9225924439226,697.1702708612921,701.6393110591209,102103604
2020-12-17,764.2059326171875,768.6749731588085,732.9226488258406,732.9226488258406,219137499
2020-12-18,799.9581909179688,817.8343516088731,773.1439498816122,773.1439498816122,313716100
2020-12-21,804.4273071289062,822.3034695095487,777.6130635579427,799.9582665337457,88355496
2020-12-22,759.7368774414062,804.4272819967831,759.7368774414062,804.4272819967831,69272340
2020-12-23,750.798828125,777.6130719866071,715.0465029761905,764.2059500558036,86913139
2020-12-28,755.267822265625,773.1439837393676,732.9226204234468,755.267822265625,47022522
2020-12-29,741.8607177734375,768.6749605845256,732.9226368364082,764.2059201160109,63267405
2020-12-30,719.5155639648438,759.7369308945555,715.0465231948757,741.8607678146836,81464156
2021-01-04,741.8607177734375,746.3297582419522,697.1703130882906,723.9845558993787,48735269
2021-01-05,746.3297729492188,764.2059351755473,732.9226512794723,741.8607323926366,40199398
2021-01-06,715.0464477539062,768.6749313354492,701.6393268585205,746.3297298431396,98305962
2021-01-07,715.0464477539062,741.8606895446777,706.1083671569825,723.98452835083,78412254
2021-01-08,723.984619140625,732.9227008584105,715.0465374228395,719.5155782817322,45410913
2021-01-11,741.8607177734375,750.7987987104668,719.5155154308641,723.9845558993787,54224811
2021-01-12,786.5511474609375,786.5511474609375,732.9226601340554,755.2678631869229,129609314
2021-01-13,750.798828125,799.9582752046131,750.798828125,791.0201939174108,80395185
2021-01-14,732.922607421875,759.7368491568217,728.4535671327172,759.7368491568217,49995577
2021-01-15,741.8607177734375,755.2678391789816,728.4535963678935,732.9226368364082,50197028
2021-01-18,732.922607421875,755.2678088676639,728.4535671327172,741.8606880001905,38212546
2021-01-19,701.6393432617188,746.3297472911277,683.7631816499552,741.8607068881868,89136325
2021-01-20,723.984619140625,723.984619140625,683.7632514105902,701.6394148461612,54956413
2021-01-21,715.0464477539062,737.3916492462158,706.1083671569825,728.453568649292,36522400
2021-01-22,692.7012939453125,723.984578188004,688.2322533392137,715.0464969758065,78174063
2021-01-25,670.3560791015625,701.6393627929688,656.9489575195313,688.2322412109374,56185037
2021-01-26,639.07275390625,679.2941160402098,630.1346734320367,670.3560355659965,54078780
2021-01-27,661.41796875,674.8250897381756,616.727565456081,639.0727671030405,53090823
2021-01-28,621.1966552734375,656.9489807568008,616.7276145880171,648.01089938596,60091145
2021-01-29,621.1966552734375,643.5418587005396,598.8514518463354,625.6656959588579,45219782
2021-02-01,652.4799194335938,674.8251221539223,598.8514329048052,616.7275950810681,64145554
2021-02-02,643.5418090820312,670.3560511271158,634.6037284003364,665.8870107862684,30662877
2021-02-03,643.5418090820312,661.417970445421,639.0727687411838,648.0108494228787,25369833
2021-02-04,639.07275390625,661.4179550917833,634.6037136691434,643.5417941433567,29991546
2021-02-05,665.8870239257812,674.8251047838454,643.5418217806208,648.0108622096528,51967362
2021-02-08,719.5155639648438,732.9226862747477,670.356115495196,674.825156265164,94536700
2021-02-09,710.577392578125,732.9225936025944,697.1702719634434,728.4535533977005,59659965
2021-02-10,723.984619140625,732.9227008584105,697.1703739872685,710.5774965639467,31016036
2021-02-11,719.5155639648438,732.9226862747477,715.0465231948757,723.9846047348117,11843404
2021-02-15,768.6749877929688,768.6749877929688,715.0465002725291,728.453622152639,91078698
2021-02-16,764.2059326171875,773.1440137004295,746.3297704507036,773.1440137004295,52615473
2021-02-17,755.267822265625,791.0201452131103,741.8607011603181,764.2059030024963,91464881
2021-02-18,777.613037109375,786.5511179956897,750.798794450431,759.7368753367457,74560741
2021-02-19,822.303466796875,831.2415479577106,773.1440204122792,786.5511421535326,237821571
2021-02-22,835.7105712890625,858.0557737299465,795.4892068954713,804.4272878718249,103537601
2021-02-23,777.613037109375,844.6486437567349,777.613037109375,844.6486437567349,89944297
2021-02-24,755.267822265625,782.0820644762389,723.9845396865754,759.7368626340607,156596741
2021-02-25,764.2059326171875,782.0820947836713,759.7368920755665,768.6749731588085,48670355
2021-02-26,737.3916625976562,773.1439856326941,715.0464607007575,728.4535818388968,76808179
2021-03-01,799.9581909179688,822.3033917815992,737.3916284998036,746.3297088452558,215393832
2021-03-02,813.3653564453125,835.7105585454584,799.9582351852249,817.8343968653417,103043777
2021-03-03,786.5511474609375,826.772512956099,768.6749850186435,817.8344317349521,49152929
2021-03-04,799.9581909179688,799.9581909179688,764.2058695361601,777.6129900543383,43624583
2021-03-05,777.613037109375,795.4891988820043,768.6749562230603,795.4891988820043,23875565
2021-03-08,782.08203125,804.4272321428571,777.6129910714285,786.5510714285714,29627861
2021-03-09,791.0202026367188,813.3654061010329,773.1440398652675,782.0821212509932,59594741
2021-03-10,889.339111328125,902.7462336094535,791.0202145983825,791.0202145983825,184019477
2021-03-12,929.5604248046875,956.3746678278997,893.808100773738,898.2771412776067,85777706
2021-03-15,934.0294799804688,947.4366017026764,911.6842771101226,938.4985205545379,43104546
2021-03-16,929.5604248046875,942.9675463162936,916.1533032930814,942.9675463162936,18285194
2021-03-17,920.6223754882812,934.0294974614117,875.9319689111803,929.5604568037015,28396449
2021-03-18,920.6223754882812,929.5604568037015,916.1533348305712,920.6223754882812,14375784
2021-03-19,902.7462158203125,920.6223785098236,889.3390938031791,920.6223785098236,20568547
2021-03-22,893.8080444335938,916.1532455444335,875.9318835449218,902.7461248779297,16647269
2021-03-23,871.4629516601562,902.7462371043671,862.5248701046676,893.8081555488783,22814025
2021-03-24,858.0557861328125,866.9938672383627,849.1177050272623,862.5248266855875,18129978
2021-03-25,858.0557861328125,862.5248266855875,817.8344211578369,858.0557861328125,33914579
2021-03-26,898.2771606445312,911.6842824451959,858.0557952425373,866.9938764429804,60557001
2021-03-29,884.8700561523438,916.1533409658105,880.4010154647057,907.2152595905343,28960451
2021-03-30,849.11767578125,889.3390393708881,831.2415141858552,884.8699989720394,22113797
2021-03-31,840.1796264648438,844.6486670311461,799.9582613681225,835.7105858985415,62263143
2021-04-01,826.7724609375,849.1176625844595,822.3034206081081,840.1795819256757,49271302
2021-04-05,808.8963012695312,835.7105433005655,795.4891802540142,826.7724626235541,24455975
2021-04-06,866.993896484375,875.9319778914304,795.4892452279316,795.4892452279316,46314966
2021-04-07,871.4629516601562,889.3391147711338,844.64870699369,871.4629516601562,25805553
2021-04-08,875.9319458007812,880.4009863405811,862.5248241813815,871.4629052609813,9523827
2021-04-09,858.0557861328125,884.8700294494629,853.5867455800375,884.8700294494629,28422353
2021-04-12,840.1796264648438,858.0557887300532,822.3034641996344,858.0557887300532,13700841
2021-04-13,831.2415161132812,840.1795969317036,817.8343948856477,840.1795969317036,6801554
2021-04-14,840.1796264648438,853.5867481637508,826.7725047659367,835.7105858985415,34215620
2021-04-15,840.1796264648438,844.6486670311461,831.2415453322391,840.1796264648438,9228255
2021-04-16,840.1796264648438,849.1177075974485,835.7105858985415,840.1796264648438,6495146
2021-04-19,840.1796264648438,853.5867481637508,835.7105858985415,844.6486670311461,21701916
2021-04-20,884.8700561523438,898.277178215258,840.1796492759628,844.6486899636009,82009787
2021-04-21,875.9319458007812,898.2771484997808,866.9938647211814,884.870026880381,19255297
2021-04-22,871.4629516601562,884.8700739933895,858.0558293269231,884.8700739933895,14362058
2021-04-23,880.4009399414062,884.8699802456774,866.993819028593,871.4628593328641,9188728
2021-04-26,889.339111328125,911.6843151303392,871.4629482863536,889.339111328125,45813506
2021-04-27,907.2152099609375,916.1532908472522,884.8700077451508,889.3390481883082,58865720
2021-04-28,902.7462158203125,911.6842971650681,889.3390938031791,907.2152564926903,13399902
2021-04-29,880.4009399414062,893.8080608542195,862.5247787243219,866.993819028593,19810216
2021-04-30,866.993896484375,889.3391000020135,866.993896484375,884.8700592984858,9490492
2021-05-03,875.9319458007812,875.9319458007812,835.710580942582,866.9938647211814,38819479
2021-05-04,853.5867309570312,871.4628928618906,853.5867309570312,866.9938523856757,9705566
2021-05-05,844.6486206054688,866.9938222087881,835.710539964141,853.5867012467965,14770327
2021-05-06,831.2415161132812,853.5867181593372,831.2415161132812,849.1176777501261,11137706
2021-05-07,826.7724609375,858.0557432432432,826.7724609375,831.2415012668919,18316568
2021-05-10,858.0557861328125,866.9938672383627,826.7725022633871,826.7725022633871,24757120
2021-05-11,831.2415161132812,858.0557585685484,826.7724757040701,858.0557585685484,18861167
2021-05-17,817.83447265625,835.7106359929986,808.8963909878756,831.2415951588115,10327773
2021-05-18,844.6486206054688,844.6486206054688,817.8343786814856,822.3034190021494,8660332
2021-05-19,822.303466796875,844.648669698964,817.8344262164572,835.7105885381284,4944633
2021-05-20,808.8963012695312,826.7724626235541,799.9582205925199,813.3653416080369,25957983
2021-05-21,804.4273071289062,817.834428914388,795.4892259385852,813.3653883192275,17713866
2021-05-24,799.9581909179688,808.8962712634209,795.4891507452427,804.4272310906948,5324624
2021-05-25,813.3653564453125,831.2415181254293,799.9582351852249,804.4272756052542,21938559
2021-05-27,808.8963012695312,840.1795836390712,808.8963012695312,817.8343819465426,26111445
2021-05-28,808.8963012695312,817.8343819465426,799.9582205925199,813.3653416080369,9386567
2021-05-31,840.1796264648438,862.5248292963556,813.3653830670296,817.834423633332,32968832
2021-06-02,858.0557861328125,871.4629077911377,840.1796239217123,840.1796239217123,33270699
2021-06-03,853.5867309570312,866.9938523856757,831.2415285759572,858.0557714332462,31821118
2021-06-04,839.4125366210938,871.6976341834435,834.8003798264724,862.4733205942007,33406100
2021-06-07,834.8004760742188,848.6369480533494,834.8004760742188,844.0247907269725,5956500
2021-06-08,811.7395629882812,844.024659243497,811.7395629882812,834.800346027721,45265800
2021-06-09,802.5152587890625,820.9638854278915,797.9031021293553,807.1274154487697,33064500
2021-06-10,788.6788330078125,807.1274606805099,779.4545191714639,797.9031468441611,33482900
2021-06-11,788.6788330078125,797.9031468441611,774.8423622532895,788.6788330078125,48253600
2021-06-14,779.4545288085938,807.1274706597865,774.842371833395,788.6788427589913,46417000
2021-06-15,784.0667114257812,797.9031828038833,779.4545542997472,784.0667114257812,37897200
2021-06-16,802.5152587890625,807.1274154487697,779.4544754905262,784.0666321502334,33084400
2021-06-17,793.291015625,807.1274868277616,784.0667014898256,802.5153297601744,35728500
2021-06-18,774.8424072265625,797.9031931559244,737.9451497395834,793.2910359700521,63866400
2021-06-21,756.3937377929688,770.2302086062548,728.7207961663968,747.1694239174448,39949500
2021-06-22,784.0667114257812,793.2910256778492,761.0059257956112,774.8423971737132,38348000
2021-06-23,770.230224609375,788.6788527437312,770.230224609375,784.0666957101422,15269500
2021-06-24,779.4545288085938,784.0666857837925,765.6180578829974,770.2302148581962,13262600
2021-06-25,761.0059204101562,784.0667058771306,756.3937633167614,779.4545487837358,9388500
2021-06-28,728.7208251953125,765.618082167227,724.1086680738232,761.0059250457377,19775900
2021-06-29,733.3330078125,747.1694796580189,705.6600641214623,719.4965359669811,24027600
2021-06-30,784.0667114257812,793.2910256778492,733.3329830394072,737.9451401654411,32997900
2021-07-01,770.230224609375,793.2910097773204,756.3937535086077,793.2910097773204,15604900
2021-07-02,765.6180419921875,784.0666695100715,761.0058851127164,770.2301988716584,14983100
2021-07-05,761.0059204101562,774.842391690341,756.3937633167614,774.842391690341,15684600
2021-07-06,779.4545288085938,788.6788427589913,747.1694299822022,761.0059009077986,23530900
2021-07-07,774.8424072265625,793.2910359700521,774.8424072265625,784.0667215983073,25122000
2021-07-08,756.3937377929688,793.2909932950648,747.1694239174448,774.8423655440168,33143900
2021-07-09,761.0059204101562,774.842391690341,747.1694491299716,751.7816062233665,25410600
2021-07-12,761.0059204101562,779.4545487837358,761.0059204101562,779.4545487837358,17630200
2021-07-13,737.9451293945312,770.230228805542,724.1086582183838,761.0059146881104,30048700
2021-07-14,710.272216796875,742.5573175603694,705.6600595449472,728.720845804586,27507900
2021-07-15,710.272216796875,724.1086885526582,701.0479022930195,714.8843740488028,27556900
2021-07-16,728.7208251953125,742.5572965597805,710.2721967093553,719.4965109523339,33975900
2021-07-19,696.4356689453125,728.7207661811879,691.8235121973303,728.7207661811879,14925500
2021-07-21,724.1087036132812,751.781647700413,696.4357595261495,705.6600742218601,48178600
2021-07-22,756.3937377929688,774.8423655440168,733.3329531041587,733.3329531041587,68315300
2021-07-23,733.3330078125,761.0059515035377,724.1086932488208,756.3937942216982,23296000
2021-07-26,701.0479125976562,742.557328475149,696.4357552779348,737.9451711554276,61106800
2021-07-27,691.8235473632812,714.8843322753906,687.2113903808594,710.2721752929688,73781300
2021-07-28,682.5992431640625,696.43571430928,677.9870861156567,691.8235572608742,19464800
2021-07-29,696.4356689453125,701.0478256932946,682.5991987013658,701.0478256932946,19518700
2021-07-30,691.8235473632812,701.047861328125,687.2113903808594,696.4357043457031,16675900
2021-08-02,710.272216796875,719.4965313007306,682.5992732853084,691.823587789164,48355000
2021-08-03,714.8843383789062,728.7208094443045,701.047867313508,714.8843383789062,32677800
2021-08-04,705.6599731445312,724.1085998934078,701.047816457312,719.4964432061887,25069400
2021-08-05,710.272216796875,714.8843740488028,691.823587789164,705.6600595449472,17527500
2021-08-06,696.4356689453125,714.8842959372413,687.211355449348,710.2721391892591,42247300
2021-08-09,687.21142578125,719.4965263213087,682.5992685612416,696.4357402212668,58386600
2021-08-10,687.21142578125,696.4357402212668,677.9871113412332,687.21142578125,15727400
2021-08-12,696.4356689453125,696.4356689453125,677.9870419533837,687.211355449348,21906500
2021-08-13,691.8235473632812,705.6600183105469,687.2113903808594,701.047861328125,35662200
2021-08-16,682.5992431640625,696.43571430928,673.3749290672508,691.8235572608742,48833900
2021-08-18,737.9451293945312,747.1694435119629,677.9870876312256,682.5992446899413,101439100
2021-08-19,701.0479125976562,742.557328475149,687.211440638492,737.9451711554276,59283800
2021-08-20,701.0479125976562,705.6600699173777,687.211440638492,696.4357552779348,15400400
2021-08-23,751.7815551757812,756.3937119560007,705.6599873735861,705.6599873735861,56022400
2021-08-24,733.3330078125,761.0059515035377,728.7208505306604,756.3937942216982,18936900
2021-08-25,733.3330078125,751.7816369398586,728.7208505306604,737.9451650943397,17652100
2021-08-26,714.8843383789062,747.169437531502,710.2721813571069,742.5572805097027,10799500
2021-08-27,705.6599731445312,733.3329132678462,701.047816457312,728.720756580627,13173900
2021-08-30,742.5572509765625,751.78156465329,714.8843099463801,719.4964667847438,34367700
2021-08-31,733.3330078125,751.7816369398586,733.3330078125,742.5573223761793,17108100
2021-09-01,742.5572509765625,747.1694078149262,733.3329372998351,737.9450941381988,6754900
2021-09-02,765.6180419921875,765.6180419921875,733.3329438358904,747.1694144743034,27890900
2021-09-03,779.4545288085938,788.6788427589913,714.8843311558109,770.2302148581962,174009800
2021-09-06,807.1275024414062,816.3518167550222,765.6180880301339,788.678873814174,71927600
2021-09-07,820.9640502929688,830.1883654647999,793.2911047774754,807.1275775352221,51818200
2021-09-08,797.9031982421875,830.1882987490968,793.2910410269147,816.3518271032785,37308000
2021-09-09,816.351806640625,816.351806640625,793.2910211423023,802.5153353416313,35545100
2021-09-10,811.7395629882812,816.3517195961692,797.9030931646174,807.1274063803933,24747600
2021-09-13,797.9031982421875,816.3518271032785,779.4545693810965,816.3518271032785,25358100
2021-09-14,797.9031982421875,811.7396698880058,784.0667265963692,802.5153554574603,35618500
2021-09-15,802.5152587890625,820.9638854278915,793.2909454696479,797.9031021293553,39467200
2021-09-16,788.6788330078125,811.7396175986842,784.0666760896381,802.5153037623355,29127900
2021-09-17,779.4545288085938,793.2909997341901,774.842371833395,788.6788427589913,32037400
2021-09-20,756.3937377929688,784.0666794195408,756.3937377929688,779.4545224817788,22050900
2021-09-21,756.3937377929688,765.6180516684927,737.9451100419208,742.5572669796827,42168800
2021-09-22,784.0667114257812,793.2910256778492,751.7816115435431,756.3937686695772,52464900
2021-09-23,751.7815551757812,770.2301822966593,742.5572416153421,765.6180255164398,105176300
2021-09-24,751.7815551757812,761.0058687362202,747.1693983955618,751.7815551757812,26199800
2021-09-27,751.7815551757812,765.6180255164398,747.1693983955618,756.3937119560007,34231900
2021-09-28,747.16943359375,756.3937475887345,742.5572765962577,751.7815905912422,24529600
2021-09-29,761.0059204101562,770.230234596946,737.9451349431818,747.1694491299716,55376100
2021-09-30,779.4545288085938,788.6788427589913,761.0059009077986,765.6180578829974,64395800
2021-10-01,761.0059204101562,797.9031771573153,756.3937633167614,770.230234596946,94724600
2021-10-04,848.6368408203125,848.6368408203125,765.6180194357167,765.6180194357167,144579500
2021-10-05,834.8004760742188,862.4734200324801,825.5761614214649,862.4734200324801,85003400
2021-10-06,844.0247802734375,853.2490948119449,834.80046573493,839.4126230041837,63640700
2021-10-07,839.4125366210938,857.8611637995793,820.9639094426082,853.2490070049579,52056000
2021-10-08,848.6368408203125,857.8611543074899,830.1882138459579,834.8003705895466,46703400
2021-10-11,844.0247802734375,867.0855666197062,834.80046573493,862.4734093504525,36479000
2021-10-12,862.4733276367188,894.7584254626921,834.8003866430272,844.024700307591,142157400
2021-10-13,871.6976928710938,880.9220070813699,853.2490644505415,867.0855357659557,54188600
2021-10-14,880.9220581054688,890.1463728500286,862.4734286163489,867.0855859886288,79214200
2021-10-15,876.309814453125,894.7584421258224,871.6976575349506,885.5341282894736,43661400
2021-10-18,871.6976928710938,885.534164186508,862.4733786608176,880.9220070813699,34780900
2021-10-19,857.8612060546875,880.9219911636844,853.2490490328881,871.6976771200857,40217500
2021-10-21,857.8612060546875,880.9219911636844,853.2490490328881,857.8612060546875,40961100
2021-10-22,867.0855712890625,885.5342004654256,839.4126275245179,857.861256700881,53147000
2021-10-25,848.6368408203125,876.3097812818445,844.0246840767239,867.0854677946671,23514800
2021-10-26,844.0247802734375,857.8612520811987,834.80046573493,853.2490948119449,11511600
2021-10-27,834.8004760742188,862.4734200324801,834.8004760742188,844.0247907269725,17042400
2021-10-28,839.4125366210938,853.2490070049579,830.188223031851,844.0246934157152,22410500
2021-10-29,844.0247802734375,853.2490948119449,839.4126230041837,839.4126230041837,17108400
2021-11-01,857.8612060546875,871.6976771200857,844.0247349892893,844.0247349892893,35474000
2021-11-02,853.2490844726562,871.6977133261191,848.6369272592906,857.861241686022,35242100
2021-11-03,899.3705444335938,908.5948577098358,848.6368214142628,857.8611346905049,120120100
2021-11-04,876.309814453125,927.0435405530428,867.0855006167764,899.3705990439967,78195700
2021-11-05,857.8612060546875,885.5341481854839,853.2490490328881,885.5341481854839,27740000
2021-11-08,862.4733276367188,871.6976413012826,853.2490139721549,862.4733276367188,23687000
2021-11-09,890.1463012695312,903.9827722737209,862.473359261152,867.0855162625486,32173700
2021-11-10,880.9220581054688,899.3706875945885,876.3099007331888,890.1463728500286,37629500
2021-11-11,885.5341186523438,899.3705892562866,880.9219617843628,880.9219617843628,19460300
2021-11-12,885.5341186523438,922.4313735961914,880.9219617843628,885.5341186523438,86540100
2021-11-15,876.309814453125,894.7584421258224,871.6976575349506,885.5341282894736,15432200
2021-11-16,894.7584838867188,899.3706410201554,871.6976982195353,876.3098553529719,11188200
2021-11-17,885.5341186523438,913.2070598602295,885.5341186523438,899.3705892562866,19486700
2021-11-18,880.9220581054688,894.7585302223085,880.9220581054688,885.5342154777486,6013500
2021-11-19,899.3705444335938,903.9827010717148,880.9219178811098,880.9219178811098,15440800
2021-11-22,880.9220581054688,908.5950023391483,871.6977433609088,908.5950023391483,21727900
2021-11-23,862.4733276367188,885.5341117981284,857.8611708044368,880.9219549658465,18761600
2021-11-24,867.0855712890625,876.309885877244,857.861256700881,862.4734139949717,23369300
2021-11-25,844.0247802734375,871.69772388896,839.4126230041837,871.69772388896,24999700
2021-11-26,788.6788330078125,853.2490298622533,788.6788330078125,844.0247160259046,72156000
2021-11-29,811.7395629882812,820.9638762040572,770.2301535172896,784.0666233409535,61702700
2021-11-30,802.5152587890625,820.9638854278915,774.842318830819,811.739572108477,34018100
2021-12-01,770.230224609375,811.7396379116766,756.3937535086077,797.9031668109094,60384800
2021-12-02,756.3937377929688,774.8423655440168,747.1694239174448,770.2302086062548,43518200
2021-12-03,788.6788330078125,802.5153037623355,761.0058914987665,765.6180484169408,37472500
2021-12-06,765.6180419921875,807.1274539074266,765.6180419921875,793.2909832690135,42082500
2021-12-07,811.7395629882812,811.7395629882812,774.8423101251775,779.4544667330655,33156100
2021-12-08,807.1275024414062,820.9639739118303,797.9031881277901,816.3518167550222,26290900
2021-12-09,811.7395629882812,825.5760328119451,797.9030931646174,816.3517195961692,13171100
2021-12-10,825.5760498046875,839.412519913146,802.51526629059,811.739579696229,33565500
2021-12-13,834.8004760742188,848.6369480533494,825.5761614214649,834.8004760742188,27512300
2021-12-14,825.5760498046875,844.0246766159654,816.3517363990485,839.412519913146,8441000
2021-12-15,811.7395629882812,825.5760328119451,811.7395629882812,820.9638762040572,5905200
2021-12-16,788.6788330078125,830.1882452713816,788.6788330078125,811.7396175986842,34925600
2021-12-17,788.6788330078125,807.1274606805099,784.0666760896381,788.6788330078125,9854700
2021-12-20,784.0667114257812,793.2910256778492,774.8423971737132,788.6788685518152,10524900
2021-12-21,797.9031982421875,797.9031982421875,779.4545693810965,784.0667265963692,10358800
2021-12-22,784.0667114257812,802.5153399299172,779.4545542997472,802.5153399299172,11511900
2021-12-23,784.0667114257812,788.6788685518152,770.2302400476792,784.0667114257812,10986300
2021-12-24,784.0667114257812,784.0667114257812,770.2302400476792,784.0667114257812,9917400
2021-12-27,788.6788330078125,807.1274606805099,779.4545191714639,788.6788330078125,11394400
2021-12-28,770.230224609375,797.9031668109094,770.230224609375,788.6788527437312,17291200
2021-12-29,737.9451293945312,779.4545429229736,733.3329723358154,770.230228805542,38532000
2021-12-30,770.230224609375,770.230224609375,733.3329683406624,737.9451253742515,21743800
2022-01-03,765.6180419921875,774.8423557511295,751.7815713537744,774.8423557511295,10245500
2022-01-04,756.3937377929688,797.9031502328269,756.3937377929688,765.6180516684927,38114300
2022-01-05,724.1087036132812,756.3938050482683,724.1087036132812,756.3938050482683,49414100
2022-01-06,710.272216796875,737.9451603084416,705.6600595449472,724.1086885526582,43206000
2022-01-07,710.272216796875,724.1086885526582,696.4357450410918,724.1086885526582,40920400
2022-01-10,737.9451293945312,747.1694435119629,710.2721870422363,714.8843441009521,49274400
2022-01-11,696.4356689453125,733.3329229291701,696.4356689453125,733.3329229291701,43324400
2022-01-12,687.21142578125,710.2722118812919,673.3749541212248,701.0478974412752,29643500
2022-01-13,691.8235473632812,701.047861328125,677.9870764160156,687.2113903808594,15494100
2022-01-14,696.4356689453125,701.0478256932946,687.211355449348,691.8235121973303,10323100
2022-01-17,677.987060546875,705.6600017936862,673.3749036724065,696.4356880447492,18530900
2022-01-18,668.7628173828125,687.2114468278556,650.3141879377694,677.987132105334,27362800
2022-01-19,659.5385131835938,677.987142922995,659.5385131835938,668.7628280532944,21530000
2022-01-20,664.150634765625,668.7627919514974,654.9263203938802,659.5384775797526,16910000
2022-01-21,668.7628173828125,673.3749747440733,650.3141879377694,664.1506600215517,14816600
2022-01-24,650.3140869140625,673.3748701379654,645.7019302692819,668.7627134931848,15348500
2022-01-25,627.2533569335938,650.3141421149759,622.6411998973173,645.7019850786994,40904900
2022-01-26,627.2533569335938,641.089828042423,613.4168858247644,627.2533569335938,28016200
2022-01-27,604.1925048828125,636.4776005635734,599.5803483569895,627.2532875119275,31945500
2022-01-28,627.2533569335938,631.8655139698702,604.1925717522116,604.1925717522116,49027700
2022-01-31,627.2533569335938,636.4776710061466,618.0290428610409,627.2533569335938,21802200
2022-02-02,645.7019653320312,668.7627498081752,622.6411808558872,627.2533377511161,75569500
2022-02-03,664.150634765625,673.3749491373698,641.0898488362631,641.0898488362631,71351000
2022-02-04,664.150634765625,682.5992635091146,654.9263203938802,668.7627919514974,40315300
2022-02-07,659.5385131835938,673.3749854881446,654.9263557487434,664.150670618444,41988200
2022-02-08,659.5385131835938,687.2114577926956,654.9263557487434,664.150670618444,39474800
2022-02-09,659.5385131835938,668.7628280532944,654.9263557487434,668.7628280532944,32990300
2022-02-10,654.92626953125,682.5992104973591,650.3141127035651,664.1505831866197,31658900
2022-02-11,650.3140869140625,664.1505568484042,645.7019302692819,650.3140869140625,31807900
2022-02-14,627.2533569335938,650.3141421149759,622.6411998973173,650.3141421149759,34913200
2022-02-15,645.7019653320312,650.31412222726,627.2533377511161,627.2533377511161,23222800
2022-02-16,659.5385131835938,677.987142922995,645.7020408790428,645.7020408790428,45045700
2022-02-17,664.150634765625,673.3749491373698,650.3141632080078,668.7627919514974,30000200
2022-02-18,696.4356689453125,701.0478256932946,659.5384149614548,664.150571709437,60202300
2022-02-21,710.272216796875,710.272216796875,682.5992732853084,701.0479022930195,61872600
2022-02-22,677.987060546875,710.2721586681548,673.3749036724065,710.2721586681548,37318800
2022-02-23,668.7628173828125,682.5992894665948,645.7020305765086,645.7020305765086,25649200
2022-02-24,622.6412353515625,668.7628083405671,622.6412353515625,668.7628083405671,81320800
2022-02-25,641.0897827148438,650.3140961352012,608.8046857435926,622.6411558741288,78301900
2022-03-01,645.7019653320312,659.5384360177176,636.4776515415737,636.4776515415737,25086300
2022-03-02,636.4776611328125,645.7019750622736,631.865504168082,645.7019750622736,28027300
2022-03-04,641.0897827148438,650.3140961352012,627.2533125843075,636.477626004665,44502900
2022-03-07,604.1925048828125,641.0897570893965,604.1925048828125,641.0897570893965,35294100
2022-03-08,654.92626953125,668.7627400143045,604.1925444267165,613.4168580820863,135340100
2022-03-09,742.5572509765625,751.78156465329,650.3141142092877,654.9262710476514,342844800
2022-03-10,733.3330078125,756.3937942216982,714.8843786851415,756.3937942216982,70691900
2022-03-11,742.5572509765625,747.1694078149262,719.4964667847438,742.5572509765625,40660300
2022-03-14,728.7208251953125,765.618082167227,714.8843538308446,742.5572965597805,70379900
2022-03-15,728.7208251953125,737.9451394382911,701.0478824663766,728.7208251953125,72154500
2022-03-16,719.4965209960938,742.5573069254557,710.272206624349,728.7208353678385,51270200
2022-03-17,733.3330078125,747.1694796580189,724.1086932488208,737.9451650943397,45812200
2022-03-18,710.272216796875,742.5573175603694,705.6600595449472,737.9451603084416,52354300
2022-03-21,710.272216796875,724.1086885526582,705.6600595449472,724.1086885526582,23518900
2022-03-22,719.4965209960938,737.9451497395834,714.8843638102213,714.8843638102213,30877500
2022-03-23,705.6599731445312,733.3329132678462,696.4356597700929,719.4964432061887,81906100
2022-03-24,724.1087036132812,751.781647700413,687.211444830439,705.6600742218601,162627900
2022-03-25,724.1087036132812,742.5573330047024,719.496546265426,737.9451756568471,110726500
2022-03-28,728.7208251953125,733.3329823168018,714.8843538308446,724.1086680738232,42102800
2022-03-29,714.8843383789062,751.7815945533014,714.8843383789062,728.7208094443045,74634000
2022-03-30,714.8843383789062,737.9451234879032,710.2721813571069,728.7208094443045,81985600
2022-03-31,710.272216796875,724.1086885526582,710.272216796875,714.8843740488028,29710100
2022-04-01,682.5992431640625,714.8843425029033,677.9870861156567,710.2721854544975,119274600
2022-04-04,682.5992431640625,691.8235572608742,664.1506149704392,682.5992431640625,105965100
2022-04-05,696.4356689453125,696.4356689453125,677.9870419533837,687.211355449348,63188900
2022-04-06,668.7628173828125,705.6600762728987,664.1506600215517,696.4357615503772,79565900
2022-04-07,673.3749389648438,677.9870960810413,659.5384676162511,673.3749389648438,46816700
2022-04-08,664.150634765625,677.9871063232422,659.5384775797526,673.3749491373698,43567800
2022-04-11,636.4776611328125,668.7627598859262,631.865504168082,664.1506029211956,66789500
2022-04-12,636.4776611328125,650.3141320270041,622.641190238621,636.4776611328125,64161000
2022-04-13,636.4776611328125,641.089818097543,627.2533472033515,641.089818097543,39187600
2022-04-14,631.865478515625,641.0897920705976,627.2533217381387,641.0897920705976,28828400
2022-04-18,659.5385131835938,668.7628280532944,631.8655685744919,631.8655685744919,82437500
2022-04-19,645.7019653320312,664.1505929129464,636.4776515415737,664.1505929129464,51605600
2022-04-20,664.150634765625,668.7627919514974,645.7020060221354,645.7020060221354,64142700
2022-04-21,654.92626953125,673.3748968419894,650.3141127035651,668.7627400143045,36588800
2022-04-22,641.0897827148438,659.5384095555587,636.477626004665,654.92625284538,31849600
2022-04-25,641.0897827148438,645.7019394250225,622.6411558741288,636.477626004665,47981500
2022-04-26,654.92626953125,659.5384263589349,631.8654853928257,641.0897990481955,62915600
2022-04-27,636.4776611328125,659.5384459564651,631.865504168082,659.5384459564651,36819000
2022-04-28,654.92626953125,664.1505831866197,636.4776422205106,636.4776422205106,53234100
2022-05-09,622.6412353515625,650.3141791449652,618.029078052662,650.3141791449652,64068100
2022-05-10,622.6412353515625,627.253392650463,585.7439769603587,622.6412353515625,109304100
2022-05-11,654.92626953125,673.3748968419894,622.6411717374559,636.4776422205106,102893900
2022-05-12,627.2533569335938,654.9262991512524,622.6411998973173,631.8655139698702,34323800
2022-05-13,627.2533569335938,636.4776710061466,618.0290428610409,627.2533569335938,44197700
2022-05-17,631.865478515625,654.9262624030565,618.0290081831661,654.9262624030565,31071600
2022-05-18,631.865478515625,645.7019488480839,627.2533217381387,645.7019488480839,10832500
2022-05-19,622.6412353515625,631.8655499493634,613.4169207537616,631.8655499493634,32233800
2022-05-20,645.7019653320312,650.31412222726,622.6411808558872,622.6411808558872,33352300
2022-05-23,627.2533569335938,645.7019850786994,618.0290428610409,645.7019850786994,36298200
2022-05-24,641.0897827148438,650.3140961352012,627.2533125843075,631.8654692944863,22526900
2022-05-25,627.2533569335938,650.3141421149759,627.2533569335938,641.089828042423,9407500
2022-05-27,627.2533569335938,650.3141421149759,627.2533569335938,631.8655139698702,40175100
2022-05-30,636.4776611328125,641.089818097543,627.2533472033515,641.089818097543,19994500
2022-05-31,645.7019653320312,645.7019653320312,631.8654946463448,636.4776515415737,41261100
2022-06-02,631.865478515625,645.7019488480839,631.865478515625,645.7019488480839,25983600
2022-06-03,627.2533569335938,641.089828042423,627.2533569335938,636.4776710061466,17276400
2022-06-06,618.029052734375,631.865524064249,618.029052734375,618.029052734375,64631300
2022-06-07,627.2533569335938,627.2533569335938,613.4168858247644,618.0290428610409,12614900
2022-06-08,613.4169311523438,627.2534032835996,608.8047737752585,627.2534032835996,34954400
2022-06-09,613.4169311523438,622.6412459065143,604.1926163981732,613.4169311523438,24579700
2022-06-10,581.1317749023438,608.8047165643601,581.1317749023438,608.8047165643601,59830300
2022-06-13,544.2344360351562,585.7438421734308,544.2344360351562,585.7438421734308,54753300
2022-06-14,553.4589233398438,567.2953964233399,530.3981348673502,544.2346079508463,30030000
2022-06-15,535.0101928710938,562.6831338816676,530.3980360359982,562.6831338816676,24003400
2022-06-16,558.0709838867188,571.9074545615961,539.6223563202157,539.6223563202157,36820600
2022-06-17,558.0709838867188,562.6831407783445,544.2345132118414,558.0709838867188,18111800
2022-06-20,539.6223754882812,562.6831607655582,535.0102184328258,558.0710037101028,33261200
2022-06-21,539.6223754882812,548.846689599192,535.0102184328258,539.6223754882812,16676800
2022-06-22,539.6223754882812,544.2345325437367,530.3980613773705,539.6223754882812,24153700
2022-06-23,539.6223754882812,544.2345325437367,530.3980613773705,544.2345325437367,23278800
2022-06-24,539.6223754882812,553.4588466546475,535.0102184328258,544.2345325437367,42260800
2022-06-27,539.6223754882812,553.4588466546475,530.3980613773705,539.6223754882812,33209500
2022-06-28,535.0101928710938,539.6223497061894,530.3980360359982,539.6223497061894,14876100
2022-06-29,530.3980712890625,544.2345427139945,530.3980712890625,535.0102284307065,24609100
2022-06-30,525.7859497070312,535.0102646141721,516.5616347998904,530.3981071606017,24739000
2022-07-01,525.7859497070312,530.3981071606017,507.33731989274946,525.7859497070312,40927600
2022-07-04,502.7251281738281,525.7859138698753,498.1129710346187,525.7859138698753,33658200
2022-07-05,507.3373107910156,535.0102550159801,498.1129960493608,507.3373107910156,72073600
2022-07-06,516.5615844726562,521.1737414768763,507.3372704642159,507.3372704642159,25241800
2022-07-07,521.1737060546875,530.3980194361865,516.5615493639381,521.1737060546875,18267200
2022-07-08,511.949462890625,530.3980921839809,511.949462890625,516.5616202139639,24986300
2022-07-11,516.5615844726562,521.1737414768763,507.3372704642159,521.1737414768763,11347600
2022-07-12,511.949462890625,521.173777537303,507.337305567286,516.5616202139639,20034100
2022-07-13,507.3373107910156,525.7859402743253,507.3373107910156,516.5616255326705,32498800
2022-07-14,507.3373107910156,511.9494681618431,493.5008386785334,502.72515342018824,43916100
2022-07-15,502.7251281738281,511.949442452247,502.7251281738281,511.949442452247,9708200
2022-07-18,512.9848022460938,526.9752968528054,508.3213040438565,508.3213040438565,17357900
2022-07-19,540.9658203125,545.6293187634698,512.984829606681,517.6483280576508,25269900
2022-07-20,536.30224609375,564.2832328464674,536.30224609375,540.9657438858695,61210300
2022-07-21,550.2927856445312,550.2927856445312,536.3022910942466,540.9657892776747,20006400
2022-07-22,545.6292724609375,554.9562685713809,536.3022763504941,554.9562685713809,14010100
2022-07-25,540.9658203125,550.2928172144397,536.3023218615301,540.9658203125,7133900
2022-07-26,531.6387939453125,545.6292885228207,526.9752957528098,540.965790330318,19308700
2022-07-27,540.9658203125,540.9658203125,526.9753249595905,531.6388234105603,6308200
2022-07-28,578.2738037109375,578.2738037109375,540.965816374748,554.956311625819,58166900
2022-07-29,564.2832641601562,587.6007544147081,559.6197661092459,587.6007544147081,28008000
2022-08-01,568.94677734375,582.9372718685963,559.6197809938525,573.6102755186987,28016200
2022-08-02,578.2738037109375,578.2738037109375,550.2928132087953,573.6103052939138,29802300
2022-08-03,582.9373168945312,582.9373168945312,564.2833227539063,573.6103198242188,23390400
2022-08-04,578.2738037109375,582.9373021279612,573.6103052939138,582.9373021279612,7053800
2022-08-05,578.2738037109375,587.6008005449848,568.94680687689,582.9373021279612,22975500
2022-08-08,582.9373168945312,587.6008154296875,568.9468212890625,587.6008154296875,14643800
2022-08-09,587.6007690429688,606.2547617109996,582.9372708759611,582.9372708759611,31455400
2022-08-10,573.6102905273438,592.2642837152248,568.9467922303735,587.6007854182545,15076400
2022-08-11,606.2548217773438,610.9183204064003,573.6103313739484,573.6103313739484,42141900
2022-08-12,615.5817260742188,624.9087219238281,596.927734375,606.2547302246094,33486300
2022-08-15,624.9088134765625,638.8993093006646,615.5818162604944,615.5818162604944,44418700
2022-08-16,610.918212890625,634.2357019322519,606.2547150822996,634.2357019322519,53135000
2022-08-18,601.59130859375,615.5818041424419,596.9278100775194,610.9183056262112,32263400
2022-08-19,596.9277954101562,615.5817890167236,596.9277954101562,601.5912938117981,26532900
2022-08-22,568.94677734375,601.5912645683914,564.2832791688012,601.5912645683914,36717500
2022-08-23,573.6102905273438,592.2642837152248,559.619795636433,564.2832939334032,28039500
2022-08-24,578.2738037109375,592.2642989620085,573.6103052939138,573.6103052939138,31185300
2022-08-25,578.2738037109375,596.9277973790322,578.2738037109375,587.6008005449848,34563700
2022-08-26,582.9373168945312,587.6008154296875,568.9468212890625,582.9373168945312,29733700
2022-08-29,573.6102905273438,578.273788824314,564.2832939334032,564.2832939334032,27551900
2022-08-30,573.6102905273438,582.9372871212843,573.6102905273438,578.273788824314,12156900
2022-08-31,559.6198120117188,573.6103073120117,559.6198120117188,573.6103073120117,24649300
2022-09-01,559.6198120117188,568.9468088785808,550.2928151448568,559.6198120117188,9912900
2022-09-02,587.6007690429688,587.6007690429688,559.6197800409226,564.2832782079303,35224200
2022-09-05,568.94677734375,592.2642682184938,568.94677734375,587.600770043545,20515400
2022-09-06,578.2738037109375,587.6008005449848,568.94680687689,568.94680687689,14014900
2022-09-07,587.6007690429688,587.6007690429688,573.6102745419457,578.2737727089534,17400100
2022-09-08,601.59130859375,606.2548071099807,582.9373145288275,587.6008130450582,26218400
2022-09-09,592.2642211914062,606.2547146053764,587.6007233867496,606.2547146053764,9793600
2022-09-12,601.59130859375,606.2548071099807,592.2643115612888,592.2643115612888,12026300
2022-09-13,620.2452392578125,624.9087372973449,606.2547451392153,606.2547451392153,40585200
2022-09-14,606.2548217773438,615.5818190354568,592.2643258901743,615.5818190354568,23315000
2022-09-15,657.55322265625,657.55322265625,606.2547442929964,606.2547442929964,112150400
2022-09-16,671.543701171875,671.543701171875,638.8992156982422,657.5532073974609,89399700
2022-09-19,676.207275390625,685.5342722925647,657.5532815867457,671.5437769396551,76409400
2022-09-20,666.8802490234375,680.8707437581949,652.88975428868,671.5437472683566,26182300
2022-09-21,629.5723266601562,666.8803163881655,624.9088279441551,666.8803163881655,37935300
2022-09-22,638.8992309570312,648.2262270293967,624.9087368484832,624.9087368484832,29243800
2022-09-23,610.918212890625,652.8896931655534,606.2547150822996,652.8896931655534,60030400
2022-09-26,592.2642211914062,615.5817102146899,587.6007233867496,610.9182124100332,52285500
2022-09-27,606.2548217773438,606.2548217773438,587.6008272611178,592.2643258901743,17254500
2022-09-28,587.6007690429688,615.5817580450149,582.9372708759611,606.2547617109996,21260900
2022-09-29,564.2832641601562,606.2547466183497,564.2832641601562,601.5912485674394,28444100
2022-09-30,554.956298828125,573.6102920660452,545.629302209165,573.6102920660452,27490000
2022-10-03,554.956298828125,564.283295447085,550.292800518645,554.956298828125,8522300
2022-10-04,559.6198120117188,568.9468088785808,554.9563135782878,564.2833104451497,17406400
2022-10-05,559.6198120117188,568.9468088785808,550.2928151448568,559.6198120117188,38519300
2022-10-06,559.6198120117188,568.9468088785808,554.9563135782878,564.2833104451497,46494700
2022-10-07,550.2927856445312,564.2832801948159,550.2927856445312,559.6197820113877,15606200
2022-10-10,545.6292724609375,554.9562685713809,540.9657744057158,550.2927705161592,11888000
2022-10-11,536.30224609375,550.2927394701087,531.6387483016305,545.6292416779892,21034700
2022-10-12,526.9752807617188,540.9657749412335,522.3117827018806,536.3022768813952,25374900
2022-10-13,522.311767578125,536.3022613525391,517.6482696533203,526.9752655029297,29749900
2022-10-14,526.9752807617188,545.6292730010716,526.9752807617188,531.638778821557,19304600
2022-10-17,526.9752807617188,531.638778821557,512.9847865822042,522.3117827018806,18375400
2022-10-18,526.9752807617188,536.3022768813952,517.6482846420423,522.3117827018806,11399500
2022-10-19,536.30224609375,540.9657438858695,517.6482549252718,526.9752505095108,20400400
2022-10-20,564.2832641601562,564.2832641601562,531.6387778037836,536.302275854694,29913000
2022-10-21,550.2927856445312,568.9467783782442,550.2927856445312,568.9467783782442,16255900
2022-10-24,540.9658203125,559.6198141163793,536.3023218615301,554.9563156654094,15840600
2022-10-25,554.956298828125,554.956298828125,536.3023055902048,540.9658038996848,21297300
2022-10-26,545.6292724609375,559.6197666266025,540.9657744057158,554.9562685713809,14480000
2022-10-27,554.956298828125,564.283295447085,545.629302209165,545.629302209165,20918200
2022-10-28,550.2927856445312,554.9562838279595,540.9657892776747,554.9562838279595,4122800
2022-10-31,550.2927856445312,564.2832801948159,550.2927856445312,550.2927856445312,16307100
2022-11-01,545.6292724609375,559.6197666266025,540.9657744057158,550.2927705161592,10901800
2022-11-02,536.30224609375,554.9562372622282,531.6387483016305,545.6292416779892,13273400
2022-11-03,531.6387939453125,540.965790330318,526.9752957528098,536.3022921378152,8687900
2022-11-04,526.9752807617188,531.638778821557,522.3117827018806,531.638778821557,15489300
2022-11-07,522.311767578125,536.3022613525391,522.311767578125,526.9752655029297,26512600
2022-11-08,512.9848022460938,531.6387950550426,512.9848022460938,531.6387950550426,42452700
2022-11-09,522.311767578125,531.6387634277344,512.9847717285156,512.9847717285156,58231300
2022-11-10,517.6483154296875,526.9753121040962,508.32131875527875,526.9753121040962,26364800
2022-11-11,531.6387939453125,540.965790330318,522.311797560307,522.311797560307,48232600
2022-11-14,531.6387939453125,545.6292885228207,522.311797560307,536.3022921378152,31201800
2022-11-15,522.311767578125,536.3022613525391,517.6482696533203,531.6387634277344,13993200
2022-11-16,517.6483154296875,526.9753121040962,512.9848170924831,526.9753121040962,15796300
2022-11-17,517.6483154296875,522.3118137668919,512.9848170924831,517.6483154296875,17737900
2022-11-18,517.6483154296875,522.3118137668919,512.9848170924831,517.6483154296875,8820900
2022-11-21,517.6483154296875,526.9753121040962,512.9848170924831,517.6483154296875,19095000
2022-11-22,522.311767578125,526.9752655029297,512.9847717285156,512.9847717285156,20638900
2022-11-23,531.6387939453125,536.3022921378152,522.311797560307,522.311797560307,50482100
2022-11-24,573.6102905273438,582.9372871212843,531.6388058546113,531.6388058546113,171875100
2022-11-25,573.6102905273438,578.273788824314,568.9467922303735,573.6102905273438,50976300
2022-11-28,582.9373168945312,587.6008154296875,568.9468212890625,573.6103198242188,52978900
2022-11-29,587.6007690429688,601.5912635439919,568.946776374938,582.9372708759611,47101700
2022-11-30,592.2642211914062,596.927718996063,582.9372255820928,587.6007233867496,17975400
2022-12-01,606.2548217773438,610.9183204064003,573.6103313739484,592.2643258901743,61289000
2022-12-02,592.2642211914062,610.9182124100332,587.6007233867496,606.2547146053764,20500300
2022-12-05,596.9277954101562,596.9277954101562,582.9373002052307,592.2642970085144,14919200
2022-12-06,568.94677734375,596.9277663934427,568.94677734375,596.9277663934427,16152100
2022-12-07,573.6102905273438,582.9372871212843,559.619795636433,573.6102905273438,30969600
2022-12-08,601.59130859375,606.2548071099807,559.6198219476744,573.6103174963663,35334300
2022-12-09,596.9277954101562,601.5912938117981,587.6007986068726,601.5912938117981,12027400
2022-12-12,596.9277954101562,601.5912938117981,582.9373002052307,596.9277954101562,21709000
2022-12-13,587.6007690429688,606.2547617109996,587.6007690429688,596.9277653769841,14913400
2022-12-14,592.2642211914062,592.2642211914062,582.9372255820928,592.2642211914062,6469300
2022-12-15,578.2738037109375,592.2642989620085,573.6103052939138,592.2642989620085,14179400
2022-12-16,582.9373168945312,592.2643139648438,568.9468212890625,592.2643139648438,7191700
2022-12-19,578.2738037109375,587.6008005449848,573.6103052939138,578.2738037109375,2266600
2022-12-20,573.6102905273438,582.9372871212843,568.9467922303735,582.9372871212843,8823700
2022-12-21,564.2832641601562,582.9372563637978,550.2927700074251,573.610260261977,29433400
2022-12-22,554.956298828125,568.9467937565652,554.956298828125,564.283295447085,10548200
2022-12-23,564.2832641601562,564.2832641601562,550.2927700074251,554.9562680583355,4342500
2022-12-26,550.2927856445312,564.2832801948159,550.2927856445312,564.2832801948159,5382700
2022-12-27,559.6198120117188,559.6198120117188,550.2928151448568,550.2928151448568,12241500
2022-12-28,559.6198120117188,564.2833104451497,550.2928151448568,559.6198120117188,4476700
2022-12-29,568.94677734375,573.6102755186987,554.9562828189037,559.6197809938525,5460700
2022-12-30,564.2832641601562,573.610260261977,559.6197661092459,573.610260261977,8076700
2023-01-02,559.6198120117188,564.2833104451497,554.9563135782878,564.2833104451497,2682300
2023-01-03,550.2927856445312,564.2832801948159,545.629287461103,559.6197820113877,15743900
2023-01-04,536.30224609375,554.9562372622282,536.30224609375,550.2927394701087,14495000
2023-01-05,522.311767578125,540.9657592773438,517.6482696533203,536.3022613525391,18696100
2023-01-06,522.311767578125,531.6387634277344,517.6482696533203,522.311767578125,9700900
2023-01-09,536.30224609375,550.2927394701087,526.9752505095108,526.9752505095108,27215000
2023-01-10,540.9658203125,545.6293187634698,531.6388234105603,540.9658203125,7466600
2023-01-11,526.9752807617188,545.6292730010716,517.6482846420423,540.9657749412335,10449400
2023-01-12,545.6292724609375,545.6292724609375,526.9752802400508,526.9752802400508,55970100
2023-01-13,531.6387939453125,550.2927867153235,531.6387939453125,545.6292885228207,10293200
2023-01-16,536.30224609375,536.30224609375,526.9752505095108,531.6387483016305,5520900
2023-01-17,536.30224609375,540.9657438858695,531.6387483016305,540.9657438858695,5907800
2023-01-18,540.9658203125,545.6293187634698,531.6388234105603,536.3023218615301,11015600
2023-01-19,564.2832641601562,573.610260261977,536.302275854694,540.9657739056044,48212600
2023-01-20,559.6198120117188,568.9468088785808,554.9563135782878,564.2833104451497,20436900
2023-01-24,545.6292724609375,564.2832646818242,545.6292724609375,559.6197666266025,17395800
2023-01-25,545.6292724609375,559.6197666266025,545.6292724609375,545.6292724609375,8988700
2023-01-26,545.6292724609375,554.9562685713809,540.9657744057158,554.9562685713809,27590300
2023-01-27,568.94677734375,582.9372718685963,540.9657882940573,545.6292864690062,82304900
2023-01-30,564.2832641601562,578.2737583128874,550.2927700074251,573.610260261977,41904600
2023-01-31,573.6102905273438,573.6102905273438,559.619795636433,564.2832939334032,23375000
2023-02-01,568.94677734375,578.2737736936475,564.2832791688012,578.2737736936475,20078300
2023-02-02,573.6102905273438,592.2642837152248,564.2832939334032,568.9467922303735,49949500
2023-02-03,596.9277954101562,610.9182906150818,573.610303401947,578.2738018035889,93817500
2023-02-06,587.6007690429688,596.9277653769841,578.2737727089534,582.9372708759611,17515300
2023-02-07,592.2642211914062,601.5912168007197,582.9372255820928,592.2642211914062,18838200
2023-02-08,596.9277954101562,596.9277954101562,582.9373002052307,596.9277954101562,13559400
2023-02-09,578.2738037109375,596.9277973790322,578.2738037109375,596.9277973790322,34636600
2023-02-10,573.6102905273438,582.9372871212843,564.2832939334032,578.273788824314,35517500
2023-02-13,568.94677734375,582.9372718685963,568.94677734375,578.2737736936475,8368800
2023-02-14,573.6102905273438,582.9372871212843,568.9467922303735,573.6102905273438,8212900
2023-02-15,550.2927856445312,573.6102765616724,550.2927856445312,573.6102765616724,38120100
2023-02-16,550.2927856445312,559.6197820113877,545.629287461103,550.2927856445312,43627100
2023-02-17,550.2927856445312,559.6197820113877,545.629287461103,554.9562838279595,26318700
2023-02-20,540.9658203125,554.9563156654094,536.3023218615301,550.2928172144397,23580800
2023-02-21,531.6387939453125,545.6292885228207,526.9752957528098,540.965790330318,35375000
2023-02-22,531.6387939453125,536.3022921378152,526.9752957528098,531.6387939453125,24547900
2023-02-23,550.2927856445312,550.2927856445312,526.9752947273901,536.3022910942466,39766400
2023-02-24,540.9658203125,554.9563156654094,536.3023218615301,550.2928172144397,17850300
2023-02-27,559.6198120117188,564.2833104451497,536.3023198445638,540.9658182779948,50954700
2023-02-28,564.2832641601562,568.9467622110667,550.2927700074251,554.9562680583355,24779500
2023-03-01,550.2927856445312,568.9467783782442,550.2927856445312,568.9467783782442,10050400
2023-03-02,540.9658203125,554.9563156654094,540.9658203125,550.2928172144397,7472700
2023-03-03,540.9658203125,550.2928172144397,536.3023218615301,545.6293187634698,9849300
2023-03-06,540.9658203125,550.2928172144397,536.3023218615301,540.9658203125,7852000
2023-03-07,540.9658203125,545.6293187634698,531.6388234105603,545.6293187634698,13165400
2023-03-08,536.30224609375,545.6292416779892,531.6387483016305,536.30224609375,9733700
2023-03-09,536.30224609375,545.6292416779892,531.6387483016305,536.30224609375,17851900
2023-03-10,526.9752807617188,536.3022768813952,522.3117827018806,536.3022768813952,23430200
2023-03-13,526.9752807617188,531.638778821557,517.6482846420423,526.9752807617188,11656500
2023-03-14,512.9848022460938,526.9752968528054,512.9848022460938,526.9752968528054,21466400
2023-03-15,512.9848022460938,522.3117986505681,508.3213040438565,512.9848022460938,12743800
2023-03-16,489.66729736328125,512.9847877139138,480.3403012230283,512.9847877139138,23894600
2023-03-17,489.66729736328125,508.3212896437872,485.00379929315477,489.66729736328125,17400400
2023-03-20,466.3498229980469,498.99431060791017,464.4844237060547,494.3308123779297,28111900
2023-03-21,480.34033203125,489.6673287697209,466.3498369235437,471.0133352927791,18060900
2023-03-24,489.66729736328125,498.99429350353427,480.3403012230283,489.66729736328125,30286700
2023-03-27,494.33087158203125,512.9848667360702,489.66737279352157,494.33087158203125,23748200
2023-03-28,498.99432373046875,503.65782208308997,494.33082537784753,494.33082537784753,13209500
2023-03-29,489.66729736328125,503.65779157366075,489.66729736328125,503.65779157366075,36601300
2023-03-30,480.34033203125,494.33082713895635,480.34033203125,494.33082713895635,30081100
2023-03-31,494.33087158203125,498.994370370541,480.3403752165021,485.0038740050118,26633300
2023-04-03,498.99432373046875,512.9848187883323,489.6673270252263,489.6673270252263,42030000
2023-04-04,489.66729736328125,503.65779157366075,485.00379929315477,498.99429350353427,26871100
2023-04-05,494.33087158203125,512.9848667360702,485.0038740050118,494.33087158203125,41845100
2023-04-06,498.99432373046875,508.32132043571113,489.6673270252263,494.33082537784753,19364400
2023-04-10,489.66729736328125,503.65779157366075,485.00379929315477,498.99429350353427,12294800
2023-04-11,526.9752807617188,526.9752807617188,489.667296283013,489.667296283013,71112600
2023-04-12,517.6483154296875,531.6388104413007,512.9848170924831,526.9753121040962,31491100
2023-04-13,512.9848022460938,522.3117986505681,503.6578058416193,522.3117986505681,18901500
2023-04-14,508.3213195800781,526.9753129591636,508.3213195800781,512.9848179248495,16786800
2023-04-17,503.65777587890625,512.9847717285156,494.3307800292969,508.32127380371094,18686200
2023-04-18,494.33087158203125,508.3213679475605,489.66737279352157,503.65786915905073,17487000
2023-04-26,503.65777587890625,503.65777587890625,489.6672821044922,498.99427795410156,22050900
2023-04-27,522.311767578125,531.6387634277344,498.99427795410156,503.65777587890625,38560800
2023-04-28,522.311767578125,531.6387634277344,503.65777587890625,526.9752655029297,33651400
2023-05-02,522.311767578125,531.6387634277344,517.6482696533203,531.6387634277344,17306600
2023-05-03,526.9752807617188,526.9752807617188,512.9847865822042,522.3117827018806,20463100
2023-05-04,540.9658203125,545.6293187634698,522.3118265086207,526.9753249595905,50743800
2023-05-05,540.9658203125,545.6293187634698,526.9753249595905,545.6293187634698,35032800
2023-05-08,573.6102905273438,582.9372871212843,536.3023041515816,540.9658024485518,107696800
2023-05-09,596.9277954101562,596.9277954101562,568.9468050003052,573.610303401947,51653600
2023-05-10,578.2738037109375,596.9277973790322,578.2738037109375,596.9277973790322,29694700
2023-05-11,596.9277954101562,606.2547922134399,568.9468050003052,578.2738018035889,64269500
2023-05-12,615.5817260742188,624.9087219238281,592.2642364501953,596.927734375,64349600
2023-05-15,606.2548217773438,629.5723149226262,592.2643258901743,629.5723149226262,36869100
2023-05-16,601.59130859375,615.5818041424419,592.2643115612888,610.9183056262112,36319300
2023-05-17,601.59130859375,606.2548071099807,592.2643115612888,596.9278100775194,9607700
2023-05-19,615.5817260742188,615.5817260742188,596.927734375,606.2547302246094,27166200
2023-05-22,601.59130859375,624.9088011749031,596.9278100775194,615.5818041424419,22036500
2023-05-23,606.2548217773438,615.5818190354568,592.2643258901743,596.9278245192309,22295900
2023-05-24,610.918212890625,615.5817106989504,601.5912172739742,606.2547150822996,24857300
2023-05-25,624.9088134765625,624.9088134765625,606.2548190444263,610.9183176524604,25129900
2023-05-26,624.9088134765625,624.9088134765625,606.2548190444263,615.5818162604944,27757100
2023-05-29,620.2452392578125,629.5722353368774,601.5912470996828,615.5817412182801,20199700
2023-05-30,606.2548217773438,620.2453176645132,606.2548217773438,620.2453176645132,14410200
2023-05-31,596.9277954101562,610.9182906150818,568.9468050003052,610.9182906150818,65579000
2023-06-05,634.2357177734375,643.5627136230469,587.6007385253906,592.2642364501953,88087900
2023-06-06,662.2167358398438,666.8802339795609,610.9182563029544,638.8992451412577,95619500
2023-06-07,676.207275390625,676.207275390625,648.226284684806,662.2167800377155,80725700
2023-06-08,666.8802490234375,690.1977402480331,657.5532525335992,676.2072455132758,50364900
2023-06-09,671.543701171875,676.2071990966797,652.8897094726562,662.2167053222656,32156500
2023-06-12,643.562744140625,680.8707293081975,638.8992459946785,662.2167367244112,44533500
2023-06-13,638.8992309570312,648.2262270293967,620.2452388123004,643.562728993214,55807100
2023-06-14,652.8898315429688,657.5533303397043,634.2358363560268,638.8993351527623,56704500
2023-06-15,638.8992309570312,657.5532231017621,634.2357329208486,657.5532231017621,15825600
2023-06-16,638.8992309570312,648.2262270293967,638.8992309570312,643.562728993214,14514200
2023-06-19,652.8898315429688,652.8898315429688,634.2358363560268,643.5628339494978,21931300
2023-06-20,629.5723266601562,652.8898202401621,624.9088279441551,648.2263215241609,24032800
2023-06-21,629.5723266601562,638.8993240921586,620.245329228154,629.5723266601562,12184900
2023-06-22,634.2357177734375,638.8992156982422,624.9087219238281,629.5722198486328,10745200
2023-06-23,624.9088134765625,634.2358106926306,620.2453148685285,634.2358106926306,25577200
2023-06-26,631.506591796875,636.2193275565531,622.0811202775186,631.506591796875,9015100
2023-06-27,622.0811157226562,631.5065871729995,612.655644272313,631.5065871729995,21862700
2023-07-03,636.2193603515625,640.9320963541667,612.6556803385416,622.08115234375,18586900
2023-07-04,622.0811157226562,640.9320586233429,617.3683799974847,636.2193228981712,28446400
2023-07-05,640.9320068359375,640.9320068359375,617.368330114028,622.0810654584099,30211200
2023-07-06,645.644775390625,655.0702465642108,631.5065686302463,640.9320398038321,27245400
2023-07-07,640.9320068359375,650.3574775247013,631.5065361471737,645.6447421803193,13659300
2023-07-10,659.7830200195312,669.208491734096,636.2193407331195,640.9320765904018,71219500
2023-07-11,655.0702514648438,664.4957227089423,645.6447802207452,664.4957227089423,19993400
2023-07-12,655.0702514648438,659.782987086893,645.6447802207452,659.782987086893,13224400
2023-07-13,640.9320068359375,673.9211542466107,640.9320068359375,655.0702128690831,54025100
2023-07-14,669.20849609375,669.20849609375,640.9320807658451,640.9320807658451,56333300
2023-07-17,650.3574829101562,673.9211598271909,645.6447475267493,669.2084244437839,35045300
2023-07-18,645.644775390625,655.0702465642108,631.5065686302463,650.3575109774179,39151200
2023-07-20,659.7830200195312,664.4957558768136,636.2193407331195,650.3575483049666,46406900
2023-07-21,659.7830200195312,664.4957558768136,645.6448124476842,659.7830200195312,28252900
2023-07-24,650.3574829101562,673.9211598271909,650.3574829101562,659.7829536769701,30416700
2023-07-25,645.644775390625,659.7829821510037,645.644775390625,659.7829821510037,12824400
2023-07-26,626.7938232421875,650.3575008076833,626.7938232421875,645.6447652945842,41578600
2023-07-27,626.7938232421875,631.5065587552867,612.65561670289,631.5065587552867,46905800
2023-07-28,603.2301025390625,626.7937784194946,593.8046321868896,626.7937784194946,41363200
2023-07-31,622.0811157226562,636.2193228981712,589.0919656464548,603.2301728219697,57301100
2023-08-01,612.6556396484375,631.506582406851,607.9429039588342,626.7938467172477,18662800
2023-08-02,607.9429321289062,622.0811398528343,603.2301962209302,617.3684039448583,18069000
2023-08-03,622.0811157226562,631.5065871729995,603.2301728219697,603.2301728219697,51525700
2023-08-04,650.3574829101562,655.0702182935631,622.0810706097146,622.0810706097146,108209300
2023-08-07,645.644775390625,659.7829821510037,640.9320398038321,659.7829821510037,26201300
2023-08-08,650.3574829101562,655.0702182935631,645.6447475267493,650.3574829101562,12687000
2023-08-09,631.506591796875,655.0702705952658,626.7938560371969,655.0702705952658,20905300
2023-08-10,617.3683471679688,636.2192890662274,612.6556116934041,631.5065535916627,20219700
2023-08-11,626.7938232421875,631.5065587552867,612.65561670289,626.7938232421875,11073100
2023-08-14,626.7938232421875,631.5065587552867,612.65561670289,626.7938232421875,11437500
2023-08-15,640.9320068359375,645.6447421803193,626.7938008027918,626.7938008027918,32765900
2023-08-16,636.2193603515625,645.6448323567708,631.5066243489583,640.9320963541667,9580500
2023-08-18,622.0811157226562,636.2193228981712,617.3683799974847,631.5065871729995,26039800
2023-08-21,612.6556396484375,622.0811110276443,607.9429039588342,622.0811110276443,17935300
2023-08-22,622.0811157226562,626.7938514478279,607.9429085471413,612.655644272313,17353100
2023-08-23,612.6556396484375,631.506582406851,607.9429039588342,622.0811110276443,24218100
2023-08-24,603.2301025390625,617.3683080673218,603.2301025390625,612.6555728912354,25758300
2023-08-25,603.2301025390625,612.6555728912354,598.5173673629761,603.2301025390625,13601300
2023-08-28,612.6556396484375,617.3683753380409,598.5174325796274,603.2301682692308,40699700
2023-08-29,650.3574829101562,655.0702182935631,612.6555998429008,612.6555998429008,95351900
2023-08-30,640.9320068359375,655.0702128690831,636.2192714915556,645.6447421803193,21703700
2023-08-31,636.2193603515625,645.6448323567708,622.08115234375,645.6448323567708,22671900
2023-09-01,622.0811157226562,645.6447943485144,617.3683799974847,640.9320586233429,17219400
2023-09-04,612.6556396484375,626.7938467172477,607.9429039588342,626.7938467172477,27550600
2023-09-05,607.9429321289062,622.0811398528343,607.9429321289062,612.6556680368823,23624900
2023-09-06,598.5173950195312,617.3683365949496,589.0919242318221,607.9428658072404,80658900
2023-09-07,574.9537353515625,598.5174130299052,570.2409998158939,593.8046774942367,111791700
2023-09-08,589.0919189453125,603.2301249999999,560.8155068359375,574.953712890625,100362600
2023-09-11,589.0919189453125,598.5173896484375,584.37918359375,593.804654296875,40857100
2023-09-12,593.8047485351562,598.5174846346416,584.3792763361855,593.8047485351562,26423300
2023-09-13,589.0919189453125,598.5173896484375,584.37918359375,593.804654296875,14626300
2023-09-14,579.66650390625,593.8047113185976,574.9537681021342,589.0919755144816,13677400
2023-09-15,565.5283203125,579.6665283203125,560.8155843098958,579.6665283203125,79324100
2023-09-18,560.8155517578125,570.241023215927,560.8155517578125,565.5282874868698,25530500
2023-09-19,551.3900756835938,565.5282827524039,546.6773399939904,560.8155470628005,33708500
2023-09-20,546.6773681640625,556.1028400289601,537.2518962991649,551.3901040965113,51567100
2023-09-21,551.3900756835938,565.5282827524039,541.9646043043871,551.3900756835938,24494500
2023-09-22,565.5283203125,570.2410563151042,551.3901123046875,551.3901123046875,27466800
2023-09-25,556.102783203125,570.2409895557468,556.102783203125,565.5282541048729,13676900
2023-09-26,546.6773681640625,565.5283118938577,541.9646322316137,556.1028400289601,16541200
2023-09-27,541.964599609375,556.1028065557065,541.964599609375,546.6773352581522,39244800
2023-09-29,541.964599609375,546.6773352581522,527.8263926630434,541.964599609375,30830000
2023-10-02,551.3900756835938,556.1028113731971,537.2518686147837,541.9646043043871,25845200
2023-10-03,556.102783203125,570.2409895557468,551.390047752251,551.390047752251,58967800
2023-10-04,551.3900756835938,565.5282827524039,541.9646043043871,560.8155470628005,58026000
2023-10-05,546.6773681640625,560.815575961409,546.6773681640625,556.1028400289601,18396100
2023-10-06,551.3900756835938,560.8155470628005,546.6773399939904,551.3900756835938,10729500
2023-10-09,532.5391235351562,556.1028015676852,527.8263879286504,551.3900659611795,35697700
2023-10-10,541.964599609375,551.3900709069293,532.5391283118206,532.5391283118206,19202200
2023-10-11,570.2410278320312,579.666499366445,541.9646132287901,546.6773489959969,60478900
2023-10-12,570.2410278320312,574.9537635992381,560.8155562976175,570.2410278320312,13842500
2023-10-13,551.3900756835938,570.2410184420072,541.9646043043871,570.2410184420072,17112600
2023-10-16,532.5391235351562,551.3900659611795,532.5391235351562,551.3900659611795,41676300
2023-10-17,537.2518310546875,541.9645664148163,532.5390956945587,532.5390956945587,12764500
2023-10-18,537.2518310546875,546.6773017749452,532.5390956945587,537.2518310546875,21592100
2023-10-19,508.9754333496094,541.9645818074545,499.5499623616537,537.2518463134766,94578700
2023-10-20,499.54998779296875,508.9754592607606,490.12451632517684,508.9754592607606,55792900
2023-10-23,475.9862976074219,499.54997570679916,475.9862976074219,499.54997570679916,73070400
2023-10-24,499.54998779296875,513.6881949946566,475.9863091234891,475.9863091234891,141413000
2023-10-25,490.12451171875,513.6881901667668,485.41177602914667,508.9754544771635,68085300
2023-10-26,499.54998779296875,499.54998779296875,475.9863091234891,490.12451632517684,37909700
2023-10-27,490.12451171875,499.5499830979568,485.41177602914667,499.5499830979568,19376400
2023-10-30,480.69903564453125,494.8372425752528,475.98630000095744,490.1245069316789,44397400
2023-10-31,504.26275634765625,508.97549238828856,480.69907614449477,490.1245482257594,75128900
2023-11-01,499.54998779296875,513.6881949946566,499.54998779296875,508.9754592607606,48134300
2023-11-02,532.5391235351562,541.9645947481679,508.97544550262717,508.97544550262717,114263700
2023-11-03,541.964599609375,551.3900709069293,532.5391283118206,537.2518639605978,96756600
2023-11-06,556.102783203125,570.2409895557468,546.6773123013771,556.102783203125,76196100
2023-11-07,556.102783203125,565.5282541048729,546.6773123013771,565.5282541048729,43913000
2023-11-08,565.5283203125,565.5283203125,546.6773763020833,556.1028483072917,27484300
2023-11-09,551.3900756835938,570.2410184420072,551.3900756835938,560.8155470628005,24437800
2023-11-10,537.2518310546875,560.8155078553317,532.5390956945587,556.1027724952029,15859900
2023-11-13,541.964599609375,556.1028065557065,532.5391283118206,541.964599609375,33464300
2023-11-14,541.964599609375,546.6773352581522,527.8263926630434,541.964599609375,30045200
2023-11-15,574.9537353515625,584.3792064228996,546.6773221375512,551.3900576732198,128504300
2023-11-16,565.5283203125,584.3792643229167,560.8155843098958,574.9537923177083,49759300
2023-11-17,560.8155517578125,574.9537589449843,560.8155517578125,565.5282874868698,22131200
2023-11-20,560.8155517578125,570.241023215927,560.8155517578125,565.5282874868698,18596800
2023-11-21,565.5283203125,570.2410563151042,556.1028483072917,565.5283203125,17258400
2023-11-22,551.3900756835938,565.5282827524039,546.6773399939904,565.5282827524039,24170900
2023-11-23,570.2410278320312,574.9537635992381,551.3900847632037,551.3900847632037,33915200
2023-11-24,560.8155517578125,574.9537589449843,560.8155517578125,570.241023215927,23502100
2023-11-27,589.0919189453125,598.5173896484375,560.8155068359375,565.5282421874999,132357100
2023-11-28,579.66650390625,598.5174471227134,574.9537681021342,598.5174471227134,41596200
2023-11-29,589.0919189453125,593.804654296875,570.2409775390624,579.6664482421875,58729900
2023-11-30,579.66650390625,589.0919755144816,574.9537681021342,589.0919755144816,36549100
2023-12-01,579.66650390625,593.8047113185976,570.2410322980182,584.3792397103658,54970500
2023-12-04,574.9537353515625,589.0919419585681,570.2409998158939,579.6664708872311,32403200
2023-12-05,570.2410278320312,579.666499366445,565.5282920648244,574.9537635992381,25873100
2023-12-06,537.2518310546875,579.6664492958471,527.8263603344299,570.2409785755895,112393300
2023-12-07,508.9754333496094,541.9645818074545,504.26269785563153,541.9645818074545,105642300
2023-12-08,513.688232421875,523.1137045764049,508.9754963446101,508.9754963446101,50433900
2023-12-11,504.26275634765625,523.1137005101855,499.55002030702394,508.97549238828856,34087400
2023-12-12,518.4009399414062,527.8264115767046,499.54999667080966,504.2627324884588,60699600
2023-12-13,508.9754333496094,523.113639831543,499.5499623616537,518.4009043375652,61897200
2023-12-14,537.2518310546875,541.9645664148163,513.6881542540433,527.8263603344299,67016400
2023-12-15,527.8263549804688,541.9645609174456,523.1136196681431,541.9645609174456,49912100
2023-12-18,527.8263549804688,551.3900315420968,527.8263549804688,541.9645609174456,32132400
2023-12-19,527.8263549804688,537.25182560512,527.8263549804688,527.8263549804688,13551600
2023-12-20,527.8263549804688,537.25182560512,523.1136196681431,527.8263549804688,24321100
2023-12-21,532.5391235351562,537.2518591416621,527.8263879286504,527.8263879286504,20803200
2023-12-22,523.1136474609375,537.2518541490709,513.6881763355152,532.5391185863598,35427700
2023-12-27,537.2518310546875,537.2518310546875,523.113624974301,523.113624974301,20092000
2023-12-28,541.964599609375,546.6773352581522,532.5391283118206,537.2518639605978,25443000
2023-12-29,541.964599609375,546.6773352581522,527.8263926630434,537.2518639605978,34881900
2024-01-02,551.3900756835938,551.3900756835938,532.5391329251803,541.9646043043871,39022000
2024-01-03,551.3900756835938,560.8155470628005,546.6773399939904,551.3900756835938,30505900
2024-01-04,546.6773681640625,556.1028400289601,546.6773681640625,546.6773681640625,33597100
2024-01-05,551.3900756835938,570.2410184420072,546.6773399939904,551.3900756835938,46892100
2024-01-08,565.5283203125,570.2410563151042,551.3901123046875,551.3901123046875,47981700
2024-01-09,579.66650390625,579.66650390625,556.1028248856707,565.5282964939024,59731900
2024-01-10,579.66650390625,589.0919755144816,570.2410322980182,579.66650390625,38705700
2024-01-11,579.66650390625,584.3792397103658,570.2410322980182,579.66650390625,31462200
2024-01-12,570.2410278320312,584.3792351336518,570.2410278320312,579.666499366445,21159600
2024-01-15,565.5283203125,574.9537923177083,560.8155843098958,570.2410563151042,30653600
2024-01-16,556.102783203125,570.2409895557468,556.102783203125,565.5282541048729,16251900
2024-01-17,541.964599609375,560.8155422044837,537.2518639605978,551.3900709069293,43513000
2024-01-18,541.964599609375,551.3900709069293,537.2518639605978,541.964599609375,17088500
2024-01-19,551.3900756835938,556.1028113731971,541.9646043043871,541.9646043043871,15139600
2024-01-22,551.3900756835938,556.1028113731971,541.9646043043871,556.1028113731971,16445600
2024-01-23,532.5391235351562,551.3900659611795,532.5391235351562,551.3900659611795,20686600
2024-01-24,537.2518310546875,541.9645664148163,532.5390956945587,537.2518310546875,10026700
2024-01-25,541.964599609375,551.3900709069293,532.5391283118206,537.2518639605978,19816100
2024-01-26,532.5391235351562,546.6773303546737,523.1136523221446,546.6773303546737,25465200
2024-01-29,537.2518310546875,537.2518310546875,527.8263603344299,527.8263603344299,8869600
2024-01-30,532.5391235351562,541.9645947481679,532.5391235351562,537.2518591416621,10534400
2024-01-31,527.8263549804688,537.25182560512,527.8263549804688,532.5390902927944,13584800
2024-02-01,518.4009399414062,532.5391473943537,518.4009399414062,527.8264115767046,31192500
2024-02-02,513.688232421875,532.5391767309346,508.9754963446101,518.4009684991399,55281600
2024-02-05,508.9754333496094,518.4009043375652,504.26269785563153,518.4009043375652,26214400
2024-02-06,523.1136474609375,523.1136474609375,504.2627052100929,508.97544077280406,24939000
2024-02-07,523.1136474609375,537.2518541490709,518.4009118982264,523.1136474609375,48166200
2024-02-12,527.8263549804688,537.25182560512,523.1136196681431,523.1136196681431,39854100
2024-02-13,532.5391235351562,537.2518591416621,527.8263879286504,537.2518591416621,32055700
2024-02-15,556.102783203125,565.5282541048729,537.2518413996293,537.2518413996293,62252700
2024-02-16,532.5391235351562,560.815537174191,527.8263879286504,556.1028015676852,30214200
2024-02-19,523.1136474609375,532.5391185863598,523.1136474609375,532.5391185863598,16099700
2024-02-20,527.8263549804688,537.25182560512,518.4008843558175,523.1136196681431,30938300
2024-02-21,537.2518310546875,541.9645664148163,527.8263603344299,527.8263603344299,31066500
2024-02-22,546.6773681640625,551.3901040965113,532.539160366716,537.2518962991649,23257700
2024-02-23,532.5391235351562,551.3900659611795,532.5391235351562,546.6773303546737,21132300
2024-02-26,532.5391235351562,537.2518591416621,527.8263879286504,537.2518591416621,14856700
2024-02-27,523.1136474609375,532.5391185863598,513.6881763355152,527.8263830236486,64614700
2024-02-28,523.1136474609375,527.8263830236486,513.6881763355152,523.1136474609375,24367800
2024-02-29,518.4009399414062,527.8264115767046,518.4009399414062,527.8264115767046,21854700
2024-03-01,527.8263549804688,532.5390902927944,518.4008843558175,518.4008843558175,41006100
2024-03-04,523.1136474609375,532.5391185863598,518.4009118982264,532.5391185863598,15232500
2024-03-05,513.688232421875,523.1137045764049,508.9754963446101,523.1137045764049,43220400
2024-03-06,508.9754333496094,518.4009043375652,499.5499623616537,499.5499623616537,13359700
2024-03-07,513.688232421875,518.4009684991399,504.2627602673452,508.9754963446101,34662100
2024-03-08,504.26275634765625,518.4009644695532,499.55002030702394,513.6882284289209,62980300
2024-03-13,494.8372497558594,504.2627211797805,490.12451404389884,504.2627211797805,91427500
2024-03-14,504.26275634765625,508.97549238828856,494.8372842663917,494.8372842663917,55597700
2024-03-15,480.69903564453125,508.97544950597427,475.98630000095744,504.26271386240046,124743600
2024-03-18,490.12451171875,499.5499830979568,480.6990403395433,480.6990403395433,77395100
2024-03-19,480.69903564453125,494.8372425752528,475.98630000095744,490.1245069316789,83927900
2024-03-20,480.69903564453125,490.1245069316789,475.98630000095744,475.98630000095744,44355600
2024-03-21,494.8372497558594,508.9754568917411,480.6990426199777,480.6990426199777,131429400
2024-03-22,494.8372497558594,504.2627211797805,490.12451404389884,499.54998546781997,60357500
2024-03-25,508.9754333496094,508.9754333496094,494.8372268676758,508.9754333496094,55983900
2024-03-26,504.26275634765625,513.6882284289209,499.55002030702394,513.6882284289209,26397300
2024-03-27,499.54998779296875,508.9754592607606,494.8372520590728,504.26272352686465,73354900
2024-03-28,499.54998779296875,504.26272352686465,494.8372520590728,499.54998779296875,61257600
2024-04-01,494.8372497558594,504.2627211797805,490.12451404389884,499.54998546781997,39143700
2024-04-02,499.54998779296875,499.54998779296875,490.12451632517684,499.54998779296875,19991800
2024-04-03,485.4117736816406,499.5499806820768,480.6990380148286,499.5499806820768,122826500
2024-04-04,480.69903564453125,490.1245069316789,475.98630000095744,485.4117712881051,127908900
2024-04-05,490.12451171875,499.5499830979568,480.6990403395433,485.41177602914667,85011900
2024-04-16,475.9862976074219,490.12450446704827,471.2735619875464,480.6990332272973,107606000
2024-04-17,471.2735900878906,480.6990618896484,471.2735900878906,475.9863259887695,62389500
2024-04-18,471.2735900878906,475.9863259887695,463.73321264648433,471.2735900878906,56318000
2024-04-19,452.4226379394531,475.9863169987997,452.4226379394531,471.27358118693036,146145600
2024-04-22,461.84808349609375,463.73317771444516,452.42261240433675,458.0778950593909,75526800
2024-04-23,469.3884582519531,475.9862879864183,461.8480814125643,461.8480814125643,51559700
2024-04-24,471.2735900878906,475.9863259887695,465.6183070068359,469.38849572753907,31598400
2024-04-25,475.9862976074219,485.41176884717277,467.503373491646,471.2735619875464,78203100
2024-04-26,471.2735900878906,485.4117977905273,471.2735900878906,475.9863259887695,44146100
2024-04-29,471.2735900878906,475.9863259887695,467.5034013671875,471.2735900878906,28514700
2024-04-30,485.4117736816406,490.1245093484527,471.2735666812045,471.2735666812045,65805900
2024-05-02,480.69903564453125,499.5499782188266,471.2735643573836,494.8372425752528,62391000
2024-05-03,480.69903564453125,485.4117712881051,471.2735643573836,485.4117712881051,20892700
2024-05-06,504.26275634765625,508.97549238828856,485.4118121851271,485.4118121851271,92654000
2024-05-07,499.54998779296875,508.9754592607606,494.8372520590728,504.26272352686465,28193200
2024-05-08,480.69903564453125,499.5499782188266,475.98630000095744,494.8372425752528,87195500
2024-05-13,480.69903564453125,490.1245069316789,475.98630000095744,480.69903564453125,39016800
2024-05-14,504.26275634765625,508.97549238828856,480.69907614449477,480.69907614449477,71384400
2024-05-15,504.26275634765625,508.97549238828856,499.55002030702394,504.26275634765625,27644400
2024-05-16,541.964599609375,546.6773352581522,504.2627144191576,508.9754500679348,198832100
2024-05-17,541.964599609375,546.6773352581522,527.8263926630434,541.964599609375,61393100
2024-05-20,527.8263549804688,551.3900315420968,527.8263549804688,546.6772962297712,33375000
2024-05-21,518.4009399414062,532.5391473943537,508.975468306108,532.5391473943537,59929600
2024-05-22,523.1136474609375,527.8263830236486,513.6881763355152,523.1136474609375,27863800
2024-05-27,508.9754333496094,532.5391108194988,504.26269785563153,527.8263753255209,65014200
2024-05-28,494.8372497558594,513.6881926037016,485.41177833193825,513.6881926037016,71485600
2024-05-29,485.4117736816406,494.8372450152647,480.6990380148286,494.8372450152647,37783400
2024-05-30,490.12451171875,494.8372474083534,475.98630464993994,485.41177602914667,75616000
2024-05-31,480.69903564453125,494.8372425752528,480.69903564453125,490.1245069316789,60155000
2024-06-03,490.12451171875,490.12451171875,480.6990403395433,485.41177602914667,23914500
2024-06-04,499.54998779296875,508.9754592607606,485.41178059128094,490.12451632517684,54318500
2024-06-05,494.8372497558594,504.2627211797805,490.12451404389884,504.2627211797805,27097700
2024-06-06,490.12451171875,504.2627187875601,485.41177602914667,494.8372474083534,25805200
2024-06-07,490.12451171875,499.5499830979568,485.41177602914667,494.8372474083534,23819400
2024-06-10,494.8372497558594,499.54998546781997,485.41177833193825,494.8372497558594,39656000
2024-06-11,490.12451171875,499.5499830979568,490.12451171875,494.8372474083534,38775900
2024-06-12,475.9862976074219,494.8372400869237,471.2735619875464,490.12450446704827,47617500
2024-06-13,480.69903564453125,485.4117712881051,475.98630000095744,480.69903564453125,9625400
2024-06-14,471.2735900878906,485.4117977905273,471.2735900878906,480.6990618896484,16933100
2024-06-19,471.2735900878906,480.6990618896484,467.5034013671875,475.9863259887695,28870000
2024-06-20,469.3884582519531,480.69902351103633,469.3884582519531,471.2735524618003,26289200
2024-06-21,475.9862976074219,480.6990332272973,467.503373491646,475.9862976074219,37838200
2024-06-24,471.2735900878906,485.4117977905273,471.2735900878906,475.9863259887695,22996500
2024-06-25,467.50335693359375,475.98628074892105,465.6182627524099,471.2735452959614,29189300
2024-06-26,469.3884582519531,471.2735524618003,467.5033640421059,469.3884582519531,17482100
2024-06-27,467.50335693359375,471.2735452959614,463.73316857122603,469.3884511147776,27341800
2024-06-28,471.2735900878906,480.6990618896484,465.6183070068359,467.5034013671875,53353200
2024-07-01,479.9119873046875,489.5102270507812,474.15304345703123,476.07269140625,62960600
2024-07-02,494.3093566894531,499.1084766573119,479.9119967858768,484.7111167537356,60886400
2024-07-03,489.5102233886719,503.9075829001034,489.5102233886719,494.3093432258157,26324700
2024-07-04,494.3093566894531,499.1084766573119,489.51023672159437,489.51023672159437,17249700
2024-07-05,508.70672607421875,508.70672607421875,494.3093659023069,494.3093659023069,39083100
2024-07-08,527.9031982421875,527.9031982421875,503.90759832208806,508.7067183061079,68905600
2024-07-09,532.7023315429688,537.5014516469595,518.3049712309967,527.903211438978,45484300
2024-07-10,532.7023315429688,537.5014516469595,523.1040913349873,532.7023315429688,36853900
2024-07-11,561.4970092773438,566.296129014757,527.9031711154514,532.7022908528646,172454200
2024-07-12,571.0952758789062,575.8943958442752,556.6979159827994,561.4970359481683,111767700
2024-07-15,551.8988037109375,575.8944038722826,542.3005636463995,571.0952838400136,73131800
2024-07-16,547.0996704101562,556.6979102419134,542.3005504942777,551.8987903260348,27333200
2024-07-17,547.0996704101562,551.8987903260348,537.5014305783991,537.5014305783991,44051800
2024-07-18,547.0996704101562,551.8987903260348,542.3005504942777,547.0996704101562,20453000
2024-07-19,537.5014038085938,551.8987628391811,532.7022841317313,547.0996431623187,27454700
2024-07-22,542.300537109375,547.0996569068031,537.501417311947,537.501417311947,20407500
2024-07-23,537.5014038085938,547.0996431623187,532.7022841317313,547.0996431623187,16593300
2024-07-24,547.0996704101562,566.2961500736704,537.5014305783991,542.3005504942777,74319700
2024-07-25,523.1040649414062,551.8987841124929,518.3049450795585,547.0996642506451,69366400
2024-07-26,518.304931640625,532.7022908528646,518.304931640625,532.7022908528646,26973000
2024-07-29,537.5014038085938,537.5014038085938,518.304925101144,518.304925101144,52796800
2024-07-30,523.1040649414062,542.3005443887973,523.1040649414062,537.5014245269496,26282800
2024-07-31,537.5014038085938,537.5014038085938,518.304925101144,527.9031644548689,21196600
2024-08-01,556.6979370117188,561.4970571583715,532.702336278455,537.5014564251078,65031700
2024-08-02,556.6979370117188,566.2961773050242,542.3005765717605,556.6979370117188,53990400
2024-08-05,523.1040649414062,551.8987841124929,499.10846563216745,542.3005443887973,79025500
2024-08-06,532.7023315429688,542.3005717509502,508.7067310230152,523.1040913349873,52879900
2024-08-07,561.4970092773438,571.0952487521702,532.7022908528646,532.7022908528646,101370900
2024-08-08,580.6935424804688,585.4926626662577,551.8988213657348,561.4970617373128,118439400
2024-08-09,580.6935424804688,590.2917828520468,575.8944222946798,580.6935424804688,42784800
2024-08-12,580.6935424804688,585.4926626662577,566.2961819231018,580.6935424804688,53005100
2024-08-13,599.8900146484375,609.4882548828125,580.6935341796875,580.6935341796875,88560500
2024-08-14,599.8900146484375,604.689134765625,590.2917744140625,604.689134765625,46022000
2024-08-15,614.287353515625,623.8855934143066,590.2917537689209,599.8899936676025,106462200
2024-08-16,614.287353515625,628.6847133636475,599.8899936676025,619.0864734649658,78374500
2024-08-19,619.0864868164062,623.8856068692465,604.6891266578851,609.4882467107255,45822800
2024-08-20,619.0864868164062,623.8856068692465,614.2873667635658,619.0864868164062,28716400
2024-08-21,614.287353515625,628.6847133636475,614.287353515625,623.8855934143066,48534000
2024-08-22,595.0908813476562,614.287361391129,595.0908813476562,609.4882413802609,59153600
2024-08-23,599.8900146484375,628.6847353515625,585.492654296875,599.8900146484375,86589900
2024-08-26,628.6846923828125,633.4838121719943,595.0908538585401,609.4882132260855,128105100
2024-08-27,614.287353515625,643.0820732116699,614.287353515625,633.4838333129883,83418700
2024-08-28,628.6846923828125,647.8811715395397,619.086452804449,623.8855725936307,104871600
2024-08-29,604.6891479492188,633.483869280134,595.0909075055804,628.6847490583148,93867100
2024-08-30,585.4926147460938,609.4882137110976,575.8943751600922,604.6890939180968,117894100
2024-09-02,580.6935424804688,590.2917828520468,571.0953021088908,575.8944222946798,79533400
2024-09-03,575.8944091796875,590.2917694091797,571.0952891031901,580.6935292561849,39165200
2024-09-04,585.4926147460938,604.6890939180968,556.6978959880892,575.8943751600922,144389900
2024-09-05,599.8900146484375,604.689134765625,585.492654296875,590.2917744140625,90486500
2024-09-06,604.6891479492188,609.4882681710379,590.2917872837612,604.6891479492188,42043100
2024-09-09,595.0908813476562,609.4882413802609,590.2917613367881,604.6891213693926,67333900
2024-09-10,614.287353515625,619.0864734649658,599.8899936676025,599.8899936676025,103650900
2024-09-11,628.6846923828125,643.0820517503579,614.2873330152672,614.2873330152672,142569200
2024-09-12,628.6846923828125,633.4838121719943,614.2873330152672,628.6846923828125,61145500
2024-09-13,628.6846923828125,633.4838121719943,619.086452804449,633.4838121719943,38130500
2024-09-17,623.8856201171875,647.8812208909254,619.0864999624399,628.6847402719351,81190500
2024-09-18,652.6802978515625,667.077657362994,619.0864589915557,623.8855788286995,106006300
2024-09-19,671.8768310546875,691.0733119419643,647.8812299455915,681.4750714983259,200126700
2024-09-20,657.4794311523438,681.4750308294366,652.6803112169252,676.675910894018,75171200
2024-09-23,662.278564453125,676.6759245499321,652.680324388587,657.479444420856,50076600
2024-09-24,667.0776977539062,676.6759380093581,662.2785776261803,667.0776977539062,40858300
2024-09-25,643.0820922851562,671.8768128352378,643.0820922851562,667.0776927435576,78785700
2024-09-26,657.4794311523438,667.0776710231809,638.2829514106695,643.082071346088,34869700
2024-09-27,686.274169921875,691.0732899912587,652.6803294361888,657.4794495055726,76759400
2024-09-30,667.0776977539062,691.073298392536,662.2785776261803,686.2741782648101,54700400
2024-10-01,667.0776977539062,671.8768178816322,652.6803373707285,667.0776977539062,32315500
2024-10-02,652.6802978515625,671.8767772001379,633.4838185029871,667.077657362994,75887800
2024-10-03,657.4794311523438,667.0776710231809,647.8811912815066,647.8811912815066,40385600
2024-10-04,657.4794311523438,667.0776710231809,647.8811912815066,657.4794311523438,30904000
2024-10-07,662.278564453125,676.6759245499321,652.680324388587,657.479444420856,40689900
2024-10-08,671.8768310546875,671.8768310546875,652.6803501674107,662.2785906110491,42251400
2024-10-09,667.0776977539062,681.4750581370841,662.2785776261803,676.6759380093581,34878900
2024-10-10,657.4794311523438,676.675910894018,657.4794311523438,667.0776710231809,97514300
2024-10-11,691.0733032226562,700.6715435451932,657.4794620937772,667.0777024163141,100025000
2024-10-14,691.0733032226562,700.6715435451932,681.4750629001194,700.6715435451932,30994700
2024-10-15,676.6759033203125,695.8723828471299,667.0776635569039,695.8723828471299,49383200
2024-10-16,681.4750366210938,686.2741565972987,667.0776766924791,676.675916644889,39645900
2024-10-17,671.8768310546875,686.274191720145,667.0777108328683,681.4750714983259,26167400
2024-10-18,667.0776977539062,676.6759380093581,657.4794574984544,671.8768178816322,49040400
2024-10-21,667.0776977539062,681.4750581370841,657.4794574984544,671.8768178816322,17194100
2024-10-22,652.6802978515625,667.077657362994,643.0820581772748,667.077657362994,73212400
2024-10-23,643.0820922851562,657.479452560197,633.4838521017957,643.0820922851562,36905300
2024-10-24,614.287353515625,643.0820732116699,614.287353515625,643.0820732116699,84346900
2024-10-25,595.0908813476562,623.8856014128654,595.0908813476562,614.287361391129,92265400
2024-10-28,619.0864868164062,633.4838469749272,614.2873667635658,614.2873667635658,86020000
2024-10-29,638.282958984375,643.0820789767387,619.0864790149201,619.0864790149201,67642700
2024-10-30,643.0820922851562,643.0820922851562,619.0864918267549,638.282972193476,50102900
2024-10-31,643.0820922851562,652.6803324685168,633.4838521017957,643.0820922851562,43319200
2024-11-01,614.287353515625,643.0820732116699,609.4882335662842,643.0820732116699,46223200
2024-11-04,599.8900146484375,614.287375,585.492654296875,614.287375,56256200
2024-11-05,599.8900146484375,604.689134765625,590.2917744140625,599.8900146484375,37761000
2024-11-06,580.6935424804688,619.0865039667808,566.2961819231018,599.8900232236248,106469500
2024-11-07,599.8900146484375,609.4882548828125,571.0952939453125,580.6935341796875,47089100
2024-11-08,595.0908813476562,614.287361391129,580.6935213150517,609.4882413802609,26672000
2024-11-11,571.0952758789062,595.090875705751,566.2961559135373,595.090875705751,48632400
2024-11-12,585.4926147460938,590.2917345390945,566.2961355740907,575.8943751600922,27105800
2024-11-13,571.0952758789062,590.2917557403821,571.0952758789062,585.4926357750131,19715300
2024-11-14,561.4970092773438,575.8943684895834,556.6978895399305,571.0952487521702,22644500
2024-11-15,561.4970092773438,571.0952487521702,547.0996500651041,561.4970092773438,25053300
2024-11-18,547.0996704101562,571.095269989549,537.5014305783991,561.497030157792,32911700
2024-11-19,551.8988037109375,566.2961638077446,542.3005636463995,547.0996836786685,37645400
2024-11-20,542.300537109375,561.4970162990874,537.501417311947,556.6978965016593,20655200
2024-11-21,527.9031982421875,547.099678178267,523.1040782581676,547.099678178267,25747200
2024-11-22,537.5014038085938,537.5014038085938,527.9031644548689,527.9031644548689,19714600
2024-11-25,542.300537109375,561.4970162990874,542.300537109375,547.0996569068031,43196400
2024-11-26,523.1040649414062,547.0996642506451,518.3049450795585,547.0996642506451,65749800
2024-11-28,523.1040649414062,532.7023046651018,513.5058252177107,523.1040649414062,43365100
2024-11-29,513.505859375,523.1040997371496,503.9076190128505,523.1040997371496,42342400
2024-12-02,499.10845947265625,523.1040584857648,499.10845947265625,513.5058188805214,46116300
2024-12-03,513.505859375,518.3049795560747,503.9076190128505,503.9076190128505,30834400
2024-12-04,523.1040649414062,532.7023046651018,513.5058252177107,513.5058252177107,45956800
2024-12-05,523.1040649414062,527.903184803254,518.3049450795585,527.903184803254,16178200
2024-12-06,518.304931640625,532.7022908528646,513.5058119032118,523.1040513780382,28383700
2024-12-09,508.70672607421875,527.9032063034346,503.9076060169148,518.3049661888267,37662700
2024-12-10,499.10845947265625,513.5058188805214,489.51021986741284,513.5058188805214,77927300
2024-12-11,503.9075927734375,513.5058326357887,499.1084728422619,499.1084728422619,47479800
2024-12-12,494.3093566894531,513.5058365608882,489.51023672159437,508.7067165930294,53795900
2024-12-13,484.71112060546875,499.108480623453,484.71112060546875,494.30936061745825,33009200
2024-12-16,489.5102233886719,489.5102233886719,479.9119837143842,489.5102233886719,35258800
2024-12-17,479.9119873046875,489.5102270507812,479.9119873046875,489.5102270507812,42404200
2024-12-18,476.07269287109375,489.5102285569714,474.1530449159684,479.9119887813445,42375200
2024-12-19,464.5547790527344,472.2333704420358,460.7154833580837,472.2333704420358,50923400
2024-12-20,466.4744567871094,474.1530486683787,464.55480881679205,470.31375272774403,27840100
2024-12-23,468.39410400390625,474.1530479055936,464.55480806944803,472.2333999383645,33635500
2024-12-24,470.3137512207031,474.1530471490354,468.394103256537,472.23339918486926,14318900
2024-12-27,470.3137512207031,474.1530471490354,470.3137512207031,470.3137512207031,15374200
2024-12-30,470.3137512207031,472.23339918486926,464.55480732820473,470.3137512207031,23444000
2025-01-02,489.5102233886719,489.5102233886719,472.23339197495403,472.23339197495403,24381100
2025-01-03,479.9119873046875,494.3093469238281,479.9119873046875,489.5102270507812,21480200
2025-01-06,472.2333984375,484.7111101848323,470.313750476372,479.9119902820122,19640300
2025-01-07,466.4744567871094,476.072696638696,464.55480881679205,472.23340069806136,28449200
2025-01-08,464.5547790527344,468.39407474738505,460.7154833580837,466.4744269000597,26807100
2025-01-09,462.6351623535156,470.31375425979803,460.715514376945,464.55481033008624,30213100
2025-01-10,462.6351623535156,468.3941062832274,460.715514376945,464.55481033008624,26777700
2025-01-13,441.5190124511719,460.71549125339675,437.6797166907269,460.71549125339675,73297200
2025-01-14,430.0011291503906,443.43866443634033,428.0814812523978,439.5993686403547,61139800
2025-01-15,445.3583068847656,449.19760263377225,428.08147601423593,431.9207717632425,154168200
2025-01-16,443.43865966796875,456.8761948094224,441.51901179061826,453.03689905472135,93020600
2025-01-17,445.3583068847656,451.1172505082755,435.7600675122491,445.3583068847656,49299200
2025-01-20,445.3583068847656,454.9565462572821,443.4386590102623,447.27795475926894,73474300
2025-01-21,449.1976318359375,462.63516783102966,447.2779838366386,447.2779838366386,85394000
2025-01-22,445.3583068847656,456.87619413178544,445.3583068847656,451.1172505082755,45548600
2025-01-23,445.3583068847656,454.9565462572821,443.4386590102623,447.27795475926894,42898300
2025-01-24,441.5190124511719,449.1976039720618,439.5993645709494,447.2779560918393,35451100
2025-01-30,431.9207763671875,445.35831163194445,428.08148057725697,445.35831163194445,43236500
2025-01-31,443.43865966796875,447.2779554226698,431.92077240386567,431.92077240386567,45323200
2025-02-03,430.0011291503906,441.5190165383475,424.2421854564122,441.5190165383475,51893600
2025-02-04,426.161865234375,437.6797534839527,424.2422171927787,433.84045740076016,45138800
2025-02-05,418.4832458496094,430.00113335005733,416.56359793286805,428.081485433316,39134700
2025-02-06,403.1260681152344,420.4028996058873,399.2867722284226,418.4832516624814,60389200
2025-02-07,408.885009765625,416.5636014983128,395.44747423342136,401.20641803293717,51474100
2025-02-10,397.36712646484375,410.80466214239885,397.36712646484375,410.80466214239885,37344500
2025-02-11,393.52783203125,401.2064238757622,389.6885361089939,397.3671279535061,44078900
2025-02-12,391.6081848144531,399.28677667356004,387.7688888848997,395.4474807440066,50888100
2025-02-13,401.2064208984375,401.2064208984375,387.76888527026017,393.5278291109076,32321600
2025-02-14,399.2867736816406,406.96536548321063,397.3671257312481,403.12606958242566,24541200
2025-02-17,410.8046569824219,416.5636007718951,401.2064173332999,401.2064173332999,56991500
2025-02-18,412.72430419921875,418.4832479787427,410.80465627271076,412.72430419921875,24478600
2025-02-19,403.1260681152344,418.4832516624814,401.2064201718285,412.7243078322638,31781700
2025-02-20,397.36712646484375,405.04571828058954,393.52783055697086,403.12607032665306,26715000
2025-02-21,397.36712646484375,403.12607032665306,395.44747851090733,397.36712646484375,15716200
2025-02-24,391.6081848144531,399.28677667356004,391.6081848144531,399.28677667356004,32228400
2025-02-25,383.9295654296875,395.4474523925781,382.009917602539,391.60815673828125,38839600
2025-02-26,380.0903015136719,391.60818943832857,376.2510055387863,385.84924547600025,37159500
2025-02-27,374.3313293457031,383.9295685596955,370.4920336601062,380.09027287409856,39280900
2025-02-28,358.97418212890625,370.49207032555563,355.1348860633564,370.49207032555563,53949700
2025-03-03,370.4920654296875,378.17065745931836,360.893825392649,360.893825392649,32492900
2025-03-04,357.0545349121094,370.4920711722425,355.1348868749475,370.4920711722425,40987900
2025-03-05,358.97418212890625,364.73312622723097,351.29558999780664,357.05453409613136,108274400
2025-03-06,366.65277099609375,372.4117150431528,358.9741789333483,358.9741789333483,68779900
2025-03-07,372.41168212890625,378.1706256669821,364.7330907448051,368.57238643685565,30060500
2025-03-10,372.41168212890625,374.3313299749315,368.57238643685565,372.41168212890625,15288000
2025-03-11,366.65277099609375,370.4920670274665,360.8938269490347,364.7331229804074,33060700
2025-03-12,372.41168212890625,378.1706256669821,368.57238643685565,368.57238643685565,27428700
2025-03-13,374.3313293457031,380.09027287409856,372.4116815029046,376.2509771885016,29185000
2025-03-14,380.0903015136719,380.0903015136719,362.81346962668675,372.41170956390073,77343000
2025-03-17,383.9295654296875,397.3671002197265,382.009917602539,385.8492132568359,79789500
2025-03-18,368.5724182128906,387.7688983281453,360.8938261667887,387.7688983281453,74617200
2025-03-19,383.9295654296875,387.76886108398435,368.5723828125,370.4920306396484,48510800
2025-03-20,382.00994873046875,391.6081886483197,382.00994873046875,387.76889268117935,38010500
2025-03-21,370.4920654296875,385.84924948894917,368.57241742227984,382.00995347413374,44442100
2025-03-24,362.8134460449219,372.4116853582796,357.05450245690724,370.49203749560803,40592900
2025-03-25,364.73309326171875,370.4920368395354,360.89379754317434,364.73309326171875,23676500
2025-03-26,376.2510070800781,383.9295990613042,366.6527671035455,366.6527671035455,70205200
2025-03-27,378.170654296875,385.8492462622938,372.4117103228109,374.3313583141656,41054500
2025-04-08,337.8580322265625,351.2955675992099,326.3401447642933,326.3401447642933,61882300
2025-04-09,337.8580322265625,343.6169759576971,332.0990884954279,335.9383843161843,32269900
2025-04-10,351.2955627441406,368.5723936987705,349.3759148602929,357.0545063956839,93195600
2025-04-11,353.2152099609375,355.13485784116,347.45626632027,351.295562080715,22333200
2025-04-14,366.65277099609375,374.33136305883914,353.21523488628924,353.21523488628924,68549500
2025-04-15,372.41168212890625,376.25097782095685,366.6527385908304,366.6527385908304,45057800
2025-04-16,362.8134460449219,376.25098108362266,360.89379818225035,372.4116853582796,32495900
2025-04-17,372.41168212890625,372.41168212890625,362.8134428987798,362.8134428987798,17022600
2025-04-21,376.2510070800781,380.09030307069116,368.57241509885205,372.4117110894651,28207300
2025-04-22,387.7688903808594,387.7688903808594,372.4117066033996,374.33135457558205,36765100
2025-04-23,395.4474792480469,397.36712720556164,387.76888741798774,389.6885353755025,56131900
2025-04-24,399.2867736816406,403.12606958242566,389.6885339296781,395.44747778085565,43736700
2025-04-25,416.5636291503906,416.5636291503906,399.2867966049827,399.2867966049827,49570900
2025-04-28,414.6439514160156,424.2421910321271,408.88500764634875,422.32254310890477,46910600
2025-04-29,410.8046569824219,414.6439528420707,408.88500905259747,414.6439528420707,24165100
2025-04-30,414.6439514160156,418.4832472624602,405.04571179990415,412.7243034927933,30830500
2025-05-02,401.2064208984375,408.8850126859674,397.3671250046726,405.0457167922024,57765100
2025-05-05,412.72430419921875,414.64395212572674,401.2064166401708,401.2064166401708,51501100
2025-05-06,418.4832458496094,418.4832458496094,408.88500626590275,412.7243020993854,34712900
2025-05-07,431.9207763671875,431.9207763671875,412.72429741753473,418.48324110243055,67003000
2025-05-08,412.72430419921875,428.0814876112827,406.9653604196948,426.1618396847747,75360400
2025-05-09,431.9207763671875,431.9207763671875,405.0457058376736,412.72429741753473,51110900
2025-05-14,424.2421875,431.9207791289593,420.40289168552033,431.9207791289593,62393300
2025-05-15,416.5636291503906,428.0815175139959,416.5636291503906,426.161869453395,48884300
2025-05-16,418.4832458496094,424.24218959983335,412.7243020993854,416.56359793286805,20128200
2025-05-19,420.40289306640625,424.2421888934967,414.64394932577056,418.483245152861,42999500
2025-05-20,414.6439514160156,433.84043064823857,412.7243034927933,420.4028951856825,109542200
2025-05-21,428.0815124511719,441.5190487164553,414.64397618588845,414.64397618588845,187950500
2025-05-22,420.40289306640625,433.84042846122287,420.40289306640625,431.9207805476777,70625200
2025-05-23,416.5636291503906,422.32257333219326,416.5636291503906,420.4029252715924,25573000
2025-05-26,401.2064208984375,418.4832524203798,399.286772951555,416.5636044734973,101684800
2025-05-27,399.2867736816406,406.96536548321063,395.44747778085565,399.2867736816406,43403400
2025-05-28,387.7688903808594,403.12607415831917,387.7688903808594,401.2064261861367,375603500
2025-06-02,393.52783203125,393.52783203125,380.0902963033537,389.6885361089939,82048300
2025-06-03,389.68853759765625,395.4474815030403,383.92959369227214,393.527833534579,44009500
2025-06-04,393.52783203125,395.4474799923781,385.8492401867378,391.608184070122,45584400
2025-06-05,389.68853759765625,397.3671294715017,389.68853759765625,395.4474815030403,44480100
2025-06-10,405.04571533203125,406.9653632719935,391.60817975229565,391.60817975229565,76331300
2025-06-11,403.1260681152344,408.885011945452,399.2867722284226,406.9653640020461,45570500
2025-06-12,405.04571533203125,410.804659151918,401.2064194521068,403.12606739206905,50284200
2025-06-13,395.4474792480469,405.04571903562083,389.6885353755025,403.12607107810607,55049100
2025-06-16,385.8492431640625,395.44748304376554,385.8492431640625,391.60818709188436,46469500
2025-06-17,389.68853759765625,391.6081855661176,385.8492416607335,389.68853759765625,27161100
2025-06-18,385.8492431640625,395.44748304376554,383.9295951881219,391.60818709188436,36919900
2025-06-19,370.4920654296875,387.7688974963569,368.57241742227984,385.84924948894917,85996600
2025-06-20,364.73309326171875,374.3313325580798,362.8134454024465,370.4920368395354,96776400
2025-06-23,359.81756591796875,363.7499983323728,355.8851335035647,363.7499983323728,47517800
2025-06-24,371.6148681640625,377.5135168650794,365.71621946304566,365.71621946304566,57395300
2025-06-25,361.7837829589844,377.51351265285325,361.7837829589844,375.54729644111967,49742100
2025-06-26,363.75,369.64864864864865,361.7837837837838,363.75,32956300
2025-06-30,373.5810852050781,377.51351768092104,365.7162202533923,369.6486527292352,42261000
2025-07-01,369.6486511230469,377.5135160405585,365.71621866429103,375.5472998111806,22487700
2025-07-02,363.75,371.61486486486484,361.7837837837838,369.64864864864865,19336400
2025-07-03,361.7837829589844,367.68243159418523,361.7837829589844,365.7162153824516,18040600
2025-07-04,359.81756591796875,365.7162145395748,359.81756591796875,361.7837821251708,22869600
2025-07-07,361.7837829589844,361.7837829589844,357.85135053551716,359.8175667472508,17128600
2025-07-08,359.81756591796875,363.7499983323728,357.8513497107667,361.7837821251708,19825700
2025-07-09,365.7162170410156,367.6824332616663,357.85135215841314,361.7837845997144,33986600
2025-07-10,373.5810852050781,373.5810852050781,365.7162202533923,365.7162202533923,27260300
2025-07-11,375.54730224609375,379.479734730346,371.6148697618415,373.5810860039676,31108700
2025-07-14,367.68243408203125,377.51351520721926,367.68243408203125,377.51351520721926,29393500
2025-07-15,391.27703857421875,391.27703857421875,363.7500107348265,367.6824432833111,77983900
2025-07-16,391.27703857421875,407.0067687681572,391.27703857421875,397.17568739694565,126937400
2025-07-17,385.3783874511719,393.2432525011958,381.4459549261599,391.2770362386898,56323200
2025-07-18,381.4459533691406,387.3446021325809,379.4797371146605,387.3446021325809,28774000
2025-07-21,385.3783874511719,387.3446037136778,379.4797386636539,381.4459549261599,25247200
2025-07-22,381.4459533691406,387.3446021325809,377.5135208601804,385.37838587810086,30352100
2025-07-23,389.3108215332031,393.2432540739426,377.5135239109849,381.44595645172427,50161900
2025-07-24,389.3108215332031,395.20947034431225,387.3446052628334,389.3108215332031,46643800
2025-07-25,397.1756591796875,403.0743075833462,387.3445785069229,389.31079464147587,65573200
2025-07-28,407.0067443847656,410.9391766976619,399.14187975897306,399.14187975897306,86299600
2025-07-29,410.9391784667969,412.9053946317098,403.07431380714524,408.97296230188397,84613900
2025-07-30,408.97296142578125,414.87160990788385,403.07431294367865,410.9391775864821,48936600
2025-07-31,405.04052734375,408.97295964805824,403.0743111915959,408.97295964805824,51643400
2025-08-01,410.9391784667969,410.9391784667969,397.1756653124066,403.07431380714524,42738900
2025-08-04,408.97296142578125,412.905393747183,405.0405291043795,412.905393747183,46403600
2025-08-05,416.83782958984375,418.8040457671543,408.9729648806014,410.939181057912,65441100
2025-08-06,412.9053955078125,418.80404401506695,410.9391793387277,418.80404401506695,27653800
2025-08-07,412.9053955078125,416.83782784598213,408.97296316964287,414.8716116768973,30995500
2025-08-08,407.0067443847656,414.8716090105582,405.0405282283175,412.90539285411006,26533000
2025-08-11,434.5337829589844,440.4324315964367,408.9729721966912,410.9391884091753,140890500
2025-08-12,436.5,440.43243243243245,426.6689189189189,438.4662162162162,85913700
2025-08-13,450.2635192871094,464.0270329771084,430.60135687282514,436.5000055971104,195886000
2025-08-14,442.3986511230469,454.1959484863281,442.3986511230469,450.2635160319011,68803100
2025-08-15,428.6351318359375,446.331077645678,426.66891563485524,442.3986452435135,73773600
2025-08-19,438.4662170410156,440.4324332609305,422.73648728169667,426.66891972152644,76693600
2025-08-20,460.0946044921875,462.0608207507011,434.53379313151044,438.46622564853766,145704600
2025-08-21,452.229736328125,467.95946628736414,446.3310875934103,464.02703379755434,80345400
2025-08-22,450.2635192871094,456.16216801139467,444.3648705628241,452.2297355285378,31718300
2025-08-25,465.9932556152344,467.95947188365307,458.1283905415595,458.1283905415595,81109200
2025-08-26,456.16217041015625,479.75676543137126,454.19595415838836,467.95946792076376,82068000
2025-08-27,456.16217041015625,471.8919004242996,456.16217041015625,456.16217041015625,65124500
2025-08-28,460.0946044921875,467.959469526242,458.1283882336739,458.1283882336739,36920300
2025-08-29,440.43243408203125,458.12838009425576,434.5337854112898,458.12838009425576,109874800
2025-09-01,436.5,446.3310810810811,412.9054054054054,420.77027027027026,85447400
2025-09-02,448.29730224609375,450.2635184840152,438.46622105648646,438.46622105648646,31774700
2025-09-03,442.3986511230469,452.2297322591146,440.43243489583335,450.2635160319011,39927600
2025-09-04,444.3648681640625,448.2973006256914,440.4324357024336,448.2973006256914,19427800
2025-09-08,438.4662170410156,462.06081167999406,436.50000082110074,446.3310819206751,91781600
2025-09-09,432.56756591796875,446.331079378995,428.6351335005327,438.46621454412286,54103000
2025-09-10,418.8040466308594,438.46620844451473,418.8040466308594,428.6351275376871,70175800
2025-09-11,440.43243408203125,440.43243408203125,416.83783939906533,418.8040556226458,54882100
2025-09-12,444.3648681640625,452.2297330873202,438.4662194716192,444.3648681640625,50643000
2025-09-15,456.16217041015625,460.0946029136921,446.3310891513167,446.3310891513167,52823100
2025-09-16,450.2635192871094,462.0608167356799,446.33108680425255,462.0608167356799,40546500
2025-09-17,456.16217041015625,462.06081916546003,442.39865664778085,450.2635216548525,72421700
2025-09-18,436.5,462.06081081081084,432.56756756756755,460.0945945945946,78784700
2025-09-19,428.6351318359375,440.4324290424312,426.66891563485524,438.4662128413489,42131500
2025-09-22,424.70269775390625,436.49999491373694,422.73648156060113,430.6013463338216,38936800
2025-09-23,440.43243408203125,440.43243408203125,422.7364880698068,428.6351367405483,49158300
2025-09-24,428.6351318359375,442.3986452435135,426.66891563485524,442.3986452435135,33995600
2025-09-25,428.6351318359375,436.49999664026666,424.7026994337729,426.66891563485524,53493700
2025-09-26,426.6689147949219,432.56756338655674,424.70269859771025,430.6013471893451,24327900
2025-09-29,424.70269775390625,432.5675625271267,422.73648156060113,426.66891394721137,26494200
2025-09-30,418.8040466308594,428.6351275376871,418.8040466308594,428.6351275376871,27952500
2025-10-01,414.8716125488281,426.6689095881313,412.90539637561096,418.8040448952625,37137100
2025-10-02,414.8716125488281,420.7702610684797,412.90539637561096,418.8040448952625,25951500
2025-10-03,414.8716125488281,418.8040448952625,412.90539637561096,416.83782872204534,17597400
2025-10-06,403.0743103027344,414.87160718964367,393.2432295636433,414.87160718964367,77937800
2025-10-07,401.10809326171875,405.04052554859834,397.17566097483916,403.07430940515854,38567500
2025-10-08,397.1756591796875,403.0743075833462,391.27701077602876,401.1080914487933,34229200
2025-10-09,401.10809326171875,408.9729578354779,393.2432286879596,397.17566097483916,54247200
2025-10-10,395.20947265625,405.04055406560946,393.2432563743781,405.04055406560946,35371700
2025-10-13,389.3108215332031,397.175686614682,385.3783889924637,391.27703780357285,52745400
2025-10-14,381.4459533691406,395.2094671505014,381.4459533691406,389.31081838706103,53351000
2025-10-15,371.6148681640625,385.37838179976853,371.6148681640625,383.41216556609623,52202400
2025-10-16,379.479736328125,383.41216882893457,371.6148713265058,375.5473038273154,47985900
2025-10-17,373.5810852050781,383.41216639468547,371.61486896715667,379.4797339188425,42554200
2025-10-20,381.4459533691406,385.37838587810086,373.5810883512202,373.5810883512202,42225000
2025-10-21,391.27703857421875,397.17568739694565,381.4459572030072,383.41217347724955,75631600
2025-10-22,387.3446044921875,405.04055089030777,383.4121719592719,395.2094695580187,152664300
2025-10-23,385.3783874511719,389.31081997618384,381.4459549261599,387.3446037136778,40764700
2025-10-24,385.3783874511719,391.2770362386898,383.41217118866587,387.3446037136778,49497300
2025-10-27,389.3108215332031,389.3108215332031,381.44595645172427,385.3783889924637,58485800
2025-10-28,387.3446044921875,391.27703702510314,385.37838822572974,389.3108207586453,31229800
2025-10-29,395.20947265625,397.1756889381219,385.37839124689054,389.3108238106343,35531700
2025-10-30,387.3446044921875,397.17568582447655,387.3446044921875,397.17568582447655,48691300
2025-10-31,385.3783874511719,395.20946876370175,385.3783874511719,387.3446037136778,41993200
2025-11-03,393.2432556152344,395.20947189331054,387.34460678100584,389.310823059082,22509200
2025-11-04,391.27703857421875,397.17568739694565,389.31082229997645,395.20947112270335,28015000
2025-11-05,387.3446044921875,389.3108207586453,383.4121719592719,389.3108207586453,55627400
2025-11-06,389.3108215332031,393.2432540739426,385.3783889924637,387.3446052628334,21486900
2025-11-07,389.3108215332031,391.27703780357285,385.3783889924637,387.3446052628334,26811200
2025-11-10,387.3446044921875,393.24325329156096,387.3446044921875,389.3108207586453,23777300
2025-11-11,387.3446044921875,391.27703702510314,385.37838822572974,389.3108207586453,26117200
2025-11-12,387.3446044921875,389.3108207586453,385.37838822572974,389.3108207586453,13431600
2025-11-13,387.3446044921875,391.27703702510314,385.37838822572974,391.27703702510314,15707900
2025-11-14,383.41217041015625,387.3446029271835,383.41217041015625,387.3446029271835,25380700
2025-11-17,385.3783874511719,389.31081997618384,383.41217118866587,383.41217118866587,20798900
2025-11-18,387.3446044921875,391.27703702510314,383.4121719592719,385.37838822572974,34646500
2025-11-19,383.41217041015625,389.31081918569714,383.41217041015625,389.31081918569714,21198300
2025-11-20,383.41217041015625,387.3446029271835,381.44595415164264,385.37838666866986,22646100
2025-11-21,383.41217041015625,385.37838666866986,379.479737893129,383.41217041015625,24298300
2025-11-24,381.4459533691406,385.37838587810086,381.4459533691406,383.41216962362074,20322200
2025-11-25,381.4459533691406,383.41216962362074,377.5135208601804,383.41216962362074,19229800
2025-11-26,383.41217041015625,383.41217041015625,377.51352163461536,381.44595415164264,37221800
2025-11-27,375.54730224609375,387.34459969885063,375.54730224609375,383.41216721459836,49655700
2025-11-28,379.479736328125,379.479736328125,371.6148713265058,377.51352007772016,56332700
2025-12-01,383.41217041015625,387.3446029271835,377.51352163461536,383.41217041015625,42166100
2025-12-02,381.4459533691406,385.37838587810086,379.4797371146605,383.41216962362074,26686500
2025-12-03,379.479736328125,383.41216882893457,377.51352007772016,383.41216882893457,24596300
2025-12-04,375.54730224609375,381.4459509724722,375.54730224609375,381.4459509724722,22086200
2025-12-05,377.5135192871094,381.44595177968347,375.5473030408224,375.5473030408224,20452900
2025-12-08,375.54730224609375,379.479734730346,373.5810860039676,377.5135184882199,21101000
2025-12-09,371.6148681640625,377.5135168650794,371.6148681640625,377.5135168650794,36801600
2025-12-10,369.6486511230469,377.5135160405585,367.682434893669,373.58108358180266,41193200
2025-12-11,365.7162170410156,373.5810819236181,363.750000820365,371.6148657029675,32785400
2025-12-12,363.75,367.68243243243245,359.81756756756755,365.7162162162162,24151500
2025-12-15,377.5135192871094,379.4797355333964,359.8175730705261,363.7500055631002,55170500
2025-12-16,375.54730224609375,379.479734730346,373.5810860039676,377.5135184882199,27820200
2025-12-17,379.479736328125,379.479736328125,373.5810875769106,375.5473038273154,23336400
2025-12-18,379.479736328125,385.37838507933935,377.51352007772016,379.479736328125,27121100
2025-12-19,381.4459533691406,385.37838587810086,381.4459533691406,383.41216962362074,28580900
2025-12-22,375.54730224609375,385.37838345672446,375.54730224609375,385.37838345672446,17571200
2025-12-23,375.54730224609375,379.479734730346,373.5810860039676,375.54730224609375,15765400
2025-12-24,371.6148681640625,377.5135168650794,371.6148681640625,375.5473006314071,18538200
2025-12-29,383.41217041015625,383.41217041015625,375.54730537610175,375.54730537610175,29583200
2025-12-30,375.54730224609375,383.41216721459836,373.5810860039676,383.41216721459836,25846500
2026-01-02,377.5135192871094,379.4797355333964,375.5473030408224,377.5135192871094,18892700
2026-01-05,379.479736328125,383.41216882893457,375.5473038273154,377.51352007772016,20759800
2026-01-06,385.3783874511719,387.3446037136778,379.4797386636539,379.4797386636539,38587100
2026-01-07,381.4459533691406,387.3446021325809,381.4459533691406,385.37838587810086,24884500
2026-01-08,375.54730224609375,385.37838345672446,375.54730224609375,381.4459509724722,27810300
2026-01-09,397.1756591796875,397.1756591796875,373.5810655650526,377.5134978341584,141444300
2026-01-12,391.27703857421875,416.8378501393687,389.31082229997645,401.1081199454303,249956100
2026-01-13,391.27703857421875,405.0405524939149,387.34460602573415,393.24325484846105,97826700
2026-01-14,405.04052734375,414.8716081045206,389.310798126517,391.2770142786711,157269700
2026-01-15,403.0743103027344,410.93917489400724,395.2094457114615,408.972958746189,99898600
2026-01-19,395.20947265625,407.00677034748134,395.20947265625,405.04055406560946,54341700
2026-01-20,395.20947265625,401.10812150186564,393.2432563743781,395.20947265625,39409600
2026-01-21,387.3446044921875,397.17568582447655,385.37838822572974,395.2094695580187,48357900
2026-01-22,395.20947265625,397.1756889381219,387.3446075287624,387.3446075287624,52655800
2026-01-23,395.20947265625,397.1756889381219,389.3108238106343,393.2432563743781,35203600
2026-01-26,393.2432556152344,397.1756881713867,391.2770393371582,397.1756881713867,22244700
2026-01-27,393.2432556152344,397.1756881713867,391.2770393371582,393.2432556152344,31129100
2026-01-28,379.479736328125,393.24325008095855,369.648655076101,389.3108175801489,95767500
2026-01-29,381.4459533691406,383.41216962362074,348.0202770429788,379.4797371146605,97868000
2026-01-30,389.3108215332031,393.2432540739426,381.44595645172427,389.3108215332031,42199300
2026-02-02,377.5135192871094,393.24324925740564,377.5135192871094,391.2770330111186,39654600
2026-02-03,385.3783874511719,387.3446037136778,375.547306138642,379.4797386636539,35480400
2026-02-04,387.3446044921875,391.27703702510314,381.4459556928141,387.3446044921875,31632300
2026-02-05,391.27703857421875,395.20947112270335,387.34460602573415,387.34460602573415,40106900
2026-02-06,379.479736328125,389.3108175801489,377.51352007772016,387.34460132974414,42321000
2026-02-09,381.4459533691406,385.37838587810086,379.4797371146605,381.4459533691406,20646900
2026-02-10,385.3783874511719,387.3446037136778,381.4459549261599,383.41217118866587,15581400
2026-02-11,389.3108215332031,391.27703780357285,385.3783889924637,385.3783889924637,31335200
2026-02-12,389.3108215332031,393.2432540739426,387.3446052628334,389.3108215332031,29742800
2026-02-13,391.27703857421875,393.24325484846105,387.34460602573415,389.31082229997645,15524600
2026-02-18,391.27703857421875,395.20947112270335,389.31082229997645,393.24325484846105,15090500
2026-02-19,391.27703857421875,393.24325484846105,387.34460602573415,391.27703857421875,17310700
2026-02-20,383.41217041015625,391.27703544421075,381.44595415164264,389.31081918569714,28052900
2026-02-23,383.41217041015625,389.31081918569714,381.44595415164264,385.37838666866986,26519100
2026-02-24,377.5135192871094,385.3783842722575,377.5135192871094,383.41216802597046,32505700
2026-02-25,381.4459533691406,383.41216962362074,377.5135208601804,379.4797371146605,14629500
2026-02-26,369.6486511230469,387.344597187448,367.682434893669,381.44594849931434,90127700
2026-02-27,369.6486511230469,375.5472998111806,367.682434893669,369.6486511230469,41257500
2026-03-02,361.7837829589844,369.6486478059188,359.8175667472508,359.8175667472508,38852000
2026-03-03,361.7837829589844,365.7162153824516,359.8175667472508,361.7837829589844,38323100
2026-03-04,346.0540466308594,357.8513436750932,346.0540466308594,357.8513436750932,51029000
2026-03-05,346.0540466308594,355.8851275010542,346.0540466308594,349.9864789789373,28409400
2026-03-06,348.020263671875,351.9526960297493,340.1553989561264,346.05404749293785,34152500
2026-03-09,324.4256591796875,342.12160422585225,318.5270108309659,340.15538810961175,51089600
2026-03-10,334.2567443847656,336.2229605282054,328.35809595444624,328.35809595444624,14767900
2026-03-11,338.1891784667969,342.12161077455033,334.2567461590434,334.2567461590434,19638100
2026-03-12,332.29052734375,338.1891757581361,328.3580950674926,338.1891757581361,20246600
2026-03-13,326.3918762207031,332.2905245861375,324.4256600988917,330.32430846432607,16272000
2026-03-16,322.45947265625,328.3581215463033,320.4932563595655,326.3919052496189,25735000
2026-03-17,334.2567443847656,338.1891766716452,322.45944752412686,322.45944752412686,25826800
2026-03-25,334.2567443847656,334.2567443847656,330.32431209788604,334.2567443847656,11088600
2026-03-26,330.3243103027344,336.2229587009975,330.3243103027344,334.2567425682431,8773300
2026-03-27,324.4256591796875,330.32430752840907,322.45944306344694,330.32430752840907,14662300
2026-03-30,322.45947265625,326.3919052496189,318.5270400628811,322.45947265625,16602900
2026-03-31,324.4256591796875,332.2905236446496,322.45944306344694,324.4256591796875,15294600
2026-04-01,324.4256591796875,332.2905236446496,322.45944306344694,328.35809141216856,9364400
2026-04-02,324.4256591796875,328.35809141216856,322.45944306344694,324.4256591796875,5998000
2026-04-06,320.4932556152344,326.3919044915884,320.4932556152344,324.42568819947036,8164500
2026-04-07,316.5608215332031,324.42568666446283,316.5608215332031,322.4594703816479,8331400
2026-04-08,330.3243103027344,332.29052643548874,320.49322963896253,320.49322963896253,28986800
2026-04-09,326.3918762207031,332.2905245861375,324.4256600988917,330.32430846432607,6680600
2026-04-10,328.35809326171875,332.2905255163501,326.39187713440305,330.3243093890344,11111500
2026-04-13,326.3918762207031,328.3580923425146,322.4594439770802,326.3918762207031,13707000
2026-04-14,338.1891784667969,340.1553946206736,328.35809769741326,328.35809769741326,29034400
2026-04-15,332.29052734375,340.1553918962648,332.29052734375,338.1891757581361,42098100
2026-04-16,326.3918762207031,336.22295682976045,324.4256600988917,334.256740707949,57175500
2026-04-17,324.4256591796875,328.35809141216856,324.4256591796875,326.391875295928,31590700
2026-04-20,318.52703857421875,326.39190372419944,316.5608222867236,324.42568743670427,47444000
2026-04-21,316.5608215332031,322.4594703816479,314.5946052503882,320.493254098833,56103600
2026-04-22,322.45947265625,322.45947265625,316.5608237661966,318.5270400628811,100057800
2026-04-23,316.5608215332031,324.42568666446283,314.5946052503882,322.4594703816479,42668200
2026-04-24,302.79730224609375,316.56081598455256,300.8310859977425,316.56081598455256,80441000
2026-04-27,296.8986511230469,302.79729982085576,296.8986511230469,302.79729982085576,47686900
2026-04-28,298.8648681640625,304.7635168778269,296.89865192614104,298.8648681640625,21384100
2026-04-29,316.5608215332031,316.5608215332031,298.8648749878688,298.8648749878688,43814200
2026-04-30,304.7635192871094,318.5270330613659,300.8310867801789,316.56081680790066,33083300
2026-05-04,304.7635192871094,304.7635192871094,298.8648705267137,302.79730303364414,25438900
2026-05-05,310.66217041015625,310.66217041015625,300.8310890680627,304.7635216049001,14595400
2026-05-06,316.5608215332031,320.493254098833,310.6621726847584,310.6621726847584,20378500
2026-05-07,322.45947265625,324.4256889529344,316.5608237661966,316.5608237661966,23829100
2026-05-08,316.5608215332031,322.4594703816479,314.5946052503882,322.4594703816479,19924600
2026-05-11,318.52703857421875,318.52703857421875,310.662173424238,316.5608222867236,14332900
2026-05-12,312.6283874511719,318.52703627100533,312.6283874511719,318.52703627100533,6594800
2026-05-13,314.5946044921875,316.56082077026366,310.6621719360351,312.62838821411134,12751200
2026-05-14,314.5946044921875,314.5946044921875,314.5946044921875,314.5946044921875,0
2026-05-15,314.5946044921875,314.5946044921875,314.5946044921875,314.5946044921875,0
2026-05-18,304.7635192871094,312.62838430097025,300.8310867801789,312.62838430097025,34761500
2026-05-19,300.8310852050781,310.66216642093036,298.8648689619077,306.7297339345895,41899400
2026-05-20,300.8310852050781,302.79730144824856,294.9324364755668,300.8310852050781,25601500
2026-05-21,283.1351318359375,300.8310775756836,283.1351318359375,298.8648613823785,27817300
2026-05-22,285.1013488769531,289.03378127525593,275.2702678811961,283.1351326778017,19299300
2026-05-25,287.06756591796875,292.96621453272155,285.10134971305115,285.10134971305115,13183200
2026-05-26,281.1689147949219,290.99999573180725,279.2026986075448,289.03377954443016,27269000
2026-05-27,281.1689147949219,281.1689147949219,281.1689147949219,281.1689147949219,0
2026-05-28,281.1689147949219,281.1689147949219,281.1689147949219,281.1689147949219,0
2026-05-29,281.1689147949219,285.10134716967605,275.2702662327906,275.2702662327906,20852500
2026-06-02,277.2364807128906,281.1689130634281,275.2702645376219,281.1689130634281,14593500
2026-06-03,275.270263671875,279.20269601004463,265.4391828264509,279.20269601004463,26057000
2026-06-04,279.20269775390625,283.13513011663736,257.57431975888534,265.4391844843475,22119400
2026-06-05,265.4391784667969,279.2026914243345,261.5067461932147,279.2026914243345,27473100
2026-06-08,253.6418914794922,265.4391887576081,251.67567526647287,265.4391887576081,20910000
2026-06-09,265.4391784667969,265.4391784667969,249.70944937246819,253.64188164605034,12394900
2026-06-10,277.2364807128906,279.2026968881594,261.5067513107408,265.43918366127826,22820300
2026-06-11,285.1013488769531,287.06756507610453,271.3378354828933,277.2364840803475,40113800
2026-06-12,296.8986511230469,298.86486735564984,287.0675699600321,291.000002425238,29775700
2026-06-15,302.79730224609375,306.72973474279627,296.89865350104,304.763518494445,25330900
2026-06-17,304.7635192871094,306.72973554057455,296.8986542732485,302.79730303364414,15749800
2026-06-18,298.8648681640625,308.69594935366985,298.8648681640625,304.7635168778269,4951100
2026-06-19,289.0337829589844,302.79729643322173,289.0337829589844,298.864864012011,103047700
2026-06-22,291.0,292.9662162162162,283.13513513513516,291.0,24416700
2026-06-23,292.0,296.0,288.0,292.0,13068100
2026-06-24,284.0,296.0,280.0,292.0,21766200
2026-06-25,284.0,290.0,280.0,284.0,21783300
2026-06-26,276.0,288.0,272.0,288.0,19994400
2026-06-29,274.0,278.0,272.0,276.0,7762400
2026-06-30,272.0,276.0,266.0,276.0,17625300
2026-07-01,270.0,276.0,268.0,272.0,8591500
2026-07-02,270.0,278.0,270.0,270.0,17145600
2026-07-03,278.0,282.0,272.0,272.0,7788800
2026-07-06,280.0,284.0,278.0,278.0,6040000
2026-07-07,290.0,292.0,280.0,284.0,15775700
2026-07-08,280.0,296.0,278.0,296.0,18136100
2026-07-09,282.0,284.0,276.0,280.0,13789500
2026-07-10,282.0,284.0,280.0,282.0,4435000
2026-07-13,282.0,286.0,278.0,282.0,11138700
2026-07-14,290.0,292.0,280.0,282.0,10846500
2026-07-15,290.0,294.0,288.0,290.0,8874300
2026-07-16,298.0,300.0,290.0,290.0,12247300
2026-07-17,302.0,304.0,296.0,300.0,7343800
2026-07-20,306.0,310.0,302.0,302.0,12605900
2026-07-21,322.0,324.0,306.0,306.0,29258900
2026-07-22,332.0,332.0,320.0,326.0,46413500
2026-07-23,338.0,344.0,332.0,334.0,45978800
2026-07-24,334.0,338.0,330.0,338.0,31241400
2026-07-27,318.0,334.0,316.0,334.0,14634800
2026-07-28,320.0,332.0,316.0,318.0,12037900
2026-07-29,322.0,330.0,316.0,328.0,10582300
2026-07-30,326.0,328.0,320.0,322.0,4099700
2026-07-31,326.0,332.0,326.0,328.0,8915700
2026-08-03,316.0,324.0,314.0,322.0,16289500
2026-08-04,318.0,320.0,314.0,316.0,16374500
2026-08-05,326.0,326.0,320.0,320.0,9844200
2026-08-06,322.0,328.0,320.0,328.0,10478600
2026-08-07,332.0,334.0,318.0,322.0,17138900
2026-08-10,332.0,336.0,330.0,334.0,15982100
2026-08-11,326.0,336.0,322.0,336.0,9560000
2026-08-12,328.0,330.0,322.0,322.0,5520600
2026-08-13,326.0,330.0,324.0,328.0,4213600
2026-08-14,330.0,334.0,322.0,324.0,14471800
2026-08-18,334.0,336.0,326.0,330.0,21839300
2026-08-19,332.0,348.0,332.0,334.0,57653700
2026-08-20,332.0,338.0,328.0,332.0,16426000
2026-08-21,328.0,334.0,328.0,332.0,13144100
2026-08-24,318.0,330.0,316.0,328.0,35248600
2026-08-25,318.0,318.0,318.0,318.0,0
2026-08-26,310.0,318.0,310.0,316.0,21044700
2026-08-27,314.0,316.0,306.0,310.0,5126200
2026-08-28,316.0,318.0,314.0,314.0,7159300
2026-08-31,314.0,320.0,312.0,318.0,7660300
2026-09-01,322.0,324.0,312.0,320.0,25482600
2026-09-02,322.0,326.0,318.0,322.0,13627400
2026-09-03,332.0,332.0,322.0,324.0,30581300
2026-09-04,332.0,340.0,330.0,332.0,35628100
2026-09-07,336.0,336.0,332.0,332.0,20499400
