date,Close,High,Low,Open,Volume
2018-06-01,522.3984985351562,522.3984985351562,522.3984985351562,522.3984985351562,0
2018-06-04,513.233642578125,522.3985290527344,508.6511993408203,522.3985290527344,35048500
2018-06-05,513.233642578125,517.8160858154297,508.6511993408203,513.233642578125,34199900
2018-06-06,517.8161010742188,517.8161010742188,508.6512143295423,513.2336577018806,26079400
2018-06-07,531.5634765625,545.3108078529095,522.3985890355603,522.3985890355603,46187500
2018-06-08,513.233642578125,536.1458587646484,513.233642578125,531.5634155273438,36231700
2018-06-11,513.233642578125,513.233642578125,513.233642578125,513.233642578125,0
2018-06-12,513.233642578125,513.233642578125,513.233642578125,513.233642578125,0
2018-06-13,513.233642578125,513.233642578125,513.233642578125,513.233642578125,0
2018-06-14,513.233642578125,513.233642578125,513.233642578125,513.233642578125,0
2018-06-15,513.233642578125,513.233642578125,513.233642578125,513.233642578125,0
2018-06-18,513.233642578125,513.233642578125,513.233642578125,513.233642578125,0
2018-06-19,513.233642578125,513.233642578125,513.233642578125,513.233642578125,0
2018-06-20,531.5634765625,531.5634765625,513.2337015086207,513.2337015086207,39440700
2018-06-21,517.8161010742188,531.5634311912335,517.8161010742188,531.5634311912335,39778700
2018-06-22,526.98095703125,526.98095703125,508.6511846127717,522.3985139266305,52666300
2018-06-25,536.1458129882812,540.728255834335,522.3984844501202,526.9809272961738,33797600
2018-06-26,545.6350708007812,564.6136819590693,540.8904180112092,555.1243763799253,32245700
2018-06-27,545.6350708007812,555.1243763799253,545.6350708007812,550.3797235903533,27793400
2018-06-28,536.1458740234375,550.3798352806969,531.4012202710177,545.635181528277,20460800
2018-06-29,536.1458740234375,540.8905277758573,526.6565665185979,540.8905277758573,24758000
2018-07-02,536.1458740234375,540.8905277758573,526.6565665185979,536.1458740234375,22799800
2018-07-03,531.4011840820312,540.890490940639,521.9118772234235,536.1458375113351,20984300
2018-07-04,526.6565551757812,531.4012088260135,517.1672478753167,531.4012088260135,35188800
2018-07-05,493.4439392089844,526.6565120403584,474.465326162485,526.6565120403584,53448800
2018-07-06,498.1885986328125,498.1885986328125,483.95463867187505,493.44394531250003,27922800
2018-07-09,502.9332275390625,507.6778806290536,493.44392135908015,498.1885744490713,29568800
2018-07-10,526.6565551757812,531.4012088260135,507.6779405748522,507.6779405748522,34677300
2018-07-11,526.6565551757812,531.4012088260135,521.911901525549,526.6565551757812,19776700
2018-07-12,536.1458740234375,545.635181528277,521.911912766178,526.6565665185979,32604100
2018-07-13,531.4011840820312,540.890490940639,531.4011840820312,540.890490940639,21770100
2018-07-16,545.6350708007812,550.3797235903533,531.4011124320652,531.4011124320652,26564800
2018-07-17,536.1458740234375,555.1244890331167,531.4012202710177,550.3798352806969,33226400
2018-07-18,531.4011840820312,545.6351443699429,531.4011840820312,540.890490940639,21545300
2018-07-19,540.8904418945312,545.635094893606,531.4011358963816,531.4011358963816,38287500
2018-07-20,555.1244506835938,574.1030643821781,545.6351438343015,545.6351438343015,39214000
2018-07-23,540.8904418945312,555.1244008917557,540.8904418945312,555.1244008917557,22933400
2018-07-24,521.9118041992188,550.3797207919034,517.1671514337713,545.635068026456,19016500
2018-07-25,531.4011840820312,545.6351443699429,517.1672237941198,521.9118772234235,24994200
2018-07-26,540.8904418945312,550.3797478926809,531.4011358963816,540.8904418945312,35769900
2018-07-27,550.3798217773438,555.1244754133554,545.6351681413322,545.6351681413322,24270300
2018-07-30,559.869140625,564.6137943591102,545.6351794226695,550.3798331567797,30281500
2018-07-31,550.3798217773438,569.3584363213902,550.3798217773438,559.869129049367,33870200
2018-08-01,555.1244506835938,564.613757532886,550.3797972589476,550.3797972589476,42081500
2018-08-02,555.1244506835938,559.8691041082399,550.3797972589476,555.1244506835938,35581400
2018-08-03,555.1244506835938,559.8691041082399,550.3797972589476,559.8691041082399,40674800
2018-08-06,559.869140625,564.6137943591102,555.1244868908899,555.1244868908899,40583700
2018-08-07,564.6137084960938,569.358361508666,559.8690554835215,559.8690554835215,45532100
2018-08-08,559.869140625,569.3584480932203,559.869140625,569.3584480932203,23550600
2018-08-09,555.1244506835938,564.613757532886,555.1244506835938,559.8691041082399,22917300
2018-08-10,540.8904418945312,559.8690538908306,531.4011358963816,559.8690538908306,20897000
2018-08-13,521.9118041992188,540.8904152610085,512.4224986683239,540.8904152610085,20162200
2018-08-14,498.1885986328125,521.911865234375,483.95463867187505,517.1672119140625,32978700
2018-08-15,493.4439392089844,502.93324573223407,479.20997942410986,498.18859247060925,16220300
2018-08-16,474.4653625488281,493.44397705078126,474.4653625488281,493.44397705078126,10404800
2018-08-17,474.4653625488281,474.4653625488281,474.4653625488281,474.4653625488281,0
2018-08-20,464.9760437011719,483.95465772979117,464.9760437011719,479.2100042226363,25358300
2018-08-21,461.1802978515625,474.46532700778033,459.28243654353133,470.66960439171805,37548200
2018-08-22,461.1802978515625,461.1802978515625,461.1802978515625,461.1802978515625,0
2018-08-23,461.1802978515625,468.77174308368694,461.1802978515625,463.0781591595936,39018300
2018-08-24,463.0781555175781,466.8738781037878,459.2824329313685,461.1802942244733,27410000
2018-08-27,457.3845520019531,468.77171927171133,455.48669079032675,466.87385806008496,22909000
2018-08-28,455.4867248535156,463.0781702677409,451.691002146403,463.0781702677409,15749400
2018-08-29,451.69097900390625,457.3845627728631,442.20167272231157,455.48670151654414,20361300
2018-08-30,430.8145446777344,453.5888818413151,430.8145446777344,451.69102041101667,4802800
2018-08-31,461.1802978515625,461.1802978515625,430.81451692306456,445.9974073873135,39236400
2018-09-03,449.7931213378906,463.07815023816585,445.99739879495485,461.18028896669796,25640400
2018-09-04,436.5080871582031,455.4866996433424,436.5080871582031,451.69097714631454,24317600
2018-09-05,419.4273376464844,436.5080889533548,411.83589262120864,436.5080889533548,15972300
2018-09-06,417.529541015625,419.427402565696,411.83595636541196,419.427402565696,12968500
2018-09-07,445.9974365234375,445.9974365234375,415.63165361120343,419.42737647523273,12031500
2018-09-10,444.09954833984375,444.09954833984375,430.81451911600226,436.50810306907715,21435700
2018-09-11,444.09954833984375,444.09954833984375,444.09954833984375,444.09954833984375,0
2018-09-12,453.5888366699219,453.5888366699219,442.2016692221414,444.09953046343816,24820900
2018-09-13,461.1802978515625,461.1802978515625,453.588852619438,453.588852619438,30042500
2018-09-14,442.20166015625,468.77171698967277,442.20166015625,461.1802721801234,22653600
2018-09-17,453.5888366699219,459.28242039381206,442.2016692221414,442.2016692221414,25296500
2018-09-18,447.895263671875,455.48670881885596,447.895263671875,455.48670881885596,18728200
2018-09-19,444.09954833984375,457.38457756368524,444.09954833984375,455.4867162459936,16591100
2018-09-20,447.895263671875,457.3845701056012,440.3038185248941,444.0995410983846,22818900
2018-09-21,445.9974365234375,453.588882251496,440.30385222739363,447.8952979554521,16208800
2018-09-24,466.8738708496094,468.7717321132257,440.3038131589812,445.9973969498301,13325800
2018-09-25,466.8738708496094,468.7717321132257,457.38456453152793,466.8738708496094,17669800
2018-09-26,464.9760437011719,474.4653507154815,459.2824594925861,464.9760437011719,22253000
2018-09-27,461.1802978515625,470.66960439171805,461.1802978515625,464.9760204676247,21723900
2018-09-28,461.1802978515625,468.77174308368694,461.1802978515625,463.0781591595936,11849800
2018-10-01,464.9760437011719,468.77176650689574,461.180320895448,463.07818229830997,16648700
2018-10-02,468.77178955078125,468.77178955078125,457.3846205738392,466.87392805462423,16857600
2018-10-03,463.0781555175781,468.7717393968926,447.8952651727395,468.7717393968926,10174500
2018-10-04,463.0781555175781,463.0781555175781,451.6909877589492,453.588849052054,654800
2018-10-05,461.1802978515625,464.9760204676247,442.2016847712513,453.588852619438,26519600
2018-10-08,455.4867248535156,461.1803089141846,451.691002146403,459.28244756062827,15396200
2018-10-09,461.1802978515625,461.1802978515625,447.8952686953446,455.4867139274691,12634200
2018-10-10,459.28240966796875,461.1802708649438,451.6909648800684,461.1802708649438,8001900
2018-10-11,445.9974365234375,453.588882251496,444.0995750914229,449.79315938746674,11839200
2018-10-12,453.5888366699219,457.38455915251535,442.2016692221414,447.89525294603163,6017100
2018-10-15,453.5888366699219,453.5888366699219,444.09953046343816,445.99739170473487,16470700
2018-10-16,445.9974365234375,453.588882251496,445.9974365234375,453.588882251496,13948200
2018-10-17,449.7931213378906,453.5888438808264,445.99739879495485,447.89526006642274,8668000
2018-10-18,453.5888366699219,455.4866979112186,447.89525294603163,453.5888366699219,9732800
2018-10-19,455.4867248535156,455.4867248535156,447.8952794392904,453.5888634999593,9887400
2018-10-22,459.28240966796875,461.1802708649438,453.5888260770435,455.48668727401855,16412800
2018-10-23,459.28240966796875,470.6695768498192,459.28240966796875,463.0781320619189,17672200
2018-10-24,447.895263671875,463.07815396583686,445.99740238512976,459.28243139234644,11145300
2018-10-25,447.895263671875,447.895263671875,430.8145120911679,445.99740238512976,10509800
2018-10-26,447.895263671875,459.28243139234644,440.3038185248941,447.895263671875,35519600
2018-10-29,444.09954833984375,449.79313229291864,444.09954833984375,444.09954833984375,15222300
2018-10-30,455.4867248535156,455.4867248535156,440.3038340250651,449.7931407928467,11052100
2018-10-31,442.20166015625,455.4866885729614,442.20166015625,455.4866885729614,13121500
2018-11-01,438.4059753417969,445.99742080226093,436.5081139766809,445.99742080226093,13908800
2018-11-02,455.4867248535156,455.4867248535156,434.6102499643962,440.3038340250651,11419000
2018-11-05,445.9974365234375,453.588882251496,444.0995750914229,445.9974365234375,14801300
2018-11-06,442.20166015625,447.89524376341205,440.30379895386267,447.89524376341205,16451900
2018-11-07,442.20166015625,455.4866885729614,440.30379895386267,445.9973825610247,12788000
2018-11-08,451.69097900390625,459.282424029182,444.0995339786305,444.0995339786305,18720200
2018-11-09,447.895263671875,453.5888475321107,447.895263671875,453.5888475321107,15823200
2018-11-12,415.63165283203125,444.0995742588827,415.63165283203125,442.20171283042595,19341400
2018-11-13,421.32525634765625,427.01884089289484,409.93808725717906,415.63167180241766,13591600
2018-11-14,413.7337646484375,425.12093248279814,408.0401807312572,421.3252098713446,16513200
2018-11-15,425.1209411621094,425.1209411621094,411.83591175079346,415.6316344397408,18467000
2018-11-16,419.4273376464844,425.1209214154412,417.5294763901654,425.1209214154412,19220900
2018-11-19,434.6102600097656,434.6102600097656,413.73378463811747,419.42736883038515,16972700
2018-11-20,434.6102600097656,434.6102600097656,434.6102600097656,434.6102600097656,0
2018-11-21,421.32525634765625,427.01884089289484,417.52953331749717,427.01884089289484,16554300
2018-11-22,425.1209411621094,428.91666385105674,421.32521847316195,423.22307981763566,22300200
2018-11-23,425.1209411621094,438.4059705734253,425.1209411621094,428.91666385105674,15791200
2018-11-26,425.1209411621094,430.81452519553045,419.42735712868824,427.01880250658303,15912100
2018-11-27,421.32525634765625,425.1209793778153,419.4273948325767,425.1209793778153,17865600
2018-11-28,423.22308349609375,427.0188062180318,419.42736077415566,421.3252221351247,22493300
2018-11-29,434.6102600097656,434.6102600097656,423.22309162523027,427.0188144200754,29894100
2018-11-30,427.018798828125,447.8952734375,427.018798828125,434.610244140625,24092400
2018-12-03,449.7931213378906,453.5888438808264,427.0187860802759,427.0187860802759,27803000
2018-12-04,438.4059753417969,455.48672762784093,438.4059753417969,447.89528216737693,30548500
2018-12-05,444.09954833984375,453.58885492830194,432.7123804336939,440.30382570446045,18996300
2018-12-06,459.28240966796875,468.77171565284414,432.71235291031763,444.0995200921681,27931200
2018-12-07,445.9974365234375,461.18032797955453,444.0995750914229,457.3846051155253,18154100
2018-12-10,427.018798828125,445.99741210937503,419.42735351562504,445.99741210937503,18790800
2018-12-11,421.32525634765625,430.8145639230539,417.52953331749717,428.91670240797436,13631700
2018-12-12,432.7123718261719,436.5080943860506,421.3252041465358,421.3252041465358,13636700
2018-12-13,449.7931213378906,455.4867051522943,430.8145086232117,436.50809243761535,59337200
2018-12-14,453.5888366699219,457.38455915251535,445.99739170473487,451.6909754286251,20876500
2018-12-17,453.5888366699219,457.38455915251535,447.89525294603163,453.5888366699219,15807800
2018-12-18,449.7931213378906,453.5888438808264,445.99739879495485,453.5888438808264,15356700
2018-12-19,449.7931213378906,451.6909826093585,444.0995375234869,449.7931213378906,17973100
2018-12-20,445.9974365234375,449.79315938746674,442.20171365940826,449.79315938746674,20944400
2018-12-21,445.9974365234375,449.79315938746674,442.20171365940826,447.8952979554521,15868800
2018-12-24,445.9974365234375,445.9974365234375,445.9974365234375,445.9974365234375,0
2018-12-25,445.9974365234375,445.9974365234375,445.9974365234375,445.9974365234375,0
2018-12-26,445.9974365234375,447.8952979554521,427.0188222032912,445.9974365234375,15268800
2018-12-27,445.9974365234375,451.69102081948137,444.0995750914229,444.0995750914229,17664100
2018-12-28,474.4653625488281,474.4653625488281,445.99744079589846,445.99744079589846,16169700
2018-12-31,474.4653625488281,474.4653625488281,474.4653625488281,474.4653625488281,0
2019-01-01,474.4653625488281,474.4653625488281,474.4653625488281,474.4653625488281,0
2019-01-02,447.895263671875,474.4653216863083,447.895263671875,463.07815396583686,14714500
2019-01-03,453.5888366699219,463.0781428764056,447.89525294603163,447.89525294603163,16231800
2019-01-04,455.4867248535156,468.7717543284098,453.5888634999593,455.4867248535156,27621400
2019-01-07,468.77178955078125,472.56751254309523,455.48675907768217,455.48675907768217,20640000
2019-01-08,463.0781555175781,488.6992829744933,461.1802942244733,472.5674619831023,35576000
2019-01-09,463.0781555175781,472.5674619831023,463.0781555175781,464.97601681068295,15029800
2019-01-10,466.8738708496094,474.4653159040746,464.9760095859931,466.8738708496094,19674200
2019-01-11,466.8738708496094,479.20996906311535,466.8738708496094,466.8738708496094,15366600
2019-01-14,453.5888366699219,468.77172660029584,449.79311418732834,468.77172660029584,18761600
2019-01-15,463.0781555175781,466.8738781037878,449.79312646584435,453.588849052054,22479200
2019-01-16,464.9760437011719,470.66962790975765,463.07818229830997,464.9760437011719,19241400
2019-01-17,455.4867248535156,468.7717543284098,453.5888634999593,466.8738929748535,17621100
2019-01-18,455.4867248535156,459.28244756062827,442.2016953786214,451.691002146403,21133200
2019-01-21,451.69097900390625,459.282424029182,449.7931177475873,459.282424029182,15271400
2019-01-22,464.9760437011719,464.9760437011719,447.89529107541455,453.5888752840003,18836900
2019-01-23,479.2099914550781,502.9332583587949,461.1803086082534,464.9760313128481,57288000
2019-01-24,472.5674743652344,483.954642422228,470.66961302240213,483.954642422228,32292100
2019-01-25,479.2099914550781,488.69929821656484,472.56747672203744,472.56747672203744,28329400
2019-01-28,470.66961669921875,488.69929959697106,466.87389398390246,479.20999280868034,18238200
2019-01-29,461.1802978515625,472.5674656997492,461.1802978515625,470.66960439171805,18374000
2019-01-30,457.3845520019531,464.9759968484586,453.5888295787004,464.9759968484586,16301500
2019-01-31,463.0781555175781,470.6696006899974,455.4867103451588,457.38457163826365,11565800
2019-02-01,517.1671142578125,540.8903763797305,464.9759375895929,464.9759375895929,113382700
2019-02-04,540.8904418945312,555.1244008917557,507.6778709010074,521.9118298982319,65908900
2019-02-05,540.8904418945312,540.8904418945312,540.8904418945312,540.8904418945312,0
2019-02-06,574.10302734375,588.3369866993802,536.1458023954028,540.8904555139462,54529200
2019-02-07,569.3583984375,578.847705078125,559.8690917968751,574.1030517578125,21849800
2019-02-08,569.3583984375,578.847705078125,564.6137451171875,569.3583984375,17347900
2019-02-11,564.6137084960938,574.1030145212382,559.8690554835215,569.358361508666,14440200
2019-02-12,545.6350708007812,564.6136819590693,517.1671540633491,564.6136819590693,17861300
2019-02-13,526.6565551757812,550.3798234269426,521.911901525549,545.6351697767103,13724800
2019-02-14,540.8904418945312,545.635094893606,526.6564828973068,531.4011358963816,16538900
2019-02-15,536.1458740234375,545.635181528277,526.6565665185979,540.8905277758573,8832600
2019-02-18,540.8904418945312,545.635094893606,536.1457888954563,536.1457888954563,17280600
2019-02-19,545.6350708007812,569.3583347486413,540.8904180112092,540.8904180112092,20451600
2019-02-20,555.1244506835938,569.358410957532,545.6351438343015,545.6351438343015,24195300
2019-02-21,574.10302734375,583.5923335808368,555.1244148695764,559.8690679881198,38728500
2019-02-22,555.1244506835938,578.8477178068242,555.1244506835938,574.1030643821781,15742900
2019-02-25,531.4011840820312,564.6137580871582,531.4011840820312,555.1244512285505,16321600
2019-02-26,545.6350708007812,545.6350708007812,531.4011124320652,536.1457652216372,16215200
2019-02-27,555.1244506835938,564.613757532886,545.6351438343015,545.6351438343015,15874400
2019-02-28,559.869140625,559.869140625,540.8905256885594,559.869140625,12693200
2019-03-01,597.8262939453125,607.3156001984127,555.1244158063616,559.8690689329117,50843200
2019-03-04,578.8477172851562,607.315637807377,578.8477172851562,597.8263309666368,33297900
2019-03-05,569.3583984375,578.847705078125,531.401171875,578.847705078125,29923400
2019-03-06,564.6137084960938,578.8476675338104,559.8690554835215,569.358361508666,18077500
2019-03-07,564.6137084960938,564.6137084960938,564.6137084960938,564.6137084960938,0
2019-03-08,564.6137084960938,578.8476675338104,550.3797494583771,564.6137084960938,24525500
2019-03-11,545.6350708007812,569.3583347486413,540.8904180112092,569.3583347486413,28771900
2019-03-12,545.6350708007812,564.6136819590693,540.8904180112092,540.8904180112092,35877400
2019-03-13,545.6350708007812,550.3797235903533,536.1457652216372,550.3797235903533,23707600
2019-03-14,555.1244506835938,559.8691041082399,545.6351438343015,545.6351438343015,12339800
2019-03-15,545.6350708007812,564.6136819590693,540.8904180112092,555.1243763799253,16720100
2019-03-18,550.3798217773438,555.1244754133554,540.8905145053207,540.8905145053207,14162300
2019-03-19,559.869140625,569.3584480932203,545.6351794226695,545.6351794226695,18909000
2019-03-20,545.6350708007812,564.6136819590693,545.6350708007812,555.1243763799253,15281300
2019-03-21,559.869140625,564.6137943591102,550.3798331567797,550.3798331567797,18661600
2019-03-22,550.3798217773438,559.869129049367,550.3798217773438,559.869129049367,10647800
2019-03-25,526.6565551757812,550.3798234269426,521.911901525549,550.3798234269426,26007700
2019-03-26,517.1671142578125,540.8903763797305,517.1671142578125,531.4010715309632,26872300
2019-03-27,517.1671142578125,531.4010715309632,512.4224618334289,526.6564191065797,10276500
2019-03-28,531.4011840820312,531.4011840820312,521.9118772234235,526.6565306527274,13381300
2019-03-29,526.6565551757812,536.1458624762457,521.911901525549,531.4012088260135,13215500
2019-04-01,517.1671142578125,531.4010715309632,512.4224618334289,526.6564191065797,26622900
2019-04-02,545.6350708007812,564.6136819590693,526.6564596424932,526.6564596424932,39043500
2019-04-03,545.6350708007812,545.6350708007812,545.6350708007812,545.6350708007812,0
2019-04-04,545.6350708007812,559.8690291694973,540.8904180112092,540.8904180112092,28878300
2019-04-05,550.3798217773438,559.869129049367,545.6351681413322,550.3798217773438,25015900
2019-04-08,531.4011840820312,540.890490940639,521.9118772234235,526.6565306527274,29018300
2019-04-09,531.4011840820312,536.1458375113351,521.9118772234235,521.9118772234235,17124400
2019-04-10,531.4011840820312,536.1458375113351,521.9118772234235,531.4011840820312,18899200
2019-04-11,521.9118041992188,531.4011097301136,521.9118041992188,531.4011097301136,12009600
2019-04-12,526.6565551757812,531.4012088260135,521.911901525549,526.6565551757812,12195100
2019-04-15,526.6565551757812,536.1458624762457,526.6565551757812,536.1458624762457,19801700
2019-04-16,540.8904418945312,550.3797478926809,526.6564828973068,531.4011358963816,22113500
2019-04-17,540.8904418945312,540.8904418945312,540.8904418945312,540.8904418945312,0
2019-04-18,626.2942504882812,635.7835573138613,550.3797958836411,550.3797958836411,102455200
2019-04-19,626.2942504882812,626.2942504882812,626.2942504882812,626.2942504882812,0
2019-04-22,612.0601806640625,635.783443480499,583.5922652843386,626.2941383539244,65169900
2019-04-23,612.0601806640625,626.2941383539244,607.3155281007752,612.0601806640625,35714200
2019-04-24,612.0601806640625,616.8048332273498,607.3155281007752,616.8048332273498,26023400
2019-04-25,607.3157348632812,616.80504322052,602.5710806846619,612.0603890419006,31511900
2019-04-26,635.7835083007812,640.528161347802,602.5709369716359,607.3155900186567,36471200
2019-04-29,635.7835083007812,640.528161347802,616.8048961126982,635.7835083007812,30040000
2019-04-30,640.5281982421875,654.7621582031251,635.783544921875,635.783544921875,44923600
2019-05-01,640.5281982421875,640.5281982421875,640.5281982421875,640.5281982421875,0
2019-05-02,626.2942504882812,650.0175175522313,626.2942504882812,640.5282107266513,31718400
2019-05-03,597.8262939453125,631.0388658311632,593.0816408187624,626.2942127046131,21510400
2019-05-06,578.8477172851562,602.5709843870069,574.1030638647861,593.0816775462666,46855900
2019-05-07,583.5924072265625,597.82636837843,578.8477535092734,578.8477535092734,34247000
2019-05-08,612.0601806640625,626.2941383539244,583.5922652843386,588.336917847626,58781800
2019-05-09,616.8048706054688,626.2941763070913,612.0602177546574,612.0602177546574,36135900
2019-05-10,616.8048706054688,621.54952345628,607.3155649038462,612.0602177546574,30931000
2019-05-13,607.3157348632812,621.5496973991394,602.5710806846619,616.80504322052,26632200
2019-05-14,593.0816040039062,612.0602153320312,588.336951171875,612.0602153320312,22152300
2019-05-15,588.3369750976562,602.5709341725996,583.5923220726752,597.8262811476184,29722700
2019-05-16,571.0612182617188,599.85422086315,571.0612182617188,595.0553870962448,28389200
2019-05-17,566.2623901367188,575.8600577661547,566.2623901367188,575.8600577661547,17595700
2019-05-20,556.6647338867188,571.0612356251684,551.8658999739022,566.2624017123518,26175400
2019-05-21,571.0612182617188,571.0612182617188,561.4635507279083,561.4635507279083,29440700
2019-05-22,571.0612182617188,575.860052028624,566.2623844948135,571.0612182617188,20459300
2019-05-23,561.4635009765625,575.8600010016025,561.4635009765625,571.0611676599226,32748600
2019-05-24,566.2623901367188,585.4577253955906,561.4635563220008,566.2623901367188,30992300
2019-05-27,561.4635009765625,571.0611676599226,556.6646676348826,566.2623343182426,31665900
2019-05-28,556.6647338867188,571.0612356251684,556.6647338867188,566.2624017123518,23363100
2019-05-29,551.8658447265625,561.4635115913723,551.8658447265625,556.6646781589674,29729600
2019-05-30,551.8658447265625,551.8658447265625,551.8658447265625,551.8658447265625,0
2019-05-31,561.4635009765625,566.2623343182426,551.8658342932025,556.6646676348826,28958800
2019-06-03,561.4635009765625,561.4635009765625,561.4635009765625,561.4635009765625,0
2019-06-04,561.4635009765625,561.4635009765625,561.4635009765625,561.4635009765625,0
2019-06-05,561.4635009765625,561.4635009765625,561.4635009765625,561.4635009765625,0
2019-06-06,561.4635009765625,561.4635009765625,561.4635009765625,561.4635009765625,0
2019-06-07,561.4635009765625,561.4635009765625,561.4635009765625,561.4635009765625,0
2019-06-10,595.0553588867188,599.8541924261277,561.4635241108556,566.2623576502646,30868500
2019-06-11,657.440185546875,662.23901901802,595.055350421989,599.8541838931342,69510500
2019-06-12,667.0379028320312,676.6355704986793,638.2448998320875,657.4402351653833,43130100
2019-06-13,691.0320434570312,719.8250452677408,647.8425407409668,667.0378752814399,79274300
2019-06-14,710.2274169921875,758.2157559781461,691.0320813978041,691.0320813978041,52663800
2019-06-17,691.0320434570312,715.0262116326226,681.4343761867947,715.0262116326226,46842500
2019-06-18,724.6239013671875,729.4227351510762,686.2332310960783,686.2332310960783,43591300
2019-06-20,691.0320434570312,719.8250452677408,681.4343761867947,710.2273779975044,33922800
2019-06-21,695.8308715820312,700.6297051791487,652.6413692079741,652.6413692079741,34763500
2019-06-24,686.2332153320312,700.629716352983,676.6355479847301,695.8308826793324,38578900
2019-06-25,686.2332153320312,705.4285500266335,681.4343816583807,686.2332153320312,23921500
2019-06-26,691.0320434570312,700.6297107272678,681.4343761867947,686.233209821913,50889000
2019-06-27,676.635498046875,719.8249979222074,676.635498046875,691.0319980053192,41363500
2019-06-28,691.0320434570312,695.8308770921495,681.4343761867947,681.4343761867947,35145100
2019-07-01,705.4285278320312,710.2273613546981,691.0320272640306,691.0320272640306,32925700
2019-07-02,748.6181030273438,763.0146050086389,705.4285970834586,705.4285970834586,80135500
2019-07-03,753.4168701171875,796.606372225816,719.8250351438097,719.8250351438097,96841100
2019-07-04,763.0145874023438,767.8134212853773,758.2157535193102,758.2157535193102,43069100
2019-07-05,743.8192138671875,767.8133820564516,734.2215465914818,767.8133820564516,63318000
2019-07-08,719.8250122070312,753.416846110026,719.8250122070312,743.819179280599,40382300
2019-07-09,739.0203857421875,777.411055131392,724.6238847212358,724.6238847212358,68915500
2019-07-10,743.8192138671875,753.4168811428931,739.0203802293346,743.8192138671875,38848800
2019-07-11,767.8134155273438,772.6122493743896,739.0204124450684,743.8192462921143,39961400
2019-07-12,758.2156982421875,772.6121988417227,753.4168647090091,767.8133653085443,30654700
2019-07-15,767.8134155273438,782.2099170684814,758.215747833252,758.215747833252,36696500
2019-07-16,763.0145874023438,767.8134212853773,753.4169196362766,763.0145874023438,13284100
2019-07-17,753.4168701171875,767.8133708200637,753.4168701171875,763.0145372524382,33180800
2019-07-18,734.2214965820312,758.2156631369995,734.2214965820312,758.2156631369995,28170000
2019-07-19,748.6181030273438,753.4169370211088,739.0204350398137,748.6181030273438,27436900
2019-07-22,739.0203857421875,753.4168867631392,739.0203857421875,748.6180530894886,22284100
2019-07-23,758.2156982421875,758.2156982421875,743.8191976426523,743.8191976426523,18325300
2019-07-24,777.4110717773438,777.4110717773438,753.416902895327,758.2157366717304,48271900
2019-07-25,815.8016967773438,815.8016967773438,777.4110286937041,777.4110286937041,50217400
2019-07-26,787.0087280273438,820.6005639797304,772.6122269048923,820.6005639797304,34002000
2019-07-29,763.0145874023438,791.8075907005455,763.0145874023438,791.8075907005455,19782900
2019-07-30,791.8075561523438,796.6063898259944,763.0145541104404,763.0145541104404,29806200
2019-07-31,777.4110717773438,796.6064068829572,777.4110717773438,791.8075731065538,28768700
2019-08-01,787.0087280273438,791.8075617348276,772.6122269048923,772.6122269048923,20782300
2019-08-02,777.4110717773438,787.0087393301505,772.6122380009405,787.0087393301505,20105300
2019-08-05,767.8134155273438,777.4110832214355,700.6297416687012,777.4110832214355,35674600
2019-08-06,767.8134155273438,767.8134155273438,715.0262432098389,719.8250770568848,13366900
2019-08-07,748.6181030273438,772.6122729961689,748.6181030273438,772.6122729961689,20822900
2019-08-08,767.8134155273438,767.8134155273438,748.6180801391602,748.6180801391602,21760000
2019-08-09,758.2156982421875,767.8133653085443,753.4168647090091,767.8133653085443,23002800
2019-08-12,748.6181030273438,767.8134390024039,739.0204350398137,758.2157710148738,18788200
2019-08-13,748.6181030273438,753.4169370211088,734.2216010460487,739.0204350398137,25504000
2019-08-14,763.0145874023438,767.8134212853773,753.4169196362766,758.2157535193102,26031100
2019-08-15,753.4168701171875,758.2157036848129,743.8192029819367,758.2157036848129,16681100
2019-08-16,758.2156982421875,763.014531775366,748.6180311758308,753.4168647090091,25220500
2019-08-19,743.8192138671875,767.8133820564516,739.0203802293346,763.0145484185988,25217300
2019-08-20,739.0203857421875,753.4168867631392,729.4227183948864,748.6180530894886,18818800
2019-08-21,715.0261840820312,739.0203513331061,715.0261840820312,739.0203513331061,23827000
2019-08-22,710.2274169921875,719.8250847893793,705.4285830935917,719.8250847893793,15414800
2019-08-23,710.2274169921875,719.8250847893793,710.2274169921875,710.2274169921875,13692100
2019-08-26,705.4285278320312,719.8250284000319,695.8308607866975,719.8250284000319,39880300
2019-08-27,705.4285278320312,715.026194877365,700.6296943093644,710.2273613546981,50681500
2019-08-28,700.6296997070312,715.0262003859428,700.6296997070312,705.4285332666685,28051400
2019-08-29,695.8308715820312,705.4285387762661,691.0320379849138,705.4285387762661,27925000
2019-08-30,695.8308715820312,700.6297051791487,691.0320379849138,691.0320379849138,13382500
2019-09-02,681.4343872070312,695.830888345208,681.4343872070312,695.830888345208,18415800
2019-09-03,691.0320434570312,695.8308770921495,681.4343761867947,681.4343761867947,21063000
2019-09-04,700.6296997070312,700.6296997070312,681.4343654684825,691.0320325877569,21687900
2019-09-05,724.6239013671875,739.0204027188535,700.6297324477442,700.6297324477442,38790100
2019-09-06,724.6239013671875,734.2215689349648,724.6239013671875,729.4227351510762,16115800
2019-09-09,724.6239013671875,734.2215689349648,724.6239013671875,729.4227351510762,22705400
2019-09-10,734.2214965820312,734.2214965820312,724.6238299600438,729.4226632710375,39999500
2019-09-11,729.4227294921875,739.0203969855058,724.6238957455284,734.2215632388467,24125900
2019-09-12,724.6239013671875,734.2215689349648,724.6239013671875,734.2215689349648,22345500
2019-09-13,724.6239013671875,734.2215689349648,724.6239013671875,729.4227351510762,16286000
2019-09-16,719.8250122070312,729.4226790364582,715.0261787923176,724.6238456217447,36012200
2019-09-17,724.6239013671875,729.4227351510762,719.8250675832988,724.6239013671875,23992400
2019-09-18,748.6181030273438,753.4169370211088,724.6239330585187,729.4227670522837,29499400
2019-09-19,734.2214965820312,758.2156631369995,734.2214965820312,753.4168298260059,21891800
2019-09-20,743.8192138671875,743.8192138671875,724.6238793157762,734.2215465914818,31649200
2019-09-23,729.4227294921875,748.6180644788241,729.4227294921875,743.8192307321649,19275300
2019-09-24,719.8250122070312,729.4226790364582,719.8250122070312,729.4226790364582,26069800
2019-09-25,681.4343872070312,719.8250569088358,662.2390523561289,719.8250569088358,25439200
2019-09-26,710.2274169921875,710.2274169921875,686.2332474992082,691.0320813978041,23730000
2019-09-27,705.4285278320312,710.2273613546981,705.4285278320312,710.2273613546981,19038800
2019-09-30,700.6296997070312,710.2273668263057,695.8308661473941,705.4285332666685,17542200
2019-10-01,705.4285278320312,705.4285278320312,695.8308607866975,700.6296943093644,21977000
2019-10-02,734.2214965820312,743.8191632040185,695.8308300940819,705.4284967160693,32830700
2019-10-03,763.0145874023438,763.0145874023438,729.4227502211085,734.2215841041422,55607300
2019-10-04,787.0087280273438,801.4052291497951,763.0145594899247,767.8133931974086,59885400
2019-10-07,763.0145874023438,796.606424583579,758.2157535193102,791.8075907005455,45406400
2019-10-08,763.0145874023438,772.612255168411,758.2157535193102,763.0145874023438,33973400
2019-10-09,767.8134155273438,782.2099170684814,763.0145816802979,763.0145816802979,22823900
2019-10-10,767.8134155273438,777.4110832214355,763.0145816802979,767.8134155273438,31513100
2019-10-11,787.0087280273438,796.6063954423114,767.8133931974086,767.8133931974086,20918300
2019-10-14,772.6121826171875,796.606349779212,772.6121826171875,787.0086829144022,33770300
2019-10-15,777.4110717773438,787.0087393301505,763.0145704481337,772.6122380009405,16963500
2019-10-16,763.0145874023438,782.2099229344782,763.0145874023438,777.4110890514446,27469400
2019-10-17,758.2156982421875,777.4110323749012,758.2156982421875,767.8133653085443,30739100
2019-10-18,753.4168701171875,767.8133708200637,715.0262015761842,758.2157036848129,67386000
2019-10-21,758.2156982421875,767.8133653085443,753.4168647090091,753.4168647090091,17703700
2019-10-22,763.0145874023438,782.2099229344782,763.0145874023438,763.0145874023438,40829800
2019-10-23,763.0145874023438,772.612255168411,758.2157535193102,763.0145874023438,24346500
2019-10-24,763.0145874023438,777.4110890514446,763.0145874023438,763.0145874023438,26052900
2019-10-25,758.2156982421875,767.8133653085443,758.2156982421875,763.014531775366,20304800
2019-10-28,763.0145874023438,767.8134212853773,758.2157535193102,763.0145874023438,30944500
2019-10-29,763.0145874023438,772.612255168411,763.0145874023438,767.8134212853773,30912300
2019-10-30,753.4168701171875,767.8133708200637,753.4168701171875,763.0145372524382,15071000
2019-10-31,739.0203857421875,758.2157204367898,739.0203857421875,758.2157204367898,30800600
2019-11-01,734.2214965820312,743.8191632040185,729.4226632710375,739.020329893025,15498800
2019-11-04,734.2214965820312,739.020329893025,729.4226632710375,739.020329893025,42246100
2019-11-05,715.0261840820312,739.0203513331061,715.0261840820312,734.2215178828911,16805200
2019-11-06,715.0261840820312,724.6238509824612,715.0261840820312,724.6238509824612,20498200
2019-11-07,715.0261840820312,724.6238509824612,715.0261840820312,719.8250175322462,20336200
2019-11-08,700.6296997070312,719.8250339455801,691.0320325877569,719.8250339455801,20779900
2019-11-11,681.4343872070312,705.428555770659,676.6355534943057,700.6297220579335,28128600
2019-11-12,681.4343872070312,700.6297220579335,676.6355534943057,686.2332209197568,26723600
2019-11-13,681.4343872070312,691.0320546324824,676.6355534943057,681.4343872070312,39998000
2019-11-14,662.2390747070312,686.2332440804744,657.4402408323426,686.2332440804744,23249300
2019-11-15,657.440185546875,671.8366859603102,657.440185546875,667.0378524891652,19339300
2019-11-18,647.842529296875,667.037863498264,647.842529296875,662.2390299479167,23460200
2019-11-19,662.2390747070312,662.2390747070312,638.2449053335881,647.8425730829654,20195900
2019-11-20,676.635498046875,676.635498046875,662.2389980884309,662.2389980884309,16398100
2019-11-21,686.2332153320312,695.8308826793324,676.6355479847301,676.6355479847301,30624000
2019-11-22,686.2332153320312,695.8308826793324,686.2332153320312,691.0320490056819,10410800
2019-11-25,681.4343872070312,700.6297220579335,681.4343872070312,700.6297220579335,25934200
2019-11-26,671.8367309570312,686.2332323346819,667.037897164481,681.4343985421317,20476500
2019-11-27,652.6414184570312,676.6355882532456,652.6414184570312,671.8367542940027,28056100
2019-11-28,638.2448120117188,657.4401447038006,638.2448120117188,652.6413115307801,21153700
2019-11-29,647.842529296875,652.6413628472222,638.2448621961805,638.2448621961805,21521500
2019-12-02,657.440185546875,662.23901901802,647.8425186045848,652.64135207573,27195000
2019-12-03,657.440185546875,667.0378524891652,652.64135207573,662.23901901802,39948900
2019-12-04,643.0437622070312,662.2390983923158,633.446094114389,657.4402643459946,31203300
2019-12-05,647.842529296875,657.4401963975695,643.0436957465278,652.6413628472222,19346300
2019-12-06,667.0379028320312,671.8367366653553,647.8425674987354,647.8425674987354,23887400
2019-12-09,671.8367309570312,676.6355647495815,667.037897164481,667.037897164481,31958600
2019-12-10,681.4343872070312,681.4343872070312,667.0378860688545,671.8367197815801,22915300
2019-12-11,667.0379028320312,681.4344043320032,667.0379028320312,681.4344043320032,22874600
2019-12-12,671.8367309570312,671.8367309570312,657.4402295793806,671.8367309570312,21128100
2019-12-13,671.8367309570312,681.4343985421317,667.037897164481,671.8367309570312,23467200
2019-12-16,657.440185546875,676.6355194314554,657.440185546875,671.8366859603102,17599200
2019-12-17,647.842529296875,667.037863498264,647.842529296875,657.4401963975695,17624800
2019-12-18,652.6414184570312,652.6414184570312,633.4460826200598,647.8425844977884,30042600
2019-12-19,652.6414184570312,657.4402524162741,643.0437505385455,652.6414184570312,24821200
2019-12-20,643.0437622070312,652.6414302996735,643.0437622070312,652.6414302996735,14356800
2019-12-23,638.2448120117188,647.8424783577597,638.2448120117188,647.8424783577597,19358400
2019-12-26,633.446044921875,647.8425459428267,628.6472112482245,638.2448785955256,23350000
2019-12-27,628.647216796875,638.2448842288884,628.647216796875,638.2448842288884,36621600
2019-12-30,628.647216796875,638.2448842288884,628.647216796875,633.4460505128817,12012700
2020-01-02,623.848388671875,638.2448899489183,623.848388671875,628.6472224308894,12690100
2020-01-03,623.848388671875,638.2448899489183,619.0495549128606,633.4460561899039,19500200
2020-01-06,609.4518432617188,633.4460103192667,609.4518432617188,628.6471769077572,16288200
2020-01-07,604.653076171875,614.250744047619,604.653076171875,609.451910109747,17534400
2020-01-08,590.2565307617188,619.0495322622904,551.8658620942899,599.854197928576,19640500
2020-01-09,595.0553588867188,604.6530259655368,585.4576918079007,604.6530259655368,11194500
2020-01-10,657.440185546875,657.440185546875,599.8541838931342,599.8541838931342,29595300
2020-01-13,657.440185546875,667.0378524891652,647.8425186045848,657.440185546875,31775800
2020-01-14,681.4343872070312,686.2332209197568,657.4402186434033,657.4402186434033,62767800
2020-01-15,662.2390747070312,681.4344102057858,657.4402408323426,681.4344102057858,64085500
2020-01-16,667.0379028320312,671.8367366653553,643.0437336654114,662.2390689987074,61586200
2020-01-17,671.8367309570312,676.6355647495815,662.2390633719308,667.037897164481,42009600
2020-01-20,671.8367309570312,686.2332323346819,667.037897164481,676.6355647495815,51490600
2020-01-21,667.0379028320312,676.6355704986793,662.2390689987074,671.8367366653553,33959300
2020-01-22,657.440185546875,671.8366859603102,657.440185546875,671.8366859603102,19888600
2020-01-23,652.6414184570312,667.0379203347599,652.6414184570312,657.4402524162741,18214500
2020-01-24,657.440185546875,662.23901901802,652.64135207573,657.440185546875,31790100
2020-01-27,647.842529296875,657.4401963975695,638.2448621961805,657.4401963975695,24897000
2020-01-28,638.2448120117188,647.8424783577597,638.2448120117188,647.8424783577597,26873500
2020-01-29,638.2448120117188,638.2448120117188,633.4459788386984,638.2448120117188,25507900
2020-01-30,657.440185546875,657.440185546875,633.4460181911496,633.4460181911496,42162800
2020-01-31,628.647216796875,667.0378865249285,628.647216796875,657.4402190929151,85626100
2020-02-03,643.0437622070312,643.0437622070312,628.6472600680679,628.6472600680679,23084100
2020-02-04,652.6414184570312,662.239086375517,643.0437505385455,643.0437505385455,23874300
2020-02-05,657.440185546875,662.23901901802,643.0436851334398,652.64135207573,33792700
2020-02-06,662.2390747070312,667.0379085817199,657.4402408323426,657.4402408323426,25404800
2020-02-07,671.8367309570312,671.8367309570312,657.4402295793806,662.2390633719308,20622700
2020-02-10,667.0379028320312,681.4344043320032,662.2390689987074,676.6355704986793,44704800
2020-02-11,671.8367309570312,676.6355647495815,662.2390633719308,667.037897164481,42499000
2020-02-12,662.2390747070312,671.8367424564085,662.2390747070312,671.8367424564085,12737200
2020-02-13,657.440185546875,667.0378524891652,652.64135207573,667.0378524891652,13399200
2020-02-14,657.440185546875,667.0378524891652,657.440185546875,657.440185546875,21388800
2020-02-17,633.446044921875,662.2390469637784,628.6472112482245,657.4402132901279,18797800
2020-02-18,643.0437622070312,647.8425962533523,623.8484260217467,633.446094114389,26014900
2020-02-19,652.6414184570312,657.4402524162741,647.8425844977884,647.8425844977884,12911700
2020-02-20,657.440185546875,657.440185546875,638.2448516622948,652.64135207573,13657100
2020-02-21,643.0437622070312,657.4402643459946,643.0437622070312,657.4402643459946,12796000
2020-02-24,628.647216796875,643.0437179448951,614.250715648855,643.0437179448951,10952000
2020-02-25,619.0494995117188,628.6471661708151,571.0611662162366,614.2506661821706,12705100
2020-02-26,609.4518432617188,619.0495100847379,599.8541764386996,619.0495100847379,8158400
2020-02-27,623.848388671875,623.848388671875,571.0612173227164,609.4518873948317,7673500
2020-02-28,619.0494995117188,623.8483328412669,580.658832875333,623.8483328412669,3842900
2020-03-02,619.0494995117188,638.2448328299115,585.4576662048813,619.0494995117188,4913500
2020-03-03,619.0494995117188,628.6471661708151,619.0494995117188,623.8483328412669,3559400
2020-03-04,643.0437622070312,643.0437622070312,609.4519238827834,619.0495919754256,6550900
2020-03-05,623.848388671875,647.8425574669471,614.2507211538461,643.0437237079327,7766900
2020-03-06,595.0553588867188,623.8483601231728,571.0611911896737,623.8483601231728,12571900
2020-03-09,551.8658447265625,585.4576787533967,503.8775104025136,580.6588453209919,10512200
2020-03-10,542.2681884765625,566.2623561082688,537.4693549502213,551.8658555292451,17595000
2020-03-11,523.0728149414062,551.8658139290067,494.27981595380595,547.0669807644066,6920700
2020-03-12,472.2052307128906,499.07869912744536,472.2052307128906,494.27986548198913,1323800
2020-03-13,439.5731506347656,479.88335222135987,439.5731506347656,479.88335222135987,754600
2020-03-16,408.860595703125,439.5731287136884,408.860595703125,439.5731287136884,9385300
2020-03-17,381.9871520996094,408.8606200865165,381.9871520996094,383.9066855272456,11121500
2020-03-18,357.033203125,385.8262033770161,357.033203125,381.9871366767473,3451500
2020-03-19,332.07928466796875,357.0332193540011,332.07928466796875,357.0332193540011,1092100
2020-03-20,414.6192321777344,414.6192321777344,309.0448906509964,333.9988259209527,16988100
2020-03-23,385.82623291015625,416.53876886320353,385.82623291015625,416.53876886320353,751200
2020-03-24,358.9527587890625,385.8262273615057,358.9527587890625,385.8262273615057,1636300
2020-03-26,447.2512512207031,447.2512512207031,333.9987884652461,358.9527209367875,47090300
2020-03-27,416.53875732421875,462.60755997758855,416.53875732421875,443.4122255386845,17773800
2020-03-30,387.7457580566406,416.53875989252975,387.7457580566406,416.53875989252975,767500
2020-03-31,422.2973937988281,422.2973937988281,360.8723183371804,387.7457888516513,10243900
2020-04-01,393.5043640136719,422.2973662585747,393.5043640136719,422.2973662585747,3577000
2020-04-02,366.6308898925781,399.26295862647254,366.6308898925781,399.26295862647254,24700800
2020-04-03,357.033203125,383.9066700268817,347.43553637432797,366.63086987567203,48351000
2020-04-06,383.9067077636719,391.5848419189453,353.1941711425781,358.9527717590332,46805900
2020-04-07,357.033203125,403.1020035282258,357.033203125,401.18247017809136,40895300
2020-04-08,333.9988098144531,360.8722772707884,333.9988098144531,357.03321049131193,8307100
2020-04-09,345.5160217285156,353.19415554470487,316.72301991780597,335.91835445827905,7521200
2020-04-13,345.5160217285156,362.7918228149414,345.5160217285156,345.5160217285156,30022300
2020-04-14,360.8722839355469,366.6308842111141,347.43554995922335,357.03321708516876,37223000
2020-04-15,345.5160217285156,376.22855699327255,343.5964882744683,360.8722893608941,41281700
2020-04-16,322.4815979003906,345.51599775041853,322.4815979003906,326.32066454206193,31819900
2020-04-17,330.1597595214844,341.6769604350245,322.4816255791243,328.24022603589435,40910700
2020-04-20,307.1253662109375,335.9183692932129,307.1253662109375,330.15976867675784,48513700
2020-04-21,286.0104675292969,307.1253342596476,286.0104675292969,307.1253342596476,14305400
2020-04-22,272.57379150390625,282.1714602188325,268.7347240179357,282.1714602188325,20498500
2020-04-23,297.5276794433594,318.64254701675907,274.49327845419606,274.49327845419606,56028700
2020-04-24,278.3323669433594,301.36676972487874,278.3323669433594,295.6081690294989,38287800
2020-04-27,274.4932861328125,284.0909534801136,268.7346857244318,282.17142001065343,39421800
2020-04-28,274.4932861328125,287.9300204190341,262.9760853160511,274.4932861328125,8086200
2020-04-29,293.6886291503906,299.4472297219669,274.493293911803,274.493293911803,20932700
2020-04-30,291.76910400390625,305.2058390567177,289.8495704249332,295.6081711618524,15934000
2020-05-04,272.57379150390625,289.8495951907735,272.57379150390625,287.93006144778826,15296900
2020-05-05,276.4128112792969,287.9300117492676,272.5737444559733,276.4128112792969,23248400
2020-05-06,270.6542053222656,282.17140554874504,268.7346719511857,280.2518721776651,12963100
2020-05-08,286.0104675292969,286.0104675292969,268.7346674771917,276.41280083368287,15574200
2020-05-11,284.0909729003906,291.7691073031039,282.1714392997123,289.8495737024256,12282700
2020-05-12,276.4128112792969,284.09094492594403,268.7346776326498,284.09094492594403,16314900
2020-05-13,276.4128112792969,276.4128112792969,266.815144220988,270.6542110443115,18272900
2020-05-14,274.4932861328125,276.41281960227275,266.8151522549716,276.41281960227275,9150900
2020-05-15,276.4128112792969,276.4128112792969,268.7346776326498,276.4128112792969,7991600
2020-05-18,274.4932861328125,276.41281960227275,270.65421919389206,276.41281960227275,5704700
2020-05-19,280.2518615722656,287.92999476602637,276.4127949753853,276.4127949753853,21144200
2020-05-20,285.1343078613281,287.08728257270707,277.3224090158123,281.2283584385702,9214100
2020-05-26,285.1343078613281,289.04025728408607,279.27538372719124,289.04025728408607,8609000
2020-05-27,283.1813659667969,287.08731584220095,281.22839102909484,285.1343409044989,17003400
2020-05-28,287.0873107910156,296.85218530771687,281.2283860809949,285.1343358876754,57424800
2020-05-29,304.6640625,304.6640625,285.13431490384613,289.0402644230769,76906300
2020-06-02,312.4759826660156,322.2408571243286,300.7581333160401,304.66408309936526,64513500
2020-06-03,320.287841796875,324.1937910870808,298.80512070074315,318.33486715177213,46384300
2020-06-04,324.1938171386719,335.911665950913,322.24084233663166,332.0057163468326,65297000
2020-06-05,378.8771057128906,378.8771057128906,316.3819130179808,328.09976164827646,89180500
2020-06-08,437.4663391113281,439.41931383950373,380.83007199423656,382.7830467224121,67991400
2020-06-09,408.1717224121094,447.23121737977533,408.1717224121094,439.41931838624214,41918800
2020-06-10,380.8301086425781,408.17175746819913,380.8301086425781,400.35985780373596,29201300
2020-06-11,355.4414367675781,384.7360606769939,355.4414367675781,361.3003615494613,36056900
2020-06-12,357.39434814453125,367.15922104465506,332.0056786042093,332.0056786042093,49397000
2020-06-15,361.30035400390625,367.15927866342906,343.7235800253378,355.44142934438344,29453800
2020-06-16,394.50091552734375,394.50091552734375,365.20629308719447,367.1592679165377,57818100
2020-06-17,388.6419677734375,398.40684133558415,373.01817007400285,396.45386662315485,78877400
2020-06-18,384.7360534667969,388.6420032481857,373.0182041226305,384.7360534667969,36207000
2020-06-19,382.7830505371094,388.6419747800243,378.87710104183276,386.68900003238605,26881900
2020-06-22,378.8771057128906,386.68900479975434,374.97115616945877,382.7830552563225,28658000
2020-06-23,402.31280517578125,402.31280517578125,373.0181834396807,378.8771077869008,38147600
2020-06-24,398.4068603515625,412.0776839910769,388.64198632333796,406.21875957414215,29120500
2020-06-25,388.6419677734375,394.5008919107255,376.9241194988615,394.5008919107255,37122400
2020-06-26,380.8301086425781,400.35985780373596,380.8301086425781,392.54795813927285,20581200
2020-06-29,380.8301086425781,384.7360584748097,374.97118389423076,380.8301086425781,21788700
2020-06-30,380.8301086425781,388.64200830704124,378.8771337264623,380.8301086425781,28159500
2020-07-01,380.8301086425781,384.7360584748097,378.8771337264623,380.8301086425781,23438400
2020-07-02,384.7360534667969,386.6890283574913,378.8771287947137,382.78307857610247,33028300
2020-07-03,384.7360534667969,390.5949781388801,378.8771287947137,386.6890283574913,20912900
2020-07-06,382.7830505371094,384.7360252847477,378.87710104183276,384.7360252847477,23461500
2020-07-07,382.7830505371094,384.7360252847477,371.0652020512795,382.7830505371094,33425100
2020-07-08,382.7830505371094,384.7360252847477,378.87710104183276,382.7830505371094,28310600
2020-07-09,376.9241027832031,384.73600128648195,373.0181535315637,384.73600128648195,33098700
2020-07-10,373.0181884765625,376.9241380941181,371.0652136677847,376.9241380941181,20137700
2020-07-13,367.15924072265625,374.97113946143617,367.15924072265625,374.97113946143617,25394300
2020-07-14,357.39434814453125,369.1121956246798,353.4883989844817,369.1121956246798,19912600
2020-07-15,355.4414367675781,374.97118604052196,351.53548691298937,359.3473866221669,50369000
2020-07-16,357.39434814453125,361.30029730458074,351.53542440445693,357.39434814453125,21601500
2020-07-17,355.4414367675781,361.3003615494613,351.53548691298937,359.3473866221669,17965900
2020-07-20,353.4884338378906,361.3003329282307,353.4884338378906,355.44140861047566,22846400
2020-07-21,365.206298828125,371.06522340825535,353.4884496678643,355.4414245279077,48393800
2020-07-22,367.15924072265625,376.92411414613116,361.3003166685713,367.15924072265625,26433700
2020-07-23,367.15924072265625,373.0181647767412,363.25329135326626,365.20626603796126,20105500
2020-07-24,357.39434814453125,371.06517020470454,355.4413735645065,367.15922104465506,36737400
2020-07-27,371.0652160644531,373.018190885845,357.3943923147101,357.3943923147101,31336900
2020-07-28,369.1122131347656,378.8770864981192,365.20626378942416,378.8770864981192,23247500
2020-07-29,371.0652160644531,373.018190885845,365.20629160027755,369.11224124306125,22581300
2020-07-30,367.15924072265625,373.0181647767412,359.34734198387633,371.0651900920462,18393700
2020-08-03,341.7705993652344,369.11224731445316,341.7705993652344,367.15927246093753,32961800
2020-08-04,341.7705993652344,345.67654907226563,333.95869995117187,343.72357421875,14728300
2020-08-05,353.4884338378906,355.44140861047566,337.8646356572104,341.77058520238046,24099400
2020-08-06,353.4884338378906,365.2062824734008,353.4884338378906,361.3003329282307,21705600
2020-08-07,351.53546142578125,361.30033535427515,345.67653706868487,355.4414109971788,20516000
2020-08-10,351.53546142578125,361.30033535427515,351.53546142578125,353.48843621148,19070600
2020-08-11,349.5824890136719,359.34736300846714,349.5824890136719,353.48843861158997,17672000
2020-08-12,339.8175964355469,351.5354445884968,339.8175964355469,351.5354445884968,28333200
2020-08-13,339.8175964355469,347.6294952041801,335.91164705123026,347.6294952041801,13118100
2020-08-14,347.6294860839844,359.34733392951193,339.8175875202993,339.8175875202993,33158900
2020-08-18,355.4414367675781,361.3003615494613,345.6765621311062,345.6765621311062,29613400
2020-08-19,351.53546142578125,363.25331013997396,351.53546142578125,357.3943857828776,20229600
2020-08-24,351.53546142578125,357.3943857828776,349.58248664008244,351.53546142578125,14652900
2020-08-25,365.206298828125,369.1122485482119,353.4884496678643,355.4414245279077,31432300
2020-08-26,386.6889953613281,396.4538689815637,365.20627339680993,365.20627339680993,88782400
2020-08-27,378.8771057128906,400.3598282017659,373.01818139774286,388.6419795714703,58895000
2020-08-28,374.9711608886719,380.8300852775574,371.06521129608154,378.8771104812622,67910400
2020-08-31,367.15924072265625,382.7830382002161,351.5354432450964,376.92411414613116,49406400
2020-09-01,367.15924072265625,369.11221540735124,357.39436729918134,367.15924072265625,20145700
2020-09-02,390.594970703125,394.50092041015625,369.11224731445316,371.0652221679688,82784800
2020-09-03,384.7360534667969,396.4539028109633,378.8771287947137,392.5479530295745,32709600
2020-09-04,380.8301086425781,388.64200830704124,369.1122591458834,388.64200830704124,17918000
2020-09-07,382.7830505371094,384.7360252847477,374.97115154655614,380.8300757894711,20543700
2020-09-08,406.2187194824219,415.9835925469032,384.73599874056305,386.6889733534593,214336800
2020-09-09,404.26580810546875,425.7485322076917,396.4539084319331,400.3598582687009,88209200
2020-09-10,376.9241027832031,410.12467142213814,376.9241027832031,398.4068236672199,66783400
2020-09-11,380.8301086425781,384.7360584748097,351.5354849008413,355.4414347330729,48403800
2020-09-14,398.4068603515625,400.35983515720744,380.8300871007583,380.8300871007583,39928700
2020-09-15,394.50091552734375,406.21876450340346,394.50091552734375,400.3598400153736,31016100
2020-09-16,419.88958740234375,427.70148670285243,394.5009146756904,394.5009146756904,102548800
2020-09-17,421.8425598144531,447.2312323958785,410.1247109307183,423.7955346284089,168534300
2020-09-18,419.88958740234375,433.560411178234,410.12471327670784,423.7955370525981,46063000
2020-09-21,414.0306701660156,435.5133936180259,412.077695306742,419.8895947438366,68104500
2020-09-22,419.88958740234375,429.6544615279796,390.594965025436,404.26578880132627,71311500
2020-09-23,419.88958740234375,433.560411178234,406.21876362645344,423.7955370525981,49442100
2020-09-24,412.0776672363281,425.7484903199978,408.1717177838511,415.98361668880517,45601200
2020-09-25,419.88958740234375,423.7955370525981,408.17173845158067,415.98363775208935,77960000
2020-09-28,433.5604248046875,433.5604248046875,415.98365082611906,419.88960059913427,87853700
2020-09-29,423.7955322265625,447.2312298612111,410.1247086063508,437.4663558467742,99250000
2020-09-30,419.88958740234375,423.7955370525981,415.98363775208935,423.7955370525981,35512500
2020-10-01,423.7955322265625,425.7485070294499,417.9366078179003,423.7955322265625,30736100
2020-10-02,414.0306701660156,425.74851932165757,408.17174558819465,425.74851932165757,29487200
2020-10-05,435.51336669921875,435.51336669921875,414.03064457504206,417.93659405216505,58210300
2020-10-06,437.4663391113281,458.94906112125943,429.6544401986259,447.231212752206,123124900
2020-10-07,433.5604248046875,439.4193494642103,427.7015001451647,437.4663745777027,41788000
2020-10-08,433.5604248046875,439.4193494642103,431.6074499181799,437.4663745777027,25522500
2020-10-09,431.607421875,437.46634615384613,427.7014723557692,433.56039663461536,20934200
2020-10-12,433.5604248046875,445.2782741237331,431.6074499181799,437.4663745777027,29029400
2020-10-13,433.5604248046875,439.4193494642103,427.7015001451647,433.5604248046875,40199400
2020-10-14,433.5604248046875,439.4193494642103,429.6544750316723,435.5133996911951,44381700
2020-10-15,437.4663391113281,447.231212752206,429.6544401986259,429.6544401986259,56735200
2020-10-16,437.4663391113281,443.3252632958549,433.560389654977,437.4663391113281,15576200
2020-10-19,460.90203857421875,498.0085586289228,437.4663416975635,437.4663416975635,167495400
2020-10-20,460.90203857421875,464.80798805366123,451.13716487561237,460.90203857421875,54812500
2020-10-21,458.9490966796875,466.76099619763966,455.0431469207114,460.9020715591755,26695100
2020-10-22,493.12615966796875,512.6559085657101,458.94909909692143,462.8550488764697,198697300
2020-10-23,482.3847961425781,498.00859520792477,482.3847961425781,493.12615800000395,51735700
2020-10-26,480.4317932128906,498.0085661353134,480.4317932128906,482.3847679820487,33506800
2020-10-27,474.5728454589844,482.38474414966726,472.61987078631364,480.4317694769965,28232600
2020-11-02,474.5728454589844,493.1261048493562,464.80797209563076,472.61987078631364,35827800
2020-11-03,478.4788513183594,488.2437258350606,474.5729015116789,488.2437258350606,31407600
2020-11-04,466.7609558105469,484.3377282050863,466.7609558105469,480.43177878407755,34863300
2020-11-05,486.29071044921875,486.29071044921875,468.71393778237956,468.71393778237956,33643200
2020-11-06,507.7734375,532.1856219951923,484.33774038461536,488.24368990384613,91548300
2020-11-09,507.7734375,522.4207481971154,498.0085637019231,512.6558743990385,44404000
2020-11-10,512.6558837890625,522.420757765997,502.891009812128,512.6558837890625,50358200
2020-11-11,527.30322265625,537.0680971498842,512.6559109157986,512.6559109157986,48596100
2020-11-12,532.1856079101562,537.0680446799742,517.5382976007024,532.1856079101562,24014800
2020-11-13,527.30322265625,532.1856599030672,522.4207854094328,527.30322265625,22516500
2020-11-16,537.0680541992188,546.8329279119318,527.3031804865057,532.1856173428622,25726000
2020-11-17,546.8329467773438,556.5978208269391,532.1856357029507,541.950509752546,67514500
2020-11-18,551.7153930664062,566.3627043867533,546.8329559596239,551.7153930664062,42489400
2020-11-19,571.2451171875,581.0099909855769,546.8329326923077,556.5978064903846,123233500
2020-11-20,576.1275634765625,620.0694962840969,566.3626895193327,585.8924374337923,126069500
2020-11-23,566.3627319335938,585.8924813106142,566.3627319335938,576.1276066221039,47809300
2020-11-24,566.3627319335938,576.1276066221039,551.7154199008284,571.2451692778488,53724900
2020-11-25,551.7153930664062,576.1275786003181,532.1856446392768,576.1275786003181,70781100
2020-11-26,556.5978393554688,566.3627137301261,541.9505277934827,551.71540216814,38583400
2020-11-27,556.5978393554688,576.1275881047834,551.71540216814,551.71540216814,30422500
2020-11-30,527.30322265625,566.3627206307871,522.4207854094328,561.4802833839699,68647300
2020-12-01,532.1856079101562,541.9504814497922,498.0085505214306,527.3031711403383,47820400
2020-12-02,556.5978393554688,566.3627137301261,532.1856534188254,537.0680906061541,51853100
2020-12-03,546.8329467773438,571.2451319013323,541.950509752546,566.3626948765346,36323600
2020-12-04,537.0680541992188,551.7153647682884,527.3031804865057,551.7153647682884,10616500
2020-12-07,546.8329467773438,546.8329467773438,527.303198678153,537.0680727277484,40324900
2020-12-08,527.30322265625,556.5978461371527,517.5383481626158,551.7154088903357,35254200
2020-12-10,541.9505004882812,551.715374370953,512.655878840266,527.3031896642736,51812300
2020-12-11,532.1856079101562,551.7153549894281,532.1856079101562,541.9504814497922,26896900
2020-12-14,532.1856079101562,551.7153549894281,532.1856079101562,546.8329182196101,22821200
2020-12-15,537.0680541992188,537.0680541992188,522.4207436301491,537.0680541992188,24472000
2020-12-16,566.3627319335938,576.1276066221039,527.3032331795528,537.0681078680631,101464200
2020-12-17,566.3627319335938,600.5397933433795,561.4802945893387,571.2451692778488,121483400
2020-12-18,566.3627319335938,576.1276066221039,556.5978572450834,566.3627319335938,44329300
2020-12-21,615.1870727539062,620.0695098392547,566.3627019004216,576.1275760711186,138413500
2020-12-22,576.1275634765625,639.5992441985567,576.1275634765625,624.9519332627118,112658000
2020-12-23,561.480224609375,590.7748450237772,541.9504776664402,581.0099715523098,41379800
2020-12-28,585.8924560546875,585.8924560546875,537.0680847167969,561.4802703857422,31191900
2020-12-29,581.010009765625,595.6573209361869,556.597824481355,585.892446822479,24743800
2020-12-30,561.480224609375,585.8924082880435,546.8329144021739,585.8924082880435,24805700
2021-01-04,566.3627319335938,571.2451692778488,527.3032331795528,571.2451692778488,35001900
2021-01-05,556.5978393554688,566.3627137301261,551.71540216814,566.3627137301261,37298300
2021-01-06,546.8329467773438,566.3626948765346,527.303198678153,561.480257851737,31517700
2021-01-07,561.480224609375,581.0099715523098,546.8329144021739,556.5977878736413,62235700
2021-01-08,566.3627319335938,576.1276066221039,556.5978572450834,571.2451692778488,40058000
2021-01-11,556.5978393554688,576.1275881047834,551.71540216814,566.3627137301261,30902000
2021-01-12,546.8329467773438,566.3626948765346,541.950509752546,566.3626948765346,26034200
2021-01-13,546.8329467773438,566.3626948765346,527.303198678153,566.3626948765346,43629200
2021-01-14,546.8329467773438,551.7153838021414,527.303198678153,546.8329467773438,34830500
2021-01-15,532.1856079101562,561.4802285290639,527.3031711403383,546.8329182196101,63590200
2021-01-18,507.7734375,537.0680588942307,498.0085637019231,537.0680588942307,49847000
2021-01-19,480.4317932128906,507.7734399811039,474.5728689054163,507.7734399811039,31763300
2021-01-20,486.29071044921875,498.00855889377823,474.57286200465927,478.4788114861791,40694200
2021-01-21,498.0085754394531,502.89101245356545,486.29072660558364,493.12613842534086,37655200
2021-01-22,472.6199035644531,502.8910130902755,464.80800433198283,502.8910130902755,52205900
2021-01-25,456.99609375,474.57286658653845,447.2312199519231,472.6198918269231,41263300
2021-01-26,456.99609375,458.94906850961536,429.6544471153846,456.99609375,21443600
2021-01-27,451.1371765136719,460.90205046418424,431.60742861264714,456.9961008839793,23900200
2021-01-28,449.1842041015625,462.85502770465354,437.4663552989131,449.1842041015625,21100200
2021-01-29,439.4193420410156,455.04314086914064,433.56041748046874,451.1371911621094,23327300
2021-02-01,455.0430908203125,460.9020147364539,429.65442051703326,435.51334443317467,75091400
2021-02-02,455.0430908203125,476.5258118461642,449.18416690417115,460.9020147364539,53975200
2021-02-03,522.4207153320312,522.4207153320312,456.99606500073014,456.99606500073014,240518100
2021-02-04,502.8910217285156,527.3032072493173,488.2437104160346,522.420770145157,87324300
2021-02-05,512.6558837890625,532.1856317429316,498.0085728236607,502.891009812128,162232800
2021-02-08,546.8329467773438,561.480257851737,507.77345057896207,512.6558876037598,171234000
2021-02-09,532.1856079101562,551.7153549894281,527.3031711403383,546.8329182196101,80201600
2021-02-10,532.1856079101562,537.0680446799742,522.4207343705203,532.1856079101562,57818900
2021-02-11,522.4207153320312,537.0680251076957,512.6558421482549,532.1855885158075,48522600
2021-02-15,537.0680541992188,556.5978016246448,522.4207436301491,532.1856173428622,76765100
2021-02-16,541.9505004882812,551.715374370953,537.0680635469454,541.9505004882812,41337700
2021-02-17,527.30322265625,566.3627206307871,527.30322265625,546.8329716435185,89132300
2021-02-18,537.0680541992188,551.7153647682884,532.1856173428622,532.1856173428622,41803100
2021-02-19,537.0680541992188,546.8329279119318,532.1856173428622,541.9504910555753,44250900
2021-02-22,527.30322265625,546.8329716435185,512.6559109157986,541.9505343967014,49186500
2021-02-23,527.30322265625,541.9505343967014,522.4207854094328,527.30322265625,62877700
2021-02-24,517.538330078125,537.0680783829599,512.6558930019163,537.0680783829599,28663000
2021-02-25,517.538330078125,532.1856413067512,517.538330078125,517.538330078125,22055200
2021-02-26,507.7734375,517.5383112980769,498.0085637019231,507.7734375,28532700
2021-03-01,512.6558837890625,527.3031947544642,502.891009812128,502.891009812128,49367400
2021-03-02,502.8910217285156,522.420770145157,502.8910217285156,522.420770145157,33437500
2021-03-03,493.12615966796875,507.7734713412748,493.12615966796875,502.8910341168394,21086200
2021-03-04,480.4317932128906,498.0085661353134,474.5728689054163,493.1261292124182,42745900
2021-03-05,474.5728454589844,486.29069349500867,468.71392144097223,478.4787948043258,33564400
2021-03-08,470.66693115234375,482.38478006070085,470.66693115234375,476.5258556065223,22269100
2021-03-09,466.7609558105469,476.5258293630688,464.80798110004247,472.61987994206004,19668500
2021-03-10,482.3847961425781,493.12615800000395,468.7139719603998,468.7139719603998,33411200
2021-03-12,502.8910217285156,502.8910217285156,482.38478589104216,486.29073557437044,36108600
2021-03-15,493.12615966796875,512.6559085657101,488.24372244353344,502.8910341168394,17543000
2021-03-16,488.24371337890625,498.0085876464844,486.2907385253906,493.12615051269535,16000400
2021-03-17,493.12615966796875,498.0085968924041,486.2907475537593,488.24372244353344,14366600
2021-03-18,493.12615966796875,502.8910341168394,488.24372244353344,488.24372244353344,13652200
2021-03-19,484.3377380371094,493.12612441278276,484.3377380371094,493.12612441278276,11647100
2021-03-22,527.30322265625,527.30322265625,484.33777488425926,484.33777488425926,73458600
2021-03-23,502.8910217285156,541.9505185617984,498.0085846243553,532.1856443534778,29642000
2021-03-24,486.29071044921875,507.7734325975778,486.29071044921875,502.890995745678,18234800
2021-03-25,486.29071044921875,498.00855889377823,478.4788114861791,484.33773570845887,29303000
2021-03-26,493.12615966796875,493.12615966796875,482.384797774211,488.24372244353344,21048200
2021-03-29,498.0085754394531,502.89101245356545,493.12613842534086,493.12613842534086,16999800
2021-03-30,486.29071044921875,502.890995745678,480.43178622693904,502.890995745678,32542100
2021-03-31,470.66693115234375,486.2907296968199,468.71395633428426,484.3377548787604,27218500
2021-04-01,472.6199035644531,478.47882798880585,464.80800433198283,470.66692875633555,27649000
2021-04-05,470.66693115234375,478.4788304245818,470.66693115234375,476.5258556065223,13389600
2021-04-06,472.6199035644531,478.47882798880585,470.66692875633555,476.5258531806883,24204400
2021-04-07,472.6199035644531,476.5258531806883,464.80800433198283,472.6199035644531,30664700
2021-04-08,482.3847961425781,482.3847961425781,470.6669468435681,472.61992172673644,27333800
2021-04-09,493.12615966796875,493.12615966796875,482.384797774211,484.33777266398516,25088500
2021-04-12,486.29071044921875,498.00855889377823,476.5258367454192,493.1261220418785,29891300
2021-04-13,466.7609558105469,486.29070291559066,456.99608225802496,484.3377282050863,31141700
2021-04-14,474.5728454589844,474.5728454589844,464.80797209563076,466.7609467683015,13031600
2021-04-15,464.8079833984375,474.57285699924506,462.855008678276,474.57285699924506,21679500
2021-04-16,462.85504150390625,468.7139660799051,460.90206664524,464.8080163625725,14157900
2021-04-19,458.9490966796875,466.76099619763966,458.9490966796875,466.76099619763966,2564500
2021-04-20,456.99609375,464.80799278846155,456.99609375,458.94906850961536,3762000
2021-04-21,453.0901794433594,456.99612926614697,453.0901794433594,456.99612926614697,2792700
2021-04-22,451.1371765136719,456.9961008839793,451.1371765136719,453.09015130377435,2471200
2021-04-23,451.1371765136719,455.0431260938768,449.1842017235694,451.1371765136719,3651300
2021-04-26,447.2312316894531,453.09015612206605,445.27825687858217,453.09015612206605,2016400
2021-04-27,441.372314453125,449.1842138239768,441.372314453125,449.1842138239768,2262900
2021-04-28,449.1842041015625,449.1842041015625,439.4193300993546,441.3723048997962,1193800
2021-04-29,443.3252868652344,451.1371861932561,443.3252868652344,449.18421136125073,2693800
2021-04-30,439.4193420410156,449.18421630859376,439.4193420410156,445.2782666015625,2925500
2021-05-03,437.4663391113281,441.3722885676793,435.5133643831526,439.41931383950373,3364600
2021-05-04,435.51336669921875,441.3722909149033,435.51336669921875,439.4193161763418,2250500
2021-05-05,445.2782287597656,445.2782287597656,433.56038063450865,435.5133553220515,3088700
2021-05-06,445.2782287597656,449.1841781348513,441.37227938468,445.2782287597656,1614400
2021-05-07,449.1842041015625,456.9961033033288,445.27825450067934,445.27825450067934,2925100
2021-05-10,447.2312316894531,453.09015612206605,439.41933244596925,449.1842065003241,4487500
2021-05-11,447.2312316894531,447.2312316894531,439.41933244596925,447.2312316894531,1618400
2021-05-17,437.4663391113281,447.231212752206,437.4663391113281,447.231212752206,2070400
2021-05-18,437.4663391113281,441.3722885676793,433.560389654977,437.4663391113281,1597900
2021-05-19,433.5604248046875,437.4663745777027,431.6074499181799,437.4663745777027,1141300
2021-05-20,435.51336669921875,439.4193161763418,431.6074172220957,433.5603919606572,3397600
2021-05-21,429.65447998046875,435.51340470747516,427.7015050714666,435.51340470747516,2569800
2021-05-24,429.65447998046875,429.65447998046875,404.265806163441,429.65447998046875,7442200
2021-05-25,415.9836120605469,431.60740969662373,415.9836120605469,429.65443499211415,4291800
2021-05-27,412.0776672363281,427.7014650462363,412.0776672363281,417.9365914150437,5945000
2021-05-28,414.0306701660156,415.9836450252893,410.1247204474683,412.077695306742,5644300
2021-05-31,423.7955322265625,423.7955322265625,406.21875900057603,406.21875900057603,8436200
2021-06-02,417.93658447265625,423.7955085540486,417.93658447265625,423.7955085540486,4522900
2021-06-03,441.372314453125,458.9490880375415,419.8895911832826,421.8425660259956,15951500
2021-06-04,455.0430908203125,464.8079640138815,441.372268349316,445.2782176267436,12590300
2021-06-07,429.65447998046875,464.8080283425071,427.7015050714666,458.9491036155007,7103900
2021-06-08,439.4193420410156,439.4193420410156,427.70149291992186,439.4193420410156,2332500
2021-06-09,462.85504150390625,466.76099122123884,439.419343199911,441.37231805857726,14118400
2021-06-10,460.90203857421875,470.6669122728251,456.9960890947762,462.85501331394,4698300
2021-06-11,458.9490966796875,466.76099619763966,456.9961218001995,460.9020715591755,1398800
2021-06-14,449.1842041015625,466.7609773055367,449.1842041015625,460.902052904212,4030200
2021-06-15,456.99609375,458.94906850961536,443.3252704326923,449.18419471153845,8380500
2021-06-16,439.4193420410156,458.9490905761719,433.56041748046874,456.99611572265627,5416700
2021-06-17,431.607421875,441.3722956730769,431.607421875,439.41932091346155,3721000
2021-06-18,423.7955322265625,439.41933064966156,414.03065821212556,435.5133810438868,3765800
2021-06-21,421.8425598144531,423.7955346284089,410.1247109307183,419.8895850004973,2928700
2021-06-22,447.2312316894531,472.6199042307758,417.9366095263885,421.8425591481305,10868000
2021-06-23,449.1842041015625,455.0431285028872,443.3252797002378,447.23122930112095,4658900
2021-06-24,441.372314453125,451.1371886666897,441.372314453125,449.1842138239768,1713100
2021-06-25,435.51336669921875,441.3722909149033,429.6544424835342,441.3722909149033,6966300
2021-06-28,431.607421875,437.46634615384613,429.6544471153846,435.5133713942308,1381800
2021-06-29,415.9836120605469,431.60740969662373,412.07766265152765,431.60740969662373,5670800
2021-06-30,425.74847412109375,439.4192966846151,404.2657529498459,417.93657551336725,10768100
2021-07-01,427.70147705078125,435.51337617499644,415.98362836445847,425.74850226972745,9203500
2021-07-02,423.7955322265625,441.37230545254897,419.88958262078773,427.70148183233727,8954700
2021-07-05,419.88958740234375,429.6544615279796,408.17173845158067,429.6544615279796,18802200
2021-07-06,421.8425598144531,433.5604086981879,415.9836353725857,419.8895850004973,11607500
2021-07-07,419.88958740234375,429.6544615279796,414.0306629269622,429.6544615279796,4057600
2021-07-08,419.88958740234375,423.7955370525981,414.0306629269622,419.88958740234375,10738900
2021-07-09,419.88958740234375,425.74851187772526,417.9366125772165,419.88958740234375,6924000
2021-07-12,429.65447998046875,435.51340470747516,419.88960543545807,419.88960543545807,13753900
2021-07-13,427.70147705078125,435.51337617499644,425.74850226972745,429.65445183183505,11532700
2021-07-14,421.8425598144531,429.6544590702763,421.8425598144531,425.7485094423647,7217500
2021-07-15,447.2312316894531,447.2312316894531,423.79553395900143,423.79553395900143,14752800
2021-07-16,460.90203857421875,460.90203857421875,447.2312153961699,449.18419013589113,23608000
2021-07-19,455.0430908203125,466.76093865259526,453.0901161815987,460.9020147364539,4445300
2021-07-21,451.1371765136719,458.94907567408177,447.2312269334669,455.0431260938768,9069500
2021-07-22,472.6199035644531,474.5728783725707,453.0901554832774,455.04313029139496,34499500
2021-07-23,478.4788513183594,482.38480112503987,466.76100189831794,476.5258764150191,28510000
2021-07-26,486.29071044921875,493.1261220418785,480.43178622693904,480.43178622693904,26730400
2021-07-27,486.29071044921875,502.890995745678,484.33773570845887,488.2436851899787,31278100
2021-07-28,484.3377380371094,498.00856128815684,484.3377380371094,484.3377380371094,18161400
2021-07-29,484.3377380371094,493.12612441278276,480.43178853681013,484.3377380371094,19200100
2021-07-30,486.29071044921875,488.2436851899787,478.4788114861791,484.33773570845887,26197800
2021-08-02,482.3847961425781,488.24372079208314,482.3847961425781,486.2907459089148,17797400
2021-08-03,498.0085754394531,502.89101245356545,482.3847769942938,482.3847769942938,17782300
2021-08-04,507.7734375,507.7734375,493.1261268028846,502.89100060096155,21041000
2021-08-05,502.8910217285156,517.5383330409967,498.0085846243553,507.773458832676,24042500
2021-08-06,498.0085754394531,507.7734494676777,493.12613842534086,507.7734494676777,14711000
2021-08-09,498.0085754394531,502.89101245356545,493.12613842534086,498.0085754394531,6645100
2021-08-10,493.12615966796875,498.0085968924041,488.24372244353344,498.0085968924041,13016000
2021-08-12,488.24371337890625,507.7734619140625,488.24371337890625,493.12615051269535,19947200
2021-08-13,486.29071044921875,493.1261220418785,486.29071044921875,488.2436851899787,14940700
2021-08-16,478.4788513183594,488.2437258350606,478.4788513183594,486.29075093172037,25470500
2021-08-18,474.5728454589844,480.4317694769965,472.61987078631364,476.5258201316551,16976600
2021-08-19,470.66693115234375,480.43180524264136,470.66693115234375,474.5728807884628,19808600
2021-08-20,470.66693115234375,472.6199059704033,466.7609815162247,470.66693115234375,15538800
2021-08-23,488.24371337890625,488.24371337890625,470.66693969726566,472.6199145507813,18722900
2021-08-24,486.29071044921875,493.1261220418785,486.29071044921875,488.2436851899787,12931300
2021-08-25,484.3377380371094,493.12612441278276,484.3377380371094,486.290712787259,12052400
2021-08-26,493.12615966796875,493.12615966796875,482.384797774211,486.2907475537593,14320000
2021-08-27,486.29071044921875,498.00855889377823,484.33773570845887,493.1261220418785,15533800
2021-08-30,472.6199035644531,493.12613904968765,472.6199035644531,488.2437020293937,25614400
2021-08-31,476.5258483886719,476.5258483886719,464.8079996578029,474.5728736001937,35013300
2021-09-01,472.6199035644531,480.4318027969234,470.66692875633555,478.47882798880585,14310600
2021-09-02,470.66693115234375,478.4788304245818,470.66693115234375,472.6199059704033,10715200
2021-09-03,474.5728454589844,482.38474414966726,472.61987078631364,474.5728454589844,12111600
2021-09-06,472.6199035644531,480.4318027969234,470.66692875633555,474.5728783725707,14863500
2021-09-07,472.6199035644531,478.47882798880585,470.66692875633555,476.5258531806883,14383800
2021-09-08,472.6199035644531,478.47882798880585,468.713953948218,472.6199035644531,13527100
2021-09-09,472.6199035644531,478.47882798880585,466.7609791401004,472.6199035644531,12584300
2021-09-10,472.6199035644531,474.5728783725707,468.713953948218,472.6199035644531,10637600
2021-09-13,482.3847961425781,482.3847961425781,472.61992172673644,474.5728966099048,19216500
2021-09-14,488.24371337890625,493.12615051269535,482.38478881835937,482.38478881835937,19760800
2021-09-15,498.0085754394531,502.89101245356545,488.2437014112286,488.2437014112286,27954200
2021-09-16,502.8910217285156,507.773458832676,493.12614752019493,498.0085846243553,27644400
2021-09-17,507.7734375,507.7734375,498.0085637019231,502.89100060096155,28637100
2021-09-20,493.12615966796875,507.7734713412748,486.2907475537593,507.7734713412748,17830000
2021-09-21,502.8910217285156,507.773458832676,488.2437104160346,493.12614752019493,16493700
2021-09-22,502.8910217285156,507.773458832676,493.12614752019493,502.8910217285156,12507700
2021-09-23,493.12615966796875,502.8910341168394,486.2907475537593,502.8910341168394,11206800
2021-09-24,488.24371337890625,498.0085876464844,484.337763671875,498.0085876464844,8562300
2021-09-27,486.29071044921875,493.1261220418785,484.33773570845887,488.2436851899787,8272000
2021-09-28,482.3847961425781,488.24372079208314,480.4318212594098,486.2907459089148,8856000
2021-09-29,474.5728454589844,480.4317694769965,470.6668961136429,480.4317694769965,11253900
2021-09-30,486.29071044921875,486.29071044921875,468.71393778237956,472.6198872638994,6102100
2021-10-01,470.66693115234375,482.38478006070085,470.66693115234375,482.38478006070085,7155900
2021-10-04,482.3847961425781,486.2907459089148,470.6669468435681,470.6669468435681,5573500
2021-10-05,478.4788513183594,482.38480112503987,478.4788513183594,480.4318262216996,1951600
2021-10-06,480.4317932128906,482.3847679820487,478.4788184437325,480.4317932128906,2877800
2021-10-07,482.3847961425781,484.33777102574646,474.5728966099048,482.3847961425781,4535300
2021-10-08,480.4317932128906,484.3377427512068,476.5258436745744,482.3847679820487,2384000
2021-10-11,480.4317932128906,482.3847679820487,474.5728689054163,478.4788184437325,2851400
2021-10-12,482.3847961425781,484.33777102574646,478.47884637624145,484.33777102574646,1849600
2021-10-13,476.5258483886719,482.38477275410634,474.5728736001937,480.4317979656282,1487600
2021-10-14,478.4788513183594,482.38480112503987,474.5729015116789,476.5258764150191,2562900
2021-10-15,470.66693115234375,480.43180524264136,468.71395633428426,478.4788304245818,9122300
2021-10-18,478.4788513183594,478.4788513183594,470.66695170499844,470.66695170499844,3599300
2021-10-19,470.66693115234375,480.43180524264136,468.71395633428426,480.43180524264136,4261100
2021-10-21,482.3847961425781,482.3847961425781,468.7139719603998,470.6669468435681,7183600
2021-10-22,480.4317932128906,486.29071752036486,478.4788184437325,484.3377427512068,1776000
2021-10-25,476.5258483886719,482.38477275410634,476.5258483886719,480.4317979656282,1587900
2021-10-26,478.4788513183594,484.3377760283801,476.5258764150191,476.5258764150191,1641100
2021-10-27,476.5258483886719,480.4317979656282,474.5728736001937,480.4317979656282,1555700
2021-10-28,470.66693115234375,480.43180524264136,468.71395633428426,476.5258556065223,5034400
2021-10-29,486.29071044921875,486.29071044921875,468.71393778237956,472.6198872638994,2963000
2021-11-01,478.4788513183594,486.29075093172037,478.4788513183594,486.29075093172037,1936600
2021-11-02,472.6199035644531,482.384777605041,470.66692875633555,480.4318027969234,2377200
2021-11-03,478.4788513183594,478.4788513183594,472.61992660833863,472.61992660833863,853300
2021-11-04,476.5258483886719,480.4317979656282,474.5728736001937,478.47882317715005,1552200
2021-11-05,472.6199035644531,480.4318027969234,472.6199035644531,476.5258531806883,1841200
2021-11-08,472.6199035644531,476.5258531806883,472.6199035644531,474.5728783725707,860600
2021-11-09,474.5728454589844,478.4787948043258,472.61987078631364,474.5728454589844,589900
2021-11-10,478.4788513183594,478.4788513183594,472.61992660833863,478.4788513183594,1060100
2021-11-11,480.4317932128906,480.4317932128906,474.5728689054163,478.4788184437325,2288000
2021-11-12,482.3847961425781,482.3847961425781,478.47884637624145,480.4318212594098,1494300
2021-11-15,478.4788513183594,484.3377760283801,478.4788513183594,482.38480112503987,1968000
2021-11-16,480.4317932128906,482.3847679820487,476.5258436745744,480.4317932128906,1693700
2021-11-17,476.5258483886719,480.4317979656282,476.5258483886719,480.4317979656282,565500
2021-11-18,474.5728454589844,478.4787948043258,474.5728454589844,476.5258201316551,348500
2021-11-19,476.5258483886719,480.4317979656282,474.5728736001937,476.5258483886719,771900
2021-11-22,478.4788513183594,480.4318262216996,474.5729015116789,478.4788513183594,1479800
2021-11-23,472.6199035644531,486.29072722127614,472.6199035644531,478.47882798880585,3301000
2021-11-24,478.4788513183594,478.4788513183594,472.61992660833863,474.5729015116789,1053100
2021-11-25,478.4788513183594,478.4788513183594,474.5729015116789,478.4788513183594,507500
2021-11-26,468.7139587402344,478.47883288065594,468.7139587402344,478.47883288065594,4840000
2021-11-29,472.6199035644531,472.6199035644531,462.85502952386526,468.713953948218,2627100
2021-11-30,476.5258483886719,476.5258483886719,462.8550248693247,472.61989881171553,2985300
2021-12-01,464.8079833984375,476.52583171940654,458.949059237953,476.52583171940654,2110900
2021-12-02,466.7609558105469,476.5258293630688,453.0901328370162,462.8550063895381,3154400
2021-12-03,464.8079833984375,466.76095811859904,462.855008678276,466.76095811859904,30499600
2021-12-06,456.99609375,470.6669170673077,455.0431189903846,466.7609675480769,1102300
2021-12-07,456.99609375,458.94906850961536,455.0431189903846,458.94906850961536,691900
2021-12-08,456.99609375,462.85501802884613,456.99609375,458.94906850961536,667000
2021-12-09,460.90203857421875,464.80798805366123,453.09013961533367,458.94906383449745,1812600
2021-12-10,458.9490966796875,462.8550464386636,453.0901720412234,462.8550464386636,1278900
2021-12-13,458.9490966796875,462.8550464386636,458.9490966796875,458.9490966796875,146700
2021-12-14,458.9490966796875,458.9490966796875,451.1371971617354,458.9490966796875,1120300
2021-12-15,470.66693115234375,474.5728807884628,455.0431326078676,460.9020570620462,1261700
2021-12-16,466.7609558105469,474.5728546525644,456.99608225802496,470.66690523155563,2048400
2021-12-17,464.8079833984375,466.76095811859904,460.90203395811454,466.76095811859904,262800
2021-12-20,455.0430908203125,464.8079640138815,453.0901161815987,464.8079640138815,3233300
2021-12-21,435.51336669921875,455.0431140848339,433.5603919606572,455.0431140848339,7803700
2021-12-22,441.372314453125,455.0431383521156,437.46636476769913,439.41933961041207,3384900
2021-12-23,464.8079833984375,480.43178115972955,441.3722867564995,443.325261476661,77949800
2021-12-24,456.99609375,472.6198918269231,455.0431189903846,464.80799278846155,1229400
2021-12-27,456.99609375,458.94906850961536,453.0901442307692,458.94906850961536,31372500
2021-12-28,453.0901794433594,466.7610038231159,453.0901794433594,456.99612926614697,643500
2021-12-29,458.9490966796875,462.8550464386636,447.2312474027593,455.0431469207114,1657400
2021-12-30,472.6199035644531,472.6199035644531,449.18420586704224,458.9490799076301,2386100
2022-01-03,470.66693115234375,480.43180524264136,466.7609815162247,470.66693115234375,2818300
2022-01-04,462.85504150390625,470.6669409385714,460.90206664524,470.6669409385714,912600
2022-01-05,456.99609375,468.7139423076923,455.0431189903846,462.85501802884613,2284100
2022-01-06,441.372314453125,456.9961131948285,441.372314453125,456.9961131948285,3269500
2022-01-07,443.3252868652344,447.2312365292453,439.4193372012235,445.2782616972398,1483500
2022-01-10,449.1842041015625,449.1842041015625,439.4193300993546,445.27825450067934,1077700
2022-01-11,443.3252868652344,449.18421136125073,437.4663623692181,449.18421136125073,1690000
2022-01-12,451.1371765136719,451.1371765136719,439.41932777305703,443.325277353262,781400
2022-01-13,449.1842041015625,451.1371789020041,443.3252797002378,451.1371789020041,514000
2022-01-14,449.1842041015625,449.1842041015625,443.3252797002378,449.1842041015625,375800
2022-01-17,439.4193420410156,451.1371911621094,439.4193420410156,449.18421630859376,1106700
2022-01-18,435.51336669921875,443.32526565346484,435.51336669921875,443.32526565346484,1347700
2022-01-19,435.51336669921875,439.4193161763418,429.6544424835342,437.4663414377803,2126400
2022-01-20,427.70147705078125,437.46635095605023,427.70147705078125,437.46635095605023,2002800
2022-01-21,423.7955322265625,431.60743143811203,423.7955322265625,429.6544566352247,505500
2022-01-24,439.4193420410156,439.4193420410156,398.4068701171875,425.74851806640623,5270400
2022-01-25,415.9836120605469,433.5603844011334,414.0306373560373,427.70146028760456,11597700
2022-01-26,398.4068603515625,421.8425580193015,396.4538855459176,414.0306587967218,2976100
2022-01-27,398.4068603515625,400.35983515720744,386.689011517693,398.4068603515625,1275400
2022-01-28,388.6419677734375,398.40684133558415,386.68899306100815,398.40684133558415,840100
2022-01-31,394.50091552734375,398.4068651860303,390.59496586865714,396.453890356687,697300
2022-02-02,392.5479431152344,396.453892797973,388.6419934324957,390.59496827386505,1365000
2022-02-03,384.7360534667969,392.5479530295745,384.7360534667969,392.5479530295745,1594100
2022-02-04,380.8301086425781,386.6890333909255,376.92415881034657,384.7360584748097,3281400
2022-02-07,384.7360534667969,390.5949781388801,380.83010368540806,382.78307857610247,4388500
2022-02-08,376.9241027832031,388.64195053812136,376.9241027832031,384.73600128648195,3431400
2022-02-09,382.7830505371094,386.68900003238605,378.87710104183276,384.7360252847477,5744400
2022-02-10,382.7830505371094,388.6419747800243,378.87710104183276,382.7830505371094,11244700
2022-02-11,380.8301086425781,382.7830835586939,376.92415881034657,382.7830835586939,12439800
2022-02-14,376.9241027832031,382.78302666066224,374.9711281573834,380.83005203484254,7140300
2022-02-15,371.0652160644531,378.8771153500206,369.11224124306125,378.8771153500206,7561000
2022-02-16,355.4414367675781,378.87713589511077,355.4414367675781,371.0652361859332,11352700
2022-02-17,349.5824890136719,359.34736300846714,349.5824890136719,355.44141341054905,2220000
2022-02-18,345.6765441894531,351.5354686672405,343.723569363524,349.58249384131136,8482400
2022-02-21,324.1938171386719,349.58248956519435,324.1938171386719,349.58248956519435,13236400
2022-02-22,333.95867919921875,335.91165393137794,324.19380553842285,324.19380553842285,3091200
2022-02-23,335.91168212890625,339.8176319211029,328.0997825445131,332.0057323367097,1492600
2022-02-24,322.2408447265625,337.8646432587595,320.2878699100379,332.0057188091856,2841400
2022-02-25,330.052734375,332.00570913461536,322.24083533653845,322.24083533653845,575300
2022-03-01,332.0057373046875,337.8646620806526,324.19383760340077,330.05276237936584,1882700
2022-03-02,330.052734375,332.00570913461536,328.0997596153846,328.0997596153846,1055700
2022-03-04,322.2408447265625,330.05274399266096,322.2408447265625,330.05274399266096,1836700
2022-03-07,324.1938171386719,324.1938171386719,320.2878675345915,322.24084233663166,797900
2022-03-08,341.7705993652344,351.5354736328125,326.14680053710936,326.14680053710936,4051900
2022-03-09,359.34735107421875,361.3003258083178,339.81760373322857,339.81760373322857,9093400
2022-03-10,351.53546142578125,378.87710842556424,339.81761271158854,359.3473605685764,20786300
2022-03-11,361.30035400390625,365.20630377692146,351.5354795713682,351.5354795713682,10453500
2022-03-14,361.30035400390625,365.20630377692146,347.629529798353,361.30035400390625,11506800
2022-03-15,361.30035400390625,361.30035400390625,353.48845445787583,361.30035400390625,1192400
2022-03-16,353.4884338378906,363.25330770081575,351.5354590653056,361.3003329282307,1334600
2022-03-17,355.4414367675781,361.3003615494613,343.7235872038118,353.4884618402837,1063800
2022-03-18,361.30035400390625,361.30035400390625,349.5825046848606,355.44142934438344,925700
2022-03-21,349.5824890136719,361.3003378074262,349.5824890136719,361.3003378074262,1680500
2022-03-22,347.6294860839844,353.48841000674815,345.67651144306313,349.5824607249056,1228700
2022-03-23,330.052734375,355.44140625,330.052734375,347.62950721153845,13533000
2022-03-24,357.39434814453125,357.39434814453125,326.14675486413506,330.0527040241846,5977300
2022-03-25,390.594970703125,390.594970703125,351.5354736328125,357.3943981933594,5711100
2022-03-28,390.594970703125,390.594970703125,367.15927246093753,386.68902099609375,10570700
2022-03-29,392.5479431152344,398.40686763934235,378.8771192256491,378.8771192256491,11299400
2022-03-30,388.6419677734375,398.40684133558415,382.7830436361495,392.54791719829615,9873900
2022-03-31,386.6889953613281,390.5949448094224,376.92412174109256,388.64197008537525,3420800
2022-04-01,374.9711608886719,388.64198446273804,374.9711608886719,386.68900966644287,2118000
2022-04-04,386.6889953613281,386.6889953613281,365.20627339680993,373.0181722929984,5242800
2022-04-05,374.9711608886719,388.64198446273804,374.9711608886719,380.8300852775574,2687300
2022-04-06,371.0652160644531,376.9241405286287,371.0652160644531,376.9241405286287,821000
2022-04-07,378.8771057128906,378.8771057128906,367.15925708259505,371.0652066260269,1431900
2022-04-08,376.9241027832031,382.78302666066224,369.1122042799243,376.9241027832031,2900700
2022-04-11,374.9711608886719,378.8771104812622,371.06521129608154,376.92413568496704,1178600
2022-04-12,376.9241027832031,376.9241027832031,369.1122042799243,374.9711281573834,1111600
2022-04-13,384.7360534667969,384.7360534667969,374.9711790133249,376.9241539040193,1525000
2022-04-14,365.206298828125,388.6419971486464,365.206298828125,384.73604742855946,6459700
2022-04-18,361.30035400390625,373.0182033229519,361.30035400390625,365.20630377692146,2771000
2022-04-19,371.0652160644531,371.0652160644531,357.3943923147101,361.3003419574938,1896100
2022-04-20,373.0181884765625,373.0181884765625,365.2062892414512,371.0652136677847,1417300
2022-04-21,376.9241027832031,376.9241027832031,369.1122042799243,373.0181535315637,2148200
2022-04-22,371.0652160644531,382.78306499280427,371.0652160644531,378.8771153500206,3095500
2022-04-25,373.0181884765625,373.0181884765625,365.2062892414512,371.0652136677847,2314300
2022-04-26,371.0652160644531,373.018190885845,367.15926642166943,373.018190885845,1917800
2022-04-27,376.9241027832031,376.9241027832031,365.2062550282849,369.1122042799243,2092300
2022-04-28,369.1122131347656,376.9241118254485,367.1592384620949,376.9241118254485,2722600
2022-05-09,361.30035400390625,369.11225354993667,361.30035400390625,369.11225354993667,1471400
2022-05-10,361.30035400390625,365.20630377692146,351.5354795713682,361.30035400390625,5306100
2022-05-11,367.15924072265625,367.15924072265625,357.39436729918134,359.34734198387633,2661100
2022-05-12,365.206298828125,367.1592736881684,361.30034910803806,363.25332396808153,3061400
2022-05-13,367.15924072265625,369.11221540735124,361.3003166685713,363.25329135326626,2703900
2022-05-17,361.30035400390625,365.20630377692146,361.30035400390625,363.25332889041385,2044100
2022-05-18,357.39434814453125,363.2532718846055,353.4883989844817,361.30029730458074,2817400
2022-05-19,359.34735107421875,361.3003258083178,353.4884268719217,353.4884268719217,2184800
2022-05-20,359.34735107421875,359.34735107421875,355.4414016060207,359.34735107421875,764100
2022-05-23,357.39434814453125,361.30029730458074,357.39434814453125,361.30029730458074,479400
2022-05-24,351.53546142578125,359.3473605685764,351.53546142578125,357.3943857828776,749000
2022-05-25,365.206298828125,365.206298828125,351.53547480782083,351.53547480782083,4075500
2022-05-27,367.15924072265625,371.0651900920462,365.20626603796126,371.0651900920462,2121300
2022-05-30,373.0181884765625,373.0181884765625,369.1122388590069,369.1122388590069,1616500
2022-05-31,374.9711608886719,376.92413568496704,371.06521129608154,374.9711608886719,1967900
2022-06-02,373.0181884765625,376.9241380941181,371.0652136677847,371.0652136677847,4864900
2022-06-03,378.8771057128906,382.7830552563225,374.97115616945877,376.9241309411747,5082500
2022-06-06,380.8301086425781,384.7360584748097,376.92415881034657,380.8301086425781,3211600
2022-06-07,382.7830505371094,386.68900003238605,376.9241262941945,380.8300757894711,3615400
2022-06-08,386.6889953613281,388.64197008537525,382.78304591323393,382.78304591323393,2542000
2022-06-09,382.7830505371094,388.6419747800243,382.7830505371094,386.68900003238605,688600
2022-06-10,371.0652160644531,382.78306499280427,371.0652160644531,382.78306499280427,1275400
2022-06-13,365.206298828125,367.1592736881684,361.30034910803806,367.1592736881684,791300
2022-06-14,361.30035400390625,363.25332889041385,357.39440423089104,359.34737911739865,378600
2022-06-15,349.5824890136719,365.20628740534437,349.5824890136719,359.34736300846714,2556300
2022-06-16,349.5824890136719,355.44141341054905,347.6295142147128,349.5824890136719,1283200
2022-06-17,339.8175964355469,353.4884192806551,339.8175964355469,353.4884192806551,2793500
2022-06-20,335.91168212890625,339.8176319211029,332.0057323367097,337.86465702500453,1000000
2022-06-21,339.8175964355469,341.7705711277052,335.91164705123026,335.91164705123026,48100
2022-06-22,349.5824890136719,351.5354638126309,335.91166542095846,341.7705898178356,2458000
2022-06-23,357.39434814453125,357.39434814453125,337.86460234428364,349.5824498244322,2159700
2022-06-24,367.15924072265625,367.15924072265625,353.4884179297914,357.39436729918134,1225500
2022-06-27,365.206298828125,371.06522340825535,359.34737424799465,367.1592736881684,3420100
2022-06-28,357.39434814453125,365.2062464646303,355.4413735645065,363.2532718846055,2510300
2022-06-29,361.30035400390625,363.25332889041385,353.48845445787583,357.39440423089104,3424900
2022-06-30,380.8301086425781,380.8301086425781,359.3473845653045,363.25333439753604,3396300
2022-07-01,357.39434814453125,380.83004310482835,357.39434814453125,380.83004310482835,3478300
2022-07-04,349.5824890136719,365.20628740534437,349.5824890136719,361.3003378074262,941500
2022-07-05,357.39434814453125,359.347322724556,351.53542440445693,351.53542440445693,35900
2022-07-06,359.34735107421875,359.34735107421875,351.5354521378227,355.4414016060207,774200
2022-07-07,363.2532958984375,365.2062706075689,359.34734648017474,359.34734648017474,174500
2022-07-08,367.15924072265625,369.11221540735124,359.34734198387633,365.20626603796126,1871100
2022-07-11,367.15924072265625,371.0651900920462,361.3003166685713,369.11221540735124,1229400
2022-07-12,367.15924072265625,371.0651900920462,359.34734198387633,367.15924072265625,2829900
2022-07-13,359.34735107421875,367.1592500106148,359.34735107421875,367.1592500106148,1335600
2022-07-14,359.34735107421875,369.11222474471384,359.34735107421875,361.3003258083178,833900
2022-07-15,361.30035400390625,371.0652284364443,357.39440423089104,361.30035400390625,1750200
2022-07-18,357.39434814453125,361.30029730458074,355.4413735645065,361.30029730458074,1728400
2022-07-19,359.34735107421875,361.3003258083178,351.5354521378227,357.3943763401197,1276400
2022-07-20,361.30035400390625,361.30035400390625,359.34737911739865,361.30035400390625,109100
2022-07-21,353.4884338378906,361.3003329282307,353.4884338378906,359.34735815564574,754300
2022-07-22,355.4414367675781,361.3003615494613,353.4884618402837,353.4884618402837,121500
2022-07-25,359.34735107421875,361.3003258083178,355.4414016060207,359.34735107421875,415800
2022-07-26,369.1122131347656,373.01816248010704,359.347339771412,359.347339771412,4154900
2022-07-27,361.30035400390625,373.0182033229519,361.30035400390625,373.0182033229519,1108200
2022-07-28,367.15924072265625,371.0651900920462,359.34734198387633,367.15924072265625,441800
2022-07-29,367.15924072265625,373.0181647767412,365.20626603796126,367.15924072265625,2054700
2022-08-01,357.39434814453125,369.1121956246798,357.39434814453125,369.1121956246798,1439800
2022-08-02,359.34735107421875,361.3003258083178,353.4884268719217,357.3943763401197,564900
2022-08-03,357.39434814453125,359.347322724556,353.4883989844817,359.347322724556,456400
2022-08-04,357.39434814453125,359.347322724556,355.4413735645065,357.39434814453125,153600
2022-08-05,361.30035400390625,361.30035400390625,355.44142934438344,359.34737911739865,266100
2022-08-08,363.2532958984375,365.2062706075689,361.30032118930615,363.2532958984375,222100
2022-08-09,361.30035400390625,363.25332889041385,359.34737911739865,359.34737911739865,155500
2022-08-10,361.30035400390625,361.30035400390625,359.34737911739865,359.34737911739865,127300
2022-08-11,365.206298828125,367.1592736881684,361.30034910803806,363.25332396808153,570700
2022-08-12,363.2532958984375,374.97114415322585,363.2532958984375,367.15924531670026,5321900
2022-08-15,367.15924072265625,373.0181647767412,357.39436729918134,367.15924072265625,5188200
2022-08-16,353.4884338378906,367.1592572459858,353.4884338378906,365.2062824734008,20527000
2022-08-18,351.53546142578125,357.3943857828776,347.6295118543837,353.48843621148,4044800
2022-08-19,347.6294860839844,351.5354353658269,347.6294860839844,351.5354353658269,2493100
2022-08-22,343.72357177734375,351.53547113591975,341.77059693769974,347.6295214566317,2261400
2022-08-23,347.6294860839844,353.48841000674815,341.7705621612206,343.72353680214184,736200
2022-08-24,339.8175964355469,347.6294952041801,337.86462174338857,347.6294952041801,22315400
2022-08-25,343.72357177734375,347.6295214566317,339.8176220980557,341.77059693769974,1401900
2022-08-26,345.6765441894531,347.62951901538224,343.723569363524,343.723569363524,349600
2022-08-29,349.5824890136719,349.5824890136719,337.8646402199175,345.6765394157537,680500
2022-08-30,359.34735107421875,371.0651994788128,353.4884268719217,353.4884268719217,19560200
2022-08-31,357.39434814453125,365.2062464646303,339.8175769243084,361.30029730458074,27099600
2022-09-01,345.6765441894531,357.39439314502783,345.6765441894531,357.39439314502783,3070900
2022-09-02,347.6294860839844,351.5354353658269,345.67651144306313,345.67651144306313,1334800
2022-09-05,345.6765441894531,349.58249384131136,343.723569363524,347.62951901538224,1027700
2022-09-06,349.5824890136719,355.44141341054905,343.7235646167947,345.6765394157537,2232900
2022-09-07,347.6294860839844,355.4413846476694,347.6294860839844,351.5354353658269,1446100
2022-09-08,353.4884338378906,355.44140861047566,347.6295095201355,347.6295095201355,1874200
2022-09-09,353.4884338378906,367.1592572459858,351.5354590653056,359.34735815564574,10711000
2022-09-12,357.39434814453125,361.30029730458074,351.53542440445693,353.4883989844817,6451100
2022-09-13,355.4414367675781,357.39441169487253,351.53548691298937,357.39441169487253,4721400
2022-09-14,363.2532958984375,363.2532958984375,349.5824729345178,351.5354476436492,25969200
2022-09-15,365.206298828125,367.1592736881684,359.34737424799465,361.30034910803806,21523400
2022-09-16,353.4884338378906,367.1592572459858,353.4884338378906,367.1592572459858,8017500
2022-09-19,351.53546142578125,357.3943857828776,347.6295118543837,353.48843621148,8105900
2022-09-20,347.6294860839844,355.4413846476694,347.6294860839844,353.48841000674815,5438200
2022-09-21,349.5824890136719,351.5354638126309,345.6765394157537,345.6765394157537,1569700
2022-09-22,349.5824890136719,353.48843861158997,347.6295142147128,349.5824890136719,770400
2022-09-23,355.4414367675781,355.4414367675781,345.6765621311062,351.53548691298937,6410200
2022-09-26,361.30035400390625,361.30035400390625,347.629529798353,351.5354795713682,5942300
2022-09-27,353.4884338378906,361.3003329282307,351.5354590653056,361.3003329282307,1069700
2022-09-28,349.5824890136719,353.48843861158997,347.6295142147128,353.48843861158997,15245800
2022-09-29,345.6765441894531,351.5354686672405,345.6765441894531,349.58249384131136,1867400
2022-09-30,347.6294860839844,349.5824607249056,343.72353680214184,347.6294860839844,1697800
2022-10-03,341.7705993652344,347.62952392578126,339.81762451171875,347.62952392578126,2293000
2022-10-04,337.8646240234375,347.6294975501265,337.8646240234375,341.7705734341131,5930600
2022-10-05,337.8646240234375,343.7235481394509,335.9116493180997,339.8175987287753,5406200
2022-10-06,341.7705993652344,343.72357421875,337.8646496582031,339.81762451171875,668500
2022-10-07,337.8646240234375,343.7235481394509,337.8646240234375,341.7705734341131,1887600
2022-10-10,337.8646240234375,339.8175987287753,332.0056999074241,337.8646240234375,2225500
2022-10-11,332.0057373046875,337.8646620806526,330.05276237936584,337.8646620806526,4006800
2022-10-12,326.1468200683594,333.95871995023623,326.1468200683594,332.00574497976703,3287900
2022-10-13,324.1938171386719,330.05274154479247,324.1938171386719,330.05274154479247,2218200
2022-10-14,316.3819274902344,326.14680179548856,316.3819274902344,322.24085207338686,3857700
2022-10-17,332.0057373046875,332.0057373046875,308.57003820082724,316.381937902114,5103600
2022-10-18,318.3348693847656,324.19379336117237,316.3818947259634,320.2878440435679,1193000
2022-10-19,316.3819274902344,320.287877212336,312.47597776813274,318.3349023512852,731300
2022-10-20,316.3819274902344,332.00572637864104,314.4289526291835,318.3349023512852,5064300
2022-10-21,316.3819274902344,320.287877212336,316.3819274902344,316.3819274902344,5240900
2022-10-24,316.3819274902344,320.287877212336,314.4289526291835,316.3819274902344,1777300
2022-10-25,316.3819274902344,318.3349023512852,316.3819274902344,316.3819274902344,306700
2022-10-26,318.3348693847656,322.2408187023701,318.3348693847656,318.3348693847656,2261300
2022-10-27,318.3348693847656,320.2878440435679,316.3818947259634,318.3348693847656,1637700
2022-10-28,314.4289245605469,322.24082330739276,314.4289245605469,318.3348739339698,3003100
2022-10-31,316.3819274902344,318.3349023512852,310.5230029070819,316.3819274902344,6572000
2022-11-01,310.5229797363281,316.38190388229657,306.6170303056825,316.38190388229657,4008600
2022-11-02,294.8992004394531,312.47597397557945,294.8992004394531,310.5229991382321,7460800
2022-11-03,296.8521728515625,302.7110973157381,294.8991980301706,296.8521728515625,3628200
2022-11-04,292.94622802734375,296.852177734375,289.0402783203125,296.852177734375,2292200
2022-11-07,283.1813659667969,296.8521905307112,281.22839102909484,292.9462406553071,10724200
2022-11-08,289.040283203125,294.8992078626478,273.41648411106416,283.1813585436022,12947600
2022-11-09,275.36944580078125,290.993244144088,269.5105214220412,289.0402693511747,38426600
2022-11-10,279.275390625,279.275390625,271.46349158653845,275.3694411057692,12260200
2022-11-11,287.0873107910156,289.0402856943559,275.3694613709742,281.2283860809949,7094200
2022-11-14,289.040283203125,292.9462329761402,285.1343334301098,289.040283203125,3551700
2022-11-15,312.4759826660156,314.42895755767825,289.04028396606446,289.04028396606446,37603600
2022-11-16,308.57000732421875,326.14677989331983,306.61703259431863,326.14677989331983,26182700
2022-11-17,312.4759826660156,316.3819324493408,306.6170579910278,308.57003288269044,24125600
2022-11-18,302.7110900878906,314.42893873645414,300.7581153131301,312.47596396169354,28928700
2022-11-21,292.94622802734375,302.7111022949219,290.9932531738281,302.7111022949219,14278400
2022-11-22,289.040283203125,292.9462329761402,285.1343334301098,292.9462329761402,11274500
2022-11-23,290.99322509765625,302.7110730881659,287.0872757674864,290.99322509765625,22213200
2022-11-24,290.99322509765625,298.805123757996,287.0872757674864,290.99322509765625,37598600
2022-11-25,290.99322509765625,298.805123757996,290.99322509765625,290.99322509765625,10286300
2022-11-28,287.0873107910156,292.94623550103637,287.0873107910156,290.9932605976961,7287000
2022-11-29,285.1343078613281,292.94620670684395,285.1343078613281,287.08728257270707,7836100
2022-11-30,298.8051452636719,298.8051452636719,281.2283720128677,285.1343216241575,16287100
2022-12-01,281.2283630371094,292.94621149698895,281.2283630371094,292.94621149698895,14469500
2022-12-02,287.0873107910156,292.94623550103637,281.2283860809949,281.2283860809949,24374700
2022-12-05,285.1343078613281,292.94620670684395,285.1343078613281,290.993231995465,8792600
2022-12-06,281.2283630371094,289.0402620103624,281.2283630371094,285.1343125237359,14519400
2022-12-07,285.1343078613281,289.04025728408607,281.2283584385702,287.08728257270707,18849300
2022-12-08,283.1813659667969,289.040290779903,281.22839102909484,285.1343409044989,9999900
2022-12-09,285.1343078613281,289.04025728408607,285.1343078613281,287.08728257270707,6357200
2022-12-12,289.040283203125,290.9932580896326,285.1343334301098,285.1343334301098,16098600
2022-12-13,283.1813659667969,290.993265717605,283.1813659667969,289.040290779903,5515200
2022-12-14,277.32244873046875,285.1343486947073,277.32244873046875,283.18137370364764,8724700
2022-12-15,275.36944580078125,279.27539538660795,273.4164710078679,279.27539538660795,7469900
2022-12-16,275.36944580078125,279.27539538660795,273.4164710078679,275.36944580078125,6271800
2022-12-19,273.4164733886719,277.32242300851004,271.4634985787528,277.32242300851004,7504800
2022-12-20,269.5105285644531,275.369453098463,269.5105285644531,273.416478253793,17028000
2022-12-21,267.55755615234375,273.41648073962136,265.60458128991786,271.4635058771955,16834800
2022-12-22,269.5105285644531,271.46350340912306,267.5575537197832,269.5105285644531,2267200
2022-12-23,267.55755615234375,273.41648073962136,267.55755615234375,271.4635058771955,3161000
2022-12-26,269.5105285644531,273.416478253793,261.6986291857733,269.5105285644531,20394900
2022-12-27,269.5105285644531,269.5105285644531,265.60457887511325,269.5105285644531,5187700
2022-12-28,263.651611328125,271.4635109230324,263.651611328125,271.4635109230324,7429100
2022-12-29,261.6986083984375,265.60455777751866,255.83968432981578,263.6515830879781,16816500
2022-12-30,267.55755615234375,267.55755615234375,263.651606427492,263.651606427492,8832400
2023-01-02,273.4164733886719,277.32242300851004,265.60457414899554,267.55754895891465,17503100
2023-01-03,269.5105285644531,277.32242794313294,267.5575537197832,277.32242794313294,4740600
2023-01-04,265.60455322265625,271.4634771908031,265.60455322265625,267.5575278787052,10950000
2023-01-05,261.6986083984375,267.5575324670592,261.6986083984375,265.60455777751866,3897800
2023-01-06,253.88671875,263.6515925480769,253.88671875,263.6515925480769,9528300
2023-01-09,251.93373107910156,259.74562971721326,248.02778176004574,253.8867057386295,13324200
2023-01-10,249.98077392578125,253.88672351837158,248.02779912948608,253.88672351837158,3247400
2023-01-11,248.02780151367188,251.93375114380842,246.07482669860357,251.93375114380842,5708900
2023-01-12,253.88671875,253.88671875,249.98076923076923,249.98076923076923,10298200
2023-01-13,253.88671875,259.74564302884613,251.9337439903846,253.88671875,19536900
2023-01-16,253.88671875,257.7926682692308,251.9337439903846,253.88671875,2152900
2023-01-17,255.83969116210938,259.7456406455004,251.9337416787184,253.88671642041388,17131600
2023-01-18,269.5105285644531,281.2283776324728,255.83970465176347,255.83970465176347,42033800
2023-01-19,314.4289245605469,320.2878486206813,265.6045573927601,269.510506766183,94716200
2023-01-20,328.0997314453125,337.8646044049944,310.522960117885,322.24080766950334,91820100
2023-01-24,341.7705993652344,347.62952392578126,328.099775390625,330.0527502441406,64341500
2023-01-25,363.2532958984375,369.1122200258317,339.8175993888609,351.5354476436492,70072300
2023-01-26,406.2187194824219,410.1246687082144,361.3003033858079,367.1592272244967,88636100
2023-01-27,414.0306701660156,425.74851932165757,398.40687129182635,408.17174558819465,52726300
2023-01-30,415.9836120605469,429.65443499211415,406.21873853799883,417.93658676505646,32569700
2023-01-31,415.9836120605469,423.79551087858533,410.12468794701806,415.9836120605469,20756700
2023-02-01,507.7734375,512.6558743990385,414.03064903846155,417.9365985576923,86896500
2023-02-02,472.6199035644531,512.6558871308634,472.6199035644531,502.8910130902755,50141900
2023-02-03,470.66693115234375,488.2437045148794,453.0901577898081,468.71395633428426,52584300
2023-02-06,502.8910217285156,532.1856443534778,468.71396199939323,470.66693684105735,72187600
2023-02-07,468.7139587402344,507.7734553019206,468.7139587402344,507.7734553019206,26317800
2023-02-08,437.4663391113281,472.61988421848844,437.4663391113281,453.09013693673273,55885900
2023-02-09,408.1717224121094,443.32526788300873,408.1717224121094,415.98362140564257,38532100
2023-02-10,380.8301086425781,421.8425818810096,380.8301086425781,400.35985780373596,44134000
2023-02-13,404.26580810546875,406.21878302385267,367.1592846561745,380.8301090848619,36949100
2023-02-14,408.1717224121094,415.98362140564257,386.68900017989307,404.2657729153428,27438700
2023-02-15,406.2187194824219,412.07764332111066,400.3597956437331,408.1716940953181,24761000
2023-02-16,427.70147705078125,435.51337617499644,404.2657796781357,406.2187544591895,38949400
2023-02-17,398.4068603515625,429.6544572418812,398.4068603515625,429.6544572418812,26827800
2023-02-20,382.7830505371094,386.68900003238605,371.0652020512795,386.68900003238605,25147000
2023-02-21,386.6889953613281,392.5479195334695,378.8770964651397,382.78304591323393,23904100
2023-02-22,386.6889953613281,390.5949448094224,371.06519756895125,382.78304591323393,24472600
2023-02-23,382.7830505371094,390.59494952766266,380.8300757894711,386.68900003238605,16197400
2023-02-24,402.31280517578125,406.2187547405947,384.73603213412093,384.73603213412093,27517100
2023-02-27,421.8425598144531,423.7955346284089,396.4538872330277,398.40686204698346,38252400
2023-02-28,408.1717224121094,425.7484951475591,404.2657729153428,423.79552039917576,23489700
2023-03-01,410.1247253417969,421.84257463727675,406.2187755766369,412.0777002243768,19086300
2023-03-02,421.8425598144531,458.9490812796133,410.1247109307183,410.1247109307183,74863900
2023-03-03,414.0306701660156,423.79554446238393,410.1247204474683,421.8425696031103,32879900
2023-03-06,392.5479431152344,419.88959089440493,386.6890185911264,415.9836412116663,38039200
2023-03-07,394.50091552734375,408.1717393327467,392.54794069800045,392.54794069800045,27680000
2023-03-08,417.93658447265625,421.84253386025114,390.5949387594918,396.4538628408842,26860600
2023-03-09,414.0306701660156,425.74851932165757,406.218770728921,419.8895947438366,22244900
2023-03-10,404.26580810546875,415.9836576157722,402.31283318708483,414.0306826973883,10105900
2023-03-13,382.7830505371094,404.26577276113085,380.8300757894711,404.26577276113085,31740100
2023-03-14,367.15924072265625,382.7830382002161,357.39436729918134,382.7830382002161,52086400
2023-03-15,373.0181884765625,400.3598357994519,369.1122388590069,369.1122388590069,50911700
2023-03-16,365.206298828125,382.78307256851605,361.30034910803806,376.9241479883857,33047900
2023-03-17,355.4414367675781,376.92416096781636,355.4414367675781,365.20631140405004,115661200
2023-03-20,343.72357177734375,365.20629501342773,341.77059693769974,353.48844597556376,29130100
2023-03-21,351.53546142578125,365.2062849256727,343.7235622829861,343.7235622829861,30235300
2023-03-24,355.4414367675781,363.25333647675563,345.6765621311062,351.53548691298937,27509800
2023-03-27,349.5824890136719,361.3003378074262,349.5824890136719,355.44141341054905,21373900
2023-03-28,353.4884338378906,353.4884338378906,343.72355997496544,349.58248429272055,21085500
2023-03-29,355.4414367675781,359.3473866221669,353.4884618402837,355.4414367675781,19949900
2023-03-30,347.6294860839844,374.97113105688203,341.7705621612206,355.4413846476694,25171300
2023-03-31,343.72357177734375,353.48844597556376,341.77059693769974,349.58249629627574,20681700
2023-04-03,332.0057373046875,349.58251163258274,332.0057373046875,343.72358685661766,17270200
2023-04-04,314.4289245605469,339.817595487796,314.4289245605469,332.0056967409501,31156100
2023-04-05,332.0057373046875,333.9587122300092,314.4289629767923,314.4289629767923,41592100
2023-04-06,328.0997314453125,335.911629813058,324.1937822614397,332.00568062918524,10221200
2023-04-10,347.6294860839844,351.5354353658269,326.1467650338505,326.1467650338505,33358800
2023-04-11,369.1122131347656,376.9241118254485,347.6294917353877,349.58246640805845,76826700
2023-04-12,365.206298828125,376.9241479883857,363.25332396808153,369.1122485482119,25263400
2023-04-13,369.1122131347656,376.9241118254485,365.20626378942416,367.1592384620949,22515100
2023-04-14,386.6889953613281,396.4538689815637,369.1122228449041,371.06519756895125,41409000
2023-04-17,378.8771057128906,392.54792911490216,373.01818139774286,386.68900479975434,17445000
2023-04-18,378.8771057128906,386.68900479975434,376.9241309411747,376.9241309411747,15465500
2023-04-26,414.0306701660156,419.8895947438366,378.8771226990898,378.8771226990898,44441600
2023-04-27,412.0776672363281,435.5133639511904,410.12469251008963,415.98361668880517,27203600
2023-04-28,412.0776672363281,429.65443977247486,412.0776672363281,415.98361668880517,19339800
2023-05-02,394.50091552734375,419.8895883088064,384.7360413806273,412.0776889914333,25824300
2023-05-03,410.1247253417969,415.98364998953684,390.594976515997,394.500926281157,17513000
2023-05-04,421.8425598144531,431.60743388423214,402.3128116748951,410.1247109307183,19242600
2023-05-05,414.0306701660156,431.60744389947854,406.218770728921,421.8425696031103,28675500
2023-05-08,447.2312316894531,451.1371813111951,412.0776850937756,415.98363471551755,37336000
2023-05-09,447.2312316894531,453.09015612206605,435.5133828242273,451.1371813111951,33198800
2023-05-10,445.2782287597656,451.1371528223941,441.37227938468,451.1371528223941,39899800
2023-05-11,435.51336669921875,453.0901393462724,431.6074172220957,445.27824039202636,20891400
2023-05-12,419.88958740234375,441.3723104787427,412.077688101835,433.560411178234,25589000
2023-05-15,431.607421875,435.5133713942308,414.03064903846155,419.8895733173077,20773300
2023-05-16,404.26580810546875,435.51340679961123,402.31283318708483,431.6074569628434,32733700
2023-05-17,398.4068603515625,412.0776839910769,386.689011517693,400.35983515720744,17889600
2023-05-19,394.50091552734375,406.21876450340346,388.6419910393139,400.3598400153736,17880200
2023-05-22,390.594970703125,406.21876953125,390.594970703125,394.50092041015625,16261500
2023-05-23,396.453857421875,402.3127814231835,390.5949334205665,390.5949334205665,13780300
2023-05-24,412.0776672363281,412.0776672363281,394.50089470018145,396.45386942641994,26575800
2023-05-25,441.372314453125,470.6669370938192,414.0306666551438,415.98364149785675,122335300
2023-05-26,443.3252868652344,458.9490855212779,433.5604127052072,443.3252868652344,36215000
2023-05-29,435.51336669921875,451.1371646077109,429.6544424835342,443.32526565346484,20770000
2023-05-30,437.4663391113281,455.0431116649083,433.560389654977,435.5133643831526,27658800
2023-05-31,429.65447998046875,445.2782792524858,421.8425803444602,439.4193545254794,26739700
2023-06-05,456.99609375,460.9020432692308,429.6544471153846,429.6544471153846,37129400
2023-06-06,474.5728454589844,482.38474414966726,453.09012405960647,458.9490480776186,79033200
2023-06-07,488.24371337890625,498.0085876464844,464.8080151367188,476.5258642578125,75434800
2023-06-08,468.7139587402344,493.12614409128827,462.8550342559815,488.2437070210775,46425300
2023-06-09,474.5728454589844,484.33771882233793,468.71392144097223,468.71392144097223,24061200
2023-06-12,472.6199035644531,480.4318027969234,460.9020547157477,474.5728783725707,21276900
2023-06-13,468.7139587402344,480.4318077087403,466.7609839121501,472.61990839640305,18520200
2023-06-14,468.7139587402344,476.52585805257166,466.7609839121501,468.7139587402344,15430300
2023-06-15,464.8079833984375,476.52583171940654,456.99608451779153,468.7139328387605,18785000
2023-06-16,460.90203857421875,470.6669122728251,460.90203857421875,464.80798805366123,10202100
2023-06-19,464.8079833984375,470.66690755892205,456.99608451779153,462.855008678276,12316400
2023-06-20,431.607421875,470.6669170673077,414.03064903846155,468.7139423076923,52137700
2023-06-21,455.0430908203125,458.94904009774007,429.65442051703326,431.60739515574704,32711900
2023-06-22,449.1842041015625,458.9490781037704,437.4663552989131,456.9961033033288,21071900
2023-06-23,441.372314453125,455.0431383521156,441.372314453125,449.1842138239768,13138400
2023-06-26,441.372314453125,445.2782641385509,429.65446539684734,441.372314453125,14126000
2023-06-27,462.85504150390625,466.76099122123884,439.419343199911,441.37231805857726,21326500
2023-07-03,449.1842041015625,466.7609773055367,447.23122930112095,464.8080025050951,17405200
2023-07-04,445.2782287597656,455.0431021974798,441.37227938468,449.1841781348513,14691600
2023-07-05,419.88958740234375,449.18420977925143,410.12471327670784,445.2782601289971,48180700
2023-07-06,414.0306701660156,423.79554446238393,404.2657958696473,417.93661988456296,37550900
2023-07-07,408.1717224121094,414.03064665725924,402.31279816695945,414.03064665725924,34684400
2023-07-10,419.88958740234375,423.7955370525981,406.21876362645344,408.17173845158067,49523200
2023-07-11,425.74847412109375,431.6073980768886,421.84252481723047,421.84252481723047,25698400
2023-07-12,435.51336669921875,443.32526565346484,425.74849300641114,429.6544424835342,25123700
2023-07-13,437.4663391113281,441.3722885676793,427.7014654704503,437.4663391113281,16697500
2023-07-14,439.4193420410156,449.18421630859376,435.51339233398437,439.4193420410156,18970700
2023-07-17,437.4663391113281,445.27823802403043,431.6074149268014,437.4663391113281,16778800
2023-07-18,455.0430908203125,455.0430908203125,437.46631907188845,437.46631907188845,26570400
2023-07-20,451.1371765136719,468.71394962459414,445.27825214336445,456.9961008839793,28332600
2023-07-21,449.1842041015625,458.9490781037704,445.27825450067934,451.1371789020041,12558800
2023-07-24,449.1842041015625,462.85502770465354,445.27825450067934,451.1371789020041,14982200
2023-07-25,447.2312316894531,455.043130932937,441.3723072568402,449.1842065003241,11615800
2023-07-26,456.99609375,462.85501802884613,439.41932091346155,449.18419471153845,24996100
2023-07-27,445.2782287597656,460.9020262601083,441.37227938468,458.94905157256545,18512400
2023-07-28,449.1842041015625,455.0431285028872,441.3723048997962,445.27825450067934,16848500
2023-07-31,456.99609375,456.99609375,431.607421875,449.18419471153845,26663300
2023-08-01,439.4193420410156,453.090166015625,429.6544677734375,443.3252917480469,19131200
2023-08-02,415.9836120605469,439.4193085146622,414.0306373560373,437.4663338101526,23516300
2023-08-03,417.93658447265625,425.7484832478461,408.1717110036689,415.98360977885875,25387300
2023-08-04,408.1717224121094,427.70146989594235,406.21874766372605,419.88957090240916,23533000
2023-08-07,394.50091552734375,410.12471416209,380.83009172194073,408.1717393327467,35332800
2023-08-08,394.50091552734375,406.21876450340346,392.54794069800045,396.453890356687,14736600
2023-08-09,386.6889953613281,398.4068437056108,384.736020637281,392.5479195334695,13367100
2023-08-10,380.8301086425781,390.59498322315704,380.8301086425781,384.7360584748097,10591900
2023-08-11,386.6889953613281,392.5479195334695,380.8300711891868,382.78304591323393,9350000
2023-08-14,371.0652160644531,392.54793909976354,365.20629160027755,386.68901463558797,25926700
2023-08-15,378.8771057128906,382.7830552563225,373.01818139774286,376.9241309411747,11375100
2023-08-16,380.8301086425781,388.64200830704124,380.8301086425781,380.8301086425781,11995900
2023-08-18,374.9711608886719,384.7360348701477,371.06521129608154,384.7360348701477,13521500
2023-08-21,373.0181884765625,384.73603732922936,371.0652136677847,374.9711632853403,9189400
2023-08-22,369.1122131347656,378.8770864981192,369.1122131347656,373.01816248010704,12868100
2023-08-23,376.9241027832031,382.78302666066224,371.065178905744,371.065178905744,12126700
2023-08-24,374.9711608886719,382.78306007385254,373.0181860923767,378.8771104812622,5316600
2023-08-25,371.0652160644531,374.9711657072368,369.11224124306125,374.9711657072368,13189400
2023-08-28,367.15924072265625,376.92411414613116,365.20626603796126,373.0181647767412,17611900
2023-08-29,361.30035400390625,373.0182033229519,361.30035400390625,367.15927866342906,14254500
2023-08-30,365.206298828125,371.06522340825535,361.30034910803806,361.30034910803806,12695200
2023-08-31,369.1122131347656,374.97113715277777,365.20626378942416,369.1122131347656,12301300
2023-09-01,367.15924072265625,369.11221540735124,361.3003166685713,369.11221540735124,10379300
2023-09-04,363.2532958984375,369.1122200258317,359.34734648017474,367.15924531670026,9224000
2023-09-05,363.2532958984375,374.97114415322585,363.2532958984375,363.2532958984375,14353800
2023-09-06,363.2532958984375,371.06519473496303,363.2532958984375,367.15924531670026,11555400
2023-09-07,361.30035400390625,369.11225354993667,361.30035400390625,363.25332889041385,23397500
2023-09-08,371.0652160644531,371.0652160644531,361.3003419574938,363.2533167788857,11467800
2023-09-11,365.206298828125,374.97117312834223,363.25332396808153,374.97117312834223,6947700
2023-09-12,355.4414367675781,365.20631140405004,353.4884618402837,365.20631140405004,26205300
2023-09-13,355.4414367675781,365.20631140405004,351.53548691298937,355.4414367675781,20651700
2023-09-14,355.4414367675781,357.39441169487253,353.4884618402837,357.39441169487253,9233900
2023-09-15,359.34735107421875,363.25330054241675,355.4414016060207,355.4414016060207,16461800
2023-09-18,367.15924072265625,369.11221540735124,357.39436729918134,361.3003166685713,13525900
2023-09-19,365.206298828125,371.06522340825535,361.30034910803806,367.1592736881684,11445900
2023-09-20,363.2532958984375,369.1122200258317,361.30032118930615,365.2062706075689,8499200
2023-09-21,361.30035400390625,369.11225354993667,361.30035400390625,363.25332889041385,11285100
2023-09-22,371.0652160644531,380.8300901714124,361.3003419574938,361.3003419574938,21126100
2023-09-25,378.8771057128906,378.8771057128906,371.0652066260269,371.0652066260269,13265200
2023-09-26,382.7830505371094,386.68900003238605,376.9241262941945,378.87710104183276,23471700
2023-09-27,378.8771057128906,400.3598282017659,378.8771057128906,382.7830552563225,27143300
2023-09-29,382.7830505371094,386.68900003238605,378.87710104183276,378.87710104183276,13836800
2023-10-02,396.453857421875,402.3127814231835,382.7830347521552,384.736009419258,27590200
2023-10-03,396.453857421875,400.3598067560807,390.5949334205665,396.453857421875,18029400
2023-10-04,396.453857421875,400.3598067560807,390.5949334205665,396.453857421875,14998700
2023-10-05,402.31280517578125,406.2187547405947,394.50090604615445,396.4538808285611,21193100
2023-10-06,410.1247253417969,412.0777002243768,396.453901163737,402.31282581147696,15474300
2023-10-09,398.4068603515625,415.98363360236675,398.4068603515625,414.0306587967218,12887700
2023-10-10,398.4068603515625,404.26578476849727,392.5479359346278,398.4068603515625,10615100
2023-10-11,406.2187194824219,410.1246687082144,398.40682103083685,398.40682103083685,11061100
2023-10-12,394.50091552734375,410.12471416209,394.50091552734375,406.21876450340346,7560800
2023-10-13,396.453857421875,402.3127814231835,392.5479080876693,394.5008827547722,8681900
2023-10-16,402.31280517578125,404.265779958188,390.59495648134106,396.4538808285611,17539000
2023-10-17,425.74847412109375,427.7014487730254,402.3127782979143,402.3127782979143,31840800
2023-10-18,419.88958740234375,429.6544615279796,415.98363775208935,429.6544615279796,16754300
2023-10-19,398.4068603515625,431.60743204752606,398.4068603515625,419.8895832136566,19449300
2023-10-20,415.9836120605469,417.93658676505646,394.50089031094114,398.4068397199604,15796200
2023-10-23,415.9836120605469,419.8895614695661,404.26576383348925,417.93658676505646,16106100
2023-10-24,419.88958740234375,421.8425622274709,410.12471327670784,415.98363775208935,12688600
2023-10-25,415.9836120605469,425.7484855830949,406.21873853799883,419.8895614695661,12830300
2023-10-26,404.26580810546875,417.9366325341561,400.3598582687009,415.9836576157722,10011000
2023-10-27,402.31280517578125,406.2187547405947,398.40685561096785,404.265779958188,9407300
2023-10-30,400.3598327636719,408.1717319395484,394.5009083817645,402.312807557641,9534400
2023-10-31,400.3598327636719,410.12470673351754,396.4538831757336,402.312807557641,10160500
2023-11-01,402.31280517578125,406.2187547405947,398.40685561096785,406.2187547405947,8964200
2023-11-02,404.26580810546875,408.1717579422365,398.406883350317,406.21878302385267,8467700
2023-11-03,417.93658447265625,417.93658447265625,408.1717110036689,410.1246856974664,14969800
2023-11-06,421.8425598144531,423.7955346284089,414.0306605586299,419.8895850004973,13620000
2023-11-07,417.93658447265625,423.7955085540486,415.98360977885875,423.7955085540486,11890000
2023-11-08,402.31280517578125,419.8895782174416,402.31280517578125,419.8895782174416,9591700
2023-11-09,406.2187194824219,415.9835925469032,404.26574486952563,404.26574486952563,8257000
2023-11-10,402.31280517578125,410.1247043054081,402.31280517578125,402.31280517578125,7768200
2023-11-13,406.2187194824219,410.1246687082144,402.3127702566294,402.3127702566294,7998900
2023-11-14,417.93658447265625,417.93658447265625,406.2187363098715,406.2187363098715,12321700
2023-11-15,410.1247253417969,421.84257463727675,410.1247253417969,417.9366248721168,8699600
2023-11-16,447.2312316894531,447.2312316894531,410.12471028290463,410.12471028290463,37574500
2023-11-17,429.65447998046875,449.18422907049006,429.65447998046875,447.2312541614879,30919100
2023-11-20,433.5604248046875,439.4193494642103,429.6544750316723,431.6074499181799,12254000
2023-11-21,421.8425598144531,439.4193331400553,419.8895850004973,433.5604086981879,16127500
2023-11-22,419.88958740234375,431.60743635310683,417.9366125772165,421.8425622274709,11051000
2023-11-23,425.74847412109375,427.7014487730254,419.8895501652989,421.84252481723047,10469800
2023-11-24,419.88958740234375,429.6544615279796,412.077688101835,425.74851187772526,14245700
2023-11-27,414.0306701660156,425.74851932165757,412.077695306742,419.8895947438366,10728600
2023-11-28,421.8425598144531,425.7485094423647,414.0306605586299,421.8425598144531,13660800
2023-11-29,427.70147705078125,439.41932573710403,417.93660314551227,421.84255270761986,29831200
2023-11-30,427.70147705078125,433.56040139394264,419.88957792656606,429.65445183183505,11549000
2023-12-01,421.8425598144531,429.6544590702763,421.8425598144531,429.6544590702763,7931200
2023-12-04,417.93658447265625,431.60740732923847,415.98360977885875,421.84253386025114,7630900
2023-12-05,410.1247253417969,419.8895997546968,410.1247253417969,417.9366248721168,10412100
2023-12-06,419.88958740234375,421.8425622274709,406.21876362645344,410.12471327670784,33797600
2023-12-07,410.1247253417969,431.6074490501767,408.17175045921687,419.8895997546968,39295800
2023-12-08,421.8425598144531,421.8425598144531,410.1247109307183,410.1247109307183,12054200
2023-12-11,410.1247253417969,425.7485244024368,410.1247253417969,421.84257463727675,11063100
2023-12-12,410.1247253417969,417.9366248721168,410.1247253417969,410.1247253417969,13342900
2023-12-13,415.9836120605469,423.79551087858533,410.12468794701806,410.12468794701806,16963900
2023-12-14,419.88958740234375,421.8425622274709,414.0306629269622,415.98363775208935,7773000
2023-12-15,410.1247253417969,419.8895997546968,410.1247253417969,419.8895997546968,5238600
2023-12-18,415.9836120605469,419.8895614695661,410.12468794701806,410.12468794701806,7894100
2023-12-19,421.8425598144531,427.7014842563205,412.0776857446741,415.9836353725857,10654700
2023-12-20,415.9836120605469,423.79551087858533,414.0306373560373,421.8425361740757,8717100
2023-12-21,417.93658447265625,421.84253386025114,412.07766039126386,415.98360977885875,8266600
2023-12-22,417.93658447265625,419.8895591664537,414.0306350850613,415.98360977885875,7786400
2023-12-27,415.9836120605469,423.79551087858533,415.9836120605469,417.93658676505646,8316500
2023-12-28,414.0306701660156,423.79554446238393,414.0306701660156,415.9836450252893,10874500
2023-12-29,423.7955322265625,429.6544566352247,415.98363301501297,415.98363301501297,19991800
2024-01-02,414.0306701660156,423.79554446238393,412.077695306742,423.79554446238393,8522000
2024-01-03,410.1247253417969,417.9366248721168,410.1247253417969,414.03067510695683,7962900
2024-01-04,408.1717224121094,415.98362140564257,408.1717224121094,410.12469716049264,21975800
2024-01-05,412.0776672363281,417.9365914150437,410.12469251008963,410.12469251008963,7342500
2024-01-08,408.1717224121094,419.88957090240916,408.1717224121094,412.07767190887597,21604500
2024-01-09,410.1247253417969,415.98364998953684,408.17175045921687,410.1247253417969,15578300
2024-01-10,408.1717224121094,414.03064665725924,408.1717224121094,412.07767190887597,13450000
2024-01-11,410.1247253417969,414.03067510695683,408.17175045921687,410.1247253417969,19248000
2024-01-12,373.0181884765625,410.12470984334095,371.0652136677847,408.17173503456314,23763700
2024-01-15,367.15924072265625,376.92411414613116,367.15924072265625,374.97113946143617,14459800
2024-01-16,367.15924072265625,371.0651900920462,361.3003166685713,367.15924072265625,9493700
2024-01-17,371.0652160644531,382.78306499280427,367.15926642166943,371.0652160644531,18901300
2024-01-18,390.594970703125,394.50092041015625,365.2062976074219,367.15927246093753,15282400
2024-01-19,384.7360534667969,392.5479530295745,380.83010368540806,392.5479530295745,11294500
2024-01-22,406.2187194824219,410.1246687082144,386.6889733534593,390.59492257925183,20772000
2024-01-23,394.50091552734375,408.1717393327467,392.54794069800045,408.1717393327467,9258300
2024-01-24,382.7830505371094,400.35982326585423,380.8300757894711,394.5008990229393,7243300
2024-01-25,376.9241027832031,386.68897591230166,374.9711281573834,382.78302666066224,10097400
2024-01-26,371.0652160644531,384.73603981419615,371.0652160644531,376.9241405286287,6118300
2024-01-29,386.6889953613281,402.31279315370506,371.06519756895125,373.0181722929984,13807400
2024-01-30,390.594970703125,402.31281982421876,382.7830712890625,386.68902099609375,12260500
2024-01-31,400.3598327636719,402.312807557641,390.5949587938262,390.5949587938262,15583400
2024-02-01,398.4068603515625,408.1717343797871,394.5009107402727,400.35983515720744,6850100
2024-02-02,398.4068603515625,400.35983515720744,392.5479359346278,398.4068603515625,6511600
2024-02-05,402.31280517578125,406.2187547405947,390.59495648134106,394.50090604615445,10330200
2024-02-06,400.3598327636719,410.12470673351754,400.3598327636719,404.26578235161014,6311500
2024-02-07,400.3598327636719,404.26578235161014,396.4538831757336,404.26578235161014,8278600
2024-02-12,421.8425598144531,429.6544590702763,400.3598368609393,402.3128116748951,23907200
2024-02-13,421.8425598144531,431.60743388423214,419.8895850004973,421.8425598144531,10109500
2024-02-15,433.5604248046875,437.4663745777027,423.7955503721495,423.7955503721495,15759300
2024-02-16,437.4663391113281,445.27823802403043,429.6544401986259,433.560389654977,24618700
2024-02-19,453.0901794433594,455.04315435475314,437.46638015220907,437.46638015220907,31955400
2024-02-20,484.3377380371094,493.12612441278276,451.1371672845656,453.09014203471526,42119800
2024-02-21,493.12615966796875,498.0085968924041,482.384797774211,484.33777266398516,18436800
2024-02-22,488.24371337890625,493.12615051269535,482.38478881835937,493.12615051269535,14157800
2024-02-23,517.538330078125,561.4802637640036,493.1261446970814,493.1261446970814,75630600
2024-02-26,546.8329467773438,561.480257851737,517.5383246285575,517.5383246285575,30385800
2024-02-27,561.480224609375,561.480224609375,537.0680409307065,546.8329144021739,23649800
2024-02-28,546.8329467773438,566.3626948765346,532.1856357029507,561.480257851737,28959500
2024-02-29,551.7153930664062,561.480267279971,537.0680817460592,546.8329559596239,26552200
2024-03-01,546.8329467773438,561.480257851737,537.0680727277484,561.480257851737,10336700
2024-03-04,556.5978393554688,585.8924624794407,546.8329649808114,546.8329649808114,54623600
2024-03-05,551.7153930664062,566.3627043867533,541.9505188528416,556.5978301731886,12442100
2024-03-06,541.9505004882812,556.5978113122889,537.0680635469454,551.715374370953,8892700
2024-03-07,561.480224609375,571.2450980808424,537.0680409307065,537.0680409307065,17524600
2024-03-08,605.4221801757812,624.9519279233871,551.7153738698652,566.3626846805696,74848100
2024-03-13,756.7777099609375,756.7777099609375,610.3046048072076,610.3046048072076,97934300
2024-03-14,830.0142822265625,917.8981474034927,766.5426018210019,795.8372235466452,251453200
2024-03-15,908.13330078125,922.7806120841733,834.896744266633,839.7791813676075,91780500
2024-03-18,864.1913452148438,927.6630259368379,854.4264712576138,913.015715000993,48826800
2024-03-19,854.4264526367188,898.3683844866072,839.7791420200894,864.1913263811384,40457700
2024-03-20,898.368408203125,898.368408203125,849.5440381920856,859.3089121942935,55337500
2024-03-21,908.13330078125,917.8981749831988,893.4859894783266,898.3684265793011,32900300
2024-03-22,898.368408203125,947.1927782141644,717.7182391622792,908.1332822053329,63590700
2024-03-25,878.8386840820312,922.7806182861328,878.8386840820312,922.7806182861328,30243200
2024-03-26,873.9562377929688,913.015734454107,873.9562377929688,913.015734454107,17767000
2024-03-27,869.0737915039062,883.7211025966687,859.3089174420646,873.956228534827,19460500
2024-03-28,883.7210693359375,903.250816724577,869.0737587944578,873.9561956416177,22647400
2024-04-01,898.368408203125,917.8981562075408,873.9562231976054,883.7210971998132,36627200
2024-04-02,932.5454711914062,942.3103452352952,898.3684120377944,898.3684120377944,37357800
2024-04-03,927.6630249023438,947.1927727950247,917.8981509560033,932.545461875514,26506100
2024-04-04,956.9577026367188,966.7225771534199,917.8982045699139,932.5455163449658,41705700
2024-04-05,986.2523193359375,1000.8996310092435,947.1928215404548,961.8401332137609,35021000
2024-04-16,1142.490234375,1152.255108173077,976.4873798076923,976.4873798076923,50523200
2024-04-17,1132.7254638671875,1162.020087932718,1122.9605891786773,1152.2552132442079,19915300
2024-04-18,1127.8428955078125,1157.1375161703531,1122.9604587307224,1132.7253322849026,8020500
2024-04-19,1020.4293823242188,1142.4903132242448,981.3698844362103,1127.8430015162417,40484800
2024-04-22,1059.4888916015625,1064.371328890049,1020.4293932936707,1020.4293932936707,11889900
2024-04-23,1074.1361083984375,1083.9009821111506,1049.7239241166549,1059.488797829368,18787500
2024-04-24,1059.4888916015625,1083.9010780439949,1054.606454313076,1074.136203467022,13328900
2024-04-25,1074.1361083984375,1098.5482926802201,1049.7239241166549,1059.488797829368,16929200
2024-04-26,1069.253662109375,1098.5482829890839,1064.3712252960902,1074.1360989226598,14422900
2024-04-29,1108.313232421875,1122.9605438635738,1064.3712980967787,1074.1361723912446,18351500
2024-04-30,1044.8414306640625,1142.4901625018254,991.1346281532929,1108.3131063586084,44145800
2024-05-02,1054.6064453125,1059.488882559317,1005.7820728443287,1039.9591335720486,19819500
2024-05-03,1074.1361083984375,1103.4307295365768,1054.6063609730113,1054.6063609730113,29994500
2024-05-06,1127.8428955078125,1142.4902058390828,1074.1360909598213,1079.0185277369114,26269500
2024-05-07,1137.60791015625,1196.1971587479882,1122.9605980083154,1132.7254727736051,44749900
2024-05-08,1162.02001953125,1171.784893644958,1137.60783424698,1142.490271303834,16974600
2024-05-13,1171.784912109375,1215.7268463134767,1166.902474975586,1166.902474975586,31852100
2024-05-14,1171.784912109375,1191.3146606445314,1157.1376007080078,1181.549786376953,18171400
2024-05-15,1157.137451171875,1181.5496336860494,1157.137451171875,1176.6671971832145,12345300
2024-05-16,1083.9010009765625,1201.0794875686233,1069.2536901525548,1171.7848659206081,45227800
2024-05-17,1083.9010009765625,1122.9604965072494,1020.4293207391962,1118.0780595659135,32654500
2024-05-20,947.1928100585938,1098.5483621813587,927.6630613975918,1083.9010506856073,57168100
2024-05-21,942.310302734375,986.2522339499676,927.6629923291775,952.07517633784,17987300
2024-05-22,961.840087890625,981.3698358680996,937.4279029187817,952.0752139018877,8209200
2024-05-27,1064.3712158203125,1083.9009628995843,961.8400436541356,966.7224804239536,42767500
2024-05-28,1103.4307861328125,1108.313223239595,1025.311792424295,1064.3712892785536,28135000
2024-05-29,1083.9010009765625,1122.9604965072494,1083.9010009765625,1108.3131856832417,9840200
2024-05-30,1127.8428955078125,1132.7253322849026,1074.1360909598213,1083.9009645140015,16009700
2024-05-31,1162.02001953125,1171.784893644958,1122.960523076418,1127.842960133272,28075200
2024-06-03,1157.137451171875,1201.0793796973892,1157.137451171875,1171.7847606803796,15690100
2024-06-04,1142.490234375,1171.7848557692307,1122.9604867788462,1157.1375450721155,11593700
2024-06-05,1142.490234375,1162.0199819711538,1127.8429236778845,1152.255108173077,17605200
2024-06-06,1127.8428955078125,1152.255079393263,1098.5482748452719,1152.255079393263,17930300
2024-06-07,1132.7254638671875,1171.7849626212285,1113.195714490167,1137.6079012114426,27946400
2024-06-10,1127.8428955078125,1137.6077690619927,1098.5482748452719,1132.7253322849026,10050800
2024-06-11,1122.96044921875,1152.255069633152,1103.4307022758153,1127.8428859544838,12321200
2024-06-12,1113.1956787109375,1147.3727390222382,1093.6659299616229,1127.8429902729235,12302700
2024-06-13,1103.4307861328125,1137.607845880289,1103.4307861328125,1113.1956603463773,8119000
2024-06-14,1030.1942138671875,1103.4307693553762,1030.1942138671875,1103.4307693553762,20547100
2024-06-19,1025.311767578125,1039.9590785435269,1005.782019624256,1030.1942045665924,7265500
2024-06-20,1025.311767578125,1044.841515531994,976.4873976934524,1025.311767578125,9111900
2024-06-21,1044.8414306640625,1074.1360502153914,1025.3116842965098,1025.3116842965098,2919700
2024-06-24,1069.253662109375,1083.9009725492294,1025.3117307898117,1054.6063516695206,6408800
2024-06-25,1059.4888916015625,1079.0186407555084,1025.3118305821572,1025.3118305821572,4177500
2024-06-26,1059.4888916015625,1074.136203467022,1054.606454313076,1059.4888916015625,812900
2024-06-27,1044.8414306640625,1064.371177031615,1035.0765574802863,1059.4887404397268,3103500
2024-06-28,1049.7239990234375,1059.488873432958,1035.0766874091569,1044.8415618186773,2659800
2024-07-01,1088.783447265625,1103.4307582153867,1049.7239513995937,1049.7239513995937,9721900
2024-07-02,1110.4998779296875,1115.4354329427083,1075.9509928385417,1110.4998779296875,5942500
2024-07-03,1085.8221435546875,1110.4999195445666,1080.8865883567116,1110.4999195445666,3032300
2024-07-04,1085.8221435546875,1110.4999195445666,1071.0154779607599,1085.8221435546875,6969800
2024-07-05,1075.950927734375,1100.6287013062645,1071.0153730199972,1090.7575918775087,4353500
2024-07-08,1075.950927734375,1090.7575918775087,1056.2087088768635,1075.950927734375,4010100
2024-07-09,1066.079833984375,1085.8220531322338,1066.079833984375,1066.079833984375,1658600
2024-07-10,1056.2088623046875,1071.0155285986784,1056.2088623046875,1066.079973167348,2189500
2024-07-11,1095.6932373046875,1095.6932373046875,1056.2087963207348,1071.015461689717,6707600
2024-07-12,1080.8865966796875,1105.5643728595892,1066.0799309717465,1095.6932623876285,18588800
2024-07-15,1085.8221435546875,1105.564364346591,1066.079922762784,1080.8865883567116,9938000
2024-07-16,1056.2088623046875,1100.6288611866603,1056.2088623046875,1085.8221948926694,6755800
2024-07-17,1056.2088623046875,1075.9510840300088,1036.4666405793662,1056.2088623046875,5236600
2024-07-18,1061.144287109375,1061.144287109375,1056.2087322856105,1056.2087322856105,2512900
2024-07-19,1061.144287109375,1071.015396756904,1046.3376226380813,1061.144287109375,3074000
2024-07-22,1066.079833984375,1071.0153887713398,1051.273169623481,1071.0153887713398,4053500
2024-07-23,1071.0155029296875,1071.0155029296875,1056.2088369905675,1071.0155029296875,3862300
2024-07-24,1066.079833984375,1085.8220531322338,1056.2087244104457,1071.0153887713398,4954100
2024-07-25,1085.8221435546875,1085.8221435546875,1051.2732571688566,1066.079922762784,5495600
2024-07-26,1085.8221435546875,1085.8221435546875,1075.9510331587358,1085.8221435546875,3072300
2024-07-29,1071.0155029296875,1085.8221688688077,1061.1443923036074,1085.8221688688077,3524700
2024-07-30,1085.8221435546875,1090.7576987526634,1075.9510331587358,1075.9510331587358,6690400
2024-07-31,1085.8221435546875,1095.6932539506392,1085.8221435546875,1085.8221435546875,5168100
2024-08-01,1085.8221435546875,1154.9199163263495,1075.9510331587358,1095.6932539506392,20907500
2024-08-02,1085.8221435546875,1095.6932539506392,1071.0154779607599,1095.6932539506392,3871900
2024-08-05,957.4976806640625,1075.951001983328,947.6265705541238,1075.951001983328,31873900
2024-08-06,1006.8532104492188,1051.2732050278607,962.4332158705768,962.4332158705768,19302800
2024-08-07,1041.402099609375,1046.337654583827,1011.7887697626629,1016.724324737115,4624200
2024-08-08,1046.337646484375,1061.144311293116,1031.530981675634,1046.337646484375,4321100
2024-08-09,1071.0155029296875,1085.8221688688077,1046.3377263644875,1046.3377263644875,4249700
2024-08-12,1080.8865966796875,1085.8221519156677,1071.015486207727,1071.015486207727,9707400
2024-08-13,1080.8865966796875,1085.8221519156677,1071.015486207727,1085.8221519156677,5932900
2024-08-14,1080.8865966796875,1085.8221519156677,1071.015486207727,1080.8865966796875,6281600
2024-08-15,1080.8865966796875,1085.8221519156677,1071.015486207727,1080.8865966796875,7146500
2024-08-16,1075.950927734375,1085.8220371631307,1071.0153730199972,1080.886482448753,4609800
2024-08-19,1080.8865966796875,1080.8865966796875,1061.1443757357663,1075.9510414437073,4297900
2024-08-20,1085.8221435546875,1085.8221435546875,1071.0154779607599,1080.8865883567116,5031200
2024-08-21,1051.273193359375,1085.8220776481808,1046.3376384609742,1085.8220776481808,5617600
2024-08-22,1026.595458984375,1061.1443446232722,1016.724348801833,1046.3376793494592,9147400
2024-08-23,1036.466552734375,1036.466552734375,1011.7887776692708,1026.5954427083334,9963400
2024-08-26,1021.659912109375,1036.4665775022645,1016.7243569784118,1026.5954672403382,7604200
2024-08-27,1051.273193359375,1061.1443031561766,1021.6598639689702,1021.6598639689702,8138800
2024-08-28,1031.531005859375,1051.2732260672099,1021.6598957554576,1051.2732260672099,7621300
2024-08-29,1090.7576904296875,1100.628800750318,1011.7888078646422,1036.4665836662189,36704900
2024-08-30,1184.533203125,1268.437638346354,1090.757657877604,1095.6932128906249,95827300
2024-09-02,1228.9532470703125,1233.8888022794301,1174.6621397700176,1199.3399158156062,35994000
2024-09-03,1219.0821533203125,1233.888819150114,1184.5332663841093,1228.9532638735134,17966100
2024-09-04,1209.2109375,1238.8242665816326,1189.468718112245,1214.1464923469389,21477100
2024-09-05,1357.277587890625,1362.213142755682,1214.1464968039772,1214.1464968039772,42866400
2024-09-06,1322.728759765625,1372.0843105031483,1312.8576496181204,1362.2132003556435,19868700
2024-09-09,1381.955322265625,1381.955322265625,1298.050891985212,1322.7286655970981,31669900
2024-09-10,1416.5042724609375,1436.246492286177,1367.1487228978385,1381.9553877667684,39156700
2024-09-11,1401.6976318359375,1441.1820721693443,1396.7620767942617,1416.5042969609651,12182700
2024-09-12,1401.6976318359375,1416.5042969609651,1386.89096671091,1401.6976318359375,9867500
2024-09-13,1431.3109130859375,1460.9242423221983,1396.7620289769666,1411.568693595097,16264300
2024-09-17,1362.2132568359375,1436.2465860118036,1312.8577040520267,1436.2465860118036,25619500
2024-09-18,1307.9219970703125,1377.0197629532724,1307.9219970703125,1362.2130988354952,15931800
2024-09-19,1362.2132568359375,1372.0843673927195,1293.1154829384623,1312.8577040520267,24758100
2024-09-20,1347.4066162109375,1401.697725289034,1322.7288393572574,1362.2132823231457,30535300
2024-09-23,1302.986572265625,1337.5354586514559,1243.7599098899148,1337.5354586514559,39355100
2024-09-24,1258.5665283203125,1327.6642985026042,1258.5665283203125,1327.6642985026042,19552500
2024-09-25,1288.179931640625,1288.179931640625,1253.6310445851293,1263.5021551724137,13482300
2024-09-26,1307.9219970703125,1327.6642158940153,1273.3731141288326,1288.1797782466097,24853000
2024-09-27,1307.9219970703125,1312.8575517762383,1263.5020047169812,1307.9219970703125,25169600
2024-09-30,1238.8243408203125,1312.8576679609687,1238.8243408203125,1312.8576679609687,25112800
2024-10-01,1248.6954345703125,1278.3087650344305,1243.7598794929595,1263.5020998023715,10734000
2024-10-02,1189.4688720703125,1253.6310933853085,1169.7266501272368,1253.6310933853085,25086400
2024-10-03,1184.533203125,1228.9531982421875,1179.5976481119792,1204.2754231770832,16859200
2024-10-04,1154.919921875,1194.4043636485044,1145.048811431624,1184.5332532051282,17047000
2024-10-07,1149.9842529296875,1169.7264718641027,1135.1775887288761,1164.7909171304989,18146800
2024-10-08,1135.1776123046875,1149.9842768130095,1115.4353929602582,1149.9842768130095,18196100
2024-10-09,1169.7265625,1169.7265625,1105.5643459915611,1135.1776766877638,23295100
2024-10-10,1140.11328125,1179.5977238906926,1140.11328125,1174.662168560606,19198900
2024-10-11,1169.7265625,1209.21100342827,1145.0487869198312,1145.0487869198312,17562500
2024-10-14,1169.7265625,1184.5332278481012,1149.984342035865,1174.6621176160338,12947000
2024-10-15,1184.533203125,1204.2754231770832,1154.919873046875,1179.5976481119792,18576700
2024-10-16,1228.9532470703125,1238.824357488548,1174.6621397700176,1194.4043606064884,46015700
2024-10-17,1214.1466064453125,1238.824382999079,1194.4043852022994,1233.8888276883258,32393200
2024-10-18,1253.6309814453125,1253.6309814453125,1214.1465410848302,1219.0820961298905,27581700
2024-10-21,1253.6309814453125,1263.502091535433,1219.0820961298905,1263.502091535433,27371900
2024-10-22,1243.7598876953125,1253.6309979151167,1224.0176672557045,1233.8887774755085,16981000
2024-10-23,1243.7598876953125,1263.5021081349207,1228.9532223656065,1243.7598876953125,20830700
2024-10-24,1214.1466064453125,1253.631048931339,1194.4043852022994,1243.7599383098323,29604300
2024-10-25,1194.404296875,1214.1465166580579,1174.6620770919421,1214.1465166580579,20812400
2024-10-28,1194.404296875,1194.404296875,1164.7909672004132,1194.404296875,14194700
2024-10-29,1209.2109375,1209.2109375,1179.5976084183674,1194.4042729591836,14383500
2024-10-30,1214.1466064453125,1219.0821617560657,1189.468829891546,1219.0821617560657,16115900
2024-10-31,1209.2109375,1238.8242665816326,1194.4042729591836,1219.0820471938775,19899500
2024-11-01,1174.662109375,1214.1465500262605,1164.790999212185,1209.210994944853,21162900
2024-11-04,1115.435546875,1179.5977685978983,1095.6933248064158,1174.662213080752,32583800
2024-11-05,1100.6287841796875,1130.2421146957329,1100.6287841796875,1125.3065596097254,23759100
2024-11-06,1115.435546875,1154.919991012168,1090.7577692892698,1135.177768943584,24307000
2024-11-07,1090.7576904296875,1120.3710213915795,1090.7576904296875,1120.3710213915795,27446300
2024-11-08,1149.9842529296875,1159.855362396895,1095.6931508600455,1100.6287055936493,26460600
2024-11-11,1120.3709716796875,1164.7909661515694,1120.3709716796875,1159.8554112102493,20181500
2024-11-12,1110.4998779296875,1130.2420979817707,1110.4998779296875,1125.30654296875,16190400
2024-11-13,1085.8221435546875,1125.3065851384943,1085.8221435546875,1110.4999195445666,34872300
2024-11-14,1080.8865966796875,1110.4999280955694,1075.9510414437073,1090.7577071516482,21450800
2024-11-15,1061.144287109375,1085.8220612281975,1051.273177461846,1085.8220612281975,24538200
2024-11-18,1011.7887573242188,1056.2087515482087,1001.9176474966654,1056.2087515482087,28961200
2024-11-19,987.1110229492188,1016.7243536376952,987.1110229492188,1011.7887985229492,37750200
2024-11-20,987.1110229492188,1006.8532434082031,967.3688024902343,992.0465780639648,21533400
2024-11-21,972.3043823242188,992.0466032851166,967.3688270839943,987.1110480448922,24108100
2024-11-22,932.8198852539062,977.2398797898065,918.0132204086062,972.3043248413733,46673800
2024-11-25,972.3043823242188,977.2399375644433,913.0777194415252,937.7554956426475,27115300
2024-11-26,967.3688354492188,977.239946015027,947.626614317602,977.239946015027,17782900
2024-11-28,952.5621337890625,977.2399092758258,937.7554684970045,972.3043541784731,14235100
2024-11-29,942.6910400390625,957.4977055894143,927.8843744887107,942.6910400390625,24423300
2024-12-02,947.6265869140625,977.239917755127,937.7554766337076,947.6265869140625,17229800
2024-12-03,962.4332275390625,977.2398925781249,947.6265625,947.6265625,15104200
2024-12-04,962.4332275390625,972.3043375651041,942.6910074869792,967.3687825520833,19072100
2024-12-05,972.3043823242188,977.2399375644433,942.691050882872,967.3688270839943,21905300
2024-12-06,962.4332275390625,977.2398925781249,937.7554524739583,972.3043375651041,21765200
2024-12-09,1026.595458984375,1031.531014075646,967.3687978891227,967.3687978891227,38254000
2024-12-10,1036.466552734375,1046.3376627604166,992.0465576171874,1036.466552734375,39400200
2024-12-11,1061.144287109375,1125.306499818314,1036.4665129905522,1036.4665129905522,78542000
2024-12-12,1036.466552734375,1085.8221028645833,1036.466552734375,1075.9509928385417,36356400
2024-12-13,992.0465698242188,1046.3376756354944,992.0465698242188,1036.4665654879898,41614000
2024-12-16,967.3688354492188,1011.7888329953563,967.3688354492188,987.1110565808355,27013400
2024-12-17,987.1110229492188,1006.8532434082031,972.3043576049804,972.3043576049804,24673800
2024-12-18,1051.273193359375,1066.0798580545775,977.2398698833628,987.1109796801644,37945800
2024-12-19,1041.402099609375,1066.0798744816352,996.9821048393069,1046.337654583827,38327500
2024-12-20,1085.8221435546875,1095.6932539506392,1016.7243707830255,1041.4021467729049,36690400
2024-12-23,1135.1776123046875,1154.9198316491168,1080.8865091075068,1090.7576187797215,25035400
2024-12-24,1233.8887939453125,1268.4376801757812,1135.1776904296876,1135.1776904296876,39250800
2024-12-27,1258.5665283203125,1283.2443033854165,1135.1776529947915,1253.6309733072917,49375900
2024-12-30,1327.664306640625,1347.40652681372,1219.0820956886037,1258.5665360347932,65119400
2025-01-02,1105.5643310546875,1337.535418374198,1090.7576659066337,1327.6643082754952,86087500
2025-01-03,1090.7576904296875,1135.1776868725256,1090.7576904296875,1110.4999110709489,30897800
2025-01-06,1046.337646484375,1115.4354155918338,1031.530981675634,1095.6931958468456,35586000
2025-01-07,1105.5643310546875,1135.1776613507952,1031.5310053144183,1056.2087805611748,42078900
2025-01-08,1090.7576904296875,1115.4354662312642,1066.0799146281108,1105.5643559106334,23454200
2025-01-09,1071.0155029296875,1105.5643901209678,1066.0799476166476,1095.6932794948877,18092900
2025-01-10,1115.435546875,1115.435546875,1061.1444361863937,1071.015547220686,23958800
2025-01-13,1105.5643310546875,1140.1132164001465,1095.693220955985,1125.3065512520927,22638200
2025-01-14,1075.950927734375,1125.3064748781537,1075.950927734375,1105.5642560206422,15524700
2025-01-15,1090.7576904296875,1100.628800750318,1066.0799146281108,1075.9510249487414,15399600
2025-01-16,1080.8865966796875,1095.6932623876285,1066.0799309717465,1090.7577071516482,16485200
2025-01-17,1051.273193359375,1085.8220776481808,1041.4020835625734,1071.0154129529783,22939800
2025-01-20,1021.659912109375,1066.0799082880435,1011.7888018474487,1051.273242895154,26017100
2025-01-21,1006.8532104492188,1021.6598753087661,977.2398807301241,1016.7243203555837,33777900
2025-01-22,1006.8532104492188,1026.5954302619486,987.110990636489,1001.9176554960363,22046500
2025-01-23,1011.7887573242188,1071.015416289539,1006.8532024104421,1016.7243122379955,36954900
2025-01-24,1031.531005859375,1046.3376710152513,1006.8532305995814,1016.7243407034988,23335800
2025-01-30,992.0465698242188,1041.402120561742,987.1110147504663,1031.5310104142372,23062900
2025-01-31,987.1110229492188,996.9821331787109,947.62658203125,992.0465780639648,27272400
2025-02-03,972.3043823242188,987.1110480448922,942.691050882872,987.1110480448922,28472900
2025-02-04,952.5621337890625,987.111019470531,952.5621337890625,972.3043541784731,23663600
2025-02-05,962.4332275390625,962.4332275390625,947.6265625,962.4332275390625,15915500
2025-02-06,947.6265869140625,977.239917755127,947.6265869140625,972.3043626149496,17260000
2025-02-07,932.8198852539062,957.4976599960731,932.8198852539062,957.4976599960731,19518500
2025-02-10,883.46435546875,932.8199060535964,848.9154700593575,932.8199060535964,50977100
2025-02-11,848.9154663085938,898.2710166753725,824.2376911252044,883.4643515653388,40099500
2025-02-12,868.65771484375,888.3999356356534,829.1732732599431,848.9154940518466,23199500
2025-02-13,873.5932006835938,888.3998651019597,853.8509814591057,868.6576458774717,17173200
2025-02-14,848.9154663085938,898.2710166753725,848.9154663085938,873.5932414919831,18469600
2025-02-17,893.3355102539062,898.2710655591763,853.8510678117447,853.8510678117447,20655600
2025-02-18,898.27099609375,913.0776608645261,888.399886246566,893.335441170158,17064500
2025-02-19,893.3355102539062,908.1421761697168,863.722178422285,898.2710655591763,18205300
2025-02-20,848.9154663085938,893.3354616386946,843.9799112719159,893.3354616386946,27276300
2025-02-21,848.9154663085938,868.6576864553052,843.9799112719159,848.9154663085938,17879800
2025-02-24,839.0443725585938,853.8510379566866,839.0443725585938,848.915482823989,18333700
2025-02-25,863.72216796875,873.5932784598215,839.0443917410714,843.9799469866072,22167300
2025-02-26,873.5932006835938,883.4643102958377,843.9798718468617,868.6576458774717,22794700
2025-02-27,858.7865600585938,898.2709996015177,858.7865600585938,873.5932248871902,20688400
2025-02-28,839.0443725585938,873.5932584874771,839.0443725585938,858.7865930893843,19454400
2025-03-03,858.7865600585938,868.6576699443248,843.9798952299974,843.9798952299974,18673200
2025-03-04,843.9799194335938,863.7221397712217,839.0443643491868,858.7865846868148,18108800
2025-03-05,858.7865600585938,863.7221150014593,843.9798952299974,843.9798952299974,10414600
2025-03-06,858.7865600585938,873.5932248871902,853.8510051157283,858.7865600585938,13585100
2025-03-07,868.65771484375,878.5288252397016,853.8510492498224,858.7866044477983,13588000
2025-03-10,878.52880859375,878.52880859375,848.9154779669944,868.6576983848315,8623600
2025-03-11,957.4976806640625,957.4976806640625,863.7221346196441,863.7221346196441,54465400
2025-03-12,947.6265869140625,972.3043626149496,932.8199214935303,967.3688074747721,18504100
2025-03-13,913.0776977539062,952.562138737859,913.0776977539062,952.562138737859,14380400
2025-03-14,898.27099609375,947.6265453296704,893.335441170158,918.0132157881181,14383900
2025-03-17,903.20654296875,918.013207607582,893.3354332095287,908.1420978483607,7643400
2025-03-18,824.2376708984375,913.0776593785085,814.3665610673185,913.0776593785085,36109500
2025-03-19,878.52880859375,898.2710290115871,819.3021473402388,829.1732575491574,15593100
2025-03-20,863.72216796875,893.3354994419643,863.72216796875,878.5288337053571,10042100
2025-03-21,843.9799194335938,878.5288050244427,839.0443643491868,878.5288050244427,14180500
2025-03-24,848.9154663085938,1016.7243375556413,839.044356235238,913.0776817854061,65590800
2025-03-25,834.1088256835938,868.6577119545119,829.173270502034,858.7866015913924,22338200
2025-03-26,848.9154663085938,873.5932414919831,824.2376911252044,834.1088011985602,13509900
2025-03-27,819.3021240234375,858.7865637354104,814.3665690594408,853.8510087714137,19959200
2025-04-08,700.8488159179688,730.4621461680238,700.8488159179688,715.6554810429963,17337100
2025-04-09,710.719970703125,735.3977474636501,690.9777492947048,700.8488599989149,10645700
2025-04-10,750.204345703125,814.3665594803659,740.3332358912418,745.2687907971834,24218000
2025-04-11,769.9465942382812,779.8177044208234,740.333263690655,750.2043738731971,7471500
2025-04-14,789.6888427734375,814.3666191101074,769.9466217041015,769.9466217041015,13343200
2025-04-15,789.6888427734375,814.3666191101074,784.7532875061034,789.6888427734375,13747900
2025-04-16,774.8821411132812,794.6243612690337,769.9465860743431,794.6243612690337,7633500
2025-04-17,784.7532958984375,784.7532958984375,765.0110746179737,774.8821852582056,9018500
2025-04-21,789.6888427734375,824.2377296447754,774.8821769714356,789.6888427734375,15818600
2025-04-22,804.4954833984375,809.4310385113113,784.7532629469421,804.4954833984375,9327900
2025-04-23,799.5599365234375,809.4310468508874,784.7532710322628,799.5599365234375,9847100
2025-04-24,799.5599365234375,809.4310468508874,779.8177158685378,799.5599365234375,9969200
2025-04-25,834.1088256835938,848.9154912282729,789.6888290495563,799.5599394126757,15673200
2025-04-28,829.1732177734375,853.8509921119327,824.2376629057385,843.9798823765346,16490900
2025-04-29,829.1732177734375,839.0443275088356,814.3665531703405,839.0443275088356,14075500
2025-04-30,834.1088256835938,853.8510464098326,819.3021601389146,829.173270502034,12115300
2025-05-02,829.1732177734375,839.0443275088356,765.0110044933501,829.1732177734375,35800900
2025-05-05,824.2376708984375,834.1087807295564,794.6243414050804,824.2376708984375,20082900
2025-05-06,824.2376708984375,829.173225813997,809.431006151759,824.2376708984375,27923300
2025-05-07,809.4310302734375,834.1088055866521,809.4310302734375,829.1732505240092,20101700
2025-05-08,809.4310302734375,819.3021403987234,789.6888100228659,819.3021403987234,26567300
2025-05-09,809.4310302734375,829.1732505240092,794.6243650855088,819.3021403987234,80636800
2025-05-14,814.3665771484375,848.9154622395833,814.3665771484375,839.0443522135416,15182700
2025-05-15,848.9154663085938,848.9154663085938,819.3021360885265,824.2376911252044,12072700
2025-05-16,829.1732177734375,853.8509921119327,824.2376629057385,848.9154372442337,9303800
2025-05-19,878.52880859375,878.52880859375,829.1732575491574,829.1732575491574,19160500
2025-05-20,873.5932006835938,888.3998651019597,863.7220910713497,878.5287554897158,10401400
2025-05-21,918.0132446289062,922.9487997075563,868.6576938424059,868.6576938424059,17505300
2025-05-22,947.6265869140625,947.6265869140625,908.1421457926432,918.013256072998,15442500
2025-05-23,992.0465698242188,1006.8532350454757,972.3043495292094,1006.8532350454757,6948300
2025-05-26,1026.595458984375,1041.4021242581882,977.2399080716647,996.9821284367489,29758600
2025-05-27,1011.7887573242188,1036.4665318931022,992.046537669112,1026.5954220655487,13305300
2025-05-28,1001.9176635742188,1021.6598835461245,987.1109985952894,1021.6598835461245,14447100
2025-06-02,992.0465698242188,1006.8532350454757,992.0465698242188,1001.9176799717234,8202100
2025-06-03,987.1110229492188,996.9821331787109,967.3688024902343,992.0465780639648,19561100
2025-06-04,996.9821166992188,1006.8532267655477,987.1110066328898,992.0465616660543,12441800
2025-06-05,1021.659912109375,1031.5310223713013,987.1110261926328,996.9821364545592,17718000
2025-06-10,1105.5643310546875,1115.43544115339,1021.6598952157157,1021.6598952157157,26886000
2025-06-11,1125.3065185546875,1125.3065185546875,1090.7576342130963,1105.564298930921,14482200
2025-06-12,1110.4998779296875,1135.1776529947915,1100.628767903646,1125.30654296875,12065800
2025-06-13,1110.4998779296875,1125.30654296875,1090.757657877604,1105.5643229166667,12370000
2025-06-16,1184.533203125,1184.533203125,1105.5643229166667,1130.2420979817707,23608200
2025-06-17,1283.2442626953125,1283.2442626953125,1164.7909461388222,1209.210939847506,45746200
2025-06-18,1455.9886474609375,1559.6352969412076,1283.2442316604872,1283.2442316604872,156189900
2025-06-19,1475.73095703125,1500.4087322324415,1436.2465167093435,1480.6665120714883,61874800
2025-06-20,1431.3109130859375,1480.666461813039,1401.6975838496767,1475.7309069403286,31091600
2025-06-23,1549.7642822265625,1594.1842775770053,1406.6331860973576,1431.3109612920482,85912600
2025-06-24,1509.89892578125,1664.3770336994637,1499.9325962381395,1594.6127268976898,71421100
2025-06-25,1544.7811279296875,1564.7137876449092,1499.9326435704386,1519.8653032856603,45739000
2025-06-26,1544.7811279296875,1574.6801175025203,1534.8147980720767,1559.7306227161039,14576600
2025-06-30,1584.646484375,1624.5118047366352,1554.7474941037735,1554.7474941037735,20293200
2025-07-01,1674.3433837890625,1709.2255376180015,1604.579076131185,1614.545405796596,83443500
2025-07-02,1729.158203125,1828.8215001350866,1599.5959170118877,1674.3433897694526,67160700
2025-07-03,1774.0067138671875,1833.8046929863062,1739.124559381035,1754.0740541608145,32979300
2025-07-04,1699.25927734375,1774.00675288673,1694.2761123075513,1774.00675288673,19345900
2025-07-07,1669.3602294921875,1739.1245375903684,1669.3602294921875,1719.1918781337454,20966200
2025-07-08,1694.276123046875,1729.1582785213695,1659.3939675723805,1694.276123046875,22376900
2025-07-09,1699.25927734375,1739.1245976333394,1694.2761123075513,1704.2424423799487,13723200
2025-07-10,1674.3433837890625,1724.175032116118,1674.3433837890625,1719.1918672834124,39287300
2025-07-11,1858.7205810546875,1993.266038664544,1674.343472478217,1684.30980267154,123656900
2025-07-14,2322.15478515625,2322.15478515625,1903.5689440551234,1938.4510974802174,155065300
2025-07-15,2730.7744140625,2780.6060639541515,2371.986534842609,2371.986534842609,189486000
2025-07-16,2511.51513671875,2880.2693433004715,2451.7171572730654,2840.404023670015,147812100
2025-07-17,2631.111083984375,2670.9764034386835,2521.481455485026,2591.2457645300665,100990200
2025-07-18,2840.404052734375,2969.966342859101,2710.8417626096493,2969.966342859101,209596900
2025-07-21,2880.269287109375,3149.360189365268,2870.3029573961935,2870.3029573961935,155046800
2025-07-22,2601.212158203125,2900.2020614448634,2581.279497987009,2850.370410904574,119578900
2025-07-23,2551.38037109375,2720.8079738616943,2521.481382369995,2601.212018966675,52367700
2025-07-24,2591.245849609375,2661.010160945012,2551.3805288461535,2571.3131892277643,42825600
2025-07-25,2581.279541015625,2641.077522660775,2551.38055019305,2601.2122015640084,27756900
2025-07-28,2670.976318359375,2790.5722729127797,2611.1783410826724,2611.1783410826724,86824300
2025-07-29,2730.7744140625,2770.639733975821,2651.0437742358577,2700.875424127509,68947000
2025-07-30,2690.9091796875,2780.60615234375,2690.9091796875,2760.6734917534723,46901700
2025-07-31,2591.245849609375,2730.7744722806488,2591.245849609375,2730.7744722806488,43010300
2025-08-01,2551.38037109375,2670.9763259887695,2551.38037109375,2591.24568939209,37191400
2025-08-04,2411.851806640625,2571.3130831127323,2342.087498184078,2551.380423553719,83341500
2025-08-05,2631.111083984375,2641.0774138479524,2391.9191672585225,2391.9191672585225,93271900
2025-08-06,2591.245849609375,2670.976491135817,2591.245849609375,2661.010160945012,48519800
2025-08-07,2511.51513671875,2631.1110956101193,2461.6834871806795,2601.2121058872767,39880200
2025-08-08,2491.58251953125,2551.3804999999998,2411.85187890625,2531.44783984375,50214900
2025-08-11,2491.58251953125,2571.31316015625,2491.58251953125,2491.58251953125,24491700
2025-08-12,2441.750732421875,2521.4813685825893,2441.750732421875,2511.5150390625,33831000
2025-08-13,2411.851806640625,2461.683455538159,2371.986487522598,2451.717125758652,33955800
2025-08-14,2381.952880859375,2461.683521222869,2381.952880859375,2401.8855409502485,18439800
2025-08-15,2411.851806640625,2431.7844661996387,2332.1211684045716,2391.9191470816118,30274400
2025-08-19,2371.986572265625,2471.6498736213234,2362.020242130055,2431.784553079044,24797900
2025-08-20,2481.6162109375,2501.5488712663155,2352.053918800201,2362.0202489646085,41487900
2025-08-21,2362.020263671875,2511.5152170688293,2352.0539334454115,2491.582556615902,56231900
2025-08-22,2332.12109375,2391.919070512821,2322.15476428953,2381.9527410523506,22436600
2025-08-25,2342.087646484375,2411.851959358378,2332.1213160738034,2352.053976894947,29674100
2025-08-26,2332.12109375,2441.750717815171,2322.15476428953,2371.9864115918804,43158500
2025-08-27,2441.750732421875,2541.4140276227677,2312.188448660714,2332.121107700893,105454600
2025-08-28,2411.851806640625,2481.616115097172,2381.952817302105,2421.818136420132,41616600
2025-08-29,2332.12109375,2431.784388354701,2292.2557759081196,2381.9527410523506,49184800
2025-09-01,2242.42431640625,2302.2222981770833,2162.693674045139,2252.390646701389,28156000
2025-09-02,2302.22216796875,2322.154827431683,2262.3568490428843,2262.3568490428843,19661200
2025-09-03,2222.491455078125,2322.1547490278167,2222.491455078125,2322.1547490278167,20267900
2025-09-04,2122.828369140625,2222.4916728561475,2092.929378025968,2222.4916728561475,38685900
2025-09-08,1993.2659912109375,2152.7272705078126,1983.2996612548827,2142.760940551758,62292200
2025-09-09,2132.794677734375,2232.457980432243,1893.602751259492,1983.299723687573,112077900
2025-09-10,2033.13134765625,2192.5926298253676,2033.13134765625,2162.693639418658,55422300
2025-09-11,1973.3333740234375,2053.064015398122,1968.35020893752,2043.0976852262863,36054500
2025-09-12,1953.400634765625,2003.2322836116869,1943.4343049964125,1993.2659538424743,26385100
2025-09-15,1963.366943359375,1983.2996026828205,1923.5016247124843,1953.4006136976523,52403200
2025-09-16,1898.5858154296875,1983.2996182178888,1858.7204964705338,1983.2996182178888,64397000
2025-09-17,1838.787841796875,1898.5858203918954,1813.8720173822833,1898.5858203918954,56756900
2025-09-18,1813.8720703125,1843.7710604824863,1788.9562451708448,1843.7710604824863,54754800
2025-09-19,1793.9393310546875,1833.8046495225694,1764.0403422037762,1813.8719902886285,32481000
2025-09-22,1724.175048828125,1813.8720166862356,1714.2087190661127,1803.9056869242233,47908500
2025-09-23,1858.7205810546875,1933.468057504608,1729.158288541492,1744.1077838314761,165117100
2025-09-24,1734.141357421875,1878.6531372070312,1719.1918629613415,1858.72047792632,85812800
2025-09-25,1714.208740234375,1764.040389659793,1689.2929155216661,1734.1414000045422,34773100
2025-09-26,1714.208740234375,1744.1077298896257,1704.2424103492915,1714.208740234375,20209500
2025-09-29,1739.1246337890625,1769.023624627843,1704.2424778104853,1719.1919732298757,33985200
2025-09-30,1798.922607421875,1888.6195795370932,1724.1751306591932,1739.1246260117296,99540400
2025-10-01,1749.0909423828125,1818.8552534750045,1739.124612226785,1808.888923318977,33970700
2025-10-02,1883.6363525390625,1933.468002077133,1739.1245688786582,1749.0908987862724,158363000
2025-10-03,1838.787841796875,1953.4006341039974,1808.888852499365,1913.5353150406504,104034300
2025-10-06,2003.2322998046875,2033.1312893540112,1833.8046923585198,1848.7541871331816,139800300
2025-10-07,2282.28955078125,2312.188540529476,1968.350158424877,2043.097632795442,231294000
2025-10-08,2072.99658203125,2292.25583589994,1993.2659442608174,2282.2895061786357,134787700
2025-10-09,1963.366943359375,2132.794547608661,1908.5521302199002,2082.9628993000474,86109000
2025-10-10,2082.962890625,2112.8618794856457,1968.3500999925238,1968.3500999925238,79800200
2025-10-13,2003.2322998046875,2072.9966087531093,1993.2659699549129,2003.2322998046875,36995800
2025-10-14,1883.6363525390625,2043.097631060888,1724.1750740172372,2033.1313011532739,67623500
2025-10-15,1853.7374267578125,1913.535408266129,1783.9731149981098,1888.6195826376638,37213300
2025-10-16,1813.8720703125,1893.6027107657967,1803.905740255838,1893.6027107657967,18923200
2025-10-17,1769.0235595703125,1873.6700236575703,1729.1582399180238,1813.8720441791372,36283000
2025-10-20,1808.888916015625,1833.8047413050965,1764.0404304945764,1769.0235955524706,25285600
2025-10-21,1813.8720703125,1853.7373905391485,1793.9394101991759,1808.888905284169,21347800
2025-10-22,1769.0235595703125,1818.8552091356732,1759.0572296572402,1813.8720441791372,19425900
2025-10-23,1749.0909423828125,1793.939428084936,1749.0909423828125,1769.0236026948673,18422500
2025-10-24,1749.0909423828125,1793.939428084936,1744.107777304799,1793.939428084936,14402200
2025-10-27,1639.4613037109375,1793.939420473974,1614.5454784265767,1759.057265075869,43555500
2025-10-28,1619.528564453125,1659.3938829627405,1589.6295755709134,1634.4780588942308,24740100
2025-10-29,1604.5791015625,1664.3770805027175,1559.730617357337,1619.5285962975543,31769800
2025-10-30,1594.61279296875,1619.5286178588867,1584.6464630126952,1604.5791229248046,18116000
2025-10-31,1554.7474365234375,1609.56224999061,1554.7474365234375,1594.6127554086538,26212000
2025-11-03,1579.663330078125,1609.56232055279,1564.7138348407925,1564.7138348407925,18562000
2025-11-04,1564.7137451171875,1614.5453930508559,1549.764250737087,1579.663239497288,22381600
2025-11-05,1549.7642822265625,1569.6969418050392,1519.8652928588474,1544.7811173319433,17167800
2025-11-06,1549.7642822265625,1589.6296013835158,1534.814787542705,1549.7642822265625,23337000
2025-11-07,1704.242431640625,1803.905731736568,1539.7979864823192,1554.7474814967106,125029100
2025-11-10,1699.25927734375,1778.9899179229287,1674.3434521627564,1709.2256074161473,88414700
2025-11-11,1649.4276123046875,1714.2087571988293,1634.4781173291162,1709.2255922069724,33692600
2025-11-12,1654.4107666015625,1729.1582409962114,1624.5117768437028,1654.4107666015625,62157200
2025-11-13,1624.51171875,1694.276025690184,1624.51171875,1654.4107074386504,45702000
2025-11-14,1604.5791015625,1654.4107506793478,1594.6127717391305,1624.5117612092392,22206500
2025-11-17,1739.1246337890625,1764.0404594880463,1604.5791750145506,1604.5791750145506,103998000
2025-11-18,1704.242431640625,1769.023576702988,1674.343441611842,1744.1077516790021,59605300
2025-11-19,1739.1246337890625,1759.0572943482496,1679.3266521115017,1709.225642950282,41242500
2025-11-20,1739.1246337890625,1774.0067897676397,1719.1919732298757,1754.0741292084529,39340000
2025-11-21,1699.25927734375,1783.9730829591274,1699.25927734375,1739.1245976333394,39143600
2025-11-24,1704.242431640625,1729.158256664611,1694.2761016310308,1704.242431640625,40392100
2025-11-25,1774.0067138671875,1888.6195071788316,1724.1750646012551,1724.1750646012551,236484600
2025-11-26,1759.0572509765625,1793.9394060950779,1729.1582608749777,1783.9730760612163,56423400
2025-11-27,1798.922607421875,1858.7205888320204,1749.0909562467536,1783.9731120693386,84372100
2025-11-28,1868.6868896484375,1968.3501904296875,1764.0404238281249,1813.87207421875,166159000
2025-12-01,1838.787841796875,1913.5353150406504,1833.8046769139567,1903.5689852748137,50079400
2025-12-02,1838.787841796875,1878.653160860222,1823.83834714812,1858.7205013285484,32175100
2025-12-03,1818.855224609375,1868.6868745986728,1808.8888946115153,1838.7878846050942,31979800
2025-12-04,1908.5521240234375,1918.5184536528027,1818.8551573591508,1833.8046518031986,76274100
2025-12-05,1893.6026611328125,1943.4343101099919,1888.6194962350946,1913.5353207236842,58754600
2025-12-08,1873.6700439453125,1908.5521990187626,1853.7373839033412,1903.5690340082697,25608100
2025-12-09,1863.7037353515625,1888.619560690487,1813.8720846737133,1883.6363956227021,47584500
2025-12-10,1843.77099609375,1893.6026446368244,1843.77099609375,1868.686820365287,26079300
2025-12-11,1774.0067138671875,1868.6868474724588,1739.124559381035,1853.737352692679,45687500
2025-12-12,1739.1246337890625,1788.95628518703,1729.158303509469,1774.0067897676397,31310300
2025-12-15,1749.0909423828125,1788.9562630069222,1744.107777304799,1774.0067677728812,20227400
2025-12-16,1714.208740234375,1798.9225442575855,1699.2592454067496,1769.0235546023348,28773700
2025-12-17,1694.276123046875,1729.1582785213695,1694.276123046875,1714.2087833180146,19771300
2025-12-18,1679.3265380859375,1729.158186100357,1679.3265380859375,1729.158186100357,15871600
2025-12-19,1664.3770751953125,1704.2423943616673,1649.4275805079294,1694.2760645700785,21644600
2025-12-22,1659.3939208984375,1689.292910464175,1649.4275910431918,1669.3602507536834,11394600
2025-12-23,1644.4444580078125,1679.3266131776752,1639.4612929835464,1664.377118104877,9982500
2025-12-24,1619.528564453125,1659.3938829627405,1619.528564453125,1644.4443885216347,10261900
2025-12-29,1694.276123046875,1694.276123046875,1624.5118120978861,1624.5118120978861,14684100
2025-12-30,1674.3433837890625,1704.2423727852959,1669.3602189563571,1694.2760431198847,8958400
2026-01-02,1659.3939208984375,1694.276075391798,1649.4275910431918,1689.292910464175,9958500
2026-01-05,1654.4107666015625,1664.377096520849,1629.4949418033461,1659.3939315612056,16092000
2026-01-06,1823.83837890625,1913.5353483606557,1644.4444399974386,1674.3434298155737,123437800
2026-01-07,1759.0572509765625,1808.8889011458702,1744.10775592577,1808.8889011458702,45647100
2026-01-08,1754.0740966796875,1843.7710675326261,1749.090931632302,1783.9730869640005,30277800
2026-01-09,1818.855224609375,1853.7373796018835,1759.0572446222175,1759.0572446222175,34297900
2026-01-12,1823.83837890625,1923.5016783000342,1744.1077393912228,1848.7542037546962,106274800
2026-01-13,1788.9561767578125,1843.770989973233,1764.040352568985,1823.838330622171,27275700
2026-01-14,1863.7037353515625,1888.619560690487,1783.9730942670037,1793.9394244025736,37812800
2026-01-15,1833.8046875,1913.5353260869565,1823.8383576766305,1873.6700067934783,26530500
2026-01-19,1828.821533203125,1873.6700176685965,1823.838368262517,1863.7036877873807,18309300
2026-01-20,1788.9561767578125,1843.770989973233,1778.9898470822816,1823.838330622171,24713500
2026-01-21,1749.0909423828125,1793.939428084936,1744.107777304799,1774.0067677728812,16714800
2026-01-22,1684.309814453125,1788.9562822150056,1669.3603190585707,1774.0067868204512,33213800
2026-01-23,1614.54541015625,1689.292882848669,1584.6464210792824,1684.3097180025077,30817600
2026-01-26,1574.68017578125,1629.4949920267998,1569.6970106680183,1619.5286618003363,15899000
2026-01-27,1599.595947265625,1619.528607044636,1574.6801225418615,1574.6801225418615,7197700
2026-01-28,1494.949462890625,1594.6127604166668,1380.3366707356772,1594.6127604166668,48901500
2026-01-29,1594.61279296875,1644.4444427490234,1270.7070693969727,1484.9831634521483,74934900
2026-01-30,1564.7137451171875,1604.5790634641223,1509.8989323901524,1594.6127338773886,16933500
2026-02-02,1340.471435546875,1564.713869002672,1335.4882703589685,1564.713869002672,21839300
2026-02-03,1410.2357177734375,1430.1683780953235,1295.6229209225928,1340.4714066468364,16992100
2026-02-04,1395.2861328125,1440.1346156529016,1370.3703090122767,1395.2861328125,9488500
2026-02-05,1400.2694091796875,1425.185234965803,1390.3030788652413,1395.2862440224644,6089000
2026-02-06,1325.5218505859375,1395.2861585115131,1310.572356030457,1355.4208396968986,10192500
2026-02-09,1365.38720703125,1390.3030319770758,1300.606062172103,1335.4882170962592,5193000
2026-02-10,1415.2188720703125,1455.0841924103213,1355.4208915602992,1370.3703866878027,11684900
2026-02-11,1514.8822021484375,1544.7811929803147,1425.1852296528064,1425.1852296528064,22820500
2026-02-12,1475.016845703125,1534.814825934333,1475.016845703125,1519.8653308765308,6587400
2026-02-13,1475.016845703125,1529.8316609150654,1460.0673506453231,1494.9495057801944,7169800
2026-02-18,1504.915771484375,1519.8652659030938,1475.0167826469371,1479.9999474531767,6027200
2026-02-19,1445.1177978515625,1514.8821053340516,1445.1177978515625,1514.8821053340516,12043700
2026-02-20,1445.1177978515625,1475.0167867726293,1445.1177978515625,1450.1009626717403,5953900
2026-02-23,1450.1009521484375,1479.999940852529,1440.134622580407,1455.0841169324528,6544000
2026-02-24,1425.1851806640625,1460.0673354355606,1420.2020156967055,1460.0673354355606,6407100
2026-02-25,1415.2188720703125,1440.134697282818,1395.2862119003082,1425.1852021553148,6493500
2026-02-26,1380.336669921875,1435.1514835288808,1375.353505048511,1415.2188240354242,8083600
2026-02-27,1380.336669921875,1400.2693294153316,1350.43768068169,1380.336669921875,6861400
2026-03-02,1280.67333984375,1355.420811040856,1275.6901750972763,1325.5218225620135,16620000
2026-03-03,1250.7744140625,1300.6060640251494,1240.8080840699702,1270.70707404756,14259000
2026-03-04,1151.111083984375,1315.5555245535713,1146.1279191186418,1295.6228650906385,31762700
2026-03-05,1151.111083984375,1220.8753921046402,1146.1279191186418,1171.0437434473079,15332700
2026-03-06,1156.09423828125,1181.010062382139,1146.1279086408945,1156.09423828125,8281100
2026-03-09,1121.212158203125,1151.1111490885417,1071.3805067274307,1146.1279839409722,18960400
2026-03-10,1181.0101318359375,1210.9091225153284,1146.127976043315,1146.127976043315,12165800
2026-03-11,1161.077392578125,1215.8922051032725,1161.077392578125,1181.0100516781788,5047900
2026-03-12,1176.0269775390625,1176.0269775390625,1131.178491107488,1171.0438123799986,7478600
2026-03-13,1166.060546875,1185.9932057959402,1146.1278879540598,1171.043711605235,5867100
2026-03-16,1171.0438232421875,1205.925979679189,1121.2121711893285,1161.0774928316157,9594900
2026-03-17,1225.858642578125,1250.774468646786,1171.0438252270706,1171.0438252270706,10589200
2026-03-25,1330.5050048828125,1355.4208289442884,1205.925884575433,1215.8922142000233,13934500
2026-03-26,1350.437744140625,1415.2188905385149,1315.5555883879151,1340.471413925565,16209800
2026-03-27,1325.5218505859375,1395.2861585115131,1295.6228614749766,1350.4376748450718,15140200
2026-03-30,1330.5050048828125,1375.353488193469,1295.6228511967463,1305.5891808213366,7382700
2026-03-31,1340.471435546875,1390.303087425941,1330.5051051710618,1330.5051051710618,6430400
2026-04-01,1370.370361328125,1390.3030211292614,1345.4545365767044,1360.4040314275567,6529300
2026-04-02,1360.404052734375,1360.404052734375,1315.5555674793957,1345.454557649382,8573300
2026-04-06,1345.45458984375,1370.3704155815972,1320.5387641059028,1325.5219292534723,4436600
2026-04-07,1340.471435546875,1445.1179044929136,1335.4882703589685,1360.4040962985014,12601300
2026-04-08,1415.2188720703125,1425.1852021553148,1360.4040566028004,1375.3535517303037,10836100
2026-04-09,1405.2525634765625,1410.2357285952737,1380.3367378830064,1400.2693983578513,3989300
2026-04-10,1405.2525634765625,1445.1178844262522,1400.2693983578513,1405.2525634765625,7335600
2026-04-13,1390.302978515625,1465.0504504788305,1370.3703193254369,1375.353484122984,25252300
2026-04-14,1405.2525634765625,1445.1178844262522,1400.2693983578513,1415.218893713985,10992900
2026-04-15,1450.1009521484375,1484.9831056365442,1395.2861395242699,1425.1851282283612,16367400
2026-04-16,1460.0673828125,1475.0168781996588,1445.1178874253412,1455.0842176834472,9763900
2026-04-17,1475.016845703125,1489.966340760927,1445.1178555875213,1450.1010206067886,11159000
2026-04-20,1445.1177978515625,1509.8989405138739,1445.1177978515625,1489.9662812331628,10839800
2026-04-21,1619.528564453125,1644.4443885216347,1420.2019719050481,1440.1346311598556,64416700
2026-04-22,1798.922607421875,1808.888937656899,1609.5623329564144,1664.3771492490478,132082700
2026-04-23,1788.9561767578125,1863.703649324295,1774.006682244516,1843.770989973233,72780500
2026-04-24,1759.0572509765625,1803.9057361289395,1689.2929407395316,1793.9394060950779,48156600
2026-04-27,1744.1077880859375,1803.9057693917412,1724.1751276506695,1769.0236136300223,26871000
2026-04-28,1659.3939208984375,1744.1077246680275,1624.511766405077,1744.1077246680275,25738400
2026-04-29,1699.25927734375,1744.107762669538,1649.427626981763,1654.4107920179617,19549000
2026-04-30,1778.9898681640625,1778.9898681640625,1589.6296020849747,1674.3434053308824,31828800
2026-05-04,1719.19189453125,1833.8046875,1719.19189453125,1793.9393682065217,39803300
2026-05-05,1863.7037353515625,1863.7037353515625,1739.1246086569392,1744.1077737247242,42417700
2026-05-06,1798.922607421875,1863.7037539495325,1793.9394423043627,1863.7037539495325,32669800
2026-05-07,1793.9393310546875,1838.7878143310547,1778.9898366292318,1813.8719902886285,29082500
2026-05-08,1739.1246337890625,1808.888945746217,1739.1246337890625,1803.9057806064202,27849300
2026-05-11,1694.276123046875,1793.9394244025736,1694.276123046875,1788.9562593347887,22584000
2026-05-12,1754.0740966796875,1759.057261727073,1674.34345592152,1729.1582714427602,20718600
2026-05-13,1704.242431640625,1739.1245866742051,1694.2761016310308,1734.141421669408,10528900
2026-05-14,1704.242431640625,1704.242431640625,1704.242431640625,1704.242431640625,0
2026-05-15,1704.242431640625,1704.242431640625,1704.242431640625,1704.242431640625,0
2026-05-18,1719.19189453125,1729.1582243546195,1549.7642875339675,1699.2592348845108,41643900
2026-05-19,1544.7811279296875,1719.191900437878,1544.7811279296875,1719.191900437878,25350800
2026-05-20,1544.7811279296875,1619.5286018617692,1509.8989734280494,1544.7811279296875,13667900
2026-05-21,1624.51171875,1674.3433665644172,1539.7979174654909,1644.4443778757668,24983000
2026-05-22,1594.61279296875,1639.461277770996,1544.7811431884766,1614.5454528808593,35947200
2026-05-25,1694.276123046875,1709.22561825023,1579.6633264878217,1594.6128216911766,23711200
2026-05-26,1639.4613037109375,1759.057265075869,1634.4781386540653,1709.2256145071476,18453100
2026-05-27,1639.4613037109375,1639.4613037109375,1639.4613037109375,1639.4613037109375,0
2026-05-28,1639.4613037109375,1639.4613037109375,1639.4613037109375,1639.4613037109375,0
2026-05-29,1669.3602294921875,1724.175042997901,1644.4444051714086,1689.2928889488105,15653800
2026-06-02,1684.309814453125,1714.2088052422337,1659.3939887955344,1684.309814453125,10896900
2026-06-03,1619.528564453125,1699.2592014723557,1475.0167848557692,1689.2928718449518,35791600
2026-06-04,1594.61279296875,1634.4781127929687,1529.8316482543944,1604.5791229248046,20358200
2026-06-05,1519.8653564453125,1644.444484022797,1509.8990262391137,1594.6128329918033,16719500
2026-06-08,1484.983154296875,1504.9158140860948,1395.286185245386,1494.9494841914848,28566900
2026-06-09,1549.7642822265625,1554.7474471211817,1425.185159861083,1445.11781943956,23855500
2026-06-10,1519.8653564453125,1604.579163198002,1509.8990262391137,1569.6970074763062,19774700
2026-06-11,1509.89892578125,1559.730573496803,1494.9494314665842,1529.831584867471,14565800
2026-06-12,1554.7474365234375,1619.528579711914,1509.898952777569,1524.8484473595254,18815000
2026-06-15,1654.4107666015625,1714.2087461172816,1589.6296221262,1599.5959520454865,28248000
2026-06-17,1669.3602294921875,1734.1413727262127,1649.4275700355643,1704.242383541278,21531600
2026-06-18,1639.4613037109375,1674.3434591090424,1609.5623133697045,1649.4276338246818,17735100
2026-06-19,1594.61279296875,1669.3602676391602,1594.61279296875,1644.4444427490234,15629000
2026-06-22,1584.646484375,1644.4444649174527,1579.6633193297955,1599.5959795106132,7742400
2026-06-23,1589.629638671875,1624.511793752449,1554.7474835913008,1624.511793752449,5739100
2026-06-24,1564.7137451171875,1659.3938761911575,1564.7137451171875,1594.6127338773886,21523600
2026-06-25,1569.697021484375,1584.6465169270832,1534.8148654513889,1569.697021484375,9496200
2026-06-26,1519.8653564453125,1574.6801725794057,1494.9495309298156,1569.6970074763062,10328100
2026-06-29,1480.0,1524.8484848484848,1475.016835016835,1519.8653198653199,5025700
2026-06-30,1495.0,1500.0,1400.0,1495.0,20335300
2026-07-01,1490.0,1525.0,1460.0,1485.0,6976900
2026-07-02,1505.0,1530.0,1470.0,1490.0,6934500
2026-07-03,1505.0,1530.0,1500.0,1520.0,3674200
2026-07-06,1505.0,1530.0,1500.0,1510.0,2433700
2026-07-07,1525.0,1550.0,1495.0,1515.0,3393600
2026-07-08,1460.0,1510.0,1455.0,1510.0,10868600
2026-07-09,1475.0,1495.0,1455.0,1460.0,3119100
2026-07-10,1475.0,1520.0,1470.0,1475.0,6368700
2026-07-13,1505.0,1515.0,1460.0,1480.0,3609400
2026-07-14,1495.0,1525.0,1490.0,1515.0,6952200
2026-07-15,1540.0,1590.0,1495.0,1505.0,12735200
2026-07-16,1780.0,1830.0,1545.0,1545.0,89165100
2026-07-17,1750.0,1805.0,1705.0,1800.0,35795700
2026-07-20,1740.0,1765.0,1715.0,1740.0,23201300
2026-07-21,1825.0,1865.0,1740.0,1740.0,58976400
2026-07-22,1755.0,1855.0,1735.0,1835.0,38478800
2026-07-23,1720.0,1785.0,1700.0,1770.0,30194600
2026-07-24,1650.0,1710.0,1650.0,1705.0,18271200
2026-07-27,1620.0,1705.0,1600.0,1650.0,24670200
2026-07-28,1605.0,1625.0,1600.0,1615.0,7843400
2026-07-29,1585.0,1655.0,1555.0,1605.0,13196700
2026-07-30,1610.0,1610.0,1575.0,1605.0,9012100
2026-07-31,1650.0,1690.0,1615.0,1630.0,18079300
2026-08-03,1650.0,1695.0,1650.0,1665.0,12636800
2026-08-04,1655.0,1690.0,1635.0,1650.0,14631400
2026-08-05,1670.0,1685.0,1660.0,1675.0,12726200
2026-08-06,1655.0,1710.0,1655.0,1685.0,11447000
2026-08-07,1670.0,1690.0,1655.0,1655.0,8596500
2026-08-10,1685.0,1735.0,1670.0,1690.0,20248600
2026-08-11,1660.0,1690.0,1645.0,1685.0,11255100
2026-08-12,1710.0,1730.0,1665.0,1665.0,17398700
2026-08-13,1660.0,1720.0,1650.0,1720.0,12241700
2026-08-14,1670.0,1695.0,1630.0,1665.0,7307400
2026-08-18,1690.0,1720.0,1645.0,1680.0,22207600
2026-08-19,1760.0,1775.0,1670.0,1680.0,47018900
2026-08-20,1765.0,1775.0,1740.0,1770.0,19665700
2026-08-21,1775.0,1805.0,1755.0,1790.0,20418100
2026-08-24,1900.0,1920.0,1760.0,1800.0,73725300
2026-08-25,1900.0,1900.0,1900.0,1900.0,0
2026-08-26,1800.0,1905.0,1800.0,1900.0,38673600
2026-08-27,1855.0,1880.0,1785.0,1795.0,20770600
2026-08-28,1865.0,1890.0,1825.0,1860.0,24630900
2026-08-31,1940.0,1980.0,1875.0,1875.0,76697600
2026-09-01,1910.0,1950.0,1910.0,1940.0,24286300
2026-09-02,1880.0,1935.0,1875.0,1930.0,23082500
2026-09-03,1885.0,1940.0,1880.0,1900.0,21315200
2026-09-04,1810.0,1900.0,1805.0,1890.0,39146500
2026-09-07,1795.0,1830.0,1790.0,1810.0,20652000
2026-09-08,1800.0,1830.0,1795.0,1795.0,16438000
2026-09-09,1765.0,1825.0,1760.0,1810.0,28665200
2026-09-10,1750.0,1780.0,1750.0,1765.0,19700100
2026-09-11,1695.0,1740.0,1685.0,1740.0,25627400
2026-09-14,1695.0,1735.0,1650.0,1700.0,21723400
2026-09-15,1720.0,1735.0,1695.0,1715.0,9955700
2026-09-16,1720.0,1770.0,1700.0,1720.0,13732800
2026-09-17,1725.0,1755.0,1715.0,1720.0,12319400
2026-09-18,1730.0,1750.0,1700.0,1750.0,8750100
2026-09-21,1680.0,1730.0,1660.0,1730.0,15135200
2026-09-22,1600.0,1685.0,1600.0,1680.0,19296500
2026-09-23,1715.0,1765.0,1600.0,1610.0,29340400
2026-09-24,1750.0,1765.0,1720.0,1730.0,17018300
2026-09-25,1680.0,1745.0,1680.0,1745.0,12096400
2026-09-28,1650.0,1710.0,1650.0,1680.0,7366800
2026-09-29,1625.0,1650.0,1625.0,1650.0,476800
