date,Close,High,Low,Open,Volume
2021-04-12,148.79696655273438,148.79696655273438,148.79696655273438,148.79696655273438,40200
2021-04-13,185.1695556640625,185.1695556640625,185.1695556640625,185.1695556640625,101700
2021-04-14,231.4619903564453,231.4619903564453,231.4619903564453,231.4619903564453,514900
2021-04-15,289.32745361328125,289.32745361328125,289.32745361328125,289.32745361328125,6460300
2021-04-16,360.970458984375,360.970458984375,344.43746086295323,360.970458984375,167185500
2021-04-19,374.7479248046875,427.10241429946,338.9264319924747,385.76992259306064,1077729200
2021-04-20,394.0364685058594,396.79196828562067,369.2369704880081,374.7479700475306,655967200
2021-04-21,394.0364685058594,399.5474680653819,377.5034698272919,394.03646850585943,532644500
2021-04-22,413.3249206542969,438.12441589355467,383.01442647298177,396.791923828125,581605100
2021-04-23,402.302978515625,424.346977338399,399.54747866277825,413.324977927012,655037100
2021-04-26,388.52545166015625,402.3029499459774,380.25895268866356,399.54745028881314,265035300
2021-04-27,399.54742431640625,402.3029237944504,377.5034284920528,388.5254264042295,190533800
2021-04-28,385.76995849609375,402.3029567173549,383.0144587925502,399.5474570138114,165422900
2021-04-29,388.52545166015625,394.0364509744847,380.25895268866356,388.52545166015625,162347200
2021-04-30,383.0144348144531,391.2809334075708,377.5034357523746,391.2809334075708,134920900
2021-05-03,377.5034484863281,385.7699473582915,374.7479488623403,383.0144477343037,104976800
2021-05-04,383.0144348144531,383.0144348144531,374.7479362213354,383.0144348144531,144088300
2021-05-05,407.8139953613281,407.8139953613281,383.01449564340953,385.76999561206713,157766700
2021-05-06,396.7919616699219,407.8139606051975,394.03646193610297,407.8139606051975,130343100
2021-05-07,421.5914306640625,427.10242975771035,399.547434289471,402.3029338362949,221036600
2021-05-10,438.12445068359375,440.8799503734277,416.08045316492235,427.10245192425805,169318400
2021-05-11,427.10247802734375,435.36897760206654,421.5914783108619,435.36897760206654,113652200
2021-05-17,413.3249206542969,429.8579174804687,399.54742329915365,427.1024180094401,130345400
2021-05-18,427.10247802734375,429.85797788558466,394.0364797284526,410.5694788778982,175788400
2021-05-19,432.6134338378906,438.12443299506117,418.83593594496415,429.8579342593053,132428000
2021-05-20,424.346923828125,432.6134223442573,413.3249258066153,432.6134223442573,120653400
2021-05-21,416.0804748535156,427.1024741873836,413.32497502004867,424.3469743539166,55733500
2021-05-24,407.8139953613281,429.8579951105891,407.8139953613281,418.83599523595865,61312200
2021-05-25,399.54742431640625,410.569422228583,399.54742431640625,407.8139227505388,49554200
2021-05-27,413.3249206542969,421.5914190673828,399.54742329915365,399.54742329915365,135633300
2021-05-28,405.0584411621094,413.32493996133604,402.3029415623671,407.8139407618516,95267600
2021-05-31,410.56939697265625,424.3468935153628,405.0583983555736,407.8138976641149,119971600
2021-06-02,399.54742431640625,410.569422228583,394.0364253603179,410.569422228583,106404800
2021-06-03,396.7919616699219,407.8139606051975,388.52546246846515,402.3029611375597,114148100
2021-06-04,391.2809143066406,402.30291189274317,388.525414910115,399.54741249621753,103183100
2021-06-07,385.76995849609375,394.03645760672435,385.76995849609375,388.5254581996373,54784200
2021-06-08,385.76995849609375,391.2809579031808,377.5034593854632,388.5254581996373,82726400
2021-06-09,383.0144348144531,385.76993434549235,380.2589352834139,383.0144348144531,45732500
2021-06-10,385.76995849609375,385.76995849609375,371.99245997837613,383.0144587925502,80702500
2021-06-11,371.9925231933594,385.7700240523727,371.99252319335943,385.7700240523727,80683400
2021-06-14,352.7039489746094,377.5034453868866,349.94844937324524,369.2369465827942,44232600
2021-06-15,360.970458984375,360.970458984375,344.43746086295323,352.7039599236641,87115700
2021-06-16,360.970458984375,371.9924577319895,355.4594596105677,369.2369580450858,80520400
2021-06-17,347.19293212890625,360.9704294356089,344.43743266756576,358.2149299742684,69247000
2021-06-18,369.23699951171875,374.74799950443094,333.4154995590893,347.19299954086983,147704100
2021-06-21,394.0364685058594,396.79196828562067,360.97047114872436,369.2369704880081,152155800
2021-06-22,424.346923828125,435.3689218496347,388.52543025821836,394.0364292689732,235240900
2021-06-23,413.3249206542969,427.1024180094401,402.30292277018225,427.1024180094401,190975500
2021-06-24,396.7919616699219,418.8359595404731,396.7919616699219,416.0804598066542,67375300
2021-06-25,385.76995849609375,396.7919573102679,385.76995849609375,396.7919573102679,63117300
2021-06-28,391.2809143066406,402.30291189274317,377.5034173240124,385.7699155135893,74712200
2021-06-29,388.52545166015625,399.54745028881314,385.769952002992,391.2809513173205,56611400
2021-06-30,391.2809143066406,394.03641370316626,385.7699155135893,388.525414910115,66753700
2021-07-01,383.0144348144531,394.03643293861006,383.0144348144531,391.2809334075708,54203100
2021-07-02,388.52545166015625,394.0364509744847,380.25895268866356,380.25895268866356,58049600
2021-07-05,385.76995849609375,405.05845642089844,383.0144587925502,388.5254581996373,64836400
2021-07-06,388.648193359375,394.2807758718297,383.0156108469203,385.8319021031476,51452800
2021-07-07,394.28076171875,399.9133440290179,383.0155970982143,388.6481794084822,54205000
2021-07-08,377.383056640625,397.09709691289646,377.383056640625,394.2808054454291,34471600
2021-07-09,366.117919921875,377.38308668870195,363.3016282301683,377.38308668870195,43241900
2021-07-12,377.383056640625,380.19934810809235,366.1178907707556,368.93418223822295,52219300
2021-07-13,383.015625,391.4644990808823,377.38304227941177,377.38304227941177,46186000
2021-07-14,385.8319091796875,394.28078310333024,383.0156178718065,385.83190917968744,41189100
2021-07-15,391.4645080566406,399.9133823312444,385.8319252069048,385.8319252069048,37496000
2021-07-16,391.4645080566406,399.9133823312444,388.6482166317727,394.28079948150855,41029600
2021-07-19,391.4645080566406,397.0970909063765,388.6482166317727,394.28079948150855,40948200
2021-07-21,383.015625,394.28079044117646,383.015625,391.4644990808823,36647100
2021-07-22,388.648193359375,394.2807758718297,377.38302833446556,380.19931959069294,46699000
2021-07-23,394.28076171875,394.28076171875,385.8318882533482,388.6481794084822,36357500
2021-07-26,383.015625,405.5459558823529,383.015625,394.28079044117646,54722700
2021-07-27,391.4645080566406,394.28079948150855,383.0156337820369,383.0156337820369,45059100
2021-07-28,383.015625,399.9133731617647,383.015625,391.4644990808823,47279800
2021-07-29,391.4645080566406,397.0970909063765,383.0156337820369,385.8319252069048,45377400
2021-07-30,394.28076171875,399.9133440290179,391.4644705636161,394.28076171875,36245100
2021-08-02,383.015625,399.9133731617647,377.38304227941177,397.09708180147055,34435100
2021-08-03,371.75048828125,385.83194617069125,368.93419670336175,383.015654592803,18827500
2021-08-04,380.1993408203125,385.8319236472801,371.7504665798611,371.7504665798611,47079400
2021-08-05,374.5667419433594,385.8319071145882,368.93415935774493,383.015615821781,31098100
2021-08-06,371.75048828125,380.19936301491475,366.11790512547344,380.19936301491475,22633800
2021-08-09,349.22015380859375,371.75048631237405,346.40386224562127,371.75048631237405,28629400
2021-08-10,337.9549255371094,360.48525390625,326.6897613525391,360.48525390625,38162800
2021-08-12,366.117919921875,374.5667949969952,343.58758638822115,343.58758638822115,57059500
2021-08-13,357.66900634765625,371.7504632904774,346.4038407933994,368.93417190191315,42619300
2021-08-16,363.30157470703125,366.11786598383,349.2201183230378,349.2201183230378,32026600
2021-08-18,360.48529052734375,366.1178731918335,352.03641653060913,363.3015818595886,41094400
2021-08-19,349.22015380859375,360.4853200604839,343.58757068264873,360.4853200604839,27107100
2021-08-20,343.5875244140625,349.2201067815061,335.138650862897,346.4038155977843,29655900
2021-08-23,363.30157470703125,363.30157470703125,335.13866193904437,343.5875357694404,58763000
2021-08-24,360.48529052734375,368.93416452407837,352.03641653060913,363.3015818595886,27313900
2021-08-25,352.03643798828125,360.4853125,343.58756347656254,349.22014648437505,22331400
2021-08-26,346.40380859375,357.6689731008638,343.5875174669715,352.0363908473069,11984100
2021-08-27,360.48529052734375,360.48529052734375,340.77125120162964,346.4038338661194,48570600
2021-08-30,357.66900634765625,363.3015891247847,349.2201321819636,363.3015891247847,30149400
2021-08-31,366.117919921875,377.38308668870195,349.22016977163463,360.4853365384616,40928200
2021-09-01,349.22015380859375,368.9341947494015,346.40386224562127,366.117903186429,12644500
2021-09-02,354.85272216796875,363.3015965053013,343.5875563848586,349.22013927641365,49863200
2021-09-03,360.48529052734375,366.1178731918335,354.852707862854,354.852707862854,31059400
2021-09-06,352.03643798828125,363.3016040039063,343.58756347656254,360.4853125,22856400
2021-09-07,349.22015380859375,354.8527369345388,346.40386224562127,352.0364453715663,9086000
2021-09-08,349.22015380859375,360.4853200604839,340.7712791196762,349.22015380859375,9325300
2021-09-09,340.771240234375,349.22011395919424,332.3223665095558,349.22011395919424,16194700
2021-09-10,349.22015380859375,352.0364453715663,337.95498755670366,340.7712791196762,24361800
2021-09-13,343.5875244140625,352.03639796522793,337.95494204661884,349.2201067815061,11029600
2021-09-14,343.5875244140625,343.58752441406244,335.138650862897,343.58752441406244,7007100
2021-09-15,337.9549255371094,343.58750762939457,335.1386344909668,343.58750762939457,6611800
2021-09-16,337.9549255371094,346.40379867553713,332.32234344482424,337.9549255371094,7797900
2021-09-17,340.771240234375,340.771240234375,335.1386577511622,337.9549489927686,14543700
2021-09-20,326.6897888183594,343.58753651586073,326.6897888183594,340.77124523294384,6035200
2021-09-21,318.24090576171875,337.9549441717367,315.4246145602876,326.68977936601215,11897000
2021-09-22,321.0572204589844,323.8735118665193,312.6083462363795,321.0572204589844,56363000
2021-09-23,323.87347412109375,332.3223473590353,321.05718304177987,323.87347412109375,43621100
2021-09-24,332.3223571777344,335.1386483402576,323.8734836901649,329.5060660152112,72053100
2021-09-27,326.6897888183594,337.95495395002695,321.0572062525256,329.50608010127627,11824900
2021-09-28,354.85272216796875,354.85272216796875,318.24093337286087,326.6898077101934,68073300
2021-09-29,377.383056640625,380.19934810809235,352.03643343341884,354.8527249008862,109714400
2021-09-30,371.75048828125,385.83194617069125,360.48532196969694,377.3830714370265,70637200
2021-10-01,394.28076171875,405.54592633928576,366.1178501674107,366.1178501674107,125501700
2021-10-04,402.7296447753906,408.36222721980164,385.8318974421574,394.280771108774,90448800
2021-10-05,442.1577453613281,442.1577453613281,402.72966615713324,402.72966615713324,207287100
2021-10-06,475.95330810546875,515.3813928005964,442.15780693821654,442.15780693821654,202946700
2021-10-07,456.2391662597656,487.21836890703366,444.9740016607591,475.9532043080271,102273600
2021-10-08,450.6065979003906,464.6880540847778,425.25997676849363,456.23918037414546,80638700
2021-10-11,436.525146484375,461.87176789314515,425.25998141381046,453.42289409022175,50073600
2021-10-12,408.36224365234375,436.5251570076778,408.36224365234375,436.5251570076778,53107600
2021-10-13,408.36224365234375,428.07628300107757,397.0970783102101,399.91336964574356,57578700
2021-10-14,411.17852783203125,425.259984264635,408.3622365455105,416.8111104050727,78203900
2021-10-15,413.9948425292969,419.6274254208519,399.9133853004092,408.3622596377418,53879800
2021-10-18,411.17852783203125,428.0762755511558,405.5459452589897,419.6274016915935,53134200
2021-10-19,399.913330078125,416.81107641945425,394.2807479643486,411.1784943056778,27078000
2021-10-21,380.1993408203125,411.1785463686343,374.56675799334494,405.54596354166665,84387900
2021-10-22,360.48529052734375,374.5667471885681,357.6689991950989,374.5667471885681,32402400
2021-10-25,374.5667419433594,374.5667419433593,357.66899418651604,360.4852854793233,41415400
2021-10-26,377.383056640625,383.0156395755597,366.1178907707556,380.19934810809235,49888700
2021-10-27,366.117919921875,380.1993783804087,363.3016282301683,380.1993783804087,19597500
2021-10-28,354.85272216796875,368.9341793968564,349.22013927641365,366.11788795107884,14379400
2021-10-29,366.117919921875,368.93421161358174,354.8527531550481,354.8527531550481,45504900
2021-11-01,354.85272216796875,377.38305373418893,354.85272216796875,374.56676228841144,23916200
2021-11-02,385.8319091796875,388.6482004875684,354.85270479299726,354.85270479299726,101238200
2021-11-03,377.383056640625,394.2808054454291,371.7504737056903,394.2808054454291,57312100
2021-11-04,385.8319091796875,391.4644917954493,377.38303525604465,377.38303525604465,93188500
2021-11-05,377.383056640625,388.6482225104944,374.56676517315765,385.83193104302705,42335300
2021-11-08,383.015625,388.64820772058823,371.75045955882354,377.38304227941177,85481500
2021-11-09,383.015625,402.7296645220588,383.015625,383.015625,76276200
2021-11-10,388.648193359375,391.4644846156024,374.56673707823825,383.0156108469203,82093500
2021-11-11,383.015625,394.28079044117646,380.19933363970586,391.4644990808823,56187200
2021-11-12,374.5667419433594,385.8319071145882,368.93415935774493,385.8319071145882,34770300
2021-11-15,383.015625,385.8319163602941,371.75045955882354,374.5667509191176,103399400
2021-11-16,383.015625,385.8319163602941,377.38304227941177,383.015625,50341900
2021-11-17,377.383056640625,383.0156395755597,374.56676517315765,380.19934810809235,38641700
2021-11-18,388.648193359375,397.09706712805706,374.56673707823825,374.56673707823825,124999300
2021-11-19,371.75048828125,397.0971124822443,368.93419670336175,391.4645293264678,40847200
2021-11-22,368.9341735839844,377.38304778819776,360.485299379771,377.38304778819776,62410300
2021-11-23,368.9341735839844,374.5667563867933,366.11788218257993,368.9341735839844,91750400
2021-11-24,380.1993408203125,383.0156322337963,366.11788375289353,368.9341751663773,78794400
2021-11-25,380.1993408203125,383.0156322337963,371.7504665798611,380.1993408203125,79575800
2021-11-26,354.85272216796875,383.01563662574404,354.85272216796875,380.1993451799665,65039300
2021-11-29,349.22015380859375,354.8527369345388,337.95498755670366,343.58757068264873,55262400
2021-11-30,346.40380859375,360.48526422764223,340.7712263401931,349.2200997205284,104799500
2021-12-01,335.13861083984375,357.6689376189929,323.87344745026917,346.40377422941833,64574900
2021-12-02,343.5875244140625,343.58752441406244,323.8734861280097,332.3223596791752,84808000
2021-12-03,346.40380859375,349.2200997205284,335.1386440866362,340.7712263401931,78416000
2021-12-06,346.40380859375,346.40380859375,337.9549352134146,346.40380859375,86402300
2021-12-07,360.48529052734375,360.48529052734375,343.5875425338745,346.4038338661194,121037600
2021-12-08,357.66900634765625,363.3015891247847,343.58754940483516,363.3015891247847,72161300
2021-12-09,366.117919921875,366.11791992187506,352.03646146334137,360.4853365384616,99227900
2021-12-10,346.40380859375,366.1178464811992,340.7712263401931,366.1178464811992,62691100
2021-12-13,354.85272216796875,360.4853050595238,349.22013927641365,349.22013927641365,78033900
2021-12-14,357.66900634765625,360.4852977362205,346.4038407933994,354.85271495909205,59283100
2021-12-15,352.03643798828125,357.66902099609376,346.4038549804688,357.66902099609376,21058000
2021-12-16,343.5875244140625,352.03639796522793,335.138650862897,352.03639796522793,33288000
2021-12-17,343.5875244140625,354.85268914894976,337.95494204661884,354.85268914894976,30556100
2021-12-20,346.40380859375,349.2200997205284,337.9549352134146,343.5875174669715,12963000
2021-12-21,343.5875244140625,352.03639796522793,340.77123323034067,346.4038155977843,19127400
2021-12-22,349.22015380859375,354.8527369345388,343.58757068264873,343.58757068264873,33435700
2021-12-23,352.03643798828125,354.8527294921875,343.58756347656254,354.8527294921875,16004300
2021-12-24,352.03643798828125,352.0364379882813,346.4038549804688,352.0364379882813,11708600
2021-12-27,354.85272216796875,357.66901361374624,346.40384783063615,352.0364307221912,30227400
2021-12-28,357.66900634765625,360.4852977362205,352.03642357052786,354.85271495909205,16911200
2021-12-29,352.03643798828125,366.11789550781253,343.58756347656254,357.66902099609376,18113200
2021-12-30,343.5875244140625,352.03639796522793,337.95494204661884,352.03639796522793,27780600
2022-01-03,349.22015380859375,352.0364453715663,340.7712791196762,343.58757068264873,17222100
2022-01-04,346.40380859375,360.48526422764223,346.40380859375,352.0363908473069,17662300
2022-01-05,337.9549255371094,352.03638076782227,332.32234344482424,349.2200897216797,25586600
2022-01-06,326.6897888183594,337.95495395002695,318.2409149696087,337.95495395002695,49049600
2022-01-07,337.9549255371094,337.9549255371094,323.8734703063965,326.6897613525391,24980400
2022-01-10,337.9549255371094,346.40379867553713,332.32234344482424,343.58750762939457,28433300
2022-01-11,337.9549255371094,340.771216583252,326.6897613525391,340.771216583252,10316100
2022-01-12,326.6897888183594,337.95495395002695,318.2409149696087,337.95495395002695,25164200
2022-01-13,326.6897888183594,329.50608010127627,321.0572062525256,326.6897888183594,23475700
2022-01-14,343.5875244140625,346.4038155977843,326.6897773117315,326.6897773117315,30142100
2022-01-17,346.40380859375,352.0363908473069,337.9549352134146,343.5875174669715,37234200
2022-01-18,337.9549255371094,352.03638076782227,332.32234344482424,346.40379867553713,19656200
2022-01-19,349.22015380859375,352.0364453715663,332.3224044307586,337.95498755670366,30705600
2022-01-20,352.03643798828125,352.0364379882813,337.95498046875,337.95498046875,34972800
2022-01-21,343.5875244140625,354.85268914894976,337.95494204661884,352.03639796522793,22591400
2022-01-24,340.771240234375,343.5875314759814,335.1386577511622,343.5875314759814,14917300
2022-01-25,337.9549255371094,343.58750762939457,326.6897613525391,343.58750762939457,32925900
2022-01-26,332.3223571777344,337.95493950278075,323.8734836901649,337.95493950278075,26188600
2022-01-27,346.40380859375,346.40380859375,332.3223529598577,332.3223529598577,48397500
2022-01-28,357.66900634765625,357.6690063476563,340.77125801627096,349.2201321819636,26078800
2022-01-31,391.4645080566406,422.44371373018777,357.6690109582256,357.6690109582256,175070800
2022-02-02,388.648193359375,394.2807758718297,374.56673707823825,383.0156108469203,40665700
2022-02-03,380.1993408203125,391.4645064742477,374.56675799334494,388.6482150607639,25419200
2022-02-04,380.1993408203125,383.0156322337963,366.11788375289353,380.1993408203125,25107700
2022-02-07,391.4645080566406,413.994839455584,380.199342357169,380.199342357169,105374200
2022-02-08,380.1993408203125,408.3622549551505,374.56675799334494,394.28079788773147,63333500
2022-02-09,363.30157470703125,385.8319049214208,360.4852834302326,380.1993223678234,57837200
2022-02-10,354.85272216796875,371.7504708426339,352.0364307221912,363.3015965053013,35500700
2022-02-11,368.9341735839844,371.7504649853889,349.22013377415317,354.8527165769621,44883100
2022-02-14,388.648193359375,394.2807758718297,363.3015720533288,371.7504458220109,91688600
2022-02-15,411.17852783203125,416.8111104050727,388.6481975398651,388.6481975398651,75000400
2022-02-16,408.36224365234375,413.99482632341056,388.64820430360993,411.17853498787713,53444100
2022-02-17,402.7296447753906,411.1785184420072,394.280771108774,408.36222721980164,38621000
2022-02-18,419.62738037109375,422.44367151452394,397.0970512236525,399.9133423670827,77317200
2022-02-21,408.36224365234375,425.2599916655442,402.72966098127694,419.6274089944774,42978300
2022-02-22,394.28076171875,411.1785086495536,388.6481794084822,405.54592633928576,29319100
2022-02-23,405.5459289550781,411.1785113016764,394.2807642618815,397.09705543518066,52708700
2022-02-24,425.2599792480469,428.0762705013452,397.09706671506365,405.5459404749586,98083800
2022-02-25,405.5459289550781,444.97400538126624,402.72963778177893,428.0762583414713,75375300
2022-03-01,430.8925476074219,430.8925476074219,408.3622183207593,413.99480064242493,82936000
2022-03-02,461.871826171875,484.40215915586896,428.0763266958842,430.8926183188834,155362700
2022-03-04,515.3812866210938,518.1975778048155,464.68804531410086,475.9532100489882,136233600
2022-03-07,492.8509521484375,521.0138636997768,481.5857875279018,515.3812813895089,70372100
2022-03-08,461.871826171875,501.29990889386437,459.0555345488758,498.4836172708651,78471500
2022-03-09,450.6065979003906,478.769510269165,442.15772418975826,478.769510269165,167469700
2022-03-10,442.1577453613281,459.0554935916973,419.6274143875025,459.0554935916973,89215600
2022-03-11,439.3414611816406,450.6066268529647,428.07629551031647,442.1577525994716,48658800
2022-03-14,439.3414611816406,439.34146118164057,439.34146118164057,439.34146118164057,0
2022-03-15,444.9740295410156,450.60661219343353,433.70886423617975,447.7903208672246,27223000
2022-03-16,450.6065979003906,456.23918037414546,436.52514171600336,444.97401542663573,59180400
2022-03-17,447.7904052734375,461.87186455876576,442.1578215593062,453.42298898756883,46980400
2022-03-18,416.8110656738281,453.4228484695022,416.81106567382807,450.6065574852196,65963100
2022-03-21,405.5459289550781,416.8110936482747,388.6481819152832,397.09705543518066,53942800
2022-03-22,422.4436950683594,428.0762776692709,402.7296559651693,405.54594726562505,70368900
2022-03-23,411.17852783203125,425.259984264635,408.3622365455105,422.44369297811426,35860700
2022-03-24,402.7296447753906,419.6273921086238,402.72964477539057,416.8111008864182,34062600
2022-03-25,411.17852783203125,425.259984264635,405.5459452589897,408.3622365455105,54978000
2022-03-28,413.9948425292969,416.81113397507437,405.5459681919643,416.81113397507437,25966100
2022-03-29,405.5459289550781,416.8110936482747,399.9133466084798,413.9948024749756,31952100
2022-03-30,397.0970764160156,408.36224170441324,385.83191112761807,405.54595038231383,44946600
2022-03-31,397.0970764160156,402.72965906021443,383.01561980551867,397.0970764160157,46316200
2022-04-01,394.28076171875,397.09705287388397,385.8318882533482,394.28076171875,29423500
2022-04-04,374.5667419433594,397.09707228581703,374.5667419433593,394.28078099300984,62479700
2022-04-05,388.648193359375,394.2807758718297,371.7504458220109,377.38302833446556,50795100
2022-04-06,380.1993408203125,394.28079788773147,368.9341751663773,388.6482150607639,81178600
2022-04-07,388.648193359375,388.648193359375,377.38302833446556,383.0156108469203,43515600
2022-04-08,383.015625,391.4644990808823,380.19933363970586,391.4644990808823,33725100
2022-04-11,371.75048828125,388.6482377485795,368.93419670336175,383.015654592803,32048300
2022-04-12,383.015625,383.015625,360.4852941176471,374.5667509191176,60271900
2022-04-13,377.383056640625,394.2808054454291,371.7504737056903,385.83193104302705,52471200
2022-04-14,377.383056640625,380.19934810809235,371.7504737056903,377.383056640625,38566600
2022-04-18,385.8319091796875,399.9133657190921,377.38303525604465,377.38303525604465,66139800
2022-04-19,371.75048828125,388.6482377485795,368.93419670336175,388.6482377485795,41276800
2022-04-20,366.117919921875,377.38308668870195,354.8527531550481,374.5667949969952,62140000
2022-04-21,377.383056640625,377.383056640625,360.4853078358209,366.1178907707556,68780100
2022-04-22,366.117919921875,380.1993783804087,363.3016282301683,377.38308668870195,35798200
2022-04-25,340.771240234375,354.852696442407,340.771240234375,340.771240234375,46414600
2022-04-26,352.03643798828125,360.4853125,335.13868896484377,337.95498046875,62878600
2022-04-27,366.117919921875,366.11791992187506,352.03646146334137,354.8527531550481,48152100
2022-04-28,377.383056640625,380.19934810809235,340.77126756354943,354.8527249008862,70885200
2022-05-09,391.4645080566406,394.28079948150855,368.9341766576973,380.199342357169,81863800
2022-05-10,374.5667419433594,394.28078099300984,368.93415935774493,394.28078099300984,51667200
2022-05-11,394.28076171875,402.7296351841518,371.7504324776786,374.5667236328125,90763700
2022-05-12,371.75048828125,394.28082090435606,371.75048828125,391.4645293264678,53730100
2022-05-13,371.75048828125,377.3830714370265,363.3016135475852,371.75048828125,42496700
2022-05-17,388.648193359375,388.648193359375,368.9341545657835,374.56673707823825,52144200
2022-05-18,383.015625,394.28079044117646,377.38304227941177,388.64820772058823,29541600
2022-05-19,385.8319091796875,391.4644917954493,374.5667439481637,383.0156178718065,35207700
2022-05-20,402.7296447753906,416.8111008864182,391.4644798865685,397.09706233097955,66600400
2022-05-23,399.913330078125,411.1784943056778,394.2807479643486,408.3622032487896,36535100
2022-05-24,399.913330078125,402.72962113501325,394.2807479643486,402.72962113501325,19075800
2022-05-25,388.648193359375,402.72964964051175,388.648193359375,399.91335838428444,28931700
2022-05-27,399.913330078125,402.72962113501325,388.6481658505722,388.6481658505722,30696700
2022-05-30,399.913330078125,402.72962113501325,391.46445690746043,402.72962113501325,34924800
2022-05-31,399.913330078125,402.72962113501325,394.2807479643486,394.2807479643486,21308700
2022-06-02,411.17852783203125,416.8111104050727,397.0970713994274,402.72965397246895,57589000
2022-06-03,402.7296447753906,419.6273921086238,399.91335355318506,419.6273921086238,32263300
2022-06-06,402.72967529296875,417.3213301948879,402.72967529296875,414.40299921450406,39820300
2022-06-07,399.81134033203125,408.56633318601735,393.97467842937385,402.72967128335995,35875200
2022-06-08,408.56634521484375,411.48467625209264,396.89302106584825,396.89302106584825,33551400
2022-06-09,393.9747009277344,411.4846876356337,391.0563698097512,408.5663565176505,43087500
2022-06-10,388.13800048828125,399.81132381123706,388.13800048828125,393.9746621497591,39540600
2022-06-13,391.0563659667969,391.05636596679693,370.6280483416657,376.46471052027465,46119300
2022-06-14,393.9747009277344,399.81136316370083,382.3013764558015,388.138038691768,34974600
2022-06-15,388.13800048828125,399.81132381123706,382.3013388268033,399.81132381123706,26988100
2022-06-16,396.8929748535156,411.48462834077725,385.21965206370635,399.811305550968,64741400
2022-06-17,379.3830261230469,396.8930119441106,376.4646951528696,396.8930119441106,41957900
2022-06-20,376.4646911621094,379.3830221013505,367.70969834438586,379.3830221013505,32767500
2022-06-21,379.3830261230469,391.056350003756,373.5463641826923,379.3830261230469,23624000
2022-06-22,373.54638671875,385.21971130371094,367.70972442626953,379.38304901123047,34714300
2022-06-23,367.709716796875,373.546378968254,364.7913857111855,364.7913857111855,25949600
2022-06-24,376.4646911621094,379.3830221013505,367.70969834438586,370.62802928362703,38837600
2022-06-27,370.6280212402344,379.38301386795644,370.6280212402344,376.46468299204906,15486900
2022-06-28,373.54638671875,379.38304901123047,367.70972442626953,379.38304901123047,15865000
2022-06-29,373.54638671875,373.54638671875,364.7913932800293,373.54638671875,21785400
2022-06-30,373.54638671875,373.54638671875,364.7913932800293,373.54638671875,25044600
2022-07-01,367.709716796875,373.546378968254,364.7913857111855,373.546378968254,13036500
2022-07-04,353.1180114746094,370.62799551467265,350.1996808012655,364.79133416798487,28955600
2022-07-05,358.9546813964844,364.79134288260605,353.11801991036265,353.11801991036265,26390100
2022-07-06,341.4446716308594,358.95465479141626,335.6080105773404,358.95465479141626,58866700
2022-07-07,350.19964599609375,356.0363067626953,335.60799407958984,338.5263244628906,33772100
2022-07-08,358.9546813964844,361.8730121395452,350.1996891673018,350.1996891673018,27124000
2022-07-11,361.873046875,364.79137789818543,350.19972278225805,358.9547158518145,16025200
2022-07-12,358.9546813964844,361.8730121395452,353.11801991036265,361.8730121395452,13196200
2022-07-13,347.2813415527344,358.95466395786826,347.2813415527344,358.95466395786826,16378500
2022-07-14,356.03631591796875,356.03631591796875,344.36299408459274,350.19965500128075,22240900
2022-07-15,350.19964599609375,356.0363067626953,341.4446548461914,353.1179763793945,27784200
2022-07-18,356.03631591796875,364.7913072930008,350.19965500128075,358.9546463763128,33539200
2022-07-19,361.873046875,364.79137789818543,356.036384828629,361.873046875,20716600
2022-07-20,373.54638671875,376.46471786499023,361.87306213378906,364.7913932800293,37886800
2022-07-21,379.3830261230469,379.3830261230469,367.70970224233776,373.5463641826923,20343300
2022-07-22,382.3013916015625,385.2197228351622,370.62806666716364,379.38306036796274,26651100
2022-07-25,399.81134033203125,408.56633318601735,391.05634747804515,396.89300938070255,43988600
2022-07-26,399.81134033203125,408.56633318601735,393.97467842937385,396.89300938070255,16708700
2022-07-27,402.72967529296875,405.64800627335256,396.89301333220106,399.8113443125849,27568400
2022-07-28,408.56634521484375,408.56634521484375,396.89302106584825,405.6480141775949,29051300
2022-07-29,417.3212585449219,420.239589024257,405.6479366275814,408.5662671069165,44079400
2022-08-01,423.1579895019531,431.9129823882005,420.23965853987073,420.23965853987073,24252500
2022-08-02,420.23968505859375,426.0763473510742,414.4030227661133,420.23968505859375,25352800
2022-08-03,414.4029541015625,420.2396154269366,402.7296314508142,420.2396154269366,26126400
2022-08-04,411.48468017578125,417.32134230593414,408.5663491107048,414.4030112408577,20636100
2022-08-05,399.81134033203125,411.48466413734604,399.81134033203125,411.48466413734604,35107900
2022-08-08,402.72967529296875,405.64800627335256,391.05635137143344,402.72967529296875,35891500
2022-08-09,396.8929748535156,405.6479669458726,393.97464415606333,402.7296362484203,27567400
2022-08-10,393.9747009277344,402.72969428168403,391.0563698097512,396.89303204571763,16688900
2022-08-11,405.64801025390625,405.6480102539062,393.9746862178226,396.8930172268435,31256600
2022-08-12,399.81134033203125,408.56633318601735,396.89300938070255,408.56633318601735,18976600
2022-08-15,396.8929748535156,405.6479669458726,393.97464415606333,399.811305550968,19593000
2022-08-16,405.64801025390625,405.6480102539062,393.9746862178226,396.8930172268435,16758400
2022-08-18,399.81134033203125,405.64800223468865,396.89300938070255,405.64800223468865,24102100
2022-08-19,414.4029541015625,414.4029541015625,399.8113007881272,399.8113007881272,34139200
2022-08-22,408.56634521484375,414.40300728934153,402.729683140346,414.40300728934153,21131300
2022-08-23,405.64801025390625,408.5663412629271,402.7296792448853,408.5663412629271,10991800
2022-08-24,411.48468017578125,411.48468017578125,405.6480180456283,405.6480180456283,23564800
2022-08-25,414.4029541015625,417.3212847642495,408.5662927761884,411.4846234388754,17184200
2022-08-26,431.9129333496094,437.7495946110906,411.4846189344251,414.4029495651657,75047300
2022-08-29,431.9129333496094,437.7495946110906,417.32128019590635,437.7495946110906,38692900
2022-08-30,443.5862731933594,449.4229346827457,428.9946194698936,434.8312809592799,49697900
2022-08-31,437.7496032714844,449.4229260253906,434.83127258300783,449.4229260253906,21370000
2022-09-01,437.7496032714844,440.6679339599609,431.91294189453123,437.7496032714844,23424000
2022-09-02,431.9129333496094,437.7495946110906,428.99460271886875,437.7495946110906,25094000
2022-09-05,434.8312683105469,437.74959897034915,428.9946069909422,431.91293765074454,19196200
2022-09-06,437.7496032714844,437.7496032714844,431.91294189453123,437.7496032714844,15239800
2022-09-07,440.6679382324219,440.6679382324219,431.9129460821089,434.8312767988799,23122500
2022-09-08,423.1579895019531,440.66797527444777,411.4846656536234,440.66797527444777,62638000
2022-09-09,402.72967529296875,423.15799215565556,399.8113443125849,411.48466823412025,36285800
2022-09-12,408.56634521484375,408.56634521484375,396.89302106584825,402.729683140346,14158200
2022-09-13,408.56634521484375,420.2396693638393,405.6480141775949,408.56634521484375,24133400
2022-09-14,411.48468017578125,414.4030112408577,405.6480180456283,408.5663491107048,10158900
2022-09-15,411.48468017578125,414.4030112408577,408.5663491107048,411.48468017578125,8158400
2022-09-16,411.48468017578125,414.4030112408577,402.72968698055183,408.5663491107048,15712500
2022-09-19,414.4029541015625,431.9129380776848,402.7296314508142,411.4846234388754,16894600
2022-09-20,405.64801025390625,417.32133428998986,402.7296792448853,414.40300328096896,9391800
2022-09-21,399.81134033203125,405.64800223468865,399.81134033203125,405.64800223468865,14084000
2022-09-22,405.64801025390625,408.5663412629271,396.8930172268435,402.7296792448853,12915700
2022-09-23,408.56634521484375,408.56634521484375,402.729683140346,408.56634521484375,6845900
2022-09-26,393.9747009277344,405.6480253996673,391.0563698097512,399.81136316370083,17615400
2022-09-27,385.2196960449219,393.9746891368519,379.3830339836352,393.9746891368519,34972400
2022-09-28,370.6280212402344,385.2196756197712,370.6280212402344,385.2196756197712,19084500
2022-09-29,382.3013916015625,382.3013916015625,370.62806666716364,376.46472913436304,15230900
2022-09-30,382.3013916015625,388.1380540687619,367.70973543356394,388.1380540687619,13244500
2022-10-03,382.3013916015625,388.1380540687619,373.54639790076334,388.1380540687619,11978100
2022-10-04,385.2196960449219,391.05635810620856,376.46470295299184,382.30136501427853,19679000
2022-10-05,391.0563659667969,393.9746970561014,385.219703788188,393.9746970561014,11347600
2022-10-06,388.13800048828125,393.9746621497591,385.2196696575423,391.05633131902016,7561100
2022-10-07,388.13800048828125,391.05633131902016,385.2196696575423,388.13800048828125,7291800
2022-10-10,388.13800048828125,391.05633131902016,379.38300799606435,388.13800048828125,13357100
2022-10-11,385.2196960449219,388.1380270755652,379.3830339836352,388.1380270755652,5873400
2022-10-12,379.3830261230469,382.30135709322417,373.5463641826923,382.30135709322417,5341400
2022-10-13,373.54638671875,382.3013801574707,370.62805557250977,379.38304901123047,5148300
2022-10-14,376.4646911621094,385.21968397983284,373.5463602228682,376.4646911621093,5604200
2022-10-17,376.4646911621094,376.4646911621093,364.79136740514474,376.4646911621093,12121400
2022-10-18,388.13800048828125,393.9746621497591,373.5463463345865,376.4646771653254,21135800
2022-10-19,396.8929748535156,396.8929748535157,385.21965206370635,388.1379827611587,18210000
2022-10-20,420.23968505859375,420.23968505859375,396.8930358886719,396.8930358886719,39883300
2022-10-21,399.81134033203125,423.15798794266084,399.81134033203125,420.23965699133214,23907100
2022-10-24,396.8929748535156,408.56629764332496,396.8929748535157,402.7296362484203,9440400
2022-10-25,411.48468017578125,414.4030112408577,396.89302485039894,396.89302485039894,39214300
2022-10-26,414.4029541015625,426.0762767523107,402.7296314508142,420.2396154269366,42870500
2022-10-27,414.4029541015625,420.2396154269366,405.6479621135013,414.4029541015625,36599100
2022-10-28,402.72967529296875,417.3213301948879,399.8113443125849,414.40299921450406,13426500
2022-10-31,405.64801025390625,408.5663412629271,399.8113482358644,402.7296792448853,21757600
2022-11-01,396.8929748535156,408.56629764332496,391.056313458611,408.56629764332496,28963800
2022-11-02,396.8929748535156,402.7296362484203,391.056313458611,396.8929748535157,42029600
2022-11-03,396.8929748535156,405.6479669458726,393.97464415606333,396.8929748535157,20682700
2022-11-04,399.81134033203125,402.72967128335995,391.05634747804515,396.89300938070255,14488300
2022-11-07,411.48468017578125,414.4030112408577,393.9746937853225,399.81135591547536,32128000
2022-11-08,405.64801025390625,414.40300328096896,402.7296792448853,414.40300328096896,19596300
2022-11-09,405.64801025390625,408.5663412629271,399.8113482358644,405.6480102539062,11052000
2022-11-10,393.9747009277344,405.6480253996673,391.0563698097512,405.6480253996673,16398800
2022-11-11,391.0563659667969,399.81135923471027,379.3830416095791,396.8930281454058,36072200
2022-11-14,391.0563659667969,393.9746970561014,385.219703788188,391.05636596679693,12130200
2022-11-15,391.0563659667969,393.9746970561014,388.13803487749243,391.05636596679693,8226300
2022-11-16,385.2196960449219,391.05635810620856,385.2196960449219,391.05635810620856,5173100
2022-11-17,382.3013916015625,391.0563853023616,382.3013916015625,385.2197228351622,9213200
2022-11-18,388.13800048828125,391.05633131902016,382.3013388268033,382.3013388268033,13369100
2022-11-21,391.0563659667969,393.9746970561014,385.219703788188,388.13803487749243,12003800
2022-11-22,391.0563659667969,393.9746970561014,388.13803487749243,393.9746970561014,7334900
2022-11-23,391.0563659667969,393.9746970561014,391.05636596679693,391.05636596679693,2651100
2022-11-24,396.8929748535156,399.811305550968,391.056313458611,393.97464415606333,12187800
2022-11-25,399.81134033203125,399.81134033203125,393.97467842937385,396.89300938070255,6733100
2022-11-28,399.81134033203125,402.72967128335995,393.97467842937385,396.89300938070255,6911400
2022-11-29,396.8929748535156,402.7296362484203,393.97464415606333,399.811305550968,4747000
2022-11-30,396.8929748535156,402.7296362484203,391.056313458611,396.8929748535157,11294500
2022-12-01,388.13800048828125,396.8929929804981,388.13800048828125,396.8929929804981,10652900
2022-12-02,388.13800048828125,393.9746621497591,388.13800048828125,391.05633131902016,7139800
2022-12-05,388.13800048828125,396.8929929804981,385.2196696575423,393.9746621497591,7690900
2022-12-06,382.3013916015625,388.1380540687619,382.3013916015625,388.1380540687619,6921400
2022-12-07,385.2196960449219,385.2196960449219,379.3830339836352,382.30136501427853,6348600
2022-12-08,388.13800048828125,388.13800048828125,376.4646771653254,385.2196696575423,11553100
2022-12-09,388.13800048828125,391.05633131902016,382.3013388268033,388.13800048828125,12120700
2022-12-12,385.2196960449219,388.1380270755652,382.30136501427853,388.1380270755652,5476800
2022-12-13,385.2196960449219,385.2196960449219,379.3830339836352,385.2196960449219,4738700
2022-12-14,379.3830261230469,388.1380190335787,376.4646951528696,385.21968806340146,8614800
2022-12-15,382.3013916015625,385.2197228351622,379.38306036796274,382.3013916015625,7697000
2022-12-16,382.3013916015625,382.3013916015625,376.46472913436304,382.3013916015625,4829000
2022-12-19,379.3830261230469,382.30135709322417,376.4646951528696,382.30135709322417,3706800
2022-12-20,376.4646911621094,382.30135304059166,376.4646911621093,382.30135304059166,3122100
2022-12-21,376.4646911621094,379.3830221013505,370.62802928362703,376.4646911621093,4137600
2022-12-22,376.4646911621094,379.3830221013505,373.5463602228682,376.4646911621093,2127700
2022-12-23,379.3830261230469,379.3830261230469,373.5463641826923,376.4646951528696,2268700
2022-12-26,379.3830261230469,379.3830261230469,373.5463641826923,379.3830261230469,1399700
2022-12-27,379.3830261230469,382.30135709322417,373.5463641826923,379.3830261230469,7562800
2022-12-28,373.54638671875,388.1380424499512,370.62805557250977,382.3013801574707,12285100
2022-12-29,376.4646911621094,376.4646911621093,367.70969834438586,373.5463602228682,3932000
2022-12-30,370.6280212402344,376.46468299204906,370.6280212402344,376.46468299204906,2417600
2023-01-02,373.54638671875,376.46471786499023,370.62805557250977,370.62805557250977,2584500
2023-01-03,376.4646911621094,382.30135304059166,373.5463602228682,376.4646911621093,6443900
2023-01-04,376.4646911621094,388.13801491907395,376.4646911621093,376.4646911621093,9482400
2023-01-05,353.1180114746094,379.3829875347043,350.1996808012655,379.3829875347043,25154700
2023-01-06,356.03631591796875,364.7913072930008,350.19965500128075,353.1179854596247,11662500
2023-01-09,364.7913818359375,370.6280439453125,356.03638867187505,356.03638867187505,10086000
2023-01-10,364.7913818359375,370.6280439453125,358.95471972656253,367.70971289062504,1776400
2023-01-11,364.7913818359375,367.70971289062504,358.95471972656253,364.7913818359375,2223600
2023-01-12,361.873046875,367.7097089213709,358.9547158518145,364.79137789818543,2136200
2023-01-13,367.709716796875,367.709716796875,361.873054625496,364.7913857111855,3395300
2023-01-16,364.7913818359375,367.70971289062504,358.95471972656253,367.70971289062504,2788200
2023-01-17,364.7913818359375,373.546375,361.87305078125,364.7913818359375,4903200
2023-01-18,364.7913818359375,367.70971289062504,358.95471972656253,364.7913818359375,5673200
2023-01-19,364.7913818359375,370.6280439453125,364.7913818359375,364.7913818359375,7077700
2023-01-20,364.7913818359375,367.70971289062504,358.95471972656253,361.87305078125,7286500
2023-01-24,364.7913818359375,367.70971289062504,361.87305078125,364.7913818359375,4215200
2023-01-25,364.7913818359375,367.70971289062504,358.95471972656253,364.7913818359375,7479800
2023-01-26,367.709716796875,367.709716796875,361.873054625496,364.7913857111855,15093700
2023-01-27,364.7913818359375,376.46470605468755,364.7913818359375,367.70971289062504,9627000
2023-01-30,361.873046875,367.7097089213709,361.873046875,364.79137789818543,6449300
2023-01-31,361.873046875,367.7097089213709,361.873046875,361.873046875,9626600
2023-02-01,361.873046875,367.7097089213709,358.9547158518145,364.79137789818543,9732400
2023-02-02,358.9546813964844,364.79134288260605,358.9546813964844,361.8730121395452,5197600
2023-02-03,356.03631591796875,361.87297683465675,356.03631591796875,361.87297683465675,7747800
2023-02-06,356.03631591796875,361.87297683465675,356.03631591796875,356.03631591796875,5639200
2023-02-07,358.9546813964844,361.8730121395452,356.03635065342354,356.03635065342354,7975300
2023-02-08,361.873046875,361.873046875,356.036384828629,361.873046875,5081200
2023-02-09,358.9546813964844,361.8730121395452,358.9546813964844,361.8730121395452,2308200
2023-02-10,358.9546813964844,361.8730121395452,356.03635065342354,358.9546813964844,4327100
2023-02-13,356.03631591796875,358.9546463763128,353.1179854596247,358.9546463763128,10558200
2023-02-14,364.7913818359375,367.70971289062504,356.03638867187505,358.95471972656253,18548500
2023-02-15,373.54638671875,376.46471786499023,364.7913932800293,364.7913932800293,13618400
2023-02-16,373.54638671875,376.46471786499023,361.87306213378906,373.54638671875,19410900
2023-02-17,367.709716796875,376.4647100539434,367.709716796875,373.546378968254,4894800
2023-02-20,373.54638671875,376.46471786499023,367.70972442626953,370.62805557250977,13747500
2023-02-21,370.6280212402344,376.46468299204906,367.709690364327,373.54635211614175,3876100
2023-02-22,370.6280212402344,370.6280212402344,364.7913594884197,370.6280212402344,7435400
2023-02-23,373.54638671875,373.54638671875,367.70972442626953,370.62805557250977,4069600
2023-02-24,373.54638671875,385.21971130371094,370.62805557250977,373.54638671875,29901000
2023-02-27,382.3013916015625,385.2197228351622,373.54639790076334,376.46472913436304,12950600
2023-02-28,382.3013916015625,385.2197228351622,373.54639790076334,382.3013916015625,9009500
2023-03-01,393.9747009277344,402.72969428168403,385.2197075737847,385.2197075737847,28236600
2023-03-02,388.13800048828125,399.81132381123706,388.13800048828125,396.8929929804981,18494500
2023-03-03,388.13800048828125,396.8929929804981,388.13800048828125,388.13800048828125,12867700
2023-03-06,393.9747009277344,393.9747009277344,388.138038691768,391.0563698097512,9968100
2023-03-07,382.3013916015625,393.9747165359613,379.38306036796274,393.9747165359613,10955300
2023-03-08,376.4646911621094,382.30135304059166,373.5463602228682,379.3830221013505,8259300
2023-03-09,382.3013916015625,382.3013916015625,376.46472913436304,376.46472913436304,4521700
2023-03-10,379.3830261230469,382.30135709322417,376.4646951528696,382.30135709322417,5095900
2023-03-13,370.6280212402344,379.38301386795644,367.709690364327,379.38301386795644,9690400
2023-03-14,364.7913818359375,373.546375,361.87305078125,370.6280439453125,12325800
2023-03-15,370.6280212402344,370.6280212402344,364.7913594884197,364.7913594884197,3038500
2023-03-16,361.873046875,370.6280399445564,358.9547158518145,370.6280399445564,6963800
2023-03-17,367.709716796875,367.709716796875,358.95472353980654,358.95472353980654,4778700
2023-03-20,361.873046875,367.7097089213709,361.873046875,367.7097089213709,1671700
2023-03-21,367.709716796875,367.709716796875,358.95472353980654,361.873054625496,4939400
2023-03-24,370.6280212402344,370.6280212402344,364.7913594884197,364.7913594884197,6427400
2023-03-27,367.709716796875,373.546378968254,364.7913857111855,370.6280478825645,4624900
2023-03-28,373.54638671875,373.54638671875,364.7913932800293,370.62805557250977,5209400
2023-03-29,373.54638671875,376.46471786499023,367.70972442626953,373.54638671875,3448800
2023-03-30,370.6280212402344,373.54635211614175,367.709690364327,373.54635211614175,2696100
2023-03-31,364.7913818359375,370.6280439453125,364.7913818359375,370.6280439453125,5181900
2023-04-03,376.4646911621094,388.13801491907395,364.79136740514474,364.79136740514474,25711500
2023-04-04,376.4646911621094,382.30135304059166,373.5463602228682,376.4646911621093,5575700
2023-04-05,367.709716796875,379.3830411396329,361.873054625496,379.3830411396329,24495300
2023-04-06,367.709716796875,370.6280478825645,364.7913857111855,367.709716796875,6383700
2023-04-10,370.6280212402344,370.6280212402344,367.709690364327,370.6280212402344,3176000
2023-04-11,373.54638671875,373.54638671875,367.70972442626953,370.62805557250977,4765700
2023-04-12,376.4646911621094,379.3830221013505,370.62802928362703,373.5463602228682,7597000
2023-04-13,373.54638671875,376.46471786499023,367.70972442626953,376.46471786499023,4270600
2023-04-14,373.54638671875,373.54638671875,367.70972442626953,373.54638671875,4972400
2023-04-17,373.54638671875,376.46471786499023,367.70972442626953,373.54638671875,4821300
2023-04-18,373.54638671875,376.46471786499023,367.70972442626953,373.54638671875,5321500
2023-04-26,379.3830261230469,382.30135709322417,370.628033212515,373.5463641826923,10209000
2023-04-27,379.3830261230469,382.30135709322417,373.5463641826923,379.3830261230469,7614300
2023-04-28,373.54638671875,379.38304901123047,370.62805557250977,379.38304901123047,13029600
2023-05-02,358.9546813964844,370.6280043687278,350.1996891673018,358.9546813964844,25686700
2023-05-03,353.1180114746094,364.79133416798487,350.1996808012655,364.79133416798487,8207100
2023-05-04,350.19964599609375,356.0363067626953,347.281315612793,347.281315612793,13423000
2023-05-05,364.7913818359375,364.7913818359375,347.28139550781253,347.28139550781253,17146800
2023-05-08,358.9546813964844,367.70967362566694,356.03635065342354,364.79134288260605,7645100
2023-05-09,361.873046875,361.873046875,356.036384828629,358.9547158518145,8314000
2023-05-10,361.873046875,361.873046875,358.9547158518145,361.873046875,2767000
2023-05-11,356.03631591796875,367.70963775134476,353.1179854596247,361.87297683465675,8891300
2023-05-12,361.873046875,361.873046875,353.11805380544354,356.036384828629,11515000
2023-05-15,358.9546813964844,361.8730121395452,356.03635065342354,361.8730121395452,7795400
2023-05-16,353.1180114746094,361.873003494641,344.36301945457774,361.873003494641,24229900
2023-05-17,350.19964599609375,353.1179763793945,347.281315612793,353.1179763793945,12125400
2023-05-19,341.4446716308594,353.1179937378973,341.4446716308594,353.1179937378973,12800000
2023-05-22,344.36297607421875,347.28130637993246,338.52631546279133,341.44464576850504,11440600
2023-05-23,344.36297607421875,347.28130637993246,341.44464576850504,347.28130637993246,16791700
2023-05-24,350.19964599609375,353.1179763793945,344.3629852294922,344.3629852294922,19865200
2023-05-25,344.36297607421875,350.1996366856462,341.44464576850504,350.1996366856462,17297600
2023-05-26,346.2345886230469,352.473049679318,343.11535809491136,352.473049679318,12705300
2023-05-29,343.11529541015625,352.47298528497873,343.11529541015625,346.2345253684304,4683000
2023-05-30,336.8768615722656,346.23455217149524,333.75763137252244,343.11532197175205,8907600
2023-05-31,324.3999328613281,339.9960834796612,321.2807027376615,336.87685335599457,9218900
2023-06-05,318.1614990234375,327.51919017118564,315.0422686408548,327.51919017118564,11064700
2023-06-06,318.1614990234375,321.2807294060202,315.0422686408548,318.1614990234375,8945500
2023-06-07,324.3999328613281,333.75762323232794,318.1614726139949,321.2807027376615,9933600
2023-06-08,333.7575988769531,333.7575988769531,321.28067929276796,324.39990918881426,12705400
2023-06-09,336.8768615722656,336.8768615722656,327.519170973036,333.75763137252244,6479100
2023-06-12,339.9961242675781,339.9961242675781,333.7576632718428,336.8768937697105,8138100
2023-06-13,336.8768615722656,339.99609177200887,327.519170973036,339.99609177200887,14073000
2023-06-14,339.9961242675781,339.9961242675781,333.7576632718428,336.8768937697105,6260600
2023-06-15,336.8768615722656,339.99609177200887,333.75763137252244,339.99609177200887,4579200
2023-06-16,352.4730224609375,352.4730224609375,333.7576407373479,333.7576407373479,17785800
2023-06-19,355.5922546386719,358.7114849425199,349.3537940309759,355.5922546386719,8125700
2023-06-20,355.5922546386719,355.5922546386719,346.2345637271279,355.5922546386719,8369600
2023-06-21,352.4730224609375,358.7114830354674,349.35379217367256,355.59225274820244,13252700
2023-06-22,352.4730224609375,355.59225274820244,349.35379217367256,355.59225274820244,9090100
2023-06-23,343.11529541015625,352.47298528497873,343.11529541015625,352.47298528497873,4699500
2023-06-26,339.9961242675781,346.23458526331353,333.7576632718428,346.23458526331353,5249200
2023-06-27,343.11529541015625,343.11529541015625,336.876835493608,339.9960654518821,3410400
2023-07-03,352.4730224609375,352.4730224609375,336.8768710246128,343.1153315991427,19729900
2023-07-04,349.3537902832031,364.94994163513184,349.3537902832031,352.47302055358887,11912800
2023-07-05,361.8306884765625,361.8306884765625,349.35376818426727,349.35376818426727,9588200
2023-07-06,358.71148681640625,361.8307171365489,355.5922564962636,361.8307171365489,7340800
2023-07-07,374.3076171875,383.6653076171875,355.592236328125,361.83069661458336,68552400
2023-07-10,386.7845764160156,386.7845764160156,374.3076545961441,374.3076545961441,25479400
2023-07-11,386.7845764160156,396.1422677809192,380.5461155060799,386.7845764160156,36885800
2023-07-12,383.6653137207031,396.1422344921081,383.6653137207031,386.7845439135544,16163500
2023-07-13,383.6653137207031,386.7845439135544,377.42685333500066,386.7845439135544,15214900
2023-07-14,383.6653137207031,386.7845439135544,374.3076231421494,383.6653137207031,9183600
2023-07-17,377.42681884765625,386.78450857115183,374.30758893982437,386.78450857115183,28304300
2023-07-18,368.06915283203125,377.4268431582694,368.0691528320313,377.4268431582694,14238700
2023-07-20,374.3076171875,377.4268473307292,364.94992675781253,368.0691569010417,7726200
2023-07-21,383.6653137207031,383.6653137207031,374.3076231421494,377.42685333500066,11683100
2023-07-24,383.6653137207031,389.90377410640565,377.42685333500066,383.6653137207031,10455000
2023-07-25,380.5460510253906,389.90374080470355,380.5460510253907,386.7845108782659,6288900
2023-07-26,374.3076171875,380.54607747395835,371.1883870442709,380.54607747395835,15314100
2023-07-27,374.3076171875,386.7845377604167,374.30761718750006,374.30761718750006,9053000
2023-07-28,371.1883544921875,377.426814231552,368.0691246225052,377.426814231552,4371800
2023-07-31,355.5922546386719,374.3076364617599,352.4730243348239,364.9499455502159,21999900
2023-08-01,355.5922546386719,358.7114849425199,349.3537940309759,352.4730243348239,11412900
2023-08-02,355.5922546386719,355.5922546386719,346.2345637271279,355.5922546386719,5767400
2023-08-03,358.71148681640625,361.8307171365489,352.4730261761209,352.4730261761209,6411900
2023-08-04,355.5922546386719,361.8307152463679,352.4730243348239,358.7114849425199,2412300
2023-08-07,355.5922546386719,364.9499455502159,349.3537940309759,352.4730243348239,10790700
2023-08-08,358.71148681640625,358.71148681640625,349.35379585597826,355.5922564962636,4032400
2023-08-09,349.3537902832031,358.71148109436035,349.3537902832031,355.5922508239746,4835600
2023-08-10,352.4730224609375,355.59225274820244,349.35379217367256,352.4730224609375,2570900
2023-08-11,358.71148681640625,358.71148681640625,349.35379585597826,352.4730261761209,5489400
2023-08-14,349.3537902832031,358.71148109436035,349.3537902832031,358.71148109436035,8680800
2023-08-15,361.8306884765625,361.8306884765625,349.35376818426727,352.4729982573411,6045400
2023-08-16,355.5922546386719,361.8307152463679,349.3537940309759,361.8307152463679,2951600
2023-08-18,358.71148681640625,358.71148681640625,352.4730261761209,355.5922564962636,2421500
2023-08-21,352.4730224609375,358.7114830354674,349.35379217367256,358.7114830354674,2147400
2023-08-22,358.71148681640625,358.71148681640625,349.35379585597826,352.4730261761209,9226300
2023-08-23,352.4730224609375,358.7114830354674,349.35379217367256,358.7114830354674,8056700
2023-08-24,352.4730224609375,355.59225274820244,349.35379217367256,355.59225274820244,3838200
2023-08-25,352.4730224609375,352.4730224609375,349.35379217367256,352.4730224609375,3317400
2023-08-28,352.4730224609375,355.59225274820244,349.35379217367256,352.4730224609375,2399700
2023-08-29,352.4730224609375,355.59225274820244,349.35379217367256,352.4730224609375,1772400
2023-08-30,355.5922546386719,355.5922546386719,346.2345637271279,355.5922546386719,6231600
2023-08-31,361.8306884765625,368.06914862271014,349.35376818426727,355.5922283304149,14388400
2023-09-01,355.5922546386719,361.8307152463679,352.4730243348239,361.8307152463679,4132800
2023-09-04,355.5922546386719,358.7114849425199,349.3537940309759,355.5922546386719,4605100
2023-09-05,352.4730224609375,355.59225274820244,349.35379217367256,355.59225274820244,2140300
2023-09-06,349.3537902832031,358.71148109436035,349.3537902832031,352.47302055358887,11204200
2023-09-07,346.2345886230469,355.59228020745354,346.2345886230469,352.473049679318,6514200
2023-09-08,339.9961242675781,346.23458526331353,336.8768937697105,346.23458526331353,11702900
2023-09-11,355.5922546386719,355.5922546386719,336.8768728155839,339.9961031194319,11876200
2023-09-12,346.2345886230469,355.59228020745354,343.11535809491136,355.59228020745354,9393600
2023-09-13,346.2345886230469,352.473049679318,343.11535809491136,346.2345886230469,9282300
2023-09-14,339.9961242675781,349.3538157611812,339.9961242675781,346.23458526331353,6842700
2023-09-15,346.2345886230469,346.2345886230469,339.9961275667758,343.11535809491136,5458400
2023-09-18,336.8768615722656,346.23455217149524,336.8768615722656,346.23455217149524,6091000
2023-09-19,336.8768615722656,339.99609177200887,333.75763137252244,336.8768615722656,4818900
2023-09-20,355.5922546386719,358.7114849425199,336.8768728155839,336.8768728155839,21045600
2023-09-21,352.4730224609375,361.8307133227323,346.2345618864076,361.8307133227323,17461400
2023-09-22,358.71148681640625,371.1884080969769,349.35379585597826,352.4730261761209,25060700
2023-09-25,377.42681884765625,383.66527866331995,361.8306693084969,361.8306693084969,40612000
2023-09-26,358.71148681640625,383.66532937754755,355.5922564962636,383.66532937754755,55711500
2023-09-27,358.71148681640625,361.8307171365489,355.5922564962636,361.8307171365489,20131700
2023-09-29,358.71148681640625,361.8307171365489,352.4730261761209,358.71148681640625,6058800
2023-10-02,355.5922546386719,358.7114849425199,349.3537940309759,358.7114849425199,11602500
2023-10-03,352.4730224609375,355.59225274820244,349.35379217367256,355.59225274820244,10466600
2023-10-04,336.8768615722656,352.47301257098167,327.519170973036,352.47301257098167,36219100
2023-10-05,339.9961242675781,346.23458526331353,333.7576632718428,333.7576632718428,7551200
2023-10-06,343.11529541015625,343.11529541015625,333.7576055353338,339.9960654518821,5799300
2023-10-09,339.9961242675781,343.11535476544583,333.7576632718428,343.11535476544583,4728200
2023-10-10,339.9961242675781,346.23458526331353,333.7576632718428,343.11535476544583,5177600
2023-10-11,339.9961242675781,343.11535476544583,333.7576632718428,339.9961242675781,9280400
2023-10-12,336.8768615722656,339.99609177200887,333.75763137252244,339.99609177200887,3565100
2023-10-13,336.8768615722656,339.99609177200887,330.63840117277925,336.8768615722656,6670300
2023-10-16,336.8768615722656,336.8768615722656,327.519170973036,336.8768615722656,10183900
2023-10-17,336.8768615722656,339.99609177200887,330.63840117277925,336.8768615722656,8850700
2023-10-18,327.5191650390625,336.87685546875,327.5191650390625,336.87685546875,19427300
2023-10-19,330.638427734375,333.75765818469927,324.3999668337264,327.5191972840507,9052000
2023-10-20,333.7575988769531,333.7575988769531,324.39990918881426,330.6383689809069,5819400
2023-10-23,330.638427734375,336.8768886350236,324.3999668337264,336.8768886350236,4192600
2023-10-24,333.7575988769531,333.7575988769531,327.51913908486057,333.7575988769531,7601100
2023-10-25,336.8768615722656,339.99609177200887,327.519170973036,333.75763137252244,9136100
2023-10-26,346.2345886230469,349.35381915118245,333.75766651050463,333.75766651050463,19155100
2023-10-27,343.11529541015625,349.3537553267046,339.9960654518821,346.2345253684304,3963900
2023-10-30,336.8768615722656,346.23455217149524,333.75763137252244,343.11532197175205,3955700
2023-10-31,343.11529541015625,343.11529541015625,330.63837557705966,339.9960654518821,5353500
2023-11-01,330.638427734375,374.3076540389151,330.638427734375,374.3076540389151,6593600
2023-11-02,339.9961242675781,339.9961242675781,330.63843277397507,330.63843277397507,5454200
2023-11-03,330.638427734375,339.99611908534786,324.3999668337264,336.8768886350236,7892000
2023-11-06,336.8768615722656,336.8768615722656,330.63840117277925,330.63840117277925,4690900
2023-11-07,336.8768615722656,339.99609177200887,330.63840117277925,336.8768615722656,6939600
2023-11-08,339.9961242675781,339.9961242675781,333.7576632718428,336.8768937697105,4821800
2023-11-09,339.9961242675781,339.9961242675781,333.7576632718428,339.9961242675781,1942200
2023-11-10,339.9961242675781,349.3538157611812,333.7576632718428,339.9961242675781,5637300
2023-11-13,339.9961242675781,346.23458526331353,333.7576632718428,343.11535476544583,1134200
2023-11-14,336.8768615722656,339.99609177200887,333.75763137252244,339.99609177200887,1668400
2023-11-15,343.11529541015625,346.2345253684304,336.876835493608,336.876835493608,5495700
2023-11-16,339.9961242675781,346.23458526331353,336.8768937697105,343.11535476544583,2783200
2023-11-17,336.8768615722656,343.11532197175205,333.75763137252244,339.99609177200887,3807200
2023-11-20,336.8768615722656,339.99609177200887,330.63840117277925,336.8768615722656,3785700
2023-11-21,336.8768615722656,336.8768615722656,330.63840117277925,336.8768615722656,3465400
2023-11-22,333.7575988769531,336.87682877299943,330.6383689809069,336.87682877299943,1493800
2023-11-23,333.7575988769531,336.87682877299943,330.6383689809069,333.7575988769531,1724200
2023-11-24,355.5922546386719,358.7114849425199,330.6384122078879,333.7576425117359,18437000
2023-11-27,349.3537902832031,358.71148109436035,343.11532974243164,355.5922508239746,17109000
2023-11-28,343.11529541015625,349.3537553267046,339.9960654518821,349.3537553267046,3988000
2023-11-29,339.9961242675781,343.11535476544583,339.9961242675781,343.11535476544583,590800
2023-11-30,336.8768615722656,343.11532197175205,333.75763137252244,339.99609177200887,1663200
2023-12-01,336.8768615722656,339.99609177200887,333.75763137252244,336.8768615722656,2372800
2023-12-04,336.8768615722656,339.99609177200887,330.63840117277925,336.8768615722656,2117000
2023-12-05,336.8768615722656,339.99609177200887,330.63840117277925,336.8768615722656,2197400
2023-12-06,333.7575988769531,336.87682877299943,330.6383689809069,336.87682877299943,5985500
2023-12-07,330.638427734375,333.75765818469927,327.5191972840507,333.75765818469927,4755600
2023-12-08,336.8768615722656,339.99609177200887,333.75763137252244,333.75763137252244,3651100
2023-12-11,339.9961242675781,339.9961242675781,333.7576632718428,336.8768937697105,4917300
2023-12-12,343.11529541015625,343.11529541015625,333.7576055353338,339.9960654518821,5478600
2023-12-13,339.9961242675781,343.11535476544583,333.7576632718428,343.11535476544583,3354400
2023-12-14,339.9961242675781,339.9961242675781,333.7576632718428,339.9961242675781,5827500
2023-12-15,339.9961242675781,339.9961242675781,333.7576632718428,339.9961242675781,2527100
2023-12-18,339.9961242675781,339.9961242675781,333.7576632718428,339.9961242675781,3238900
2023-12-19,333.7575988769531,339.99605866904574,333.7575988769531,336.87682877299943,830300
2023-12-20,336.8768615722656,339.99609177200887,333.75763137252244,333.75763137252244,2097500
2023-12-21,336.8768615722656,339.99609177200887,330.63840117277925,336.8768615722656,3788300
2023-12-22,336.8768615722656,339.99609177200887,333.75763137252244,336.8768615722656,2189900
2023-12-27,333.7575988769531,339.99605866904574,330.6383689809069,336.87682877299943,5177500
2023-12-28,336.8768615722656,336.8768615722656,330.63840117277925,333.75763137252244,1411700
2023-12-29,339.9961242675781,339.9961242675781,330.63843277397507,336.8768937697105,2904300
2024-01-02,339.9961242675781,339.9961242675781,336.8768937697105,336.8768937697105,1672300
2024-01-03,339.9961242675781,339.9961242675781,336.8768937697105,339.9961242675781,1642300
2024-01-04,339.9961242675781,343.11535476544583,336.8768937697105,339.9961242675781,1529300
2024-01-05,343.11529541015625,343.11529541015625,336.876835493608,339.9960654518821,3176600
2024-01-08,339.9961242675781,346.23458526331353,333.7576632718428,343.11535476544583,3626700
2024-01-09,333.7575988769531,339.99605866904574,330.6383689809069,339.99605866904574,3981400
2024-01-10,336.8768615722656,336.8768615722656,330.63840117277925,333.75763137252244,2299100
2024-01-11,339.9961242675781,339.9961242675781,333.7576632718428,336.8768937697105,2437900
2024-01-12,343.11529541015625,343.11529541015625,333.7576055353338,339.9960654518821,3067000
2024-01-15,343.11529541015625,343.11529541015625,343.11529541015625,343.11529541015625,0
2024-01-16,349.3537902832031,349.3537902832031,339.9960994720459,346.2345600128174,8253600
2024-01-17,346.2345886230469,349.35381915118245,339.9961275667758,349.35381915118245,4830000
2024-01-18,349.3537902832031,352.47302055358887,339.9960994720459,346.2345600128174,6598900
2024-01-19,349.3537902832031,349.3537902832031,343.11532974243164,349.3537902832031,2000500
2024-01-22,343.11529541015625,349.3537553267046,343.11529541015625,349.3537553267046,1988000
2024-01-23,343.11529541015625,346.2345253684304,336.876835493608,343.11529541015625,7431200
2024-01-24,336.8768615722656,343.11532197175205,336.8768615722656,343.11532197175205,4031600
2024-01-25,346.2345886230469,346.2345886230469,336.8768970386402,336.8768970386402,5784000
2024-01-26,346.2345886230469,346.2345886230469,339.9961275667758,346.2345886230469,8604000
2024-01-29,339.9961242675781,346.23458526331353,339.9961242675781,343.11535476544583,2160300
2024-01-30,346.2345886230469,346.2345886230469,339.9961275667758,343.11535809491136,2969700
2024-01-31,349.3537902832031,349.3537902832031,343.11532974243164,346.2345600128174,3320600
2024-02-01,349.3537902832031,352.47302055358887,343.11532974243164,349.3537902832031,3860200
2024-02-02,349.3537902832031,352.47302055358887,346.2345600128174,349.3537902832031,3953200
2024-02-05,352.4730224609375,352.4730224609375,346.2345618864076,349.35379217367256,2170200
2024-02-06,355.5922546386719,355.5922546386719,349.3537940309759,352.4730243348239,3912900
2024-02-07,355.5922546386719,358.7114849425199,349.3537940309759,358.7114849425199,3819300
2024-02-12,352.4730224609375,358.7114830354674,349.35379217367256,352.4730224609375,6854800
2024-02-13,343.11529541015625,352.47298528497873,343.11529541015625,352.47298528497873,7267100
2024-02-15,346.2345886230469,349.35381915118245,339.9961275667758,343.11535809491136,15200600
2024-02-16,343.11529541015625,349.3537553267046,339.9960654518821,346.2345253684304,8738700
2024-02-19,339.9961242675781,343.11535476544583,339.9961242675781,343.11535476544583,5024800
2024-02-20,343.11529541015625,346.2345253684304,339.9960654518821,343.11529541015625,2800600
2024-02-21,336.8768615722656,343.11532197175205,336.8768615722656,343.11532197175205,6059200
2024-02-22,339.9961242675781,343.11535476544583,336.8768937697105,339.9961242675781,3206600
2024-02-23,339.9961242675781,343.11535476544583,336.8768937697105,336.8768937697105,3780300
2024-02-26,339.9961242675781,346.23458526331353,336.8768937697105,339.9961242675781,4919000
2024-02-27,339.9961242675781,343.11535476544583,339.9961242675781,339.9961242675781,2701000
2024-02-28,339.9961242675781,346.23458526331353,336.8768937697105,339.9961242675781,3459500
2024-02-29,339.9961242675781,343.11535476544583,339.9961242675781,339.9961242675781,3250000
2024-03-01,339.9961242675781,343.11535476544583,336.8768937697105,339.9961242675781,2581800
2024-03-04,346.2345886230469,346.2345886230469,339.9961275667758,339.9961275667758,11057900
2024-03-05,343.11529541015625,349.3537553267046,343.11529541015625,346.2345253684304,4326900
2024-03-06,352.4730224609375,352.4730224609375,343.1153315991427,346.2345618864076,7969600
2024-03-07,355.5922546386719,358.7114849425199,349.3537940309759,352.4730243348239,10280200
2024-03-08,358.71148681640625,358.71148681640625,352.4730261761209,355.5922564962636,4859700
2024-03-13,358.71148681640625,364.9499474566916,355.5922564962636,358.71148681640625,11575500
2024-03-14,368.06915283203125,374.30761304952335,355.59223239704716,358.7114625057932,20877800
2024-03-15,374.3076171875,377.4268473307292,368.0691569010417,371.1883870442709,19982400
2024-03-18,377.42681884765625,383.66527866331995,368.0691291241606,371.1883590319925,20046600
2024-03-19,377.42681884765625,380.54604875548813,371.1883590319925,377.42681884765625,6626500
2024-03-20,374.3076171875,377.4268473307292,371.1883870442709,377.4268473307292,2446900
2024-03-21,374.3076171875,377.4268473307292,374.30761718750006,377.4268473307292,3180600
2024-03-22,364.9499206542969,374.307610927484,361.8306905632345,374.307610927484,8762200
2024-03-25,364.9499206542969,364.9499206542969,364.9499206542969,364.9499206542969,0
2024-03-26,364.9499206542969,364.9499206542969,364.9499206542969,364.9499206542969,0
2024-03-27,368.06915283203125,371.18838294077733,364.9499227232852,368.0691528320313,1347300
2024-03-28,364.9499206542969,368.06915074535925,364.9499206542969,368.06915074535925,2292300
2024-04-01,368.06915283203125,368.0691528320313,361.8306926145392,368.0691528320313,3392000
2024-04-02,371.1883544921875,371.1883544921875,364.949894752823,368.0691246225052,4738900
2024-04-03,386.7845764160156,389.9038068709835,368.0691936862084,371.18842414117626,23122100
2024-04-04,380.5460510253906,393.0229707311412,377.42682109895304,386.7845108782659,19055200
2024-04-05,386.7845764160156,389.9038068709835,377.42688505111204,377.42688505111204,7857800
2024-04-16,383.6653137207031,389.90377410640565,377.42685333500066,383.6653137207031,14068100
2024-04-17,380.5460510253906,389.90374080470355,377.42682109895304,380.5460510253907,6721300
2024-04-18,377.42681884765625,383.66527866331995,374.30758893982437,383.66527866331995,6421600
2024-04-19,374.3076171875,377.4268473307292,364.94992675781253,377.4268473307292,9715900
2024-04-22,383.6653137207031,383.6653137207031,371.18839294929813,374.3076231421494,10383800
2024-04-23,389.90380859375,396.14226953125,380.5461171875,383.66534765625,16099100
2024-04-24,389.90380859375,393.0230390625,383.66534765625,393.0230390625,6438400
2024-04-25,380.5460510253906,393.0229707311412,374.3075911725154,389.90374080470355,24412300
2024-04-26,377.42681884765625,383.66527866331995,374.30758893982437,380.54604875548813,4568400
2024-04-29,389.90380859375,389.90380859375,374.30765625,374.30765625,10412700
2024-04-30,389.90380859375,396.14226953125,386.784578125,389.90380859375,18468600
2024-05-02,411.7384338378906,417.9768949566465,377.42689768473304,386.78458936286694,47488700
2024-05-03,408.61920166015625,417.97689330122853,405.4999711131321,411.7384322071803,21379900
2024-05-06,411.7384338378906,421.0961255160245,405.4999727191347,411.73843383789057,32077400
2024-05-07,411.7384338378906,417.9768949566465,408.61920327851266,417.9768949566465,19799600
2024-05-08,405.4999694824219,414.8576610858624,402.3807389479417,414.8576610858624,20825800
2024-05-13,402.3807373046875,411.7384288699128,399.26150678294573,408.61919834817104,33890100
2024-05-14,396.14227294921875,408.61919493187133,396.1422729492188,405.4999644362082,42458200
2024-05-15,393.22943115234375,418.7165239122179,378.6653781467014,396.87044440375433,35776200
2024-05-16,404.1524963378906,407.7935098184122,389.5884424158045,393.229455896326,14744700
2024-05-17,404.1524963378906,411.4345232989337,400.5114828573691,407.7935098184122,13052000
2024-05-20,400.511474609375,407.7935014204545,400.511474609375,404.15248801491475,11603400
2024-05-21,393.22943115234375,404.1524709065755,393.22943115234375,404.1524709065755,19068500
2024-05-22,400.511474609375,404.15248801491475,393.22944779829544,393.22944779829544,2910200
2024-05-27,400.511474609375,404.15248801491475,396.8704612038352,400.511474609375,3350700
2024-05-28,407.7934875488281,411.4345008305141,400.51146098545615,400.51146098545615,7238900
2024-05-29,404.1524963378906,411.4345232989337,404.1524963378906,407.7935098184122,2080400
2024-05-30,400.511474609375,407.7935014204545,396.8704612038352,404.15248801491475,8025500
2024-05-31,407.7934875488281,411.4345008305141,400.51146098545615,400.51146098545615,5074700
2024-06-03,411.43450927734375,415.0755226337804,404.1524825644704,407.7934959209071,5460700
2024-06-04,425.9985046386719,425.9985046386719,411.4344531980335,411.4344531980335,10342200
2024-06-05,418.716552734375,425.9985797384511,415.07553923233695,425.9985797384511,5038900
2024-06-06,418.716552734375,422.35756623641305,415.07553923233695,418.716552734375,1573500
2024-06-07,407.7934875488281,422.35754067557195,407.7934875488281,418.716527393886,6889100
2024-06-10,415.07550048828125,415.07550048828125,407.79347416392545,407.79347416392545,2047900
2024-06-11,407.7934875488281,415.07551411220004,404.15247426714217,415.07551411220004,4682800
2024-06-12,407.7934875488281,411.4345008305141,400.51146098545615,407.7934875488281,8597000
2024-06-13,407.7934875488281,415.07551411220004,404.15247426714217,407.7934875488281,6315900
2024-06-14,407.7934875488281,407.7934875488281,400.51146098545615,407.7934875488281,10376300
2024-06-19,404.1524963378906,411.4345232989337,400.5114828573691,404.1524963378906,5955600
2024-06-20,407.7934875488281,407.7934875488281,400.51146098545615,404.15247426714217,10968400
2024-06-21,411.43450927734375,411.43450927734375,404.1524825644704,407.7934959209071,2820600
2024-06-24,407.7934875488281,411.4345008305141,404.15247426714217,411.4345008305141,3502000
2024-06-25,407.7934875488281,411.4345008305141,400.51146098545615,407.7934875488281,10883200
2024-06-26,404.1524963378906,407.7935098184122,400.5114828573691,407.7935098184122,5951900
2024-06-27,407.7934875488281,407.7934875488281,404.15247426714217,404.15247426714217,3522500
2024-06-28,407.7934875488281,411.4345008305141,400.51146098545615,407.7934875488281,5493700
2024-07-01,418.716552734375,422.35756623641305,404.15249872622286,404.15249872622286,14146700
2024-07-02,411.43450927734375,418.7165359902171,407.7934959209071,418.7165359902171,4423900
2024-07-03,411.43450927734375,415.0755226337804,407.7934959209071,411.43450927734375,4349100
2024-07-04,415.07550048828125,415.07550048828125,411.43448732610335,415.07550048828125,2057500
2024-07-05,415.07550048828125,418.71651365045915,411.43448732610335,415.07550048828125,8036300
2024-07-08,411.43450927734375,418.7165359902171,407.7934959209071,415.0755226337804,15225600
2024-07-09,418.716552734375,418.716552734375,411.4345257302989,411.4345257302989,5833400
2024-07-10,415.07550048828125,418.71651365045915,411.43448732610335,418.71651365045915,4607700
2024-07-11,418.716552734375,418.716552734375,411.4345257302989,415.07553923233695,3733000
2024-07-12,418.716552734375,418.716552734375,415.07553923233695,418.716552734375,4258100
2024-07-15,418.716552734375,422.35756623641305,415.07553923233695,415.07553923233695,3152700
2024-07-16,425.9985046386719,425.9985046386719,418.7164789183527,418.7164789183527,4090400
2024-07-17,429.6395568847656,436.92158327264303,422.3575304968883,436.92158327264303,3973800
2024-07-18,422.3575439453125,433.2805838749327,422.3575439453125,429.6395705650593,7362200
2024-07-19,425.9985046386719,425.9985046386719,418.7164789183527,418.7164789183527,8071600
2024-07-22,436.9216003417969,436.9216003417969,422.3575469970703,425.99856033325193,4693300
2024-07-23,429.6395568847656,436.92158327264303,429.6395568847656,436.92158327264303,2672400
2024-07-24,429.6395568847656,436.92158327264303,429.6395568847656,433.28057007870433,1459400
2024-07-25,455.1266784667969,462.4087053222656,422.35755761718747,429.6395844726562,39591800
2024-07-26,469.6907043457031,469.6907043457031,455.12665149777433,455.12665149777433,30874600
2024-07-29,473.33172607421875,480.6137526292067,466.0496995192307,469.6907127967247,12910300
2024-07-30,476.9727783203125,480.61379189527673,473.33176474534827,473.33176474534827,9522800
2024-07-31,476.9727783203125,476.9727783203125,462.4087240204556,476.9727783203125,8262300
2024-08-01,480.6138000488281,484.2548136855617,469.6907591386275,473.33177277536106,11287500
2024-08-02,495.1778564453125,495.1778564453125,476.97278819364664,480.6138018439798,27360700
2024-08-05,495.1778564453125,502.45988374597886,480.6138018439798,498.8188700956457,37726400
2024-08-06,502.4598083496094,502.4598083496094,480.6137297257133,491.5367690376613,18447200
2024-08-07,495.1778564453125,502.45988374597886,487.89582914464614,498.8188700956457,12650300
2024-08-08,495.1778564453125,495.1778564453125,487.89582914464614,495.1778564453125,5747700
2024-08-09,513.3829345703125,517.0239482906693,487.8958385278147,495.17786596852835,35611200
2024-08-12,513.3829345703125,517.0239482906693,506.1009071295988,513.3829345703125,9193000
2024-08-13,517.02392578125,520.6649393430898,506.10088509573063,513.3829122194102,12040800
2024-08-14,513.3829345703125,520.6649620110261,506.1009071295988,517.0239482906693,11398700
2024-08-15,502.4598083496094,513.3828476615574,498.8187952456267,513.3828476615574,5736400
2024-08-16,502.4598083496094,506.10082145359206,495.177782141644,498.8187952456267,6087400
2024-08-19,491.53680419921875,502.4598442925347,491.5368041992187,502.4598442925347,11958800
2024-08-20,498.81884765625,502.45986114279196,491.53682068316607,495.17783416970804,4535800
2024-08-21,498.81884765625,502.45986114279196,491.53682068316607,498.81884765625,5599800
2024-08-22,491.53680419921875,498.818830928096,491.5368041992187,498.818830928096,5256300
2024-08-23,502.4598083496094,502.4598083496094,487.89575593367863,495.177782141644,4580300
2024-08-26,502.4598083496094,506.10082145359206,498.8187952456267,502.4598083496094,8046500
2024-08-27,502.4598083496094,509.7418345575747,502.4598083496094,502.4598083496094,4986200
2024-08-28,509.7418518066406,509.7418518066406,502.45982535226005,502.45982535226005,4396100
2024-08-29,506.100830078125,509.74184324415467,495.177790580036,509.74184324415467,17611000
2024-08-30,502.4598083496094,509.7418345575747,498.8187952456267,506.10082145359206,6794300
2024-09-02,509.7418518066406,513.3828650338309,498.81881212506977,502.45982535226005,10023000
2024-09-03,509.7418518066406,509.7418518066406,506.10083857945034,509.7418518066406,4233700
2024-09-04,506.100830078125,509.74184324415467,498.81880374606567,509.74184324415467,3357000
2024-09-05,535.22900390625,553.4340720663266,495.1778539540817,506.1008948501276,63960700
2024-09-06,582.5621337890625,582.5621337890625,538.8699737548828,542.5109870910644,86947000
2024-09-09,560.716064453125,586.2031582919034,553.4340376420454,586.2031582919034,41483600
2024-09-10,575.2801513671875,578.9211649834356,560.7160969021954,560.7160969021954,30143500
2024-09-11,571.6390380859375,582.5620770302547,564.3570121230593,575.2800510673766,16667300
2024-09-12,600.7672119140625,604.4082253196023,571.6391046697443,571.6391046697443,27924900
2024-09-13,589.8441772460938,608.0492444450473,582.5621503665124,600.7672175654659,13696800
2024-09-17,586.2031860351562,600.7672403465887,575.2801453015819,589.8441996130143,10560500
2024-09-18,582.5621337890625,597.126187133789,578.9211204528808,589.8441604614258,7537100
2024-09-19,593.4851684570312,604.4082083672834,582.5621285467791,582.5621285467791,14112900
2024-09-20,611.690185546875,626.2542375837054,604.4081595284598,611.690185546875,28429500
2024-09-23,622.6133422851562,622.6133422851562,608.0492874948602,615.3313148900082,11054000
2024-09-24,615.3312377929688,622.6132642757258,611.6902245515903,622.6132642757258,11388300
2024-09-25,626.2542724609375,637.1773120968841,608.0492064010265,622.6132592489553,15188900
2024-09-26,618.9722900390625,648.1003978056066,615.3312765682444,626.2543169806985,32832300
2024-09-27,615.3312377929688,622.6132642757258,593.4851583446977,622.6132642757258,24544700
2024-09-30,589.8441772460938,615.3312713246287,586.2031638063031,611.690257884838,19218800
2024-10-01,597.1261596679688,615.3312255115044,578.9210938244331,593.4851464992616,42557500
2024-10-02,604.4082641601562,611.6902914391943,597.1262368811182,597.1262368811182,31710300
2024-10-03,615.3312377929688,622.6132642757258,600.7671848274547,611.6902245515903,23950800
2024-10-04,615.3312377929688,622.6132642757258,608.0492113102117,622.6132642757258,9133100
2024-10-07,629.8953247070312,651.7414053327086,615.3312709565796,615.3312709565796,45173400
2024-10-08,622.6133422851562,633.5363833778783,611.6903011924342,629.8953696803043,12820800
2024-10-09,633.536376953125,637.1773906137752,615.3313086498742,618.9723223105244,13688300
2024-10-10,637.1774291992188,644.4594569614956,629.8954014369419,629.8954014369419,14034300
2024-10-11,648.1004028320312,662.6644568282567,633.5363488358058,633.5363488358058,21087000
2024-10-14,659.0233764648438,673.5874289834038,640.8183108166436,648.1003370759237,21569000
2024-10-15,677.2284545898438,677.2284545898438,659.0233886062458,659.0233886062458,12199200
2024-10-16,680.8695068359375,691.7925470525568,673.5874800248579,677.2284934303976,13223200
2024-10-17,677.2284545898438,688.1514941800026,669.9464281964046,684.510480983283,16692800
2024-10-18,677.2284545898438,680.8694677865634,669.9464281964046,680.8694677865634,11663800
2024-10-21,695.43359375,699.0746073298429,677.2285258507853,677.2285258507853,8884000
2024-10-22,702.7155151367188,709.9975412003116,691.7924760413293,699.0745021049222,13167300
2024-10-23,695.43359375,724.5617023887435,691.7925801701571,706.3566344895288,39502500
2024-10-24,662.6644287109375,709.9976021902902,644.4593619881095,699.0745621565934,41143500
2024-10-25,662.6644287109375,688.1515221228966,655.3824020218063,666.3054420555031,20266600
2024-10-28,644.4593505859375,669.9464435469632,644.4593505859375,666.3054302668168,20741400
2024-10-29,662.6644287109375,662.6644287109375,640.8183486435439,644.4593619881095,20444300
2024-10-30,666.3054809570312,680.8695351856003,655.3824402856045,662.6644673998891,68063800
2024-10-31,673.5874633789062,684.5105033255912,662.6644234322213,666.3054367477829,38284900
2024-11-01,666.3054809570312,677.228521628458,662.6644673998891,673.5875080713158,33220400
2024-11-04,691.7925415039062,699.074568256579,666.3054478695518,677.2284879985609,43208700
2024-11-05,702.7155151367188,713.6385542321082,695.4334890731258,695.4334890731258,48009700
2024-11-06,688.1514892578125,706.3565551111938,680.86946291646,702.7155419405175,36165200
2024-11-07,699.0745849609375,702.7155984242758,673.5874907175701,691.7925580342611,70037900
2024-11-08,715.6815185546875,727.543643171616,688.0032277818543,727.543643171616,77430100
2024-11-11,723.589599609375,735.4517241931352,711.7274750256147,735.4517241931352,25580100
2024-11-12,743.3598022460938,751.2678852487118,719.6355532382397,727.5436362408577,30693500
2024-11-13,703.8194580078125,755.2220026937763,703.8194580078125,747.3139188959357,40444800
2024-11-14,703.8194580078125,715.6815837045733,695.9113742099719,711.727541805653,18569900
2024-11-15,699.8653564453125,711.7274811308263,680.0951486361229,703.8193980071504,25672500
2024-11-18,668.2330322265625,699.865365113027,660.3249490049463,695.9113235022189,35607100
2024-11-19,664.2789916992188,688.0032414027623,648.4628252301898,664.2789916992188,23035400
2024-11-20,640.5547485351562,668.2330401385273,636.6007068775318,664.2789984809028,25441800
2024-11-21,624.738525390625,652.4168144902096,620.7844840906843,636.600649290447,36253300
2024-11-22,604.9683837890625,624.7385924096201,597.0603003408395,624.7385924096201,24719900
2024-11-25,612.8764038085938,624.7385277532762,601.0142798639113,601.0142798639113,9817700
2024-11-26,608.92236328125,624.7385285612825,604.9683219612419,612.8764046012582,9016200
2024-11-28,612.8764038085938,616.830445123488,604.9683211788055,616.830445123488,5788200
2024-11-29,640.5547485351562,652.4168735080295,608.9224152741609,616.8304985894098,25990700
2024-12-02,648.4628295898438,656.3709128775248,632.6466630144818,648.4628295898438,22164800
2024-12-03,664.2789916992188,688.0032414027623,636.600700378418,652.416866847447,17252800
2024-12-04,684.0491333007812,695.9112569996387,664.2789271360188,668.2329683689712,22614700
2024-12-05,672.1870727539062,691.95728077608,660.324947940602,684.0491975672105,16430900
2024-12-06,660.3250122070312,676.1411801640859,652.4169282285039,672.1871381748223,6291600
2024-12-09,664.2789916992188,676.1411165509905,652.416866847447,664.2789916992188,23873500
2024-12-10,652.4168701171875,680.0951615767045,648.4628284801136,668.2330366654829,19154600
2024-12-11,624.738525390625,656.3708557901502,620.7844840906843,652.4168144902096,37476400
2024-12-12,636.6007080078125,644.508791337102,624.738583013878,628.6926246785229,12572600
2024-12-13,632.6466674804688,640.5547508239746,620.7845424652099,636.6007091522217,9788800
2024-12-16,624.738525390625,632.6466079905063,616.8304427907436,632.6466079905063,5294300
2024-12-17,604.9683837890625,624.7385924096201,604.9683837890625,624.7385924096201,7910400
2024-12-18,604.9683837890625,620.7845506855085,597.0603003408395,604.9683837890625,12932700
2024-12-19,569.3820190429688,597.0603116353352,565.4279772440592,593.1062698364258,64304700
2024-12-20,565.427978515625,581.2441457468312,553.5658530922202,569.3820203234266,30193100
2024-12-23,565.427978515625,577.2901039390297,561.4739367078234,565.427978515625,4833300
2024-12-24,581.244140625,581.244140625,569.3820153061224,569.3820153061224,5476700
2024-12-27,577.2901000976562,585.1981836606378,573.3360583161655,581.244141879147,2409900
2024-12-30,604.9683837890625,608.922425513174,569.3820082720588,581.2441334443934,15985800
2025-01-02,589.1521606445312,612.8764087241768,585.1981192979237,604.9683260309616,8400500
2025-01-03,585.1981201171875,597.060244173617,577.2900374129011,593.1062028214739,6165500
2025-01-06,601.0142822265625,608.9223648874383,585.1981169048108,589.1521582352487,17431800
2025-01-07,604.9683837890625,612.8764672372855,589.1522168926164,601.0143420649509,7793700
2025-01-08,604.9683837890625,612.8764672372855,601.0143420649509,604.9683837890625,10820200
2025-01-09,593.1062622070312,608.9224291992188,593.1062622070312,604.9683874511718,5531500
2025-01-10,597.0602416992188,604.9683243707316,593.1062003634623,601.0142830349752,2687100
2025-01-13,632.6466674804688,632.6466674804688,597.0602924346924,597.0602924346924,16433000
2025-01-14,628.692626953125,640.5547519899765,624.7385852741745,632.6466686320755,10930400
2025-01-15,648.4628295898438,656.3709128775248,624.7385797268007,632.6466630144818,12101000
2025-01-16,640.5547485351562,648.4628318504051,636.6007068775318,648.4628318504051,6042700
2025-01-17,620.7844848632812,640.5546913875896,616.8304435584196,640.5546913875896,6767600
2025-01-20,612.8764038085938,624.7385277532762,604.9683211788055,620.784486438382,6247200
2025-01-21,612.8764038085938,620.784486438382,608.9223624936997,612.8764038085938,5226400
2025-01-22,612.8764038085938,620.784486438382,608.9223624936997,616.830445123488,4297000
2025-01-23,608.92236328125,620.7844872412744,608.92236328125,616.8304459212662,2776900
2025-01-24,612.8764038085938,616.830445123488,608.9223624936997,608.9223624936997,4719100
2025-01-30,624.738525390625,632.6466079905063,604.9683188909216,608.9223601908623,8882700
2025-01-31,624.738525390625,632.6466079905063,620.7844840906843,624.738525390625,2910700
2025-02-03,601.0142822265625,628.6925715396279,593.1061995656867,624.73853020919,16621200
2025-02-04,589.1521606445312,612.8764087241768,577.2900366047085,601.014284684354,23187500
2025-02-05,589.1521606445312,597.0602433377464,577.2900366047085,589.1521606445312,6019700
2025-02-06,581.244140625,593.1062659438776,577.2900988520408,589.1522241709183,6285300
2025-02-07,597.0602416992188,601.0142830349752,577.2900350204367,581.2440763561931,10440800
2025-02-10,601.0142822265625,616.8304475483142,597.0602408961246,597.0602408961246,7446800
2025-02-11,608.92236328125,616.8304459212662,597.0602393212257,601.0142806412338,10550500
2025-02-12,628.692626953125,632.6466686320755,601.0143352004717,612.8764602373232,11985200
2025-02-13,620.7844848632812,632.6466087778663,616.8304435584196,632.6466087778663,3604100
2025-02-14,620.7844848632812,628.6925674730046,616.8304435584196,620.7844848632812,3582300
2025-02-17,608.92236328125,624.7385285612825,604.9683219612419,620.7844872412744,11798200
2025-02-18,620.7844848632812,620.7844848632812,608.9223609486962,608.9223609486962,5735600
2025-02-19,612.8764038085938,624.7385277532762,612.8764038085938,616.830445123488,8141700
2025-02-20,608.92236328125,624.7385285612825,601.0142806412338,612.8764046012582,11244200
2025-02-21,612.8764038085938,620.784486438382,601.0142798639113,608.9223624936997,7093600
2025-02-24,604.9683837890625,616.8305089613971,601.0143420649509,612.8764672372855,6053600
2025-02-25,608.92236328125,616.8304459212662,604.9683219612419,604.9683219612419,12367100
2025-02-26,624.738525390625,632.6466079905063,612.876401490803,612.876401490803,27172500
2025-02-27,608.92236328125,644.5087351613231,608.92236328125,624.7385285612825,18577400
2025-02-28,636.6007080078125,684.04920798355,628.6926246785229,664.278999660326,92176000
2025-03-03,652.4168701171875,695.911328125,648.4628284801136,648.4628284801136,68735600
2025-03-04,668.2330322265625,672.1870738373706,648.4628241725222,664.2789906157544,30581000
2025-03-05,676.1411743164062,691.9573421366731,664.2790484512061,672.1871323613395,26492200
2025-03-06,676.1411743164062,688.0033001816064,664.2790484512061,680.095216271473,14494100
2025-03-07,684.0491333007812,691.9572157666862,668.2329683689712,676.1410508348763,15658500
2025-03-10,695.9112548828125,711.7274197665128,680.0950899991121,684.0491312200372,33565100
2025-03-11,688.0032348632812,695.9113180226293,680.0951517039332,688.0032348632812,19339300
2025-03-12,703.8194580078125,711.727541805653,680.0952066142906,680.0952066142906,34466900
2025-03-13,691.9573364257812,707.7735041155134,688.0032945033482,703.8194621930804,20809300
2025-03-14,691.9573364257812,695.9113783482143,676.1411687360492,695.9113783482143,8795300
2025-03-17,688.0032348632812,703.8194011819774,680.0951517039332,691.9572764429553,11769700
2025-03-18,664.2789916992188,688.0032414027623,636.600700378418,688.0032414027623,37747800
2025-03-19,680.0951538085938,680.0951538085938,664.278987440952,668.2330290328624,7760400
2025-03-20,684.0491333007812,691.9572157666862,672.1870096019237,680.0950920678288,10327300
2025-03-21,668.2330322265625,684.0491986697948,660.3249490049463,684.0491986697948,16472500
2025-03-24,672.1870727539062,684.0491975672105,652.4168647317325,672.1870727539062,12064600
2025-03-25,668.2330322265625,680.0951570589867,660.3249490049463,672.1870738373706,11322000
2025-03-26,688.0032348632812,695.9113180226293,664.2789853852371,668.2330269649111,16973100
2025-03-27,695.9112548828125,695.9112548828125,684.0491312200372,691.9572136618874,10355000
2025-04-08,632.6466674804688,668.2330425262451,616.8305007934571,616.8305007934571,35893700
2025-04-09,640.5547485351562,656.370915165654,632.6466652199074,632.6466652199074,13637400
2025-04-10,668.2330322265625,676.1411154481787,660.3249490049463,668.2330322265625,8647100
2025-04-11,684.0491333007812,691.9572157666862,660.3248859030663,672.1870096019237,14566900
2025-04-14,711.7274780273438,723.5896026611327,691.9572703043619,695.9113118489583,26891400
2025-04-15,711.7274780273438,739.4057688395181,711.7274780273438,719.6355611165365,21124300
2025-04-16,719.6355590820312,735.4517252157023,711.7274760151957,711.7274760151957,17019700
2025-04-17,715.6815185546875,727.543643171616,707.7734354767351,719.6355600936637,6967300
2025-04-21,735.4517211914062,743.3598042149697,715.6815136324975,715.6815136324975,18703100
2025-04-22,739.4058227539062,747.3139064197235,731.4977390880891,739.4058227539062,9824900
2025-04-23,755.221923828125,759.1759653141361,739.4057578840805,739.4057578840805,14457400
2025-04-24,763.1299438476562,774.9920673271536,763.1299438476562,763.1299438476562,17101600
2025-04-25,798.7164306640625,810.5785558719447,771.0381385123376,771.0381385123376,51520700
2025-04-28,806.62451171875,838.2568455116422,767.0840944776347,806.62451171875,61170600
2025-04-29,794.7623291015625,810.5784948548275,767.0840390333489,806.6244534165112,45366500
2025-04-30,771.0381469726562,806.6245229867789,771.0381469726562,794.762397648738,37084700
2025-05-02,778.9461669921875,786.8542499058137,767.084042621748,771.0380840785612,27991300
2025-05-05,782.9002685546875,790.8083520754419,774.9921850339331,782.9002685546875,42944100
2025-05-06,767.0840454101562,786.8542527660882,759.1759624677835,782.9002112949017,39116200
2025-05-07,774.9921875,782.9002710459183,767.0841039540817,767.0841039540817,60661500
2025-05-08,762.9900512695312,792.9952780048499,758.7035903073428,784.4223560804732,58575800
2025-05-09,754.4170532226562,771.5628953413529,741.5576716336337,762.9899742820046,20241700
2025-05-14,771.56298828125,784.4223714192709,758.7036051432292,758.7036051432292,40987900
2025-05-15,784.4223022460938,801.5681449181395,771.5629202420595,771.5629202420595,28664100
2025-05-16,780.1358642578125,792.9952466356885,775.8494034651872,788.7087858430632,15588200
2025-05-19,792.9952392578125,801.5681607633023,775.8493962468327,784.4223177523226,14883600
2025-05-20,814.4275512695312,823.000472861842,792.9952472887541,792.9952472887541,29709000
2025-05-21,823.00048828125,835.8598709106445,818.7140274047852,823.00048828125,19527600
2025-05-22,805.8546752929688,835.8599025645154,801.5682142541764,835.8599025645154,23839200
2025-05-23,792.9952392578125,810.1410822687922,788.7087785050675,805.8546215160472,11638300
2025-05-26,788.7088623046875,801.5682459292204,771.5630174719769,797.2817847210428,27231500
2025-05-27,784.4223022460938,797.2816842501281,780.1358415780824,788.7087629141053,6895300
2025-05-28,775.8494262695312,788.7088090253798,775.8494262695312,788.7088090253798,10640400
2025-06-02,784.4223022460938,788.7087629141053,762.9899989060366,780.1358415780824,10477700
2025-06-03,797.2816772460938,801.5681378764491,767.2764528336063,784.4222953550277,15810800
2025-06-04,797.2816772460938,810.1410591371598,792.9952166157384,805.8545985068045,14039500
2025-06-05,797.2816772460938,805.8545985068045,788.708755985383,805.8545985068045,8256000
2025-06-10,823.00048828125,827.2869491577148,797.2817230224609,805.8546447753906,22478400
2025-06-11,835.8599243164062,835.8599243164062,823.0005408653846,831.5734631660657,20068200
2025-06-12,840.1463623046875,848.719284369021,827.2869792081872,835.8599012725207,15008800
2025-06-13,835.8599243164062,844.4328466170873,831.5734631660657,840.1463854667468,12922800
2025-06-16,848.7192993164062,857.2922215317235,840.146377101089,840.146377101089,15425400
2025-06-17,870.1515502929688,870.1515502929688,853.0057069374423,853.0057069374423,16681600
2025-06-18,835.8599243164062,874.4380746694711,835.8599243164062,874.4380746694711,18128800
2025-06-19,818.7140502929688,835.8598942781618,810.1411283003722,835.8598942781618,13706300
2025-06-20,827.286865234375,835.8597861176328,814.4274839094884,818.7139443511172,12756400
2025-06-23,823.00048828125,831.5734100341797,797.2817230224609,823.00048828125,11019100
2025-06-24,823.00048828125,844.4327926635742,823.00048828125,823.00048828125,9291500
2025-06-25,818.7140502929688,823.000511289267,810.1411283003722,823.000511289267,6232500
2025-06-26,823.00048828125,831.5734100341797,818.7140274047852,818.7140274047852,5014600
2025-06-30,848.7192993164062,853.0057604240649,823.0005326704545,823.0005326704545,8083300
2025-07-01,857.2921752929688,865.8650970458984,840.1463317871094,853.0057144165039,17075200
2025-07-02,848.7192993164062,857.2922215317235,844.4328382087476,857.2922215317235,8666400
2025-07-03,844.4328002929688,857.2921830385469,840.146339377776,848.7192612081615,3961000
2025-07-04,844.4328002929688,853.0057221233542,835.8598784625833,848.7192612081615,4617200
2025-07-07,835.8599243164062,844.4328466170873,831.5734631660657,844.4328466170873,4784800
2025-07-08,865.8651123046875,865.8651123046875,835.8598856406637,835.8598856406637,13138900
2025-07-09,964.4537353515625,977.3131184895834,865.8651312934028,865.8651312934028,64497700
2025-07-10,943.0213623046875,985.8859696821734,925.8755193536932,964.4536659934305,32067600
2025-07-11,981.5994873046875,981.5994873046875,930.1619595856646,943.0213415154203,13994200
2025-07-14,964.4537353515625,994.4589626736112,964.4537353515625,981.5995795355904,15715700
2025-07-15,1007.318359375,1045.8965093085105,951.5943650265957,964.4537483377659,36369000
2025-07-16,1088.7611083984375,1093.0475694551242,1011.6048093780757,1011.6048093780757,60207600
2025-07-17,1101.6204833984375,1105.9069444233342,1071.615256224161,1088.7611003237475,20450100
2025-07-18,1080.188232421875,1110.1934611002605,1028.750697544643,1105.9069998604912,22961200
2025-07-21,1131.6258544921875,1148.7717007723722,1080.1883156516335,1080.1883156516335,29128900
2025-07-22,1144.485107421875,1148.7715684983614,1105.9069577334972,1127.3392631159293,18130100
2025-07-23,1123.052734375,1153.0579601025763,1118.7662735567746,1144.4850384661258,11476300
2025-07-24,1174.4903564453125,1191.636201064952,1123.0528225863936,1123.0528225863936,27276700
2025-07-25,1157.3443603515625,1191.63604510272,1157.3443603515625,1178.7766633210358,10554200
2025-07-28,1161.630859375,1174.4902415821034,1114.4797912822878,1157.3443986392988,25052600
2025-07-29,1195.922607421875,1247.360138923891,1165.9173807123657,1170.203841670867,36620200
2025-07-30,1230.2142333984375,1255.9329978597289,1204.4954689371461,1221.6413119113404,28817200
2025-07-31,1243.0736083984375,1298.7975977404365,1225.9277655239764,1230.2142262425916,49501300
2025-08-01,1290.224609375,1337.3756748338872,1255.9329254049003,1311.6569118563123,51323800
2025-08-04,1290.224609375,1307.3704513600499,1251.6464649086379,1290.224609375,26678000
2025-08-05,1255.9329833984375,1303.0840510345563,1217.3548371507038,1290.2246689519784,46661500
2025-08-06,1273.078857421875,1281.6517790206753,1243.073631826073,1260.2194750236742,15125100
2025-08-07,1243.0736083984375,1277.36529414736,1243.0736083984375,1273.0788334287447,14385800
2025-08-08,1273.078857421875,1328.8028478140782,1260.2194750236742,1285.9382398200758,23839100
2025-08-11,1285.9383544921875,1285.9383544921875,1255.9331262207031,1273.0789709472656,16284600
2025-08-12,1280.6572265625,1311.4634141430413,1249.8510389819587,1293.859878382732,41852800
2025-08-13,1311.46337890625,1333.4677980154154,1280.6571921534187,1289.4589597970848,25608900
2025-08-14,1293.85986328125,1324.666050502232,1285.0580955038265,1315.8642827248086,11533100
2025-08-15,1276.25634765625,1302.661651400862,1267.4545797413793,1293.8598834859913,16958600
2025-08-19,1351.0712890625,1386.2783584843241,1280.6571502188517,1285.05803389658,50464000
2025-08-20,1386.2783203125,1395.0800874255951,1351.071251860119,1359.8730189732144,41645900
2025-08-21,1373.0758056640625,1395.0802256266277,1368.6749216715496,1390.6793416341147,21246600
2025-08-22,1364.27392578125,1377.4765766759072,1355.472158518145,1377.4765766759072,14768300
2025-08-25,1333.4678955078125,1373.0758528001238,1333.4678955078125,1364.2740845129435,19515200
2025-08-26,1276.25634765625,1320.2651872306035,1276.25634765625,1320.2651872306035,95432500
2025-08-27,1223.44580078125,1276.2564108869155,1223.44580078125,1276.2564108869155,41810100
2025-08-28,1254.251953125,1258.6528371710526,1236.6484169407895,1241.0493009868421,14246000
2025-08-29,1249.8509521484375,1276.2562539543903,1219.0447667081592,1254.251835782763,26758200
2025-09-01,1254.251953125,1271.8554893092105,1157.432504111842,1192.6395764802633,21862500
2025-09-02,1271.85546875,1280.657236699827,1254.251932850346,1267.4545847750865,9784300
2025-09-03,1258.65283203125,1293.8599042559003,1258.65283203125,1280.6572521716564,10561400
2025-09-04,1245.4501953125,1280.6572679715107,1236.6484271477473,1276.2563838891342,16087800
2025-09-08,1223.44580078125,1249.8511058340828,1223.44580078125,1245.4502216586106,22896900
2025-09-09,1302.66162109375,1302.66162109375,1223.445711702914,1223.445711702914,26724300
2025-09-10,1285.0582275390625,1307.0626492434985,1267.4546901755139,1307.0626492434985,20526100
2025-09-11,1307.0625,1315.8642676767677,1271.8554292929293,1302.6616161616162,20718700
2025-09-12,1337.86865234375,1346.67041979338,1311.4633499948602,1315.8642337196752,18649000
2025-09-15,1373.0758056640625,1381.8775736490886,1346.6705017089844,1346.6705017089844,18445600
2025-09-16,1399.4810791015625,1399.4810791015625,1373.0757757222877,1377.4766596188335,19162900
2025-09-17,1359.8731689453125,1408.2828934061488,1333.4678646939471,1399.4811253223604,18960200
2025-09-18,1346.6705322265625,1368.674952687781,1333.4678799498315,1359.8731845032935,7591000
2025-09-19,1364.27392578125,1364.27392578125,1333.467740360383,1346.6703912550402,6203800
2025-09-22,1368.6749267578125,1377.4766947755477,1342.2696227046072,1368.6749267578125,10375200
2025-09-23,1359.8731689453125,1377.4767051128895,1342.2696327777358,1373.075821070995,15395400
2025-09-24,1359.8731689453125,1368.6749370291009,1342.2696327777358,1368.6749370291009,9914200
2025-09-25,1443.489990234375,1496.3005996331938,1368.6749602527154,1368.6749602527154,50062000
2025-09-26,1474.296142578125,1522.70586666278,1456.6926065473415,1456.6926065473415,27450400
2025-09-29,1487.498779296875,1496.3005472217087,1452.2917075975406,1483.0978953344581,11086300
2025-09-30,1509.5032958984375,1535.9086013660487,1478.6971061862246,1483.0979904308265,21249100
2025-10-01,1518.3050537109375,1535.9085905655572,1496.300632642663,1531.5077063519022,19420300
2025-10-02,1527.1068115234375,1531.507695706502,1500.7015064250495,1518.305043157308,7040300
2025-10-03,1628.3270263671875,1628.3270263671875,1518.3049299910263,1527.1066977011192,28490000
2025-10-06,1623.9261474609375,1628.3270313293951,1571.1155410394435,1628.3270313293951,11593600
2025-10-07,1623.9261474609375,1628.3270313293951,1584.318192644817,1623.9261474609375,16206600
2025-10-08,1641.5296630859375,1672.335849792644,1571.1155220420367,1623.9261278249624,17852900
2025-10-09,1703.14208984375,1738.3491614684272,1641.5297145005654,1650.3314824067345,23323800
2025-10-10,1694.34033203125,1738.3491718242697,1694.34033203125,1738.3491718242697,13355500
2025-10-13,1632.72802734375,1703.1421740755559,1610.7236064900605,1694.3404057340802,16047500
2025-10-14,1606.3226318359375,1667.9350067556722,1575.5164443760702,1641.5297032186431,23453000
2025-10-15,1751.5518798828125,1751.5518798828125,1610.723588032938,1628.3271245141725,78510400
2025-10-16,1689.939453125,1755.9527130126953,1659.133265177409,1751.5518290201824,23152200
2025-10-17,1628.3270263671875,1716.3447034681167,1619.5252586570946,1698.7411680479308,18196300
2025-10-20,1645.9306640625,1663.5342005765374,1601.9218227774063,1628.3271275484624,8476100
2025-10-21,1632.72802734375,1659.1333323681772,1628.327143173012,1645.9306798559635,5978800
2025-10-22,1672.3358154296875,1711.9437689530223,1619.525210731908,1632.727861906353,16142000
2025-10-23,1663.5340576171875,1716.344662620908,1645.9305226159474,1676.7367088681176,11357600
2025-10-24,1553.5120849609375,1659.133303201908,1544.71031677419,1659.133303201908,25905300
2025-10-27,1513.904052734375,1575.5164269735646,1487.498749489008,1557.9128914766534,26952300
2025-10-28,1557.9129638671875,1571.11561610335,1513.9041230799787,1513.9041230799787,15630200
2025-10-29,1571.1156005859375,1584.3182526917017,1553.5120644449187,1566.7147165506829,10774300
2025-10-30,1588.7191162109375,1597.520884167785,1566.7146963188193,1584.318232232514,12923100
2025-10-31,1654.732421875,1685.5386105801197,1606.3226967669548,1606.3226967669548,24758700
2025-11-03,1650.3314208984375,1681.1376074218751,1637.12876953125,1672.3358398437501,8785800
2025-11-04,1645.9306640625,1672.335968833556,1645.9306640625,1654.7324323195187,10893200
2025-11-05,1623.9261474609375,1650.3314506716845,1610.723495855564,1645.9305668032266,8066600
2025-11-06,1597.5208740234375,1645.9305974786932,1588.719106122482,1623.926177726304,7998600
2025-11-07,1606.3226318359375,1619.5252836044522,1584.3182122217468,1601.9217479130994,6621200
2025-11-10,1540.3094482421875,1606.3227103097097,1527.106795828683,1606.3227103097097,23445800
2025-11-11,1549.3701171875,1567.4914051078217,1540.3094732273391,1562.9610831277414,11083200
2025-11-12,1576.552001953125,1590.1429674872036,1540.3094271955817,1544.8397490402747,9741200
2025-11-13,1485.945556640625,1576.5519930211508,1467.8242693645198,1576.5519930211508,26731000
2025-11-14,1463.2939453125,1513.127485245743,1449.702979876161,1490.4758761851779,15558800
2025-11-17,1467.8243408203125,1485.945628978588,1454.233374701606,1463.2940187807437,6305700
2025-11-18,1558.4306640625,1558.4306640625,1472.354551803234,1472.354551803234,18272400
2025-11-19,1540.3094482421875,1562.961057775161,1508.5971948960248,1558.4307358685662,7097200
2025-11-20,1612.7945556640625,1617.3248774496358,1540.3094070948912,1540.3094070948912,19687600
2025-11-21,1585.6126708984375,1617.3249243164064,1576.552027064732,1612.7946023995537,9295300
2025-11-24,1599.20361328125,1599.20361328125,1558.430716625354,1594.6732914305949,9229100
2025-11-25,1562.9610595703125,1599.2036348646964,1562.9610595703125,1599.2036348646964,5618600
2025-11-26,1553.900390625,1572.0216779792274,1544.8397469478862,1562.9610343021136,11227600
2025-11-27,1504.06689453125,1562.9610801604858,1504.06689453125,1553.9004362175265,9578500
2025-11-28,1531.248779296875,1535.7791011291142,1504.0668483034394,1504.0668483034394,7748300
2025-12-01,1476.8848876953125,1535.779070333469,1472.3545659539159,1531.2487485920724,10258800
2025-12-02,1472.3546142578125,1495.0062237079326,1463.2939704777643,1476.8849361478365,11105800
2025-12-03,1481.415283203125,1513.1275369719992,1467.824317302179,1481.415283203125,9584200
2025-12-04,1458.763671875,1485.9456036490683,1449.7030279503106,1481.4152816867236,10998000
2025-12-05,1458.763671875,1472.3546377620341,1454.2333499126553,1458.763671875,3758200
2025-12-08,1417.99072265625,1467.8242624301117,1408.9300790610025,1463.293940632488,17570400
2025-12-09,1386.2784423828125,1431.5816594541461,1381.748120675679,1422.5210160398794,9946800
2025-12-10,1345.5054931640625,1399.8693514737215,1336.4448501124525,1390.8087084221117,19293300
2025-12-11,1245.8385009765625,1350.0359028764203,1214.1262482244317,1345.5055810546874,78370000
2025-12-12,1336.4449462890625,1363.6268774000264,1250.3688311043431,1250.3688311043431,32351300
2025-12-15,1350.035888671875,1354.5662104459416,1295.6720273830747,1345.5055668978082,15909600
2025-12-16,1350.035888671875,1395.339106412542,1331.9146015756082,1359.0965322200084,18616100
2025-12-17,1350.035888671875,1372.6874975422083,1318.323636253408,1350.035888671875,13180200
2025-12-18,1354.566162109375,1377.2177701714047,1345.5055188845631,1354.566162109375,12263600
2025-12-19,1359.0965576171875,1404.399776204427,1359.0965576171875,1372.6875231933595,16135400
2025-12-22,1350.035888671875,1368.1571757681418,1340.9752451237416,1359.0965322200084,9900900
2025-12-23,1377.2177734375,1386.2784166837994,1345.5055220754523,1350.035843698602,7856400
2025-12-24,1359.0965576171875,1381.7481669108074,1345.5055920410157,1377.2178450520835,7267900
2025-12-29,1363.6268310546875,1368.1571527525437,1340.975222565407,1359.0965093568313,7721800
2025-12-30,1359.0965576171875,1372.6875231933595,1350.0359138997396,1363.6268794759114,7949200
2026-01-02,1368.1571044921875,1395.3390337205092,1350.035818339973,1359.0964614160803,9699900
2026-01-05,1354.566162109375,1368.1571269465928,1345.5055188845631,1359.096483721781,9982100
2026-01-06,1413.4603271484375,1436.1119349553035,1368.1571115347056,1372.6874330960788,17328400
2026-01-07,1408.9300537109375,1440.642305723724,1395.3390885626004,1440.642305723724,15088200
2026-01-08,1399.869384765625,1427.0513145668992,1399.869384765625,1413.4603496662621,11832500
2026-01-09,1359.0965576171875,1404.399776204427,1354.5662357584636,1399.8694543457032,11331500
2026-01-12,1313.7933349609375,1363.6268752525593,1295.672047582166,1359.0965534078664,25230500
2026-01-13,1345.5054931640625,1359.0964577414773,1313.793242483428,1313.793242483428,13115000
2026-01-14,1331.91455078125,1359.0964803890306,1322.8539075786566,1345.5055155851403,14369900
2026-01-15,1331.91455078125,1345.5055155851403,1322.8539075786566,1331.91455078125,6585100
2026-01-19,1381.748046875,1395.339011270492,1336.4448322233607,1336.4448322233607,19472100
2026-01-20,1413.4603271484375,1427.0512918325571,1381.7480762188252,1390.8087193415715,23483600
2026-01-21,1381.748046875,1408.9299756659836,1368.1570824795083,1408.9299756659836,12067400
2026-01-22,1386.2784423828125,1404.3997292113459,1368.157155554279,1381.748120675679,12769300
2026-01-23,1381.748046875,1408.9299756659836,1363.6267610143443,1408.9299756659836,12981800
2026-01-26,1386.2784423828125,1399.8694075042126,1368.157155554279,1381.748120675679,10130600
2026-01-27,1427.05126953125,1454.2331984747025,1386.2783761160715,1390.8086976066468,31050000
2026-01-28,1354.566162109375,1386.2784133962166,1331.9145540473453,1359.096483721781,36920600
2026-01-29,1300.202392578125,1354.5662556824368,1214.1262759962979,1354.5662556824368,60386400
2026-01-30,1354.566162109375,1381.7480917838107,1336.4448756597512,1336.4448756597512,27239400
2026-02-02,1304.732666015625,1350.035883585612,1268.4900919596355,1345.5055618286133,22066200
2026-02-03,1390.8087158203125,1390.8087158203125,1304.7326063721498,1304.7326063721498,14117200
2026-02-04,1359.0965576171875,1390.8088106282553,1359.0965576171875,1390.8088106282553,7322000
2026-02-05,1372.6875,1390.8087871287128,1363.6268564356435,1363.6268564356435,7002700
2026-02-06,1363.6268310546875,1372.6874744503996,1336.4449008675508,1368.1571527525437,7098600
2026-02-09,1345.5054931640625,1377.217743844697,1340.9751716382575,1377.217743844697,9786800
2026-02-10,1345.5054931640625,1359.0964577414773,1336.4448501124525,1340.9751716382575,7971000
2026-02-11,1359.0965576171875,1359.0965576171875,1340.9752701822918,1345.5055920410157,7267800
2026-02-12,1336.4449462890625,1359.0965555481991,1327.3843025854078,1359.0965555481991,16412800
2026-02-13,1309.262939453125,1340.9751905817475,1304.7326178633218,1336.4448689919443,13556300
2026-02-18,1336.4449462890625,1354.5662336963717,1318.323658881753,1336.4449462890625,18242700
2026-02-19,1331.91455078125,1350.0358371864372,1322.8539075786566,1336.444872382547,21441800
2026-02-20,1322.85400390625,1340.9752916309933,1309.2630381126926,1336.4449696998074,15822000
2026-02-23,1368.1571044921875,1372.687426030241,1327.3842106497052,1327.3842106497052,58057600
2026-02-24,1404.399658203125,1436.111908549647,1368.1570863785282,1368.1570863785282,38674400
2026-02-25,1395.339111328125,1422.5210420682834,1390.8087895380986,1413.4603984882306,15542700
2026-02-26,1359.0965576171875,1408.930098063151,1336.4449483235678,1408.930098063151,37745900
2026-02-27,1472.3546142578125,1472.3546142578125,1359.0965670072114,1363.6268888972356,55750200
2026-03-02,1408.9300537109375,1458.7635925881732,1404.3997319948253,1449.7029491559485,28262200
2026-03-03,1504.06689453125,1526.7185043886484,1408.930133130177,1408.930133130177,47901900
2026-03-04,1422.52099609375,1531.248715540406,1413.4603528065286,1508.5971073223527,42259700
2026-03-05,1517.6578369140625,1522.1881588152985,1454.2333302967584,1458.7636521979944,35169700
2026-03-06,1562.9610595703125,1576.5520253057064,1526.7184842759284,1540.3094500113225,42068500
2026-03-09,1562.9610595703125,1626.3855663354846,1499.5365528051402,1562.9610595703125,62011300
2026-03-10,1522.1881103515625,1599.2035802205405,1472.354571024577,1567.4913279215496,45000300
2026-03-11,1495.0062255859375,1531.2488007516572,1476.8849380030777,1531.2488007516572,22830800
2026-03-12,1562.9610595703125,1567.4913814821105,1495.0062308933423,1517.6578404523323,31184400
2026-03-13,1540.3094482421875,1558.4307358685662,1522.1881606158088,1558.4307358685662,17188000
2026-03-16,1581.082275390625,1590.1429188026057,1504.0668063887895,1540.3093800367121,24157700
2026-03-17,1581.082275390625,1608.264205626567,1567.491310272654,1603.7338839205765,19166400
2026-03-25,1594.6732177734375,1608.2641826976428,1504.0667849454012,1581.082252849232,57687900
2026-03-26,1535.779052734375,1594.67323469764,1522.188087665929,1594.67323469764,18330900
2026-03-27,1544.8397216796875,1562.9610087375136,1517.657791092948,1531.2487563863178,13370900
2026-03-30,1667.158447265625,1694.3403784710429,1513.1275037682576,1544.839756841245,42755400
2026-03-31,1721.522216796875,1757.7647897820725,1639.976427580181,1671.6886789422288,56062300
2026-04-01,1635.4461669921875,1744.1738900055186,1621.855201615521,1730.5829246288522,45317300
2026-04-02,1676.218994140625,1712.4615669869088,1639.9764212943412,1644.5067429001267,36797700
2026-04-06,1667.158447265625,1694.3403784710429,1635.4461941926377,1676.2190910007644,14587000
2026-04-07,1630.915771484375,1667.1583441840278,1585.612555609809,1667.1583441840278,19387700
2026-04-08,1562.9610595703125,1626.3855663354846,1526.7184842759284,1617.3249225118884,47762100
2026-04-09,1644.5068359375,1667.158445247934,1572.0216861441115,1576.5520080061983,32257000
2026-04-10,1671.688720703125,1671.688720703125,1639.9764685488651,1658.0977554941564,11656900
2026-04-13,1676.218994140625,1694.3402805637668,1653.5673861116975,1667.158350929054,18312400
2026-04-14,1707.9312744140625,1730.582882828042,1671.6887009516952,1676.219022634491,27431700
2026-04-15,1658.0977783203125,1721.5222835019638,1653.5674565216232,1721.5222835019638,14903600
2026-04-16,1617.3248291015625,1662.6280456030067,1603.7338641511292,1658.0977239528625,11417800
2026-04-17,1644.5068359375,1658.0978015237604,1617.3249047649795,1621.855226627066,9484000
2026-04-20,1716.991943359375,1721.5222651096635,1653.5674388553348,1653.5674388553348,23540700
2026-04-21,1780.41650390625,1794.0074695849237,1726.0526411915553,1726.0526411915553,28962100
2026-04-22,1789.4771728515625,1830.2500704608385,1780.41652893839,1798.537816764735,19971100
2026-04-23,1839.3106689453125,1857.431956324084,1780.4164849643048,1798.5377723430765,35109600
2026-04-24,1807.598388671875,1857.431928209195,1794.007423343515,1848.371284656955,24813400
2026-04-27,1884.6138916015625,1902.7351790208083,1766.8255233764648,1807.5984200697678,22841400
2026-04-28,1803.068115234375,1848.371334210113,1794.0074714392274,1839.3106904149654,18660900
2026-04-29,1893.674560546875,2083.948080984599,1812.1287660735645,1812.1287660735645,67104400
2026-04-30,1902.735107421875,1948.0383242652529,1857.431890578497,1893.6744640531992,20740900
2026-05-04,1866.4925537109375,1911.7957710340186,1830.2499798524727,1857.4319102463214,17011300
2026-05-05,1866.4925537109375,1938.977701427867,1857.4319102463214,1884.6138406401699,15268100
2026-05-06,1938.9776611328125,1948.038304409134,1875.5531581985617,1902.7350880275262,15950100
2026-05-07,1784.94677734375,1948.0383610604379,1730.5829161048541,1948.0383610604379,72017500
2026-05-08,1676.218994140625,1766.8254262563344,1644.5067429001267,1766.8254262563344,61547300
2026-05-11,1698.87060546875,1707.9312486979168,1649.0370677083333,1676.2189973958334,16653400
2026-05-12,1712.4615478515625,1712.4615478515625,1644.5067245241196,1698.8705831860739,18760500
2026-05-13,1712.4615478515625,1735.113155627377,1630.915759858631,1630.915759858631,34249100
2026-05-14,1712.4615478515625,1712.4615478515625,1712.4615478515625,1712.4615478515625,0
2026-05-15,1712.4615478515625,1712.4615478515625,1712.4615478515625,1712.4615478515625,0
2026-05-18,1694.34033203125,1721.5222624916444,1667.1584015708554,1712.4616190048462,29305400
2026-05-19,1440.642333984375,1703.400998673349,1440.642333984375,1694.3403550633843,56646200
2026-05-20,1345.5054931640625,1485.945460464015,1227.7171334931345,1359.0964577414773,110037700
2026-05-21,1363.6268310546875,1417.9906914289606,1340.975222565407,1354.5661876589752,70525100
2026-05-22,1467.8243408203125,1495.0062730577258,1327.3843575936778,1359.0966118706597,58841800
2026-05-25,1381.748046875,1472.3544761782787,1372.6874039446723,1467.8241547131147,30928900
2026-05-26,1354.566162109375,1386.2784133962166,1354.566162109375,1381.7480917838107,26143700
2026-05-27,1354.566162109375,1354.566162109375,1354.566162109375,1354.566162109375,0
2026-05-28,1354.566162109375,1354.566162109375,1354.566162109375,1354.566162109375,0
2026-05-29,1377.2177734375,1395.3390599300988,1350.035843698602,1363.626808568051,75559000
2026-06-02,1395.339111328125,1413.4603984882306,1368.1571805879666,1386.2784677480722,34190600
2026-06-03,1350.035888671875,1413.4603935088087,1304.732670931208,1413.4603935088087,24153800
2026-06-04,1322.85400390625,1354.5662574245505,1268.4901407320206,1350.0359354933648,31550900
2026-06-05,1314.1573486328125,1405.955104603487,1290.0000444300035,1405.955104603487,35982100
2026-06-08,1217.528076171875,1338.3145916651165,1212.6966155521454,1314.1572885664682,29124200
2026-06-09,1304.494384765625,1318.9887668185766,1217.5280924479166,1217.5280924479166,16984400
2026-06-10,1328.6517333984375,1352.8090376420455,1275.5056640625,1338.3146550958807,14486700
2026-06-11,1323.8201904296875,1381.797717017849,1314.1572693316607,1347.977493174755,24515500
2026-06-12,1439.7752685546875,1497.7527961474937,1333.4831346345427,1333.4831346345427,23782600
2026-06-15,1463.9326171875,1492.9213818842823,1444.606774056312,1459.101156404703,22207000
2026-06-17,1425.2808837890625,1521.910096249338,1425.2808837890625,1492.9213325112553,26341400
2026-06-18,1463.9326171875,1483.258460318688,1434.9438524907177,1439.775313273515,12940000
2026-06-19,1473.595458984375,1488.0898405481557,1454.2696168993339,1463.9325379418544,8868900
2026-06-22,1473.595458984375,1517.0786036757172,1459.1010774205943,1483.2583800268953,13194000
2026-06-23,1454.2696533203125,1473.5954958893533,1430.1123501090117,1473.5954958893533,9979600
2026-06-24,1410.7864990234375,1468.7640263805652,1410.7864990234375,1468.7640263805652,7950300
2026-06-25,1459.1011962890625,1473.595579033656,1405.9551262255536,1410.786587140418,9974100
2026-06-26,1463.9326171875,1473.595538753094,1430.1123917079208,1473.595538753094,6915500
2026-06-29,1434.94384765625,1468.7640730218855,1425.2809261232114,1468.7640730218855,5221600
2026-06-30,1396.2921142578125,1449.438180890463,1376.9662718459397,1449.438180890463,13300700
2026-07-01,1430.1124267578125,1454.2697312638566,1401.1236613505596,1415.6180440541862,8067400
2026-07-02,1454.2696533203125,1488.0898778161338,1439.775271393532,1468.764035247093,10203800
2026-07-03,1497.7528076171875,1521.9101109658518,1459.1011222593245,1468.7640435987903,12511900
2026-07-06,1507.415771484375,1517.0786930964543,1468.7640850360576,1497.7528498722957,5870900
2026-07-07,1521.91015625,1541.2359995039683,1483.2584697420634,1507.4157738095237,12206400
2026-07-08,1488.08984375,1531.5729885349026,1488.08984375,1521.9100674715908,10810400
2026-07-09,1473.595458984375,1492.921301069416,1449.4381563780737,1488.0898405481557,18209500
2026-07-10,1488.08984375,1492.9213042816557,1473.5954621550325,1473.5954621550325,9155700
2026-07-13,1492.92138671875,1507.4157691140776,1473.5955435249798,1488.0899259203075,8634400
2026-07-14,1512.2471923828125,1526.7415744184304,1483.2584283115766,1507.4157317042732,11770000
2026-07-15,1502.584228515625,1517.0786101411777,1488.0898468900723,1497.752767973774,10065100
2026-07-16,1517.07861328125,1531.5729949368033,1488.0898499701432,1502.5842316256967,22743400
2026-07-17,1521.91015625,1541.2359995039683,1497.7528521825395,1517.0786954365078,11698700
2026-07-20,1541.2359619140625,1560.561804696684,1521.910119131441,1546.0674226097178,13340500
2026-07-21,1555.7303466796875,1570.22472879161,1541.235964567765,1541.235964567765,17366800
2026-07-22,1575.05615234375,1623.370758243865,1541.2359282136695,1555.730309983704,22724500
2026-07-23,1666.85400390625,1686.1798474298007,1575.056247169384,1579.8877080502718,24864200
2026-07-24,1666.85400390625,1671.6854647871378,1604.04501245471,1666.85400390625,22786200
2026-07-27,1695.8426513671875,1700.6741119123933,1637.8651248247195,1666.8538880959536,16217300
2026-07-28,1695.8426513671875,1710.3370330028044,1686.1797302767761,1695.8426513671875,9364100
2026-07-29,1691.01123046875,1734.4943763950894,1691.01123046875,1710.3370731026787,9245400
2026-07-30,1724.8314208984375,1758.6516448376226,1715.168499772956,1719.9999603356969,13624200
2026-07-31,1691.01123046875,1739.3258370535714,1691.01123046875,1734.4943763950894,10925300
2026-08-03,1777.9775390625,1782.8089997664742,1647.528100055197,1691.0112463909647,17417400
2026-08-04,1758.6517333984375,1806.9663414588342,1734.4944293682393,1806.9663414588342,17302200
2026-08-05,1777.9775390625,1797.3033818783967,1758.6516962466033,1773.1460783585258,12669200
2026-08-06,1802.1348876953125,1816.6292701700738,1768.3146619208696,1782.809044395631,14429100
2026-08-07,1787.6405029296875,1811.7978070233319,1777.9775812922296,1806.966346204603,10548600
2026-08-10,1748.98876953125,1802.1348371136912,1744.1573088419373,1792.4719157350655,17160000
2026-08-11,1720.0,1753.8202247191011,1705.5056179775281,1748.9887640449438,19350000
2026-08-12,1805.0,1820.0,1715.0,1735.0,25190900
2026-08-13,1780.0,1810.0,1770.0,1810.0,19923400
2026-08-14,1790.0,1795.0,1770.0,1780.0,10603000
2026-08-18,1830.0,1835.0,1795.0,1795.0,11985300
2026-08-19,1830.0,1855.0,1830.0,1835.0,13459400
2026-08-20,1915.0,1925.0,1845.0,1850.0,28598700
2026-08-21,1960.0,1980.0,1910.0,1925.0,30547100
2026-08-24,1940.0,1975.0,1920.0,1960.0,15697500
2026-08-26,1950.0,1995.0,1950.0,1950.0,17777100
2026-08-27,2050.0,2050.0,1955.0,1965.0,21821500
2026-08-28,2030.0,2060.0,2020.0,2040.0,16930100
2026-08-31,2090.0,2150.0,2010.0,2040.0,32814100
2026-09-01,2330.0,2330.0,2100.0,2110.0,51825100
2026-09-02,2350.0,2350.0,2250.0,2310.0,59600300
2026-09-03,2350.0,2350.0,2210.0,2350.0,52292700
2026-09-04,2230.0,2350.0,2230.0,2350.0,22597500
2026-09-07,2260.0,2300.0,2220.0,2230.0,13881600
