date,Close,High,Low,Open,Volume
2018-06-01,17913.03515625,17913.03515625,17913.03515625,17913.03515625,0
2018-06-04,18270.783203125,18411.327689302885,17887.480059003497,17887.480059003497,6071300
2018-06-05,18654.08984375,18654.08984375,18258.009853916952,18436.8846880351,2202600
2018-06-06,18130.236328125,18551.869731104653,18002.46863025238,18551.869731104653,3833800
2018-06-07,18487.984375,18551.868218728403,18130.23485012094,18143.01161886662,2930900
2018-06-08,17785.265625,18475.211274245692,17785.265625,18475.211274245692,6516600
2018-06-11,17785.265625,17785.265625,17785.265625,17785.265625,0
2018-06-12,17785.265625,17785.265625,17785.265625,17785.265625,0
2018-06-13,17785.265625,17785.265625,17785.265625,17785.265625,0
2018-06-14,17785.265625,17785.265625,17785.265625,17785.265625,0
2018-06-15,17785.265625,17785.265625,17785.265625,17785.265625,0
2018-06-18,17785.265625,17785.265625,17785.265625,17785.265625,0
2018-06-19,17785.265625,17785.265625,17785.265625,17785.265625,0
2018-06-20,17120.873046875,17274.194298041046,16865.337628264926,17274.194298041046,9462200
2018-06-21,17056.98828125,17248.639834971913,16890.890268024345,16980.32765976124,3582300
2018-06-22,16852.560546875,17223.08689703374,16763.1231520091,17056.988877997064,3590000
2018-06-25,16763.125,17299.749428353658,16405.37538109756,16852.56240472561,4417200
2018-06-26,16622.578125,16788.67613854727,16418.149800634128,16660.9084358186,3643100
2018-06-27,16456.482421875,16827.008811808522,16418.15210567498,16622.58045874175,3520900
2018-06-28,15958.1865234375,16954.77463298764,15932.632982166982,16763.123073458766,4537600
2018-06-29,16149.8427734375,16379.824711666832,15843.200189131725,15843.200189131725,5302200
2018-07-02,16558.6953125,16712.016565393522,16213.722493489586,16213.722493489586,2911800
2018-07-03,16303.162109375,16712.018839390672,16060.403425928193,16660.911748138715,2393400
2018-07-04,16405.376953125,16609.80532637266,15919.859566661798,16252.055673189252,1820700
2018-07-05,16993.10546875,17082.54286595395,16456.481085526317,16584.24879581767,3103900
2018-07-06,17159.205078125,17248.642483595493,17069.767672654503,17146.428305914927,2748500
2018-07-09,16660.91015625,17376.40936541411,16635.356613065567,17376.40936541411,3669500
2018-07-10,17069.763671875,17069.763671875,16903.66567207382,16941.99597972025,2081100
2018-07-11,16763.125,17018.66044207317,16609.8037347561,17018.66044207317,2381100
2018-07-12,16354.26953125,16890.89400024414,16354.26953125,16507.59080810547,4513800
2018-07-13,16890.890625,17031.4351006997,16533.14105049168,16545.917821009836,4970000
2018-07-16,17018.662109375,17044.215656085773,16635.358908713402,16890.89437582113,3413300
2018-07-17,16763.125,17120.87461890244,16724.794683689026,17120.87461890244,3303700
2018-07-18,16865.3359375,16916.443016098485,16609.800544507576,16609.800544507576,3519100
2018-07-19,16852.560546875,16954.774712436032,16712.016069228583,16712.016069228583,3041600
2018-07-20,16507.58984375,16750.348517922794,16507.58984375,16712.018200948143,1889500
2018-07-23,16865.3359375,16865.3359375,16507.586387310606,16507.586387310606,2442500
2018-07-24,16814.23046875,17069.765886208206,16814.23046875,16865.337552241643,3004900
2018-07-25,17657.498046875,17695.82836101438,16916.445306846963,16916.445306846963,5272100
2018-07-26,17849.1484375,17925.80906071045,17619.166567868648,17734.157502684324,3532500
2018-07-27,18091.908203125,18219.67591642391,17836.37277652719,18194.122373764127,5408800
2018-07-30,18360.22265625,18436.883293645617,18130.240744063154,18219.67815435804,4718100
2018-07-31,18015.24609375,18258.004729055854,17913.031931515958,18232.45118849734,3514000
2018-08-01,18385.771484375,18449.655332479153,18002.46839575009,18015.245165370918,3440700
2018-08-02,18155.791015625,18372.996115741556,18053.57685086427,18372.996115741556,3156600
2018-08-03,17836.373046875,18117.462020393086,17389.18604355077,17861.9265899221,4863900
2018-08-06,18296.333984375,18385.77137117013,17836.37028085719,17836.37028085719,2223200
2018-08-07,18385.771484375,18385.771484375,18002.46839575009,18270.780557787526,3216400
2018-08-08,18411.330078125,19139.60614644778,18258.00880058336,18654.088767565925,3685900
2018-08-09,18705.193359375,18999.05910204278,18411.327616707225,18577.425645171617,5321200
2018-08-10,18539.09375,18832.959467608547,18296.335113714682,18717.96853463129,4337700
2018-08-13,17631.947265625,18117.464654098734,17516.95630519701,18117.464654098734,4857200
2018-08-14,17401.962890625,17772.489266416575,17095.320372728525,17478.62352009912,5820700
2018-08-15,17376.408203125,17657.49715935202,16865.33737362132,17414.738515337776,4201200
2018-08-16,17069.763671875,17274.191979322608,16686.460595410743,17133.647517952377,5146700
2018-08-17,17069.763671875,17069.763671875,17069.763671875,17069.763671875,0
2018-08-20,17874.69921875,17938.58306156183,17171.976947819872,17171.976947819872,4471400
2018-08-21,17721.37890625,17913.03044452956,17478.62029109589,17759.70921390591,4130000
2018-08-22,17721.37890625,17721.37890625,17721.37890625,17721.37890625,0
2018-08-23,17887.478515625,18143.01392299107,17555.28248604911,17887.478515625,5691400
2018-08-24,17478.623046875,17887.479726334062,17274.194707145467,17887.479726334062,3001200
2018-08-27,17849.1484375,17925.80906071045,17568.059485728347,17631.943338403722,2461400
2018-08-28,17580.8359375,18040.799668422962,17542.50562658975,17887.478424781973,2454000
2018-08-29,17887.478515625,18066.35330078125,17504.175404575893,17504.175404575893,3114100
2018-08-30,17606.390625,17925.809903392597,17504.176455914367,17887.479589985487,2462200
2018-08-31,17580.8359375,17580.8359375,17223.08636900436,17401.961153252178,4819400
2018-09-03,17427.515625,17631.943960777127,17376.40854105572,17606.390418804986,2082300
2018-09-04,17120.873046875,17427.515549207088,17120.873046875,17274.194298041046,1926800
2018-09-05,16584.25,16993.106702619414,16034.848805855163,16993.106702619414,6227000
2018-09-06,16865.3359375,16967.55009469697,16226.497455018938,16277.604533617423,5969000
2018-09-07,16929.22265625,17108.097461674526,16763.12462264151,16801.45493808962,5009400
2018-09-10,16712.017578125,16865.338840309632,16609.80340333524,16839.785296612194,2593100
2018-09-11,16712.017578125,16712.017578125,16712.017578125,16712.017578125,0
2018-09-12,16418.150390625,16993.105073565177,16418.150390625,16712.01611746109,4244400
2018-09-13,16456.482421875,16852.562355941867,16443.705649808326,16507.589510141694,2557100
2018-09-14,16801.453125,16980.327911121673,16507.587404942966,16507.587404942966,2471300
2018-09-17,16430.92578125,16724.791483402994,16303.158084661743,16724.791483402994,1886800
2018-09-18,16341.4921875,16430.929595875685,16111.51028024824,16430.929595875685,4403200
2018-09-19,16507.58984375,16609.80402234907,16354.268575851393,16354.268575851393,2135800
2018-09-20,16763.125,16980.330125762197,16405.37538109756,16482.036013719513,5518800
2018-09-21,17018.662109375,17031.438882730385,16609.805362002626,16954.778242598066,4170000
2018-09-24,16584.25,17274.195685670264,16584.25,17018.660246533127,4129900
2018-09-25,16430.92578125,16750.34502272065,16354.265163297046,16584.24701715591,1389500
2018-09-26,15907.0810546875,16392.598388083585,15868.750738893072,16392.598388083585,12810400
2018-09-27,16443.705078125,16494.812164614897,16034.848386205807,16047.625157828283,6537100
2018-09-28,16865.3359375,16865.3359375,16494.809617660983,16609.800544507576,5318100
2018-10-01,16750.34765625,17069.766947940505,16609.80316790618,16903.668916261442,3426300
2018-10-02,16571.470703125,16763.122253276793,16354.265612952968,16750.345483266672,4463700
2018-10-03,16609.8046875,16635.358233173076,16367.046003605768,16443.706640624998,1858200
2018-10-04,16315.935546875,16443.70324888655,16252.051695869226,16430.926478685396,4589100
2018-10-05,16853.599609375,16905.297767685966,16414.165263731786,16452.938882465012,3231500
2018-10-08,16582.181640625,16931.144153716876,16569.25710310308,16827.747853541503,3421100
2018-10-09,16543.41015625,16672.655548095703,16388.31568603516,16672.655548095703,3758900
2018-10-10,16698.5,16750.19814241486,16284.914860681114,16595.10371517028,4090600
2018-10-11,16233.22265625,16504.63800320959,16233.222656249998,16414.16622088973,4759200
2018-10-12,16375.3876953125,16608.029351599496,16181.51964840667,16194.444184867058,3124700
2018-10-15,16259.0703125,16530.485635681638,16142.74945970787,16427.089322088632,1603500
2018-10-16,16414.162109375,16414.162109375,16026.42599655512,16375.388498093012,2977600
2018-10-17,16543.41015625,16620.957391357424,16336.617529296876,16620.957391357424,2986200
2018-10-18,16504.63671875,16504.63671875,16349.542246843188,16440.014022122163,1920700
2018-10-19,16750.19921875,16931.14272882909,16465.859417197145,16504.633026499807,5989800
2018-10-22,16737.2734375,16853.594256756758,16569.25447635135,16788.97157939189,2009400
2018-10-23,16608.03125,16737.276629377433,16569.257636186772,16737.276629377433,3119900
2018-10-24,16440.013671875,16866.523460532135,16440.013671875,16440.013671875,2845500
2018-10-25,16569.259765625,16879.448715995513,16155.674498464314,16155.674498464314,4070000
2018-10-26,17267.177734375,17305.95133707195,16633.875556991487,16646.800091223802,5448600
2018-10-29,16801.900390625,17577.37271634615,16698.504080528844,17525.674561298078,4767100
2018-10-30,16905.294921875,17008.69122109136,16556.332412019783,16956.993071483183,2092300
2018-10-31,17318.880859375,17318.880859375,16672.653961637126,17047.46556232509,4742900
2018-11-01,17305.958984375,17512.75162347134,17280.10990448796,17318.88352431852,3323300
2018-11-02,16995.763671875,17448.12240078422,16892.367390981464,17435.19786567253,3789400
2018-11-05,16879.447265625,17189.636189342455,16750.201880742723,16956.994496554362,3157100
2018-11-06,17318.880859375,17512.74892869636,17008.69194846082,17008.69194846082,7406500
2018-11-07,17564.447265625,17693.692646534677,17409.35280853339,17473.975498988228,5192000
2018-11-08,17965.11328125,18016.811448965826,17667.848816883994,17835.867861960432,5221600
2018-11-09,18042.654296875,18107.276984184726,17900.484384793606,17978.031609565278,5667200
2018-11-12,17099.162109375,18120.200511975625,17099.162109375,18120.200511975625,3687400
2018-11-13,18042.654296875,18081.427909260834,16931.144075147746,16969.91768753358,4963400
2018-11-14,17835.865234375,18081.43149484828,17654.921674026267,18042.65787477355,2663800
2018-11-15,18133.130859375,18171.904482025126,17810.017337290625,17965.111827891127,4595000
2018-11-16,17990.958984375,18365.770629882812,17835.864510371768,18197.75161637931,3757000
2018-11-19,17784.162109375,18029.72830129224,17577.369526707847,17990.95469204215,3882000
2018-11-20,17784.162109375,17784.162109375,17784.162109375,17784.162109375,0
2018-11-21,16517.5625,17848.790150625977,16155.675371674492,17396.43124021909,14320300
2018-11-22,16440.013671875,16801.90076528105,16233.22104707154,16582.183601427376,7385000
2018-11-23,16465.865234375,16620.959726378533,16427.091611374115,16595.110644377943,3206500
2018-11-26,15858.4091796875,16543.409739201306,15729.16379109999,16465.862506048798,8689400
2018-11-27,15483.5986328125,15935.957524422214,15418.975934011112,15910.108444901658,8298700
2018-11-28,14992.4638671875,15509.445379849138,14966.614791554419,15483.596304216057,15486000
2018-11-29,15173.4072265625,15418.973442324585,14850.293784770283,15095.860000532368,10576800
2018-11-30,14216.9931640625,15173.409067826704,14139.445928622159,15095.861832386363,22953100
2018-12-03,14785.671875,14798.596413352272,14229.916725852272,14475.482954545454,12880400
2018-12-04,15418.9736328125,15496.52085980066,14889.06758172674,14889.06758172674,13490300
2018-12-05,15367.2734375,15651.613231970141,15173.405395815811,15406.047045836836,7654500
2018-12-06,14992.4638671875,15186.331934435615,14940.765715921336,15108.78470753637,6047300
2018-12-07,15186.333984375,15263.88122174202,14927.843193151595,15005.390430518615,4639900
2018-12-10,15380.1982421875,15380.1982421875,14824.443179654674,15380.1982421875,3257800
2018-12-11,15031.236328125,15380.19882241509,15031.236328125,15380.19882241509,5433300
2018-12-12,15147.5576171875,15354.350212643985,15070.01039389132,15160.482154403531,3944600
2018-12-13,15147.5576171875,15548.21827088444,15121.70854275544,15147.5576171875,6994000
2018-12-14,15212.18359375,15302.655373831774,15173.409973714952,15250.957213785046,3879100
2018-12-17,14837.3720703125,15263.88189463333,14798.598449919698,15212.183734109592,5400100
2018-12-18,15057.087890625,15057.087890625,14682.276260729614,14759.823494501072,4702100
2018-12-19,14811.5185546875,15199.254642506545,14733.97133712369,15147.556497464006,7848000
2018-12-20,14901.9912109375,14953.689359110742,14785.6703775477,14811.519451634322,2936200
2018-12-21,14449.6328125,14876.142546679337,14449.632812499998,14733.972635286224,9103000
2018-12-24,14449.6328125,14449.632812499998,14449.632812499998,14449.632812499998,0
2018-12-25,14449.6328125,14449.632812499998,14449.632812499998,14449.632812499998,0
2018-12-26,14036.044921875,14410.856434521755,13958.49771236188,14397.931899602901,5822200
2018-12-27,14268.69140625,14488.408574643343,14113.596934442934,14268.69140625,4325500
2018-12-28,14139.447265625,14372.08899394424,14061.90002285192,14268.6926702468,4792900
2018-12-31,14139.447265625,14139.447265625,14139.447265625,14139.447265625,0
2019-01-01,14139.447265625,14139.447265625,14139.447265625,14139.447265625,0
2019-01-02,14126.5205078125,14294.539507447964,14036.048738778018,14139.445046245995,2171300
2019-01-03,14255.763671875,14294.537281136672,14113.593771248867,14165.291916931097,3808500
2019-01-04,14992.4638671875,14992.4638671875,14074.821682213093,14139.444371295798,10285000
2019-01-07,14462.560546875,15263.882042769772,14397.937845593164,15121.712099949733,8798500
2019-01-08,14216.9931640625,14630.578419744317,14216.9931640625,14462.559409623578,7705000
2019-01-09,14527.181640625,14591.804334755892,14294.53994175378,14294.53994175378,6158200
2019-01-10,14591.802734375,14656.425421418291,14397.934673245129,14604.727271783659,5070800
2019-01-11,14372.0869140625,14669.351301673507,14307.464221103588,14591.80407012281,5194700
2019-01-14,13441.51953125,14385.010806039663,13389.82137920673,14385.010806039663,26482100
2019-01-15,13234.728515625,13622.464702606201,13195.95489692688,13544.917465209961,15944400
2019-01-16,13467.3701171875,13687.08728800534,13286.426564749281,13286.426564749281,11915700
2019-01-17,13880.9541015625,13919.727716371333,13648.312412709496,13648.312412709496,11565800
2019-01-18,13919.7275390625,14152.369224952123,13777.55761990773,13958.501153377436,8409500
2019-01-21,13880.9541015625,14010.199484258612,13868.029563292888,13958.501331180167,4554600
2019-01-22,13493.216796875,13855.103837404215,13454.443185389728,13855.103837404215,7655700
2019-01-23,13751.7099609375,13893.879894744186,13415.671935576247,13441.521014450189,8064900
2019-01-24,13764.634765625,13945.57832122946,13751.710225938967,13751.710225938967,7398500
2019-01-25,13661.236328125,13829.255317969488,13596.613639723273,13764.63262956776,5235400
2019-01-28,13596.61328125,13803.40587868346,13544.915131891636,13674.160505287547,4997900
2019-01-29,13260.5771484375,13570.766087582237,13247.65260930647,13519.067931058114,7912100
2019-01-30,13389.822265625,13519.067654289332,13286.425954693532,13286.425954693532,5626200
2019-01-31,13299.34765625,13687.083739522595,13299.347656250002,13441.517553449952,6894200
2019-02-01,13493.216796875,13583.688557007303,13338.122350933907,13338.122350933907,6640100
2019-02-04,13570.763671875,13609.537282366071,13441.518303571427,13493.216450892856,2984700
2019-02-05,13570.763671875,13570.763671874998,13570.763671874998,13570.763671874998,0
2019-02-06,13725.8603515625,13842.18120199947,13519.067728563441,13622.46404006297,6970600
2019-02-07,13700.0107421875,13803.407049675707,13622.463511571343,13751.708895931602,3108700
2019-02-08,13299.34765625,13648.310131195336,13260.574047922742,13648.310131195336,7834600
2019-02-11,13118.4052734375,13351.046943311267,13015.008975715824,13299.34879445043,4718800
2019-02-12,12834.06640625,13247.651627800857,12821.141868076536,13234.727089627393,6522200
2019-02-13,13053.7822265625,13183.027595142328,12536.800752243194,12821.140563118814,9786900
2019-02-14,13208.876953125,13260.575101669521,13053.782507491438,13053.782507491438,4397800
2019-02-15,12937.462890625,13183.029119318182,12924.538352272726,13131.33096590909,4390800
2019-02-18,13519.068359375,13557.841977996535,12963.313159133008,12963.313159133008,5056100
2019-02-19,13467.3701171875,13635.389130165848,13312.275643669027,13519.068275026992,4604600
2019-02-20,13441.51953125,13622.463063401443,13260.575999098557,13493.21768329327,6800300
2019-02-21,13700.0107421875,13842.180664983784,13286.42551223467,13441.51997346698,9458700
2019-02-22,14449.6328125,14475.481887298747,13803.405942531304,13803.405942531304,18676300
2019-02-25,14087.74609375,14475.482224770643,14010.198867545872,14449.633149369267,7454800
2019-02-26,14372.0869140625,14372.086914062502,13893.878986166537,14087.747065043279,6512700
2019-02-27,14268.69140625,14462.559496008831,14216.993248980978,14372.087720788044,5308100
2019-02-28,13700.0107421875,14462.55850991303,13700.010742187498,14423.784894604953,10331600
2019-03-01,13700.0107421875,13893.878818727888,13596.614434699291,13622.463511571343,6359700
2019-03-04,14216.9931640625,14268.691321022727,13700.011594460228,13700.011594460228,6371000
2019-03-05,13893.880859375,14216.99436773256,13816.333617369186,14216.99436773256,3844500
2019-03-06,13751.7099609375,13958.502591929042,13609.540027130817,13958.502591929042,4641800
2019-03-07,13751.7099609375,13751.709960937502,13751.709960937502,13751.709960937502,0
2019-03-08,13493.216796875,13674.160317139607,13312.273276610393,13493.216796875,5062900
2019-03-11,13906.802734375,13958.500885803904,13454.443909372098,13493.217522943774,2654700
2019-03-12,13519.068359375,13945.57816421188,13519.068359375002,13945.57816421188,2627900
2019-03-13,13583.69140625,13687.087725231922,13441.521467649858,13441.521467649858,2219000
2019-03-14,13506.1416015625,13557.839751233552,13415.669839638158,13441.518914473683,4718700
2019-03-15,13687.0859375,13700.010475684607,13467.36878836166,13480.293326546269,1965800
2019-03-18,13868.0283203125,13880.952857423696,13493.216744087838,13493.216744087838,2629800
2019-03-19,14216.9931640625,14216.9931640625,13829.256986860795,13958.502379261363,4598300
2019-03-20,14372.0869140625,14410.86052983785,14074.822526451497,14216.992450961106,5890500
2019-03-21,14320.388671875,14410.860441462657,14100.671517162116,14410.860441462657,3804700
2019-03-22,14449.6328125,14475.481887298747,14229.915676710643,14372.085588103755,4411600
2019-03-25,14010.19921875,14320.38813134225,13997.274680725322,14320.38813134225,4182700
2019-03-26,14074.8212890625,14255.764813439797,14048.972214151458,14216.991201073233,1910300
2019-03-27,14087.74609375,14165.29331995413,13919.727103641057,14061.897018348625,2464400
2019-03-28,13958.5009765625,14061.897280092593,13725.859293619791,14061.897280092593,3347900
2019-03-29,13958.5009765625,14023.123666268808,13790.481983326099,13958.5009765625,2432500
2019-04-01,14126.5205078125,14191.143199979984,13906.803354443045,14113.595969379001,1441800
2019-04-02,13803.4091796875,14113.598150017555,13751.711017965823,14061.89998829588,4272600
2019-04-03,13803.4091796875,13803.4091796875,13803.4091796875,13803.4091796875,0
2019-04-04,13700.0107421875,13880.954280291862,13493.218127211085,13777.557972803656,5449400
2019-04-05,13635.38671875,13829.254776362559,13570.764032879148,13829.254776362559,1643800
2019-04-08,13389.822265625,13751.709353885133,13351.048649025699,13622.4639652208,3209000
2019-04-09,13648.3115234375,13648.311523437498,13441.518924597536,13519.066149162523,2459400
2019-04-10,13441.51953125,13583.68944936899,13441.51953125,13493.21768329327,2554500
2019-04-11,13157.1787109375,13519.065748173503,13131.329636849216,13467.367599996931,2979600
2019-04-12,13157.1787109375,13260.575007290645,13157.1787109375,13157.1787109375,1941400
2019-04-15,13415.6689453125,13480.29162809339,13195.951823857478,13247.64997008219,2832600
2019-04-16,13661.236328125,13687.08540348569,13441.519187559128,13544.91548900189,4018500
2019-04-17,13661.236328125,13661.236328124998,13661.236328124998,13661.236328124998,0
2019-04-18,13480.294921875,13932.653811870805,13415.67222330417,13932.653811870805,7925900
2019-04-19,13480.294921875,13480.294921875,13480.294921875,13480.294921875,0
2019-04-22,13480.294921875,13661.238477873321,13441.5213027325,13480.294921875,2903800
2019-04-23,14061.896484375,14074.821021584903,13531.990458768956,13596.613144818473,6435400
2019-04-24,14242.83984375,14268.688917876589,13971.424565420826,14087.745398990473,5899100
2019-04-25,14307.4638671875,14372.086558547877,14216.99209928297,14294.539328915424,5912500
2019-04-26,14268.69140625,14346.238642153532,14074.823316491169,14307.465024201767,5135100
2019-04-29,14363.55859375,14443.504188891466,14137.046074182515,14390.207125463823,3397700
2019-04-30,14483.4775390625,14550.098870888914,14310.262076313822,14390.20767450552,5218200
2019-05-01,14483.4775390625,14483.4775390625,14483.4775390625,14483.4775390625,0
2019-05-02,14296.9375,14550.098555452003,14150.370573159365,14550.098555452003,3423400
2019-05-03,14190.34375,14470.153345070423,14123.722417840376,14443.504812206573,3051700
2019-05-06,14350.2353515625,14350.235351562502,13883.886013303738,13910.534546918525,1808300
2019-05-07,14470.15234375,14536.773671299494,14216.991299061925,14230.315564571823,3089200
2019-05-08,14470.15234375,14470.15234375,14230.315564571823,14350.233954160913,2552100
2019-05-09,13910.533203125,14336.909699772508,13803.939078963122,14256.964106651101,4661100
2019-05-10,13990.4794921875,14110.397887834823,13790.615499441965,14043.776556919644,4656200
2019-05-13,13604.0751953125,14123.72155438908,13604.0751953125,13990.478898215597,2829800
2019-05-14,13604.0751953125,13777.290648338027,13390.88694543493,13590.750929695152,3282700
2019-05-15,13510.806640625,13750.64344489645,13457.509573009123,13617.400775856755,2983300
2019-05-16,13244.3212890625,13510.806626870597,13244.3212890625,13350.91542418574,5102400
2019-05-17,13230.99609375,13484.157146903324,13164.37476397281,13244.320359705438,3766600
2019-05-20,13057.7802734375,13230.995726044326,12791.294961734695,13217.671460459185,5965300
2019-05-21,13177.7021484375,13430.863261501518,12951.18957359075,13057.78372645981,6887900
2019-05-22,13004.4853515625,13230.997903792586,12977.83681600602,13111.079493788424,2156400
2019-05-23,13617.400390625,13644.04892367906,13057.781196489725,13057.781196489725,3830600
2019-05-24,13377.5634765625,13750.642936068227,13377.5634765625,13617.400271959039,2608400
2019-05-27,13244.3212890625,13524.130893761003,13230.997022172094,13377.56395796655,2645200
2019-05-28,12951.185546875,13430.859085648148,12951.185546875,13430.859085648148,8817600
2019-05-29,13257.642578125,13444.182272691582,12951.184508479899,12951.184508479899,3426400
2019-05-30,13257.642578125,13257.642578125,13257.642578125,13257.642578125,0
2019-05-31,13510.806640625,13537.45517443294,13270.96983635355,13270.96983635355,4839900
2019-06-03,13510.806640625,13510.806640625,13510.806640625,13510.806640625,0
2019-06-04,13510.806640625,13510.806640625,13510.806640625,13510.806640625,0
2019-06-05,13510.806640625,13510.806640625,13510.806640625,13510.806640625,0
2019-06-06,13510.806640625,13510.806640625,13510.806640625,13510.806640625,0
2019-06-07,13510.806640625,13510.806640625,13510.806640625,13510.806640625,0
2019-06-10,14150.369140625,14190.341934807559,13324.264727518834,13324.264727518834,6816800
2019-06-11,14230.3173828125,14363.560054936213,13870.562168078475,13990.480572989818,6395700
2019-06-12,14270.2880859375,14336.909412202382,13963.82998511905,13963.82998511905,2917900
2019-06-13,14256.9658203125,14363.5599572868,14070.426080607478,14070.426080607478,3973100
2019-06-14,14336.91015625,14350.23442219447,14150.370433027416,14150.370433027416,4082700
2019-06-17,14403.5302734375,14470.151597551456,14310.26041967796,14390.206008614707,4506600
2019-06-18,14496.80078125,14496.800781250002,14323.585330738742,14336.909596162684,4145600
2019-06-20,14656.693359375,14736.638959517044,14496.802159090908,14709.990426136363,3490900
2019-06-21,14630.0419921875,14709.987576844262,14350.23244588883,14709.987576844262,6968800
2019-06-24,14630.0419921875,14696.663312734801,14416.853766436134,14443.502294655054,2413400
2019-06-25,14816.583984375,14856.556782893997,14496.80159622302,14496.80159622302,3467000
2019-06-26,14816.583984375,14869.881049066995,14656.69279029901,14816.583984374998,3420900
2019-06-27,14963.1474609375,14976.471724037176,14749.959251342663,14869.877619239758,4111200
2019-06-28,15029.771484375,15043.095749875332,14856.556032870678,14963.150156873338,3846000
2019-07-01,15362.8798828125,15389.52841686768,15056.421741177905,15083.070275233087,4724500
2019-07-02,15176.337890625,15402.850396455222,15029.770975087795,15362.877601308712,3191700
2019-07-03,15056.4189453125,15176.337326292865,14989.79762254563,15176.337326292865,2440800
2019-07-04,14763.2861328125,15043.095707531871,14723.31333642402,15029.771442069044,3590500
2019-07-05,14936.501953125,14949.826218917262,14816.58356099465,14856.556358371434,3846200
2019-07-08,14550.09765625,14923.177083333334,14523.44912574405,14923.177083333334,3328600
2019-07-09,14763.2861328125,14816.58319466381,14603.394947258575,14603.394947258575,2388100
2019-07-10,14936.501953125,14936.501953125002,14763.286497825604,14923.17768733274,3185800
2019-07-11,14923.1796875,14936.503955078124,14776.612744140624,14816.585546874998,2023000
2019-07-12,14843.2314453125,14923.177036579893,14816.582914890038,14923.177036579893,3124800
2019-07-15,14936.501953125,14949.826218917262,14896.529155748218,14923.17768733274,3284300
2019-07-16,14816.583984375,14976.475178450988,14603.395725607013,14976.475178450988,3255000
2019-07-17,14923.1796875,15016.449560546873,14816.585546874998,14843.23408203125,3404400
2019-07-18,14536.775390625,14896.530601942026,14523.451123539186,14896.530601942026,4114600
2019-07-19,14536.775390625,14643.369527311526,14496.802589367553,14590.072458968265,3625700
2019-07-22,14177.0185546875,14496.800928101504,14150.370023569665,14470.152396983669,4289000
2019-07-23,14390.20703125,14390.207031249998,14163.694513165508,14163.694513165508,2978400
2019-07-24,14376.8818359375,14470.151690294831,14363.557571029309,14443.50316047845,2459400
2019-07-25,14363.55859375,14456.828454748378,14350.23432789309,14456.828454748378,3295100
2019-07-26,14137.0458984375,14443.504009336712,14123.72163274623,14336.909883806551,1964900
2019-07-29,13630.724609375,14137.046735627444,13604.076076414345,14137.046735627444,3932800
2019-07-30,13590.7529296875,13710.671337890624,13590.752929687498,13644.05,4539500
2019-07-31,13284.294921875,13524.131740925903,13257.6463864249,13524.131740925903,6533500
2019-08-01,13031.1318359375,13417.535540684112,13017.80757025658,13257.6443525131,5933100
2019-08-02,13097.7529296875,13177.69852234073,12951.186009823246,12951.186009823246,6272600
2019-08-05,12724.6728515625,13097.752265011452,12711.348586796465,13097.752265011452,4959800
2019-08-06,12125.0810546875,12524.80900154533,12045.135465315934,12524.80900154533,8463100
2019-08-07,12151.732421875,12458.190586023164,12111.759617855674,12391.569245990953,6163900
2019-08-08,12364.9169921875,12418.214048188307,12205.025824185075,12205.025824185075,4011800
2019-08-09,12351.5927734375,12511.483942025687,12298.295717241437,12418.214093682578,2970500
2019-08-12,11565.4638671875,12351.595627745175,11525.491065803211,12324.947093488983,12763700
2019-08-13,11312.3017578125,11578.787076017741,11298.977491902238,11565.46281010748,9243100
2019-08-14,11498.8427734375,11578.788377887819,11418.897168987181,11458.86997121234,3772300
2019-08-15,11059.140625,11272.328878012047,10979.195030120482,11192.383283132529,6923800
2019-08-16,10925.8974609375,11405.57100800305,10872.60040015244,11032.491582507622,11691500
2019-08-19,11032.4921875,11139.086314915457,10979.19512379227,11059.140719353863,2639300
2019-08-20,10952.544921875,11125.760352512925,10925.89639408455,11112.4360886177,4671300
2019-08-21,10672.7392578125,11019.170244957475,10672.7392578125,10925.900363803059,5765200
2019-08-22,10646.087890625,10739.357746988422,10472.872443092929,10712.709216598872,5291300
2019-08-23,10925.8974609375,10965.870256526296,10592.79083103087,10659.412157012195,6016300
2019-08-26,10726.0322265625,10752.680753833463,10579.465326572206,10712.70796292702,5070500
2019-08-27,11032.4921875,11032.492187499998,10726.034071180555,10726.034071180555,10417700
2019-08-28,11139.0859375,11338.949919632178,10979.194751794259,11085.788875598086,7013200
2019-08-29,11019.166015625,11112.435860980955,10925.896170269045,11032.490279247279,2333700
2019-08-30,11152.4091796875,11259.003293710797,10979.193744399641,11059.139329917114,5118700
2019-09-02,10979.1943359375,11152.409780557873,10939.221541025105,11152.409780557873,2750300
2019-09-03,10872.599609375,11085.787837009804,10752.681231330422,11032.490780101103,2712600
2019-09-04,10899.2509765625,11085.790724327628,10859.278173469971,11085.790724327628,3787200
2019-09-05,11205.7080078125,11245.68080688912,10805.9800170463,10952.546946993907,4528000
2019-09-06,11498.8427734375,11552.139843071045,11338.951564536863,11352.275831945248,6431400
2019-09-09,12418.216796875,12418.216796875,11538.815178212177,11538.815178212177,10139700
2019-09-10,12231.6748046875,12444.863036577479,12045.13510178377,12418.21450759123,5829000
2019-09-11,12524.8125,12578.109574468084,12245.002859042552,12444.86688829787,5381100
2019-09-12,12284.9716796875,12671.375344232985,12218.35035821414,12578.105494170282,6808700
2019-09-13,12138.404296875,12418.213836100438,11991.83739537596,12418.213836100438,2191700
2019-09-16,12298.2998046875,12298.2998046875,11645.41064929239,12258.326999255145,3955500
2019-09-17,12178.37890625,12298.297298105854,11831.947996444202,12298.297298105854,4603500
2019-09-18,12005.1630859375,12151.730004855715,11871.920432375486,12151.730004855715,1713700
2019-09-19,11592.1103515625,11925.216970860274,11538.813292474857,11885.244176544542,4524700
2019-09-20,11725.3544921875,11725.354492187498,11432.220629882811,11592.11182750355,5820000
2019-09-23,11778.6494140625,11805.297942148614,11618.758245545814,11725.352357890271,1129300
2019-09-24,11298.9775390625,11645.408454175265,11139.086347471994,11618.759922243515,6501800
2019-09-25,11259.00390625,11405.570821005918,11085.788461538463,11192.382581360947,2222800
2019-09-26,11112.4375,11365.59854616307,11085.78896882494,11259.00442146283,4031000
2019-09-27,10912.5732421875,11072.464425223216,10766.006324404763,11072.464425223216,5454300
2019-09-30,10965.869140625,11085.787515188335,10832.626502221294,10859.275029902035,3090800
2019-10-01,10952.544921875,11152.408880303376,10939.220657979775,11005.8419774559,2131500
2019-10-02,10766.0048828125,11045.814415657875,10766.0048828125,10939.220307907255,2282400
2019-10-03,10766.0048828125,10925.896044438428,10619.4379846554,10659.410775061882,2102600
2019-10-04,10766.0048828125,10912.571780969602,10766.0048828125,10792.653409750155,1457900
2019-10-07,10872.599609375,10952.545194738052,10766.005495557598,10885.923873602174,1672800
2019-10-08,10999.318359375,11176.06883980995,10876.952642150804,10999.318359375,4254400
2019-10-09,10904.140625,11135.275775405236,10876.94825436409,10972.121551589775,3181200
2019-10-10,10958.5302734375,11094.4921875,10904.1455078125,10958.5302734375,4893100
2019-10-11,11053.701171875,11121.682113891451,10985.720229858549,11012.912606665128,2380800
2019-10-14,11216.85546875,11312.02878787879,11108.085961174243,11108.085961174243,2898600
2019-10-15,11366.412109375,11393.604482842406,11189.661681836873,11257.642615505383,2733800
2019-10-16,11067.298828125,11407.203583288545,11012.914067298832,11366.41501266892,4013500
2019-10-17,11080.892578125,11189.662075824386,10985.719267638038,11067.296390912577,2854100
2019-10-18,11339.2216796875,11366.414057816248,11080.894087464403,11080.894087464403,7225000
2019-10-21,11298.43359375,11407.203110898014,11230.45264553249,11352.818352324008,2085600
2019-10-22,11692.720703125,11692.720703124998,11325.623657794331,11325.623657794331,4523100
2019-10-23,11760.7021484375,11787.894523347182,11475.182211885838,11692.721211163296,3583400
2019-10-24,11923.8564453125,11923.856445312498,11665.528882643242,11787.894570223416,3223100
2019-10-25,11529.56640625,11896.663449845224,11475.181659050706,11883.067263045401,4676500
2019-10-28,11665.5302734375,11719.915029957023,11447.991247359412,11447.991247359412,1013200
2019-10-29,11597.548828125,11692.722147933764,11488.77931977213,11679.125959389656,3549000
2019-10-30,11801.4931640625,11815.089354343678,11515.973168157761,11611.146500126008,3288600
2019-10-31,11787.89453125,11910.260218425607,11706.317406466263,11801.490718713958,4143700
2019-11-01,11692.720703125,11801.490198037789,11651.932142532702,11760.701637445492,2095400
2019-11-04,11733.5126953125,11855.878412876593,11638.339359429316,11801.493649514774,1998700
2019-11-05,12644.4560546875,12644.4560546875,11774.299939096101,11774.299939096101,8621400
2019-11-06,12426.9169921875,12671.64839903583,12263.762720955277,12671.64839903583,2953900
2019-11-07,11991.8388671875,12562.87881324405,11896.665542844743,12318.147407791243,3419700
2019-11-08,12658.052734375,12671.648924207842,12032.628002064313,12127.8013308942,4479000
2019-11-11,12685.2431640625,12685.2431640625,12508.49272340568,12658.050788576835,2922900
2019-11-12,12943.572265625,12970.764644334295,12508.49420627626,12685.244667886685,3901500
2019-11-13,12630.8603515625,12997.95747695775,12549.283212585779,12997.95747695775,2906900
2019-11-14,12195.7841796875,12617.266130156077,12100.610836033306,12562.88136235368,3469800
2019-11-15,12168.5908203125,12358.93749236208,12141.39843859113,12331.745110640712,1778800
2019-11-18,11910.2626953125,12263.763642890268,11774.300792397973,12168.5903108501,3032100
2019-11-19,12209.3779296875,12209.3779296875,11937.454145061942,12019.03128044961,1451600
2019-11-20,12331.7431640625,12331.7431640625,12046.223201057745,12209.377465631891,1223700
2019-11-21,12019.029296875,12263.760662648474,11964.64454892534,12236.568288673643,2215800
2019-11-22,12372.53125,12630.858825549452,11937.45322802198,12073.415109890111,2530000
2019-11-25,12154.9931640625,12440.513137714974,12059.819839511674,12372.532191607243,2635300
2019-11-26,11624.7421875,12372.532620614034,11624.742187499998,12372.532620614034,8038300
2019-11-27,11747.1064453125,11937.453077528213,11665.529317220053,11855.875949435764,3046300
2019-11-28,11366.412109375,11883.067205255682,11203.257868570574,11883.067205255682,2644900
2019-11-29,11380.009765625,11679.125912391726,11380.009765625,11475.183085050776,2102100
2019-12-02,11815.087890625,11815.087890625,11380.009855527187,11380.009855527187,2005100
2019-12-03,11502.3779296875,11842.28271484375,11447.9931640625,11747.109375,1514100
2019-12-04,11257.6455078125,11475.184551441727,11257.6455078125,11420.79979053442,2869300
2019-12-05,11312.029296875,11570.356888991137,11244.04835158128,11393.606431227465,3220200
2019-12-06,11597.548828125,11624.741205213219,11257.644114522274,11380.009811419257,2316200
2019-12-09,11611.14453125,11747.106411007026,11570.355967322892,11597.548343274297,1572900
2019-12-10,11583.953125,11679.12644879695,11502.375990316901,11502.375990316901,1754200
2019-12-11,11312.029296875,11747.107346754809,11312.029296875,11747.107346754809,2834700
2019-12-12,11121.68359375,11352.818827360941,11121.68359375,11312.030256723716,4193900
2019-12-13,11515.9716796875,11529.567868211334,11257.644097734652,11284.83647478232,4618500
2019-12-16,11964.646484375,12032.627430308949,11529.568430397727,11556.760808771307,4904500
2019-12-17,12168.5908203125,12168.5908203125,11828.68604879539,11964.647957402234,4607100
2019-12-18,11855.87890625,12141.39892578125,11855.87890625,12127.802734375,3803500
2019-12-19,11815.087890625,12087.011662561134,11733.51075904416,11855.87645641542,3066800
2019-12-20,11556.76171875,11896.666475183823,11502.376957720588,11801.493143382353,5280600
2019-12-23,11529.56640625,11692.720647847877,11380.008351451945,11692.720647847877,3600600
2019-12-26,11760.7021484375,11760.7021484375,11529.566961705203,11529.566961705203,1559400
2019-12-27,11787.89453125,11855.875468569782,11692.721219002307,11760.702156322088,1669500
2019-12-30,11706.3203125,11828.686030052266,11529.569831591174,11787.897457534844,3131600
2020-01-02,11692.720703125,11801.490198037789,11434.393152707122,11801.490198037789,1530800
2020-01-03,11570.3583984375,11665.531734264836,11488.781253442641,11665.531734264836,2052700
2020-01-06,11733.5126953125,11747.108886152955,11488.781260184312,11570.358405227042,2010900
2020-01-07,11556.76171875,11760.704572610295,11502.376957720588,11747.10838235294,3667600
2020-01-08,11719.9140625,11747.10643851508,11543.163618401972,11556.759806409513,4886000
2020-01-09,11597.548828125,11774.299279198418,11570.356451036783,11760.70309065431,2290600
2020-01-10,12100.6083984375,12154.99315528441,11692.722722085673,11706.318911297401,5071900
2020-01-13,12535.685546875,12590.070299789859,12236.569405843276,12236.569405843276,4773700
2020-01-14,12345.33984375,12644.456007365088,12209.377951197688,12644.456007365088,5819100
2020-01-15,11964.646484375,12290.955024857954,11801.492214133523,12290.955024857954,5589000
2020-01-16,11910.2626953125,11978.243646769763,11801.49317298088,11964.647456478311,2716100
2020-01-17,11842.279296875,11883.067859321183,11774.298359464698,11883.067859321183,2689700
2020-01-20,11692.720703125,11855.874945494184,11583.951208212207,11787.89401117369,2160500
2020-01-21,11461.5869140625,11679.125930225015,11380.009783001557,11611.144987674228,4442200
2020-01-22,11203.2587890625,11556.759673183404,11203.258789062498,11475.182546078579,2864000
2020-01-23,11067.298828125,11244.049300810044,11040.106447711916,11176.068349777335,3807600
2020-01-24,10985.720703125,11148.874970993193,10876.951191212871,11148.874970993193,6065000
2020-01-27,10836.1650390625,11012.915535308186,10795.376463005801,10985.723151270387,3788900
2020-01-28,10808.970703125,10917.740219634434,10537.046911851416,10836.163082252358,5472000
2020-01-29,10890.548828125,10999.318354498282,10822.567874141698,10931.33740051498,2351700
2020-01-30,10863.3544921875,10904.143057239518,10740.988797031447,10876.950680538173,2561900
2020-01-31,10441.8720703125,10876.950073242186,10401.08350753784,10876.950073242186,6277800
2020-02-03,10373.892578125,10523.450662475427,10346.700199152196,10428.27733607061,3563400
2020-02-04,10210.73828125,10509.854449275965,10197.142091794274,10482.662070364513,3727900
2020-02-05,10197.142578125,10387.489239583334,10129.161627604166,10333.104479166666,6531800
2020-02-06,10169.94921875,10387.488239471924,10169.94921875,10333.103484291443,4072800
2020-02-07,10224.3349609375,10319.508291690909,10169.950200506983,10169.950200506983,3671200
2020-02-10,9938.8134765625,10224.333425957591,9830.043972031037,10224.333425957591,4234800
2020-02-11,9802.853515625,9938.815422915222,9721.276371250868,9802.853515625,4673400
2020-02-12,9626.1015625,9898.025335451977,9571.716807909605,9843.640580861582,4694300
2020-02-13,9585.3134765625,9775.660127160905,9367.774447307182,9707.679180518617,5915400
2020-02-14,9966.0078125,9993.200193980218,9449.352564375853,9449.352564375853,5591600
2020-02-17,9979.6044921875,10251.5283203125,9952.412109375,10061.181640625,3545100
2020-02-18,9979.6044921875,10061.181640625,9843.642578125,10061.181640625,3981600
2020-02-19,10047.5830078125,10115.563948325438,9925.217314889207,9979.60206729956,5036800
2020-02-20,10020.3916015625,10115.564927493215,9979.60303330648,10047.583980399846,2747400
2020-02-21,9911.623046875,10142.75828939472,9870.834474665638,10033.988763503086,4518400
2020-02-24,9734.873046875,9843.642578125,9598.9111328125,9775.66162109375,5410800
2020-02-25,9938.8134765625,10033.98679302753,9626.101151034542,9789.255407831737,3711100
2020-02-26,9789.2548828125,9925.216756184895,9734.87013346354,9802.851070149738,3229400
2020-02-27,9558.12109375,9843.641069523472,9530.928715104908,9748.467744265648,3341900
2020-02-28,9027.869140625,9408.562417639308,9014.272952160205,9408.562417639308,10754000
2020-03-02,9068.66015625,9381.372575431034,9000.67919555847,9136.641116941528,5773400
2020-03-03,9598.908203125,9762.062450203613,9245.407334454676,9245.407334454676,3573400
2020-03-04,10061.1796875,10101.968253800676,9517.332136824325,9626.10164695946,5058200
2020-03-05,9802.853515625,10251.527809682733,9789.257324895978,10169.9506653086,3297800
2020-03-06,9408.564453125,9789.2578125,9381.3720703125,9789.2578125,3360600
2020-03-09,8592.7900390625,9136.63750988924,8552.001478750493,9082.252762806565,6040500
2020-03-10,8987.0810546875,9245.408649300301,8715.15727088455,8715.15727088455,5256500
2020-03-11,8864.716796875,9068.65966796875,8715.15869140625,9027.87109375,3997100
2020-03-12,8266.484375,8647.177734375,8252.88818359375,8619.9853515625,4459900
2020-03-13,8266.484375,8266.484375,8266.484375,8266.484375,0
2020-03-16,7899.38623046875,8375.252870858434,7899.38623046875,8375.252870858434,2676400
2020-03-17,7355.53857421875,7899.386158264499,7355.53857421875,7899.386158264499,8346700
2020-03-18,7287.556640625,7613.865146921641,6906.863383278917,7396.32614272388,3964600
2020-03-19,6852.4794921875,7205.980418371775,6784.4985448443695,7192.384228903149,3713100
2020-03-20,8076.13623046875,8212.098119870581,6526.170691287879,6961.248737373738,7216400
2020-03-23,7518.693359375,7885.7905035036165,7518.693359375,7885.7905035036165,4723500
2020-03-24,7600.26904296875,8035.3470561619515,7396.326224284436,7668.2499825301875,6155500
2020-03-26,8171.3095703125,8687.964751130927,7777.020090214226,7885.789601965474,10097600
2020-03-27,8429.6376953125,8932.696719065021,8320.868176663307,8320.868176663307,8655900
2020-03-30,7845.00244140625,8212.099609375,7845.00244140625,8212.099609375,2585100
2020-03-31,9191.0234375,9286.196757119083,8048.943602071005,8076.135979105029,7683500
2020-04-01,9041.4658203125,9354.17817199248,8715.15727942904,9136.639144736842,3443100
2020-04-02,9191.0234375,9408.562453772189,8810.330159023668,9014.272986778846,3412000
2020-04-03,9326.9853515625,9626.101499863338,9191.02346597121,9218.215843089467,4349900
2020-04-06,9789.2548828125,9843.639632161457,9381.36926269531,9381.36926269531,3779900
2020-04-07,9571.71875,10428.27880859375,9394.96826171875,9843.642578125,3972700
2020-04-08,9517.3330078125,9571.717767857142,9109.447307477678,9571.717767857142,2463200
2020-04-09,9313.390625,9517.33348540146,9082.25538321168,9517.33348540146,2079100
2020-04-13,9544.5244140625,9653.293923054665,9136.63875534188,9381.370150574252,2175200
2020-04-14,9925.2177734375,9925.217773437502,9544.524488976884,9544.524488976884,2417300
2020-04-15,9639.6982421875,10006.795354372356,9462.947780765164,9925.218218331278,2841900
2020-04-16,9041.4658203125,9639.698145265507,8973.484874295113,9639.698145265507,3891300
2020-04-17,9422.1591796875,9517.332504734848,9041.465879498106,9068.658258083064,3344800
2020-04-20,9408.564453125,9571.71875,9326.9873046875,9354.1796875,1674700
2020-04-21,8919.1005859375,9435.755802805832,8837.523446431975,9435.755802805832,2224200
2020-04-22,8837.5234375,8973.48533653846,8701.561538461538,8919.100576923076,2610400
2020-04-23,8810.3310546875,9000.677713276427,8701.561535493827,8891.908194082755,4209900
2020-04-24,8823.92578125,9014.272408272342,8728.752467738828,8810.329593605546,2558000
2020-04-27,8919.1005859375,9000.677725443027,8796.734876679211,8919.1005859375,1792900
2020-04-28,8456.830078125,8919.10053255627,8443.233888288785,8864.715773211414,3807800
2020-04-29,8484.0234375,8552.00439453125,8212.099609375,8538.408203125,2828800
2020-04-30,8864.716796875,8919.1015625,8484.0234375,8484.0234375,3254900
2020-05-04,8443.2333984375,8823.926691764795,8443.2333984375,8701.560990338165,2724100
2020-05-05,8266.484375,8633.58154296875,8225.69580078125,8497.61962890625,3169700
2020-05-06,8320.8671875,8429.636693218954,8225.693869995916,8280.078622855392,2704900
2020-05-08,8606.3896484375,8647.17822497038,8320.869612707345,8320.869612707345,4845100
2020-05-11,8552.00390625,8769.542956329491,8552.00390625,8701.56200317965,3087700
2020-05-12,8429.6376953125,8552.003403792844,8375.252935987903,8538.407213961695,1900900
2020-05-13,8307.271484375,8429.637185454174,8198.501972304624,8429.637185454174,2017800
2020-05-14,8157.71435546875,8307.272451985677,8048.944830729166,8212.099117838541,2689600
2020-05-15,7749.82763671875,8212.098057154606,7613.865748355264,8157.713301809211,5153400
2020-05-18,7695.443359375,7885.790014907243,7369.13480703401,7749.828118098498,9059800
2020-05-19,7885.7880859375,8266.481303879309,7722.633849676724,7722.633849676724,4547400
2020-05-20,7940.17578125,8089.73388671875,7831.40625,7994.560546875,3078900
2020-05-26,8198.50390625,8212.100098466004,7940.176254145937,8021.753407441956,4214200
2020-05-27,8130.52099609375,8266.482885660535,8089.7324292237145,8212.098129833821,2535100
2020-05-28,8212.0986328125,8293.675771549048,8048.944355339403,8116.925304286527,5091100
2020-05-29,8538.40625,8538.40625,8008.154906449045,8252.886295780254,8249800
2020-06-02,8905.50390625,9014.273419608779,8429.637285305344,8484.022041984732,6569200
2020-06-03,9286.197265625,9394.96677971724,8905.50396630216,8905.50396630216,7542300
2020-06-04,9245.408203125,9612.505293543198,9109.446317784927,9313.389145795038,5368300
2020-06-05,9299.7939453125,9367.774895205135,9109.447285613121,9245.409185398392,1971200
2020-06-08,9544.5244140625,9680.486300302706,9354.177773326212,9408.562527822294,3165000
2020-06-09,9666.8896484375,9993.198159777163,9598.90870857507,9598.90870857507,4899700
2020-06-10,9367.7744140625,9707.67914606767,9245.40871054064,9707.67914606767,3804400
2020-06-11,8946.29296875,9367.774856335485,8864.715829217324,9367.774856335485,4527100
2020-06-12,8946.29296875,9150.235817581686,8538.407271086626,8946.29296875,4397300
2020-06-15,8769.54296875,9068.659163032946,8647.177252906977,8946.293447189923,2550200
2020-06-16,9218.2177734375,9259.00634765625,8932.69775390625,8973.486328125,4100700
2020-06-17,9626.1015625,9762.063448975989,9218.215903072034,9245.408280367232,4337900
2020-06-18,9598.908203125,9802.851011973265,9517.331079585694,9626.100577638103,4874200
2020-06-19,9707.6787109375,9707.6787109375,9558.120635558911,9626.101578912814,7802200
2020-06-22,9625.0966796875,9966.816088433803,9596.620062291975,9881.386236247226,5854600
2020-06-23,9440.0,9625.098039215685,9411.523378582202,9625.098039215685,2390200
2020-06-24,9525.427734375,9625.09588705157,9411.521274173205,9439.997889223654,2318000
2020-06-25,9383.0458984375,9596.620539524847,9283.377732596737,9525.428992495732,3157400
2020-06-26,9383.0458984375,9553.905611307378,9354.569279625854,9511.190683089908,2213500
2020-06-29,9511.189453125,9625.095913641468,9212.184994269273,9340.3297623503,1720400
2020-06-30,9425.76171875,9682.051312311178,9411.523407996601,9568.144826283988,2737100
2020-07-01,9682.0498046875,9739.003038832721,9383.045325425092,9454.236868106618,2283500
2020-07-02,9767.4794921875,9838.671033675746,9625.096409211004,9710.5262589969,2739000
2020-07-03,9767.4794921875,9852.909341973396,9696.287950699252,9795.956108782799,1702000
2020-07-06,9810.1953125,9838.671931694484,9710.527145319304,9767.480383708273,1801900
2020-07-07,9867.1484375,9952.578294101731,9767.480271464647,9852.910128066378,4504200
2020-07-08,10507.8720703125,10536.34868838923,9824.433236471037,9867.14816358613,6251300
2020-07-09,10507.8720703125,10892.306414348324,10436.680525120682,10450.918834159045,9057900
2020-07-10,10208.869140625,10564.82692098152,10166.154206982219,10507.873676124478,3390200
2020-07-13,10536.3486328125,10707.208340371622,10237.344144584036,10251.582453547297,7613300
2020-07-14,10436.681640625,10778.401094069748,10408.205019504605,10593.303056787176,10225900
2020-07-15,10393.9658203125,10621.7787697988,10393.9658203125,10493.633985712757,4518100
2020-07-16,10436.681640625,10479.396572305594,10337.013466703615,10436.681640625,2478000
2020-07-17,10507.8720703125,10678.731778772866,10308.535743775406,10365.488979928863,6114000
2020-07-20,10479.3955078125,10564.825362495754,10365.489034901495,10507.872126040253,2657900
2020-07-21,11006.212890625,11262.502453407988,10436.680528885026,10507.872074102523,12346100
2020-07-22,11390.6484375,11675.4146484375,11105.8822265625,11105.8822265625,8892600
2020-07-23,11433.36328125,11589.984696061643,11219.788624688666,11419.124970812578,3531900
2020-07-24,11077.4052734375,11461.83964668019,10963.498792476703,11419.124716319891,2456700
2020-07-27,11960.1806640625,11960.1806640625,11162.835286458334,11162.835286458334,8990700
2020-07-28,12301.8984375,12714.809380425348,12031.370578342014,12074.085503472223,9975800
2020-07-29,12244.9443359375,12529.710483284884,12002.893110692223,12301.897565406976,3823200
2020-07-30,12159.515625,12301.898711943795,11960.17930327869,12301.898711943795,3279800
2020-08-03,11646.9384765625,12301.900786980439,11319.45732135353,12244.94754259627,5624600
2020-08-04,11646.9384765625,11817.798209715005,11476.078743409993,11760.844965330836,3548700
2020-08-05,12259.185546875,12458.52189723069,11703.891428027002,11703.891428027002,7539000
2020-08-06,13540.6328125,13597.586052510516,12316.138152273923,12316.138152273923,15269600
2020-08-07,14067.44921875,14337.977088341346,13440.963626012146,13540.631788493169,14634000
2020-08-10,14110.1650390625,14238.30982751009,13483.679406652056,14067.45010957997,5907500
2020-08-11,13825.3984375,14209.832791580844,13683.015343395984,14110.164625708034,4453600
2020-08-12,13398.248046875,13668.775903294367,12899.907258734058,13668.775903294367,9508600
2020-08-13,13270.1044921875,13554.870683006973,12971.099991827052,13384.01096851529,5354500
2020-08-14,13141.958984375,13526.393320862677,13113.482366857395,13270.103763204226,6033800
2020-08-18,13440.962890625,13654.537512827726,13284.341501009665,13298.579809156514,6790100
2020-08-19,13369.7744140625,13554.872462393503,13355.536102652422,13497.919216753195,4502000
2020-08-24,13099.24609375,13369.77400220788,12899.909740149456,13369.77400220788,5460100
2020-08-25,13412.4892578125,13469.442503068603,13085.008097589902,13113.484720217954,5037400
2020-08-26,13241.6279296875,13512.155812121977,13213.151310483872,13469.440883316533,4310300
2020-08-27,13398.248046875,13412.486355107598,13213.150039851222,13355.533122177205,2503000
2020-08-28,13341.2958984375,13469.440682947574,13298.580970267478,13440.964064167558,4648100
2020-08-31,13099.24609375,13583.348666779892,12814.479874320652,13497.918800951087,6523200
2020-09-01,13384.0107421875,13384.010742187498,13042.291318982712,13227.389339885305,5722900
2020-09-02,13298.580078125,13497.916396212528,13156.196993776766,13497.916396212528,5951500
2020-09-03,13327.056640625,13384.009874131945,13056.528781467014,13327.056640625,3426100
2020-09-04,13156.197265625,13241.627117999187,13028.052487063716,13156.197265625,3524500
2020-09-07,13184.673828125,13270.10368014309,13013.814124088824,13099.243976106913,2944900
2020-09-08,13184.673828125,13284.34198881277,13113.482284776594,13284.34198881277,1447600
2020-09-09,12899.9072265625,13184.673390504278,12572.426138029457,13085.005233124655,4428200
2020-09-10,12187.9931640625,12686.334006051036,12159.516544520298,12529.712598568925,5410300
2020-09-11,13056.5302734375,13141.96013345999,11746.605753092625,11775.082373100122,4429900
2020-09-14,13099.24609375,13170.437648607336,13013.816227921196,13099.24609375,2987900
2020-09-15,13597.5830078125,13668.774541884815,13156.195496564136,13270.101951079841,7435300
2020-09-16,13683.0146484375,13782.682809248177,13426.725092067181,13597.58479631406,6462600
2020-09-17,13327.056640625,13668.776041666666,13099.243706597223,13597.584499782986,3511500
2020-09-18,13554.87109375,13640.30095358456,13170.436724494486,13312.819824218752,3403200
2020-09-21,13440.962890625,13554.869355799787,13369.771349890756,13554.869355799787,2485400
2020-09-22,12999.576171875,13241.627425896768,12914.146317514374,13042.291099055312,2571700
2020-09-23,13184.673828125,13270.10368014309,12971.099198079779,13099.243976106913,2545400
2020-09-24,13028.052734375,13369.772150358607,12956.861189378415,12985.33780737705,3142600
2020-09-25,13213.15234375,13270.105586610993,13042.292615167027,13184.675722319505,2065200
2020-09-28,12857.1923828125,13213.150089977853,12814.477457952658,13213.150089977853,2765500
2020-09-29,12899.9072265625,13141.95846591301,12572.426138029457,12971.098767547945,2817600
2020-09-30,12985.337890625,13070.767745168585,12743.28663608484,12914.146345172012,2564000
2020-10-01,12971.1015625,13099.246363885839,12842.95676111416,13099.246363885839,1607300
2020-10-02,12914.146484375,13013.814649083519,12814.478319666485,12842.954938154631,2575400
2020-10-05,12714.80859375,12956.859821178612,12714.80859375,12914.144898691211,1841200
2020-10-06,12885.669921875,13042.29132424033,12828.716684651243,12828.716684651243,2312100
2020-10-07,12782.94921875,12969.456895342311,12725.56224133698,12897.723173576038,3053400
2020-10-08,12969.455078125,13069.88227452641,12869.027881723589,12998.148562811117,2055400
2020-10-09,12854.6796875,13069.880798339846,12811.639465332031,12983.800354003906,2418400
2020-10-12,12912.0673828125,13026.841315104166,12711.213001302083,12912.067382812498,4369600
2020-10-13,12912.0673828125,12912.067382812498,12754.253225911458,12840.333675130207,1678400
2020-10-14,12897.71875,12926.412228865407,12754.25135567297,12854.678531701891,4933300
2020-10-15,12452.970703125,12940.7598781322,12452.970703124998,12912.066397249422,5865300
2020-10-16,12553.400390625,12668.174337053573,12424.279700892857,12467.319930803573,2859100
2020-10-19,12653.826171875,12725.559880332341,12567.74572172619,12567.74572172619,1962100
2020-10-20,12782.94921875,12811.642707456509,12567.748053451178,12567.748053451178,3002000
2020-10-21,12782.94921875,12883.376429222784,12696.868752630471,12825.989451809764,1974500
2020-10-22,12711.2158203125,12782.949543903429,12653.828841439758,12739.909309748871,1735300
2020-10-23,12582.0927734375,12768.600420022092,12467.318837077752,12768.600420022092,1692400
2020-10-26,12467.3173828125,12625.131526898733,12452.970642441023,12582.091305784306,2164400
2020-10-27,12122.9970703125,12395.585170118344,11993.8763914571,12338.198201738165,6217100
2020-11-02,11735.6357421875,12036.917344370797,11534.781340731968,12022.570601409689,7408000
2020-11-03,11993.8759765625,12008.22271816126,11764.328110982357,11764.328110982357,4239500
2020-11-04,11821.71484375,12137.343152685073,11778.674619804307,12108.649670054612,2836300
2020-11-05,11979.529296875,12137.343455276947,11836.061880145959,12137.343455276947,2626800
2020-11-06,12036.9150390625,12209.075921623586,11907.794377141687,12166.035700983315,5102000
2020-11-09,11979.529296875,12151.69019694985,11922.142330183384,12108.649971931138,3595200
2020-11-10,11850.408203125,12108.649544113196,11793.021238460957,11979.528873619098,6850500
2020-11-11,12309.50390625,12366.890870847903,11879.101671765735,11922.141895214161,6681700
2020-11-12,12108.650390625,12366.891749666765,12065.61016411804,12309.504780990817,5110700
2020-11-13,12122.9970703125,12223.424264977812,12065.610101932323,12108.650328217456,1736700
2020-11-16,12194.73046875,12237.770693933822,12065.60979319853,12194.73046875,4684900
2020-11-17,12079.95703125,12223.42445442399,12079.95703125,12194.730969789192,5397400
2020-11-18,12051.263671875,12194.731096540178,12051.263671875,12079.957156808036,3864900
2020-11-19,12338.19921875,12553.400367914242,11907.796920421511,12022.570866642442,10791700
2020-11-20,12223.42578125,12481.667170994717,12209.079037375293,12452.973683245304,4641400
2020-11-23,12682.51953125,12696.866272801188,12266.464026265554,12280.810767816742,8064700
2020-11-24,12869.0283203125,13112.922948456662,12682.520663496378,12940.762034472547,5378800
2020-11-25,13901.9931640625,14174.581265318628,13141.615828979619,13141.615828979619,21535100
2020-11-26,14059.806640625,14303.701245615433,13729.831586814413,14059.806640624998,8537900
2020-11-27,14188.92578125,14303.699700612993,13787.217063479526,14002.418162285137,5135800
2020-11-30,13199.0029296875,14059.807468580162,13199.0029296875,13916.340045431385,23203100
2020-12-01,13873.298828125,13945.032534578593,13256.388952624095,13485.936813275595,7743900
2020-12-02,14920.615234375,14920.615234375,13959.383291391227,13973.730036808895,13645600
2020-12-03,14977.998046875,15408.400289601292,14734.103442663432,15092.771978268676,9510300
2020-12-04,15207.5478515625,15322.321797612029,14977.999959463445,15092.773905512973,6416700
2020-12-07,15480.1328125,15580.559994786841,15365.35888988647,15379.70563021316,5053700
2020-12-08,15365.3603515625,15594.908218625991,15164.505967881943,15580.561476934523,4688300
2020-12-10,14934.9580078125,15551.86789670389,14820.184074995497,15494.480930295389,5261800
2020-12-11,15006.6904296875,15408.399160118905,14920.609987452197,15150.157833413,3551700
2020-12-14,15724.029296875,15752.722780993385,15121.466130388915,15121.466130388915,6419000
2020-12-15,15250.5869140625,15738.37614743797,15207.546687588192,15724.029405279867,5242300
2020-12-16,15594.9072265625,15666.640930456531,15394.05285565921,15394.05285565921,4764200
2020-12-17,15566.21484375,15752.722487039171,15307.973491503457,15695.335519873272,5996000
2020-12-18,15279.279296875,15666.641307218308,15207.545591255866,15566.214119351525,6384100
2020-12-21,16226.1630859375,16340.937006969772,15379.705418324493,15437.092378840629,8120200
2020-12-22,15178.8505859375,16183.122363835066,15092.770147831994,16183.122363835066,6674300
2020-12-23,14963.650390625,15609.253715244487,14490.207952570709,15494.47979086769,6517800
2020-12-28,15451.439453125,15494.479674442899,14992.343759067435,15437.092712685702,4924000
2020-12-29,15207.5478515625,15666.643635760614,15107.120648769163,15508.829459942513,2587300
2020-12-30,15264.935546875,15523.176937705592,15207.548571134867,15351.016010485197,5305500
2021-01-04,15293.6259765625,15480.13361042302,14848.877003510495,15236.239012297727,3454200
2021-01-05,15092.7724609375,15293.626847299785,14977.998525873336,15293.626847299785,3682700
2021-01-06,14805.8369140625,15207.545667544817,14346.741195796996,15150.15870276163,6610100
2021-01-07,15379.70703125,15437.093997784516,14805.837365904852,14805.837365904852,5124100
2021-01-08,15652.294921875,15752.722112024518,15394.053575776237,15666.64166332493,6137100
2021-01-11,15236.2392578125,15709.681720625882,15164.505551325623,15652.29475543638,9466000
2021-01-12,15049.732421875,15451.441199579956,14848.87803302252,15236.240068666586,6171300
2021-01-13,15035.3876953125,15322.322574994036,14863.226767503578,15250.58885507365,7162900
2021-01-14,15092.7724609375,15379.707298597908,15006.692009639377,15150.15942846958,4883900
2021-01-15,15035.3876953125,15207.548623121422,14949.307231408038,15107.121415232883,3786700
2021-01-18,15322.322265625,15408.402727791434,14891.919954792838,15092.774366514514,4282500
2021-01-19,14877.572265625,15408.401748583654,14777.145066146335,15379.708263018321,5403200
2021-01-20,14906.2646484375,15064.07880737187,14834.530939830967,14877.571164994886,4830900
2021-01-21,14863.2265625,15035.387487934362,14848.879818713804,14963.653769003378,1612700
2021-01-22,14447.1708984375,14920.613440292951,14346.743692589376,14863.226465522594,5088400
2021-01-25,13916.3408203125,14518.90403108892,13801.566875402707,14490.210544861471,6272100
2021-01-26,13744.177734375,14432.821295178757,13485.936399073591,13916.33862457594,7471100
2021-01-27,13428.548828125,14059.805396968482,13385.508607522035,13758.52385274773,7200300
2021-01-28,13701.1376953125,13729.831177396924,13199.001758835078,13428.54961551047,6160500
2021-01-29,13112.921875,14045.4600827407,12797.293558533916,13715.485024617066,10460400
2021-02-01,13686.791015625,13873.298650009827,12625.132173742139,13112.921371363993,5091000
2021-02-02,12955.1064453125,13916.33804203004,12840.332523316378,13686.790198037792,10624600
2021-02-03,12883.375,13141.616369710466,12739.907572383072,13141.616369710466,6819500
2021-02-04,12825.98828125,13098.576399084173,12797.294795162194,12854.681767337808,5339300
2021-02-05,13256.3896484375,13399.857068875135,12883.374355299648,13055.53525982481,5024000
2021-02-08,13959.380859375,14145.88851731115,13428.551371402877,13485.938343075539,6919300
2021-02-09,13500.2841796875,14117.194083753984,13485.937437732464,14002.420148113708,6317900
2021-02-10,13471.5908203125,13600.711499101439,13285.083173172923,13572.018014926118,2662900
2021-02-11,13485.9365234375,13514.63000540226,13342.469113613695,13500.283264419879,3494700
2021-02-15,13342.470703125,13672.445785030242,13127.269562752015,13543.32510080645,4252200
2021-02-16,13256.3896484375,13371.163584787608,13199.002680262445,13342.47010070008,2797300
2021-02-17,13112.921875,13299.42951654814,13012.494683397155,13299.42951654814,4608500
2021-02-18,13184.6572265625,13471.59209547572,13112.923509334196,13112.923509334196,3333200
2021-02-19,13242.0439453125,13342.471147497969,13026.842797772211,13184.65697263509,3389700
2021-02-22,13342.470703125,13485.938130040322,13213.35001890121,13342.470703125,3753700
2021-02-23,13270.736328125,13485.937457770271,13112.922166385135,13342.470038006757,3517400
2021-02-24,12940.76171875,13270.736795835643,12854.681263858092,13270.736795835643,4608100
2021-02-25,13572.017578125,13615.057803002775,12998.147913088002,13084.22836284355,6263300
2021-02-26,12940.76171875,13256.390053353658,12768.600808966186,12897.721491304046,9128000
2021-03-01,13170.3095703125,13227.696540117784,12940.761691091368,13141.61608540986,3058800
2021-03-02,13141.615234375,13342.469615686408,13041.188043719296,13342.469615686408,4421700
2021-03-03,13069.8818359375,13428.550382478046,12969.454642906148,13428.550382478046,4270900
2021-03-04,12825.98828125,12998.149197776846,12797.294795162194,12869.028510381711,5694700
2021-03-05,12510.3603515625,12754.25499144388,12510.3603515625,12739.908247921447,7691800
2021-03-08,13385.509765625,13428.549989951769,12682.519434954449,12682.519434954449,11050900
2021-03-09,12926.4130859375,13543.322922447282,12883.372864785657,13457.242480143592,5141800
2021-03-10,12166.0380859375,12926.415466308594,12051.264141730542,12883.375237230985,17758700
2021-03-12,12180.384765625,12366.89242399146,12051.264079063603,12323.85219513766,7214500
2021-03-15,12108.650390625,12280.811296652844,12079.956906287027,12223.424327976896,3942900
2021-03-16,12151.6884765625,12194.72869548775,12108.64825763725,12108.64825763725,3041300
2021-03-17,12079.95703125,12252.11793905879,12079.95703125,12209.077712106591,2857800
2021-03-18,12452.970703125,12481.664184007775,12166.035894297234,12237.769596504175,5048300
2021-03-19,12553.400390625,12553.400390625002,12295.159011160715,12438.62644419643,8500000
2021-03-22,12409.931640625,12696.866476246387,12395.58489884393,12567.745800216762,3335300
2021-03-23,12309.50390625,12567.74524694056,12309.50390625,12510.358282342659,2595800
2021-03-24,12108.650390625,12323.851523159805,12108.650390625,12223.424327976896,2062200
2021-03-25,12252.1181640625,12409.932332452063,12065.610510511196,12108.650738253806,3328200
2021-03-26,12567.74609375,12610.78632009846,12266.464509310788,12409.931930472318,4497600
2021-03-29,12510.3603515625,12797.295222011182,12481.666864517632,12610.787556219539,3119300
2021-03-30,12338.19921875,12596.440597747092,12323.852475472382,12481.666651526162,1654900
2021-03-31,12696.8681640625,12696.8681640625,12180.385391287076,12409.933290298375,3065000
2021-04-01,12725.5615234375,12768.601754069196,12539.053857366827,12739.9082669814,4277300
2021-04-05,12739.90625,12883.373662725226,12582.092096002252,12768.599732545046,2336400
2021-04-06,12811.6416015625,12854.681830907055,12725.56114287339,12739.907885988241,1365700
2021-04-07,12811.6416015625,12883.375317136757,12797.294858447647,12883.375317136757,1937300
2021-04-08,12955.1064453125,13069.880367308626,12811.639042817345,12912.066224563954,2416700
2021-04-09,13041.189453125,13112.923168488724,12969.455737761276,13026.842710052255,2241600
2021-04-12,12295.158203125,13155.962744767356,12194.731006600057,13141.61600240665,3872200
2021-04-13,12926.4130859375,12926.413085937502,12094.302143668494,12323.849989811668,4660600
2021-04-14,12768.599609375,12854.680056179774,12481.664786692414,12854.680056179774,1715200
2021-04-15,12452.970703125,12639.478328863046,12366.89026047667,12625.131588421658,2910900
2021-04-16,12668.173828125,12668.173828125,12424.279201762458,12452.972687216874,2740000
2021-04-19,12739.90625,12754.252991272522,12567.74535472973,12754.252991272522,2435100
2021-04-20,12899.9814453125,12987.935864257814,12724.072607421876,12841.345166015626,2658600
2021-04-21,13178.5048828125,13295.777451291366,12812.028106316046,12899.982532675194,4400300
2021-04-22,12636.12109375,13178.506801950405,12636.12109375,13178.506801950405,5274600
2021-04-23,12665.4384765625,12782.71105504919,12621.461259629992,12636.120331940827,2418200
2021-04-26,12636.12109375,12812.029972085267,12621.462020555395,12782.711825696055,2439600
2021-04-27,12665.4384765625,12768.051982738354,12621.461259629992,12724.074765805844,1720300
2021-04-28,12562.826171875,12738.735056428675,12460.212655885356,12738.735056428675,1981000
2021-04-29,12533.5068359375,12636.120342196637,12489.529618969298,12562.824980582967,2011500
2021-04-30,12416.2333984375,12621.460396758781,12401.574327128836,12621.460396758781,2163200
2021-05-03,12284.3046875,12474.872659979117,12254.98653788783,12430.89543556086,2634800
2021-05-04,12650.78125,12680.09939889919,12313.622537659328,12313.622537659328,3181800
2021-05-05,13002.5966796875,13119.869254025154,12650.778956674534,12665.43802846674,3807500
2021-05-06,12782.712890625,13105.212527773798,12665.440295298165,13017.258081278671,2581700
2021-05-07,12753.3916015625,13002.595805271192,12709.41438914332,12899.982309626437,4098900
2021-05-10,12753.3916015625,12958.618592852012,12650.778105917745,12958.618592852012,2293700
2021-05-11,12577.484375,12753.393247377622,12548.166229603728,12753.393247377622,1969900
2021-05-17,12562.826171875,12782.712277567094,12562.826171875,12782.712277567094,2780100
2021-05-18,12841.34765625,13017.256528253425,12680.097856913528,12694.75692958048,5605200
2021-05-19,12826.6904296875,12870.667654017856,12738.735981026784,12841.349504464284,2617700
2021-05-20,12914.6416015625,13046.57324107903,12665.437393586833,12665.437393586833,3779900
2021-05-21,12709.4150390625,13075.891827962801,12680.096895950475,12958.619255514704,2734700
2021-05-24,12430.8916015625,12797.368358684036,12430.8916015625,12709.413936974868,4470900
2021-05-25,12606.802734375,12724.075317950581,12328.280348382994,12489.530150799417,4899200
2021-05-27,12694.7568359375,13017.256432231523,12621.461473143403,12709.41590849632,7901900
2021-05-28,12797.37109375,12943.96182792812,12606.803139318441,12606.803139318441,3131800
2021-05-31,13222.482421875,13310.436850401884,12782.710279240575,12929.30099345205,3707100
2021-06-02,13940.779296875,13984.756518631702,13369.075414037854,13486.348005389063,6248700
2021-06-03,13867.482421875,13940.777783512816,13647.596336961547,13896.800566530126,4330800
2021-06-04,13794.185546875,13852.821829752258,13515.663203208023,13808.844617594315,3461200
2021-06-07,13471.6875,13838.164309031556,13339.755848748639,13808.84616430903,2276000
2021-06-08,13735.548828125,13735.548828125,13325.094861009205,13515.662774312967,3663700
2021-06-09,13706.2333984375,13706.2333984375,13383.7337890625,13647.597105823865,3133900
2021-06-10,13251.8017578125,13618.278576336075,13207.82453958967,13603.619503595131,3361600
2021-06-11,13471.6875,13706.232657780194,13251.801414581065,13354.414921109901,4338700
2021-06-14,13193.166015625,13471.688409288194,13134.529722222222,13471.688409288194,2343700
2021-06-15,12929.3017578125,13251.801348143423,12841.347324085884,13237.142275855653,4071100
2021-06-16,13281.119140625,13427.709859616445,12899.98327124724,12929.30141504553,4093500
2021-06-17,12899.9814453125,13178.503771972657,12899.981445312502,13178.503771972657,1821600
2021-06-18,13354.4150390625,13354.415039062502,12592.143269544114,12899.983791849616,7436100
2021-06-21,12665.4384765625,13046.574356644242,12430.89331958912,13046.574356644242,4061800
2021-06-22,12680.09765625,12812.02930816474,12504.188787030347,12665.43858381503,4352400
2021-06-23,12372.2568359375,12753.39271003036,12372.2568359375,12709.415493788876,3869400
2021-06-24,12489.5302734375,12518.848419619279,12372.257688710388,12372.257688710388,2364900
2021-06-25,12518.84765625,12562.824872841042,12445.552295264928,12489.529511855972,1214300
2021-06-28,11961.80078125,12592.140773399202,11961.800781249998,12592.140773399202,4526800
2021-06-29,11873.8486328125,12152.371008150076,11741.916981336804,11947.143994743441,4240000
2021-06-30,11873.8486328125,11991.121211902006,11785.89419849537,11917.825849971065,3305000
2021-07-01,11917.82421875,12049.755852167897,11815.210726091636,12020.437711408364,2229400
2021-07-02,11961.80078125,12049.75519875919,11873.846363740808,11917.823572495403,1614900
2021-07-05,11859.19140625,12123.054750270396,11815.214182246602,12049.759376931397,1200800
2021-07-06,12167.0302734375,12196.3484186747,11873.848821065512,11873.848821065512,3088100
2021-07-07,11947.14453125,12079.076188650306,11917.826385161043,12079.076188650306,1223100
2021-07-08,11756.5751953125,12005.779407681966,11727.257052680798,11947.143122418562,3126200
2021-07-09,11434.076171875,11727.257612179486,11434.076171875,11727.257612179486,6247600
2021-07-12,11419.416015625,11653.961145599325,11390.097874378209,11463.393227495186,3515000
2021-07-13,11155.5537109375,11536.689580167953,11140.894639044021,11478.053292594037,4059500
2021-07-14,10906.349609375,11243.508266654066,10862.372393208165,11155.553834320395,4441200
2021-07-15,11272.826171875,11316.803387109883,10906.349378250976,10906.349378250976,3348100
2021-07-16,11316.802734375,11448.734372470044,11228.848308978302,11375.439017972796,2272700
2021-07-19,11199.5302734375,11463.393552131054,11140.893989283379,11316.802841745746,1536600
2021-07-21,11170.2119140625,11316.802621596127,11155.552843309137,11316.802621596127,2716600
2021-07-22,11800.5517578125,11873.847110345496,11258.166149068322,11258.166149068322,4246900
2021-07-23,11580.666015625,11844.52929193038,11580.666015625,11800.552079212815,1813500
2021-07-26,11844.5322265625,12049.759270092049,11609.987033957303,11609.987033957303,3757400
2021-07-27,11727.2587890625,12005.781185302734,11507.372686767578,11903.167670898438,2650200
2021-07-28,11595.3251953125,11815.21126096318,11507.370769052228,11727.256834702908,1612900
2021-07-29,11580.666015625,11683.27951196598,11522.029732001582,11595.325086530853,2926500
2021-07-30,11463.392578125,11727.255834398977,11463.392578125,11697.93769481298,5507300
2021-08-02,11316.802734375,11609.984152363988,11214.189238078852,11492.711585168392,3560300
2021-08-03,11228.8486328125,11404.757488679013,11228.8486328125,11316.803060745757,2294200
2021-08-04,11096.9169921875,11360.780276017587,11052.93977821582,11287.484919398119,4676000
2021-08-05,11082.2568359375,11214.188464936757,11038.279626271082,11096.915905826307,3025000
2021-08-06,11082.2568359375,11258.165674603175,11082.2568359375,11140.893115492725,1696800
2021-08-09,10964.9853515625,11140.894207469919,10921.008137585644,11096.916993493063,2587700
2021-08-10,11140.8935546875,11228.847977487665,10877.030286287007,11111.575413754112,2200900
2021-08-12,12137.7119140625,12269.643565302309,11243.50850010379,11346.12200662364,9640600
2021-08-13,12108.392578125,12240.324216385443,11888.506514357598,12167.028861796309,3358400
2021-08-16,11829.8720703125,12137.712607458177,11785.89485072026,12108.394461063352,2410400
2021-08-18,11566.0087890625,11844.53118068758,11492.713422845374,11829.872107444155,4366800
2021-08-19,11316.802734375,11639.302294162888,11126.234812682156,11580.66601056509,4428900
2021-08-20,11140.8935546875,11346.120541221218,11126.234484220806,11272.825188887748,2358000
2021-08-23,11155.5537109375,11316.80350176577,11126.235567150543,11258.167214191853,5544100
2021-08-24,11038.279296875,11287.483477548141,10891.688602361388,11258.16533864542,7852200
2021-08-25,11214.1904296875,11375.440226715687,11052.940632659314,11082.25877757353,3589200
2021-08-26,11302.1435546875,11346.12076696255,11214.189130137403,11302.1435546875,2669200
2021-08-27,11419.416015625,11434.075086248395,11258.166238767652,11316.802521261232,3209800
2021-08-30,11727.2587890625,11727.2587890625,11419.418245849609,11419.418245849609,4889600
2021-08-31,11771.236328125,11961.80428860523,11595.327441527865,11727.259106475716,5355700
2021-09-01,11756.5751953125,11917.824979786861,11668.620767417393,11873.847765839308,2881800
2021-09-02,11917.82421875,11917.82421875,11756.57444457257,11756.57444457257,2570500
2021-09-03,12533.5068359375,12548.165908260235,11903.16672605994,11917.825798382675,9504800
2021-09-06,12753.3916015625,12870.664168013649,12489.528327047414,12533.505539466596,4666700
2021-09-07,12636.12109375,12856.007191669083,12548.166654582366,12753.393679306844,2401900
2021-09-08,12254.9833984375,12606.801103655802,12137.7108300314,12489.528535249701,4492300
2021-09-09,12782.712890625,12782.712890625002,12196.349913990827,12254.986211654244,3565100
2021-09-10,12445.552734375,12724.07511594523,12401.575516232333,12724.07511594523,2663900
2021-09-13,12240.3251953125,12430.89313248503,12152.370762771332,12401.574988304641,3268500
2021-09-14,12548.166015625,12577.484160521319,12254.984566661798,12313.62085645444,4268900
2021-09-15,12694.7568359375,12694.7568359375,12386.916312202295,12401.575384761114,2858800
2021-09-16,12694.7568359375,12899.98385176097,12636.120545702222,12694.7568359375,4472000
2021-09-17,12020.4404296875,12533.50800900343,12020.4404296875,12401.576345750762,10581300
2021-09-20,12064.41796875,12254.985931804375,12020.440746506683,12020.440746506683,2430500
2021-09-21,12079.076171875,12108.39431792324,11947.144514657919,12020.43987977852,1535900
2021-09-22,12240.3251953125,12430.89313248503,11961.802825598803,11961.802825598803,2635700
2021-09-23,12357.59765625,12474.870231872776,12240.325080627224,12372.256728202847,2550000
2021-09-24,12943.9619140625,12958.620987577859,12548.166929147792,12606.80322320923,10687800
2021-09-27,13413.0498046875,13471.68608798668,12958.618609118852,12958.618609118852,7360400
2021-09-28,14072.7099609375,14233.95976257324,13603.619628906248,13603.619628906248,13815900
2021-09-29,14952.25390625,14952.25390625,14072.70955882353,14131.345848651961,11766200
2021-09-30,15245.4365234375,15436.00447998047,14512.482844426082,14952.255051832934,13841700
2021-10-01,15245.4365234375,15421.34540640024,14834.982463191105,15186.800229116587,6692400
2021-10-04,15890.43359375,15993.047094816651,15260.093515769142,15333.388873673892,14466600
2021-10-05,15304.0712890625,16242.251904483954,15186.798712134816,16007.706750628591,11018700
2021-10-06,15553.2724609375,15758.49943026184,15362.704560850612,15626.567807124764,6282400
2021-10-07,15381.0537109375,15588.905788112332,14653.571440825592,14653.571440825592,11416600
2021-10-08,15514.6728515625,15588.905736019737,15084.122121710527,15247.434467516448,6183600
2021-10-11,15648.2939453125,15707.68026009547,15351.362371397652,15514.674737050818,5243000
2021-10-12,15603.75390625,15841.299160769506,15559.214171027594,15737.373111917223,6808500
2021-10-13,15574.0625,15677.988560533842,15381.05695900858,15440.443279313633,3187900
2021-10-14,15262.2822265625,15677.986411721791,15143.509602231275,15618.600099556177,5901600
2021-10-15,15143.509765625,15618.600268075981,14995.04398360907,15262.282391237746,6839700
2021-10-18,15618.599609375,15752.218807554065,15143.509126960553,15143.509126960553,7323900
2021-10-19,15232.5927734375,15603.757314700597,15173.206446835406,15603.757314700597,3590300
2021-10-21,14668.41796875,15084.122121710527,14326.946700246712,14995.042660361843,14614600
2021-10-22,14074.5546875,14609.031447784811,14074.554687500002,14237.867030920359,7089800
2021-10-25,14252.7158203125,14549.647399902342,14252.715820312498,14549.647399902342,3573400
2021-10-26,14549.6455078125,14683.264701251594,14356.640006178251,14430.872891422194,2891500
2021-10-27,14549.6455078125,14712.95785534917,14386.333160275828,14594.185238958864,3560100
2021-10-28,13658.853515625,14549.648310122282,13569.774036175271,14549.648310122282,12321900
2021-10-29,13985.4765625,14133.942343418259,13747.931313030786,13747.931313030786,5964800
2021-11-01,14015.16796875,14312.099493511652,13837.009053893007,13985.474816273834,3960300
2021-11-02,13658.853515625,14030.018013332201,13658.853515625,13837.012474524456,2665300
2021-11-03,13257.9921875,13718.236037234043,13243.145611702128,13688.542885638299,7513000
2021-11-04,13302.53515625,13658.853062220982,13302.53515625,13599.466744559151,5442600
2021-11-05,13302.53515625,13644.006482805524,13302.53515625,13302.53515625,2912700
2021-11-08,13747.9296875,13777.622840172786,13421.305008099353,13421.305008099353,4258700
2021-11-09,13688.5439453125,13896.396022573212,13599.46448362934,13807.316560890049,3227800
2021-11-10,13391.61328125,13733.084573343958,13332.226969581487,13703.391417509702,5646400
2021-11-11,13287.6884765625,13376.76795238303,13228.302159348812,13332.228214472763,4459300
2021-11-12,13540.080078125,13629.15955232319,13361.921129728618,13391.614287794682,2503500
2021-11-15,13228.30078125,13540.078914141413,13183.761047979797,13450.999447601009,3266100
2021-11-16,13317.3818359375,13391.614733573717,13228.302358774037,13243.148938301281,3120900
2021-11-17,13644.0048828125,13658.851460486943,13406.459640021423,13421.306217695867,4475600
2021-11-18,13525.232421875,13658.851622530186,13450.999532622118,13644.00504467961,3619300
2021-11-19,13465.845703125,13554.925167533764,13302.53335170893,13525.232012730843,3256300
2021-11-22,13658.853515625,13673.700095533288,13480.694556725544,13540.080876358696,2670200
2021-11-23,13451.0,13673.69867549669,13421.30684326711,13644.005518763797,2694600
2021-11-24,13332.228515625,13629.160108400612,13257.995617431097,13599.466949123052,3348000
2021-11-25,13569.771484375,13584.618061491385,13450.998867443928,13569.771484375,2551700
2021-11-26,12946.216796875,13510.386794903956,12901.677060188502,13510.386794903956,6187000
2021-11-29,12961.0634765625,13005.603213595361,12753.21137040915,12946.216897551547,4379700
2021-11-30,12678.978515625,12975.910096787178,12634.438778450674,12901.677201496634,8136300
2021-12-01,13079.8330078125,13139.219309777596,12708.668620530647,12708.668620530647,6845300
2021-12-02,13792.470703125,13866.7035917317,13050.141817057993,13079.834972500674,7714100
2021-12-03,13480.6943359375,13866.705407230866,13480.6943359375,13792.472508905217,4464000
2021-12-06,13332.228515625,13673.699847316955,13332.228515625,13599.466949123052,2820000
2021-12-07,13658.853515625,13718.239835258151,13361.92191745924,13361.92191745924,3151300
2021-12-08,13272.8408203125,13733.08474137479,13272.840820312502,13718.238163276008,3490200
2021-12-09,13257.9921875,13436.15109707447,13228.299035904256,13302.531914893618,2296500
2021-12-10,13658.853515625,13658.853515625,12975.91083984375,13272.842438009511,4379200
2021-12-13,13079.8330078125,13569.769999024546,13079.8330078125,13540.076848041997,5792000
2021-12-14,13064.9873046875,13124.373610617899,12886.828386896308,13079.8338811701,3483800
2021-12-15,12886.8291015625,13213.453802293347,12886.8291015625,13064.988029233871,3564700
2021-12-16,12961.0634765625,13050.142950628222,12827.444265463919,12946.216897551547,2335700
2021-12-17,12901.6748046875,12990.754262487413,12738.362465387658,12738.362465387658,3710900
2021-12-20,12649.28515625,12886.830417400235,12619.591998606222,12827.444102112677,2790700
2021-12-21,13079.8330078125,13213.452187233966,12693.822045039373,12693.822045039373,4460400
2021-12-22,12946.216796875,13198.60863809848,12946.216796874998,13064.989428038989,3007800
2021-12-23,13198.6083984375,13198.6083984375,12946.216561796962,12946.216561796962,2729800
2021-12-24,13154.0693359375,13257.995391639037,13109.529597779698,13257.995391639037,925700
2021-12-27,13079.8330078125,13198.605611742692,12990.753554864854,13154.06588526887,1501600
2021-12-28,13629.1572265625,13688.543532560594,13079.833896080134,13079.833896080134,8122200
2021-12-29,13540.080078125,13644.006131356222,13421.307445860746,13569.773236191064,2442500
2021-12-30,13154.0693359375,13540.080399971783,13154.0693359375,13540.080399971783,2203800
2022-01-03,12961.0634765625,13139.222424693944,12916.523739529639,13005.603213595361,2714800
2022-01-04,13020.44921875,13139.221845602908,12946.216326966933,12975.90948368016,1849100
2022-01-05,13035.294921875,13332.226469070329,12901.6757256371,13020.448344515233,3216800
2022-01-06,12901.6748046875,13035.293991387369,12738.362465387658,12975.907686187427,2719200
2022-01-07,13168.9140625,13287.686680876552,12916.522248449832,13005.601712232245,4067200
2022-01-10,12946.216796875,13243.148374784976,12946.216796874998,13243.148374784976,1267900
2022-01-11,12916.5224609375,13168.914279139726,12916.5224609375,13094.681391433189,4133500
2022-01-12,13124.3740234375,13228.300062084629,12916.52194614324,13064.98771563914,2176100
2022-01-13,13465.845703125,13465.845703124998,13020.448381081173,13109.527845489938,3815800
2022-01-14,13970.6279296875,13985.474505595774,13347.071741539916,13406.45804517302,7373800
2022-01-17,13955.7841796875,14193.329442320479,13911.244442943816,13985.477337516622,4935000
2022-01-18,14044.86328125,14074.556438292813,13688.54539673626,13955.783810121566,3514900
2022-01-19,13807.31640625,14074.554788306452,13807.31640625,14044.861634744624,2979200
2022-01-20,13569.771484375,13940.935912284602,13465.845444560313,13718.237255538841,4772900
2022-01-21,13955.7841796875,13955.7841796875,13495.540233336103,13569.77312790891,2128200
2022-01-24,13896.396484375,14044.862258780717,13792.470442291,14044.862258780717,2373000
2022-01-25,13747.9296875,13926.088603536717,13658.85022948164,13896.39545086393,2665400
2022-01-26,13525.232421875,13911.243445989983,13510.385844024424,13762.77766748422,4083900
2022-01-27,13807.31640625,13822.162983030914,13376.765679603493,13495.538293850806,3183000
2022-01-28,13807.31640625,13866.702713373656,13718.236945564517,13807.31640625,1747600
2022-01-31,13733.083984375,13955.78264358108,13733.083984374998,13940.936066300674,1988000
2022-02-02,13614.314453125,13703.393937005862,13451.002066010087,13703.393937005862,1865100
2022-02-03,13554.9248046875,13614.311112703655,13213.453533594606,13495.538496671345,2137900
2022-02-04,13361.9208984375,13554.926422526041,13287.68800455729,13554.926422526041,2257900
2022-02-07,13421.306640625,13629.15873461698,13317.38059362901,13391.61348434043,2649000
2022-02-08,13168.9140625,13792.47030897689,13124.374330608794,13480.692185738446,5853000
2022-02-09,13465.845703125,13629.158054541069,13302.53335170893,13317.37992911039,5519200
2022-02-10,13540.080078125,13777.62534265351,13451.000603926808,13480.693761992872,3513700
2022-02-11,13688.5439453125,13688.5439453125,13421.305560263016,13525.231598893371,2952200
2022-02-14,13926.08984375,14030.015887360074,13658.851445895521,13688.544601212685,4407400
2022-02-15,14356.6376953125,14371.484269971563,13955.78017951784,13955.78017951784,5046600
2022-02-16,14133.943359375,14386.335205078125,14133.943359375,14356.642046760111,3245700
2022-02-17,14089.404296875,14267.563255318099,13955.785078042676,14163.637196226291,1864900
2022-02-18,14208.1748046875,14297.25427054761,14044.862450610632,14059.709028253983,3243900
2022-02-21,13955.7841796875,14282.408915807846,13896.397864029255,14237.869179064162,2536000
2022-02-22,13940.9384765625,14044.86453549321,13599.46714007588,13955.785056409744,4244100
2022-02-23,14252.7158203125,14252.715820312498,13777.625292968749,13955.784240722654,4131000
2022-02-24,14965.349609375,15173.201687282986,14223.02075970362,14252.713913690475,15601900
2022-02-25,14787.193359375,15291.97706842997,14609.03440323795,15084.124952936747,9837600
2022-03-01,14757.4990234375,14935.657965370347,14638.726395482268,14876.27165139273,6689700
2022-03-02,15158.35546875,15588.90621174094,14950.503385926786,14965.349963271301,10213100
2022-03-04,16078.845703125,16108.538862318213,15291.976984504849,15574.061996840375,12956600
2022-03-07,16242.15625,16420.31518510055,16093.690470749543,16093.690470749543,8488000
2022-03-08,15262.2822265625,16479.701625957565,15262.2822265625,16271.84953337792,9128400
2022-03-09,15677.986328125,15915.531575520832,15410.747924804686,15410.747924804686,5630100
2022-03-10,15410.748046875,15677.98645231214,14816.884923681358,15677.98645231214,8805300
2022-03-11,15856.14453125,15974.917149461611,15202.895131086143,15217.741708362595,3706600
2022-03-14,14757.4990234375,15856.145832023389,14757.499023437498,15856.145832023389,8458100
2022-03-15,14534.798828125,14950.502982555541,14490.259097293156,14757.49748228422,8071200
2022-03-16,14846.5791015625,15009.891471679686,14534.800940429686,14534.800940429686,5375600
2022-03-17,14995.0439453125,15277.128930422337,14920.811054494121,14980.197367148823,6569000
2022-03-18,15098.9697265625,15202.895771878073,14905.96421383358,15128.662882366949,5481000
2022-03-21,15054.4306640625,15262.282763960799,14802.038828471708,15128.66355688332,4978300
2022-03-22,15173.203125,15262.282595401175,14980.197605797457,15054.430497798436,3161200
2022-03-23,15277.1279296875,15351.36081564322,15173.20188934949,15202.895043731778,3037000
2022-03-24,15796.7587890625,16182.769812103503,15559.213544114193,15574.060121923461,8737600
2022-03-25,15633.4482421875,16004.61273036859,15559.215344551281,15796.76061698718,5235600
2022-03-28,15796.7587890625,16004.61087839227,15633.44643316054,15633.44643316054,3437600
2022-03-29,15455.2890625,15692.834331472142,15455.289062500002,15618.60143491835,2575500
2022-03-30,15366.20703125,15588.905683876812,15202.894685990339,15440.439915458937,3899700
2022-03-31,15173.203125,15440.441536203523,15173.203125,15366.208644202545,3051900
2022-04-01,15395.9013671875,15692.832926824674,15128.662963514043,15306.821899296348,5304900
2022-04-04,15900.6845703125,15900.6845703125,15470.133820976307,15559.21328635621,4929600
2022-04-05,16153.076171875,16153.076171875,15767.065160414752,15915.530934053308,5348700
2022-04-06,16301.5439453125,16316.390524497667,16153.078153460838,16182.771311831171,5265600
2022-04-07,16123.3818359375,16494.546242842138,16123.3818359375,16316.387327527913,4437100
2022-04-08,16984.484375,17222.029611013986,16242.155512456295,16242.155512456295,11715100
2022-04-11,16895.40625,17296.263867530757,16761.787044156416,17043.87203427065,4165800
2022-04-12,16598.474609375,17029.025381890096,16509.395139199463,16895.40617662679,5667300
2022-04-13,17385.34375,17400.190328778823,16806.32717762596,16925.09980785653,6826700
2022-04-14,17697.12109375,17815.89371854027,17400.18953177433,17518.962156564598,7336000
2022-04-18,17815.89453125,17815.89453125,17459.576640625,17697.121901041664,3747000
2022-04-19,17578.349609375,17994.053823110222,17474.423555941197,17830.741453428527,5063300
2022-04-20,17367.00390625,17826.44845403439,17336.37426973104,17826.44845403439,4896400
2022-04-21,17229.171875,17857.079472222224,17183.227416666665,17367.00525,5369900
2022-04-22,17336.375,17581.412102473496,17045.39344081272,17229.171267667843,6007000
2022-04-25,16922.873046875,17275.11384332579,16739.095240031107,17275.11384332579,3748600
2022-04-26,17612.041015625,17612.041015625,16938.18901154891,16938.18901154891,5751700
2022-04-27,17703.9296875,17826.448232050174,17612.040779087372,17673.300051362457,4676300
2022-04-28,18546.24609375,18867.85729768786,18270.57934751755,18377.7830821635,15039100
2022-05-09,17903.0234375,19526.39425390291,17657.986333137298,19465.134977812235,10347300
2022-05-10,18148.060546875,18331.838375197785,17167.912129153483,17612.041880933546,7278000
2022-05-11,18515.61328125,18622.81699751861,18148.057682614763,18148.057682614763,5873200
2022-05-12,17948.96875,18500.30226109215,17719.246453711603,18148.061406783276,6666300
2022-05-13,18515.61328125,18576.872547689203,17948.965066687342,17948.965066687342,7486900
2022-05-17,18423.7265625,18852.54147833541,18270.578378273065,18530.93029145885,5467400
2022-05-18,18561.556640625,18622.815903465347,18377.778852103962,18561.556640625,5814200
2022-05-19,18362.46484375,18484.98337481756,17979.594434163886,18484.98337481756,4037200
2022-05-20,18316.5234375,18684.079091764215,18194.004886078597,18209.31970500627,4926800
2022-05-23,18163.375,18469.671374367623,17887.70826306914,18393.097280775717,4833100
2022-05-24,18561.556640625,18576.871456335088,18148.05661645266,18163.37143216275,5230600
2022-05-25,18484.986328125,18867.856798881527,18224.634408010566,18515.615965785524,4924000
2022-05-27,18622.818359375,18622.818359375,18454.35536434776,18576.873906185752,5363000
2022-05-30,18530.9296875,18913.800135588845,18331.8370544938,18806.596410123966,5216400
2022-05-31,19174.150390625,19587.650438985125,18561.557726387782,18684.076259235226,14866900
2022-06-02,19373.244140625,19909.262753211464,18975.05888556077,19587.651585659587,7690900
2022-06-03,19970.5234375,20047.0975304352,19357.930694018403,19878.63452597776,8406600
2022-06-06,19710.169921875,20031.7810861014,19495.7624790574,19970.521816724944,5678300
2022-06-07,20108.353515625,20445.279469428315,19909.260906559408,20031.779435215158,8789700
2022-06-08,20246.189453125,20399.33763355711,20077.726454649677,20384.022815513898,6156200
2022-06-09,19848.001953125,20261.5019938151,19771.42787151572,20246.187177493248,4536200
2022-06-10,19725.48828125,20031.784683132762,19602.969720496894,19848.006842003106,4527800
2022-06-13,18791.28125,19618.281402811735,18484.984897106766,19618.281402811735,7224700
2022-06-14,19327.30078125,19327.30078125,18439.04131586767,18622.8191362916,8283400
2022-06-15,18224.634765625,19373.246200433296,18194.005127363445,19327.301743040964,8409600
2022-06-16,18377.78515625,18929.118710937502,18347.155514322916,18439.044440104168,8649600
2022-06-17,17642.671875,18102.116455078125,17642.671875,18086.801635742188,9257900
2022-06-20,17765.189453125,17841.763545595368,17474.20790173761,17642.670905172414,6580000
2022-06-21,17857.078125,18209.318945647512,17657.98548724271,18071.485581046312,7165100
2022-06-22,17887.70703125,18086.79966087864,17765.18848994007,17887.70703125,3745800
2022-06-23,17933.650390625,18040.854107733776,17550.77997237938,18040.854107733776,5874700
2022-06-24,17933.650390625,18194.002275032024,17811.131856786404,18010.224474274128,5754100
2022-06-27,17887.70703125,18132.744113869863,17749.873672276328,18071.484843214897,4800100
2022-06-28,18255.26171875,18301.206169384437,17948.96538118708,18010.224648699663,5728200
2022-06-29,17474.20703125,18194.003464614372,17458.892213518844,18194.003464614372,7735500
2022-06-30,17397.6328125,17612.040259132922,17275.1142715669,17397.6328125,7607100
2022-07-01,16233.70703125,17520.15173938679,16187.76257738797,17397.633195754715,9050200
2022-07-04,16249.0224609375,16754.411472446398,16003.985364448341,16233.70764240693,7253600
2022-07-05,17137.28125,17259.79979334227,16463.429261617515,16463.429261617515,6290800
2022-07-06,16417.486328125,17076.023559570312,16157.13439941406,17076.023559570312,4888500
2022-07-07,16402.169921875,16494.05882900035,16141.818018353175,16402.169921875,2764500
2022-07-08,16815.669921875,16907.558828551915,16494.058748505806,16662.521744080146,3693700
2022-07-11,16677.83984375,16815.67323088843,16478.747173438936,16815.67323088843,1615700
2022-07-12,16494.05859375,16999.4475757312,16402.16968793524,16693.15122301532,2364600
2022-07-13,17321.060546875,17428.26428147104,16907.560427718832,16999.449343086868,10874500
2022-07-14,18255.26171875,18362.465436897022,17336.37270606124,17336.37270606124,8307700
2022-07-15,17780.50390625,18194.003997093023,17719.244633532515,18194.003997093023,7014700
2022-07-18,17673.298828125,17826.446998212738,17535.465475046036,17734.558096160094,4355500
2022-07-19,17826.451171875,17964.28455722455,17520.154759987112,17657.98814533666,6366800
2022-07-20,18484.986328125,18592.190059936827,18117.43067619874,18132.745495028998,5335700
2022-07-21,18377.78515625,18500.303723958335,18178.69248372396,18439.044440104168,5403300
2022-07-22,18423.7265625,18515.61547303616,18285.89319669576,18377.78210723192,4450800
2022-07-25,18730.021484375,18837.225205054172,18423.72513957737,18423.72513957737,1979200
2022-07-26,18745.3359375,18791.280388327206,18607.50258501838,18760.650754442402,2281500
2022-07-27,19051.634765625,19220.097774002712,18684.07911098272,18760.65320569986,6934100
2022-07-28,19174.150390625,19281.354106866514,18821.9096086886,19250.724473654653,7459500
2022-07-29,19786.74609375,20521.85740373452,19740.801636875967,20215.561024574305,12006400
2022-08-01,19710.169921875,20184.929259542543,19648.910652498544,19694.85510453089,8590000
2022-08-02,20138.986328125,20215.56042062738,19802.060321114543,19848.00477661597,6454800
2022-08-03,20797.5234375,20828.15307437408,19985.838060336893,19985.838060336893,11305200
2022-08-04,20338.076171875,20858.779929287462,20276.816906297063,20797.520663709525,12263500
2022-08-05,19909.26171875,20307.446953125,19771.42836838942,20307.446953125,10880900
2022-08-08,19848.001953125,20062.40938163098,19771.42787151572,19909.261218412423,10500800
2022-08-09,19832.689453125,20629.059994872106,19832.689453125,20031.782088561777,4976300
2022-08-10,19817.375,20261.504733384856,19786.74536321484,20016.467639103557,10438900
2022-08-11,19541.70703125,20184.929362999606,19541.70703125,20184.929362999606,5577400
2022-08-12,19357.931640625,19511.079833984375,19128.209350585938,19357.931640625,7251400
2022-08-15,19909.26171875,20016.465435697115,19403.872767427885,19419.187584134615,2704300
2022-08-16,19848.001953125,20077.724197952833,19618.279708297163,19970.520483699845,3511300
2022-08-18,19602.966796875,19710.17052154541,19434.503800964354,19557.022343444823,4153200
2022-08-19,19388.560546875,19664.227284508295,19388.560546875,19557.023553206458,2921200
2022-08-22,19480.451171875,19618.284552808076,19266.043690423547,19557.025272393377,2166500
2022-08-23,19679.541015625,19832.68919473492,19204.78166038424,19204.78166038424,5081800
2022-08-24,19985.837890625,20123.67125538793,19679.541524485154,19832.689707555077,4749800
2022-08-25,20184.9296875,20215.55932283763,19878.63333412367,20123.670416824734,3773100
2022-08-26,20276.818359375,20414.651716802775,20230.873906899073,20307.44799435895,5112200
2022-08-29,20215.55859375,20215.55859375,19771.42889737216,20062.410422585228,3250000
2022-08-30,20414.65234375,20720.948702996062,20062.41153061703,20215.55971024006,4973100
2022-08-31,20736.26171875,20736.26171875,20031.780153711225,20261.50240318039,7363200
2022-09-01,20384.0234375,20675.00498919985,20384.0234375,20675.00498919985,2255000
2022-09-02,20766.892578125,20797.52221319598,20399.33695727323,20399.33695727323,5516800
2022-09-05,21042.5625,21425.43299672489,20629.062363537116,20736.266102620088,5716300
2022-09-06,21747.04296875,22007.394891615317,21165.079847051056,21348.857674955983,7995200
2022-09-07,21486.6875,21701.09493050606,21256.965253029226,21701.09493050606,4116900
2022-09-08,21073.19140625,21747.04345703125,21073.19140625,21456.061889648438,3541700
2022-09-09,21011.93359375,21134.452156978863,20858.78538971392,21073.19287536443,3468900
2022-09-12,21134.447265625,21333.53988479393,20996.613913892663,21027.24354761096,1740100
2022-09-13,21042.5625,21287.59961790393,21027.247680131004,21134.451419213972,3262400
2022-09-14,20828.15234375,20935.356069048714,20675.004164751837,20828.15234375,5939200
2022-09-15,21379.486328125,22175.85687902937,21333.54187326513,21440.74560127149,11835300
2022-09-16,21027.24609375,21379.48692416242,20782.20899433267,21379.48692416242,7910500
2022-09-19,21011.93359375,21394.804103840193,20766.896467292274,20858.78538971392,3879300
2022-09-20,20920.04296875,21410.117181780748,20828.154053806735,21180.394894422585,2326300
2022-09-21,21027.24609375,21103.820187317917,20475.912620060997,20828.153450473415,3047600
2022-09-22,21502.005859375,21502.005859375,20782.209366931536,20950.67237580128,3573100
2022-09-23,20828.15234375,21440.745059742647,20828.15234375,21440.745059742647,5776500
2022-09-26,20399.337890625,20414.652708861206,19602.96734234234,20399.337890625,9864200
2022-09-27,20460.6015625,20613.749777788173,20261.508882625374,20399.34227638473,5896000
2022-09-28,20215.55859375,20659.68829012784,20215.55859375,20460.595667613637,8204400
2022-09-29,20292.13671875,20675.007222877357,20093.044056603772,20215.562617924526,7552700
2022-09-30,20108.353515625,20276.816492526657,19955.20535480531,20138.98314778894,8211900
2022-10-03,20215.55859375,20338.077130681817,20016.465971235793,20108.35487393466,7297000
2022-10-04,20705.634765625,20889.412588988536,20399.338393352442,20399.338393352442,7788100
2022-10-05,20764.015625,21344.717498110356,20764.015625,20795.404915438397,4997300
2022-10-06,20622.765625,21093.605022831052,20591.376331811265,20952.353203481736,3049900
2022-10-07,20716.931640625,20826.79415690104,20528.5958984375,20685.542350260417,2082100
2022-10-10,20277.484375,20528.598732585142,20089.148606811148,20528.598732585142,4267400
2022-10-11,20214.70703125,20465.821404309005,20120.53914135287,20277.48562451475,4923700
2022-10-12,20308.873046875,20465.81951555255,19712.476465900312,20277.48375313949,9727800
2022-10-13,20214.70703125,20403.04281104425,20089.149844720494,20355.95886609569,2041200
2022-10-14,21187.7734375,21187.7734375,20308.873206018518,20308.873206018518,8183900
2022-10-17,20654.154296875,21093.60438829787,20434.42925116356,21093.60438829787,4607400
2022-10-18,20089.146484375,20622.76443786621,20089.146484375,20544.291209411622,6185400
2022-10-19,19963.591796875,20136.23292090458,19775.256025206367,19900.813206318788,4172400
2022-10-20,19979.28515625,20120.53697589356,19838.03333660644,19994.979802877064,6895200
2022-10-21,20089.146484375,20418.734043884277,20026.367901611327,20026.367901611327,5119100
2022-10-24,20324.568359375,20544.293422719595,20089.14864864865,20089.14864864865,4007100
2022-10-25,20089.146484375,20559.98585510254,20010.67325592041,20340.260815429687,5432900
2022-10-26,20842.4921875,20842.4921875,20418.73669874812,20481.515289674324,7372700
2022-10-27,20559.98828125,21172.07953542462,20559.98828125,20842.4919370229,5031000
2022-10-28,20246.095703125,20701.24049024952,20183.31711179748,20591.377955426356,3669600
2022-10-31,20277.484375,20559.98802728328,20151.92719620743,20261.78972765093,7956100
2022-11-01,19743.865234375,20528.597556885932,19712.475941474564,20340.26179948331,7861000
2022-11-02,19273.02734375,19681.08818327565,19037.607628639045,19586.920297231267,7935000
2022-11-03,19461.36328125,19461.36328125,18927.74525579637,19257.332859753024,3432700
2022-11-04,19634.001953125,19634.001953125,19084.689348521184,19461.360848820943,4065100
2022-11-07,19634.001953125,19634.001953125,19273.025098671063,19602.61266143335,3599400
2022-11-08,19571.22265625,19634.001237344626,19335.802977145147,19634.001237344626,4950900
2022-11-09,19461.36328125,19555.53116809476,19194.554268523185,19555.53116809476,5943300
2022-11-10,18456.904296875,19178.858036378613,18394.125710831206,19178.858036378613,9061400
2022-11-11,18205.791015625,18676.630438442888,18205.791015625,18519.683964170257,6478800
2022-11-14,18017.453125,18331.346036585368,17891.895960365855,18205.78887195122,5804000
2022-11-15,17986.064453125,18064.537683723276,17656.47688461224,17656.47688461224,5751300
2022-11-16,18048.84375,18080.233043478263,17766.340108695655,18017.45445652174,6942800
2022-11-17,17970.37109375,18017.45503548035,17672.172796124454,17891.897857532753,3085800
2022-11-18,18080.234375,18237.180853949652,17782.03606499566,17891.898600260418,2946300
2022-11-21,18080.234375,18378.43268500434,18001.761135525172,18268.570149739582,3245900
2022-11-22,18174.400390625,18331.346853411054,18080.232512953367,18080.232512953367,4743200
2022-11-23,18598.15625,18802.186656118145,18237.17937763713,18237.17937763713,6978000
2022-11-24,18817.87890625,18896.35212937865,18660.932459992702,18660.932459992702,2407700
2022-11-25,18739.408203125,18833.576083542714,18519.683148817003,18802.186790070144,3091000
2022-11-28,18676.62890625,18849.270013786765,18629.54496783088,18692.323552389706,3434000
2022-11-29,19273.02734375,19351.500582120316,18676.630732135585,18676.630732135585,5461300
2022-11-30,19335.802734375,19618.306345753856,19116.077703302555,19273.024154068586,12416200
2022-12-01,19257.33203125,19571.224973894663,19163.164148456603,19461.36244396903,5655100
2022-12-02,18347.04296875,19210.24858319076,18347.04296875,19210.24858319076,6103900
2022-12-05,17891.896484375,18519.68232593202,17891.896484375,18347.041219503837,5464300
2022-12-06,17640.78125,17970.368800044485,17515.224088078292,17891.895573843416,7208000
2022-12-07,17609.392578125,17986.064077122326,17279.80501650234,17656.476515499668,10339900
2022-12-08,17138.5546875,17593.699454842033,16965.913568853022,17515.226219093405,9505400
2022-12-09,16400.90625,17060.081429425838,16400.90625,16965.913546650718,16636200
2022-12-12,16871.74609375,16903.13538880814,16338.128077761627,16400.906667877905,7702300
2022-12-13,16840.357421875,17028.693199193265,16699.105588886297,16856.052069984853,4898200
2022-12-14,16856.048828125,17169.94172995228,16840.354183033636,16840.354183033636,5423900
2022-12-15,16652.01953125,16824.66063854854,16652.01953125,16808.96599243049,4393300
2022-12-16,16667.71484375,16808.966664459746,16479.379082803673,16620.630903513418,9488700
2022-12-19,16856.048828125,16856.048828125,16510.76663611499,16510.76663611499,6872900
2022-12-20,16730.494140625,16965.91385179702,16573.54766651032,16856.051319916744,3269900
2022-12-21,16714.798828125,16856.050649207747,16589.241653829224,16714.798828125,1626500
2022-12-22,16950.21875,16950.21875,16604.936516203703,16793.27228009259,2938200
2022-12-23,16871.74609375,16950.219331395347,16714.7996184593,16950.219331395347,1201500
2022-12-26,16573.548828125,16887.44179835464,16557.854179613518,16887.44179835464,1719900
2022-12-27,16714.798828125,16856.050649207747,16557.85236025528,16573.547007042253,2040700
2022-12-28,16432.294921875,16761.882499104584,16338.127042666549,16714.79855950036,2997300
2022-12-29,16495.072265625,16542.156201682923,16118.400777161633,16400.904393509158,2879100
2022-12-30,16369.515625,16573.546021093,16369.515624999998,16495.07279182646,2527400
2023-01-02,16196.8759765625,16416.601038260054,16196.8759765625,16385.211743731834,1202600
2023-01-03,16259.654296875,16322.432884893822,16134.097120837354,16228.265002865588,2217400
2023-01-04,15161.029296875,16322.433197463768,15161.029296875,16259.654608242754,8118200
2023-01-05,15490.6142578125,15631.86605955547,14815.74453837386,15082.553497221694,10800300
2023-01-06,15678.9541015625,15820.205940315314,15380.755775306556,15584.786209060621,3662700
2023-01-09,15506.3115234375,15820.204469256072,15239.502519491713,15694.647290928642,4614600
2023-01-10,15663.255859375,15851.591601171092,15255.195085483467,15427.836182129886,5253000
2023-01-11,15741.7294921875,15741.7294921875,15317.974062188434,15522.004454410206,3983300
2023-01-12,15663.255859375,15773.11837542272,15569.087988476955,15631.866569075652,3982700
2023-01-13,15161.029296875,15710.341952558876,15082.556060348732,15694.647305253622,5715600
2023-01-16,15208.111328125,15286.58455479231,15129.638101457687,15176.722037458074,3296800
2023-01-17,15270.890625,15443.53173175745,15208.112040724562,15208.112040724562,6142400
2023-01-18,15537.69921875,15537.69921875,15239.500950915404,15255.19559659091,5610800
2023-01-19,16479.380859375,16495.0755078125,15443.5340625,15474.923359375,7470900
2023-01-20,16808.96484375,16808.96484375,16291.0415572479,16542.15587797619,6563600
2023-01-24,16400.90625,16903.13495813397,16338.127661483255,16808.96707535885,2635200
2023-01-25,16353.822265625,16400.906206888794,16149.791853481885,16400.906206888794,2769700
2023-01-26,15851.5927734375,16259.65357750619,15851.592773437502,16259.65357750619,6387400
2023-01-27,16055.6240234375,16196.875847690617,15867.288257766679,15867.288257766679,6364500
2023-01-30,15851.5927734375,16181.180345954519,15663.257017713491,15867.287419747836,4871700
2023-01-31,15412.14453125,15914.373273612524,15412.14453125,15820.20538441955,9282300
2023-02-01,15522.0068359375,15710.342611499938,15427.838948156283,15443.533596119818,3148400
2023-02-02,15129.640625,15694.647951244813,15129.640625,15522.006823781121,9902000
2023-02-03,15066.8603515625,15286.58539835612,15035.471059163412,15176.72287495931,6136300
2023-02-06,15019.7783203125,15208.114098623628,14941.30507934953,15066.862264890282,6157800
2023-02-07,15631.8671875,15930.065457141065,15255.195689006025,15333.668917858937,10437600
2023-02-08,15569.091796875,15867.29012766192,15474.923902942288,15757.427584740422,4216900
2023-02-09,15380.751953125,15647.560915577169,15380.751953125,15427.835887675383,4136400
2023-02-10,15380.751953125,15443.53053252551,15192.416214923469,15208.110859773597,6881200
2023-02-13,15459.2275390625,15616.17401154029,15349.365008328044,15569.090069796954,3348900
2023-02-14,15537.69921875,15537.69921875,15349.363470643939,15474.92063604798,2998800
2023-02-15,15616.173828125,15820.204239949748,15396.448769236807,15553.39523987123,3127800
2023-02-16,15474.919921875,15678.950306240491,15412.141342070232,15631.866371386915,1589400
2023-02-17,15459.2275390625,15474.922186310278,15286.586419336927,15427.83824456694,2096000
2023-02-20,15255.1982421875,15396.450077763311,15066.862461419754,15396.450077763311,3973800
2023-02-21,15066.8603515625,15317.974690755209,15066.8603515625,15255.196105957031,1748900
2023-02-22,15270.890625,15317.974563206577,15098.249518242548,15223.806686793421,1693300
2023-02-23,15506.3115234375,15631.868701764928,15302.281108655427,15365.05969781914,3322100
2023-02-24,15663.255859375,15820.202310871744,15569.087988476955,15631.866569075652,2816700
2023-02-27,15804.5078125,15820.20245779543,15631.866714250247,15710.339940727406,2847000
2023-02-28,17515.2265625,18927.744833669352,17421.058677755376,18331.348230286738,29878100
2023-03-01,17311.197265625,17797.731368285356,17295.502617152084,17609.39558661038,6648300
2023-03-02,17782.033203125,17860.50642997021,17358.277778160857,17389.66706889894,5345700
2023-03-03,17656.478515625,17876.203581597223,17578.00527777778,17813.424991319444,3932500
2023-03-06,17358.279296875,17750.64546543004,17358.279296875,17687.86687846123,4064800
2023-03-07,16840.357421875,17373.975457610086,16824.662773765143,17358.280809500233,7376100
2023-03-08,16573.548828125,16871.74714984316,16447.991640033142,16777.579258774265,7875500
2023-03-09,16965.912109375,17217.02644216871,16699.103130781685,16840.354942978145,5548200
2023-03-10,16840.357421875,17044.38784730312,16699.105588886297,16950.21995864399,3722200
2023-03-13,17625.08984375,17687.868436247776,17028.69321502115,17138.555751892254,8860600
2023-03-14,17012.998046875,17593.70000972959,17012.998046875,17593.70000972959,6085500
2023-03-15,17107.166015625,17389.669674598623,17091.471367904243,17389.669674598623,5667700
2023-03-16,16903.134765625,17138.554469881616,16620.63112051706,16887.44011867456,5059500
2023-03-17,17860.505859375,17860.505859375,16950.216457051847,16950.216457051847,27286900
2023-03-20,17389.66796875,17750.644830917194,17217.026860756996,17734.95018473601,4306800
2023-03-21,17248.416015625,17436.751768297883,17232.721369568924,17405.362476185735,3029800
2023-03-24,17373.974609375,17719.256850934395,17279.80672531335,17499.53178812387,7905200
2023-03-27,17452.447265625,17703.561614770682,17373.974031516973,17468.141912446605,4863400
2023-03-28,17938.982421875,17986.0663652395,17389.66974928915,17468.142988229985,9304100
2023-03-29,18284.26171875,18488.292107027897,18017.45274946352,18048.84203996781,10366100
2023-03-30,18190.095703125,18472.599346486735,18190.095703125,18205.79034997843,4836300
2023-03-31,18268.5703125,18268.5703125,18017.4559439433,18205.791720360827,5492300
2023-04-03,18111.625,18425.517980935874,18080.23570190641,18299.960788561522,3812200
2023-04-04,18598.15625,18645.240189873417,18221.48473101266,18268.568670886078,7758700
2023-04-05,18708.017578125,18912.047971175023,18409.819311359584,18503.98718507498,6634400
2023-04-06,18708.017578125,18880.658679936558,18660.933641267304,18833.57474307886,4284300
2023-04-10,18959.134765625,18959.134765625,18708.020397868375,18833.57758174669,4362700
2023-04-11,19084.689453125,19335.80378803454,18849.26976414731,18990.521577533924,6474900
2023-04-12,19618.306640625,19900.81025625,18959.1315375,19210.2458625,15352900
2023-04-13,19492.751953125,19775.255604619564,19492.751953125,19712.477015398552,7536800
2023-04-14,18974.828125,19555.530061000827,18974.828125,19461.36217948718,9270900
2023-04-17,19147.470703125,19539.836906057888,19021.913518186477,19021.913518186477,7169200
2023-04-18,19508.4453125,19618.30783638375,19241.63632592518,19241.63632592518,9064600
2023-04-26,19712.4765625,19775.255150278663,19586.919386942674,19586.919386942674,15622400
2023-04-27,19508.4453125,19712.475713998392,19461.361373692678,19712.475713998392,20543300
2023-04-28,22651.4296875,22651.4296875,22651.4296875,22651.4296875,1804800
2023-05-02,21083.859375,21083.859375,21083.859375,21083.859375,1180700
2023-05-03,19614.2578125,19614.2578125,19614.2578125,19614.2578125,9696100
2023-05-04,19202.767578125,19575.066133211098,19202.767578125,19516.282150829084,19490700
2023-05-05,18928.443359375,19124.38997800207,18791.28072633605,19124.38997800207,10333700
2023-05-08,19594.662109375,19751.41940625,18889.2542734375,18948.038259765624,12213200
2023-05-09,19810.203125,19908.176434223544,19614.25650655292,19614.25650655292,6003100
2023-05-10,19810.203125,19986.555081602375,19790.608463155295,19868.987110534126,5563800
2023-05-11,19457.498046875,19731.823296277067,19339.930082845545,19731.823296277067,5851800
2023-05-12,19437.90625,19771.01553049395,19339.932932207663,19418.311586441534,4201700
2023-05-15,19202.767578125,19594.660794005104,19163.578256536992,19437.903507653064,6014100
2023-05-16,19163.580078125,19339.93204203413,19163.580078125,19202.769403438142,3926800
2023-05-17,18830.470703125,19359.52659176639,18830.470703125,19143.98530380138,6441300
2023-05-19,18262.224609375,19222.36302767905,18262.224609375,18830.469795718214,14218900
2023-05-22,18712.90234375,19026.416937990838,18438.577073789267,18438.577073789267,7103300
2023-05-23,19202.767578125,19437.903507653064,18850.06368383291,18850.06368383291,7879300
2023-05-24,19281.146484375,19339.930467559072,19046.01055163872,19202.767840129574,4410500
2023-05-25,18418.984375,19202.770944148935,18418.984375,19202.770944148935,8723700
2023-05-26,18085.873046875,18438.576963282096,18027.08906080715,18399.387639236866,6010500
2023-05-29,17929.1171875,18340.60512295082,17733.17055157104,18105.469159836066,5671800
2023-05-30,17635.193359375,18027.08654513889,17635.193359375,17870.329270833332,5855300
2023-05-31,17419.654296875,17870.331517154103,17400.059635123733,17498.03294388006,50516600
2023-06-05,17909.51953125,18399.386039216355,17654.788947107496,17654.788947107496,10089500
2023-06-06,18183.84765625,18301.4156367861,17929.11703175512,18203.442319672682,6252400
2023-06-07,17909.51953125,18125.060794755198,17850.735550294037,18066.276813799235,6072200
2023-06-08,18281.8203125,18281.8203125,18027.08969721329,18144.657673499463,4428200
2023-06-09,18085.873046875,18634.52358350826,17889.926426648835,18575.739597440413,6892700
2023-06-12,18438.580078125,18438.580078125,18085.87610213536,18105.47076746812,5618700
2023-06-13,18007.49609375,18497.362690424376,17968.306766016052,18497.362690424376,6047100
2023-06-14,18007.49609375,18203.44273241975,18007.49609375,18105.469413084877,4614000
2023-06-15,18144.658203125,18203.442192983937,17968.30623354819,18144.658203125,5018700
2023-06-16,17948.7109375,18458.172164983625,17948.7109375,18281.82020162391,15055100
2023-06-19,18144.658203125,18144.658203125,17811.548927257692,17987.900896834504,4851100
2023-06-20,18125.0625,18203.44114864865,17987.899864864867,18183.846486486487,3894700
2023-06-21,18301.4140625,18321.008724237152,18027.08879817987,18164.251430339933,4008800
2023-06-22,18438.580078125,18634.526731452577,18301.417420795697,18418.98541279224,6073600
2023-06-23,18321.0078125,18556.143741644384,18144.65586564171,18438.57577707219,3447800
2023-06-26,18242.630859375,18360.19883483821,18085.873558757383,18340.60417226101,2464000
2023-06-27,18242.630859375,18281.820184529402,18125.06288391179,18242.630859375,2044700
2023-07-03,18066.27734375,18321.007935364698,17889.92539570906,18281.81861357782,6561500
2023-07-04,18105.466796875,18223.03476308847,18066.27747480384,18144.656118946157,2442900
2023-07-05,18575.7421875,18634.52618176424,18144.65956289557,18183.84889240506,5469200
2023-07-06,18850.06640625,18869.66106987396,18673.714433634355,18771.687751754158,4409200
2023-07-07,18614.927734375,18810.874342105264,18497.359769736842,18732.495699013158,4699200
2023-07-10,18889.25390625,18928.44322970695,18712.901950693726,18732.4966124222,2886800
2023-07-11,19183.177734375,19183.177734375,18869.66308294497,18889.257748659347,3988500
2023-07-12,18810.875,19183.173567708334,18810.875,19183.173567708334,3568700
2023-07-13,18928.443359375,18987.22734496312,18791.28072633605,18810.875388198758,2583600
2023-07-14,18928.443359375,19026.416668688533,18850.06471192417,18967.63268310041,2675400
2023-07-17,18987.228515625,19124.391157120743,18967.63385255418,19046.01250483746,3021800
2023-07-18,19006.82421875,19163.58153189433,18850.066905605672,19006.82421875,3304900
2023-07-20,19104.794921875,19261.55221354167,18987.226953125002,19261.55221354167,3011600
2023-07-21,19202.767578125,19202.767578125,19026.415630978954,19124.38893494898,2546600
2023-07-24,19908.17578125,20064.93307086614,19222.36263917938,19222.36263917938,7839200
2023-07-25,19908.17578125,20221.690360482284,19908.17578125,19986.554426058072,5141800
2023-07-26,20691.962890625,20829.125523422703,20006.149726636482,20006.149726636482,9071700
2023-07-27,20672.369140625,20966.289081013034,20456.827851007107,20711.558466010072,6529600
2023-07-28,20887.91015625,20887.91015625,20398.043595362335,20691.963531894933,4247900
2023-07-31,21573.72265625,21671.69596531562,21221.01874361376,21514.938670810625,10459300
2023-08-01,21573.72265625,21710.88528894187,21279.80272905313,21652.101303502495,4076800
2023-08-02,20946.693359375,21554.127872135174,20770.34140405753,21554.127872135174,8222700
2023-08-03,21279.802734375,21456.15469073722,20946.693483468578,20946.693483468578,4755600
2023-08-04,21416.96484375,21730.479425177266,21358.180859732387,21358.180859732387,3880200
2023-08-07,21495.345703125,21691.29233669952,21397.372386337738,21573.72435655481,4576800
2023-08-08,21573.72265625,21710.88528894187,21554.127994436873,21573.72265625,1752600
2023-08-09,21750.07421875,21828.452864583334,21612.91158854167,21612.91158854167,3731100
2023-08-10,21632.505859375,21926.425775942596,21632.505859375,21828.452470420063,3644800
2023-08-11,21240.611328125,21652.09918595768,21005.47540936347,21632.504526060886,4270100
2023-08-14,21514.939453125,21514.939453125,21044.667552510244,21318.992827868853,3157000
2023-08-15,21456.15234375,21554.125642123287,21279.80040667808,21554.125642123287,1785100
2023-08-16,21554.12890625,21554.12890625,21299.39829190341,21456.155593039774,1667900
2023-08-18,21005.478515625,21456.155759896807,21005.478515625,21416.966434307953,5084200
2023-08-21,21221.01953125,21397.371494113573,21005.47824330563,21005.47824330563,2444100
2023-08-22,21632.505859375,21671.695181584015,21279.80195949389,21338.585942807407,4336900
2023-08-23,21848.046875,22063.588144618836,21789.262892376682,21828.452214125562,4536100
2023-08-24,20927.1015625,21769.67213102762,20927.1015625,21769.67213102762,12388200
2023-08-25,20417.63671875,20946.692564629317,20358.85273587452,20927.097903670827,8528800
2023-08-28,20691.962890625,20848.720185250946,20476.42161051432,20476.42161051432,3056300
2023-08-29,20652.775390625,20848.722026209678,20613.586063508064,20770.343371975807,1930400
2023-08-30,20496.017578125,20691.96420889101,20496.017578125,20652.77488273781,2492400
2023-08-31,20378.447265625,20574.393873948316,20378.447265625,20496.015230618992,4100400
2023-09-01,20652.775390625,20711.559381300405,20378.45010080645,20378.45010080645,2242300
2023-09-04,21025.0703125,21064.259632746973,20711.555750524232,20711.555750524232,3263600
2023-09-05,21318.9921875,21436.560159122244,21044.666920381434,21044.666920381434,3836800
2023-09-06,21475.75,21573.723312043796,21436.56067518248,21475.75,5838100
2023-09-07,21279.802734375,21495.344014373273,21123.0454398308,21475.74935255525,3659600
2023-09-08,21397.369140625,21534.531763321313,21142.63855561756,21260.206517928687,3162700
2023-09-11,21083.859375,21436.563342239777,21044.67004530669,21416.968677393124,3044900
2023-09-12,21221.01953125,21358.182169032778,21103.451556007618,21123.046218548014,2664400
2023-09-13,21299.3984375,21377.777088603958,21221.019786396046,21279.803774724012,4128300
2023-09-14,21475.75,21632.507299270073,21416.966012773722,21416.966012773722,6719500
2023-09-15,22279.126953125,22279.126953125,21358.177993760994,21475.745946020226,13900400
2023-09-18,22024.396484375,22416.28966025356,22024.396484375,22239.937731108206,4143000
2023-09-19,22200.751953125,22298.72526271514,21965.61601010867,22063.58931969881,3124700
2023-09-20,22337.916015625,22553.457310512607,22259.537362938594,22259.537362938594,5245200
2023-09-21,22200.751953125,22318.319924633164,22141.967967370918,22318.319924633164,2422500
2023-09-22,22220.345703125,22357.508330922068,22083.183075327932,22141.967058669532,2770200
2023-09-25,22141.966796875,22239.940101285953,22063.588153346238,22220.345440403762,3737000
2023-09-26,21750.07421875,22259.53541666667,21652.100911458336,22161.562109375,3941400
2023-09-27,22181.15625,22181.15625,21534.532437058304,21710.884386042402,3641600
2023-09-29,22141.966796875,22318.31874481471,22024.398831581857,22259.53476216814,3858000
2023-10-02,21887.236328125,22220.34556498993,21828.452345148835,22122.372260029657,3404200
2023-10-03,21162.236328125,21887.23886899595,21162.236328125,21887.23886899595,11647700
2023-10-04,20829.125,20907.503645343368,20593.989063969897,20907.503645343368,7279900
2023-10-05,20496.017578125,20829.126850427223,20496.017578125,20829.126850427223,6636500
2023-10-06,20691.962890625,20789.936199766216,20515.61093417081,20515.61093417081,4367500
2023-10-09,20927.1015625,21064.26421319054,20848.722904962546,20848.722904962546,5932700
2023-10-10,21064.263671875,21123.047663517442,20946.695688590116,21064.263671875,4840800
2023-10-11,21145.54296875,21226.02077262726,21125.423517780688,21165.662419719316,4932200
2023-10-12,20823.6328125,21145.544044384056,20803.513360507248,21145.544044384056,6094700
2023-10-13,20984.58984375,21185.784377247124,20924.231483700863,20924.231483700863,2335000
2023-10-16,21286.380859375,21286.380859375,21085.18633329395,21226.022501550684,3160900
2023-10-17,21226.021484375,21306.49929095083,21125.424226155214,21286.379839306872,2864200
2023-10-18,21165.6640625,21266.261325154468,21004.708442252853,21145.544609969107,3449000
2023-10-19,20944.349609375,21246.141390489916,20924.230157300673,21246.141390489916,2946300
2023-10-20,20783.39453125,20964.469604610356,20763.275078654402,20924.230699419168,3499000
2023-10-23,20119.453125,20803.51453125,20119.453125,20783.395078125,6286900
2023-10-24,20320.6484375,20461.484614789606,19998.737175123762,20119.453898514854,4688100
2023-10-25,21185.78515625,21568.054783950618,20682.798804012345,20682.798804012345,6095900
2023-10-26,21065.068359375,21326.6212616404,20924.23218123209,21085.187813395416,3098200
2023-10-27,20541.9609375,21125.42505815377,20541.9609375,21065.06670084476,3428500
2023-10-30,19636.583984375,20541.95927053983,19556.10618116035,20541.95927053983,6742100
2023-10-31,20220.048828125,20360.884989116916,19656.70418415734,19656.70418415734,5459600
2023-11-01,19395.150390625,20199.92841513226,19395.150390625,20199.92841513226,5710600
2023-11-02,19093.359375,19596.345659905164,19093.359375,19415.270597339306,8176900
2023-11-03,19133.599609375,19354.913590135384,19133.599609375,19153.7190621714,4860100
2023-11-06,19113.48046875,19193.95828125,18952.52484375,19173.838828125,5447600
2023-11-07,18811.6875,19375.032152406417,18690.970788770053,19133.598729946523,4395000
2023-11-08,18348.9375,18831.80427631579,18268.459703947367,18811.68482730263,6130400
2023-11-09,18409.298828125,18610.49335083675,18409.298828125,18509.896089480877,3576000
2023-11-10,18590.37109375,18650.72944145698,18429.415499864717,18429.415499864717,2101800
2023-11-13,18711.091796875,18912.28633232527,18590.37507560484,18590.37507560484,3114500
2023-11-14,18711.091796875,18892.166878780245,18690.972343329973,18751.330703965054,2907900
2023-11-15,18831.806640625,19234.195671407586,18751.328834468484,18751.328834468484,4376100
2023-11-16,18872.046875,18992.763592750533,18550.135627665244,18851.927422041575,2570000
2023-11-17,18409.298828125,18872.046230362022,18348.940471311478,18872.046230362022,6357500
2023-11-20,18469.65625,18509.895152505447,18308.70063997821,18429.417347494553,3459700
2023-11-21,18328.818359375,18469.65450483672,18268.460011319978,18469.65450483672,3666100
2023-11-22,17966.669921875,18328.820043480544,17926.431019474385,18328.820043480544,5961700
2023-11-23,18127.625,18167.863901220866,17966.669395116536,18107.505549389567,3194100
2023-11-24,18208.103515625,18228.22296702348,18087.386807234114,18167.864612828038,1515600
2023-11-27,18067.267578125,18409.298256107322,18067.267578125,18208.103739647133,4817100
2023-11-28,18107.505859375,18288.58091796875,17966.66970269097,18107.505859375,3764500
2023-11-29,18067.267578125,18187.984288001113,17946.550868248887,18187.984288001113,2918000
2023-11-30,17624.640625,18107.507491438355,17624.640625,18067.268585901827,17524100
2023-12-01,17825.833984375,17986.789595972066,17705.1172756772,17725.236727126834,6149700
2023-12-04,18047.1484375,18248.342957427536,17866.073369565216,17866.073369565216,6252400
2023-12-05,17745.357421875,18067.2686676233,17725.237969015732,18047.14921476403,4377100
2023-12-06,17403.326171875,17825.83466853324,17383.20671965318,17745.356859645955,8207400
2023-12-07,17463.681640625,17584.398333993377,17242.36770278298,17443.56219173027,4424500
2023-12-08,17946.55078125,17986.78968434697,17483.803395634808,17544.16175028027,6433900
2023-12-11,17564.283203125,18067.26954914805,17564.283203125,18047.15009530713,3168200
2023-12-12,17584.400390625,17725.236549359983,17584.400390625,17705.11709811213,2215600
2023-12-13,16839.98046875,17483.80290005227,16839.98046875,17463.683449074073,9856200
2023-12-14,17262.490234375,17443.56530676355,16900.340089597903,16960.698447060753,6299800
2023-12-15,17121.65625,17664.881536427732,17121.65625,17302.73134547591,9804200
2023-12-18,17544.162109375,17584.401013295585,17202.13142605003,17242.370329970614,4388700
2023-12-19,17564.283203125,17564.283203125,17262.49139551117,17503.924841602235,3672200
2023-12-20,17544.162109375,17906.312244660265,17544.162109375,17604.52046525588,3792900
2023-12-21,17705.115234375,17765.473581764916,17524.040192205255,17544.159641335227,3131700
2023-12-22,17725.234375,17825.831618898977,17584.39823354143,17745.353823779795,2347300
2023-12-27,18047.1484375,18208.104053442028,17684.998301630436,17725.23720561594,4317700
2023-12-28,18268.4609375,18328.819288615086,18067.26643378304,18127.624784898126,3878400
2023-12-29,18208.103515625,18308.7007726174,18107.506258632595,18268.46186982044,2695900
2024-01-02,18892.166015625,18972.643826128195,18187.985173722045,18187.985173722045,4723500
2024-01-03,18690.97265625,18831.808833423034,18187.986309203443,18670.853202368136,6744300
2024-01-04,18731.2109375,18912.286016380236,18690.97203108217,18690.97203108217,4746100
2024-01-05,18711.091796875,18952.525239415325,18711.091796875,18912.28633232527,2368600
2024-01-08,18530.01171875,18932.400681154995,18509.89227062975,18751.325648072747,3133000
2024-01-09,18590.37109375,18791.5655861066,18530.01274604302,18670.84889069264,1704600
2024-01-10,18751.330078125,18872.04679536615,18590.374455136804,18590.374455136804,2628600
2024-01-11,18751.330078125,18872.04679536615,18711.09117237795,18791.56898387205,2043100
2024-01-12,19234.1953125,19254.314763663704,18771.447935734832,18791.567386898536,4858500
2024-01-15,19898.13671875,19918.25616942619,19234.194846435796,19234.194846435796,6691700
2024-01-16,19797.541015625,19958.496633638213,19616.465945360138,19918.257729134908,4671400
2024-01-17,19495.75,20119.453044375645,19475.630546955625,20119.453044375645,5386800
2024-01-18,19395.150390625,19757.30050165327,19354.911489399638,19495.74764368841,3894900
2024-01-19,19375.03125,19556.106308411214,19173.836740654206,19475.628504672895,2316600
2024-01-22,18711.091796875,19375.033763860887,18690.972343329973,19375.033763860887,4516700
2024-01-23,18268.4609375,18851.924998279184,18027.027533039647,18731.208296049008,6071400
2024-01-24,18147.744140625,18389.17754382622,17966.669088224087,18348.938643292684,3048300
2024-01-25,18610.494140625,18711.09140625,18087.388359375,18087.388359375,3391200
2024-01-26,18489.77734375,18711.09132718988,18449.53843767002,18630.613515029923,1481500
2024-01-29,18771.44921875,18771.44921875,18530.015788283763,18530.015788283763,2216300
2024-01-30,18389.177734375,18771.447293404675,18348.93883342451,18771.447293404675,3999100
2024-01-31,18469.65625,18670.850762527232,18409.29789624183,18530.01460375817,2614300
2024-02-01,18348.9375,18570.251439144737,18167.86245888158,18449.53474506579,2536700
2024-02-02,18389.177734375,18469.655536275983,18288.580481998768,18389.177734375,1986200
2024-02-05,18248.341796875,18449.53630400703,18248.341796875,18389.17795186742,2076200
2024-02-06,18348.9375,18489.773643092107,18268.459703947367,18268.459703947367,1364700
2024-02-07,18429.41796875,18590.373584197598,18369.05961295715,18389.1790648881,2345100
2024-02-12,18690.97265625,18771.45047177745,18429.41975578579,18429.41975578579,2262400
2024-02-13,18630.61328125,18872.046714700326,18550.135470099893,18690.97163961258,2086300
2024-02-15,18670.853515625,18872.048057819233,18610.49515296673,18771.45078672212,3634900
2024-02-16,18711.091796875,18831.808518145164,18590.37507560484,18711.091796875,2014600
2024-02-19,18469.65625,18731.2091162854,18429.417347494553,18711.08966503268,2607800
2024-02-20,18429.41796875,18570.254132266648,18308.7012571643,18489.776324542847,2365100
2024-02-21,18530.01171875,18650.7284074715,18429.414478148752,18449.533926269,2391800
2024-02-22,18610.494140625,18630.61359375,18509.896875,18570.255234375,2192600
2024-02-23,18348.9375,18630.60978618421,18348.9375,18630.60978618421,2730500
2024-02-26,18509.896484375,18590.37429517663,18409.299220872963,18429.41867357337,2112000
2024-02-27,19193.95703125,19193.95703125,18369.059506846173,18509.895669549267,5853700
2024-02-28,19193.95703125,19596.34606754455,19153.718127620545,19314.673742138362,6239000
2024-02-29,18932.40625,19274.43696865037,18912.286795961743,19214.0786065356,6885600
2024-03-01,19093.359375,19133.598277792415,18872.045409641727,18932.40376383035,2829700
2024-03-04,19314.67578125,19455.511958821615,19133.600695800782,19133.600695800782,3593600
2024-03-05,19415.26953125,19616.464034164506,19334.7917300842,19334.7917300842,3829900
2024-03-06,19576.2265625,19636.58491778006,19334.793141379752,19475.629303699898,3278000
2024-03-07,19314.67578125,19636.587044270833,19314.67578125,19576.228682454428,5365900
2024-03-08,19455.5078125,19576.224510405897,19334.791114594107,19334.791114594107,2820700
2024-03-13,18932.40625,19435.392600956427,18912.286795961743,19415.27314691817,8514900
2024-03-14,19415.26953125,19415.26953125,18952.522174546633,18972.641624838085,3875200
2024-03-15,19455.5078125,19938.37460412358,19314.671664943126,19415.268913198037,10622400
2024-03-18,19535.98828125,19777.421710060506,19495.74937644825,19495.74937644825,2128700
2024-03-19,19616.46484375,19696.94264823718,19535.987039262818,19556.106490384613,1701500
2024-03-20,19757.302734375,19757.302734375,19616.466564170696,19616.466564170696,1929300
2024-03-21,19938.376953125,20038.974213231584,19757.30188493315,19757.30188493315,3500300
2024-03-22,19797.541015625,19938.37718138656,19737.182658870046,19938.37718138656,2660100
2024-03-25,19757.302734375,19978.61671612462,19636.586017057027,19978.61671612462,2976400
2024-03-26,19556.109375,19837.781732253086,19495.75101273148,19837.781732253086,4020000
2024-03-27,19797.541015625,19878.018824631607,19676.824302115092,19676.824302115092,3195300
2024-03-28,19455.5078125,19837.777355868668,19455.5078125,19817.657906217686,4523000
2024-04-01,19334.79296875,19596.345839295005,19193.956807687304,19596.345839295005,3481400
2024-04-02,20038.97265625,20038.97265625,19334.79189021712,19395.150241591367,6997100
2024-04-03,20320.6484375,20421.245706992577,19878.020451732675,20038.97608292079,4933500
2024-04-04,20159.689453125,20340.76450809319,20119.45055202096,20320.64505754117,2738800
2024-04-05,20320.6484375,20461.484614789606,20220.051168007427,20220.051168007427,2163800
2024-04-16,21125.42578125,21246.1425,20119.453125,20300.528203125,11555700
2024-04-17,20582.19921875,21165.66332172532,20582.19921875,21165.66332172532,4004900
2024-04-18,20541.9609375,20783.394366736044,20280.40805582762,20582.199842372673,4682400
2024-04-19,20401.123046875,20702.914807923447,20280.406342455623,20662.67590645032,3059000
2024-04-22,20360.88671875,20662.67851794096,20300.528358911808,20541.961798264576,3983900
2024-04-23,20079.2109375,20441.361034569138,19958.494238476957,20360.88323522044,5906300
2024-04-24,19998.736328125,20481.603201238682,19676.825079382546,20159.69195249623,8926400
2024-04-25,19515.869140625,20119.452722293816,19395.15242429124,19998.73600596005,4990600
2024-04-26,19435.390625,19676.824048913044,19435.390625,19556.10733695652,4944300
2024-04-29,20018.853515625,20199.92857255025,19193.956034076633,19475.628344849247,5182100
2024-04-30,19978.615234375,20199.929199710474,19757.301269039526,19777.420720433664,6749600
2024-05-02,19556.109375,19998.737364969136,19395.15374228395,19998.737364969136,6755200
2024-05-03,19274.435546875,19656.705145403837,19193.9577366584,19556.10788263309,8328400
2024-05-06,19290.798828125,19398.448375156946,19161.619371686662,19376.918465750558,7044600
2024-05-07,19161.619140625,19290.798595505617,19075.49950403792,19290.798595505617,4786800
2024-05-08,19032.4375,19269.26647341629,18989.377686651584,19204.676753393665,6823300
2024-05-13,19118.55859375,19204.678227055178,18989.37914379223,19032.43896044482,5549600
2024-05-14,19376.916015625,19506.095455729166,19075.49732204861,19204.676762152776,3991500
2024-05-15,19161.619140625,19506.097686973313,19161.619140625,19419.978050386235,3645600
2024-05-16,19075.498046875,19290.79712189616,19032.43823187077,19226.207399389812,4701000
2024-05-17,19204.67578125,19247.73559241872,19075.496347743832,19075.496347743832,1884000
2024-05-20,19678.3359375,19678.3359375,19204.677960886216,19204.677960886216,4692000
2024-05-21,19312.328125,19764.45620819398,19226.208490105906,19764.45620819398,4259000
2024-05-22,19463.03515625,19484.565062396294,19118.556657909292,19290.795907079646,3633900
2024-05-27,19484.56640625,19506.096313881215,19290.797237569062,19463.036498618785,3000300
2024-05-28,19355.388671875,19549.157857689097,19226.2092146656,19527.627948154197,3405500
2024-05-29,19398.447265625,19398.447265625,19183.148183875554,19376.917357450056,2738700
2024-05-30,19183.1484375,19376.917613636364,19053.968986742424,19376.917613636364,3150400
2024-05-31,19010.908203125,19506.09607251557,19010.908203125,19247.73718413788,14689400
2024-06-03,19785.986328125,19979.755508705115,19161.618968477964,19312.328331151388,8682500
2024-06-04,19785.986328125,20108.934962425188,19764.456419171653,19785.986328125,4707400
2024-06-05,19441.505859375,19936.693716258305,19355.386232090947,19785.984368511214,2641200
2024-06-06,19441.505859375,19592.21520712209,19290.79651162791,19484.565673017027,4000100
2024-06-07,19635.275390625,19785.984741210938,19441.506225585938,19463.0361328125,4005700
2024-06-10,19226.20703125,19549.155637597985,19204.677124160135,19549.155637597985,2503400
2024-06-11,18817.138671875,19226.20690387228,18817.138671875,19226.20690387228,8097000
2024-06-12,18946.318359375,19010.908081054688,18817.138916015625,18860.19873046875,4300800
2024-06-13,18967.849609375,19097.029061879257,18860.20006562145,18946.319700624288,3585000
2024-06-14,18278.888671875,18989.37551071113,18214.298959253534,18967.845606503975,5698200
2024-06-19,18429.599609375,18601.83885806075,18171.24073634638,18321.950078946407,5043300
2024-06-20,18989.376953125,18989.376953125,18451.12930706137,18472.659212903913,2530200
2024-06-21,18623.37109375,18946.31972543353,18623.37109375,18946.31972543353,8057800
2024-06-24,18709.490234375,18838.66968363421,18537.25096869606,18623.37060153553,3234100
2024-06-25,18623.37109375,18817.140272760116,18515.72154985549,18709.490728865607,2727800
2024-06-26,18731.01953125,18774.079346264367,18601.840086206896,18731.01953125,2216800
2024-06-27,18731.01953125,18752.54943875718,18580.31017869971,18752.54943875718,2199500
2024-06-28,18924.7890625,19010.90869418373,18731.019891211603,18731.019891211603,3994400
2024-07-01,19053.966796875,19290.795762711867,18860.197643008476,19097.02660884534,5852700
2024-07-02,19204.67578125,19376.91502592489,18946.31691423767,19032.43653657511,4902100
2024-07-03,20151.9921875,20151.9921875,19269.266033987715,19333.855752537394,8772600
2024-07-04,20410.349609375,20496.469227979956,20216.580467513846,20281.17018146756,4671000
2024-07-05,20496.474609375,20496.474609375,20259.64559603138,20410.35496815914,2121400
2024-07-08,20668.712890625,20668.712890625,20345.764251708984,20539.533435058594,3710900
2024-07-09,20388.822265625,20668.711061246042,20367.292358269537,20668.711061246042,2585500
2024-07-10,20281.173828125,20582.59254743896,20173.52428551287,20410.353279259554,3284800
2024-07-11,20238.11328125,20561.06189744016,20195.053465757977,20410.352543218083,2196100
2024-07-12,20238.11328125,20367.292727726064,20065.874019281913,20238.11328125,2252700
2024-07-15,20453.4140625,20453.4140625,20238.114967105263,20238.114967105263,2293500
2024-07-16,20496.474609375,20625.65407119879,20388.825057855174,20518.004519678965,3031900
2024-07-17,20496.474609375,20625.65407119879,20410.35496815914,20625.65407119879,3733100
2024-07-18,20970.130859375,21056.250493294403,20453.41305585857,20496.472872818274,5230200
2024-07-19,21228.490234375,21400.7295060535,20905.541599977816,20970.131326857252,6120800
2024-07-22,21788.265625,21960.504878952568,21443.78711709486,21486.846930583004,7633600
2024-07-23,21400.7265625,21831.324682469818,21400.7265625,21788.264870472834,3513500
2024-07-24,21379.19921875,21465.318853065208,21206.959950119588,21465.318853065208,3332200
2024-07-25,21443.791015625,21680.620032865838,21228.49190904242,21379.201283650225,3157400
2024-07-26,21508.376953125,21616.026487424926,21379.19751196509,21551.43676684497,3073200
2024-07-29,21250.01953125,21616.027973024316,21250.01953125,21508.37843132599,2178100
2024-07-30,21529.908203125,21680.617560546874,21228.48948828125,21357.6689375,4414000
2024-07-31,22218.865234375,22240.395142547844,21616.027805535366,21659.087621881055,9902100
2024-08-01,22003.564453125,22283.45323775379,21938.974733595278,22218.863518224072,4227300
2024-08-02,22089.685546875,22369.57435010051,21745.207019828216,22003.565915113304,4665000
2024-08-05,21034.720703125,21766.73759555719,20819.42161711553,21766.73759555719,8787200
2024-08-06,20797.888671875,21314.60640285326,20754.828860960144,21185.426970108696,7129900
2024-08-07,21293.078125,21486.84728892821,20884.009890040445,20905.53979714358,4726300
2024-08-08,21206.958984375,21336.1384299651,20905.540277998098,21250.0187995717,3126500
2024-08-09,21271.548828125,21443.788089891194,21206.959104962676,21206.959104962676,2528100
2024-08-12,21702.146484375,21809.796020507812,21271.54833984375,21422.257690429688,5446800
2024-08-13,21551.4375,21788.266483516483,21551.4375,21723.67676073926,3163000
2024-08-14,21572.966796875,21680.616331789544,21443.787354977543,21551.43688989209,3223400
2024-08-15,21357.666015625,21659.084689232608,21314.606205109627,21572.965068201866,3558000
2024-08-16,21594.49609375,21702.14562562313,21400.726936378363,21465.316655502244,4087400
2024-08-19,21616.02734375,21616.02734375,21465.31798975971,21508.377805185508,1369500
2024-08-20,21680.6171875,21917.446173659384,21659.08727966733,21723.677003165343,3138200
2024-08-21,21659.087890625,21874.386975024852,21659.087890625,21874.386975024852,2428200
2024-08-22,22584.873046875,22714.052492329003,21616.02720596997,21659.087021121304,10021000
2024-08-23,23187.712890625,23381.482079126043,22498.755775954618,22584.875415288418,10662800
2024-08-26,23209.2421875,23295.361824559368,23037.00291338126,23166.182368970316,2805300
2024-08-27,23467.599609375,23467.599609375,23166.180898795872,23252.300530389908,4744400
2024-08-28,23855.138671875,23984.318123166744,23403.010592353905,23510.660135097023,9220800
2024-08-29,23532.189453125,23855.138073250226,23424.539913083256,23855.138073250226,3975300
2024-08-30,23295.359375,23575.248166012014,23123.120118992607,23532.188352010166,8569100
2024-09-02,24027.376953125,24091.966676117274,23510.65916918683,23510.65916918683,5370100
2024-09-03,23919.728515625,24242.67714544892,23855.138789660217,24070.437876209497,2578800
2024-09-04,23812.080078125,23833.609987779724,23553.721162268306,23747.490349160827,2090400
2024-09-05,23704.427734375,23833.60717706914,23489.128663218096,23812.07726995345,3362100
2024-09-06,23295.359375,23855.13695702403,23166.179932994455,23575.248166012014,5239200
2024-09-09,23467.599609375,23510.659425172016,22821.702372419724,23295.360346186924,6924400
2024-09-10,22993.94140625,23532.189098343868,22843.232052463718,23510.659190660113,4888100
2024-09-11,22584.873046875,22972.41138323701,22434.163693845327,22907.82166051001,5507400
2024-09-12,22692.521484375,23015.470082349977,22584.871951716676,22606.40185824834,5337400
2024-09-13,22692.521484375,22929.350456223317,22584.871951716676,22692.521484375,2559200
2024-09-17,22972.41015625,22993.940062675727,22735.58118556701,22757.111091992738,3545000
2024-09-18,23015.470703125,23187.70996002397,22907.821167563143,22972.410888900256,2423100
2024-09-19,22929.3515625,23166.18054577465,22929.3515625,23015.47119278169,2357100
2024-09-20,23187.712890625,23252.30262012535,22821.70442345636,22929.353972623605,3949100
2024-09-23,23359.94921875,23403.00903297811,23187.709961837558,23209.239868951612,3043800
2024-09-24,23575.25,23575.25,23338.42100456621,23359.95091324201,2358500
2024-09-25,23639.837890625,23639.837890625,22993.940680498632,23596.778076616574,4933400
2024-09-26,23510.658203125,23639.83764380151,23166.179694654304,23639.83764380151,3559000
2024-09-27,23855.138671875,23876.668580423626,23446.070409451153,23596.779769291516,6214300
2024-09-30,23381.48046875,24091.96744431975,23381.48046875,23855.138452463165,6814500
2024-10-01,23639.837890625,23639.837890625,23252.29956454918,23532.18835560394,3331300
2024-10-02,23467.599609375,23812.078135751144,23316.890254085436,23639.838872563072,3323800
2024-10-03,23446.068359375,23618.307612703742,23273.829106046258,23618.307612703742,2465500
2024-10-04,23489.126953125,23489.126953125,23252.29799209441,23446.06714202853,3472700
2024-10-07,23316.890625,23618.309340373962,23080.061634349033,23596.779432132964,5963900
2024-10-08,23331.900390625,23508.48998676975,23221.53189303453,23464.34258773356,4799200
2024-10-09,23486.416015625,23530.563414150613,23089.089428894502,23331.90012078536,3140800
2024-10-10,22868.3515625,23486.415118243243,22868.3515625,23486.415118243243,4306100
2024-10-11,23089.087890625,23265.677472962478,22890.424610495338,23000.793099456263,2164600
2024-10-14,22978.720703125,23221.531392591256,22824.20480982829,23133.23659642171,2835000
2024-10-15,22757.982421875,23000.793097569105,22581.392839552012,22978.719399778733,3490800
2024-10-16,23243.603515625,23398.119398444916,22581.392589253916,22868.35065734805,5882600
2024-10-17,23596.78515625,23773.374755174227,23243.605958401542,23243.605958401542,4325400
2024-10-18,23596.78515625,23685.079955712114,23420.195557325773,23685.079955712114,2136700
2024-10-21,23596.78515625,23640.932555981057,23265.679658267072,23618.85885611553,3041200
2024-10-22,23905.81640625,23949.963804968836,23508.48981778047,23663.0057132964,4095800
2024-10-23,23861.66796875,23905.815365546947,23707.152079960684,23883.74166714847,2255900
2024-10-24,23729.2265625,23883.742456395346,23729.2265625,23861.668757267442,1516700
2024-10-25,23663.005859375,23773.374356853426,23596.784760887942,23729.226957862054,1790100
2024-10-28,23663.005859375,23729.226957862054,23309.826667444027,23640.932159879314,1739600
2024-10-29,23265.677734375,23663.004299098673,23243.604036334797,23663.004299098673,2023700
2024-10-30,23331.900390625,23398.12148917928,22846.27900122694,23221.53189303453,4383000
2024-10-31,24236.921875,24281.069273679415,23640.931992827867,23883.742685564663,9741000
2024-11-01,24060.33203125,24214.84792502867,23751.30024369266,24148.626827694952,2627300
2024-11-04,24148.625,24148.625,23707.1510511883,24060.33021023766,2410900
2024-11-05,23839.595703125,24060.33270037616,23707.153504774305,23972.037901475695,2680500
2024-11-06,24016.185546875,24347.291046142578,23839.595947265625,23839.595947265625,5360700
2024-11-07,24038.2578125,24258.994798840682,23773.373428891187,24016.184113865933,4194400
2024-11-08,24236.921875,24457.658868397084,24126.553378301458,24126.553378301458,4231500
2024-11-11,23044.94140625,24236.921134159482,23044.94140625,24236.921134159482,4067600
2024-11-12,23596.78515625,23618.85885611553,23000.79525988073,23199.458558670485,4228400
2024-11-13,23309.82421875,23618.855979225853,23067.013549804688,23618.855979225853,2402100
2024-11-14,22934.572265625,23309.82513233879,22735.908983247115,23309.82513233879,4118900
2024-11-15,23442.26953125,23530.56433174435,22934.574428407486,22934.574428407486,3965800
2024-11-18,22824.205078125,23464.342357878988,22780.057679521276,23442.268658577126,3489200
2024-11-19,23265.677734375,23353.972526535814,22824.20377357092,22824.20377357092,3589000
2024-11-20,23331.900390625,23442.26888821547,23155.31079448025,23309.826691106908,2877800
2024-11-21,23552.63671875,23729.226309893395,23398.120826499533,23398.120826499533,4192700
2024-11-22,23839.595703125,23994.11160120081,23618.858705873845,23618.858705873845,4332300
2024-11-25,24369.36328125,24634.247664741848,23861.668212890625,24016.18410326087,10559100
2024-11-26,24281.068359375,24634.247535511364,24148.626168323863,24369.36315340909,3365800
2024-11-28,24170.701171875,24634.248865582194,24148.62747217466,24281.069670376713,2831500
2024-11-29,23640.931640625,24281.068911939776,23640.931640625,24170.700416885506,3598000
2024-12-02,24192.775390625,24545.95459340785,23640.9328862768,23640.9328862768,3899900
2024-12-03,23972.037109375,24523.879584268532,23773.37381841333,24236.921497323896,2433500
2024-12-04,24391.4375,24391.4375,24082.405712669683,24104.479411764707,2384200
2024-12-05,24391.4375,24413.511199095024,24281.06900452489,24391.4375,1133200
2024-12-06,24678.39453125,24700.468229399597,24303.141662706843,24413.51015345483,2622700
2024-12-09,25164.015625,25164.015625,24700.467968750003,24722.541666666668,3842500
2024-12-10,24899.1328125,25164.01720412234,24700.469518783244,25164.01720412234,3040000
2024-12-11,24523.87890625,24899.131778802883,24413.51041432268,24457.65781109361,3233200
2024-12-12,24678.39453125,25075.721097942755,24501.80494605322,24523.878644202818,2407100
2024-12-13,24832.91015625,24832.91015625,24457.657291666666,24678.394270833334,2534000
2024-12-16,24744.615234375,24854.983723377565,24413.509767367304,24832.91002557705,2294000
2024-12-17,23177.384765625,24700.47005022321,23000.795167410713,24700.47005022321,7094300
2024-12-18,23199.45703125,23640.93099949453,23155.309634425546,23287.751824898904,2372600
2024-12-19,23221.53125,23265.678647813686,22824.204669676805,23199.457551093154,2782200
2024-12-20,22669.689453125,23287.753040941454,22206.141762262658,23221.531942246835,7273800
2024-12-23,22471.025390625,22868.351969241157,22117.84620963286,22691.762378745087,4394000
2024-12-24,22250.2890625,22537.247155567955,22139.92056516617,22537.247155567955,1643700
2024-12-27,22426.87890625,22426.87890625,22161.99450971949,22250.289308562995,1661000
2024-12-30,23640.931640625,23640.931640625,22117.846408876052,22426.87819502801,3934400
2025-01-02,22691.76171875,23486.41485286965,22515.17213339008,23486.41485286965,3884300
2025-01-03,22581.39453125,22978.72112124267,22404.804935697703,22713.836727914222,3428600
2025-01-06,22426.87890625,22713.83700249139,22184.068209430367,22581.394804226133,2878100
2025-01-07,22824.205078125,22890.426176030585,22404.804791389626,22537.246987200797,4428000
2025-01-08,22228.21484375,22890.42581228277,22228.21484375,22868.35211333168,3282800
2025-01-09,22051.625,22471.025275275275,22007.4776026026,22250.288288288288,2091600
2025-01-10,22161.994140625,22294.436336684514,21919.183447849227,22073.699343251992,3075600
2025-01-13,22426.87890625,22559.321104515257,21919.183812899853,22250.289308562995,4009100
2025-01-14,22515.171875,22713.835156250003,22206.14010416667,22537.24557291667,2289400
2025-01-15,22691.76171875,22846.277605939933,22625.540624240028,22669.688020580008,1736400
2025-01-16,23111.162109375,23221.530600823782,22691.761841869626,22691.761841869626,2570100
2025-01-17,23331.900390625,23398.12148917928,23111.163395444062,23177.384493998346,2917500
2025-01-20,22934.572265625,23486.414716674688,22934.572265625,23420.193622548726,2690200
2025-01-21,22691.76171875,23398.12006018969,22691.76171875,23067.014587639835,2606400
2025-01-22,22890.42578125,23044.941673698166,22625.541394195996,22802.13098556533,2601600
2025-01-23,22471.025390625,22978.720463301204,22471.025390625,22912.499366865177,2287000
2025-01-24,22161.994140625,22691.762924863047,22161.994140625,22603.46812749004,2611600
2025-01-30,21610.150390625,22161.9928418667,21455.634504277325,22161.9928418667,4037500
2025-01-31,21963.33203125,22073.7005339196,21566.00542163945,21588.079122173367,3379800
2025-02-03,22073.69921875,22095.772917968752,21632.225234375,21963.33072265625,2278000
2025-02-04,22073.69921875,22272.36251171875,21698.44633203125,22095.772917968752,2061300
2025-02-05,22206.142578125,22515.174383387177,21941.258173614562,22515.174383387177,3431600
2025-02-06,21566.00390625,22206.141176752815,21367.340615404297,22206.141176752815,3032100
2025-02-07,21897.109375,21897.109375,21146.60361013105,21566.003890498992,2811700
2025-02-10,21301.119140625,21742.593112451425,21190.750647668396,21742.593112451425,3925000
2025-02-11,21566.00390625,21632.225003198568,21256.97212049002,21345.266916421442,2780500
2025-02-12,21963.33203125,22184.069036589197,21455.63691896985,21566.00542163945,2726000
2025-02-13,21632.224609375,21985.40378667092,21411.48762356505,21985.40378667092,2606900
2025-02-14,22117.845703125,22184.066798044536,21543.92954715569,21654.29803868825,1981700
2025-02-17,21897.109375,22117.846364667337,21654.298686365928,22117.846364667337,2133500
2025-02-18,21830.888671875,22316.510057902553,21830.888671875,21897.109769969666,1909700
2025-02-19,22250.2890625,22250.2890625,21875.03617156498,22029.55206783234,3952300
2025-02-20,21852.962890625,22184.068388967804,21742.594391177397,22117.847289299243,3703300
2025-02-21,21698.4453125,22051.62448340539,21654.297916136828,21852.961199771107,2283200
2025-02-24,22073.69921875,22228.21511328125,21676.3726328125,21720.520031250002,1932400
2025-02-25,20749.27734375,21941.257106050532,20616.83514793883,21897.10970744681,7395400
2025-02-26,20660.982421875,21102.4564052484,20374.024332682293,21102.4564052484,4548200
2025-02-27,20683.056640625,21146.604334811902,20418.172243946774,20660.982940901817,7783600
2025-02-28,19733.88671875,20396.097682466443,19446.928634472875,20329.8765860948,9195200
2025-03-03,19800.107421875,20263.655087270068,19336.559756479932,19424.854549888518,6022800
2025-03-04,19579.37109375,19998.771376479708,19513.14999647689,19778.034385569335,3062000
2025-03-05,20903.79296875,21102.45625989968,19579.371027752113,19667.66582381864,6473400
2025-03-06,22007.478515625,22073.699614468405,21036.23573258839,21168.6779302752,7949000
2025-03-07,21234.8984375,22007.47790248181,21058.308845504158,22007.47790248181,4288900
2025-03-10,20881.71875,21279.045322410147,20771.350257663846,21256.971623942918,2002700
2025-03-11,20925.865234375,21190.74960443038,20638.907166815003,20881.71783936577,2667100
2025-03-12,20616.8359375,21014.162540149893,20616.8359375,20925.86773956103,2375900
2025-03-13,20351.951171875,20660.982968411063,20241.582673112123,20616.835568905914,2738400
2025-03-14,20064.9921875,20418.171367918043,19888.402597290977,20396.097669141913,2657100
2025-03-17,20506.466796875,20638.908993625537,20087.066507164964,20087.066507164964,1996100
2025-03-18,19822.181640625,20462.318909642956,19513.149855581847,20462.318909642956,5435500
2025-03-19,19711.8125,19954.623180291153,19513.14921612542,19822.180991041434,4929100
2025-03-20,19976.697265625,20197.434251985498,19866.32877244475,19954.62356698895,2893300
2025-03-21,20197.43359375,20197.43359375,19446.927864583333,19976.696614583336,11578400
2025-03-24,20042.91796875,20087.065365156937,19469.001815459804,20087.065365156937,2517500
2025-03-25,20153.28515625,20307.801033680174,19888.400794941128,20042.916672371302,2182200
2025-03-26,20749.27734375,20837.572140957447,20175.361161901594,20307.803357712764,3551000
2025-03-27,20793.42578125,20947.941684083067,20329.8780727508,20727.20468003583,2953300
2025-04-08,17747.25390625,18541.907066231342,17681.03280958489,18541.907066231342,14254900
2025-04-09,18144.580078125,18630.20144274635,17813.474602246806,17813.474602246806,6180300
2025-04-10,19248.265625,19358.63412055619,18939.23383744266,19248.265625,5663600
2025-04-11,19292.412109375,19402.78059970323,18652.274865471252,19071.675128718536,3308000
2025-04-14,19998.771484375,20109.139980425636,19424.8553049117,19424.8553049117,4202900
2025-04-15,20153.28515625,20396.09582078313,19910.47449171687,20042.916672371302,3996700
2025-04-16,19623.517578125,20219.507425829583,19557.2964839356,20219.507425829583,4093900
2025-04-17,19623.517578125,19866.32825681946,19513.149087809335,19623.517578125,4299600
2025-04-21,20219.5078125,20219.5078125,19755.960144309498,19755.960144309498,2175500
2025-04-22,20329.876953125,20572.687644204667,20087.06626204533,20219.508457179694,4352600
2025-04-23,20351.951171875,20749.27776742137,20329.877472122425,20484.393370390455,4577400
2025-04-24,20351.951171875,20550.614469648186,20219.508973359545,20396.098571380153,5416500
2025-04-25,20396.099609375,20660.984019886364,20351.952207623104,20528.54181463068,8712600
2025-04-28,20219.5078125,20705.129179175765,20219.5078125,20660.98178220524,6636800
2025-04-29,20020.84375,20418.170307331864,19954.62265711136,20241.58072629548,7189600
2025-04-30,20042.91796875,20064.99166695347,19778.033590308372,19866.328383122247,8997100
2025-05-02,20109.138671875,20396.09674293359,20042.91757855379,20042.91757855379,5846200
2025-05-05,20131.2109375,20263.653114720397,20109.1372412966,20131.2109375,5795000
2025-05-06,20197.43359375,20241.580989583334,20042.917708333334,20131.2125,7751200
2025-05-07,20536.40234375,20654.42764457615,20253.14162176724,20300.3517420977,9371400
2025-05-08,20276.748046875,20560.00878792564,20253.14298512078,20536.40372617142,5812200
2025-05-09,20064.30078125,20371.166557904413,19969.88054227941,20371.166557904413,4584300
2025-05-14,20725.2421875,20772.45230637813,20087.905582645217,20087.905582645217,7941400
2025-05-15,20418.376953125,20748.847793984827,20418.376953125,20725.242733923413,4968500
2025-05-16,20678.033203125,20701.63826385916,20418.37753504923,20701.63826385916,3448700
2025-05-19,20866.873046875,20961.293286906108,20607.21738678945,20678.03256681278,2920100
2025-05-20,20536.40234375,21173.738968211208,20489.19222341954,20961.29342672414,4812000
2025-05-21,20583.61328125,20701.638586761757,20418.377853533544,20536.403159045298,4423200
2025-05-22,20654.427734375,20866.873276785715,20536.402433035713,20583.612553571427,3654300
2025-05-23,20725.2421875,20843.26748469533,20678.03206862187,20819.662425256265,1692700
2025-05-26,20512.796875,21008.503128596087,20489.19181530495,20866.872770425776,2773800
2025-05-27,20678.033203125,20748.848385327485,20583.61296018836,20583.61296018836,2323800
2025-05-28,21197.345703125,21197.345703125,20583.614090339644,20701.639400490676,7558800
2025-06-02,20678.033203125,21102.924296339897,20583.61296018836,21102.924296339897,5007400
2025-06-03,20205.931640625,20725.242967837326,20205.931640625,20678.032847181657,5893200
2025-06-04,20205.931640625,20300.35188193633,20064.301278658004,20276.7468216085,5321500
2025-06-05,20229.537109375,20418.377595810238,20205.932048570594,20347.562413397023,2769600
2025-06-10,20276.748046875,20441.98347915454,20205.93286161234,20441.98347915454,3609400
2025-06-11,20418.376953125,20560.007313493497,20111.51117232659,20276.746592756503,3822900
2025-06-12,20418.376953125,20465.587073247832,20253.14153269509,20300.35165281792,3581300
2025-06-13,20748.84765625,20796.057776059442,20394.77175767918,20489.191997298065,3844200
2025-06-16,20866.873046875,21055.713526937216,20748.847746836112,20748.847746836112,5394500
2025-06-17,20630.822265625,20914.082983230834,20630.822265625,20914.082983230834,2988700
2025-06-18,20583.61328125,20843.26895337586,20512.79809794295,20748.848708966456,2434800
2025-06-19,20253.140625,20678.031687062936,20158.720388986014,20583.61145104895,3095700
2025-06-20,20253.140625,20276.745684003497,20087.905211975525,20229.535565996503,7082300
2025-06-23,19733.830078125,20111.511036558015,19733.830078125,20111.511036558015,4743900
2025-06-24,19993.486328125,20087.906570524643,19899.066085725353,19899.066085725353,1890100
2025-06-25,19922.671875,20418.37816572867,19851.856690610188,20418.37816572867,3475000
2025-06-26,19922.671875,19922.671875,19781.04150622038,19922.671875,2992700
2025-06-30,20253.140625,20418.376038024475,20111.510270979023,20253.140625,3917400
2025-07-01,20276.748046875,20300.35310862922,19993.487305824357,20087.90755284124,3875500
2025-07-02,20111.51171875,20418.377507885856,20040.696536641724,20276.74714366931,3927300
2025-07-03,20300.3515625,20347.56168241279,20135.116142805233,20300.3515625,1664100
2025-07-04,20347.560546875,20347.560546875,20182.325136401538,20300.350429596867,1945200
2025-07-07,20253.140625,20347.560861013986,20040.69509396853,20347.560861013986,1941800
2025-07-08,20394.771484375,20394.771484375,20205.931007667823,20253.141126844617,2482100
2025-07-09,20748.84765625,20748.84765625,20394.77175767918,20394.77175767918,2693500
2025-07-10,20961.29296875,21008.503088048987,20630.822133657093,20748.84743190456,4626400
2025-07-11,21150.134765625,21150.134765625,20984.899337768555,21055.714521135604,3363700
2025-07-14,21315.369140625,21338.974200581397,21008.503361191862,21150.133720930233,4771000
2025-07-15,21338.974609375,21338.974609375,21197.344246923396,21338.974609375,2514400
2025-07-16,21315.369140625,21362.57926053779,21126.52866097384,21338.974200581397,2967400
2025-07-17,21338.974609375,21338.974609375,21150.134126106197,21338.974609375,2291500
2025-07-18,21220.94921875,21504.209942470803,21220.94921875,21362.5795806104,2968600
2025-07-21,21669.4453125,21669.4453125,21220.949167687908,21409.78964971405,3346100
2025-07-22,21763.865234375,21858.285474003525,21645.839934839343,21693.050054653606,4614300
2025-07-23,22660.857421875,22660.857421875,21811.075268554687,21881.89044799805,10111100
2025-07-24,22873.3046875,22967.72493388803,22542.833825141897,22802.489502708977,4356300
2025-07-25,22519.228515625,22873.304435681996,22401.203208939336,22873.304435681996,2563800
2025-07-28,22826.09375,22944.11905377456,22613.64820320579,22896.908932264738,3839800
2025-07-29,22802.48828125,22944.11864324534,22637.2528589221,22944.11864324534,2656100
2025-07-30,23014.93359375,23038.538653846153,22802.488052884615,22849.698173076922,3178000
2025-07-31,22802.48828125,23038.53888457557,22590.042738256987,23014.933824243013,4018200
2025-08-01,22684.462890625,22826.093252064904,22472.01734846514,22802.488191824923,2340600
2025-08-04,23132.9609375,23132.9609375,22472.019196428573,22708.069818239797,3634900
2025-08-05,22991.328125,23132.95848305955,22849.69776694045,23132.95848305955,1859600
2025-08-06,22708.068359375,23014.934148015203,22590.043056051847,22991.329087350572,5234100
2025-08-07,22755.27734375,22944.11781963174,22637.25204632391,22731.67228426478,2599600
2025-08-08,22802.48828125,22991.328763910453,22566.43767792443,22755.278160584887,2356800
2025-08-11,22920.513671875,23085.749094844232,22778.883309329944,22849.698490602474,1923100
2025-08-12,22849.69921875,23109.354891690342,22755.27897404442,22920.514402279183,2648300
2025-08-13,22660.857421875,23132.958618164062,22566.43718261719,22849.697900390624,3620200
2025-08-14,22826.09375,22920.51399301965,22755.278567735262,22826.09375,2142100
2025-08-15,22660.857421875,22944.11813964844,22660.857421875,22944.11813964844,1942100
2025-08-19,22353.9921875,22660.857972544876,21952.70616090285,22660.857972544876,3955800
2025-08-20,23038.5390625,23038.5390625,22353.99230756916,22377.597368084018,2607800
2025-08-21,24360.421875,24407.63199491279,22896.90815770349,23109.353697311046,10584600
2025-08-22,24360.421875,24454.842114825584,23982.740915697676,24454.842114825584,4907200
2025-08-25,23817.505859375,24667.288030769945,23817.505859375,24431.237427604683,5207300
2025-08-26,23227.380859375,24218.79345703125,23109.355550130207,24029.952962239582,6672800
2025-08-27,23605.060546875,23817.506091796877,23274.58969921875,23274.58969921875,2370500
2025-08-28,23298.193359375,23817.50466019187,23298.193359375,23652.269246295593,2568100
2025-08-29,23038.5390625,23416.220030737706,22991.32894147029,23227.379546618853,4363900
2025-09-01,23109.353515625,23416.219292645557,22188.75618456333,22660.85737997957,4447100
2025-09-02,24454.841796875,24454.841796875,23274.588814400337,23345.403993348817,5195100
2025-09-03,24171.58203125,24525.65793991089,23841.111183166504,24454.84275817871,5081600
2025-09-04,23935.53125,24549.26282051282,23911.926189595662,24478.447639299804,3176800
2025-09-08,24974.154296875,25493.46563386106,24053.55692676335,24266.002473712193,11781400
2025-09-09,25682.3046875,25965.565400965075,24974.152903837316,24974.152903837316,8888100
2025-09-10,24879.734375,25729.516573766603,24879.734375,25682.306451612905,3134400
2025-09-11,25044.96875,25658.700312205467,24879.73332940622,25658.700312205467,2943000
2025-09-12,24997.759765625,25162.99519372639,24714.499031736897,25162.99519372639,2220400
2025-09-15,24832.5234375,25564.280306855988,24832.5234375,25210.204402328898,3309300
2025-09-16,25210.205078125,25281.020260928723,24761.708920368095,24974.154468779263,2320300
2025-09-17,25493.46484375,25493.46484375,25233.809183304398,25233.809183304398,2792600
2025-09-18,24926.943359375,25493.464799360794,24926.943359375,25493.464799360794,3305400
2025-09-19,25257.416015625,25281.021077321846,24832.524905081777,25139.39070714077,3614500
2025-09-22,25257.416015625,25469.861570896614,25068.575522050232,25446.256509199768,2093900
2025-09-23,25682.3046875,25729.514806410847,25186.598438936122,25351.83385512408,3277000
2025-09-24,25162.99609375,25918.358077802535,25162.99609375,25918.358077802535,2905500
2025-09-25,25186.599609375,25399.0451543463,24950.549003851334,25210.204669927367,2227700
2025-09-26,24879.734375,25328.230535460152,24856.12931392315,25210.205230075902,1811300
2025-09-29,25422.6484375,25635.093967618384,24974.15231836119,25186.597848479574,2710100
2025-09-30,25281.01953125,25776.725796568626,25044.96892871732,25776.725796568626,3295500
2025-10-01,24596.47265625,25304.624460172745,24549.262535988484,25304.624460172745,3451300
2025-10-02,24690.892578125,24856.12799690786,24620.07739864663,24808.917877255615,1119100
2025-10-03,25021.36328125,25375.439176739386,24690.892445459904,24690.892445459904,2096600
2025-10-06,24926.943359375,25044.96865937204,24738.102879379734,25021.36359937263,1812400
2025-10-07,24171.58203125,24832.523727416992,24077.16178894043,24785.313606262207,4114100
2025-10-08,24308.6953125,24356.974747082917,23874.18040125372,24356.974747082917,2331800
2025-10-09,24960.466796875,25081.165379064918,24139.71643798356,24139.71643798356,2619800
2025-10-10,24719.0703125,25008.74691772461,24429.39370727539,24863.908615112305,2095300
2025-10-13,25105.306640625,25226.005230243387,24163.85764160156,24163.85764160156,2941600
2025-10-14,24646.650390625,25322.56244835027,24622.51067427767,25298.42273200294,1736200
2025-10-15,25057.02734375,25105.306779865125,24646.652136771434,24984.608189577313,2045800
2025-10-16,25081.166015625,25201.86460087825,24936.327713321105,25105.30573267565,1187600
2025-10-17,26022.615234375,26264.01240723562,25081.166260218575,25081.166260218575,7298900
2025-10-20,25684.658203125,26070.89366482613,25129.44472692963,26070.89366482613,3474200
2025-10-21,26022.615234375,26046.75495166106,25563.960605939817,25877.776930658627,4098600
2025-10-22,25950.1953125,26191.592478197676,25250.143531976744,25563.95984738372,4310200
2025-10-23,26360.5703125,26432.989461710164,25684.65825320513,25684.65825320513,2807400
2025-10-24,26191.59375,26505.41008064516,26191.59375,26360.571774193548,2606300
2025-10-27,26939.923828125,26964.06354481687,26095.03374390961,26095.03374390961,5861000
2025-10-28,26674.38671875,27036.48246606335,26674.38671875,27012.342749575793,3128400
2025-10-29,26674.38671875,27012.342749575793,26577.827852799775,26674.38671875,2460300
2025-10-30,27012.34375,27012.34375,26457.130250223414,26650.24798927614,2818600
2025-10-31,25974.3359375,27495.138134584107,25853.63735042983,27012.343786303438,12245200
2025-11-03,26336.431640625,26553.689096872135,25853.63729340914,25853.63729340914,4994700
2025-11-04,26264.01171875,26457.129451976103,25877.776252297794,26312.29115205653,6373900
2025-11-05,26070.89453125,26264.012268518516,25732.93849103009,26264.012268518516,4335300
2025-11-06,26432.990234375,26432.990234375,25926.056175085618,25974.335609303653,2596200
2025-11-07,26553.689453125,26626.108606178976,26264.01284090909,26432.990864701704,1718000
2025-11-10,26915.78515625,26988.204309136774,26601.968827073993,26746.807132847534,2620400
2025-11-11,26988.203125,27036.482558139534,26819.225109011626,27012.342841569767,1783100
2025-11-12,27326.16015625,27374.439591155035,26795.086372294612,26915.7849595572,4204400
2025-11-13,27277.880859375,27470.998599972343,27157.182271501657,27326.160294524336,2214000
2025-11-14,27084.763671875,27277.881416416,26939.92536346925,27277.881416416,1727200
2025-11-17,27060.623046875,27277.88050220227,27012.343612357825,27036.48332961641,1640800
2025-11-18,26312.291015625,27229.60024369266,26215.732149512616,27060.622227995987,3085600
2025-11-19,26360.5703125,26481.268894516943,26239.871730483057,26312.290879693224,2083900
2025-11-20,26070.89453125,26601.968308738426,26070.89453125,26408.850571469906,2288100
2025-11-21,26095.03515625,26215.733746241905,25974.336566258095,26070.89543825162,2051500
2025-11-24,26360.5703125,26408.849745306776,25781.21711881868,26070.893715659342,6369800
2025-11-25,26432.990234375,26843.365425228312,26215.732780393835,26843.365425228312,2328200
2025-11-26,26843.365234375,26843.365234375,26384.710612564635,26505.409197251574,2627300
2025-11-27,27374.439453125,27398.5791704558,26722.667085193454,26939.924541170636,3673200
2025-11-28,27036.482421875,27446.857601492746,27036.482421875,27374.43845214844,2742600
2025-12-01,27012.34375,27012.34375,26191.593359025916,26191.593359025916,3000800
2025-12-02,27543.41796875,27712.39599309816,26964.06474241345,26964.06474241345,4451300
2025-12-03,27712.39453125,27808.953397212543,27495.137082834277,27495.137082834277,2378800
2025-12-04,29619.43359375,29619.43359375,27808.95476772616,28002.072509168705,12219400
2025-12-05,29788.41015625,29933.248455226905,29064.218661365478,29764.270439753847,5572500
2025-12-08,28340.02734375,29595.29260940162,28195.18904386712,29595.29260940162,5912500
2025-12-09,28484.8671875,28774.5438029661,27953.793392478812,28484.8671875,6501700
2025-12-10,28967.66015625,28967.66015625,28291.7480859375,28702.123271484375,3015900
2025-12-11,28412.447265625,28774.543025169925,28315.888396413022,28774.543025169925,3297600
2025-12-12,27881.373046875,28726.263139204544,27615.836160714287,28726.263139204544,4647700
2025-12-15,27374.439453125,27808.954365079368,27326.160018463404,27808.954365079368,3238700
2025-12-16,27181.322265625,27470.99887946825,27181.322265625,27374.440008187168,2697300
2025-12-17,27084.763671875,27229.60198028075,26891.645927334,27181.3225441455,5006500
2025-12-18,27977.931640625,27977.931640625,27060.622406506147,27084.762123193486,4630000
2025-12-19,28774.54296875,29088.359293073616,27977.932299313128,28315.88834089241,14764500
2025-12-22,28943.521484375,29450.45555541076,28195.190236655548,28412.44769567087,5642100
2025-12-23,28774.54296875,29209.05787935193,28653.844382471685,28822.822403261325,2561000
2025-12-24,28629.705078125,28967.66112457841,28557.285925313554,28557.285925313554,1669600
2025-12-29,28581.42578125,28774.543523015203,28364.168321764148,28605.565498970653,3747900
2025-12-30,28484.8671875,28774.5438029661,28388.308315677965,28581.426059322035,4433400
2026-01-02,29064.21875,29064.21875,28050.350654069767,28050.350654069767,2932800
2026-01-05,29740.130859375,30126.36632508117,28943.520211356026,28967.659927962664,5271500
2026-01-06,30198.787109375,30198.787109375,29402.176418240408,29740.132469024782,4260000
2026-01-07,30416.04296875,30705.719568452383,30174.64580233135,30198.785518973214,4616800
2026-01-08,30560.8828125,30657.441683945497,30029.809019549764,30029.809019549764,2504900
2026-01-09,30416.04296875,30705.719568452383,30053.947219122027,30053.947219122027,4066400
2026-01-12,30271.205078125,30802.27885142544,29836.69017269737,30536.74196477522,2643600
2026-01-13,30367.763671875,30464.322538876193,30029.807637370828,30271.204804873807,2386400
2026-01-14,30416.04296875,30729.859285094248,30053.947219122027,30367.76353546627,2675500
2026-01-15,29981.529296875,30585.022237633355,29981.529296875,30222.926473178344,2853700
2026-01-19,30416.04296875,30681.57985181052,29667.711752852185,29933.2486359127,3893200
2026-01-20,30874.69921875,30898.83893666927,30029.809091575447,30029.809091575447,5647100
2026-01-21,26264.01171875,27446.85783475988,26264.01171875,26264.01171875,46189400
2026-01-22,26505.41015625,26722.66761654713,25177.72567665642,26288.152695952867,29386100
2026-01-23,26336.431640625,27012.3437267272,26215.733053821037,26795.086270480064,5197700
2026-01-26,26336.431640625,26843.36570520165,26288.152205903414,26553.689096872135,7015600
2026-01-27,24791.490234375,26070.895280550147,23705.202931018746,26070.895280550147,21562000
2026-01-28,24091.4375,24260.415518537073,22956.870804108217,23463.80485971944,20669600
2026-01-29,23560.36328125,24091.43704373719,21846.44341140497,24091.43704373719,13460000
2026-01-30,25153.5859375,25201.865373080615,23898.32061240403,24043.158919145873,14599200
2026-02-02,23608.642578125,25539.81988512909,23246.546833061733,25539.81988512909,8495900
2026-02-03,25274.283203125,25612.23923449439,23632.78247933083,23753.481061962753,8608000
2026-02-04,26891.64453125,27157.181416208485,25636.379256900807,26070.894159560146,13042700
2026-02-05,26457.130859375,26891.645782247946,26215.73368000114,26891.645782247946,5215200
2026-02-06,25491.541015625,26119.173654267284,25322.562997529003,26070.89422052557,5591300
2026-02-09,26070.89453125,26215.732834201386,25684.65905671296,26022.61509693287,4055300
2026-02-10,26529.548828125,26674.387129279457,26215.732508957004,26384.71052697054,5781600
2026-02-11,27470.998046875,27615.836349406854,26505.409363329305,26505.409363329305,7662800
2026-02-12,27760.673828125,29064.21851222826,27760.673828125,28002.070991847824,8902300
2026-02-13,28388.306640625,28460.725790218432,27905.512310002126,28291.747774500425,6423500
2026-02-18,28943.521484375,28943.521484375,27881.373906966746,28484.86684867598,6128700
2026-02-19,29233.197265625,29812.550473201383,28774.542642960365,28943.52066183681,6794600
2026-02-20,29667.712890625,29836.690913598453,29184.918539272276,29233.197974407547,3743400
2026-02-23,29667.712890625,29740.13204332791,29233.197974407547,29667.712890625,4506600
2026-02-24,29740.130859375,29860.82944240818,29257.33652724229,29667.711709555093,5270600
2026-02-25,30416.04296875,30416.04296875,29667.711752852185,29812.550052703373,3953100
2026-02-26,29353.896484375,30416.044054533308,29015.94043932463,30416.044054533308,4379000
2026-02-27,27615.8359375,28943.520357572113,27495.13735385708,28943.520357572113,10181300
2026-03-02,27712.39453125,28436.586025969074,27639.97538177809,27736.534247740634,3834500
2026-03-03,28436.5859375,28943.51998222623,27712.394445033955,27712.394445033955,4095100
2026-03-04,27905.513671875,28967.661251081314,27639.97677707342,28967.661251081314,6998000
2026-03-05,28605.564453125,28726.263037315402,27905.512664820675,28002.071532172995,3964900
2026-03-06,28677.984375,28750.403527462124,28074.491437815657,28581.425505050505,3331200
2026-03-09,28557.28515625,28557.28515625,27664.115628962383,28436.586571481403,4326200
2026-03-10,28750.40234375,29426.3144055678,28677.98319426952,28967.659792191436,4821100
2026-03-11,28002.072265625,29378.036161435884,28002.072265625,29378.036161435884,3405900
2026-03-12,28943.521484375,28943.521484375,28026.212212976963,28364.168260334132,3435000
2026-03-13,28074.490234375,28919.380310216035,28074.490234375,28895.240593763436,2328200
2026-03-16,28460.7265625,28677.984017175575,27591.69674379771,27808.954198473282,2908000
2026-03-17,28967.66015625,29209.05732421875,28702.123271484375,28967.66015625,5571900
2026-03-25,29715.9921875,29836.690774776605,29257.337555848902,29691.85247004468,5282600
2026-03-26,29740.130859375,29812.550009194907,29257.33652724229,29715.991142768366,4291000
2026-03-27,29547.013671875,29788.410842396854,28967.66046262255,29740.131408292484,3464100
2026-03-30,30053.947265625,30367.76358245482,29257.336615210847,29764.2706654744,2942900
2026-03-31,29981.529296875,30126.367602657007,29353.896638486312,30053.948449766005,5621600
2026-04-01,29860.830078125,30705.72017734438,29595.293189798907,29933.24922948666,5616400
2026-04-02,29691.8515625,30416.04306402439,29450.454395325203,29860.82957952236,2966100
2026-04-06,29498.734375,29667.71239515139,29305.61663768412,29547.013809328968,955600
2026-04-07,28967.66015625,29667.711943359373,28726.26298828125,29571.153076171875,1611800
2026-04-08,30029.80859375,30053.94831126909,28677.984412680868,28774.543282757233,2841700
2026-04-09,28991.80078125,29571.15400252394,28581.425582847627,28581.425582847627,3237800
2026-04-10,30222.92578125,30319.4846495607,29015.939927366213,29015.939927366213,5090400
2026-04-13,29812.55078125,30222.925974190282,29764.271346786438,30222.925974190282,1164700
2026-04-14,30222.92578125,30319.4846495607,29547.013703075078,29547.013703075078,3921900
2026-04-15,30391.904296875,30391.904296875,30053.948252271148,30222.926274573074,2887900
2026-04-16,30391.904296875,30778.13977642226,30222.926274573074,30319.48514445989,3008600
2026-04-17,30609.162109375,30947.11815790122,30391.904649608143,30391.904649608143,2600100
2026-04-20,30512.603515625,30681.581541423555,30367.765207797667,30657.441823452333,1659300
2026-04-21,30874.69921875,31116.09639794273,30633.30203955727,30898.83893666927,3372500
2026-04-22,31381.6328125,31429.912247596152,31091.956201923076,31285.073942307692,3460500
2026-04-23,31381.6328125,31695.449140624998,31091.956201923076,31502.331400240382,3299700
2026-04-24,30754.0,31381.632653061224,30560.882260596547,31381.632653061224,2912800
2026-04-27,30675.0,31425.0,30200.0,31425.0,2868500
2026-04-28,30175.0,30750.0,30100.0,30675.0,2181700
2026-04-29,30425.0,30975.0,30100.0,30250.0,1691600
2026-04-30,29050.0,29975.0,28500.0,29975.0,7029800
2026-05-04,29100.0,29400.0,28500.0,29000.0,3439500
2026-05-05,28750.0,29175.0,28750.0,29100.0,2598800
2026-05-06,29350.0,29350.0,28700.0,29000.0,2535000
2026-05-07,29550.0,29575.0,29275.0,29400.0,1826700
2026-05-08,27400.0,29550.0,27400.0,29550.0,4791100
2026-05-11,27175.0,27800.0,27175.0,27575.0,3776000
2026-05-12,27175.0,27400.0,26250.0,27200.0,3876600
2026-05-13,26900.0,27200.0,26600.0,27175.0,2598700
2026-05-14,26900.0,26900.0,26900.0,26900.0,0
2026-05-15,26900.0,26900.0,26900.0,26900.0,0
2026-05-18,26475.0,26900.0,25600.0,26900.0,5329700
2026-05-19,25500.0,26650.0,25400.0,26600.0,3883000
2026-05-20,24850.0,25500.0,24700.0,25500.0,3562100
2026-05-21,24100.0,25275.0,23850.0,24900.0,2919700
2026-05-22,24050.0,24225.0,23500.0,24100.0,5451100
2026-05-25,24575.0,24975.0,24000.0,24075.0,4283500
2026-05-26,23800.0,24650.0,23625.0,24575.0,5015300
2026-05-27,23800.0,23800.0,23800.0,23800.0,0
2026-05-28,23800.0,23800.0,23800.0,23800.0,0
2026-05-29,22925.0,24000.0,22925.0,23200.0,28939600
2026-06-02,22500.0,23000.0,22100.0,22600.0,8257600
2026-06-03,22000.0,22775.0,21725.0,22675.0,7258900
2026-06-04,22000.0,22125.0,21500.0,22025.0,6039600
2026-06-05,21250.0,21825.0,21200.0,21750.0,5219300
2026-06-08,20875.0,21275.0,20425.0,21200.0,5393000
2026-06-09,21875.0,21875.0,20125.0,20875.0,5605400
2026-06-10,22000.0,22325.0,21475.0,21850.0,6375900
2026-06-11,21750.0,22200.0,21200.0,22075.0,4444900
2026-06-12,22500.0,22825.0,21900.0,21900.0,5608900
2026-06-15,22750.0,23300.0,22675.0,22750.0,5603800
2026-06-17,23000.0,23200.0,22775.0,22775.0,2812200
2026-06-18,22800.0,23000.0,22400.0,23000.0,7435400
2026-06-19,22675.0,23175.0,22575.0,22850.0,17466500
2026-06-22,22325.0,22975.0,22325.0,22975.0,5489500
2026-06-23,22500.0,22575.0,22250.0,22350.0,3731800
2026-06-24,22000.0,22800.0,21900.0,22500.0,4021000
2026-06-25,22500.0,22525.0,21875.0,22100.0,6633000
2026-06-26,22600.0,22600.0,21900.0,22525.0,5771900
2026-06-29,22575.0,22725.0,22100.0,22600.0,2991600
2026-06-30,23000.0,23000.0,21975.0,22500.0,5806300
2026-07-01,22025.0,23000.0,22000.0,23000.0,3260800
2026-07-02,22800.0,22800.0,22025.0,22025.0,3250400
2026-07-03,24000.0,24300.0,22800.0,22800.0,4589100
2026-07-06,23800.0,24000.0,23600.0,24000.0,2241800
2026-07-07,24000.0,24050.0,23725.0,23800.0,3165900
2026-07-08,24300.0,24550.0,23825.0,24000.0,3202100
2026-07-09,24050.0,24375.0,23825.0,24300.0,2807200
2026-07-10,24500.0,24600.0,24125.0,24150.0,3530400
2026-07-13,25900.0,25900.0,24575.0,24750.0,5522400
2026-07-14,27500.0,27650.0,25600.0,25900.0,5239300
2026-07-15,27400.0,27550.0,26525.0,26725.0,3349900
2026-07-16,26925.0,27300.0,26900.0,27000.0,5460400
2026-07-17,26550.0,27100.0,26550.0,26950.0,3399300
2026-07-20,26200.0,26750.0,25925.0,26550.0,5489400
2026-07-21,26100.0,26500.0,25975.0,26500.0,4167600
2026-07-22,25550.0,26100.0,25500.0,26100.0,3860800
2026-07-23,25500.0,26175.0,25350.0,25525.0,4396900
2026-07-24,25500.0,25650.0,25250.0,25500.0,3622000
2026-07-27,25400.0,25675.0,25125.0,25400.0,2856500
2026-07-28,25000.0,25500.0,25000.0,25400.0,3292200
2026-07-29,24500.0,25100.0,24500.0,25000.0,4799300
2026-07-30,24250.0,24250.0,23425.0,23975.0,9314000
2026-07-31,23950.0,24100.0,23825.0,24000.0,6777400
2026-08-03,23800.0,24900.0,23700.0,24900.0,4528600
2026-08-04,24000.0,24000.0,23700.0,23800.0,4196500
2026-08-05,23800.0,24000.0,23725.0,23975.0,5001400
2026-08-06,23800.0,24000.0,23625.0,23975.0,3604900
2026-08-07,23675.0,23800.0,23675.0,23800.0,3126900
2026-08-10,24050.0,24450.0,23650.0,23675.0,4484600
2026-08-11,23625.0,24100.0,23625.0,24050.0,3289700
2026-08-12,23300.0,23625.0,23250.0,23625.0,4416100
2026-08-13,23075.0,23575.0,23075.0,23325.0,3430900
2026-08-14,23275.0,23425.0,23075.0,23125.0,2698800
2026-08-18,23325.0,24025.0,23325.0,23500.0,4130500
2026-08-19,23575.0,23900.0,23300.0,23400.0,1940700
2026-08-20,23825.0,23975.0,23650.0,23950.0,5422900
2026-08-21,23900.0,24000.0,23700.0,23875.0,3736300
2026-08-24,24125.0,24275.0,23750.0,23850.0,3088600
2026-08-25,24125.0,24125.0,24125.0,24125.0,0
2026-08-26,23850.0,24300.0,23850.0,24150.0,8561500
2026-08-27,24475.0,24475.0,23850.0,23925.0,1865900
2026-08-28,24000.0,24475.0,24000.0,24475.0,3900400
2026-08-31,24200.0,24350.0,23725.0,24000.0,11778800
2026-09-01,25575.0,26000.0,24150.0,24200.0,7683500
2026-09-02,25050.0,25675.0,24950.0,25600.0,4146100
2026-09-03,25300.0,25875.0,25050.0,25050.0,3627200
2026-09-04,24950.0,25400.0,24950.0,25375.0,3324100
2026-09-07,25300.0,25850.0,25100.0,25175.0,2415300
2026-09-08,25875.0,25975.0,25400.0,25450.0,2465400
2026-09-09,26000.0,26125.0,25475.0,25825.0,5932800
2026-09-10,26375.0,26975.0,26025.0,26025.0,5299700
2026-09-11,26300.0,26550.0,26000.0,26400.0,2728900
2026-09-14,26400.0,26800.0,26250.0,26400.0,3504700
2026-09-15,26100.0,26500.0,26050.0,26400.0,3085100
2026-09-16,26075.0,26400.0,26000.0,26300.0,3413600
2026-09-17,25700.0,26400.0,25700.0,26025.0,3053100
2026-09-18,24825.0,25900.0,24825.0,25750.0,7669800
2026-09-21,24700.0,25200.0,24600.0,25125.0,2826000
2026-09-22,24325.0,25000.0,24325.0,24725.0,4116400
2026-09-23,24400.0,24675.0,24200.0,24375.0,3453900
2026-09-24,24150.0,24825.0,24150.0,24425.0,2400500
2026-09-25,24225.0,24550.0,24150.0,24400.0,2140200
2026-09-28,24375.0,24625.0,24200.0,24200.0,1860000
2026-09-29,24350.0,24600.0,24300.0,24500.0,391300
